S01B00006275696C642F72656C656173652F7A69676265652E73333714
S21400400008100020557D0000E9C40000F3070300F7
S214004010F3070300F1C40000F9C40000F30703002F
S214004020F3070300F3070300F3070300F307030097
S214004030FDC40000844B0400F3070300F3070300ED
S214004040F3070300F3070300F30703006D7800008F
S214004050F3070300F3070300F3070300F307030067
S214004060F3070300F3070300FDC90000F30703008E
S214004070F3070300F3070300F3070300F307030047
S214004080F3070300F3070300F3070300F307030037
S214004090F3070300F3070300F3070300F307030027
S2140040A0F30703001D81000001810000F3070300F1
S2140040B0F3070300F3070300F3070300E51D020000
S2140040C00563030001630300491502001B63030038
S2140040D009630300A51D02000D630300D901020059
S2140040E0251E0200F3070300F3070300F30703008F
S2140040F0F3070300F3070300F3070300F3070300C7
S214004100F3070300F3070300F3070300F3070300B6
S214004110F3070300F3070300F3070300F3070300A6
S214004120F3070300F3070300F3070300F307030096
S208004130F307030089
S214004134F0B5114A114C124E00F00105E3695F0711
S21400414413D40DB9334213D103EA00078F4207D1C3
S2140041540B4A1A40002A14BF6FF001000020F0BD7D
S214004164013AEBD16FF00200F9E74FF0FF30F6E7C3
S2140041746FF00100F3E700BF80969800000003503C
S214004184020001000B4B70B5D96911F480310DD1D2
S21400419401244FF48072084E084DF46020462C64C7
S2140041A41A61FFF7C5FF3464EC6070BD6FF0010060
S2140041B4FBE700BF0000035000100350002003502C
S2140041C438B541F6713301220C4C0021E569E363EE
S2140041D40B4B05F48035DA600223606121202361ED
S2140041E4FFF7A6FF10B92120FFF7A2FF0122054B17
S2140041F4DA600DB10023E36338BD00BF000003504E
S214004204001003500020035070B5134C6061E3693E
S2140042145B071ED40E4656F8043B8D18A361AE42C7
S2140042240BD10423002121202361FFF781FF58B915
S214004234BDE870402120FFF77BBF08210846FFF742
S21400424477FF10B10423236170BD56F8043BA361C5
S214004254E5E74FF0FF30F7E7000003502DE9F84399
S214004264154641F67132164B8946DF69DA63012238
S214004274064603F58053DFF8508007F48037DA608B
S21400428455B9284601220F4BDA601FB10022A3F568
S2140042940053DA63BDE8F88306F5005404EA08041C
S2140042A4A41BAC4228BF2C46494622463046FFF79C
S2140042B4ABFF0028E6D12644A1442D1BE0E700BF4F
S2100042C4000003500020035000E0FFFF45
S2140042D02DE9F04F4FF0FD0BC9B09A460DF11B09C2
S2140042E09DF8503108AFCDF80C90CDF808B0019786
S2140042F0059303890446009383790E4690464188C9
S2140043008288407812F0BAFA054650B10090A38829
S214004310002062883A4912F0F5FD284649B0BDE80B
S214004320F08F99F800002FF03FFB38B12846A3889D
S2140043306288344912F0E6FD8D25EEE75A46394686
S21400434099F800002FF0D8FA8346002851D0529BE7
S2140043501BB1BDF84C3198424BD8002399F8009019
S2140043600793A9F14102012A5FFA8BF123D8384658
S2140043700139254ADFF898C05FFA81FE734513DBE2
S214004380059B04210792C3B907AF18221F489FED6B
S2140043901A7B02FB060420460A460830394684ED9E
S2140043A0027B17F0D7FA11E010F8011F01335140D5
S2140043B00CFB01F2E2E7059B33B123464A4638463A
S2140043C0009610F0DDF9A8E70829DED9B8F1000F4D
S2140043D001D088F80090BAF1000F01D0AAF800B01A
S2140043E0529B002B99D05A46184608A917F0B2FAE5
S2140043F093E7012591E700BF0000000000000000E1
S21400440059F403008EF40300C59D1C818010002023
S21400441093010001000000002DE9F04F93B0CDE9B4
S2140044200A32DDE91C530E9353EC102BCDE908013C
S214004430104619468DED060B1E9E16F015FD80B132
S214004440DDE906014FF0FF32C54B16F035FD40B9E9
S214004450DDE906014FF0FF326FF4801316F00EFD13
S21400446070B1DDE908019DED060B0E9B1E96CDE9A9
S2140044701C53DDE90A3213B0BDE8F04F00F088B9EE
S2140044800022DDE90601002316F0F8FC002800F003
S2140044903381DDE906A303F1004BCBF30A5016F493
S2140044A08063A0F2FF3008BF06250F9316F00AFAC5
S2140044B09BA3D3E9002316F06FFA9BA3D3E900234E
S2140044C016F0B4F8CBF31304894644F07F518046C7
S2140044D00022A44B504641F4401116F0A5F894A3D0
S2140044E0D3E9002316F058FA02460B4640464946E2
S2140044F016F09CF816F0EAFC044616F0E3F98EA3D4
S214004500D3E900238046894616F046FA0022964BE9
S21400451016F08CF816F0DAFC89A3D3E900230746D8
S2140045204946404616F038FA80463846894616F020
S214004530C9F985A3D3E9002316F02EFA02460B46E6
S2140045404046494616F070F802460B46CDE90C2365
S21400455016F022FADDE90C238046894610461946F5
S21400456016F064F80022CDE91001804B404649461B
S21400457016F03CFB00227E4B16F058F802460B461F
S2140045804046494616F032FB00227A4B16F04EF8AB
S21400459002460B464046494616F028FBDDE90C234A
S2140045A08046894600204FF0804116F03DF80246CE
S2140045B00B464046494616F039F802460B46DDE9FA
S2140045C0100116F013FB07F2FF3700226A4B16F0B5
S2140045D02DF800223B0516F0DFF952465B46804672
S2140045E0894616F069FC002840F08980CDE90C89E0
S2140045F004F16303C62B8CBF0527042731051BD5A2
S21400460053A3D3E900235046594616F04BFC002826
S2140046107FD051A3D3E900235046594616F02EFC0E
S214004620002876D00027A542C6BF2C1B04F1FF3514
S21400463000253C4646F480660E9B9F422CBF4FF0FA
S2140046400008A3EB070816F0020903D0002F18BFD6
S2140046504FF000083CB1DDE90C235046594616F0F1
S214004660C5FA82468B46DDE906010022002316F0D5
S21400467005FC10B10BF100439B46DDE9080126F46A
S2140046800063CDE90183DDE90A324BEC10AB0095FF
S21400469000F07EF802465FB3DDE9091316F0200F3E
S2140046A000F10105089E0CBF65204520B047DDE9F6
S2140046B008010523002205930A23002CCDE90232C7
S2140046C007F1FF374FEAD473B8BF64422A46019316
S2140046D004970A9B009430F083FF0246B9F1000F5E
S2140046E006D00B9BC41A0B9B1A190E9BA34245D8E7
S2140046F0104613B0BDE8F08FDDE906ABCDE600222C
S214004700404649461A4B16F071FA013CCDE90C01B9
S2140047106EE7002D90D00F9B002B8DD0013D8BE7D0
S214004720FB799F501344D33FB3C8608B288AC63F9B
S21400473061436F63A787D23F71A379094F930A40FD
S2140047401655B5BBB16B0240EF39FAFE422EE63F76
S2140047502D431CEBE2361A3F0000000080842E41F9
S214004760FFFFEF7F0000F83F0000E03F00002C4016
S21400477000002440000018400000F03F2020DDE943
S2140047800913089DA8470134ADE700BF00000000EC
S2140047902DE9F04F5BEC10AB97B0CDE90501DDE9F4
S2140047A02058CDE90723504652465B465946229F7D
S2140047B016F05AFB70B90323CDE902870193AA4B82
S2140047C00093DDE90501DDE9072330F03BFE17B075
S2140047D0BDE8F08F4FF0FF326FF480135046594615
S2140047E016F04CFB28B10423CDE9028701939F4BBA
S2140047F0E6E74FF0FF32504659469D4B16F05CFBFD
S21400480068B19C4A07F00403002B08BF03229A4BAA
S2140048101CBF13460422CDE902870192D0E750461A
S2140048208DA3D3E90023594616F046FB38B98CA36E
S214004830D3E900235046594616F020FB68B1DDE95F
S2140048400723DDE905014BEC10ABCDE92187209568
S21400485017B0BDE8F04FFFF7DFBD0022002350463B
S214004860594616F00BFB002800F091805B46524636
S2140048700020002115F0D8FE012382468B460993BE
S21400488017F4806400F08580092D40F285800024AE
S21400489030210EABA5F109020134202C03F8011BD0
S2140048A0A5EB040901D09442F6D15946504616F0BD
S2140048B00DFB724B054603EBC90393ED007B8DEDB4
S2140048C00A7B15F0FFFF02460B465046594615F088
S2140048D0ABFEDDE90A2316F05FF802460B46CDE98B
S2140048E00C2316F01BFB064615F0DCFF02460B46B3
S2140048F0DDE90C0115F098FE02460B46CDE90C23C7
S21400490000225F4B16F0D8FA002848D00136304611
S21400491015F0C8FF02460B46DDE90A0116F0B8FAA4
S21400492008B100260135B9F1000F45D1284615F02B
S214004930C9FF02460B465046594615F075FE002242
S2140049404F4B16F09BFA10B9E90700D501350A213E
S2140049500EAB1A19202C0AD095FBF1F001FB10556E
S214004960303502F8015B013405460028F2D107F025
S2140049700302012A55D1B8F1000F52D0099A12B994
S21400498017F00C0F01D008F1FF38302240E00990F4
S21400499076E74FF0060988E7A946002485E7002257
S2140049A0DDE90C01364B16F069FA0028BBD10EB1D2
S2140049B0F007B8D50136B6E70A210EAB1A19202C37
S2140049C00DD0B6FBF1F001FB1063092E03F13003A6
S2140049D009F1FF3904F1010402F8013B11D8302136
S2140049E0A1440EAA202CB2D04C4504F101030AD1F2
S2140049F004F158020DEB02042E2204F8202C1C466B
S214004A00A5E70646DBE7A1541C46EBE71A5501343A
S214004A10444506D2202CF9D1CDE9028701940EAB8D
S214004A20CEE6202CF8D0099B3BB12D2204F158038A
S214004A306B4403F8202C0134EEE77A0704D504F122
S214004A4058032B226B44F4E73B07E5D504F15803E3
S214004A5020226B44EDE700BF0000000065CDCD418D
S214004A600000000065CDCDC17C110400801104005B
S214004A70FFFFEF7F7311040078110400B85A04009A
S214004A800000E03F0000000070B58EB02C22002130
S214004A9003A816F0CFFD64234FF002320893CDE949
S214004AA005230B2301218DF834305B4B8DF8101055
S214004AB01D880D4040F0A980084634F0EDFD0A221E
S214004AC0564B574C1A704FF42873ADF812304FF00F
S214004AD0FF332360534B54491B8820460B82534BAD
S214004AE0534A1B68CD828B61524B0D621B884B82EA
S214004AF0514B1B68CB611DF00BFA20B14FF41B71B4
S214004B004E4835F064FE0521206830F05CFF20B189
S214004B1040F27D21494835F05AFE206815F040FDE8
S214004B20474B2068196831F011F80C2535F01CFA4F
S214004B306843099035F018FA68430DEB05010790B5
S214004B40206817F039FC20B140F295213B4835F03B
S214004B503EFE25681FF014FC00220146284631F070
S214004B606DF820B140F29721344835F030FE40F21F
S214004B700353344D344E2B80052396F90000AB705A
S214004B807F2801D11DF0BAFA3378EB7035F0ECF9D6
S214004B9000EB80008000A88035F0E6F90023C00016
S214004BA04FF0FF31E880AB604FF0FF3018A3D3E939
S214004BB0002334F0C3FE2549206830F0F8FF206853
S214004BC002A931F014FC20B14FF434711B4835F0C3
S214004BD0FEFD042220680DEB020130F08CFF042855
S214004BE004D040F2D721154835F0F1FD01A9012087
S214004BF030F08DFB07F0BCFC01201DF003FF2CF00D
S214004C00F0FB1DF029FF1DF011FA0EB070BD00BFBD
S214004C100A0020FF42030000E65A0020136200202C
S214004C201455002066740400C46800206C740400E8
S214004C30C19603006474040068740400454A0400C6
S214004C400C660020085500209A6B0020359703005C
S214004C500348044B834202D0034B03B11847704706
S214004C60C86B0020C86B002000000000064B0749F8
S214004C70C91A891048BF0131491003D0044B0BB143
S214004C8001481847704700BFC86B0020C86B00205B
S214004C900000000010B5064C237843B9FFF7D8FF94
S214004CA0044B13B10448AFF300800123237010BDFA
S214004CB0B015002000000000EC97040008B5044B77
S214004CC01BB104490448AFF30080BDE80840CDE7B7
S214004CD000000000B4150020EC970400A3F5803A0D
S214004CE0704700BF154B002B08BF114B9D46FFF7C2
S214004CF0F5FF00218B460F461148124A121A16F08D
S214004D0099FC0C4B002B00D098470B4B002B00D087
S214004D1098470020002104000D000B4816F0D0FF35
S214004D2016F060FC200029002BF030FA16F0B6FFD3
S214004D30000008000000000000000000081000202E
S214004D40081000206862002029BD010007B5012177
S214004D5020200DF1070201F039F858B10223012195
S214004D6020200DF107028DF8073001F03FF803B060
S214004D705DF804FB9DF807100229F8D002220948C6
S214004D8015F046FB022301210DF1070220208DF8C5
S214004D90073001F02BF82BF053F94FF4FA6000F0CF
S214004DA05FFEE4E708AC030038B501F0E3FF01F06E
S214004DB0ABF9012805D001F0A7F9022801D001F0CF
S214004DC0C9F9064D2B783BB901F09EF90128044637
S214004DD002D12BF0BEF92C7038BD00BFC45B00209A
S214004DE010B5044600882BF0FFF8A37884F844003A
S214004DF0834202BF0123E3702371074B04F11C00BA
S214004E00C4E9073401F038F8224620880349BDE893
S214004E10104000F075BF00BF7FFD020049FD020094
S214004E2070B5C37804460D461646002B34D1D1B172
S214004E30214815F0EDFA0123E370E36CA6600BB190
S214004E40E06D9847E368F61A63699E4221D2217E98
S214004E501A480131C9B2217615F0DAFAA36D13B1FA
S214004E60217EE06D9847E5702BF0FDF815B32379A9
S214004E7003BBA268238A801A83421BD801231048EA
S214004E80237115F0C5FA236DA3B1E06DBDE870403F
S214004E90184701232376E6E70029E4D1094815F0F0
S214004EA0B7FA636DE660E5702571002BDBD0E06D28
S214004EB09847D8E770BD00BF30AC030041AC030094
S214004EC06FAC03005CAC030070B51E4683880446D6
S214004ED00D46C18002810BB1868070BD8178008846
S214004EE02AF06EFF0123E370064BA680C4E9033464
S214004EF00C34204600F0C0FF29462046BDE870402E
S214004F002BF0A8B8CBFD020010B501790446B1FA23
S214004F1081F1008849092AF0CAFF21796088B1FA30
S214004F2081F149092AF0C3FF034B1A68A24204BF65
S214004F3000221A6010BD00BFCC15002070B5437962
S214004F400446A3B100880E4E04F10805336813B179
S214004F500C4B1B786BB121792AF0A9FF64210A4B10
S214004F603460A3602846BDE870402BF073B84088D4
S214004F70E9E7064815F04CFA054B3221A360F1E745
S214004F80CC150020C55B0020094F000085AC03004F
S214004F903D4F000010B50446E0B10F4815F038FA52
S214004FA001236371A37953B9217920882AF07FFF02
S214004FB0236B7BB1606B0121BDE81040184720468B
S214004FC0FFF7A2FF04F108002BF049F82046FFF790
S214004FD0B5FFEDE710BD00BFBBAC030010B504463F
S214004FE0F8B1104815F014FA00236371A3796BB971
S214004FF021792088B1FA81F149092AF058FF236BFC
S2140050007BB1606B0021BDE8104018472046FFF7D3
S2140050107BFF04F108002BF022F82046FFF78EFFF6
S214005020EDE710BDC6AC030010B5044668B10748EE
S21400503015F0EEF9637920461BB1BDE81040FFF786
S214005040CDBFBDE81040FFF7A5BF10BDD2AC030032
S21400505010B50E4C0E48214615F0DAF982210D489F
S21400506015F0D6F982210220A21E00F0BFFE0146EE
S21400507030B134F8022C0848BDE8104015F0C8B925
S2140050800648BDE8104015F0C3B900BF5A560020C8
S214005090E1AC0300FCAC030007AD03004BAD03001E
S2140050A038B5114C82212246022000F08FFEA51C46
S2140050B0014688B122880D4815F0AAF92A460C4BFD
S2140050C003F1240153F8040B8B4242F8040BF9D188
S2140050D01B7813702423238035F8021C054A0648E3
S2140050E0BDE8384015F094B95856002056AD030078
S2140050F0D6AD03005A560020B4AD0300034B1B7810
S2140051001BB18B4201D82AF09BBF7047406B002032
S21400511010B5044601460E4815F07AF9012C11D157
S2140051200C4B0D481A884FF6FF739A421EBF00229A
S214005130094B5A742AF0A1FE01F072FFBDE8104038
S21400514001F044BE0448BDE810402AF098BE00BFF7
S214005150FBAD0300F46A00209865002070B50024BB
S2140051601A4D1B4E3378A3421BDC0024194D1A4EF1
S2140051703378A3421BDC0024184D194E3378A34223
S2140051801BDC00F0C1FF012816481CD12AF075FE72
S21400519001F046FF01F01AFEBDE87040124800F02C
S2140051A0D3BF2846FFF71CFE01346035DAE72846F1
S2140051B02AF049FE01343435DAE728462AF07CFE28
S2140051C001343835DAE72AF05AFEE5E7682200208F
S2140051D0CB5B002088260020CC5B002038200020F7
S2140051E0CA5B002098650020115100002DE9F04FA1
S2140051F087B0FFF755FFB94B05A805932AF080FE48
S214005200054616F013F9B64CC2B21F2A627004D9CE
S214005210B44815F0FDF800F017FC2946A01C16F05F
S21400522099FB05A82AF06CFE054616F0FFF8C2B2F8
S2140052301F2A84F8212001D9AB48EAE7294604F161
S214005240220016F087FB05A82AF05AFE32260446EE
S21400525000272578002D40F09F80A44CFFF77EFFA6
S2140052602378DFF8C8A2DFF8C882A14F00939AF827
S214005270003098F8002039789E4815F0C9F83A783A
S21400528098F800109AF8000053180344DFF894B218
S21400529020782C4603445846DBB2AA4200F3E68246
S2140052A0012B38BF0123944E029332460023354625
S2140052B04FF482714FF6FF740298013398421370D0
S2140052C05180948002F10C02F6DC8C4B8A498448AB
S2140052D0AB6000F0EFFFE879AB68DFF8449200EBD4
S2140052E0400003EB800000F0BBFDEB79B9F800202E
S2140052F00133A242EB7103D07F49814801F0DCF80C
S2140053004FF6FF73B9F800207B49D21A18BF012266
S2140053107C4801F09BFC4FF00009784C3A784A45EF
S21400532000F3CC8200264FF00C09774ADFF8C8B1AC
S21400533098F800003978B04200F3D48246180C2161
S214005340002501FB06B19AF800009423A8426F4A94
S21400535000F3E6820C253E7898F8003000274FF0E0
S21400536070081E44064405FB06B5DFF8C8A15F4B6F
S2140053701B78BB4200F3E78202995F4800F0FEFD0F
S214005380059B56491A468B4240F0F082604807B0AB
S214005390BDE8F04F15F03CB8532D0FD163784C2B79
S2140053A040F04881A378502B40F044810122594BAD
S2140053B01A7005A82AF0A4FD04464AE7442D13D126
S2140053C06378303B092BF4D8601C2AF0A6FD524BBC
S2140053D0524A1978002386B2994202F16002E8DD4B
S2140053E022F8466C0133F7E7422D0BD16378542B35
S2140053F054D1A01C00F0D2FC494B188018462AF065
S21400540080FCD6E7582D33D8412DD2D9433D152DF3
S214005410CFD801A353F825F0DB570000B3530000A4
S214005420B3530000B3530000B3530000B35300005F
S21400543087550000B3530000B353000039550000F1
S21400544083540000B3530000B3530000B35300006E
S214005450B3530000BD56000035560000B35300009D
S214005460B3530000B3530000B3530000335700009B
S214005470692D9ED1601C2AF050FD80B22AF0DCFD1A
S21400548097E71B4B012019780023264A994202F120
S214005490E4028EDD02F8E20C0133F7E7601C00F050
S2140054A07DFC0546E01C2AF0B0FD01210246284698
S2140054B02AF067FD60211848184C03785943621893
S2140054C065524FF4FA6111824FF4487151611649E2
S2140054D056831165013303706BE700BF5A560020F0
S2140054E0AC6400201AAE030031AE0300C65B002099
S2140054F0C95B002041AE030098160020101700205C
S21400550048160020D01500209C1B0020E019002023
S21400551091AE0300C55B0020CB5B00206822002014
S214005520F46A00209C1C0020EBFE0200C75B0020F3
S214005530C85B002090180020601C00F02FFC0022A2
S2140055404FF034088146CD4F11462AF01AFD3878C0
S214005550CB4D08FB00F325F80390EA18E3781046D5
S214005560693B18BF012393702AF06DFC0021C54AE1
S2140055703B785160012103FB08550B443B701560D6
S2140055800F46117415E7601C00F008FC0022114657
S21400559081462AF0F6FC3422B84DDFF8E4822878FB
S2140055A002FB00F328F8039008EB0301E3780846B3
S2140055B0693B18BF01238B702AF045FCB24A0023D2
S2140055C01046916B31BB00EB831034232A7802FB24
S2140055D003838363AD4A00231046D2F8B410F9B9AA
S2140055E0E42202FB030034232A7802FB0383C0F87C
S2140055F0B4305FB9A34A3B46114652F8040BA8B92B
S2140056003422287800FB028241F823202B780133CD
S2140056102B70CEE60133042B02F14002D1D1D9E73C
S2140056200133042B02F1E402D7D1E2E70133042B65
S214005630E3D1EBE7601C00F0B1FB8046E01C2AF0EB
S214005640E4FC0121024640462AF09BFC602290487A
S214005650904D0178DFF858C24A43AB1825F802800F
S2140056604FF448721A825A618B4A5E839A65E278D2
S214005670E424642A04BF01229A709CF80030DFF804
S2140056800CE25C430EEB04020EF804304FF4007498
S214005690548003241471947101EB410405EB441506
S2140056A0322482F8B04000240133DBB2013153715A
S2140056B0D560148101708CF800307AE6601C00F02A
S2140056C06DFB00224FF0380A8146DFF8DC81114678
S2140056D02AF057FC98F80030704D0AFB03F325F8C3
S2140056E003904FF00109EA1882F80490E37873B14A
S2140056F0E01C00F053FB0022044611462AF041FC51
S21400570098F800300AFB03535C8083F806906448E0
S2140057105D4A03789901535498F8001002EB8314FD
S214005720C1EBC10205EBC2054A1C656388F8002080
S214005730D0E6601C00F032FB8046E01C00F02EFB3A
S2140057400546601D2AF061FC0446024601214046DB
S2140057502AF017FC2246284601212AF012FC602077
S2140057604FF4487CDFF828E14A4A9EF8003000FBF8
S21400577003F422F80480DFF820811119A1F810C084
S214005780C1F814C04E83C1F85880591CC9B24843AA
S2140057901418A4F810C0C4F814C06683C4F858805F
S2140057A0942415523F4D981C8EF800002878DFF898
S2140057B004C1444303EB430301EB41010CEB040E2D
S2140057C002EB431302EB41120CF80400CEF804304F
S2140057D0CEF8082001302870EBE5601C00F0DEFAF9
S2140057E08046E01C00F0DAFA0022054611464046E4
S2140057F02AF0C7FB00223824114628462AF0C1FBAF
S2140058002948264A03784FF0000E04FB03FC22F8D2
S2140058100C804FF0010802EB0C0181F806E081F8DD
S214005820048003EB0801C9B24C4302EB040C155389
S2140058309C1C047070241D4D8CF806E028788CF8AB
S21400584004804443DFF870C0C3EBC303C1EBC1015F
S2140058500CEB040E02EBC30302EBC1020CF80400CF
S214005860CEF80430CEF808204044B4E74679013537
S2140058708E4284BF04714471E4300EE5CC5B002098
S21400588088260020986500209C1B00209C1C002079
S214005890CB5B002068220020FD500000382000204E
S2140058A0C85B0020C75B0020CA5B0020C65B0020E8
S2140058B0C95B0020E019002090180020B9F1000F05
S2140058C006D016F8052C02EB420204EB8204B46004
S2140058D03146584601F0AAFD09F101090BF1E40B27
S2140058E00C361BE571180AD0481E09FB00B0C079BB
S2140058F000EB400004EB800409FB01B08460104616
S21400590009FB0151039201F01DFB39781C48314414
S21400591009FB015101F084F8039A0136403207E58D
S214005920F54218BF11F8050C03911EBF00EB4000AE
S21400593004EB80048C6003FB052000F081FF0399D4
S21400594001350C31FFE4F74218BF15F8053C29462F
S2140059501CBF03EB430304EB830408FB07A018BF3C
S214005960AC6000F043FE01370C3500E513F8011D6E
S21400597000297FF406AD3B2102F8011C01E500BFBB
S2140059802C20002007B5012121200DF1070200F090
S2140059901DFA18B99DF80720024B1A7003B05DF87F
S2140059A004FB00BF406B002007B5064B8DF80700D0
S2140059B0187001210DF10702212000F017FA03B03C
S2140059C05DF804FB406B002007B5022101200DF1B5
S2140059D0060200F0FBF938B9044814F019FDBDF8CA
S2140059E0060003B05DF804FB0020FAE7AEAE030045
S2140059F007B50221ADF806000DF10602012000F001
S214005A00F5F9014610B1034814F002FD03B05DF845
S214005A1004FB00BFCFAE030010B5FFF7D5FF04466A
S214005A200146074814F0F4FC0121064814F0F0FC87
S214005A3024B9BDE810400120FFF7DABF10BD00BF53
S214005A40FFAE030011AF030008B5044814F0E0FCF5
S214005A5000F0DCF92AF0F4FA2AF0EFFA27AF030098
S214005A6038B50446084D094B28462B6000F004FA6A
S214005A70002C18BF21462846BDE8384008BF4FF422
S214005A8096712AF0E7BA00BF8C27002039FF020083
S214005A902DE9F043384D91B008AC0746894690464C
S214005AA00FCD0FC495E80F00002684E80F000125EF
S214005AB00323324C3248CDE90366CDE905668DF8FE
S214005AC00E300796029534F02BFE2E4834F028FE52
S214005AD032462D4920468DF8176004F0E5FD334622
S214005AE032462A498DF81900009020468DF82390FA
S214005AF0CDF82C808DF8216004F0F0FD0A90204649
S214005B008DF8097004F052FD204608AA05A904F095
S214005B100BFE02AA204603A92BF0BFFB4FF400722F
S214005B201B4B5A62194BE560626A920510D46BB93A
S214005B304FF40072164B11485A6204F037FD1148B4
S214005B4034F0F1FD002011B0BDE8F083013BEBE737
S214005B50002BEDD0094908A82BF0D2FB4FF40072B9
S214005B600B4B06485A6204F021FD064834F0DBFD74
S214005B70BDF82000E7E700BF3C4B04000040005A99
S214005B80E44D0400E04D040080841E0040420F00F7
S214005B900060005A0122034B1870034B1980034B18
S214005BA01A707047CE5B0020FC6A0020CD5B002098
S214005BB0F8B5454B1B780BB90020F8BD434B1B7856
S214005BC0012B03D1BDE8F8402AF0B9B9404B1C8838
S214005BD04FF6FF739C42EFD03E4834F0A1FD002301
S214005BE0260AE4B21A462146304604F09FFC012EEF
S214005BF0354604F0010335D015D9B51E012DDBD886
S214005C00002B0BBF4FF480754FF080754FF470611A
S214005C104FF070610BBF01274FF480370F204FF411
S214005C2070202D4B11E0002B0BBF4FF480754FF00A
S214005C3080754FF470614FF070610BBF01274FF411
S214005C4080370F204FF47020244B1A6802401CD077
S214005C50BA421AD01A680A4032D11A6822EA0102F9
S214005C602A4316E0002B0BBF4FF480754FF080756B
S214005C704FF470614FF070610BBF01274FF480370F
S214005C800F204FF47020164BDFE71A6822EA000256
S214005C903A431A602AF053F9054600288CD0083695
S214005CA044EA06102A460321C0B2FFF7F1FE40F68A
S214005CB0FF73684300F2FF70B0FBF3F080B27CE73E
S214005CC095427FF479AFC8E7CD5B0020CE5B00201D
S214005CD0FC6A0020E44D040028C3035020C3035090
S214005CE024C3035010B5044C237823B9034834F07A
S214005CF017FD0123237010BDD05B0020E44D040087
S214005D002DE9F0431F4C85B0074688469146FFF7BD
S214005D10E9FF23781BB902F0B9F8012323707BBA98
S214005D20ADF80C3030220023174E02FB03F4315D31
S214005D30A51901BB012333554FF0FF3304F11000C2
S214005D4012493044AB606F80C5F80480C5F80C90EB
S214005D5009F02EFB04F10801042231440C4B009597
S214005D6003A802F069F9A96802460A4814F050FB35
S214005D7005B0BDE8F0830133102BD6D1064814F0E9
S214005D8047FBF5E7CF5B0020B427002063FF020047
S214005D9075FF020034AF030062AF030080B10278E3
S214005DA0A2F14103032B0BD840783038C0B2082844
S214005DB006D8054B134413F8413C40EA03207047CD
S214005DC04FF6FF70704700BF5C4B040008B50B46EB
S214005DD042B101460448006803F072FABDE8084084
S214005DE02AF024B9022008BD0466002008B50B4638
S214005DF042B101460448006803F0EAFBBDE80840EB
S214005E002AF014B9022008BD04660020F0B500266A
S214005E10124F8DB0FF2300930A223346386802A93A
S214005E202AF0F8FFC0B102AB1D4603EB800404E085
S214005E3055F8043BB34228BF5E1CAC423868E9D92B
S214005E40296803F04BFD0028F2D02D28F0D00DB0C5
S214005E50BDE8F0402AF0EAB80DB0F0BD04660020B8
S214005E6028B1034B0360034B4360002383607047F5
S214005E7019000003AC650020FF2307B50021044A83
S214005E800093083009F018FA03B05DF804FB00BF71
S214005E904F0003000B460449024608680349097888
S214005EA008B12AF0FBB87047C02A0020D25B002059
S214005EB0F7B50C4618B12921194834F088FC246837
S214005EC023685E795F8830463946FFF7E3FFF0B116
S214005ED08568E5B1A089227D3946904291BF0020B1
S214005EE0801AA36880B294BF03469B18E27C009099
S214005EF03046A8470138032803D8DFE800F0080F2B
S214005F000B0D002420462EF0B7FA204600E0812034
S214005F1003B0F0BD8024F5E79324F3E78724F1E788
S214005F208AAF0300F8B515460D4A044610680D4AB8
S214005F300B46117850B122462AF0B0F8034628B135
S214005F4000210C27C678B14201DB0020F8BD07FB14
S214005F5001F45A681019125BAA42F7D00131F2E731
S214005F60C02A0020D25B002008B5034B1B6803B193
S214005F709847002008BD00BFBC2A00202DE9F74F37
S214005F8004460D460026454B454F1860454B197094
S214005F9033010021F85C013610F05EFA0C2EF7D1C2
S214005FA00C2D28BF0C254FF0000901953C4EDFF85C
S214005FB000A13D4DDFF8FC80019B4B4502DC03B0A1
S214005FC0BDE8F08F23784FF0000B33706388738042
S214005FD0A388B380A379C6F80880B371E379C8F8BC
S214005FE0005088F804304FF00003A768A8F8063081
S214005FF0E3795B450ADC012116F8100B10F02CFA49
S21400600008F1080809F101090C34D5E74FF0000340
S21400601038886B812880FB784FF0000C2B81BA788B
S214006020C5F804A0002A00920CBF802240222A73E2
S21400603079680AF10C02634513DC03EB43030AEBB1
S214006040830ABB6843B1009A4FF6FF71B2FA82F238
S214006050164B52092EF0A0F914350BF1010B0C3734
S214006060C6E7B1F800E00CF1010C22F80CEC91F850
S21400607002E00C3202F816EC91F804E00C3102F85B
S21400608015EC11F809ECBEF1010F14BF4FF0100E1D
S2140060904FF0110E02F814ECCDE700BFC02A002026
S2140060A0F8410020D25B0020C4300020B15E000022
S2140060B0C42A002044330020014B1860704700BFFC
S2140060C0B82A0020014B1860704700BFBC2A002089
S2140060D070B5128805460E46FFF724FF044670B1D9
S2140060E002790499806815F0F7FA064B1B680BB91D
S2140060F0002070BD3146284622889847F8E786205B
S214006100F7E700BFB82A002008B50FF041FA0228CA
S21400611006D0012806D0044B18784000C0B208BD4F
S2140061200120FCE70220FAE7D15B0020054B10B502
S2140061301C682CB1FFF7E8FF2346BDE8104018475F
S21400614010BD00BFB42A0020014B1860704700BF86
S214006150B42A0020034B1A781AB901221A700BF0E1
S21400616077BA7047D15B00200022024B1A70FFF707
S214006170DDBF00BFD15B002037B50446002832D013
S2140061800FF006FA022830D160892EF0D7FCE079AD
S214006190237A003818BF0120012B637A08BF40F02D
S2140061A008000BB140F0100063890BB140F004000A
S2140061B0257CA188A2790DB1E36873B90C4B10F069
S2140061C027FD2178084610F09FFD2DF0E0FF0028FF
S2140061D014BF0320002003B030BDCDE90035054BC9
S2140061E010F016FDEDE70220F5E70120F3E700BF0B
S2140061F0A60004006FD0030008B50DF087FB01462B
S21400620030B1044814F004F9BDE808400DF022BF90
S21400621008BD00BFFCAF0300034B044A5B7C0121B2
S21400622003201370FFF7E2BD98650020D35B0020C3
S21400623010B50446FFF7F0FFB4F57F4F0BD10024EE
S2140062400F4B1A8813449C70FEF702FF2046BDE8E9
S2140062501040FFF705BC4FF601739C4204D1BDE821
S2140062601040084829F0F1BD4FF602739C4205D154
S214006270BDE81040044B1878FFF796BB10BD00BF72
S2140062805856002098650020406B002010B5074C3B
S214006290012122460320FFF799FD28B92378044AF6
S2140062A0003B18BF0123537410BD00BFD35B002012
S2140062B098650020F8B5564B564C1A884FF6FF7373
S2140062C09A4218BF03234FF0080218BF2370524BA0
S2140062D030251A7032225A70DA70DA7135229D70C3
S2140062E05D7137251A724FF400129D714B4D36269C
S2140062F0C5644B4D426405654A4D012285654A4D8D
S2140063001E71C565494D86184566494DC667856642
S214006310484D494E0567494D80F848204567202579
S21400632080F8785080F8845000F12105C0F8885035
S214006330434D80F85420C0F88C5080F8602080F8D8
S2140063406C20C0F8806080F89020C0F89440C0F8B8
S214006350B8303C4B3C4CC0F8BC300223C0F89840E8
S2140063603A4C80F8C030C0F8A4400F24384B80F870
S214006370A840C0F8C430374B374CC0F8C83082232A
S214006380C0F8AC40354C80F8CC30C0F8B04009249A
S214006390334B344DC0F8D030334B80F8B440C0F89F
S2140063A0D4302C7C314B80F89C20C0F8A00080F8BC
S2140063B0D820C0F8DC3044B12D4B80F8E420C0F87B
S2140063C0E03005F11103C0F8E8304FF0000CCA7950
S2140063D08E6802EB42039F00443006EB830326F8E8
S2140063E007C0586001200D349870DC701318CB710C
S2140063F0FFF7C8FAFFF74AFFFFF786FE012806D127
S2140064002B7C23B1BDE8F840164829F01EBDF8BD28
S214006410F46A0020416B0020D45B0020754B04001A
S21400642001002000744B040002002000734B04009F
S21400643003002000724B04000500420004004200E6
S21400644007003000FDFF210012001001004042004E
S214006450704B040000FF4401604B0400060042003D
S214006460585600209865002002FF2001406B00204F
S21400647001FF100113B504460D4829F04DFC6422B7
S214006480C0F30F43637083B2B3FBF2F3A0782370BC
S2140064902022012129F024FEA0782122012129F0C2
S2140064A01FFE0449201D02B0BDE8104029F0D2BDF1
S2140064B0F46A0020E09304000B7870B583704CF605
S2140064C01E0303804FF02013C362012380F8303090
S2140064D080F83C30C3180364124B0446436402231E
S2140064E0114A80F84830114B8263C3644063CA790E
S2140064F08D6802EB420305EB830004F12C06466030
S2140065000B4E45F8236000238360531CCB71094B68
S214006510201DC4E90134FFF7AFFC2046BDE87040FB
S214006520FFF7A8BFFDFF210021002000764B0400E6
S2140065300100010375640000437B044A01211370C7
S21400654000781130C0B2FFF751BC00BFDE5B002000
S21400655038B504460078054D11302A460121C0B2F0
S214006560FFF734FC08B92B78637338BDDE5B002078
S214006570024B53F8200029F08EBE00BFA433002043
S214006580012908B506D0022907D049B929F07AFEB4
S214006590002008BD29F079FEFAE729F079FEF7E732
S2140065A0024813F035FF0120F3E700BF29B00300CF
S2140065B010B4054C114654F820001A46BDF80430B5
S2140065C05DF8044BFFF7DCBFA4330020002310B5B2
S2140065D0044683810364A0F844304830FFF74CFC3F
S2140065E0014BC4E9123410BD7D02030038B50446E1
S2140065F00B781A4A43700D4642F82300FFF7E6FF71
S2140066002046FFF7A5FF4FF4401323610123144AE9
S2140066102375A261134A84F82030E261124A84F896
S2140066202C306262114A84F83830A26204F10C02FF
S21400663022630F4A04F10D036263E363EA79A868F4
S21400664002EB420300EB830110344C60094C40F827
S2140066502340094B8B60531CEB7138BDA4330020DC
S214006660DD5B002008002000426B002000FF3000A9
S21400667001FF100102010104B165000010B470248E
S214006680427B0D48013A012904FB020006D002298C
S21400669008D059B95DF8044B29F0F4BD5DF8044BF9
S2140066A029F0F3BD5DF8044B29F0F2BD03485DF810
S2140066B0044B13F0ADBE00BF9018002045B0030099
S2140066C0B0F85C302DE9F0418B4204460E4638D0D7
S2140066D0437B077C8BB31C4A12789A422DD37025D5
S2140066E01A4A013B05FB032390F80F801B7B4246AA
S2140066F029F0DFFDB845054601D1FF281FD13A46EF
S2140067003146204694F8903029F0D3FD2F460546B2
S214006710552212216078A4F85C6029F0E1FCFF2F76
S21400672003D039462046FFF7A9FFFF2D09D029469A
S2140067302046BDE8F04129F0FCBDFF25DFE707460F
S214006740E6E7BDE8F08100BFC65B00209018002099
S21400675041688268C978D27849B112B10321FFF73F
S214006760AFBF837B002B0CBF01210221F7E72AB1C4
S214006770837B002B0CBF02210121F0E7014813F0B8
S21400678047BE00BF56B00300037BD3B14368DA7838
S21400679012B18268D278A2B91B7933B1837B002B01
S2140067A00CBF04210521FFF78BBF83681B792BB133
S2140067B0837B002B0CBF05210421F4E7014813F06E
S2140067C027BE704788B00300084A437B0521137034
S2140067D0837B5370C37B9370037CD370037B1371EE
S2140067E000780E30C0B2FFF701BB00BFDF5B0020B1
S2140067F038B5044600780C4D0E302A460521C0B246
S214006800FFF7E4FA20B1BDE83840084813F000BEB0
S2140068102B7863736B78A373AB78E373EB7823748E
S2140068202B79237338BD00BFDF5B0020C4B00300A4
S214006830024B53F8200029F0C6BD00BFCC33002021
S214006840F8B504460B78424A43700D4642F82300DA
S214006850404E29F0D6FDFFF7CBFF6268A3683E489E
S2140068603E49D6641165D4655065C3E91410DE64EC
S214006870DC654FF0987302266361012304F10C0176
S214006880E16137491032216204F10D01A1623549F8
S2140068902376E16204F10E016163334984F8243003
S2140068A0A16304F10F012164304984F8303061643B
S2140068B004F11001E1642E4984F83C3084F8483035
S2140068C0216584F85460A265E879A96800EB400267
S2140068D001EB820704F1140CC7F804C04FF4817C66
S2140068E0244F41F82270C218D2B202EB420241F89D
S2140068F022C001EB820700227A601F4A84F87030BB
S21400690022661E4A84F88830A2661D4A1D4BE2663F
S2140069101D4AC4F88C3062671C4A8319A26704F1CA
S2140069205C02C4F88020DBB2194A03EB4303C4F8C8
S214006930842084F8646084F87C6001EB8302603411
S2140069405460144A033041F82320E871F8BD00BFB4
S214006950CC330020516700008903030089670000DC
S2140069600100200102001001030030010400300184
S2140069700500210101FC01064A002100784B0400B5
S214006980510010007A4B04007B4B04005500210098
S2140069906F0018001200010470B50D460646144636
S2140069A013460A4601461A4813F032FD25B920461A
S2140069B0BDE87040FFF73CBC072D05D121463046A8
S2140069C0BDE8704000F0B8BC4FF601439D4205D1CB
S2140069D021463046BDE87040FFF72ABF062D05D198
S2140069E021463046BDE8704000F066BAB5F5817FB6
S2140069F005D121463046BDE87040FFF7B9BD202DD1
S214006A0004D12046BDE8704000F0ECB870BD00BF71
S214006A10F3B003000148FFF74FBB00BF99690000C1
S214006A204FF4C01330B5036001230371074B8C6825
S214006A308360CA7902EB420304EB8305686004486E
S214006A4044F82300531CCB7130BD00BF7C4B0400C0
S214006A50040001010368064A0C2113604368536072
S214006A6003891381438922205381FFF7BFB900BFF2
S214006A70F433002010B50368044686B0FBB1114815
S214006A8013F0C6FCA37B104A8DF804304FF48273D3
S214006A90ADF806300123CDE90223002301A80493B4
S214006AA08DF81430FFF768FB2046618929F0B9FCA1
S214006AB02046FA2150F8143B594329F0CBFA06B089
S214006AC010BD00BF26B103002000000110B5064C23
S214006AD0236843B1054813F09BFC2068BDE81040CE
S214006AE0418929F09EBC10BD0034002047B1030048
S214006AF070B5364910460C68BDF81020002C5ED0E4
S214006B0003285CD8DFE800F0021E2745002B5AD089
S214006B10022A58D91D78B3F80160291E18BF012132
S214006B2032462B4813F074FC2DB13146204629F02E
S214006B3078FC002070BDE573FA206368584329F09E
S214006B4010FBF6E7234813F063FCE37B002B38D0FA
S214006B500023E373F0E7002B35D0032A33D91D68F2
S214006B601D48294613F054FC1C4B2A1F9A4201D993
S214006B700220DFE723680BB19D42F9D823899D42A6
S214006B80F6D3E37B6560B3B9FA20684329F0E9FAE7
S214006B9011E0002BCED0012ACCD91D8810482946FA
S214006BA013F036FC002DE3D063689D42E0D8E37B0B
S214006BB02581002BE8D12046FFF74CFFB9E70120DE
S214006BC0B8E70420B6E70320B4E700BF003400208F
S214006BD06AB10300A1B10300C0B10300FCFF6D0061
S214006BE0EBB1030038B5154B1C6834B3F0B9216817
S214006BF0134813F00DFC23683BB16268934204D23D
S214006C00104813F005FC6368236004F11405284659
S214006C1029F025FA236823B1FA212846594329F09A
S214006C2019FA2046BDE83840FFF714BF032804D100
S214006C306189054813F0ECFBF3E738BD003400200B
S214006C4016B2030044B2030079B2030070B53E4B9F
S214006C500D46044609781860002A6FD101231A46AB
S214006C60A1730021E1730121A1814FF46151C4E9B0
S214006C7000132823354E22810C21324622206381C0
S214006C80FFF7A4F860B9D6E900230AB19A4207D301
S214006C90318999429FBFC4E90023738921816381AA
S214006CA02B4B2C4AE363042384F8403084F84C30A2
S214006CB0E3182365284BA2646365022304F10802E7
S214006CC0E265264A84F85830226604F10A02A26673
S214006CD0234A84F8643084F8703004F10C03E266CA
S214006CE063676464EA79A86802EB420300EB8301F9
S214006CF004F13C064E601B4E40F82360FA261A4B01
S214006D001A488B60531CEB71FFF7DCF9208904F1FD
S214006D101405704329F025FA6189204629F081FB85
S214006D20134B2846C4E90534FFF7A6F8216849B195
S214006D3028467143BDE8704029F08CB94FF4F073D3
S214006D4002228DE770BD00BF00340020F43300201F
S214006D50000023010100230002002100030021019E
S214006D60FDFF210020000105F16A0000CD6A000049
S214006D70756A0000134B10B51C680CB3E37BEBB1CF
S214006D8029F071F92369C01A002809DB0E4813F0B0
S214006D903FFB0023FA20E3736368584329F0E1F9C8
S214006DA0E37B5BB12489FA235C4329F0E5F9A04232
S214006DB006D02046BDE8104029F0D3B96468F2E753
S214006DC010BD00BF00340020A6B2030038B5002472
S214006DD0044D55F8040B08B129F036FB01340A2C93
S214006DE0F7D138BD04340020042908B50AD172B1A1
S214006DF06BB113781BB929F052FB002008BD29F0AF
S214006E0044FBFAE7034813F003FB0120F6E70320F0
S214006E10F4E700BFE0B2030010B4054C114654F886
S214006E2020001A46BDF804305DF8044BFFF7DCBFBF
S214006E30043400200229024608B50ED004D839B919
S214006E40104629F02CFB06E04029F9D0412907D14D
S214006E50104629F01AFB002008BD29F02AFBFAE7A5
S214006E60024813F0D5FA0120F6E700BF00B303008E
S214006E7010B4054C114654F820001A46BDF80430EC
S214006E805DF8044BFFF7D6BF04340020426B094B75
S214006E9052791A7082785A70C2789A70826B12B1E0
S214006EA090F83C20DA70007804210930014AC0B21C
S214006EB0FEF79CBFE45B0020024B53F8200029F04D
S214006EC014BB00BF0434002038B504460078084DD3
S214006ED009302A460421C0B2FEF778FF30B96B7835
S214006EE0A370AB78E370EB7884F83C3038BD00BF15
S214006EF0E45B002038B504460078114D09302A4678
S214006F000421C0B2FEF762FFC8B9A3782A78022B24
S214006F100CD004D863B9204629F0C1FA01E0FF2B53
S214006F200AD02046BDE8384029F08EBA002AF2D1B1
S214006F30204629F0AAFAF4E7002AF9D1EBE738BD93
S214006F40E45B0020F8B504460B78284A0D4642F864
S214006F5023004370FFF7B8FF636B254A5C631A6330
S214006F602046FFF7C7FF204629F06EFA4FF480133D
S214006F7063600123626BA66B0532E2601D4A2372D2
S214006F802261A21C2375A26166B11B4A84F82030D8
S214006F90E261E21C6262194A84F82C3004F13C0378
S214006FA0A26223630627EA79A96802EB4203002E51
S214006FB021F8237001EB83000CBF02230423C37067
S214006FC0012383700E4B04348360531C4460DBB291
S214006FD00C4C03EB430341F8234001EB83000023F2
S214006FE04360094B02328360EA71F8BD0434002026
S214006FF0C70403000340300101FF300102FF100107
S214007000716E000008000100196E000028B1034BE5
S2140070101B78834234BF002001207047C85B0020E5
S21400702070B500250A4C0B4E3378AB4200DC70BDC1
S214007030D4F8B42042B123791BB16079FFF7E6FF9C
S21400704010B9104628F0F2FE0135E434ECE700BF34
S2140070509C1C0020C95B002008B5427901461046FA
S214007060FFF7D4FFA8B1CB780A48013A042B00EB0F
S21400707082100ED8012B08D81BB9BDE8084029F0AD
S21400708004BABDE8084029F00ABABDE8084029F06D
S21400709010BA08BD9C1B002008B542790146104670
S2140070A0FFF7B4FFA8B1CB780A48013A042B00EBEF
S2140070B082100ED8012B08D81BB9BDE8084029F06D
S2140070C0EEB9BDE8084029F0E0B9BDE8084029F06F
S2140070D0F0B908BD9C1B002010B586B00446FFF72B
S2140070E013F8012830D1E278042A2DD8DFE802F020
S2140070F013323403030061790846FFF787FF58B35D
S2140071001648032A00EB811050F80C3C58791DD124
S214007110003818BF012063784FF480728DF8043071
S2140071204FF48273ADF806300623ADF8083001231D
S2140071308DF80B3000238DF80A0001A8CDE9032353
S2140071408DF81430FFF718F806B010BDB0FA80F0CE
S2140071504009E0E70020DEE70220DCE79C1B002079
S21400716010B586B00446FEF7CFFF012830D1E2788E
S214007170042A2DD8DFE802F01313320303006179E6
S2140071800846FFF743FF48B31548032A00EB811073
S21400719050F80C3C5B791DD11A1E18BF012263788B
S2140071A08DF80A208DF804304FF48273ADF806305F
S2140071B00623ADF8083001234FF480728DF80B30AB
S2140071C0002301A8CDE903238DF81430FEF7D4FF81
S2140071D006B010BDB3FA83F25209E0E70222DEE7FA
S2140071E09C1B002010B586B00446FEF78DFF0128D4
S2140071F012D16378094A8DF804304FF48273ADF8E3
S21400720006304FF48073CDE90223002301A80493CF
S2140072108DF81430FEF7B0FF06B010BD0800070169
S21400722010B586B00446FEF76FFF012820D16278BD
S214007230104B8DF804204FF4827294F8B01094F836
S214007240B10059701870ADF8062004934FF48072A0
S2140072500223094901A88DF81430CDE90212FEF781
S2140072608BFF94F8B130013B18BF012384F8B1308E
S21400727006B010BDE85B00200800050110B5837855
S21400728004464BB30379022B0AD142791046FFF726
S214007290BDFE28B11148013A00EB821029F009F929
S2140072A0A379022B02D12046FFF716FF2046FFF7F0
S2140072B0B7FF012384F8B8300223122155226078E4
S2140072C0A4F87C3028F00CFF218929B104F1BC0019
S2140072D0BDE8104028F0BEBE10BD00BF9C1B0020BD
S2140072E038B50D4604460178114813F091F84FF66C
S2140072F002739D420ED10F4B1B782BB9637120464B
S214007300BDE8384029F0B3B962790AB19342F6D2A3
S2140073100123F3E7B5F57F4FF1D1204629F08FF929
S214007320A378022B0CBF01220022E3689A70E6E7DE
S2140073301CB30300C85B0020024B53F82000FFF785
S214007340CFBF00BF2C340020002330B504460078A1
S21400735087B004300C2103AAC0B2CDE903330593ED
S214007360FEF734FD20BB9DF81610012920D1BDF88C
S2140073700C30BDF810206380BDF80E302648A38080
S214007380E3681A829DF8123084F8B0309DF8133006
S214007390A371BDF81430238113F03AF81F4B6179BE
S2140073A01B7883BB99B12046637129F060F90EE023
S2140073B0002320780821043001AAC0B2CDE90133A9
S2140073C0FEF704FD054620B1154813F021F807B076
S2140073D030BD0121134813F01BF8BDF80430BDF88A
S2140073E008206380BDF806302046A380E3681A8232
S2140073F09DF80A30258184F8B0309DF80B30A371D3
S21400740029F035F9CAE709B18B42E0D2064812F0F6
S214007410FFFF23780133C6E736B30300C85B0020BE
S21400742058B3030081B30300B0B30300F8B50446B5
S2140074300B78504A0D4642F823004370FFF784FF4E
S2140074404D4B04F1BC00C4E92F34FEF715FDE2688D
S2140074504A4BD465D3644A4B02265365494BA11C5C
S21400746013654FF44013236101231032A161216399
S21400747062654549454A6163A265211D04F1B00273
S214007480E163226642484349434AE06121646266FA
S214007490E01C611DA21D6062A164E2663F4840498F
S2140074A0404A237584F82030A06284F82C3084F893
S2140074B0383084F84430E16484F8506084F85C30F6
S2140074C084F86830226784F8746004F10802A267C2
S2140074D0AA68E87904F1100C00EB400102EB810782
S2140074E0C7F804C04FF0060C2F4F42F82170C118A1
S2140074F0C9B201EB410142F821C002EB810700212D
S21400750079602A4F84F89030C4F88070284F84F849
S214007510A830C4F88870274F274BC4F88C70274FC4
S21400752084F8846084F89C60C4F8AC3004F17C066F
S214007530831CC4F89470C4F8A060214F214EDBB2BF
S21400754003EB4303C4F8A460C4F8987002EB830608
S2140075508034746008261C4C42F82340C31CDBB2FF
S21400756003EB430302EB8304043042F823606160BC
S214007570E871F8BD2C340020110503007B050300DC
S214007580D30503007D72000001FF300104FF2001D7
S2140075901000300102FF200105FF300100FF30011E
S2140075A003FF210106FF2101070001094A0021000F
S2140075B07E4B040051001000804B0400814B0400F9
S2140075C0550021006F0018001200010400239B6A7A
S2140075D0B3F5804F03D21968064A914203D00023C0
S2140075E0037083607047012202709A689B6942604C
S2140075F0F7E700BF07B0CD5E024B034A1A602AF0D9
S21400760064BC00BF0000002002020FF073B53F4BC1
S21400761004461A781AB102221A7002B070BDCDE97B
S21400762000220028F9D001261E7032F0DBFF384D0C
S214007630384B186017F0CEFC2B785BB902F0F2F9E5
S21400764040B935480823354A3549006801F038FE08
S21400765000B92E70334B5A68E260334A9A601A6E4D
S21400766022605A6E6260D3F87021A2601B6E5C04C2
S2140076702CD52E4AD368D807FCD42D4B1A68531C39
S21400768029D04FF4801393402A4A13660423294CCA
S2140076904FF0804223664FF48063236610232366F0
S2140076A04FF400536846236601A92266636629F0F4
S2140076B000F8009B2366019B63662B78002BACD0FA
S2140076C0164B1A6822665B686366A6E71A4AD36892
S2140076D0D907FCD4D1E7194B1B78002BD6D1184B11
S2140076E05A68144B12B94FF480121A66154A52683B
S2140076F012B94FF400121A66134B5B68002BC5D103
S2140077004FF480020B4B1A66C0E700BFEB5B00200D
S214007710EC5B0020643400200466002068340020FF
S214007720007108000080004455CEAC000000044004
S214007730D06500200090004400000450EA5B002062
S2140077400080055000C005500000065038B5224D98
S21400775004462B78012B02D001232B7038BD00285D
S214007760FCD028F0CBFF013009D028F0C7FF40F24C
S2140077700113984203D0194AD368DB07FCD4226869
S214007780174B1A6662685A66A268C3F87021E268E8
S214007790D40744BF00229A60124B1A68013213D1F4
S2140077A0114A127882B911494968C80748BF1A6059
S2140077B00F4A5268D10744BF01221A600D4A526828
S2140077C0D20744BF02221A6017F00CFC0A4B186856
S2140077D032F003FF0023C0E7EB5B0020000004400C
S2140077E000800044D0650020EA5B00200080055041
S2140077F000C00550000006506434002070B5002418
S214007800A36AB3F5804F23D21A68134B9A421FD14E
S214007810124E337813F0FD0518D14FF4803410481B
S214007820FFF7F4FE032004F04FFC0E4B0320DC6051
S21400783004F02EFC0C4B1C61AB6ADB6998470446CF
S2140078400748FFF783FF0CB901233370204670BD4D
S2140078504FF48174FAE700BF07B0CD5EEA5B002004
S2140078605434002000A000440090004413B5204B80
S2140078701B7803B9FEE700231E4CCDE900336A46A9
S21400788008231D49206801F01BFDF8B91B4AD2F8F1
S2140078904031D2F840211F2B4FF0010311D9203A76
S2140078A09340019A1A43019208236A4612492068B7
S2140078B001F08EFE124B134A1A602AF006FB02B045
S2140078C010BD9340009A1A430092EDE72D28F1D19F
S2140078D00A4AD2F84031D2F840211F2B4FF001035C
S2140078E085BF203A93409340019398BF0093DBE70F
S2140078F0EB5B002004660020007108000080004456
S214007900000000200B020FF038B50025AB6A0446D5
S214007910B3F5804F10D21B6BB3F5804F0CD20748DF
S214007920FFF774FEAB6A20461B6B5B689847BDE8A2
S21400793038400248FFF70ABF38BD00BF7034002049
S21400794013B50024A36A0190B3F5804F13D21B6BC6
S214007950B3F5804F0FD20948FFF758FEA36A0121FE
S2140079601B6B01A89B69984704460448FFF7EEFE88
S214007970204602B010BD4FF48174F9E77034002041
S21400798070B50026B36A0446B3F5804F0D4612D292
S2140079901B6BB3F5804F0ED20848FFF737FEB36A6D
S2140079A020461B6B29469B69984704460348FFF709
S2140079B0CDFE204670BD4FF48174FAE77034002087
S2140079C070B50026B36A0446B3F5804F0D4612D252
S2140079D01B6BB3F5804F0ED20848FFF717FEB36A4D
S2140079E020461B6B2946DB69984704460348FFF789
S2140079F0ADFE204670BD4FF48174FAE77034002067
S214007A00F8B50027BB6A0446B3F5804F0D46164608
S214007A1011D21B6B7BB10948FFF7F8FDBB6A204605
S214007A201B6B324629465B6A984704460348FFF7B5
S214007A308DFE2046F8BD4FF40174FAE7703400203E
S214007A4070B50026B36A0446B3F5804F0D4612D2D1
S214007A501B6BB3F5804F0ED20848FFF7D7FDB36A0D
S214007A6020461B6B29469B6A984704460348FFF747
S214007A706DFE204670BD4FF40174FAE770340020A6
S214007A80F0B50027BB6A0446B3F5804F0D46164690
S214007A90ADF5337D20D21B6BB3F5804F1CD210485A
S214007AA0FFF7B4FDBB6A20461B6B40F2C1225B6A3F
S214007AB001A99847044630B10948FFF747FE20461B
S214007AC00DF5337DF0BD836A32461B6B2946DB6AB3
S214007AD001A898470446EFE74FF40174EFE700BFAC
S214007AE07034002010B50024A36AB3F5804F10D27E
S214007AF01B6BB3F5804F0CD20748FFF787FDA36AD0
S214007B001B6B1B6B984704460348FFF71FFE204677
S214007B1010BD0124FBE700BF70340020F0B58FB025
S214007B20044601A80E461546FFF7EEFE9DF80C30FB
S214007B30012B12D1B5F5402F27D8B4F5402F24D805
S214007B406319B3F5402F20D821462A46304613F055
S214007B5001FF002420460FB0F0BD0027BB6AB3F536
S214007B60804F15D21B6BB3F5804F11D20A48FFF732
S214007B704DFDBB6A2A461B6B314620465B6B984719
S214007B8004460548FFF7E2FDE4E740F20244E1E779
S214007B9040F20114DEE700BF70340020F0B58FB06D
S214007BA0044601A80E461546FFF7AEFE9DF80C30BB
S214007BB0012B1FD1B5F5402F06D8B4F5402F03D8BA
S214007BC06319B3F5402F13D940F2024420460FB094
S214007BD0F0BDE258013225D104339D42F9D82A4639
S214007BE03146204628F0BAFD0028EDD00024EDE707
S214007BF00023F2E70027BB6AB3F5804F15D21B6B54
S214007C00B3F5804F11D20A48FFF700FDBB6A2A463B
S214007C101B6B314620469B6B984704460448FFF78B
S214007C2095FDD3E740F20344D0E740F20114CDE7D8
S214007C307034002070B58EB0044601A80D46FFF7DC
S214007C4063FE9DF80C30012B22D144EA0503C3F3F2
S214007C500C03002B33D1B5F5402F04D940F2024473
S214007C6020460EB070BDB4F5402FF7D82544B5F5C4
S214007C70402FF3D8204604F5005428F068FDAC42A7
S214007C8002D00028F6D1E9E70028E7D00024E7E78D
S214007C900026B36AB3F5804F14D21B6BB3F5804F42
S214007CA010D20A48FFF7B2FCB36A29461B6B20467F
S214007CB0DB6B984704460548FFF748FDD0E740F2DF
S214007CC00444CDE740F20114CAE700BF7034002038
S214007CD0BFF34F8F0549064BCA6802F4E0621343B0
S214007CE0CB60BFF34F8F00BFFDE700BF00ED00E0A5
S214007CF00400FA0570B5D0B1C9B10E4E431E013965
S214007D0013F8014F2046325D02F00302012A11F8F3
S214007D10012F08BF04F12000B55C05F00305012D16
S214007D2008BF2032801A01D1002CE9D170BD012095
S214007D30FCE700BF557304000348044A0449121ABE
S214007D40921028F057BD00BF34410000D04200001A
S214007D500463002008B5154B83F30A8800F030F85A
S214007D60FFF7EAFF124B13498B4212D30020124B47
S214007D7012498B4218D3FCF7B5FF186850F822401A
S214007D80586840F82240013298688242F5D30C3396
S214007D90EAE70022F8E71C6844F8220001325C6833
S214007DA0A242F8D30833E4E70022F8E708000020F0
S214007DB0F49704000098040000980400009804005B
S214007DC0124B134A70B59A60D3F88820114D42F4CE
S214007DD07002C3F888206FF0010205F50054226691
S214007DE041F2FF7262660222C3F8D020BFF34F8FC3
S214007DF0BFF36F8F4FF44036032004F065F903207D
S214007E00E66004F045F92E6170BD00BF00ED00E0AD
S214007E100040000000800044014B1860704700BF1F
S214007E20D8650020054B1860054B1B6F03F0070351
S214007E30032B01D130F02EBD704700BFE065002057
S214007E40008000502DE9F04104464FF001080C2553
S214007E500D4E0CB9BDE8F08194FAA4F0B0FA80F0AB
S214007E600F2808FA00F2C8BF103824EA0204CABF76
S214007E7005FB006205FB0062B4325768002FE8D0AD
S214007E809168C0B2B847E4E78034002008B50C48D3
S214007E9032F046FC192004F009F928B1192004F044
S214007EA013F9192004F0F4F81A2004F0FFF828B1AA
S214007EB01A2004F009F91A2004F0EAF8002008BD98
S214007EC0E44D04002DE9F0410E461746054618B36A
S214007ED00F2923D80378DBB1013BDBB2022B19D87C
S214007EE0104AD35C6A78D340DB0717D50E4BD3F81D
S214007EF01043ACB932F076FB80463A462846314607
S214007F0002F042FE404632F068FB2046BDE8F081B3
S214007F107F23E7E70023E5E72224F6E72124F4E7BA
S214007F200224F2E7D44B040000C0035010B5044608
S214007F3010B30378E3B1013BDBB2022B1AD8104A28
S214007F40D35C6278D340DB0718D532F04BFB0122B6
S214007F50617823788A4030214B4341F2100103F1C7
S214007F60A04303F570335A5032F037FB002010BDA3
S214007F707F23E6E70023E4E72220F8E72120F6E760
S214007F80D44B040010B5044610B30378E3B1013BAC
S214007F90DBB2022B1AD8104AD35C6278D340DB07D8
S214007FA018D532F01FFB0122617823788A403021F1
S214007FB04B4342F2100103F1A04303F570335A50CD
S214007FC032F00BFB002010BD7F23E6E70023E4E73A
S214007FD02220F8E72120F6E7D44B040038B50D46FA
S214007FE0044618B311B30378E3B1013BDBB2022BAE
S214007FF01AD8104AD35C6278D340DB0718D532F023
S214008000F1FA30222378534303F1A04303F570338B
S2140080105B696278D34003F001032B7032F0DDFA1F
S214008020002038BD7F23E6E70023E4E72220F8E7B8
S2140080302120F6E7D44B04002DE9F0410D46164604
S2140080409846044600284FD000294DD001780029D4
S21400805040D04B1EDBB2022B3ED8254AD25C63785A
S214008060DA40D20701D4FF2940D1022E01D9042ECE
S2140080703CD132F0B7FA23780746FF2B05D03246BC
S2140080802046296802F0C6FD28602B68013309D116
S2140080902378FF2B06D1174B6078D3F8241429F0E9
S2140080A084F9286029684B1C18D00C23124A03FB5D
S2140080B00122069BC2F8048093602378FF2B04D02D
S2140080C001230E4A8B40C2F82434384632F085FA33
S2140080D0002007E07F22C2E70022C0E7384632F0E1
S2140080E07CFA2D20BDE8F0812220FBE72120F9E76D
S2140080F0D44B040000C003508034002000D003504E
S21400810008B502F037FD044B00F05530C3F82004E4
S214008110BDE80840FFF796BE00E0035008B502F041
S21400812029FD044B00F0AA30C3F82004BDE808403F
S214008130FFF788BE00E003502DE9F04F14460546D1
S2140081400E469B46C36B87B001225B6902A9606836
S2140081509847EB6B01225B6903A93046984702A853
S21400816028F047FF074648B10023A37563754FF014
S214008170FF33A360002007B0BDE8F08F03A828F007
S21400818045FF0123A375237E04EBC303DE611F8432
S2140081906368B3420ED1206003A828F059FF4FF061
S2140081A0FF332075A360237D043B022B26D80023D3
S2140081B0A375DFE723681A1A53425341A37503A831
S2140081C028F046FF237D834218BFA77503A828F032
S2140081D021FF074602A828F01DFF874218BF00238C
S2140081E003A818BFA37528F01DFF074602A828F0AD
S2140081F019FF87421CBF0023A375D4E703A828F005
S21400820009FF80B1EB6B022230465B6904A99847F0
S21400821004A828F00EFF0346207D032839D8DFE89F
S21400822000F03838040903A8F3E7CC22237E04EBD9
S214008230C3031A8401F06EFC109B187003A8277EF7
S21400824028F0DCFE04EBC70787F82200237E03A88D
S21400825004EBC303B3F8209093F8227028F0DAFEFC
S214008260804603A828F0DEFE8246B8F1000F15D03F
S214008270EB6B022230465B6904A9984704A828F0F5
S2140082809DFE6075637D6BB90023A3754FF00008F3
S21400829038E0227E04EBC2021384CBE703A828F062
S2140082A078FEEEE794F81680B8F1000FEED0B9F13C
S2140082B0000F09D1DFB10123E375637E002B4FD198
S2140082C0012F42D1677614E06B6C06EB0A015A4226
S2140082D086EA010010421CBF0022A2755A1E0A4000
S2140082E09B1A9945D0D8A37D002BE3D1CEE7E37D3A
S2140082F043B94FF000084B4652463146284628F010
S214008300C3FBA060A27D12B123694B4423611A49C6
S214008310237E097899422AD901332376BBF1000FD0
S21400832027D032B3E37D23B3B8F1000F21D1032F5A
S2140083301FD0A1684B1C1CD0109B224600932846D9
S2140083400123FFF7F9FEA07513E095F8343063B902
S214008350EB6A0133CFD1032FCDD10123A376C8E733
S214008360012FCFD0032FC4D1F7E79846C3E70023E9
S214008370A375A07DFFE600BFF84B04002DE9F04F83
S2140083800E46984600238BB004464FF0FF31104649
S21400839017468DF8133001F0A7FBB6F5801F20D2E4
S2140083A0314605AA04F1080028F075FD451C014673
S2140083B003D1237CBBB92D2010E0384601F094FB96
S2140083C00122394620460DF1130328F0AFFB0028A2
S2140083D0EFD09DF8133088F8003000200BB0BDE8D1
S2140083E0F08FB01CE5D1E56A691C36D12046616A7B
S2140083F028F090FA0546B31C18BF0123DFF8CC908E
S2140084000193636A626C0293236805A902FB053A2E
S214008410E36B05225B695046984705A828F084FE62
S21400842028F0A7FE504628F0AFFE4FF0000B82461D
S21400843001464B1C05D0636C81EA0A025B4213427C
S21400844011D02946204628F065FA029BAB422CD074
S214008450BBF1000F2CD10546D3E72368ED1A636CF9
S214008460B5FBF3F5C7E7484601F03EFB0DF11303F5
S21400847049462046019A28F059FB034690B1B21CA3
S21400848003D0D9F80020B2420CD19DF813200393F4
S2140084900D4B88F8002049461A68384613F05AFAF9
S2140084A0039B9B46D9F80810C3E7BBF1000F82D0A8
S2140084B0B6F5801F91D2314698F800307A6804F1FC
S2140084C0080001F03FFA88E7F44B04005C3C00200B
S2140084D02DE9F3410446174698460E46184D816A24
S2140084E0E36A8B4201D04B1C02D102B0BDE8F0819A
S2140084F0284601F0F9FA0122294620460DF1070325
S21400850028F014FB38B14346294620469DF807203C
S214008510B8470028E9D0A9684A1C04D169682046F3
S21400852028F085FA0146012EDAD16B6881EA03024B
S214008530636C5B421A4218BF4FF0FF31D0E700BFB2
S214008540303C00202DE9F04F4FF0FF334FF6FF721E
S2140085500025044600F10806C0E909238BB0C36273
S214008560056205633046884628F066FC204628F0FB
S214008570A1F960BB2046414628F01CFA204628F0A8
S21400858099F960BB5E200BB0BDE8F08F2368E26B04
S214008590606C576900FB0530052205A9B84705A899
S2140085A028F0C2FD012807460CD12946204628F0AF
S2140085B0D2F9012F024600D101322946204628F082
S2140085C098F903E028F0DAFD0028EED10135E369DA
S2140085D09D42DBD3204628F06DF90028CAD000253E
S2140085E04FF0FF394FF6FF73CA46A846C4E9085352
S2140085F0E36998450AD3A5EB0905012D2CD84FF65B
S214008600FF72636A93423CD16720BCE72368E26B43
S214008610606C576900FB0830052205A9B84705A815
S21400862028F082FD834605A828F055FD07465846E3
S21400863028F09FFD68B1574538BFC4F82480B94577
S21400864028BFB946BD4238BF3D46BA46236A013305
S214008650236208F10108CBE74FF6FF73002563623B
S214008660E3699D42CBD2676C2068E36B052207FB6B
S21400867005005B6905A9984705A828F02CFD01357B
S214008680EEE7E26B676C2068694607FB03005569F6
S2140086900522A847684628F01EFD626A2368606CBB
S2140086A04B4D00FB023028F06FFD4FF0FF33A06209
S2140086B0E3622A466FF00101204605ABFFF75EFE37
S2140086C0002846D1AD6829462046E56228F0CEF857
S2140086D0206320B92046E16A28F0A9F9E06229461D
S2140086E0204628F0A4F90546A36A9D4233D12046C9
S2140086F028F08FF800278046B946E36999453CD3B1
S214008700B84559D92046616A28F004F9002605467E
S21400871004F1400AB74212D8626C2368694602FB2D
S2140087200539E36B05225B6948469847684628F09A
S214008730D2FC534602464946E06B28F027FD294600
S214008740204628F0E7F80136B0450546E2D1642019
S21400875019E7A56AB7E72946204628F087F8236B6D
S2140087602946034407462363204628F060F9054659
S214008770002FB9D1C4E90B07B6E7636C256805225C
S21400878003FB0955E36B05A95B692846984705A8CE
S21400879028F0CAFC28F0EDFC58B1284628F0F4FC76
S2140087A00146204628F062F8636C143B984208BFE6
S2140087B0013709F10109A0E7304628F03DFB002308
S2140087C020461946034AFFF783FE0020DBE600BF7B
S2140087D0883C00201B0B03002DE9F041036B9046FC
S2140087E0826B07689A4288BF8363426C436A90B084
S2140087F002FB0377C36B0E46052201A95B6904469C
S2140088003846984701A828F08FFC012801463070AA
S21400881057D0656CE26B2368606AD2F814C005FB1B
S2140088200030052206A9E04706A828F07DFC0128AE
S2140088304FF0000523D0D4E90A3201219342CDE956
S2140088400B458DF834800E958DF83C102AD11946CC
S214008850204628F0ECF8236B626C14339B1AE06217
S21400886023630C9B53B99DF83C303BB1626A616C44
S2140088702368E06B01FB023128F00EFC0C9DE36BD5
S21400888005225B6901A93846984701A828F04CFCE8
S21400889030702846236BA26B9A4288BFA36310B041
S2140088A0BDE8F081237C33B91C490BAA04F108000B
S2140088B001F096F8D5E72046194A0BABFFF708FEFD
S2140088C0CFE7237C23BB2246164904F1080001F0BB
S2140088D087F8616A204628F03EF8616A421C204606
S2140088E028F007F8054620B9236B626C1344143B46
S2140088F023632046A16A28F09AF82368A062C01A6B
S214008900636CB0FBF3F06062204628F0D3F8B6E75D
S21400891000232046044AFFF7DBFDDAE77D900000DF
S214008920F98F0000B50B0300510B030073B50D461D
S214008930D11E4A421C461B7E4A419A4226D12968CD
S2140089402368994222D3636899421FD8114E0DF1CD
S21400895007033246FFF712FDC0B972686B689A4289
S21400896014D19DF80730DA1E53425341227E9342BB
S2140089700CD1636901336361D4E90323934205D2C2
S2140089802968A26842F8231001332361012002B04F
S21400899070BD00BF883C00202DE9F04F9B4689B093
S2140089A09DF848309046514A0193136907465B4547
S2140089B00D46C0F09580D94653680093B9F1000F74
S2140089C07BD0FB6B01225B6905A90098984705A838
S2140089D028F01CFB454B1B68984240F0848005A895
S2140089E028F020FB0428064615D105A828F021FB10
S2140089F0009B04461E44019B002B3ED1804512D9A5
S214008A001C46A8EB00083846009928F010F8A9EB99
S214008A1004090090D2E7FB6B02225B69009806A966
S214008A20984706A8E2E7A0EB08045C4528BF5C462A
S214008A30032C4644ABEB040B1DD9FB6B2946304692
S214008A405B69A208984724F0030304F0030A1E4457
S214008A501D44DDF80480BAF1000FD4D0FB6B012270
S214008A6006A930465B6998475246284606A912F082
S214008A7071FF5544C7E7A246EBE7824600F00303C2
S214008A8002932B1803930644039BA6EB0A00A3EB62
S214008A900A05029B9A4514D1BAF1000FB3D0FB6BBE
S214008AA0012206A95B6998475246284606A913F094
S214008AB00DF90028DDD04FF03609484609B0BDE86C
S214008AC0F08FFB6B012206A95B69984704222846B3
S214008AD006A913F0FBF80028EDD1AAF1040AD3E7A3
S214008AE04FF06309E9E74FF06F09E6E7B43C002072
S214008AF02DE9F0410F4616469846044688B060B306
S214008B0090F83450FDB1012127F0C9FE00210E9BDC
S214008B10CDE90511CDE902379DF83C30CDF804804B
S214008B208DF81C30237C04968BB90D4901AA04F1FC
S214008B30080000F055FFDDE90553E06B002E08BF86
S214008B401D4628F045F8284608B0BDE8F0812046C6
S214008B50044A01ABFFF7BCFCEDE70546F3E700BFB0
S214008B607F0B03002D8900007FB590F84260044615
S214008B7001920DF10B030A463046114928F030F8F1
S214008B80012E0546E36B17D132465B6903A9984769
S214008B909DF80B10039B019A59B19BB243EA02431E
S214008BA0012228460393E36B03A99B69984704B008
S214008BB070BD62F30F03F3E701229B6901A9F5E795
S214008BC0B43C00202DE9F04F99B00E460D920A698C
S214008BD0416C0B931439D31DB3FBF1F3013302EB55
S214008BE0C302036B04469342C0F001820023DFF801
S214008BF004940893E36A48461946059300F074FF08
S214008C00D6E9033707930B9B022B4DD1CC2F40F0B0
S214008C10D7810D9B3BB13146204628F037F8656C6E
S214008C201490012044E00120079B656C1B68149398
S214008C3000F0010000280CBF04230823782F0E93B1
S214008C4049D8059A6B1E1340ED1A3B1D9D423CD237
S214008C50002F3DD0082D3ED80023042506934FF064
S214008C60040A336806990B98C9F80030C9F81070E2
S214008C7028F0F2F94FEA9A030F93059B89F814003F
S214008C800393002309930C9304930A93616C039B4C
S214008C904A1E1A408B1A27B35544AB4223D8236B7F
S214008CA05B1A134423632FE1782F656CB9D8F07DE7
S214008CB00D9B002BBCD0E36B01225B69706816A984
S214008CC0984716A828F0A6F9B4E700250695C6E743
S214008CD004250697C3E7012300254FF0080A0693EC
S214008CE0BFE75345DBD3A3EB0A029742039BB84684
S214008CF028BF90469742534428D90122D9F810102D
S214008D0089F817208F4226D10399C9F804100492D7
S214008D1099F817200AB399F818100398CA1C09EB9B
S214008D20C202506004980131A2F80880907289F857
S214008D301810B8F1000F07D00B9A022A40F0818075
S214008D40099A72B1012209929B46ABE0049A002A66
S214008D5018BF0322DBE70222D9E7039AC9F80420EA
S214008D60E7E70C9A4244032AEED9E26B1846956967
S214008D7014A901220993A847099B05460028E1D0BB
S214008D803D2D40F01E8104F1080303932368059AE5
S214008D90606CA2EB030ABAFBF0FA00FB0A3028F07C
S214008DA0F3F9E16A8046204627F041FEA26A824235
S214008DB000F00F81626CD9F80830511E0B40216B11
S214008DC02768891A0B442363089BE062DF1BB7FB06
S214008DD0F2F7BA4540F0FA80059BB3EB080A12D0CA
S214008DE0E36B4FEA9A0241469B6998478346E36ADB
S214008DF0059A5344E362236B03989B1A4344236308
S214008E0028F01AF8DA462368616CE06B01FB07313C
S214008E1028F02FF9204627F04DFD204627F04AFE81
S214008E202063BAF1000F00F0D4803269616CD31D64
S214008E301439B3FBF1F3013302EBC3029042A5D21F
S214008E40BFE00D9A002A77D1B8F1030F4FEA9802D7
S214008E506ED9E16B18468D6907991093A847109B49
S214008E600546C0B918F0030515D0079A28F0030B7D
S214008E7002EB0B019B444FF0FF3215A815922A46D1
S214008E80109312F067FDE26B5846956915A901220A
S214008E90A8470546109B9B46079A42440792002D1A
S214008EA040F08B80049B16A80193069B009399F8CC
S214008EB014204346316800F0CDFDE36B0F9A9B69A2
S214008EC0039816A99847039A051E089B18BF1346D1
S214008ED00893434652462046039927F0D5FD236B58
S214008EE008F10302A3EB0A0322F003029B1AC9F857
S214008EF008002363002D7FF443AF0C9BA7EB080705
S214008F0043440C93CDF80CB02046039927F08FFD10
S214008F1000250390002F7FF4B9AE364A3168936877
S214008F2004F10800E36252680B9B00F00BFD49E079
S214008F309B46454607999EE79B4606F120021092FF
S214008F40F27D7068A2B1002296F818C00A99D5B2D0
S214008F50AC4511D9109D02F1010E35F832508D4204
S214008F6028D90E9806EBC2020144D069084403E0F3
S214008F700E9A0A990A441044E26B15A95569012213
S214008F801193A847159A0A9B1392E26B04339569CE
S214008F905846012213A90A93A847119B054603EBDE
S214008FA00802A2EB0B02042A7FF679AF28B90BF170
S214008FB0040BC5E77246491BC9E7CDF820B088E721
S214008FC070252F46384619B0BDE8F08F4FF0000ADE
S214008FD019E73269616CD31D1439B3FBF1F3013321
S214008FE002EBC302236B9342BFF404AEE9E71C27EF
S214008FF0E8E700BF5C3C0020032A2DE9F341064663
S2140090000D4617461C4606D1237A012B23D0012095
S21400901002B0BDE8F081DFF86080096842460DF1D5
S2140090200703FFF7ABF960600028EDD19DF8072035
S214009030237A032AE8D0D8F804106A689142E3D16C
S214009040012B2969D4F80CC007D172690CEB010317
S214009050934202D92074207CDAE708316144E1604B
S2140090603B46012229463046FFF7ACFD60600028EB
S214009070CAD00020CCE700BF883C00202DE9F34191
S214009080089C032A1746266806D1237A012B24D08B
S214009090012002B0BDE8F081DFF8908030464246FD
S2140090A00DF10703FFF76AF960600028EDD1256827
S2140090B0D8F80400A96AD5F844C04840CCF10003AB
S2140090C01840227AE1D1012A09D1E268D8F8103096
S2140090D013447269934202D92074207CD9E7286829
S2140090E0EB6A1B1A081AB3FBFCF3B0FBFCF08342D6
S2140090F00BD1706CF36A421E1340326B121A134483
S2140091002846336327F093FCE862D8F81020E3681B
S21400911008321344E36001223B4604492068FFF707
S21400912051FD60600028B0D00020B2E7883C0020E7
S2140091302DE9F0410025604B0E46D3F8008004462A
S2140091401D6018B921252846BDE8F08190F83470D6
S21400915007B30A6803689A4240F0A3804A684368E7
S2140091609A4240F09E808A6883689A4240F09980CE
S214009170CA68C3689A4240F094800A6943699A4272
S21400918040F08F808A69C36B9A4240F08A804B69B0
S2140091908361D8E768223946856B12F04BFAD6E928
S2140091A00212336804F1080023607368A5636360E5
S2140091B0336963617369A36127F050FEB36904F1F4
S2140091C04000E3639B68984720B9676C17B16368F3
S2140091D0B3FBF7F794F84330E761002BB2D00023D7
S2140091E0656C2366002D64D0002F62D02368B3FB25
S2140091F0F5F205FB1233002B55D16668B6FBF5F386
S21400920005FB1363002B4ED1204627F01FFBA369F6
S214009210043303449E4248D340F634726369CC3B21
S214009220934244D8B5F5805F43D30321204627F008
S21400923036FBD4E90001E36B1B6898470546E36BF1
S2140092400220DB689847CDB941462046FFF77AF9F9
S2140092506428054604D141462046FFF773F90546C3
S214009260666C5DB9236A2046143E5E4327F0EEFA2C
S214009270A369043303449E4238BF5A25002D0CBF11
S2140092800123002384F8343007D1D4E900010B4AC7
S21400929013680133136027F07BFEE06B27F098FC21
S2140092A051E75D254FE759254DE75A254BE75F25E2
S2140092B049E75B2547E700BFEC350020E83500208E
S2140092C02DE9FF410C4616461F46054680B390F82A
S2140092D034307BB3B1F5801F2ED2DFF860800121D9
S2140092E027F0DDFA2146424628460DF10F03FFF728
S2140092F045F8044670B99DF80F30012B11D1D8F807
S2140093001030BB4212D10246009031462846FFF785
S21400931043FB0446E86B27F05BFC204604B0BDE840
S214009320F081022B14BF2D246024F3E76324F1E7B9
S2140093302124F2E71124F0E72924EEE7B43C0020CC
S2140093402DE9F04385B00C4617461E460546DDF867
S214009350308098B390F8343093B3B1F5801F31D293
S214009360DFF86490012127F09AFA21464A462846FB
S2140093700DF10F03FFF702F8044688B99DF80F3089
S214009380012B14D1D9F8102006EB08039A4213D308
S21400939000904346324639462846FFF7FDFA044613
S2140093A0E86B27F015FC204605B0BDE8F083022BDD
S2140093B014BF2D246024F3E76324F1E72124F2E7A9
S2140093C01124F0E72924EEE7B43C002073B50C46E0
S2140093D01646054630B390F834302BB3B1F5801FEF
S2140093E024D2012127F05BFA21462846104A0DF1C7
S2140093F00703FEF7C3FF044680B99DF80730032B2A
S2140094000CD0022B0CD12846094927F03FFC3060CF
S214009410E86B27F0DDFB204602B070BD2D24F7E791
S2140094206124F5E72124F6E71124F4E72924F2E77E
S214009430B43C00202DE9F3411E4600230C46174697
S2140094400546336050B390F834304BB3B1F5801F07
S21400945028D2DFF85480012127F021FA214642461F
S21400946028460DF10703FEF789FF0446A0B99DF8CC
S2140094700730032B10D0022B03BF01233B600423CD
S214009480D8F8103018BF38603360E86B27F0A0FBC0
S214009490204602B0BDE8F0812D24F6E72124F7E748
S2140094A01124F5E72924F3E7B43C002073B50446FD
S2140094B0056B27F0CBF9636E03449D422CBF002357
S2140094C00123854294BF00252D1A207C84F8503055
S2140094D0656584F85800A8B100230C4E1A46194654
S2140094E02046009627F096FC002305461A461946A5
S2140094F02046009627F097FCE3682844984294BFDD
S2140095000020C01AE06502B070BD00BFFFFF0F006C
S2140095102DE9F3471E4643690446B342884617467C
S2140095209DF828904ED300258DF80750204627F04A
S2140095308DF9D4F830A082450AD2236AB5EB430FE2
S21400954006D2002220460DF10701FFF745F9B8B311
S2140095509DF80730012B05D1002220460DF10701AA
S214009560FFF73AF9B9F1030F06D03146204627F047
S2140095705DF9256B854227D3144D4FF0FF31284601
S21400958000F0B2FA4B46294600222046C5E903768B
S214009590C5F80080FFF716FB236E054663B120462C
S2140095A0FFF784FF94F8503013B994F858301BB185
S2140095B0236E04F150009847284602B0BDE8F087B5
S2140095C00135B3E76225F7E71C25F5E7883C002060
S2140095D02DE9FF410F4690461E46054698B390F883
S2140095E0343093B3B1F5801F31D21A4C022127F0E4
S2140095F056F92246394628460DF10F03FEF7BEFE01
S214009600024678B10123424600933946334628463F
S214009610FFF77EFF0446E86B27F0DAFA204604B030
S214009620BDE8F0819DF80F30012BEBD12169B142E6
S214009630E8D10093414633462846FFF7ADF9044685
S2140096400028DFD1E7E72124E8E71124E6E729240C
S214009650E4E700BFB43C00202DE9F04790F8423024
S21400966086B0012B05460391A1EB020740F0AA80C5
S214009670FF2F03D81E464FF0640807E00226012B92
S21400968014BF4FF032084FF06408013600244FF63E
S214009690FF79DFF844A195F84230012B14BF32233E
S2140096A064239C4202D35FFA88F40DE005AB2246A1
S2140096B05146284627F0C8FA95F84230012B059BFC
S2140096C034D14B452DD1E4B295F84230012B14BF6E
S2140096D032226422121BB24217D3012E39D1002245
S2140096E0012B05978DF8132027D1082205A90DF127
S2140096F0130027F065FD9DF81330059A42EA032211
S21400970021462846FFF730FA40B10223324900933B
S2140097102846CC23096803AAFFF7FAFE06B0BDE880
S214009720F087DBB203B902340134B4E7591CCAD05F
S2140097309BB2002BF8D10134F6E7102205A90DF1F3
S214009740130027F03DFD9DF81330059A42EA0342C8
S214009750D6E7039A012B059223D10823202205A9D8
S2140097600DF113008DF8133027F02AFD9DF8132015
S214009770120221462846FFF7F7F995F84230611C99
S214009780012BC9B21AD10028BFD12846BDF8142033
S214009790FFF7EAF90028B8D10234BDF81620E1B286
S2140097A0AFE71023202205A90DF113008DF8133022
S2140097B027F006FD9DF813201204DAE70028A4D14E
S2140097C0059A9EE7B7F5803F4FF00106BFF457AF06
S2140097D04FF032085AE700BFB43C002070B586B0A0
S2140097E00E4605460392A0B390F834309BB3B1F50D
S2140097F0801F32D2022127F052F831462846184AF6
S2140098000DF11703FEF7BAFD044618B99DF8173098
S214009810032B0ED10223314600932846CC2303AAFD
S214009820FFF776FE0446E86B27F0D2F9204606B02E
S21400983070BD022B0BD10A49284627F027FA039958
S21400984002468142EFD02846FFF706FFEAE761248A
S214009850E9E72124EAE71124E8E72924E6E700BF40
S214009860B43C0020F7B50C461646054668B390F89B
S214009870343063B3B1F5801F2BD2022127F00FF8E6
S21400988021462846144A0DF10703FEF777FDC0B9B6
S2140098909DF80730032B14D0022B14D10E4928460E
S2140098A027F0F4F9471C024639462846FFF7D4FE4F
S2140098B0044606B13760E86B27F08AF9204603B005
S2140098C0F0BD2D24F7E76124F5E72124F6E71124FF
S2140098D0F4E72924F2E700BFB43C002030B50C467C
S2140098E0054685B028B390F8343023B3B1F5801F11
S2140098F023D2022126F0D3FF0DF10F03214628467E
S2140099000F4AFEF73BFD034688B99DF80F20032A51
S2140099100DD003222146009202462846FFF7F8FDA6
S2140099200446E86B27F054F9204605B030BD2D24D8
S214009930F7E72124F8E71124F6E72924F4E700BF27
S214009940B43C00202DE9F043466886B30568984687
S2140099504FF0000CA946AE4655F83C400CF1010C01
S214009960C4F31307013401D0B94217D0B4450EF141
S214009970080EF1D12F46002403E0B44207F1080791
S21400998012D055F8343001340133F6D1C1F3130147
S21400999041EA0851C7E90012BDE8F08341EA0851E0
S2140099A0CEE90012BDE8F083B8F1030F03D101231E
S2140099B00372BDE8F083002303E0B34209F108090F
S2140099C0F5D055F833400133C4F30754032CF4D1D3
S2140099D0C1F3130343EA0853C9E90032BDE8F08334
S2140099E02DE9F0410646406882B0B8B10F46904671
S2140099F00024336853F8345003EBC403C5F307520E
S214009A00C5F31301013506D05B683046CDF80080FB
S214009A10B84718B1706801348442EAD302B0BDE892
S214009A20F08100BF024B1968024B1868FFF780BB35
S214009A30E46500200466002008B530F0C6FD014B42
S214009A40186008BDE03C0020014B186830F0B8BD37
S214009A50E03C002073B504462248012A00EAC11102
S214009A609DF8185023F07C4007D9961E012E28D961
S214009A70073303F07F03194308E09DF81C300A43C0
S214009A80DB0603F0C053134343F060410023C4E9F0
S214009A9000108DF80730B5B1202221460DF10700E1
S214009AA027F08EFB1A220DF10700211D27F088FBF8
S214009AB0082063689DF8072043EA8263636002B06B
S214009AC070BD1143E2E71B220DF10700214627F087
S214009AD077FB23689DF80720042043EAC2632360CF
S214009AE0EDE700BF80FFFF0738B5094B0D461A6843
S214009AF00021044611F09EFD00234FF0FF32238321
S214009B00C4E900252361A260E382A37638BD00BFC6
S214009B10F44B04000138C0B205289ABF014B185C0C
S214009B2001207047F94B04002DE9F0410746154621
S214009B3000240E46596888B0490A012922464FEA91
S214009B40510104F10104F8D8DC78997824031B88C5
S214009B50C90201F4006104F480540C43C3F30A0301
S214009B605203234492B24FF000089C18274B6FEA2A
S214009B700444039325F07843ED4302A90DF1070052
S214009B801B2202938DF8078027F01AFB9DF807200A
S214009B90029B02A943EAC2630DF107001B2225F0CF
S214009BA07845049302958DF8078027F009FB9DF809
S214009BB00720029B6FEA144443EAC26305934FF002
S214009BC0FF330794069307A9BB69012206F110002C
S214009BD09847BB6905A90446012206F10800984784
S214009BE0BB69404518BF044604A90122301D9847AA
S214009BF00122404518BF0446BB69304603A9984772
S214009C00404508BF204608B0BDE8F08101009AB282
S214009C1038B5104B0546D3F800310C4603F0030365
S214009C20022B0BD0032B0DD0012B0FD12EF04CFEA8
S214009C30032305B1286004B1236038BD2EF08EFEE4
S214009C400723F6E730F0D4FC0623F2E701230020D2
S214009C50EFE700BF0080005038B5134B0546D3F839
S214009C6020010C4600F0070004281AD8DFE800F0B0
S214009C7003090D111500012305B1286004B1236006
S214009C8038BD2EF0E7FD0423F6E72EF01DFE032375
S214009C90F2E72EF01FFE0523EEE72EF011FE02235C
S214009CA0EAE700231846E7E70080005038B5104B77
S214009CB00546D3F840310C4603F00303022B0BD0C5
S214009CC0032B0DD0012B0FD130F094FC082305B1E7
S214009CD0286004B1236038BD2EF040FE0723F6E767
S214009CE030F08BFC0923F2E701230020EFE700BFEA
S214009CF00080005038B5104B0546D3F860310C464E
S214009D0003F00303022B0BD0032B0DD0012B0FD136
S214009D1030F070FC082305B1286004B1236038BD1C
S214009D202EF01CFE0723F6E730F067FC0923F2E767
S214009D3001230020EFE700BF0080005041F671329B
S214009D4010B5104C104BA04294BF00240124D969D2
S214009D50DA639A6801F4803122F4401242EA04522F
S214009D609A600A4A90420A4AD2F818028CBF40F01B
S214009D70020020F00200C2F8180209B10022DA63DD
S214009D8010BD00BF005A62020000035080F0FA02C5
S214009D9000C007502E4B98424AD022D82D4B9842EE
S214009DA040D014D82C4B984239D00AD82B4B984226
S214009DB032D02B4B98422FD02A4B98422CD00020E2
S214009DC07047294B9842FAD1284B186F7047284B9A
S214009DD098422AD0274B9842F1D1244BD3F88000E2
S214009DE07047254B98422BD009D8244B984223D055
S214009DF0234B9842E3D11D4BD3F88C007047214B80
S214009E00984221D003F5740303F510539842D6D137
S214009E10164BD3F898007047144B986D7047134B49
S214009E20586E7047114B586F7047104B986F7047BD
S214009E300E4BD3F8840070470C4BD3F8880070475D
S214009E400A4BD3F890007047084BD3F8940070473D
S214009E500048E8010024F400C0CF6A0080841E0099
S214009E6000093D0040420F00405DC6000080E00F44
S214009E70C0EA210180BA8C01007E560380D54302D9
S214009E80006CDC020090D00337B50C460021114B65
S214009E900191D3F88031054603F00303022B0ED060
S214009EA0032B11D0012B03D101A8FFF7D5FE0D21FE
S214009EB00DB1019B2B6004B1216003B030BD2EF0C4
S214009EC009FD05210190F3E72EF0FAFC022101902E
S214009ED0EEE700BF0080005038B5104B0546D3F8BB
S214009EE040320C4603F00303022B0BD0032B0DD09D
S214009EF0012B0FD130F07EFB082305B1286004B19A
S214009F00236038BD2EF02AFD0723F6E730F075FBF8
S214009F100923F2E700231846EFE700BF0080005051
S214009F2038B5144B0546D3F800020C4600F007007F
S214009F3004281BD8DFE800F003090D1115000123E3
S214009F4005B1286004B1236038BD30F053FB082308
S214009F50F6E72EF003FD0723F2E730F04EFB092369
S214009F60EEE72EF097FC0C23800AE9E7002318465C
S214009F70E6E700BF0080005038B5144B0546D3F81E
S214009F8008020C4600F0070004281BD8DFE800F0A3
S214009F9003090D111500012305B1286004B12360E3
S214009FA038BD30F027FB0823F6E72EF0D7FC072352
S214009FB0F2E730F022FB0923EEE72EF06BFC0C23D1
S214009FC0800AE9E700231846E6E700BF0080005055
S214009FD0032814D005D8012805D0022809D000206F
S214009FE005E00F28FBD1084B186FC0F30130013095
S214009FF07047054BD3F89000C0F30460F7E7024BB8
S21400A000186FC0F38020F2E7008000501FB50023D1
S21400A0100193252817D8DFE800F0131A1D272C36E1
S21400A0203B51565B60656A78161A401616561A2714
S21400A0302C27361A5127783B3B3B3B2727275B606C
S21400A0402EF00EFC0190019805B05DF804FB2EF092
S21400A05021FCF7E72EF004FC02460220FFF7B8FFCB
S21400A060B2FBF0F20192EEE72EF014FC024603205B
S21400A070F4E72EF00FFC02460320FFF7A9FFB2FB21
S21400A080F0F25208EEE7002101A8FFF7FDFEDAE73E
S21400A090002101A8FFF7E0FDD5E702934FF0E0238B
S21400A0A01B695B0705D52EF0F5FB0290029B01931A
S21400A0B0C9E703A902A8FFF7F9FDF7E7002101A801
S21400A0C0FFF7F4FDBFE7002101A8FFF713FEBAE78C
S21400A0D0002101A8FFF724FFB5E7002101A8FFF73C
S21400A0E04BFFB0E7002101A8FFF792FDABE7094B55
S21400A0F0D3F8803003F00303022BA8D0032B01D043
S21400A10000209FE72EF0E6FB9CE7002101A8FFF762
S21400A110E3FE98E70080005008B50120FFF776FFC1
S21400A120BDE808400349884294BF0121022103206C
S21400A13000F002B880F0FA02032810B50C4627D0CB
S21400A14004D8012804D0022817D010BD0F28FCD14F
S21400A15027F054F827F05AF8124A013C136F23F4FC
S21400A160405343EA043313672EF094FB0021FFF7B5
S21400A170E5FDBDE81040FFF7CFBF0A4A4C1ED2F8F7
S21400A180903023F0F85343EA0463C2F89030DCE7DB
S21400A190044A4C1E136F23F4806343EA8423136738
S21400A1A0D3E700BF008000501FB500230193252889
S21400A1B021D8DFE800F013202020202A2F454A4F20
S21400A1C054595E7120203420204A202020202A2046
S21400A1D04520712F2F2F2F2020204F54314B1B6FDF
S21400A1E003F00703013B032B05D8DFE803F00C025E
S21400A1F0080A04230193019805B05DF804FB0323C5
S21400A200F8E70623F6E70223F4E7002001A9FFF7A4
S21400A2103BFEF0E7002001A9FFF71EFDEBE70293E7
S21400A2204FF0E0231B695B0705D52EF033FB0B23AD
S21400A2300393039BDEE703A902A8FFF737FDF8E7C1
S21400A240002001A9FFF732FDD5E7002001A9FFF79E
S21400A25051FDD0E7002001A9FFF762FECBE7002002
S21400A26001A9FFF789FEC6E7002001A9FFF7D0FC89
S21400A270C1E70C4BD3F8803003F00303022B03D066
S21400A280032B05D00023B5E72EF004FB0B23B1E724
S21400A2902EF020FB0523ADE7002001A9FFF71CFEEA
S21400A2A0A9E700BF0080005008B50320FFF790FE26
S21400A2B0034B187026F0A2FFBDE8084026F0A6BFA4
S21400A2C0ED5B002010B504462EF0E4FA0021FFF7FF
S21400A2D035FD1CB1BDE81040FFF71EBF034B032041
S21400A2E0BDE810401978FFF727BF00BFED5B0020E0
S21400A2F038B50546FFF74EFD204B04465A68012A3E
S21400A30004D11F494A609A699207FCD10020FFF7E2
S21400A3104BFF042803D126F071FF26F077FF194A79
S21400A32024F0407395421FD0174A95421FD0174A13
S21400A330D16811F0060FFBD19068936091684B408E
S21400A34013F4F81F16D12846FDF766FD0020FFF728
S21400A3502BFF042810D12EF09DFA0021FFF7EEFC0B
S21400A360BDE83840FFF7D8BE43F00073DFE743F0A0
S21400A3708073DCE79060E9E738BD00BF00C001509D
S21400A38000E0015040420F0080841E000000015093
S21400A39070B504460020FFF707FF03287CD045F67B
S21400A3A00E030221414AC2F88030414B99620121D6
S21400A3B003F580539962936DD903FCD4D4E9001356
S21400A3C01B0543EA0163E17B94F823500B43217B92
S21400A3D043EA0143617B43EA0133A17B43EA8113ED
S21400A3E013619169D4E904031B0643EA806301F014
S21400A3F000410B43A17EE07E0B43217E43EA0143EE
S21400A400617E43EA01239361E169136A002923F020
S21400A4100D0343EA010314BF0121002143EA800330
S21400A42043EAC103136294F8203094F82200916A3C
S21400A4304FEA431331D194F8216021F0330143EA07
S21400A44006130B4343F0010393621A49174A936DB0
S21400A45031EA0303FBD10221154B9962936D5B0031
S21400A460FCD41369A16823F4700343EA0153136113
S21400A4704FF000420E4B9A6118B9022203F5805342
S21400A4809A6215B901220C4B9A6294F824301BB1DB
S21400A490064B0A4AC3F8802070BD21F033012943D9
S21400A4A00B4343EA40039362EFE700BF00C000504F
S21400A4B000D000500300014000E00050F1A7FFFF6D
S21400A4C0014B93F900007047EE5B0020014B1880AB
S21400A4D0704700BFFE6A00200C4A10B51369044698
S21400A4E043F0040313612EF045FD26F093FE084B5F
S21400A4F0084AC3F8202430BF26F08DFE02F066F925
S21400A5001CB9BDE810402EF0C5B910BD00ED00E046
S21400A51000E003500000FFFF034A0179D36E23F0EA
S21400A52030030B43D366704700400050F8B504462E
S21400A5300D461F4616464AB101238B403021184A65
S21400A54001FB0022F7B141F21001535004EB440323
S21400A550072D4FF00F014FEA031316D8A80006FA8E
S21400A56000F281400F48184426F058FE4EB90123E9
S21400A57030210B4AAB4001FB042277B141F21001B7
S21400A5805350F8BD42F21001DFE7A5F10800800045
S21400A59006FA00F281400448E5E742F21001EFE7D0
S21400A5A000C0035004C003500CC00350012200F545
S21400A5B0805310B55A60244B244AC3604369134045
S21400A5C0FCD18361C0F89830436913F4401FFBD177
S21400A5D04369DA052CD4836F53BB43699B0529D4A2
S21400A5E0D0F8883033BB0121C26FD0F88C2000F53C
S21400A5F000525160302183600361C36203620167C9
S21400A600C0F880101249884208D142F2600411490D
S21400A6108464016543658465016643660C49884227
S21400A62002D10020102B08D10B4B5362936210BD51
S21400A630436FCDE7D0F88430CFE703F1280441F824
S21400A64024000133EEE700BF1200020052000100B2
S21400A6500040005A00C002808F330F80084608B5BD
S21400A66069B91820FFF7D2FCB0B10C4B984206D956
S21400A6700B4B9B68C3F302730133B0FBF3F0094B3B
S21400A68000F5742000F23F20B0FBF3F001387F287D
S21400A69028BF7F20C0B208BD0120F0E7005A620242
S21400A6A00040005A40420F000B4B10B5994228BF9D
S21400A6B019460C461AB91820FFF7A8FC0246631E76
S21400A6C01344B3FBF4F0A34228BF00F1FF30032885
S21400A6D028BF0320C0B210BD005A620210B5104851
S21400A6E0104C002B08BF04468C4228BF0C461AB9F3
S21400A6F01820FFF78BFC02469DF8083040F2FF302A
S21400A7000133B2FBF3F2631E1A44B2FBF4F3A24227
S21400A71028BF03F1FF33984228BF184610BD00BF7C
S21400A72080969800404B4C002DE9F04F2DED068B9F
S21400A730B64D0C4616462946002285B00746FFF75A
S21400A740B3FF94F805800122804538BF804607F5A0
S21400A75000535A6020795FFA88F850B91820FFF73E
S21400A76055FCA842014628BFB0FBF8F13846FFF773
S21400A77075FF4FF00009E37822781B01524202F081
S21400A780020203F03003134362780004524202F0E0
S21400A79004021343A27800F4FE00524202F00802BC
S21400A7A013434FEA087202F0E04213431843E3886B
S21400A7B02289B8603B616389DFF85CA243EA024302
S21400A7C03B62574502D1B9F1020F08D1012307F5C4
S21400A7D080577B6005B0BDEC068BBDE8F08F00228D
S21400A7E035788B488B49B468954218BF01462B468E
S21400A7F08948CDF80080FFF771FF07EB09118B6CD5
S21400A800A2B223F0405323F4EE2323F01F0305F0F7
S21400A81003041C43737882424FEA830303F01C034D
S21400A82044EA0304B37838BF02461B03F07803F407
S21400A830E0432343040404F4E024234334794FEA3A
S21400A840091C240704F0405423438B648C6C09F1E4
S21400A850050BC4F30234013C7049042C26D8DFE80B
S21400A86004F0252503101A00D1F88041240C2DB3DE
S21400A870C2F309020AEB0B135A6009F101091036FC
S21400A8809FE7D1F88441002DF2D1D1F88C11A4B203
S21400A8900914490015E0D1F88441002DE8D1D1F81B
S21400A8A08C11240C091401EB41010AE0D1F8804117
S21400A8B0A4B2002DDCD1DFED5A7A06E0D1F88C1177
S21400A8C0091407EE901AF8EEE77A01210CF1B44C61
S21400A8D00CF5804C2304DCF8483024F4C045C3F360
S21400A8E0820C0CF1010C01FA0CF107EE101A4FEA7B
S21400A8F0854548BF45F0004513F01C0FB8EEC79AD3
S21400A900F6EE008A454B55D1D3F88C110BB208EE03
S21400A910103AB8EEC88A38EE278A9FED42AAF7EEBC
S21400A920049A00285DD1039226F0F2FC07EE900A06
S21400A930F8EE677A87EE8A7AC9EE877A27EE888AF3
S21400A940039A9FED397AC7EE097A9FED387A67EE5B
S21400A950877AB1EE007AB5F1004F48EE077A0BD051
S21400A9609FED337A06EE104A77EE876ABAEEE86A0B
S21400A970F0EE477A56EE267AF5EEC07AF1EE10FA49
S21400A980CBBFF1EE677A78EEE78A77EEE87AFDEEEF
S21400A990E87AC8BFFDEEE77A17EE901AB1F5003FE9
S21400A9A02ADB6FEA55456FEA45451B484FEA0B110F
S21400A9B045505DE7D3F8901169EE286A09B207EEB4
S21400A9C0101AB8EEC77AD3F8881177EE677A0BB20A
S21400A9D008EE103A87EEA67AB8EEC88A38EE078AEE
S21400A9E09BE7D6ED037AF8EE677A87EE8A7AC9EEA9
S21400A9F0877A27EE888AA4E711F5003FAABFC1F33D
S21400AA00110145F400350D43CFE700BF005A62023E
S21400AA10404B4C00809698000040005A0080E00FA3
S21400AA200000000000007A4400008043000020443C
S21400AA300000004941F67132034BDA63012203F548
S21400AA400053DA60704700BF0000035041F67132D1
S21400AA500121044BDA6303F50052D1600022DA6369
S21400AA60704700BF00000350044B1868421C02BF2A
S21400AA70034AD2F894001860704700BF08660020AA
S21400AA8000400050CB784A7810B55B010C7843EA5A
S21400AA9082030A79234343EA02130C22424302F15B
S21400AAA0B0421363012C02BF8A78024B43F8202081
S21400AAB010BD00BFD080035008B54FF0B0435A68B1
S21400AAC002B960B15B680BB126F04AFC4FF0B041AA
S21400AAD030B10120074B586026F042FCC86008BD24
S21400AAE026F03EFC0223CB6026F03AFC0122024B05
S21400AAF05A60F4E700100058002000584FF0B041AC
S21400AB004B6810B50BB126F02BFC01220B4BC4781A
S21400AB105A608378934043EA840344782343047955
S21400AB2043EA0413447943EAC4038B60044B5A6037
S21400AB300378C3F10203CB6010BD00BF00200058AD
S21400AB4000100058054B5B69C3F38512827003F052
S21400AB503F021B0B42700370704700BF00C00750D7
S21400AB600120034B9B680A3303F01F03984070478D
S21400AB700080E00F034BD3F82424D3F820041040C1
S21400AB80704700BF00C003502DE9F8431E4B054632
S21400AB90D3F810334B1E0E2B0E46174690F8009037
S21400ABA044781DD909B34FF000082846D7B12FF0D6
S21400ABB027FD09EB4903072C4FF00F014FEA03135B
S21400ABC015D8A400114808FA04F2A140184426F04B
S21400ABD0CFFBBEB928468FB1BDE8F8432FF010BDB5
S21400ABE08846E2E726F0D3FBE3E78846E1E7083C41
S21400ABF0A400074808FA04F2A140E7E7BDE8F843D6
S21400AC0026F0C5BBBDE8F88300C0035004C003505F
S21400AC100CC003502DE9F041204B1646D3F8102304
S21400AC204A1C05460C46407804D1D3F8241426F076
S21400AC30BCFB0446002C2EDB072C14DC03274FEA53
S21400AC4084082A7807FA08F73946154802FA08F2FF
S21400AC5026F08EFB6A78394602F00302114802FAA3
S21400AC6008F226F085FB012316F0050F0E4A18BFE2
S21400AC700E4903FA04F30CBFC2F81034C1F81034BE
S21400AC8016F0060F18BF094AC2F814340123064A04
S21400AC90A340C2F820342046BDE8F08100C003502F
S21400ACA000C4035008C4035000E0035000D0035013
S21400ACB070B504462AF05BFF064630B90FCC044D4B
S21400ACC00FC594E80F0085E80F00304670BD00BF42
S21400ACD0E43C002047F6FF739A42F0B570D0022994
S21400ACE070D8394B5B5C022B6CD8384DDE0005EB18
S21400ACF0C304A77815F83330012F394638BF012131
S21400AD00012B16D1E078401A0021884205D8012F81
S21400AD102CBFC0190130C0B2F0BD431A6568A0EB65
S21400AD20530335F913509542D4BF194603F1FF304B
S21400AD30EBE760680028EFD0B0F90040944204DBEF
S21400AD40B0F902409442B8BF144683883544FF2BBE
S21400AD5019BFC8232827B0F90630B0F90870A3EB4E
S21400AD6004030CBF0122002293FBF7F36E78134412
S21400AD701BB29E4201DD002B01DA731E1BB24FF49C
S21400AD807A7C00EBC305EA88AD685F1C14FB0252B0
S21400AD901D4622EAE2723BB25C329E42B2FBFCF2F5
S21400ADA004DD00EBC307BF889742EAD200EBC50379
S21400ADB09888904228BF1046884238BF0846AAE7BF
S21400ADC0FF20A9E70020A7E7FF4B0400E43C002093
S21400ADD00229F0B560D8314B595C02295CD8304B5B
S21400ADE013F83100012816D103EBC1039C78D878FC
S21400ADF0012C214638BF0121904294BFC1EB0001CF
S21400AE00C1EB0201001BCAB28242C8BF00225B68C7
S21400AE1033F91200F0BD002A3CD003EBC103596899
S21400AE20002939D09878904202D3B1F90200F1E7B0
S21400AE30DC78B1F900009442ECD95C788B88013C50
S21400AE40A3F1FF06734201F10405E4B2734101F178
S21400AE500C07DEB2B44216D805EBC3034FF47A757E
S21400AE606A43B3F902405B68D21A04EBD47302EB70
S21400AE70630292FBF4F29042CCDBB1F902009042FE
S21400AE80C8DC10B2C6E737F833C05E1C9445E3D37F
S21400AE903346DEE70348BDE70348BBE7FF4B040045
S21400AEA0E43C00200CFEFFFF0080FFFF08B50448CE
S21400AEB0FFF7FEFEBDE8084001202AF05EBE00BF98
S21400AEC0044C04007FB51422002101A810F0B2FB48
S21400AED0044B01A94FF0FF3002932AF094FE07B00E
S21400AEE05DF804FB006A18002DE9F0418CB0884636
S21400AEF0DDE912761D460446002847D0002945D0D5
S21400AF00002F43D0002E41D013F00F033ED120482F
S21400AF102049A360002A08BF01462362C4E9001343
S21400AF20404609A926F0D3FA68BB204609992FF0B7
S21400AF30C2FB294620462FF0BEFB6946404626F057
S21400AF4055FB00BB6946204626F080FB404603A919
S21400AF5026F057FBB8B9204603A926F077FB0697DC
S21400AF600127204645F0005506A90797089526F0C4
S21400AF706DFB204609A909960A970B952FF0C1FB91
S21400AF8020462FF07BFB0CB0BDE8F0812120FAE7CD
S21400AF9000010004000101042DE9F04F97B0894636
S21400AFA090461F460546DDF880A0002800F0BB80CE
S21400AFB0002900F0B8803AB1229B002B00F0B38045
S21400AFC0239B002B00F0AF80BAF1000F00F0AB809F
S21400AFD0219B002B00F0A78067B13C680026229BCF
S21400AFE043440293464507D307B13C60002017B0A0
S21400AFF0BDE8F08F3C46F1E75CB1229B219A9B5D51
S21400B000125D01345340239A04F00F049355013621
S21400B010E8E7A8EB060BBBF10F0F58D9434B4846A1
S21400B020C5E90034AC602C6213A926F050FA00285B
S21400B030DDD1284613992BF00F0B2FF03CFB594619
S21400B04028462FF038FB484604A926F0CFFA0028F9
S21400B050CDD1284604A926F0F9FA484607A926F0D5
S21400B060D0FA0028C3D1284607A926F0EFFA012314
S21400B07022992F4ACDF828A00B930C928A190D928C
S21400B08028464BF000520AA90E9303920F9226F020
S21400B090DDFA28460DA926F0D9FA239B039A9919BA
S21400B0A00123109111931292214A284610A9CDF837
S21400B0B04CA0149315922FF024FB284613A92FF0CA
S21400B0C020FB28462FF0DAFA5E4400288FD1229B18
S21400B0D003EB060B239B1E44029B9B4501D1464671
S21400B0E080E7ACB9219B2246CDE900A34946102350
S21400B0F02846FFF7F9FE00287FF479AF0AF1100220
S21400B10012F8013D0133DBB213700BB95245F7D18B
S21400B110219A1BF8013B125D0134534006F8013BAF
S21400B12004F00F04D8E7212061E700BF0303000402
S21400B130100000207FB50E461D460446F0B102B949
S21400B140E3B901230192029345F0005303930023D1
S21400B1500B4AA360C4E900232362204601A926F017
S21400B16075FA314620462FF0A6FA204629462FF0DB
S21400B170A2FA20462FF082FA04B070BD2120FBE729
S21400B18000000943084B984202D0084B984207D16A
S21400B1900B88B3F5105F14BF6FF085000020704772
S21400B1A06FF08500704700BF004440040013C004E1
S21400B1B01038102808D8064BC34013F0010F0CBFF8
S21400B1C06FF08600002070476FF08600704700BF63
S21400B1D0010101002DE9F04FA7B008AFCDE9050148
S21400B1E0DDE93295DDE9346A0021079238461022FF
S21400B1F09846DDF8D8B010F01DFA102200210CA8F1
S21400B20010F018FA069B2BB96FF08604204627B07C
S21400B210BDE8F08F079B002BF6D0B9F1000F01D1E7
S21400B220002DF1D1309B13B9319B002BECD116B910
S21400B230BAF1000FE8D1BBF1000FE5D04046059902
S21400B240FFF7A0FF04460028E0D1014628221CA8EC
S21400B25010F0F0F92022214614A810F0EBF91CA8F3
S21400B2602FF01FFA002840F0AF80DDE9061205989F
S21400B27014AB26F037FA04460028C7D11498FFF717
S21400B28097FF04460028C1D115B9CBF80000BDE7EA
S21400B290B14518D209EB05039E4214D25545B3D8E2
S21400B2A02A464946304610F017FA554B984526D0A0
S21400B2B006D3544B984524D003F54073984520D0C8
S21400B2C06FF08504A2E74F4B98451BD003F54073FB
S21400B2D0984517D04A4B9845F2D1554594D815F065
S21400B2E00F0291D12B46CDE9009614A91CA8FFF7B2
S21400B2F0FBFD814600285CD1CBF8005086E7B146BE
S21400B300EDE7B1461022002110A810F093F955453C
S21400B3103FF67AAF3C4B9845319B39D10D2B7FF4E5
S21400B32073AF01238DF84030309B0DF1410203F1DD
S21400B3300C0153F8040B8B4242F8040BF9D11B782E
S21400B340137001238DF84F3015F00F0842D025F00A
S21400B3500F034B440DF1300C03F1100E62461868D3
S21400B3605968083303C273459446F7D10F2D33D876
S21400B37025F00F03334403930CABCDE9017310ABF8
S21400B38000934246002314A91CA8FFF705FEB0E769
S21400B390102B7FF439AF309B10AA03F1100E9446A1
S21400B3A0186859680833ACE8030073456246F6D15E
S21400B3B0CAE752460021304610F03CF90023B9F1A6
S21400B3C0010FCBF8003002D06FF092041EE76FF04A
S21400B3D08B041BE70F2D8FD910ABCDE90296009397
S21400B3E00197002325F00F0214A91CA8FFF7D4FD2F
S21400B3F081460028DDD1B8F1000F3FF47DAFB7E7F6
S21400B400004440040010C0040013C0042DE9F04FAF
S21400B4108A46A1B00021DDE92A56DDE92C7905909F
S21400B420934606A81022984610F004F91022002130
S21400B4300AA810F0FFF8BAF1000F05D16FF08604E5
S21400B440204621B0BDE8F08FBBF1000FF6D00DB955
S21400B450002EF3D117B9B9F1000FEFD12E9B002BB8
S21400B460ECD040460599FFF78DFE04460028E7D14C
S21400B4700146282216A810F0DDF8202221460EA844
S21400B48010F0D8F816A82FF00CF9002854D15A4618
S21400B490514605980EAB26F025F904460028CFD174
S21400B4A00E98FFF785FE04460028C9D116B92E9BD4
S21400B4B01860C5E7BD4216D2AB199F4213D24E455F
S21400B4C0BCD832462946384610F006F93A4B98451D
S21400B4D05BD003F54073984531D0384B984511D072
S21400B4E06FF08504ACE7344B98454FD003F54073B6
S21400B4F0984525D0314B9845F2D14E4503D96FF08B
S21400B50089049DE73D46330798D133460122CDE9AD
S21400B51000570EA916A8FFF7E7FC2E9B05461E60EF
S21400B52000288DD04A460021384610F083F80023C4
S21400B5302E9A012D13603BD06FF0920480E73D46B3
S21400B5400D3E4E45DBD801238DF828302B460DF1F5
S21400B550290205F10C0153F8040B8B4242F8040B48
S21400B560F9D11B780D3513704FF48073ADF8363073
S21400B57006AB01930AAB009332460023CDE902578F
S21400B5800EA916A8FFF708FDC7E73D46103E4E4534
S21400B590B5D82B460DF1280C05F1100E624618683A
S21400B5A05968083303C273459446F7D11035DFE770
S21400B5B06FF08B0444E700BF0010C0040044400452
S21400B5C010B54FF42F720021044610F033F8802394
S21400B5D0C4F88C30054B04F19C00C4F88430012379
S21400B5E084F88830BDE8104025F0C8B8E5B30300FD
S21400B5F010B5D0F8A0400A468CB926F089FA044661
S21400B60010B90024204610BD2D2896BF064B0749CA
S21400B61053F82010064A074826F0C0FBF2E7D0F899
S21400B620A4101046A047ECE7F04C0400E8B3030073
S21400B63032AF030018B50300F8B590F880600446F2
S21400B64016B100263046F8BD26F095F80028F8D149
S21400B650012384F8803094F8883033B1D4F884100D
S21400B6601F4884F8886026F099FB4FF0FF37D4F81F
S21400B670B402421C1FD0C4F8B47210F0FF052CD0E0
S21400B680204626F075F82946204600F0A7FB00283D
S21400B690EDD0204626F07AF894F888303BB1D4F8FE
S21400B6A084100F4826F07AFB002384F888300023A5
S21400B6B084F88030C6E726F056FB431CDDD1D4F86C
S21400B6C08C30D4F89420013B9A4204DB054A0649A4
S21400B6D0064826F063FB0126E9E70126C7E700BF18
S21400B6E0BAC6030032AF0300F6B3030018B5030072
S21400B6F0F8B50B780446302B0D46164604D14B7829
S21400B70003F0DF03582B11D0284F6A1E12F8011FD2
S21400B710002934D128460A220FF07CFE202C03464E
S21400B7200D4631D1B1FA81F040091AE04A1C1F4992
S21400B73012F8013F8BB928460FF078FE1C4B0238F2
S21400B7402340032B12D10134A41084420AD1A878D6
S21400B75037288CBF0020012003E0CB5C13F04400A8
S21400B760E6D1F8BDCCBF01200020FAE7002CB8BF18
S21400B7700334B0EBA40FD4BF01200020F1E77B5CBC
S21400B78013F00400C2D1ECE726B1084302D0013B17
S21400B79061F100050122A240013A1A40002D08BFBF
S21400B7A09A420CBF01200020DBE700BF557304005F
S21400B7B003000080F0B5037801467B2B17D10646C0
S21400B7C0022400220B4F16F8015F7D2D05D10B5D7C
S21400B7D06BB9D24302F0010008E07B5D13F0440031
S21400B7E002D001320134EEE7202DFBD0F0BD002060
S21400B7F0FCE700BF5573040070B506460D460FF013
S21400B80015FE0446304626F0C9FA044EAC4200D374
S21400B81070BD304626F0C2FA0134F7E792BD030049
S21400B8202DE9F84F044602215148FFF7E5FF1E2197
S21400B8302068FFF7E1FF6368586826F0AFFA4D48C6
S21400B84026F0ACFA67683B7BFD2B12D8D7F8088049
S21400B8504FF0FF3640460FF0E9FD0546DFF8109141
S21400B860DFF870A1DFF84CB10C3717F8013BFF2B5F
S21400B87001D1BDE8F88F212B18D8212B36D8DFE868
S21400B88003F0377274111B1D1F21353535353535DC
S21400B8903535232527292B2D2F31353535353535AB
S21400B8A035353D33344C002D2BD12EE0334C344A05
S21400B8B0FE2B08BF1446F6E7324CF4E7324CF2E7AC
S21400B8C0324CF0E7324CEEE7324CECE7324CEAE72B
S21400B8D0324CE8E7324CE6E7324CE4E7324CE2E73B
S21400B8E0324CE0E7324CDEE7324CDCE7234CDAE75A
S21400B8F0314CD8E726F046FA01362AE0002DB4D0BF
S21400B9002E4C202B06F10106AFD002214846FFF749
S21400B91073FF1E214846FFF76FFF504626F03EFA9B
S21400B9205946204610F0DCF82549002818BF214665
S21400B930244826F033FA3B78202B02D12B2026F021
S21400B94021FA214826F02AFA4DB118F806301F2BA6
S21400B95005D018F806001F2801D0AE42CADB0548FD
S21400B96026F01CFA81E7194C9DE7194C9BE700BFAF
S21400B970A600040032AF0300A0B40300B2B4030074
S21400B980D8D00300FDB4030004B50300F5B40300EB
S21400B990F1B40300E8B40300DEB40300D4B403003B
S21400B9A0E9B40300DFB40300D5B40300CAB403004F
S21400B9B0C3B40300BAB403009FB40300A5B40300E5
S21400B9C0B0B40300BAC6030029B80300FCB40300F1
S21400B9D003B50300C0D103002DE9F04F9BB0054628
S21400B9E08B460024009203930FF020FD249F039BB8
S21400B9F004901C6028463C600AAA09A926F0F0F9C3
S21400BA00064658B90A980FF011FD3446B046039B17
S21400BA101860D5F89C300293029B1BB920461BB0D9
S21400BA20BDE8F08F029BD3F80890B9F1000F6CD0F8
S21400BA302E4416F8013B202B11D000260C2373430E
S21400BA4009EB030A59F803300193002B58D0099BE1
S21400BA50434555DB9AF808202AB1721C39E03B684A
S21400BA6001333B60E5E73968D5F894200793039BDC
S21400BA70521A1A601AAB03EB880151F8403C019940
S21400BA80184605930FF0ECFF06900028E5D10198C4
S21400BA900FF0CCFCDDE906230146DAF80400D7F8FF
S21400BAA000A090F80CC0BCF1FE0F16D103F1FF3ECB
S21400BAB0C64512D0D0F80090059801920FF0B6FC5B
S21400BAC00AF1010A019A50442B5C23B1386008F150
S21400BAD001081646B2E70130F6E7D5F8942005913E
S21400BAE0A2EB0A028A4220DC58460FF09FFC05991A
S21400BAF001447B290DD958461F4A009924F065FE5B
S21400BB002B46049A2A4493422CD1029B1B6802932C
S21400BB1082E7DDE90012584624F057FE5846174AD9
S21400BB200099013424F051FE97E7BCF1FE0F94D142
S21400BB30013B434591D1D0F800A0DFF840905AF879
S21400BB400C2B22B9049B3B60039B1A60D8E758462F
S21400BB50009924F03AFE4A465846009924F035FEED
S21400BB600134ECE713F8011B0029CCD14FF020017B
S21400BB7003F8011CC7E700BF0AB5030092BD030027
S21400BB802DE9F047002486B01C60DDE90EA80646C5
S21400BB9089468AF800401168154888F8004017461C
S21400BBA01D468DF81740FCF7A5F818B901242B6838
S21400BBB001332B600020D6F89C6036B914B10123FF
S21400BBC088F8003006B0BDE8F087B06868B14B462C
S21400BBD00021CDE902A8CDE900750DF1170225F088
S21400BBE036FF9DF81730002BE8D13668E5E700BF32
S21400BBF00FB503002DE9F0470446ADF5447D8022DD
S21400BC00002104A802AF0FF015FD80222046009701
S21400BC1003AB04A9FFF7E0FE01283DD104A80FF00E
S21400BC2005FC03993B68461A0B4426EAE67623444D
S21400BC30054604A83246014418460FF08BFE002243
S21400BC408255D4F89060039B3968D4F89020194444
S21400BC50B14212DCD4F89410E81A0244C4F89020DA
S21400BC60014404AAC4F89410D41825182B1B002BE2
S21400BC700DDC0DF5447DBDE8F087A05C26F082F86B
S21400BC80D4F8903001360133C4F89030DBE714F86E
S21400BC90010B26F077F8E9E7EBDD24AD80220021E2
S21400BCA028460DF5887A0FF0C5FC0DF110094FF403
S21400BCB00072002150460FF0BDFC4FF001084A46C6
S21400BCC0002312F8016BA6B904A84AF828300FF032
S21400BCD0ADFB2946334698451CDB19F8016B0DF57C
S21400BCE0887C5CF8042B82420CD101F8016B01338E
S21400BCF0F1E7202E03F1010304BF4AF8283008F1CB
S21400BD000108DEE70DF1100E7244D25CB242E8D0B4
S21400BD100022EA54D4F89060039BB3422FDC2346FB
S21400BD202C4A04A92C4826F039F828460FF07EFB4A
S21400BD300646039B3F68F61A1F4426EAE672E01999
S21400BD4017441D44E11904F1900399423CD904F1CB
S21400BD509803984238D26A1E81190B1A002B27DDE9
S21400BD6012F8013F00F8013BD4F890300133C4F8D4
S21400BD709030D4F894300133C4F89430EDE7D4F81A
S21400BD8090300136E05C25F0FDFFD4F890300133AA
S21400BD90C4F89030C0E7D4F89020013B0132C4F8D4
S21400BDA09020D4F894200132C4F89420002BF2DCC2
S21400BDB000232E44E355731B002B7FF75AAF15F86C
S21400BDC0010B25F0DFFFF6E729460FF0C3FD3346EB
S21400BDD0ECE700BFE5B3030014B503002DE9F84314
S21400BDE0D0E9245604460F46002294F89830012BDA
S21400BDF007D10A2F07D1002384F898300020BDE829
S21400BE00F88300F29F801B2F01D10223F4E70D2F49
S21400BE100DD1012384F898300D2025F0B3FF0A20B9
S21400BE2025F0B0FF00230120C4E92433E7E74FF0F4
S21400BE300008082F84F8988034D1454530DDB54297
S21400BE400FD1384625F09EFF202025F09BFF013DB0
S21400BE50384625F097FF013E04F80580C4E92456CD
S21400BE60CCE7FBDA05F1FF39384625F08BFF04EB0B
S21400BE700903A6EB0902611918460FF02DFC04F819
S21400BE8006800146013E484825F088FF35464D4568
S21400BE9001DC4D46E2E7082025F074FF013DF6E799
S21400BEA0ACD0DBE77F2F1CD1002EA7DDB542A5DA8C
S21400BEB06319691C21441846721B0FF00DFC04F828
S21400BEC006800146394825F069FF0820013E25F026
S21400BED059FFB542F9D1D4F89430013BC4F89430F8
S21400BEE08CE70A2F98D0092F03D12046FFF782FE51
S21400BEF084E7D4F88C30013BB3427FF77FAFB5427E
S21400BF0004EB050805F101090CDB384688F80070DB
S21400BF10D4F89430C4F890900133C4F8943025F0E7
S21400BF2031FF6BE74146721B04EB09000FF0D4FBB0
S21400BF30404625F033FF0820013E25F023FFB5429A
S21400BF40F9DDE2E7022B06D15B2F01D1032353E78D
S21400BF5084F8982049E7032B7FF450AF413F84F8DC
S21400BF609820032F3FF64AAFDFE807F002070A16CD
S21400BF700121204625F0B7FE40E74FF0FF31F8E7F5
S21400BF80B542BFF63BAF605D25F0FCFED4F89030BE
S21400BF900133C4F8903031E7002D7FF72FAF013D15
S21400BFA00820C4F89050BAE71DB5030017B903007F
S21400BFB008B50248FEF79CF9002008BD00B4C4048A
S21400BFC030B58BB06C46174D0FCD0FC40FCD0FC4D8
S21400BFD095E8030084E80300134BD3F84C211203C2
S21400BFE01CD5A3F5FE431C884FF6FF739C4208BF82
S21400BFF08C248DF81940FEF763FA204480F308007D
S21400C0008DF818000948FBF70DFF6846FEF7C0F9E3
S21400C0103220FEF75BFA00200BB030BDD3F850415B
S21400C020E4B2E6E7A84D04000080E00F00F0490205
S21400C0300028ACBF00F16040064B4FEA0111C9B2C0
S21400C040ABBF00F5614000F00F0080F800131954F4
S21400C050704700BF14ED00E008B52EF0C3FA0B4B96
S21400C0601A7872B901221A702EF0B7FA6FF004022D
S21400C07010460132052152B2FFF7DAFF3D2AF7D10A
S21400C08008BDBDE808402EF0A8BA00BFEF5B002050
S21400C090002807DB01234109034A00F01F00834004
S21400C0A042F82130704700BF00E100E0054B421126
S21400C0B053F8223000F01F0023FA00F0C04300F0CF
S21400C0C00100704700E100E0002808DB0122430978
S21400C0D0034900F01F008240603341F82320704778
S21400C0E000E100E010B504462EF06FFA024B1C602B
S21400C0F02EF066FA002010BD0C3D002010B52EF084
S21400C10064FA034B1C682EF05BFA204610BD00BF95
S21400C1100C3D002038B50C461546014610B9FFF711
S21400C120EDFF01462B46224603480EF093F9002801
S21400C130D4BF3720002038BD371F030008B500F0F5
S21400C140E3FB18B16A2102482EF041FB002008BD2F
S21400C15022B5030008B500F049F80C4A536A43F4C8
S21400C16070235362EFF308834FF0CD31084A043B47
S21400C170934208D200F070FAFFF7E0FFBDE80840EF
S21400C1800448FEF795BD43F80419F1E700ED00E01A
S21400C19008000020044C040007B5042200200DEB24
S21400C1A0020129F0A8FC042803D0D72104482EF069
S21400C1B00EFB019800F0DCF903B05DF804FB00BF4D
S21400C1C022B50300082310B50C0A41400648C9B240
S21400C1D041F30002013B024013F0FF0382EA5101E3
S21400C1E0F6D184EA010010BD2083B8ED38B5FEF71D
S21400C1F03BFC044625F0AEF8E3072AD4012210469D
S21400C200114600FA01F3234002F1010223D01D4B30
S21400C21033F811301C48062B028844881B4920D16D
S21400C2204FF20F039C4219D1B2F5406F28BF4FF46E
S21400C230C0624CF23C330A80438040F201730A88A5
S21400C2409A4201BF124B134AD2E90001C3E900012A
S21400C25015E00021DBE7102AD2D1DBE74FF4C062FD
S21400C260E7E740F20725AB420AD14FF20F05AC4292
S21400C27006D19A4204D14CF23C320B80428038BD43
S21400C2800B80DAE76C4F040000630020DA560020CB
S21400C290103D0020F8620020014B1888704700BF50
S21400C2A0DA560020014B1888000A7047DA5600203C
S21400C2B0044B05481B881A0AB3F5406F38BF00EBDD
S21400C2C082007047DA5600203C4F0400044B188862
S21400C2D0044B020A53F82230C0B203EB80007047CA
S21400C2E0DA5600200C4F040010B504462EF071F903
S21400C2F04FF20F02044B1C805A80BFF35F8FBDE8DD
S21400C300104025F0E2BD00BF006300206D4A2DE915
S21400C310F0416D4B55686D4C5D65516A99656C4989
S21400C320D1F80002D865D1F80412586B1966916AE4
S21400C33010F0040F5966D16A4FF000009966116B31
S21400C340D966516B1967D26BD8645A67D3E90E1257
S21400C35018BF11465F4A91421A655DD301F120006D
S21400C360A04259D88869C5F308051864CE69062D19
S21400C3705E6455D1584DA84252D3584DA8424FD26C
S21400C38005884DF6426085424AD11868C3F8900089
S21400C3905868C3F8940040F20170A242154604D2D1
S21400C3A02E680432B6F1CD3FF7D00022C3E91E2234
S21400C3B0C3E92022C3E92222641BDFF81CC1434DD7
S21400C3C0DFF818E19C648D422DD8D3E91EC7D3E967
S21400C3D02065D3E922414FF0000E013AD2B2FF2A7F
S21400C3E03CD1BEF1000F05D0C3E91EC7C3E92065E6
S21400C3F0C3E92241B3F85430C3F308030C2B3BD8EF
S21400C400022B54D9DA1E092A51D8DFE802F0315738
S21400C410404350505050504D0021C3E910112D4953
S21400C4204FF42060B9E755F8044D6445CBD3744506
S21400C430C9D2E607C7D50026294F57F8048FA0456E
S21400C440C1D00136062EF8D132B1013AD2B202F18D
S21400C4501E0643F82640B6E70522F8E7E0464FF00A
S21400C460010EBC4637462E4625460C464146B4E7E6
S21400C47040F60120BDE8F0813B2B18D1194B9B6993
S21400C48013F0020F40F2025318BF1846F2E740F6C8
S21400C4900320EFE740F6042240F20173B0F5206F68
S21400C4A00CBF10461846E5E740F60520E2E740F6E2
S21400C4B00722013B4B2B98BF1046DBE740F60220D5
S21400C4C0D8E700BF00ED00E06862002008100020FA
S21400C4D000E100E008000020D0420000E0AB0300CE
S21400C4E0DC6200200080015A00F00CB800F00AB8A8
S21400C4F000F008B800F006B800F004B800F002B883
S21400C50000F000B872B61EF0080F09D01EF0040F37
S21400C5100DD0DFF850E0AEE8FF1F6FF002000CE031
S21400C520DFF840E0AEE8FF1F6FF00E0005E0DFF832
S21400C53034E0AEE8FF1F6FF006006946EFF30982AD
S21400C5408EE8070086460848084C854501D3A54571
S21400C55001D384F30888FFF7D9FE84F30888FFF731
S21400C560C3FE00006862002048000020081000207B
S21400C5704BF6EF6283B2002B08BF1346044A000C4A
S21400C58013804FF6CE2308BF1846024B188070471C
S21400C590026B0020006B00200B4BB3F900201888BC
S21400C5A0002AB8BF80F0620042001A80074AB2F93B
S21400C5B0001013880029BCBF83F4805383F00B035C
S21400C5C05900118058407047026B0020006B002015
S21400C5D007B5684600F01AF8DDE900010022034BB3
S21400C5E003B05DF804EB25F06CBF00BF183D0020DB
S21400C5F007B5009313460A460146034825F015FD85
S21400C60003B05DF804FB00BF183D00200249034A52
S21400C6100160521A42607047C86B0020000001207B
S21400C62000487047183D002038B5416004462DF09C
S21400C630CCFF05462146044824F0A3F82846BDE86A
S21400C64038402DF0BDBF00BF403D0020014824F01B
S21400C65095B800BF403D00200222014B1A67704784
S21400C6600040005070B52DF0B0FF174E0546174835
S21400C6702EF056F83378CBB900F046F9044620B1D0
S21400C68028462DF09DFF204670BDFFF7DFFF2EF0F9
S21400C69011F90F4B1C602CF0E9FD0E4B0E4A18608A
S21400C6A0536F43F00103536725F027FF00F028F887
S21400C6B025F03AFF094B0024186001232846337002
S21400C6C02DF07EFFDFE700BFFB5B0020E44D04009B
S21400C6D0443D00206C3D002000400050483D0020B6
S21400C6E0054B1B685843054B00F5742000F23F20AD
S21400C6F0B0FBF3F0704700BF6C3D002040420F00D7
S21400C700294B2A4AD3F8003170B503F003031360AF
S21400C7102CF042FB4FF4C870FFF7E2FF0022244BD8
S21400C72024491860244C0B680132D2B20A2A44F815
S21400C730040BF9D1034400EBC00003440B601F4B0D
S21400C7401F4D1B7813B3184BD3F8003103F00303C7
S21400C750022B22D0032B23D0012B17D12CF0B4F8B8
S21400C760024698B1174B184EDC6800231946C4F3EE
S21400C7700B04013404EB84040138E4FB06010EF0DC
S21400C780EDFBFFF7ADFF2B6803442B601F20FFF780
S21400C790A7FF2B6803442B6070BD2CF0DFF8DFE7A3
S21400C7A02DF026FFDCE700BF00800050AC3D0020E7
S21400C7B0703D0020743D0020783D0020FF5B002087
S21400C7C0A43D002000C0015040420F000122154B3E
S21400C7D010B55A67144B154C1B7813B302202EF075
S21400C7E05AF8F0B12CF0C8FDD8B1A36DD90302D524
S21400C7F0E36D9A0715D40D4B9B6DDB0711D4012210
S21400C8000B4B1A702EF03BF8BDE81040094B0A4A55
S21400C8101860136F23F0070343F0030313672CF02D
S21400C82039B810BD00D00050005C002000C0005099
S21400C830FD5B0020A03D0020008000500122014B3F
S21400C8401A707047005C002007B5FFF7C1FE01A80C
S21400C850FEF778F99DF80530012B25D1234B9A6D0C
S21400C860D20311D45A6B6FF3162242F4BC1242F470
S21400C870A0625A631A6B22F4704242F440421A6372
S21400C8801A6B42F4E0621A639DF8043063B94FF005
S21400C89000531B68164B1B68164B1B68164B1B6811
S21400C8A0164B1B68164B1B68164AD2F8803043F0AE
S21400C8B00303C2F8803025F03FFEFFF7CDFBFFF7FD
S21400C8C077FBFFF77DFB0DF00FFEFFF7CBFE00F0CA
S21400C8D01BF825F032FEFFF73DFC25F03DFE28F064
S21400C8E03AFF03B05DF804EB25F028BE00C0005008
S21400C8F0004000200080002000C000200000012032
S21400C900004001200080005070B52DF06BFE144EE4
S21400C91005463478FCB9134B1C60134B1C60134B54
S21400C9201C6000F031F801202CF014FE2CF006FEFE
S21400C9300F4B0246186020B928462DF04EFE2320E5
S21400C94070BD234640F2E7310A480EF007FB0A4B5B
S21400C95018600123337028462DF03FFE0020EFE7D5
S21400C960035C0020BC3D0020B83D0020C43D0020F4
S21400C970C03D002018FCFFFFB43D0020014B1868A6
S21400C980704700BFB43D00201FB50024184B186840
S21400C9909A880290D3F806009B7A00901548ADF866
S21400C9A00C208DF804302DF0BBFE02A88DF8084050
S21400C9B08DF80C40FEF7A2F8694601208DF800407D
S21400C9C0FEF760F81F220C4B9A615A614FF0B04296
S21400C9D0936A13F00803FBD113620120FEF76CF88C
S21400C9E00A20FFF771FB0A20FFF752FB04B010BDC8
S21400C9F0954F0400DC4D04000020005810B52DF0C3
S21400CA00F1FD4FF0B04304465B691A07074A03F08E
S21400CA10010003F00D0348BF40F0020053612CF004
S21400CA20C1FC2046BDE810402DF0D7BD00200058C0
S21400CA3021282DE9F341054604D82C46204602B0AD
S21400CA40BDE8F08100240B4E0B4FDFF8308000234A
S21400CA50CDF800801A461946386824F0DBF984427F
S21400CA60EBD2222CE9D056F8043BAB42E6D0013498
S21400CA70EDE700BFB452040004660020FFFF0F007D
S21400CA802DE9F04F644E654D89B025F0B1FD316853
S21400CA902868FCF74DFB0446002827D0336800249E
S21400CAA0D3E900019A6912689047336804A89B6925
S21400CAB09B689847336802209B69DB689847326812
S21400CAC005985368E7B2B3FBF0F3BB42916904F1F3
S21400CAD001044ED8CB680020984733689B695B6892
S21400CAE0984731682868FCF723FB04460027DFF8E0
S21400CAF044A1DFF84481DFF84491F4B9484B286834
S21400CB00DB5D002B00F08380D8F8006002AB314676
S21400CB1003AAFCF78FFC2D2807D070B9039B012BC6
S21400CB200BD031462868FCF7D9FEDAF800303146DB
S21400CB301A682868FCF752FE04460137222F0AF1CD
S21400CB40040A08F1040809F10109D6D1B4FA84F3FD
S21400CB50344A5B0913702B681B7C33B125F014FD37
S21400CB6018B1DB2130482DF032FE204609B0BDE872
S21400CB70F08F12680B6907FB002098479FE7D8F8EC
S21400CB80003003AA194402AB0191FCF753FC2D2890
S21400CB90034601992BD0286813B30BF1010B5FFAFB
S21400CBA08BF18E422868EAD8204BDB5D002BC4D080
S21400CBB0F3B27E2B2868C0D8D8F8003003AA06EB5C
S21400CBC0030B594602ABFCF735FC2D28B5D0594669
S21400CBD02868FCF783FE013604460028E8D0ACE758
S21400CBE0039B7BB999F80020029B9A42D5D099F80E
S21400CBF00030DAF800202868FCF7EAFC0028CCD0E1
S21400CC000446D1E70191FCF769FE0199EFE7084B6E
S21400CC10A346DE5DC3E700BFE4650020046600208F
S21400CC2090520400055C0020A9B503006E52040073
S21400CC302A520400A04F0400B45204004C520400D0
S21400CC40F8B51F46214B04461B780D46164623B101
S21400CC5000F47E23B3F50E2F2BD02046FFF7E8FE18
S21400CC602128044614D81A4B53F82010194B1B7869
S21400CC70ABB1194B212C18681DD8184B1B5DD3B1CE
S21400CC803268FCF7ABFD044650B125F07CFC07E0AB
S21400CC90FF2807D93A46314680B225F088F90024A5
S21400CCA02046F8BD4FF4A9710D482DF090FD0021E7
S21400CCB0DCE70146DAE77F2D08BF00253B46324613
S21400CCC051FA85F1FCF784FCDDE700BF045C002028
S21400CCD0B4520400055C0020046600209052040054
S21400CCE0A9B5030030B5134600F07E62B2F17E6F40
S21400CCF08BB00DD10A46C0F30B016846FEF71AFA50
S21400CD0020B140F2931109482DF061FD0BB030BD03
S21400CD105A0825F03BFC0028F8D04FF49C710348D5
S21400CD200BB0BDE830402DF052BD00BF3AB6030050
S21400CD302DE9F743C70705460E46144604D540F2CC
S21400CD40E31149482DF043FDE10704D54FF4F27195
S21400CD5045482DF03CFD454B93F80080B8F1000F98
S21400CD6020D043F260239D4208D1224631464048F7
S21400CD700EF0F0FD002003B0BDE8F083C5F30B070E
S21400CD8005F44055B5F5805F14BF4FF40F204FF4FF
S21400CD900E20234632467F21384303B0BDE8F043D9
S21400CDA0FFF74EBF05F47043B3F5805F3FD1C5F380
S21400CDB00B05304A05F17E65631E2B44934230D83E
S21400CDC02F46DFF8A49007EB0408474542D1AA0790
S21400CDD00ED04FF6FF7336F8022BA81E43EA024326
S21400CDE004220DEB02010193FFF77CFF0235023CA3
S21400CDF0A3070ED0023C24F00103F35A04226FEA84
S21400CE0003436FEA13430DEB020128190193FFF762
S21400CE1069FF002CAED0224631462846FFF762FF57
S21400CE20A8E740F2FD1110482DF0D1FCC8E705F444
S21400CE306043B3F5005F04D1C5F30B0505F53E2549
S21400CE40BEE740F2052108482DF0C1FC6FF00F0741
S21400CE504546B6E717F8013BFF2BB6D04FF40471F2
S21400CE6048462DF0B4FCB0E73AB60300045C002058
S21400CE70046B0020FF03E00F10B500F077F825F0F4
S21400CE80D1FB044618B100F079F8204610BD00F03A
S21400CE907BF804460028F6D10122014B1A70F2E70F
S21400CEA0065C0020054B1B7833B1054BC0F313011D
S21400CEB000221868FCF7D6BC11207047065C0020DC
S21400CEC004660020144B2DE9F0411B7805460E46FB
S21400CED01746FBB125F08DFB012805D9841EE4B268
S21400CEE0012C09D9212412E03B4631462846BDE8EC
S21400CEF0F041002200F052B800F038F83B4600221D
S21400CF003146284600F076F8044600F037F820460A
S21400CF10BDE8F0811124FAE7065C0020124B70B5DC
S21400CF201B7804460D461646E3B125F062FB012841
S21400CF3005D9831EDBB2012B08D9212410E0324626
S21400CF4029462046BDE8704000F040B800F00EF8D4
S21400CF5020463246294625F067FB044600F00EF8C8
S21400CF60204670BD1124FBE7065C002008B52DF0B6
S21400CF702CFB014B186008BDC83D0020014B18680B
S21400CF802DF01EBBC83D0020024B1968024B1868E6
S21400CF90FCF7CEB8E46500200466002037B50546E9
S21400CFA00C46C0F313010848ED02006805D522467A
S21400CFB003B0BDE83040FCF709BA0093134622469A
S21400CFC0FCF7BEF903B030BD0466002030B4054659
S21400CFD01346074A0C46C0F313011068EA0203D54D
S21400CFE0226830BCFCF7FABB224630BCFCF7F0BA2D
S21400CFF004660020F7B505460F4614461E461BB9C4
S21400D0002125284603B0F0BD0029F9D025F0F1FA15
S21400D0104BF23462ABB2934220D14FF0FF3322463C
S21400D0206946CDE9003325483346FFF7E3FF08227B
S21400D0300546234968460EF049FE38B9334622466F
S21400D040694641F2F010FFF7D5FF0546002DD8D10E
S21400D0503246694638460EF07DFCD2E741F2F012C1
S21400D06093420FD1174B311908299A6CDB6CC7D83D
S21400D070CDE9002332460DEB040138460EF06AFC7B
S21400D0800025BEE702280BD1C5F30C4332199342A4
S21400D090B6D3C5F30B0104F17E6432462144ECE7B7
S21400D0A0032809D1C5F30C4332199342A8D3C5F31C
S21400D0B00B0104F53E24F0E70125A2E7021008C0A4
S21400D0C0405304000080E00F10B527F00DFD28F057
S21400D0D0A4FDBDE81040034601210220014A02F0EB
S21400D0E00BBC00BFD1B6030013B5D0E9023253F82B
S21400D0F022301C78204627F009FD234600900121A7
S21400D1000220024A02F0F8FB02B010BDE5B60300AA
S21400D110014B187827F0E2B8075C0020FF232DE9C2
S21400D120F04F8FB01122002108A88DF813300EF0B2
S21400D13081FA08A826F092FA01210220B04A08AB2C
S21400D14002F0DAFB41F24903AE4A0121022002F066
S21400D150D3FB06A826F0B1FB08A90DF1130026F0B4
S21400D160B7FB02200021A84A02F0C6FB002027F0E9
S21400D170E6F810B106A809F047FE9DF92A3001210D
S21400D1800220A24A00939DF82B3002F0B5FB27F050
S21400D190A7FC831EDBB2FC2B054631D801210220FA
S21400D1A09B4A02F0A9FB01249A4E9B4FDFF8D082DF
S21400D1B0234632460021022002F09EFB05A9E0B27B
S21400D1C027F090FC034650B1A0F11602012A40F267
S21400D1D0AA8042460121022002F08EFB0CE09DF957
S21400D1E014303A4601939DF8163001210093022030
S21400D1F09DF8153002F080FB0134E3B29D42D7D88B
S21400D200BDF8284008F0ECF923460021834A009038
S21400D210022002F071FB02200021814A02F06CFB22
S21400D220002027F08CF810B108A809F0EDFD0121C8
S21400D2307C4A022002F060FB27F0AEFB044627F093
S21400D240A9FB23460121784A0090022002F054FBF5
S21400D25008F09EFE00210220744A02F04DFB9DF865
S21400D2601330FF2B65D000210220714A02F044FBE8
S21400D27001216C4A022002F03FFB26F02EFB012122
S21400D28003466C4A022002F037FB08F081F90021C1
S21400D2900346694A022002F02FFB26F024FB0446D0
S21400D2A026F023FB23460121644A0090022002F068
S21400D2B023FB2DF099FA08F013FF01210346604A7C
S21400D2C0022002F019FB0025DFF8B88108F008FFFD
S21400D2D0ECB2A04233D82DF087FA0123594A1946FA
S21400D2E0022002F009FB002026F0F8FF564B574CB0
S21400D2F00093012100230220554A02F0FDFA23681C
S21400D30063B1012102201B78524A02F0F5FA236825
S21400D310012102205B78504A02F0EEFA26F0E3FF85
S21400D3200FB0BDE8F08F012102204C4A02F0E4FA6B
S21400D33062E7002102204A4A02F0DEFA98E7494BEB
S21400D340204603EB0416D6F8089008F083FF8246C2
S21400D350204608F0CBFE444F00280CBFC346BB4611
S21400D360204608F077FF0AF031FD002808BF474640
S21400D370534600210220CDE900B73C4A02F0BCFA31
S21400D380B37901210293B388022001937388384A47
S21400D3900093337B02F0B0FA0026DFF8ECB099F881
S21400D3A00430F4B2A34203D82DF01EFA01358DE7FF
S21400D3B014235C43D9F8007002203A5B07EB040A9A
S21400D3C09AF90C3000922B4A002132EA230228BF39
S21400D3D05A461346284A02F08FFA002026F0AFFF7E
S21400D3E038B150463C5B26F0E7FA014620460AF084
S21400D3F03BFD01210220214A02F07EFA0136CEE7EB
S21400D40026B7030035B7030051B703007DB7030006
S21400D41058B703006EB7030075B70300AAB703003A
S21400D420CAB7030014B80300D3B70300F5B7030068
S21400D43057D8030000B8030016B803002CB8030042
S21400D44042B80300BBB80300D3B80300C4420020B0
S21400D450C7B80300E1B80300F5B8030092B70300AD
S21400D460B2B40300F8410020FDB603004DB8030037
S21400D4706DB803001AB70300A3B80300A6000400A3
S21400D4809DB7030005B703000EB703002DE9F74369
S21400D4900025134EDFF8588008F022FEECB2A042BA
S21400D4A002D803B0BDE8F0832701204616F807909F
S21400D4B008F01CFE0B4A4B46002808BF42460021D7
S21400D4C002200092084A02F017FAF05D26F011FAE0
S21400D4D001210220054A02F00FFA0135DCE700BF01
S21400D4E0F84100203F07040010B90300A60004001E
S21400D4F04907040008B583685A681178C26853F86B
S21400D5002230A1F1650251425141187808F0A4FF7B
S21400D51030B9BDE8084001210220024A02F0ECB909
S21400D52008BD00BF1BB9030000210220014A02F01B
S21400D530E3B900BF35B9030000210220014A02F01A
S21400D540DBB900BF63B9030010B5044686B01822E5
S21400D550002168460EF06EF8684626F03FFED4E9D5
S21400D560022052F8203002EB80021B788DF80B3038
S21400D570516891F900108DF80A1091680988ADF885
S21400D58008106168091A032907DDD26803F01F0333
S21400D590127843EA42138DF80B30684608F0CEF84E
S21400D5A000210346024A022002F0A6F906B010BD8A
S21400D5B07FB9030007B5002027F056FA0021009037
S21400D5C0034B0220034A02F097F903B05DF804FB10
S21400D5D08CB9030092B9030013B5D0E9023253F8B0
S21400D5E0221003EB82035B68087819680023094C55
S21400D5F0A222994208BF2146C01A18BF012027F070
S21400D60027FA01210090044B0420044A02F074F922
S21400D61002B010BD00F8FF079DB90300ABBA0300C7
S21400D62013B5D0E9023203EB820153F82230D1E978
S21400D63001141878FF22003818BF012023780968E3
S21400D64027F006FA01210090034B0420034A02F05B
S21400D65053F902B010BD00BFA4B90300ABBA030073
S21400D66008B5002101230C4A27F077F80A4826F06F
S21400D670D7FD0020094909F05FFC002026F05FFE78
S21400D68010B1054809F0C0FBBDE8084001210420A0
S21400D690034A02F031B900BF39610020B9B903006E
S21400D6A0A600040010B526F022F9034630B1BDE806
S21400D6B0104001210420054A02F01EB90121BDE8F0
S21400D6C010400420024A02F017B900BFC7B9030091
S21400D6D0D8B9030010B526F0A5FDBDE810400346F6
S21400D6E001210220014A02F007B900BFE3B9030096
S21400D6F010B526F069FDBDE8104003460121022062
S21400D700014A02F0F9B800BFF9B9030037B5D0E90D
S21400D7100232012453F822304FF6FF701D78FE22A5
S21400D72004FA05F1002327F0FFF92B460090214666
S21400D7300420024A02F0E0F803B030BD0DBA030040
S21400D740D0E9023253F822301B7823B1012102209F
S21400D750024A02F0D1B8024A137070472CBA03008E
S21400D760075C002007B5684626F0A7F807F038FFE4
S21400D77001210346084A022002F0BEF8684609F076
S21400D78043FB08F0A1F901210346044A022002F0F7
S21400D790B3F803B05DF804FB42BA03005CBA0300BA
S21400D7A037B5D0E90245406854F82530401B0328B9
S21400D7B0D8BF002004EB8504C8BFE068197863680A
S21400D7C0C8BF00781A78A36893F90030009001204B
S21400D7D027F02EF938B901210220084A03B0BDE827
S21400D7E0304002F089B8064B0190009301210220D8
S21400D7F0044B054A02F080F803B030BD6DBA030052
S21400D80075BA030049E9030089BA030007B5012089
S21400D81027F016F948B9009001210220084B094A62
S21400D82002F06AF803B05DF804FB054B0190009324
S21400D83001210220044B054A02F05EF8F2E700BF21
S21400D84075BA0300A0BA03002E15040089BA0300B7
S21400D85008B5D0E9023253F82230187827F0A2F83B
S21400D86030B9044A0121BDE80840042002F044B85B
S21400D870014AF7E7B5BA0300D1BA030008B5D0E904
S21400D880023253F82230188827F08AF830B9044A52
S21400D8900121BDE80840042002F02EB8014AF7E74F
S21400D8A0F0BA030020BB030073B50378044613F0F8
S21400D8B0050F0ED04588062D17D1836801215B68B9
S21400D8C0174A1B780193838804200093154B02F0B7
S21400D8D013F82378012B20D001210420114B124A83
S21400D8E002B0BDE8704002F007B835B98388012160
S21400D8F004200E4A02F000F8EBE7012DE9D1866815
S21400D9000B49002009F018FB304609F07DFA29463D
S21400D9100420084A01F0F0FFDBE702B070BD00BF4C
S21400D92056BB03004DBB0300A8BB030073BB03003C
S21400D93090BB0300A60004002DE9F04F00268FB030
S21400D940364D09AC0FCD0FC42B6801210220344A96
S21400D950236001F0D1FF3446DFF8DC9025F0C1FFEC
S21400D960F5B2A8420BD825F0BCFF23460090012153
S21400D97002202C4A01F0C0FF0FB0BDE8F08F284609
S21400D98005A926F0F9FF0346002841D19DF814307A
S21400D990032B39D904238DF814302B46002102209E
S21400D9A0214A01F0A9FF9DF814300EAA02EB83036A
S21400D9B000214A4653F8143C022001F09DFF2846F9
S21400D9C09DF821A09DF815B09DF81870BDF816803A
S21400D9D026F0D4FF5346CDE9028000210220CDE98F
S21400D9E000B7124A01F088FF01340020E4B226F0A6
S21400D9F0A6FC18B10DF1190009F006FA0021022064
S21400DA000B4A01F079FF01E0002BC6D10136A5E7ED
S21400DA1000210220074A01F06FFFF7E74853040091
S21400DA20BABB030033BC030070B70300E7BB0300B8
S21400DA3032AF03000EBC0300BAC60300C368826898
S21400DA40013BDBB252F8233002201B78652B14BF53
S21400DA5000220121044B1BBF01211A70034A044A0D
S21400DA6008BF197001F048BF6B6B00204ABC03006A
S21400DA7058BC0300D0E9023253F822301A88014B12
S21400DA801A807047066B002007B5D0E9023103EB19
S21400DA90810253F8213052681988054B05481288D0
S21400DAA000930088012309F0A3FE03B05DF804FB91
S21400DAB0A9D80000066B0020C3688268013BDBB271
S21400DAC052F823305B78A3F1660253425341014A71
S21400DAD0137070476E6B002030B5D0E9023253F8F1
S21400DAE0223089B01D78012302AA1946044626F082
S21400DAF034FE01230093102302210DEB030220467F
S21400DB0026F00CFE284604AA02A927F027F80446A9
S21400DB10002026F014FC18B12146044807F0F0FD5A
S21400DB200020034909F0EEF909B030BD67BC0300D8
S21400DB30A6000400002330B58FB00221009309AA86
S21400DB401223054626F0EAFD05AA014609A807F0B5
S21400DB50B5FB044698B1232805D1134A01210420B9
S21400DB6001F0CAFE09E0212801D1104AF6E7034673
S21400DB70012104200E4A01F0BFFE0FB030BD012384
S21400DB802846194603AA26F0E8FD05A903A826F0AC
S21400DB90E7FF0546204626F0D2FB18B12946054881
S21400DBA007F0AEFD044AD9E774BC030097BC030037
S21400DBB0D2BC0300F3BC0300A6000400F0B5D0E915
S21400DBC0023253F8221003EB82039B6805461F7847
S21400DBD087B038460E7826F092FB044608BBD5E997
S21400DBE0022101238DF80830194452F8210002EB77
S21400DBF0810200888DF809709268ADF80A001278E4
S21400DC0004218DF80C2028460DF10D0226F0A5FD06
S21400DC10304602A98DF8154026F0B2FE044626F0DE
S21400DC2062FB334601210420024A009401F064FEA0
S21400DC3007B0F0BD08BD03002DE9F04101218EB00C
S21400DC400220274A01F058FE002005AB01AA09A9C8
S21400DC5026F07EFF00250446224E234FDFF89880EC
S21400DC601CB128460EB0BDE8F08102202B46324695
S21400DC70214601F041FE204626F061FB10B10AA8BD
S21400DC8009F0C2F83A46002102209DF8303001F033
S21400DC9033FE424600210220079B01F02DFE0021A4
S21400DCA00220BDF82030114A01F026FEBDF81430DF
S21400DCB000210F4A022001F01FFE013501A826F0C0
S21400DCC039FBEDB2012102200A4A01F015FE284672
S21400DCD005AB01AA09A926F03BFF0446C0E700BF32
S21400DCE03ABD030080BD030088BD030076D803005C
S21400DCF09DBD0300A600040094BD03002DE9F04777
S21400DD00064698B0C0B925F0EAFD074600250EA8DD
S21400DD1026F028FF01210220384A01F0EDFD2C46AE
S21400DD20DFF8E080DFF8E090DFF8E0A0BC4205D343
S21400DD30284618B0BDE8F0870127E7E713A826F0C5
S21400DD4011FF002E4CD0022306A913A88DF84C30E4
S21400DD50FE2426F0F9FE00283FD102A913A826F0DB
S21400DD60F9FE9DF8593043F001038DF85930002E26
S21400DD703DD1234631460220214A01F0BDFD9DF8E3
S21400DD8059300AA943F0010313A88DF8593026F03C
S21400DD90E1FE002026F0D3FA10B114A809F034F8FA
S21400DDA00C9B42460021022001F0A6FDBDF828206B
S21400DDB0002112F4007F0CBF4C23412312F0100FF9
S21400DDC00CBF6E227922022000924A4601F094FD92
S21400DDD006A826F0AFFA0135EDB20134E4B2A5E7A5
S21400DDE020460AAB06AA13A926F0B0FEB3E75246B1
S21400DDF00021022001F080FDC1E700BFA7BD03009F
S21400DE0080BD030094BD0300E3BD0300DCBD03003A
S21400DE1030B5012499B00EA826F0A4FE13A88DF8FC
S21400DE20384026F03DFEC0B9BDF84C1011EA040596
S21400DE3013D121460220444A01F05EFD2946022005
S21400DE40424A01F059FD214602203F4A01F054FDA6
S21400DE50214602203C4A01F04FFD06A90EA826F0F6
S21400DE6073FE20B11022FF2106A80DF0E3FB04A8E4
S21400DE7026F072FE059B01210220354A0093354BA1
S21400DE8001F03AFD9DF8123001210220324A00933B
S21400DE90304B01F031FD00212E4B304A022001F0BC
S21400DEA02BFD06A826F046FA13A826F05BFE0223F2
S21400DEB00AA913A88DF84C3026F04CFE00283FD156
S21400DEC00B9B009301210220254B264A01F014FDEE
S21400DED00121234B244A022001F00EFD0120FFF70A
S21400DEE00DFF01211E4B214A022001F005FD0020F6
S21400DEF0FFF704FF044625F0F2FC234600900121BC
S21400DF0002201B4A01F0F8FC01211A4B174A022096
S21400DF1001F0F2FCFFF790FE174902280346174867
S21400DF20174A28BF0A46084928BF01460092CDE98D
S21400DF30013102200121134A01F0DEFC19B030BD88
S21400DF404FF0FF33BDE700BFA6000400F6BD030098
S21400DF5034BE03002CBE030044BE0300D3E7030018
S21400DF6000F6030057BE030067BE03006EBE030044
S21400DF7077BE03008BBE0300F2BD03003DDD030049
S21400DF808FDD030099BE030010B5D0E9023253F8C6
S21400DF9022301C78201E18BF012026F06DFD054A91
S21400DFA0054B0020002C18BF1A46BDE81040034958
S21400DFB008F0A8BFC6BE0300C1BE0300CFBE030064
S21400DFC0D0E9023210B553F822301C88204626F0DD
S21400DFD055FD2246BDE810400020014908F092BFDA
S21400DFE010BF030037B5044607F0D2FA014638B131
S21400DFF000200D4A0D4903B0BDE8304008F082BF4E
S21400E000E368A268013BDBB252F8233008481D786B
S21400E0100123084A00936C2D08BF024610232046B1
S21400E02026F07CFB03B030BD5EBF030066BF030076
S21400E030546B0020446B002013B583689A681278EE
S21400E040672A22D101A826F02BFD0446A8B9BDF800
S21400E0500420174908F056FFBDF80430DA070AD442
S21400E06013F0020F134B144A18BF1A461349002028
S21400E07008F048FF19E0124AF8E702461149002066
S21400E08008F040FF22461049F1E7C26801A953F89C
S21400E090220003EB82035B6800681B68ADF804305F
S21400E0A026F004FD04460028ECD102B010BD00BFE7
S21400E0B099BF03008CBF030030E90300BABF03001A
S21400E0C07CBF0300CCBF0300F8BF0300034A04492B
S21400E0D01388C85401331380704700BFEA560020E7
S21400E0E00D5C002073B5154D01242B78144E13F0EB
S21400E0F0040F0CBF02230423124A214614703288F0
S21400E10002200192EB5C104A0093104B5B8801F0F2
S21400E110F3FB002102200E4A01F0EEFB0D4B2946D0
S21400E120009332882346022001F02CFC2146022070
S21400E130094A02B0BDE8704001F0DEBB0D5C00206D
S21400E140EA5600200C5C002007C00300DC560020C6
S21400E1502CC003004EC00300A600040070B516468F
S21400E1604FF48A52114B124DDA805980114B1B889E
S21400E1701A1E18BF012240EA82000F4A1278003A9F
S21400E18018BF012240EA0210287063B103246B70A6
S21400E1901B0AAB7009F088FE631C2855EE54074B2B
S21400E1A002341C8070BD0124F4E700BFDC5600205A
S21400E1B00D5C0020E85600200B5C0020EA5600208C
S21400E1C038B5D1E902320C46054653F822300246ED
S21400E1D019880C4B1878FFF7C1FFE368A268013373
S21400E1E052F82330188824F061FA4DB1E368A2682B
S21400E1F0023352F823301878BDE83840FFF766BF80
S21400E20038BD00BF085C0020F0B50546EB68AA687C
S21400E210023352F8233008461C78294685B0FFF7AB
S21400E220CFFF204625F0B4FB204E214F78B3204682
S21400E23025F0BAFB0321441C03AA284623F09DFAC6
S21400E2403288E4B2C2F1FF0303991B1B9BB28B42D8
S21400E25022443CBFC2F1FF03039301230321009332
S21400E2603A449DF80C30284626F058FA039A022CB9
S21400E270338804BF0F48110AFA5408BFC154134428
S21400E2801C44348005B0BDE8F040FFF72BBF2046A5
S21400E29007F086FE012332880446009303210346D6
S21400E2A03A44284626F03AFA3388E9E7EA56002048
S21400E2B00D5C00200E5C0020052307B501210093AD
S21400E2C00220044B044A01F017FB03B05DF804EB90
S21400E2D0FFF79EBD35C003003CC0030013B50446DF
S21400E2E026F0DAFB38B1CDE9004001210220034BCD
S21400E2F0034A01F001FB02B010BD00BF5EBF030081
S21400E30053C00300194B37B51B783BB901210220D7
S21400E310174A03B0BDE8304001F0EEBAD0E9023249
S21400E320144C53F8223001211D7863880220009394
S21400E330114A2B4601F0E0FA104B25711B78104D60
S21400E34063B1012102200F4A01F0D6FA20460E4A98
S21400E350298803B0BDE8304025F0BBB820460A4AFD
S21400E360298803B0BDE8304025F075B90C5C002064
S21400E3706AC00300DC56002078C00300095C002059
S21400E380EA5600208FC003000D5C00202DE9F04106
S21400E390D0E9023253F8221003EB82035A680C7855
S21400E3A017889A68DB68B2F80080C6B01D7800212E
S21400E3B0304B0220304A0094CDE9017801F09CFAF7
S21400E3C0002D0CBF6E237923012102202B4A01F079
S21400E3D093FAFF23002D0DF1170606AD0193204694
S21400E3E00CBF80234023424639460296009525F00E
S21400E3F015FE0446002835D1307825F0CFFA0746BA
S21400E400B0B1284625F05AFF1D4BFD28A8BFFD20B9
S21400E4100093234682B20DF11901022001F0B2FAF0
S21400E42001210220174A01F067FA46B0BDE8F081E4
S21400E430307825F0B9FA60B1284625F044FFFD286B
S21400E440A8BFFD200E4B82B200930DF11A013B4689
S21400E450E3E7307807F0A4FD0B4B0246009329460D
S21400E4600123DAE7009001210220084B084A01F058
S21400E47043FADAE79CF60300A9C00300CEC0030007
S21400E480540A0400A60004004EC0030056C9030048
S21400E490D8C00300D0E9023253F8221003EB8203FF
S21400E4A02DE9F04F5A680F78B2F800809A68C7B026
S21400E4B0B2F80090DA681B6992F800A01E78002176
S21400E4C02F4B304A0446CDE901890220009701F01F
S21400E4D013FABAF1000F0CBF6E2379230121022034
S21400E4E0294A009606AD01F007FAFF2200212846C9
S21400E4F00DF0A0F8304625F051FA834608B3002305
S21400E500052100932046FD230DF1190226F006F999
S21400E5102870BAF1000F0CBF802340234A464146BC
S21400E5203846CDE9005625F044FD0146144807F06C
S21400E530E7F801210220154A01F0DEF947B0BDE8F0
S21400E540F08F304625F030FA60B1FD2305212046D5
S21400E550CDF800B00DF11A0226F0E0F885F801B00B
S21400E5602870D6E70590304607F01AFD059A034650
S21400E570009205212A46204626F0D0F8C9E700BFBB
S21400E5808FF60300A9C00300E9C00300A60004003C
S21400E5902DE9FF471C465B68E5685B1B00255FFAB4
S21400E5A083F803952E46FFF7D9FDEBB298450BD9B5
S21400E5B00C9B9B5D282B39D8202B00F2CB80013694
S21400E5C0F6B2002B40F0C980FFF78CFD04B0BDE822
S21400E5D0F087132A2FD801A151F822F0A3E60000F5
S21400E5E0B5E60000C7E60000FBE60000C9E500004F
S21400E5F0C9E50000C9E50000C9E5000037E60000EF
S21400E60037E6000037E6000037E6000037E6000091
S21400E61037E6000037E6000037E6000037E6000081
S21400E62037E6000047E6000021E70000A3F13102CC
S21400E630D1B21329CDD90136F6B2A3F14102032A8D
S21400E640C2D8422B6CD06C4F00213A88DFF8B0A1BC
S21400E650C2F1FE039BB2FF2B28BFFF2301320091BD
S21400E660DBB22046524469B226F034F83B880AF8FA
S21400E670030001331844388011E04FF00409E368C2
S21400E680A2682B4452F823301F68F8B209F1FF390C
S21400E690FFF71CFD19F0FF094FEA1727F5D10135E2
S21400E6A083E7E368A2682B4452F823301878FFF714
S21400E6B00DFDF4E7E368A2682B4452F8233018886F
S21400E6C023F0F4FFEBE7E368A2682B4452F823300C
S21400E6D01F68B7F1807F09D2F8B2FFF7F7FCC7F3DF
S21400E6E00720FFF7F3FCC7F30740E0E72B460121BE
S21400E6F00820424A01F000F966E74FF00409E36893
S21400E700A2682B4452F823301F68F8B209F1FF398B
S21400E710FFF7DCFC19F0FF094FEA1727F5D1BEE733
S21400E720294603AA204623F028F80021324F344A0F
S21400E7303B88DDF80C9002EB030CCAB2914501F160
S21400E740010102D84B443B80A9E710F802A00CF860
S21400E75002A0F2E7242B3FF670AF013B232B3FF6D7
S21400E76033AF01A252F823F0A3E60000B5E600009E
S21400E770C7E600007BE60000C9E50000C9E500002A
S21400E780C9E50000C9E50000C9E50000C9E50000CC
S21400E790C9E50000C9E50000C9E50000C9E50000BC
S21400E7A0C9E50000C9E50000A3E60000B5E60000E4
S21400E7B0C7E60000FBE60000C9E50000C9E500006A
S21400E7C0C9E50000C9E50000C9E50000C9E500008C
S21400E7D0C9E50000C9E50000C9E50000C9E500007C
S21400E7E0C9E50000C9E50000A3E60000B5E60000A4
S21400E7F0C7E600007BE60000EA56002002C10300E0
S21400E8000D5C0020094B1B7823B101210820084A23
S21400E81001F072B8D0E9023253F82230054A1B885C
S21400E820012113800820044A01F066B80C5C002021
S21400E83028C10300E85600206AC10300D0E902326E
S21400E84053F82230054A1B780121003B18BF0123EC
S21400E85008201370024A01F04FB800BF0A5C00207F
S21400E86090C10300D0E9023253F82230034A1B78E5
S21400E870012113700820024A01F03EB80B5C00200C
S21400E880BFC1030010B5D0E90232044653F8223067
S21400E890132219880B4B1878FFF760FCE368A26810
S21400E8A0013352F823301878FFF710FCE368A268AB
S21400E8B0023352F823301878FFF708FCBDE8104002
S21400E8C0FFF710BC085C002010B5D0E90232044601
S21400E8D053F82230112219880B4B1878FFF73EFCAC
S21400E8E0E368A268013352F823301878FFF7EEFB8E
S21400E8F0E368A268023352F823301878FFF7E6FB85
S21400E900BDE81040FFF7EEBB085C0020D0E90232FD
S21400E91053F82230034A1B78003B18BF0123DB0064
S21400E92013707047085C002010B5D0E9023253F827
S21400E9302230044619880E4B06221878FFF70EFC84
S21400E9400120FFF7C3FBE368A268034452F82330B4
S21400E950188823F0ABFEE368A268023352F823302F
S21400E960188823F0A3FEBDE81040FFF7BBBB00BF2E
S21400E970085C00202DE9F043D0E902324FF0FD0993
S21400E980013253F8221003EB82035A68C7B0178887
S21400E9909A68B1F80080147853F8043C002C0DF106
S21400E9A0170506AE18783A4614BF40238023414622
S21400E9B00295CDF80490009625F030FB034638B15A
S21400E9C0184A0121082000F097FF47B0BDE8F08301
S21400E9D0201E18BF01200A224146C000FFF7BEFBDA
S21400E9E0384623F063FE2878FFF770FB4A46314628
S21400E9F0287824F081FF044628B10B4F3D88C5F1E6
S21400EA00FF03984202DD2346084ADAE70246084832
S21400EA103146284425440CF09DFF3D80FFF762FBFD
S21400EA20D3E700BFF5C10300EA56002011C2030079
S21400EA300D5C002010B5D0E90232044653F82230AF
S21400EA40082219880B4B1878FFF788FBE368A26842
S21400EA50023352F823301878FFF738FBE368A268D1
S21400EA60013352F82330188823F020FEBDE810400A
S21400EA70FFF738BB085C002073B5D0E902320546C4
S21400EA80023253F8221003EB820353F8042C53F897
S21400EA90083C0C781988234B168818780622FFF74E
S21400EAA05DFB0020FFF712FB304623F0FFFD2046FB
S21400EAB0FFF70CFBEB68AA68033352F8233018887C
S21400EAC023F0F4FDEB68AA68043352F82330188864
S21400EAD023F0ECFD204609F0E7FBE8B9204607F0F6
S21400EAE05FFA05210446019001AA284622F045FE59
S21400EAF0019B01469C4206D0224631460A480BF04E
S21400EB0087FC02B070BD094D09482E882246304465
S21400EB1034440CF0E1FD2C8002B0BDE87040FFF7F5
S21400EB20E1BA00BF085C00203DC20300EA560020A0
S21400EB300D5C002073B5D0E902324FF48A5153F8C9
S21400EB402230104D1A88104BD9805A8000232A464E
S21400EB5000930121FF2325F0E1FD2B78044613F0F6
S21400EB60040F0A4B08BF01261B7818BF032613B1F3
S21400EB7009F09AF9A855064B1C8002B0BDE8704013
S21400EB80FFF7B0BA0D5C0020DC5600200A5C0020BF
S21400EB90EA560020D0E9023253F82230034A1B78A6
S21400EBA0003B18BF01231370704700BF095C0020AC
S21400EBB010B50C4608B908F003F9024B18715C71E1
S21400EBC010BD00BFDC56002002462DE9F341D0E917
S21400EBD00253526855F82310D21A0C8805EB8301AD
S21400EBE0013BDBB255F82380294D022A4868C8BF8E
S21400EBF08A682B78D8BFFF210078C8BF11783BB948
S21400EC0001210220234A02B0BDE8F04100F074BEA4
S21400EC10FFF7CEFF06F0E4FC1F4F204E3B88014670
S21400EC20224600931E48334625F0E5FA0246C8B948
S21400EC3098F804103B885F2917D1CDE900364FF6C7
S21400EC40FF712046164B24F038FC28B103460121FC
S21400EC500220144A00F050FE0023134A2B70138043
S21400EC60124A137002B0BDE8F0814FF6FB718C4279
S21400EC7008D9CDE900362146094B4FF6FF7024F03F
S21400EC807AFCE2E72146064A009624F0A6FCDCE77A
S21400EC900C5C002088C20300EA5600200D5C0020B1
S21400ECA0DC5600208FC20300E85600200B5C0020D4
S21400ECB0002210B50A2104461046FFF74FFA00203E
S21400ECC023F0F4FC0122044B1A70FFF70BFA2046DF
S21400ECD0BDE81040FFF778BF3661002038B51C4607
S21400ECE015460123224625F038FD60B92146284600
S21400ECF025F0FCFE044620B101210420034A00F062
S21400ED00FBFD204638BD0024FBE700BFB6C203006B
S21400ED102DE9F0430C4615461F46D0E9022352F86B
S21400ED20231002EB830293680E8893F80080D36862
S21400ED308BB0B3F800903246012106ABFFF7CEFF4A
S21400ED40F0B90DF1200CF4B101232A884021CDE959
S21400ED5002C2CDE90471CDE900932221434606AAFA
S21400ED60304625F031FD0B4B0B4A00930B4B0190C0
S21400ED70002C08BF134601210420094A00F0BCFD00
S21400ED800BB0BDE8F083624628686968032303C2B7
S21400ED902246DBE715C30300FAC20300F4C20300F1
S21400EDA002C3030007B501236A46002125F0D5FCFF
S21400EDB06846034908F0C8FD03B05DF804FB00BFD1
S21400EDC0A9D80000D0E9023253F822300149188849
S21400EDD008F08CBDA9D8000010B5D0E9023203EBCC
S21400EDE08201496853F8223009784FF48A5218880D
S21400EDF025F0DAFCBDE81040034601210420014A54
S21400EE0000F07ABD1FC30300D0E9023253F8223067
S21400EE1002214FF48A5210B5188825F0B7FCBDE8D9
S21400EE201040034601210420014A00F065BD00BFE2
S21400EE3038C303001FB5D0E9023203EB820153F852
S21400EE402230496818884FF48A5309880293094B80
S21400EE50094A0193094B1B7800931278084B25F05A
S21400EE600BFD012103460420064A05B05DF804EBBD
S21400EE7000F042BDEC5600200D5D00200C5D002029
S21400EE80F65600204FC303002DE9F043D0E90232C6
S21400EE9053F8221003EB82035A680E8817789A6894
S21400EEA0DB688BB092F80090B3F8008032460421FD
S21400EEB006AB0446FFF712FF28BB08AD01232A461F
S21400EEC00521204625F049FC38B9042001210F4AC7
S21400EED000F012FD284624F0F0FC4FF48A53CDE9EA
S21400EEE004930023CDE9025303232121CDE90083B7
S21400EEF006AA3B46304625F067FC01210346044A35
S21400EF00042000F0F9FC0BB0BDE8F08367C30300F3
S21400EF1096C3030038B5D0E9024303F18043023BB1
S21400EF2002220F4954F823009D000CF0CFFE60B972
S21400EF300C4B0D491A78042A0BD82C44A06800887C
S21400EF4021F8120001321A7038BD084B08491A78A9
S21400EF50F1E70121BDE838400420064A00F0CCBCA9
S21400EF60C4EE03000D5D0020F65600200C5D002068
S21400EF70EC560020A8C3030008B5C368806803F1F8
S21400EF808043023B0222064950F823000CF09EFE06
S21400EF9010B9044B187008BD0022034B1A70FAE72C
S21400EFA0C4EE03000D5D00200C5D002037B5D0E9EF
S21400EFB0023153F821208C0015784268521A012A33
S21400EFC0C5BF1B195B686C091C78DCBF44F01804CD
S21400EFD005F01F052946204625F012FB034640B1E2
S21400EFE02346012104200E4A009500F085FC03B05C
S21400EFF030BD0121A94074B92346FE224FF6FF70AA
S21400F00025F092FD012103460420064A03B0BDE820
S21400F010304000F071BCFE2241EAC461EEE700BF5A
S21400F020BEC30300DEC3030070B5D0E9021551F875
S21400F030253001EB8501044618884B681A788B68E2
S21400F040052A1B8802D85E1E072E0BD90121042034
S21400F0500C4A00F051FCBDE87040012104200A4A29
S21400F06000F04ABC6468641B032CCABFC968074921
S21400F070096825F059FDBDE87040024604490020A5
S21400F08007F05ABFFCC303001CC4030000F8FF07C8
S21400F09039C4030008B5D0E9023253F8220003EB66
S21400F0A082035968FF22038809684FF6FF7025F02F
S21400F0B03BFDBDE8084002460149002007F03CBF82
S21400F0C04CC4030008B5D0E9023253F822300521BB
S21400F0D04022188825F05AFBBDE80840024602493F
S21400F0E0002007F029BF00BF6DC4030008B5D0E9B3
S21400F0F0023203EB8201486853F82210027840235C
S21400F1000988312025F095FBBDE8084002460249F3
S21400F110002007F011BF00BF8EC4030008B5D0E979
S21400F120023203EB8201486853F82210027840232B
S21400F1300988332025F07DFBBDE8084002460249D9
S21400F140002007F0F9BE00BFA8C403001FB5D0E931
S21400F150023253F8221003EB82039B6808881A7861
S21400F1600023D21A18BF0122CDE9023302A9402398
S21400F170D20125F06DFB01210090044B0420044AC7
S21400F18000F0BAFB05B05DF804FB00BF15C3030032
S21400F190C6C4030007B5D0E9023253F82230032173
S21400F1A04022188825F0F2FA01210090034B042033
S21400F1B0034A00F0A1FB03B05DF804FB15C303008F
S21400F1C0D5C4030037B5C3688268053352F82330C8
S21400F1D004211D786A460123044625F0BEFA38B994
S21400F1E004200121064A00F087FB684624F065FBF0
S21400F1F02B466A4600212046FFF78AFD03B030BD45
S21400F200EFC4030007B5D0E9023203EB8201486879
S21400F21053F82210027840230988322025F009FB93
S21400F22001210090034B0420034A00F065FB03B065
S21400F2305DF804FB15C3030020C5030070B585699F
S21400F2400446EA0705F0020605D476B1C5F30720A2
S21400F25025F055F809E01EB1B2210F482BF0B7FA99
S21400F260A069C0F3810025F039F8E3691BB9BA211B
S21400F27009482BF0ACFA204614F00EFCE3693EB1C8
S21400F280607E9847AB0706D0BDE8704025F02BB8E7
S21400F29020469847F6E770BD35C5030008B514F05C
S21400F2A0EFFE28B1BDE80840472102482BF08FBA90
S21400F2B008BD00BF35C503002DE9F041FF2B04460D
S21400F2C00F4690461D469DF8186005D0FF2E03D0C9
S21400F2D0D52111482BF07BFA0023FF2D18BFAD0077
S21400F2E00E4A1CBF45F00105EDB222600C4AC4E987
S21400F2F0063818BFA561FF2EC4E901232361E76025
S21400F30007D0A36943F0020323F47F4343EA0623AE
S21400F310A361BDE8F08100BF35C50300CC3D0020E9
S21400F3203DF20000002310B5054C03610460054C57
S21400F330C261C0E901430123C160836110BD00BF03
S21400F340CC3D00203DF2000070B58669044606F00C
S21400F3500303032B0D4603D1FC2114482BF037FA88
S21400F360FF2D16D0B20704D440F201110F482BF03F
S21400F3702EFA284624F061FCFF28054604D14FF4F7
S21400F38082710A482BF023FA2DB204EB451420466E
S21400F39070BDF307FBD5A36913F00C0FF7D040F24E
S21400F3A00B1102482BF013FAF1E700BF35C5030036
S21400F3B00023054AC0E9063103610260C360034AC0
S21400F3C0034B426083607047CC3D00203DF2000056
S21400F3D0653A0200014827F06BBA00BFCC3D00201A
S21400F3E0014827F071BA00BFCC3D002013B50E4887
S21400F3F027F038FA23F0DDF926F001FA26F023FA92
S21400F40026F02DFAFCF748FF0446FCF75FFF23467C
S21400F410009001210420054A00F06EFA02B0BDE813
S21400F4201040FCF73FBF00BFCC3D0020C8C503001E
S21400F430022808B503D12BF0C3F9014B186008BDAC
S21400F440FC3D002008B50DF05BF90122044B1A7054
S21400F4502BF03FFABDE8084002490348FDF7E4B840
S21400F4600F5D002010660020003E0020014B187043
S21400F470704700BF0E5D0020024B187808B106F0FA
S21400F48093B87047646B002008B5074B1B780BB128
S21400F490002008BDFFF7F0FF0028F9D106F05EFC5B
S21400F4A0023818BF0120F4E70E5D002070B5FFF7A4
S21400F4B0EBFF174D20B1FFF78DFF0428044613D845
S21400F4C02B781BB92BF005FA01232B7023F07FF95C
S21400F4D00446D8B12B781BB9F7210E482BF077F9E4
S21400F4E0BDE87040FFF776BF23F073F90028E7D039
S21400F4F02B785BB12BF069F806460021012029F035
S21400F500CFFA30462BF05CF800232B70204670BDF7
S21400F5100F5D0020E9C503001FB5FFF7C7FF0446CF
S21400F520FDF72CFAA04228BF204688B103A929F08F
S21400F530A3FE034638B9CDE90000064A03990648FB
S21400F5402BF05AF918B18E2104482BF040F901200F
S21400F55004B010BDCD270300DC3D0020E9C5030044
S21400F5600D4B70B51B780D4D0D4C0121002B0CBFBB
S21400F5702B46234602200B4A00F0BEF90A4B012117
S21400F5801B780220002B0CBF2B462346BDE870409C
S21400F590064A00F0B1B900BF646B0020E3EE03003A
S21400F5A002EF03007FC603000E5D00209EC6030028
S21400F5B010B5D0E9023253F8223002201B78012120
S21400F5C0002B15BF01240024044A054A00F094F9D4
S21400F5D02046BDE81040FFF749BF00BFBDC6030088
S21400F5E0DAC60300D0E9023253F82230034A1B7809
S21400F5F0003B18BF01231370704700BF646B0020E8
S21400F60038B50125084B1D702AF0DFFF0446294651
S21400F610284629F045FA20462AF0D2FFBDE83840B1
S21400F62002490348FDF700B8105D00201866002068
S21400F630283E002070B514F0A9FD10F0070F1D4DF0
S21400F64011D02B785BB901262E702AF0BEFF044637
S21400F6503146304629F024FA20462AF0B1FFBDE8AC
S21400F660704014F063BB25F043FA022803D1124B16
S21400F6701B78032BE5D914F089FD18B90E4B1B78BF
S21400F680032B14D814F052FB04460028D9D02B784C
S21400F6905BB100262E702AF098FF05463146012001
S21400F6A029F0FEF928462AF08BFF204670BD4FF061
S21400F6B0FF34ECE7105D0020976100201FB5FFF7D0
S21400F6C0B9FF0446FDF75AF9A04228BF204688B184
S21400F6D003A929F0D1FD034638B9CDE90000064A52
S21400F6E0039906482BF088F818B18C2104482BF0B3
S21400F6F06EF8012004B010BDA72C0300083E0020C1
S21400F700F9C6030010B5094C0949002007F0FAFBBA
S21400F71023681B68587924F0C6FA23681B68587952
S21400F72023F0CAFA05F066F9002010BD88430020D1
S21400F73087C7030008B525F0CBF9024628B1BDE817
S21400F74008400020014907F0DDBB08BDAAC703003A
S21400F75008B525F0D3F9024628B1BDE808400020D8
S21400F760044907F0CFBB5422BDE80840FF210248F9
S21400F7700BF060BFC2C703000057002038B5044630
S21400F7800D4625F0BFF9024628B1BDE838400020F6
S21400F790034907F0B7BB034B23F8145038BD00BF2E
S21400F7A0E0C70300005700202DE9F34100240C4E6B
S21400F7B00C4DDFF838800C4F56F8043B0BB9D8F8E0
S21400F7C0003035F8022B39460092002022460134DC
S21400F7D007F098FB2A2CEFD102B0BDE8F08100BFFD
S21400F7E02466002054570020FCC703002066002033
S21400F7F008B52A21034825F07DF9BDE80840FFF743
S21400F800D3BF00BF5457002007B5D0E9023253F8E3
S21400F81022301A78292A0DD8084B53F822300BB913
S21400F820074B1B680749002031F812100091064963
S21400F83007F068FB03B05DF804FB00BF24660020F9
S21400F8402066002054570020FCC7030008B52A2174
S21400F850034825F051F9BDE80840FFF7A5BF00BFF3
S21400F8605457002038B5D0E9023253F8221003EB83
S21400F87082035B680C781D880020044907F042FB71
S21400F88029462046BDE83840FFF778BF07C8030082
S21400F8902DE9F34100240C4E0C4DDFF838800C4F58
S21400F8A056F8043B0BB9D8F8003035F8022B394629
S21400F8B0009200202246013407F024FB2A2CEFD1C8
S21400F8C002B0BDE8F08100BF24660020005700208B
S21400F8D0FCC703002066002010B5024623F002FA9B
S21400F8E020B9044C236811B11343236010BD23EAEA
S21400F8F00203FAE7D06600200CB413B502460C46A5
S21400F90023F0F0F960B9094B1B681A4208D005A924
S21400F910049801910AF090FD14B1054825F0FBFE0D
S21400F92002B0BDE8104002B0704700BFD0660020AD
S21400F93006CB0300034610B5D3E9023253F8223053
S21400F94008461C78211E18BF0121FFF7C5FF014697
S21400F95048B9084A084B0220002C08BF1346074A3D
S21400F960FFF7CAFF10BD00210220054AFFF7C4FFBB
S21400F970F8E700BF05B70300FDB6030008CB030099
S21400F9801ECB03002DE9F04105461F460C46DFF866
S21400F9902C808E18B44201D1BDE8F08100212846A3
S21400F9A014F8013B069AFFF7A7FF002FF2D0424655
S21400F9B000212846FFF7A0FFECE700BF92BD03003A
S21400F9C00021024A0248FFF7ADBC00BF55FA00000E
S21400F9D0303E0020FF21014822F0DDBE303E0020F0
S21400F9E00022034BFF2103481A7022F0CDBE00BF51
S21400F9F0115D0020303E002013B5114C2378032BF8
S21400FA0013D8009300230F4A18460F4907F07AFAD6
S21400FA10237842F21072002B08BF0022FF210B4809
S21400FA2002B0BDE8104022F09EBE002208491046F3
S21400FA3007F068FA02B0BDE81040FFF7D1BF00BF7C
S21400FA40115D00202FCB030041CB0300303E002089
S21400FA504BCB0300F0B52B4D8FB02B7823B309A802
S21400FA6025F080F8022309A88DF8243025F068F8E0
S21400FA7001AA06469446244B03F11007144618685C
S21400FA805968083303C4BB422246F7D105AA174675
S21400FA901E4B03F1100E144618685968083303C449
S21400FAA073452246F7D1E6B1012409A824F0F6FFF3
S21400FAB028B9BDF8243013F0020F18BF01242B78A4
S21400FAC01349002B4FF000034FF0A00208BF194661
S21400FAD0204624F0BDFF90B92B7801332B700FB071
S21400FAE0F0BD614609A825F02DF80028DCD139467E
S21400FAF009A825F027F804460028D6D0D4E7FFF753
S21400FB007BFFECE7115D00205C5304006C5304009F
S21400FB1000F8FF0710B50020324907F0F3F9082275
S21400FB200020314907F0EEF9304B314A1978314B55
S21400FB300020002918BF1A462F4C304907F0E2F97A
S21400FB40002024F0CBFB2368002B47D01B78022B29
S21400FB5044D900222A4B10462A4907F0D3F923F04D
S21400FB6008F929490246002007F0CCF900F0D0F841
S21400FB7026490246002007F0C5F923681B78032BA8
S21400FB802CD900F0D5F822490246002007F0BAF931
S21400FB9000F0DEF81F490246002007F0B3F900F037
S21400FBA0DFF81D490246002007F0ACF900F0A4F883
S21400FBB01A490246002007F0A5F900F0D7F8184CBD
S21400FBC0184954F82020002007F09CF900F024F98A
S21400FBD0154954F82020002007F094F9BDE810409D
S21400FBE024F081BB6DCB030089CB0300125D00209F
S21400FBF0E3EE030002EF0300C4420020ACCB030098
S21400FC00D3B80300C7B80300C8CB0300ECCB03008F
S21400FC1010CC030034CC030058CC03007FCC030088
S21400FC20D4660020A6CC0300C9CC030008B5D0E9F2
S21400FC30023253F82230187840B10020074907F006
S21400FC4061F9BDE80840802000F034B8044907F0A8
S21400FC5059F9BDE80840802000F046B8ECCC030017
S21400FC6009CD0300D0E9023253F82230034A1B784C
S21400FC70003B18BF01231370704700BF125D0020C1
S21400FC8018220021094BC3E900121A7B0AB9084A58
S21400FC909A601A7C12B94FF47A72DA8140F6B8325A
S21400FCA05A8200229A829A75704700BF503E002002
S21400FCB0E09304000A4B10B51B687BB11B78032B3E
S21400FCC002D8B0F5007F09D1064C236803432360B1
S21400FCD06368184202D02AF06EFDA08210BD00BFF5
S21400FCE0C4420020503E0020024A136823EA000364
S21400FCF013607047503E0020014B1868704700BFE5
S21400FD00503E0020014B9868704700BF503E0020D0
S21400FD10024B9868FA23B0FBF3F07047503E002081
S21400FD200122024B98601A73704700BF503E0020B5
S21400FD30024BD889FA23B0FBF3F07047503E002000
S21400FD400122024BD8811A74704700BF503E002033
S21400FD50024B588AFA23B0FBF3F07047503E00205F
S21400FD60014B5868704700BF503E00202DE9F8430D
S21400FD7000244FF00C08104B104F9D7D104E398814
S21400FD80E3B28B4202D32846BDE8F88308FB03F3B0
S21400FD90F05C06EB030924F0A8FA50B9FF21D9F865
S21400FDA0080022F0F8FC20B199F805309D4238BFD3
S21400FDB01D460134E3E700BF503E00200A6B0020DA
S21400FDC058670020124B10B51B68124CEBB11B781D
S21400FDD0032B02D823689B0517D52AF0ECFCA38AD0
S21400FDE0C01A638A80B283423EBFD4E9003293438E
S21400FDF0236024F0F7FD08B1E08910BD2368002BCE
S21400FE00FAD1FFF7B3FF0128F6D0A068F5E700BFE8
S21400FE10C4420020503E0020014B987D704700BF32
S21400FE20503E002038B504460D462AF075FD244B9A
S21400FE301B7813B1204622F097FF402C27D006D817
S21400FE4084B13F2C18D0BDE8384024F04CBA4C3C66
S21400FE500C2CF8D81B4B2341DB07F4D40220FFF709
S21400FE6043FFF0E74FF40070FFF73EFF0220FFF776
S21400FE7021FF154B1C71E6E74FF40070FFF734FFC7
S21400FE800220FFF731FF00220F4B1A71DBE724F048
S21400FE90ADF90028D7D10C4C022023790133237109
S21400FEA0FFF722FF4FF40070FFF704FF2379AB4201
S21400FEB0C9D322F05AFF0028C5D122F02FFFC2E78F
S21400FEC0125D0020FEEEFFFF683E002010B505F034
S21400FED05FFB02280AD124F061FD034630B1BDE87D
S21400FEE0104000220249104607F00CB810BD00BFB3
S21400FEF055CD03000021024A0248FFF713BA00BF9F
S21400FF00CDFE0000703E002038B5002024F0E6F953
S21400FF10124B1B6893B11B78022B0FD905F038FBE8
S21400FF20022816D10E4C2568FFF74CFFA842206029
S21400FF3008D0FF2122680B4822F015FCBDE83840A7
S21400FF4024F0D1B9FF21074822F025FC0028F5D17E
S21400FF50EFE7FF21034822F017FCEFE7C44200203A
S21400FF60683E0020703E002002460249002006F04F
S21400FF70C9BF00BF69CD030010B5234C2348FF213D
S21400FF8022F002FC207802281ED003282ED001285A
S21400FF9004D02120BDE81040FFF7E6BF1C4B1978BF
S21400FFA00029F7D002231B4A23701378052B0EBFB7
S21400FFB000230133DBB29942137003D1052313707B
S21400FFC00020E7E7052BFBD0124B1B78052B02D150
S21400FFD003232370DDE7104A104932F8230007F0A8
S21400FFE085FC032323700028D4D110BD094B0C4A8E
S21400FFF01878094B03EB8001897833F8200007F066
S21401000045FC0123EEE700BF135D0020903E002073
S2140100101C5D0020666B0020A8570020010201002D
S214010020AD0101002DE9F04F0D46144695B0049040
S214010030112200210FA89946DFF86C810BF0FAFA1D
S21401004004EB45030393D9F800301C2B02D0039B25
S2140100509C4202D115B0BDE8F08F0123DFF844A120
S2140100608DF81C3023884C4AADF81E309AF80030C3
S2140100704A4D08EB83039B7828788DF82030136867
S2140100808DF81D00CDF821305368CDF8253024F0C9
S2140100902CF9049B8DF8290021882878002B4AD159
S2140100A023F0F2FD002844D09AF800300FAA38F861
S2140100B0230007A922F067FE00283AD023F011FC9E
S2140100C04FF0000B074606461C255FFA8BF2974257
S2140100D034D8B7422BD99DF81C30032B1AD10FAB5D
S2140100E00193BDF8213000220421009301202C4BFE
S2140100F006F08EFD9AF8003008EB83039978274BBB
S214010100187806F001FE9AF80030002038F823101F
S21401011024F040F85DB107A9304624F031FC214BAC
S21401012005461B78304638F8231024F02BFCC9F816
S2140101300050023487E723F09EFDB3E710460BA973
S214010140059224F019FC30B99DF82C1031B9059AA6
S214010150B74208BF16460BF1010BB6E7BDF82E00F5
S214010160BDF81E209042F6D19DF830009DF8202063
S2140101709042F0D19DF81C208A42ECD1032A14BF8C
S214010180082202220DF121010DF131000BF09EFD36
S214010190002808BF0025DEE7145D0020656B0020FF
S2140101A0E6CF0300666B0020A857002013B5034670
S2140101B00020114A9C6812780190052A03D01B780A
S2140101C0032B00D12CB9012002B0BDE81040FFF787
S2140101D0CBBE6268217801ABFFF724FF217A0120AC
S2140101E0E26801ABFFF71EFFFF21044802B0BDE83D
S2140101F0104022F0C1BA00BF666B0020903E00207E
S214010200094B1B78052B02D00378032B02D0012063
S214010210FFF7AABE8168054A0B68054813604B685C
S214010220FF21536022F0A8BA666B0020145D0020FF
S214010230903E002038B50024114B124D1870124B19
S214010240FF211C702C7006F05FFD01220321104671
S2140102500E4B06F0DDFC4FF6FF712246084623F0F2
S2140102609CFF044648B940F6B832FF21084822F000
S2140102707AFA01232B70204638BDFFF775FEFAE7A0
S214010280656B0020135D00201C5D0020A6000400A5
S214010290903E0020144BF0B51A681449136809788B
S2140102A0587988420BD11249D78808460022114D49
S2140102B01E792B78D4B2A34203D8052C0AD100208C
S2140102C0F0BD0C88BC4202D18C78B442F7D0013222
S2140102D00431EFE7A342F2D120F82270013300EB9C
S2140102E0820086702B70EAE788430020656B002049
S2140102F0A85700201C5D0020FF2307B50021044AF3
S21401030004480093FEF7D8FF03B05DF804FB00BF76
S21401031079FF0000903E00201FB5B4230321044658
S214010320ADF80E3023F0A7FC98B1212320460093A8
S214010330002203210DF10E0323F04CFE044600209B
S214010340054B064A0649009406F0DCFD204604B03B
S21401035010BD8624F3E700BF93CD0300A0CD0300B4
S214010360B5CD0300D0E9023253F82230034A1B7898
S214010370012113700220024AFFF7BEBA7E6B0020ED
S214010380C4CD03000122014B1A7070477E6B00201A
S2140103900A4B90F805111B7890F8082119448A42F7
S2140103A0BCBFB2FBF3F103FB11234FF0FF32B8BF22
S2140103B0DBB202FA03F380F80A3170477E6B002045
S2140103C02DE9FF410446057F867EDFF870806E4387
S2140103D0237F98F8002013449D4212DB607F60B9AA
S2140103E0238B029363690193237C00936288A31D88
S2140103F0217805F095FDFF232370002004B0BDE8A9
S214010400F081E37EAB42E9D9A77E228BF1199142B6
S214010410A4BF921BD7B205EB0323E3813A463346CA
S2140104202946204622F0C9FC0028E7D1637F3744DD
S214010430013301356377BEB2EDB2C9E77E6B0020AA
S21401044037B5054624F0CAFA0D4B04461B686946C3
S2140104501B78032B82BF0B4B1B881B18284688BFB3
S2140104609CB224F043FB38B9684624F0B9FA18B9AF
S214010470044B1B8823449CB2204603B030BD00BF0A
S214010480C44200200E6B0020084B1B78FF2B0BD1BB
S214010490074B1B78FF2B07D1064B1B78022B03D08B
S2140104A04FF48070FFF720BC704700BFDC66002069
S2140104B0E03F0020B03E002010B50446FF2122F0A8
S2140104C063F9054B9C4202BF0023A4F58874237090
S2140104D0BDE81040FFF7D8BFC03F00202DE9F04728
S2140104E09A462A4B81461B7888461646BDF8205008
S2140104F0002B49D0FF2D3ED938252846BDE8F08788
S214010500234B0C223146A01D636184F80090A4F8A9
S21401051002800BF0E1F8A289414642F4004242F023
S21401052040022046A28122F05AFC2A4651466069C2
S2140105300BF0D2F841464846A21D258323F0A2FFC0
S214010540A0760028D8D00544013DB5FBF0F0FF2881
S214010550D2DC0023E0762046A383FFF731FF054671
S21401056080B923794FF48070B372FFF7A3FB227C26
S214010570099B1A80C1E7074C2778FF2FC0D040F6A9
S2140105800345BAE72770F2E70225B6E77E6B00203F
S2140105901E5D0020E03F0020B0F9063010B5002BAC
S2140105A025DA144C2278237CFF2A02D0827A9A42DA
S2140105B007D0114C2378FF2B17D0827A237C9A42DE
S2140105C013D169B9637F013BDBB263775BB90B4A31
S2140105D0237F1278204613442377FFF7F1FE014666
S2140105E0204622F00BFCFFF74FFF012010BD002034
S2140105F0FCE700BFE03F0020DC6600207E6B0020A9
S2140106002DE9F04F9A46B1F9063091B0002B0D4610
S2140106101746DDF86880049080F22981B8F800302A
S214010620FF2B04D94FF4B871A6482AF0D0F8A64B90
S21401063000241A7893F80401B3F80211002A40F056
S214010640A5802E7AA14A1278B24240F2AF800222E9
S214010650A3F802711A70AA7AFF2483F804210022F3
S214010660A3F8084183F80521A3F80621B8F800206D
S214010670954883F80C21FFF78BFE3846FFF7E0FE1E
S214010680214600EB4002924822F06DF84FF480704C
S214010690FFF710FB8C4C94F80A91B9F1FF0F20D1AB
S2140106A08A4A94F8053112781344B34219DC94F857
S2140106B00C1184F80531B4F80631204601FB0233EB
S2140106C0A4F80631FFF764FE0122824B38461A7001
S2140106D0FFF7B6FE494600EB400204F5887022F0AB
S2140106E042F894F80531B34260D8DFF8E0B19BF8E0
S2140106F000C00CEB0302964258DA764994F80821BA
S2140107000878013A002853D0964205DAB8F8002056
S21401071084F80C2100220A70B6FBFCF901220CFBBE
S214010720196994F80A015FFA89F902FA09F2D1B255
S214010730024076B92889000A844584F8080108D958
S2140107402046CDE906210593FFF722FEDDE90621C5
S214010750059B94F80A01014384F80A1182B994F8BA
S2140107600921B4F806C1013284F80921B8F800203D
S214010770DAF800100CEB0200FF2826DD03232370B5
S21401078094F80831013B9E4230D138E0AE7A864279
S21401079002D18F4200D11C462E7A002C7FF47BAF0B
S2140107A0002A3FF44FAF012A3FF44CAF01205FE02F
S2140107B09642B1DA94F80C1198F800209142ABD029
S2140107C004F58870FFF778FEF0E794F80CE1F31A69
S2140107D00EFB03C3A01C10FA83F005920AF07CFFFF
S2140107E094F80831059A013B9E4244D0012394F8BF
S2140107F00A2103FA09F3013B1343FF2B04D12246D6
S2140108002946384622F0ECFA94F8083194F8092182
S2140108109A42CBD19BF80030B2FBF3F103FB1122D5
S21401082012F0FF0218BF13462278022A26D1264A62
S214010830023410785178012804BF01315170012229
S21401084024F8022CEA88B4F8041122F04002EA8067
S21401085094F809210A44591E94F80A3113FB01F34E
S2140108601344A8F80030CAF80040FFF70DFE002038
S21401087011B0BDE8F08F84F80B21C0E76979002933
S21401088094D0032A92D1B4F8062194F80B1108AE3D
S21401089011445A1E94F80C31284613FB02F30B44FC
S2140108A000219BB2A21CA8F80030CAF80020CDE9AE
S2140108B000710296049907F005FD8921304623F060
S2140108C0DEFD7DE7EBCD0300B03E00207E6B002011
S2140108D0C03F00201D5D002013B5044618B1012855
S2140108E00BD002B010BDFF2301460093064A07480D
S2140108F0FEF7E2FC064B1C70F3E7FFF743FDFF2211
S214010900044B1A70EDE700BFB9040100C03F002098
S214010910B03E0020E03F002013B501A909F04AFED1
S214010920044648B9BDF806309DF80420034906F090
S214010930E9FA204602B010BD8120FBE782CE030013
S21401094013B5694609F042FE044688B9BDF802307F
S2140109509DF80020074906F0EFFA2046019906F0B7
S21401096043FA2046044906F0CDFA204602B010BDEF
S2140109708120FBE7A6CE0300CCCE030037B569463F
S21401098009F048FE044618BB9DF801309DF800208A
S214010990104906F0D1FA104D9DF80120E3B29A42B3
S2140109A006D800200D4906F0ADFA002003B030BD90
S2140109B00198630003F4FF7302220021184423F018
S2140109C077FC29460246002006F0B6FA0134E3E732
S2140109D08120EBE7CECE0300FDCE0300A600040087
S2140109E013B501A909F0ECFD044648B9BDF8063077
S2140109F09DF80420034906F085FA204602B010BD92
S214010A008120FBE707CF030030B500240B4D85B0EE
S214010A106946E0B223F0B0FF50B99DF80030032BD1
S214010A2006D12946BDF805309DF8012006F06AFA80
S214010A300134202CECD105B030BD00BF2ECF030011
S214010A4008B50020034906F05DFABDE80840FF201E
S214010A5000F0DEBA40CF03002DE9F04F85B0064620
S214010A600D46174622F00AFA044640B130463A4689
S214010A70294622F0EDF9002005B0BDE8F08F4FF0D1
S214010A8003094FEA15285FFA84FA6946504623F0AF
S214010A9073FFB8B99DF800B0BBF1000F12D16946DB
S214010AA050468DF800908DF805508DF806808DF82B
S214010AB0016023F065FF02460028D7D05846064954
S214010AC006F020FA0134202CDDD10020034906F07F
S214010AD019FA8920D0E700BF55CF03007CCF030069
S214010AE01FB5002304468DF80F3022F0B2F928B165
S214010AF09DF80F3063F07F038DF80F3018230193B4
S214010B000DF10F030022009304214023204623F019
S214010B1050FA024618B10020024906F0F3F904B073
S214010B2010BD00BF97CF03001FB502A909F060FDF5
S214010B30044688BBBDF80820184906F0FDF9204692
S214010B40039906F051F92046154906F0DBF94FF6F0
S214010B50F672BDF80810134C4B1E9BB2934219D87F
S214010B602368039A1B685879FFF776FF23681B7979
S214010B70012B0BD8BDF808300022CDE90003042173
S214010B80094B092006F044F823F073FC6FF0FF00D0
S214010B9004B010BD8720E9E78120F9E7B6CF03004E
S214010BA0CCCE030088430020CDCF030070B50446A9
S214010BB08AB005AD1122002128460AF03BFD2046E9
S214010BC004A909F009FD044600283AD11E4EBDF8D5
S214010BD010201E4906F096F932681379012B28D8A1
S214010BE04FF6F670BDF810104B1E9BB2834224D808
S214010BF01368587922F042F908B333682A461B680D
S214010C00BDF81010587922F022F9BDF810300122F3
S214010C100421CDE9004309200D4B029505F0F8FFAC
S214010C2023F027FC034620B100200A4A0A4906F0B1
S214010C3069F96FF0FF000AB070BD8724E5E78B24E1
S214010C40E3E78120F7E700BF88430020D0CF030009
S214010C50E5CF0300E9CF0300F4CF03002DE9F04709
S214010C609AB004A909F0D0FC0446002840F0B580EB
S214010C709DF810205B4906F05FF925465A4E9DF80F
S214010C801020EBB29A4254D80020584906F03AF99F
S214010C909DF81050002D40F099802C462E46544F5A
S214010CA006A9F0B223F068FEC8B99DF81830032BE8
S214010CB015D13B689DF819201B685B799A420ED1C5
S214010CC09DF81D2005F168036B4403F8402C9DF840
S214010CD01E200235013403F83F2CEDB2E4B2013692
S214010CE0202EDDD19DF810300BB1002C77D00AAB49
S214010CF0CDE90143FF2302220421009309203D4B45
S214010D00039505F085FF23F0B4FB034660B19DF81B
S214010D101020002A5FD0384A3849002C08BF0A46FE
S214010D200020374906F0EEF86FF0FF001AB0BDE874
S214010D30F08705986B0003F4FF7302220021184424
S214010D4023F0B6FA31460246002006F0F5F80135E2
S214010D5095E70598730003F4FF73022200211844F7
S214010D6023F0A6FA002780465FFA80FA06A9F8B2B1
S214010D7023F002FE00BB9DF81830032B1CD1D9F8D6
S214010D8000309DF819201B685B799A4214D19DF8B2
S214010D901D30534510D19DF81E30C8F307229A42E4
S214010DA00AD105F168036B440235013403F840ACFF
S214010DB003F83F2CEDB2E4B20137202FD6D101362D
S214010DC09DF81020F3B29A42C3D88BE70025DFF8CE
S214010DD020902E46F4E7084AA2E78120A6E78B205A
S214010DE0A4E700BF4ED00300FDCE0300A60004001A
S214010DF0884300206DD003001FD003003DD00300C0
S214010E0071D003002DE9F04389B002A909F0EAFB8D
S214010E100446002867D1BDF80820344906F072F868
S214010E204FF6F672BDF80850DFF8D4906B1E9BB2F1
S214010E30934254D8D9F8003029461B685F79384662
S214010E4022F01CF800284CD026465FFA86F8404669
S214010E5003A923F091FD28B92946384603AA21F0B3
S214010E60FAFF20B90136202EEFD14FF0FF08404699
S214010E7023F080FD014658BB112203A80AF0DAFBD5
S214010E802946384603AA21F0E3FFD9F800301A793B
S214010E90012A18D81B68BDF80810587923F0C9F93B
S214010EA0BDF8083003220421CDE900430920104B88
S214010EB005F0AEFE23F0DDFA034620B100200D4A10
S214010EC00D4906F01FF86FF0FF0009B0BDE8F0838A
S214010ED002460A49002006F015F80124D5E78724C2
S214010EE0D3E78B24D1E78120EFE700BF93D003003F
S214010EF0CDCF0300D1D00300F4CF0300AAD0030066
S214010F00884300202DE9F043DFF894800020D8F8CC
S214010F10003021491B688BB05E79002505F0F2FF91
S214010F2001275FFA85F9484601A923F025FD044605
S214010F3090B99DF80430032B0ED19DF80530B342CD
S214010F400AD1484623F016FD0146A0B102461349D0
S214010F50204605F0D7FF27460135202DE1D1D8F8E8
S214010F60003000211B68587923F063F987F00100EF
S214010F700BB0BDE8F083112205A80AF05BFBBDF8B3
S214010F8009403046214605AA21F062FF2146304637
S214010F9023F04FF9E0E700BFDED00300AAD003003C
S214010FA08843002037B5694609F028FB044638BB5C
S214010FB0BDF80020134905F0BFFF134D20460199E7
S214010FC005F012FF2046114905F09CFF2B681B68AF
S214010FD0587923F03DFA70B14FF6F672BDF800105D
S214010FE04B1E9BB2934209D82B68019A1B6858790D
S214010FF0FFF732FD0446204603B030BD8724FAE7EA
S2140110008120F9E7F2D0030088430020CCCE03000C
S2140110107FB505460024E6B26946304623F0ACFCAF
S214011020A8B99DF80030032B11D19DF80130AB42D1
S21401103004D0FF2D0BD19DF80D3043B9304623F077
S21401104099FC024618B10020034905F05BFF013404
S214011050202CE0D104B070BDAAD00300034B1B685E
S2140110601878012808BF0220704700BFC44200203C
S214011070D0E9023253F822301A78024B1A7000F087
S214011080E7BA00BF1D5E002070B5D0E902456B1EB1
S214011090DBB254F8230003221B490AF017FE54F86A
S2140110A0253004EB8504197863681A78A2F10B03DE
S2140110B00F2B05D915490020BDE8704005F022BF69
S2140110C001290FD1124C9140236840B90B43114AB4
S2140110D023600020BDE870400F4905F013BF23EAE6
S2140110E00103F4E702290CD101230C4903FA02F2A9
S2140110F00B6818B913430A4A0B60EAE723EA0203AE
S214011100F9E70A460749D6E716D103001AD10300C4
S2140111100067002030D1030038D10300FC660020B0
S2140111204BD1030055D1030007B5D0E9023103EBDB
S214011130810253F821300B491B785268012B0A4B68
S21401114008BF0B4612684FF000001A600092074A6B
S214011150074B084918BF1346074A05F0D3FE03B0EC
S2140111605DF804FB00670020FC66002070D10300D8
S21401117068D103007AD103008C53040038B5254AA0
S214011180254B264C0020264905F0BCFE00202549AB
S21401119005F0B8FE22682449002005F0CDFE20683F
S2140111A0224C234D05F088FE2146002005F0AAFEBC
S2140111B02A682049002005F0BFFE286805F07CFE5D
S2140111C02146002005F09EFE1B4B1C491A781C4B3D
S2140111D0002053F8223005F095FE00F00DF919496C
S2140111E00246002005F08EFE174B00201A7817499C
S2140111F005F088FE164B17491A78002005F082FE86
S21401120004F0C6F9BDE8384002461349002005F04F
S21401121079BE00BF8C53040094D103000067002000
S2140112209BD10300A3D10300B1D1030014B803007E
S214011230FC660020C2D103004B5E0020D3D1030020
S21401124004670020E6D10300305E0020FAD10300D7
S2140112502F5E00200CD203001ED2030007B500F05B
S21401126071F8054B0090054A0020054905F04AFE35
S21401127003B05DF804FB00BF34D203008C530400B6
S214011280B5CD0300F8B504460B4F0C4E0C4D0020AF
S2140112900C4A0D4905F036FE20463B78297832780F
S2140112A0F4F762FF00233B7033702B70FF21BDE81B
S2140112B0F840064821F068BA4B5E00202F5E0020F9
S2140112C0305E00208C53040039D203000040002019
S2140112D037B51248FF2121F057FA114B187810F054
S2140112E0100505D0002003B0BDE8304003F01CBF58
S2140112F00121B42004F0C6FA04460A4B0A4A0B49F7
S2140113000090284605F0FEFD2046FFF7BBFF4FF490
S214011310806003B0BDE83040FEF7E6BC0040002028
S2140113204B5E002050D203008C530400B5CD030061
S2140113300021024A0248FDF7F5BF00BFD1120100A5
S2140113400040002008B5054B1B7823B11720FFF796
S21401135099FF002008BD0220FCE700BF4B5E00207D
S21401136010B550B1054B00F1100250F8044B9042F5
S21401137043F8044BF9D1024B197010BD315E0020C1
S214011380415E002037B5174D04462B78DB0626D57F
S2140113900090154B0020154A154905F0B3FD1E2C8B
S2140113A00BD0652C09D0032C19D0002023F05CFB50
S2140113B040F61C40FFF766FF0DE023F07DFB4FF47F
S2140113C0FA63B0FBF3F202FB1300C218FF210948CF
S2140113D092B221F0C8F92B7823F010032B7003B0DA
S2140113E030BD00BF4B5E002069D203008C53040061
S2140113F0B5CD030000400020014B1879704700BFAF
S214011400BC57002070B54C4E8EB0337803F0FB020B
S214011410A3F10905022AEDB258D0042B41F60412B5
S21401142057D0A3F108014B424B415B00134343489D
S214011430ADF80C3021F052FD48B9414B3F4A03F15B
S214011440100153F8040B8B4242F8040BF9D13D4BC3
S2140114501B78002B3FD03C4B0DF10E0203F110011F
S21401146053F8040B8B4242F8040BF9D103A823F07E
S2140114701BFB2328044610D1012D49D80020334AEE
S214011480334905F03FFDBDF80C3003A823F40053A3
S214011490ADF80C3023F008FB0446002C41D14FF484
S2140114A00C7023F0FFFA044600283AD103F0FAFE46
S2140114B0012D36D8274A01AB1068516803C3264967
S2140114C001A823F04DFB78B319242AE043F6041251
S2140114D0A7E70223AAE73378042B0DD0082B0BD0FD
S2140114E01E4B0DF10E0203F1100153F8040B8B4253
S2140114F042F8040BF9D1B9E7104A0DF10E0302F1D7
S214011500100152F8040B8A4243F8040BF9D1ADE7F7
S214011510337803F0FB03022B03D10020104905F0BA
S214011520F1FC20460EB070BD044901A823F018FB5B
S21401153004460028C8D1F4E74B5E00201F5E002059
S21401154036D30300415E0020315E00208C53040038
S2140115508DD2030047D303007C53040050D303000D
S214011560E8D2030070B5002686B00446252023F095
S21401157081FA1622002116480AF05CF8154B1E6007
S214011580154B1878FFF76AFD022814BF01230423C0
S21401159003208DF8083023F0BBFA04238DF81030B1
S2140115A00E4B02A80593039403F030FD05460C4B41
S2140115B00C4A19680C4B3046A14208BF13460094EA
S2140115C00A4A0B4905F09EFC284606B070BD00BFCE
S2140115D0BC570020204000204B5E0020C5180100AB
S2140115E00067002068D1030070D103008C5304000B
S2140115F061D3030008B5134A1378042B09BF124BB5
S21401160001331B78C3F10603DBB2137003F0FD024E
S214011610092A04D11720FFF735FE172008BD0A4A0C
S2140116201278002A14BF052206229A4207D1074BD8
S21401163018680028EED0FFF795FF4D20EEE7002052
S214011640ECE700BF4B5E0020415E0020FC660020F8
S21401165073B51E4C1E4E23683268134334D01D4B9F
S2140116601B6853B31C4D2B783BBB03F091FFF8B9B5
S2140116704FF48060FEF71EFB184B24681B7894B16C
S214011680C3F102032B7003F047FD2046FFF76AFF04
S21401169004460020124B134A1349009405F032FC0D
S2140116A0204602B070BDC3F1060334682B70EAE72A
S2140116B00121B42004F0E6F8EAE70020094A0B49C4
S2140116C005F020FC0224E4E70224E9E70067002095
S2140116D0FC660020C44200204B5E0020415E0020D4
S2140116E0A9D303008C530400B5CD03008FD30300A8
S2140116F02DE9F347384D394E00202A792B88384991
S21401170005F000FC3268287922FA00F010F001009A
S21401171002D1344905F0F6FB334F3C783CB1082240
S214011720324933480AF0D2FA041E18BF0124DFF802
S214011730DC80DFF8A490DFF8B4A014E098F800008D
S21401174049460130C0B288F8000023F085F9002828
S21401175035D13C783CB10822514625480AF0B6FA04
S214011760041E18BF01242A793368D340DB07E5D568
S214011770002CE3D100922B881E4A1F49204605F013
S214011780C1FB1E4B1878FFF769FC0123032212499F
S21401179023F068F91A4A054613780133137010B915
S2140117A002B0BDE8F08720462B46124A154905F0DF
S2140117B0A9FB284602B0BDE8F047FFF763BD00204D
S2140117C0114905F09FFBFFF715FF0028E8D102B08D
S2140117D0BDE8F04700F01CB8BC57002020400020B0
S2140117E0AFD30300E0D303004A5E0020425E002030
S2140117F0CA5700208C530400AFD403004B5E002070
S2140118002F5E002050D4030079D403001E5E002012
S2140118102DE9F041214C224D2378002055F8233044
S214011820204A214905F06EFBFFF7ECFD03461D4EED
S2140118301E4FDFF874802BB92378042B15D8B3B963
S2140118401B4B15E032463946002005F05BFBFFF7DF
S214011850D1FE00BB2378324655F82330414605F0C9
S21401186051FBFFF7CFFD0346E5E7092BE8D1114B06
S21401187000201B68104A11491360114B187023F0A1
S214011880EBF820B1BDE8F0410120FFF7FBBCBDE855
S214011890F041FFF72DBFBDE8F08100BF4B5E002091
S2140118A0046700208C530400CFD40300DCD403006B
S2140118B0FC6600200067002020400020BC57002066
S2140118C01E5E002070B51C4C23789BB3838913F4ED
S2140118D0407F2FD0056835B12A46BDE8704000200C
S2140118E0164905F00FBB23F0B5F8154E03463070C8
S2140118F0144A2846144905F005FB33781BB1BDE8A8
S2140119007040FFF785BF2378082B0CD8042B0CD822
S2140119100E4B1B78C3F1060323700D4BBDE87040D8
S2140119201868FFF71FBE0A2BF2D1BDE870401820D9
S214011930FFF7A8BC70BD00BF4B5E002007D50300B3
S214011940305E00208C53040034D50300415E002035
S214011950FC66002030B5464D03460446454A002045
S214011960454987B005F0CEFA2B782BBB01A823F0AA
S214011970F9F8022301A88DF8043023F0E1F8B0B994
S2140119803E4901A823F0DEF888B1152C0FD123F0CB
S21401199093F847F23153B0FBF3F202FB130000F564
S2140119A01C50103080B203F0BFFB07B030BD162CC0
S2140119B0FBD103F0F3FBF8E7152C2AD100202D4AC2
S2140119C02F4905F09FFA2B78042B11D0082B0FD046
S2140119D02C4B1B78DA070BD401A823F05FF818B953
S2140119E0BDF804309B0703D42B7843F010032B700B
S2140119F023F062F84FF4FA63B0FBF3F2FF2102FB27
S214011A001300C218204892B207B0BDE8304020F05B
S214011A10AABE23F083F804460028C6D12B78013BE2
S214011A20092B1ED8134A194905F06CFA184A1949A8
S214011A3013780133D8B2107023F00EF860B1204647
S214011A40154905F05FFAFFF7D5FD0028ADD107B0BF
S214011A50BDE83040FFF7DCBE07B0BDE83040FFF719
S214011A6047BE40F61C4007B0BDE83040FFF70ABC51
S214011A704B5E00208C53040058D503007C530400B1
S214011A806FD503001D5E00200040002082D50300B4
S214011A901E5E0020BC57002079D403002DE9F041DA
S214011AA00B4686B004460E4617463A4902460020C3
S214011AB005F028FA4FF000080123CDE901380DF1B1
S214011AC016030093424640230621204622F0A6FA3A
S214011AD0054640B102463049404605F013FA28460D
S214011AE006B0BDE8F0819DF816202AB936B9002067
S214011AF02A4905F007FAF2E7012EF8D082F0010331
S214011B00002027498DF8173005F0FCF99DF81730AD
S214011B100DF1170633B310230022CDE90063062129
S214011B204023204622F045FA064630B132460020D0
S214011B301C4905F0E7F93546D1E74FB9082120469B
S214011B4022F099F820B120469DF8171022F072FB7A
S214011B500521204622F08FF80028C0D0204622F02A
S214011B6066FBBCE74FB90821204622F084F820B175
S214011B7020469DF8171022F05DFB10230022CDE9C8
S214011B80006306214023204622F013FA0646002869
S214011B90DED0CBE7B1D70300CDD70300E6D70300ED
S214011BA006D8030026D80300002208B5034B1146C9
S214011BB01B681B685879FFF771FF08BD8843002032
S214011BC008B5044B00221B6801211B685879FFF7F2
S214011BD065FF08BD8843002008B5044B00221B683A
S214011BE002211B685879FFF759FF08BD884300207A
S214011BF010B50123002488B001A88DF80430CDE982
S214011C000244F5F7E3FC20469DF80420124905F04E
S214011C1079F92046039A114905F074F92046029A8B
S214011C200F4905F06FF910220E4B0DEB02011888D3
S214011C3040F0604040F48010FBF744F920460A4922
S214011C4005F07AF904A822F075FB2046074905F04D
S214011C5059F908B010BD00BF3FD803005ED8030095
S214011C607DD803003C5304009CD80300A600040062
S214011C7008B521F064F90020024905F043F9012076
S214011C8008BD00BFB9D803000023054A8360C360BE
S214011C90044BC0E9002311B14FF6FF730B80704768
S214011CA0491046B21730021110B5044660B1002043
S214011CB0064905F027F9052C06D002F0CBF90449B0
S214011CC00246002005F01EF9012010BDCDD8030004
S214011CD0DED8030037B500216A4601AB054621F080
S214011CE0EFF9044668B100220F49104605F00AF9DB
S214011CF002F0B0F90D490246002005F003F903B0E1
S214011D0030BD0B4905F0FEF8012020F02EF901F058
S214011D1099FF431C02D007F09DFFF0E721462846B5
S214011D20FFF7A6FFEBE700BF07D90300DED80300E5
S214011D304FD9030038B5054601F084FF044622F06A
S214011D4042FA4DB100200E4905F0DCF8631C14BFC1
S214011D502046002007F040FF21F0FFF80228044645
S214011D6005D0012805D10020064905F0CBF820460C
S214011D7038BD0020044905F0C5F80024F7E700BF88
S214011D806CD9030086D903009FD9030008B500204B
S214011D90034A044905F0B6F8BDE8084000F050BD16
S214011DA049E90300B8D9030008B50020034A0449ED
S214011DB005F0A8F8BDE8084001F0CAB9D7D9030074
S214011DC0B8D903001FB5D0E9023253F8223068466D
S214011DD01C78214601F0D0FB684601F073FC28B957
S214011DE02246044905F08EF804B010BD6846FFF798
S214011DF071FFF9E7DDD903000020014905F082B83B
S214011E00F9D903007FB50DF1060102A8FFF73CFFE3
S214011E100020264905F076F80020BDF80820244960
S214011E2005F070F80020BDF80A20224905F06AF88E
S214011E30039A0020204905F065F800201F4905F0A7
S214011E407BF84FF6FF73BDF806209A4229D0002092
S214011E501B4905F057F800201A4A1B4905F052F8AD
S214011E6000201A4A1A4905F04DF800221949104671
S214011E7005F048F80020154A174905F043F80A22EC
S214011E800020164905F03EF80A220020144905F004
S214011E9039F80A220020134905F034F807B05DF836
S214011EA004FB0020104905F02DF8D4E708DA0300FA
S214011EB020DA030039DA030052DA03006BDA030092
S214011EC076D80300E093040081DA0300C0270900F6
S214011ED0A0DA0300BFDA0300DEDA0300FDDA03004E
S214011EE01CDB03003ADB03007EDA030008B50020A2
S214011EF0034905F007F8BDE80840012001F0FAB9EA
S214011F0058DB030008B50020034904F0FBFFBDE8D9
S214011F100840002001F0EEB971DB030030B5104B2C
S214011F20104D1B5C85B08DF80F302B78044683422C
S214011F3006D00D4B0D4953F82020002004F0E2FF97
S214011F4030232C700A4801930DF10F0300930622EB
S214011F5080231921007822F02CF805B030BD00BF8F
S214011F60A3530400535E0020B053040089DB030032
S214011F70686B00201FB5232303900193064803AB2B
S214011F800093012280231921007822F012F8039889
S214011F9005B05DF804FB00BF686B002073B5164DF5
S214011FA004462B78154ECBB120F0F8FF012815D04A
S214011FB0346040F6B244124B1B78072B17D02D78AD
S214011FC0C5B920F0EBFF031E18BF01230D4800958D
S214011FD022461921007821F070FB03E000233360CC
S214011FE0002CE8D1201E18BF012002B070BD0225CA
S214011FF00123EBE70025FBE7505E0020244000208C
S214012000535E0020686B002008B50448FFF7C6FF42
S214012010BDE808400220FFF781BF00BFC0270900C6
S21401202010B5064C208822F006F9608822F003F9E4
S2140120306068BDE8104022F00DB900BF28400020BE
S2140120407FB523238DF813300DF113030293042378
S2140120500648019305AB00930122802319210078DD
S21401206021F0DCFF059807B05DF804FB686B0020E3
S2140120702DE9F047DFF84C91044699F800009046A8
S2140120800F4621F0DAFD0B2899F8002005D9BDE8A6
S214012090F04700203F4904F035BF00263E4B3F4D38
S2140120A01E803F4BDFF820A103EB00135B88012065
S2140120B02B802A7104F04EFE05F0F6FE04F04AFE6F
S2140120C0204604F047FE0123042C8AF800300BD882
S2140120D0022C45D89C4216D02346BDE8F047002086
S2140120E0304A314904F00EBF062CF5D130462F494F
S2140120F004F008FF384604F02DFEFFF791FF97B174
S2140121008AF800600FE04FF6FF76294F3888801B6B
S21401211018BF012004F01EFEFFF782FF3888B04288
S21401212001D022F088F819236B8099F8003000203E
S2140121302B71204B1B786B71EB8843F04003EB80CF
S2140121401D4B198822F026F8034620B122460020AE
S2140121501A4904F0D7FE4046BDE8F047FFF71EBF18
S214012160304604F0F7FDFFF75BFFFFF769FF22F04B
S21401217071F8134B1B78002B0CBF3F20202004F076
S214012180E9FD042CCFD14FF4806022F054F83220C0
S214012190C7E700BF9CDB0300E0570020E4570020A0
S2140121A0F841002056C90300E8DB0300CBDB03003F
S2140121B0D4570020676B0020086B002001DC030069
S2140121C04F5E0020686B0020505E002038B5044644
S2140121D005200D46FFF7A2FE184B1A884FF6FD7331
S2140121E09A4207D10020164904F08CFEBDE838401B
S2140121F0FFF70ABF65B1134A13780133DBB2092B27
S214012200137014D90A2200200F4904F07BFEEDE773
S214012210012C0ED10B4B1D700C490D48FFF734FDF8
S214012220BDE83840002101200A4AFFF721BF012CF2
S214012230F2D0BDE838400748FFF7B0BE086B002073
S2140122403BDC0300525E002066DC0300D45700200E
S21401225028400020E093040008B50649002004F059
S21401226051FE0548FFF736FDBDE808400021084647
S214012270FFF7ACBFAADC030028400020814237B537
S2140122800346154608D2002000910F4A0F4904F074
S21401229039FE002003B030BD0C1A224600200C493E
S2140122A004F030FE40F6BB5322460020094904F0F4
S2140122B029FE4FF47A735C43074B01209C4294BF7E
S2140122C02C602B60E6E700BF56C90300BBDC0300A9
S2140122D0F8DC030013DD030080EE360010B504467B
S2140122E00820FFF71BFE0D4B3CB91C700021BDE812
S2140122F0104006200A4AFFF7BBBE1B78092BF5D90A
S2140123000A220020074904F0FDFD0020064904F0DA
S214012310F9FDBDE81040FFF79FBF00BF525E0020E9
S214012320C02709003FDD030080DD030073B51F4DA4
S2140123302C7834B100201E4902B0BDE8704004F08C
S214012340E1BD0220FFF7EAFDFF221A4E1A4B307854
S2140123501A7021F072FC0B2807D9204632781749EB
S21401236002B0BDE8704004F0CDBD154B1549009391
S21401237001EB0011012319224FF6FD70498805F083
S21401238037FA70B12046104904F0BCFD00220F4B0D
S2140123900F481C700F4B1A7002B0BDE87040FFF773
S2140123A0FDBD01240C492C70EEE700BF515E0020F4
S2140123B091DD0300686B0020676B00209CDB030047
S2140123C0BD260100F8410020D2DD0300505E00204A
S2140123D0C0270900525E0020F8DD030038B5144D11
S2140123E004462B78052B21D91249FFF75DFC24B949
S2140123F018B9114904F086FD0424104B195D21B962
S214012400BDE838400846FFF769BF032C06D02B7895
S214012410052B03D006200A4AFFF72AFE0021094BA6
S21401242008461970BDE83840FFF7D0BE38BD00BF7A
S214012430535E0020284000201ADE03009953040052
S214012440C0270900505E002030B5044689B0072039
S214012450FFF764FD052C0AD100222A4B03A91A7046
S21401246002A804AA01F0FEFD30B1022045E09CB9A5
S2140124700122244B1A700224224D287878B1421E7C
S214012480504221495041FFF755FC022304462B7068
S214012490022C0ED10A200FE0022CE6D1EBE7631FD7
S2140124A05A424FF0050018495A4120F07EFD044675
S2140124B0EEE7032C04D10020FFF770FD09B030BD14
S2140124C0062C06D10020114904F01CFD01232B70B7
S2140124D0E0E70F4A0F4B2878002C18BF13460E4929
S2140124E00E4A0094002808BF0A4600200C4904F052
S2140124F009FD201E18BF0120400009B0BDE830408C
S214012500FFF76CBF4E5E00202840002055DE03001A
S2140125104EDE030047DE030036DE030040DE030026
S21401252090DE030013B51F4C0620FFF7F7FC227858
S214012530092A09D900201C4904F0E4FC042002B051
S214012540BDE81040FFF74ABF184B1B782BB300209D
S2140125501FF02FFD20F022FD68B9FFF771FD144B27
S214012560196820F012FD02460420002102B0BDE8E1
S2140125701040FFF77DBD01A820F00EFDFF2809D110
S2140125804FF4FA6023780133237002B0BDE810409F
S214012590FFF704BD0198FFF7EDFC4FF4FA62032044
S2140125A0E3E700BF525E0020ABDE03004F5E002073
S2140125B038400020F023F0B589B0CDE90003344857
S2140125C08023002219210078324E334F21F0F1FC8E
S2140125D00020324904F096FC3246394603A801F041
S2140125E041FD032804462E4D1CD10626039A2D498B
S2140125F0002004F087FC0398FFF7BCFC0020396834
S21401260000F0ACFE2E7001F09FF900220446264B26
S21401261030461A70FFF782FC84BB09B0BDE8F04073
S214012620FFF780BF28BB7268204904F06BFC214687
S21401263004A8FFF729FB059B726893420BD020463E
S2140126401B4904F05FFC072305202B7009B0BDE889
S214012650F040FFF7F9BE1A462046164904F052FC30
S2140126600523002101202B7009B0BDE8F040FFF7DB
S214012670ADBD0020104904F045FCF1E7042C05D05F
S214012680042009B0BDE8F040FFF7A8BE09B0F0BDD0
S214012690686B00202840002038400020E3DE03005D
S2140126A0535E002014DF0300525E00204FDF03005C
S2140126B088DF0300DCDF030018E00300F7B50446FB
S2140126C0876800202378364D012B287004D0354BBF
S2140126D03549187004F016FC26785EBB334B1B7820
S2140126E0FF2B04D103B0BDE8F040FFF78DBC304BA3
S2140126F01B78032B11D82F4C0320FFF70FFC6946DC
S214012700208822F0F3F9002843D02B49208805F0D1
S214012710EDF820B12E70FFF777FC03B0F0BD012471
S214012720204B26491C7004F0EDFB0320FFF7F6FB57
S2140127302C70F2E7012E25D13B78002BEDD01B4DF6
S2140127402B78FF2BE9D1A68802F04AFF864206D1F4
S21401275000201B4903B0BDE8F04004F0D3BB194B81
S214012760A2881B783BB132B11749002003B0BDE8FF
S214012770F04004F0C7BB7B6814491B782B700D4BE7
S2140127801A80F2E7032E08D108226846A16808F0ED
S214012790A3FF6846FFF70EFFBFE700232B70A1E7F4
S2140127A0505E0020515E002033E00300676B00207E
S2140127B0535E0020086B0020BD260100F8DD0300F3
S2140127C053E003004D5E002079E00300A4E003001F
S2140127D07FB5094B1A78FF2A0AD1187001F088FBD9
S2140127E00022064B0DF1060102A81A80FFF74CFAEB
S2140127F007B05DF804FB00BF686B0020D2570020CD
S214012800152838B517D10C4B1D78A5B922F054F907
S214012810C4B2012C38BF01240120FFF77FFB2846F4
S2140128202246064904F06EFB4FF47A706043BDE819
S2140128303840FFF7B3BB38BD535E0020C1E003004C
S214012840034B1B78022B01D8FFF770BD704700BF02
S214012850535E002070B5284C20F09BFB2578274E50
S214012860BDB10020264904F04DFB264A13780133FA
S2140128701370002323703378062B0AD1BDE870400D
S214012880214B1868B0F5FA6F38BF4FF4FA60FFF7BE
S21401289085BB3378013B082B2CD8DFE803F005090C
S2140128A00D2B13191D222700BDE87040FFF7C8BF86
S2140128B0BDE87040FFF73ABD00232370BDE87040C5
S2140128C0FFF7A2BB2946BDE870400120FFF77EBC9A
S2140128D0BDE87040FFF726BE0220BDE87040FFF756
S2140128E0B3BD0120BDE87040FFF7F8BCBDE87040FD
S2140128F0FFF7B2BC70BD00BF505E0020535E0020E3
S214012900F0E00300525E00202440002010B90520AC
S214012910FFF764BD034B1B78062B01D1FFF79ABF67
S214012920704700BF535E00202DE9F0478E680546CC
S21401293033189A780C46092A8EB008D90020A34984
S21401294004F0E0FA852420460EB0BDE8F08750B9C1
S2140129508B899F49895C8B4205D200919D4904F081
S214012960D1FA8024EFE79C4BE7881B889F4236D03C
S2140129709A490978012932D932B13A460020984954
S21401298004F0C0FA7E24DEE7964B1A70934B267944
S2140129901B78052B03D0012B3AD8FFF751FF5EB900
S2140129A03146204621F06BFD0346002851D03046C3
S2140129B08D4A8E4904F0A6FAD4F80880A48998F8BE
S2140129C0037098F80450002E4CD13046884A894945
S2140129D004F098FA00210120FFF7F8FB4FE00021F0
S2140129E0804B1970072A00F28A8301A353F822F05C
S2140129F08D2901003B2B01003B2B01004D2D0100D1
S214012A004D2D01004D2D0100E32F0100E32F0100A4
S214012A10022B17D102F0E4FD8742B3D00020764A9C
S214012A20764904F06FFAFFF781FC46BB3146204633
S214012A3021F025FD034610B36B4A6C49002004F0D3
S214012A4061FA1CE06E4A00206E4904F05BFA01242C
S214012A5079E7A3681B78DA06AED432466A4904F0F1
S214012A6051FAA9E700210AA8FFF70EF9032F08D9A2
S214012A705F4B664A66490097002004F043FA00243B
S214012A8061E76B1E632B04D9594B604A6149009577
S214012A90F2E7614BE4B2DB5D9C4209D0CDE901432C
S214012AA00020534B594A5D49009704F02BFAE6E79C
S214012AB057B3A4B222460521404621F0F9FBBDF8E2
S214012AC02830834203D04A4B554A5649B6E7012F70
S214012AD01AD022460721404621F0EAFBBDF82A30EB
S214012AE0834203D0424B4E4A4F49A7E7032F0BD1EF
S214012AF022460921404621F0D8FB0B9B984203D180
S214012B003B4B474A494999E7642D3FF463AF21F0AF
S214012B10D3FF6423C0B2B0FBF3F203FB120301330D
S214012B20DBB29D42BFF456AFCDE900530020304BD7
S214012B303B4A3F4904F0E6F9A1E7284B1B78052BF1
S214012B4001D03C4A7FE7EB1CDBB2277BF45C44B147
S214012B5023460020374A384904F0D4F900210C46B0
S214012B600BE00F2F0DD81023204634490093314A2D
S214012B703B4604F0C7F9802401210020FFF726FB1D
S214012B80E1E60435EDB220462A4A2D4904F0BAF9A9
S214012B907A1B7119D2B206A820F00EFA05443A46FD
S214012BA0E9B2304621F081FB264D069A2B68264F66
S214012BB09A42386001D100284AD1244900201D4A92
S214012BC004F0A0F985240121D7E700BF0DE1030039
S214012BD0DC53040025E10300086B0020535E00204F
S214012BE054E10300505E0020CAE10300D2E1030075
S214012BF05AE203006FE2030098E10300A5E1030037
S214012C00FAE1030007E2030024E2030084E2030082
S214012C108CE20300A6E203009F530400C4E2030013
S214012C2019E70300FEE2030028E3030050E3030074
S214012C3077E30300ABE30300C5E30300F4E303001B
S214012C400BE40300284000203840002034E4030051
S214012C5000F08EFF3E68B0420AD200F089FF9D491F
S214012C6003463246204604F04DF98924012184E7C3
S214012C70079A6B689A4205D12046974A974904F00D
S214012C8041F96BE79649097859B19A4209D220462B
S214012C90944904F037F996210620934AFFF7E8F99C
S214012CA05CE7924A924905A801F0DCF9079E48B90B
S214012CB06A68964206D88F4904F024F90520FFF782
S214012CC0C3FB40E6324600208B4904F01BF9396805
S214012CD00027002000F042FB00206E60FFF74AF953
S214012CE0864B06201F80FFF719F9854B1F7001F0F0
S214012CF0B1F90646F8B94FF6FF73824A0AA8118859
S214012D00994214BF13463B466A88298801F012F996
S214012D100AA800F0D7FC58B10AA801F0DDF938B1CD
S214012D203046794904F0EEF80420FFF757FB0AE62F
S214012D30FFF7F8FB07E6042805D1744B192118782C
S214012D4020F0D2FCFFE538467149EBE7714B1B7862
S214012D50062B01D0704A76E6DFF8A0A1EB1C94F8AA
S214012D600C90BAF80080DBB22EB930466B4904F0FD
S214012D70C9F88724E7E5F75C2C1D972FE4B22FD01E
S214012D8025D8812F71D0952F67D017BBB9F1100FB9
S214012D907FF6E7AD31194A460AA820F00DF904443A
S214012DA0E4B221464A46304621F07FFA231DDBB2C3
S214012DB0053416F803A0E4B2A9EB0403534505460F
S214012DC066DA009338465346534A5549C7E5982F65
S214012DD043D03B460020504A524904F093F8C8E7D6
S214012DE0B9F10A0F7FF6BDAD1FFA89F721463A46BB
S214012DF0304621F05AFA05F1080104463A46C9B2AE
S214012E00304621F052FA0AAA01462046FFF736FA62
S214012E1008B9454B0A93B9F10C0F12D905F10C010B
S214012E203A46C9B23046DDF8288021F041FA044618
S214012E3002463E49002004F065F8AAF800404444E2
S214012E400A940A9C3A492246002004F05BF8204680
S214012E50FFF7A4F820F0A8F811E63649002004F0A0
S214012E6051F80320FFF7BAFA09E6334C23786BB121
S214012E7020F08DF850B10020304904F043F80023CB
S214012E80237020F091F8FFF74DFBF8E52C49E5E7B4
S214012E90DFF8A49099F8003043B9FFF7D1F88542DE
S214012EA0034607D01C4A27490095E5E520F076F849
S214012EB00128F2D110220D480AA908F007FF10B91F
S214012EC0BAF13F0F42D9144A1F49002004F01AF8FC
S214012ED04FE700BF53E40300ABE303008BE40300BA
S214012EE04C5E0020C0E40300C027090028400020F3
S214012EF0384000204FDF030001E50300D2570020D1
S214012F00525E0020D457002023E50300686B0020A2
S214012F1042E50300535E002068E503007DE50300FB
S214012F20AAE603008CE60300E0930400B8E503007C
S214012F30E3E5030002E603004F5E00201EE6030001
S214012F405DE60300E6E6030022E703006D4B18701A
S214012F5099F800304BB120F01AF830B1284620F02D
S214012F6019F8042807463FF48AAD51462846321917
S214012F7020F053F928B10020634903F0C3FF042071
S214012F8070E799F80030554463B120F000F848B175
S214012F90FF2FF4D0012F3FF472AD032F16D120F08E
S214012FA001F805462846FEF7E5FF044602460521D8
S214012FB0564820F028F8564B1B689C420AD32046F8
S214012FC020F026F90520FFF73FFA58E51FF0E8FF45
S214012FD08046E7E74046FEF7E1FF00287FF44FAD65
S214012FE051E74C4B1B7803F0FD03082B01D04A4AEE
S214012FF029E5A48935B1F27822B10020474903F0CA
S21401300081FF2EE7E4B22246F11C0AA81FF0D4FF86
S214013010434BBDF828201988054691420DD04FF63E
S214013020FF718A4209D03C4A00203E4B3E4903F0DC
S21401303083FFBDF828203D4947E7BDF82A20598877
S21401304091420CD04FF6FF718A4208D0324A0020D6
S214013050374B354903F070FFBDF82A20EBE70B9A92
S2140130605B689A420AD0013208D02B4A2E490020CA
S214013070304B03F061FF0B9A2F4926E7A4B2E91CF7
S2140130802246C9B2304621F010F9E91DC9B20746F9
S2140130902246304621F009F9431C014606D1082094
S2140130A0FEF73CFF2548FEF779FFE8E4384606AA16
S2140130B0FFF7E4F8A8B9214B0693214B00221978B3
S2140130C0204B18781FF054FF069C2046FEF766FF3B
S2140130D0224600201C4903F015FF0920FEF71EFFBB
S2140130E0CDE440F6B733069A9A42E6D840F6B832AF
S2140130F00020164903F006FF40F6B833DCE78124CA
S21401310021E400BF525E002055E7030078E7030084
S21401311038400020535E002081E7030096E7030055
S2140131202840002018E30300BDE7030076D803001B
S21401313042E30300D8E70300D5EF030080EE360034
S214013140676B0020686B002010E80300E5E70300CA
S21401315008B50420FFF742F90020FEF7DFFE002342
S214013160054A19211370054A1370054B1878BDE8F6
S214013170084020F0B9BA00BF505E0020515E002022
S214013180686B002010B5164B164C1A78164B0020AB
S21401319053F82220154903F0B5FE2178144B154A41
S2140131A00020002918BF1A46134903F0ABFE237806
S2140131B02BB1124B00201A68114903F0A3FEFEF74B
S2140131C03FFF0446FEF73CFF0E4B19681FF00EFF4B
S2140131D02246BDE8104003460B49002003F092BE8C
S2140131E0535E0020505E0020B05304002CE803001C
S2140131F002EF0300E3EE030039E803002440002059
S21401320053E80300384000206CE8030038B5014657
S21401321004460020FFF788FB054698B1E37C0020B2
S2140132200A4A0B4903F06EFE2379042B0AD029467D
S214013230204621F024F9034620B10020054A06491C
S21401324003F060FE6FF0FF0038BD00BF56C90300F3
S21401325094E80300CAE10300D2E1030010B5134667
S214013260094A127882420DD163B1084A00201468D7
S2140132700A46074903F046FE2146BDE810400120F4
S214013280FFF752BB10BD00BF686B002088430020CB
S214013290B6E8030010B50D4B1C782CB1BDE8104004
S2140132A000200B4903F02EBE6420FEF763FE4FF6A6
S2140132B0F0716FF00F02074B0320C3E9001222469C
S2140132C02146BDE81040FEF7D3BE00BF535E002086
S2140132D0EFE8030028400020014B1870704700BF3C
S2140132E04F5E002000210620014AFEF7C1BE00BF46
S2140132F0C0270900014B1870704700BF4C5E0020C4
S214013300114B2DE9F04107460D4618680F49101A72
S21401331009681FF06BFEDFF840800D4E98F80040FC
S2140133200346FF2C307004D0A8420AD32C44A04296
S21401333007DB3A460020074903F0E4FD337888F8B6
S21401334000303078BDE8F081404000203C4000204D
S214013350545E00201DEA0300696B002050EA01025A
S21401336008D0FF22054B091A1A70054B1860054B49
S2140133701960704711461046FFF7C2BF696B0020FF
S214013380404000203C4000202DE9F04FAFB006AD94
S214013390284600F0FDFD0026624FDFF8D091284652
S2140133A000F090F9044648B900F0BEFD5E490246B9
S2140133B0204603F0A7FD2FB0BDE8F08F3946002068
S2140133C0F2B203F09FFD284616A900F0FFFD044661
S2140133D020B15649002003F095FD8FE0BDF8582036
S2140133E0534903F08FFD49462046BDF85A2003F0A5
S2140133F089FD2046BDF85C204E4903F083FD20463A
S214013400BDF85E204C4903F07DFD2046BDF86020E6
S2140134104A4903F077FD2046199A494903F072FD9F
S2140134202046BDF86820474903F06CFD2046464912
S2140134300DF16A0203F066FD44492046239A03F023
S21401344061FDBDF85C30D90705D520469DF8902072
S2140134503F4903F057FDBDF85C309A0714D50020AC
S2140134603C4903F069FDBDF85830B3F5807F4FD174
S214013470002020F064FF18B10DF1910003F0C4FCA8
S2140134800020354903F03EFDBDF85C305B070BD5E7
S2140134900020BDF8B220314903F034FD0020BDF80C
S2140134A0B4202F4903F02EFD062228460DF11603FF
S2140134B00AA91FF0CAFD044690BBBDF8162029498B
S2140134C003F020FDDFF8A8A0DFF8A8B00DF128086A
S2140134D0BDF81610A2B2914210D9B8F80020514694
S2140134E0002003F00FFD0134D8F8042059460020CF
S2140134F003F008FD062C08F10808E9D16C462046C1
S21401350000F05AFD94E80F00013685E80F0046E703
S2140135100123202200200DF1910103F057FCAFE7B3
S214013520114957E72FEA0300FCEB030038EA0300D2
S2140135305CEA030090EA0300A9EA0300C2EA03007A
S214013540DBEA0300F4EA03000DEB030022EB0300C1
S2140135503EEB030057EB0300A60004006AEB0300F2
S21401356083EB03009CEB0300CFEB030075EA03003B
S214013570ADEB0300BDEB03002DE9F04188B004ADCF
S214013580044628468846002700F002FD6E46474559
S21401359007D195E80F0084E80F00204608B0BDE883
S2140135A0F081304600F008FD96E80F0085E80F0030
S2140135B0284600F087F801370028E8D1014B0FCBE9
S2140135C0E9E700BF305604001FB5D0E9023253F8D0
S2140135D0223068461978FFF7CFFF684600F07CFD79
S2140135E048B1042809D1074A0020074903F08AFC9C
S2140135F005B05DF804FB054AF6E70020044903F030
S21401360081FCF5E79EF5030017EC03004EEF03007F
S21401361023E5030010B5D0E9023203EB82014968C5
S21401362053F8223098B00C6804A81978FFF7A4FF65
S21401363003AB40220093214608AB04A800F0E2FC4D
S214013640024628B100200E4903F05CFC18B010BDFC
S214013650039808A900F007040122C0F3C70003F08D
S214013660FBFB039908A8091B0144064801232246CF
S214013670008803F0ABFB044803F0E4FBE6E700BF79
S21401368027EC0300F0570020A6000400F0B504461E
S2140136900D460B4BEF880FCB84E80F00AB882E89C5
S2140136A09B0741BFD5F83900D5F83D1004F1080352
S2140136B003C3EA682046278066806260F0BD00BFCB
S2140136C0E8530400102208B5034908F0FFFA003851
S2140136D018BF012008BD00BF3056040008B521F010
S2140136E049FEC288FF219208012A38BF01220248FA
S2140136F01FF039F8012008BD5040002038B51346A8
S21401370090B10120274A1070274A00201160274AED
S21401371013600A46264903F0F5FB02F043FB254BEE
S2140137201870022002F044FB21F03FFEE8B91D4D5F
S2140137301D4C2B782BB921F01DFE2268C36813445B
S21401374023601A4B24681B689C4229D221F012FE82
S214013750C168204606F022F8002402462C7050B9B3
S21401376021F023FEFFF7BAFF03E0FFF7B7FF0028BB
S214013770DDD0012038BD20460F4903F0C3FB0D4BB9
S214013780187802F015FB00200C4903F0BBFB00F093
S21401379091F908B900F0AEF92046FFF7B7F8E8E767
S2140137A00124ECE7565E00204840002044400020FB
S2140137B04EEC0300555E00207AEC03009AEC030001
S2140137C038B500F04BFA044600F042FA241A21F00C
S2140137D0D1FD054618B9B1211B4826F0F8FFAB8884
S2140137E003F00303032B03D0B221174826F0EFFFA3
S2140137F000F02EFA05461FF09BFC01238340013B97
S2140138002B4203D0B421104826F0E1FF1FF090FCB4
S21401381001238340013B234203D0B5210A4826F009
S214013820D6FF05F091FD05461FF082FC4FF480633C
S214013830B3FBF5F3C440A34205D2BDE83840BA2134
S214013840014826F0C4BF38BDB0EC0300FF2108B51F
S21401385004481EF099FFBDE80840002211461046B4
S214013860FFF74CBF50400020F7B504460E4600F067
S21401387089F8054621F07EFDC3682B449C4220D37F
S2140138801FF056FC2C44C440013C114F3B68DEB18E
S214013890A34219D101340023ADF8043000F0E4F955
S2140138A0054605F051FD103504FB005405F04CFDAE
S2140138B001A90246204605F099FD1FF049FC386033
S2140138C004E04FF0FF34E0E7A342E4DB03B0F0BDD1
S2140138D0306700204FF0FF320A4B10B51A60002205
S2140138E0094B1A7000F0B4F9044600F0B7F9214606
S2140138F002460120FFF702FF00280CBF012004202A
S21401390010BD00BF30670020575E002038B500F0BC
S214013910D1F808B9002038BD094D0A4C2B7823B9D7
S2140139201FF016FC012320602B7024681FF000FC9A
S21401393001348440EED000F025F82044EBE700BFC8
S214013940575E00203067002070B50D4C2368002BB1
S21401395001DA012070BD00F07BF9054621F00AFD71
S2140139602468C6681FF0E4FB013404FA00F1294418
S21401397001208A19FFF7C2FE0028EAD00420E9E7F1
S21401398030670020024B18680C301FF011BC00BFD6
S21401399034670020FF2307B50021044A044800933A
S2140139A0FBF78AFC03B05DF804FB00BF4D3801004D
S2140139B0504000200E4B70B51C680546036804F5A0
S2140139C082641C440E46FFF7DDFF2B68834208D253
S2140139D032681A44824208D9C31A012033602C6027
S2140139E070BD044A126813441C1A0020F7E700BF92
S2140139F0346700204C4000202DE9F04FB3F5803F9E
S214013A0087B00F469846019003D3002007B0BDE863
S214013A10F08F03A904A8CDE90332FFF7CBFF0024FA
S214013A20824600F10109DFF888B05FFA89F9019B47
S214013A30DDE90356AAB27BB13046109921F0A1FC0C
S214013A400028E2D1B9F1020F2BD1DBF80030049344
S214013A50019B03BB2F4421E03946304605F0C6FCE6
S214013A600028D2D1BAF1000FECD0002CEDD105F030
S214013A706BFC2E44B6FBF0F303FB10600028E4D089
S214013A8005F062FC05A902463046059405F0AEFC39
S214013A900028DAD0B9E7109B2B441093A8EB050554
S214013AA00395631C4B454FF00104C0D32046ADE798
S214013AB04C4000207FB56B460C4A1068516803C322
S214013AC090680C2218600A4B0DEB0201186821F071
S214013AD058FC0C2268460DEB020108F0F7F8B0FA24
S214013AE080F0400907B05DF804FB00BFF8530400FE
S214013AF0346700201FB5084A01AB1068516803C33C
S214013B00906801A91860054B0C22186805F06EFC38
S214013B1005B05DF804FB00BFF853040034670020CD
S214013B20F7B5044615460E4681B9072A03D8002480
S214013B30204603B0F0BD0D4B80791968E379063055
S214013B4000EB03200C3180B21FF03CFB002721461E
S214013B502B46324638460097FFF74EFF04460028AC
S214013B60E5D039467019FFF77FFEE1E7346700209C
S214013B70024B1868A0F50060704700BF4067002040
S214013B8010B58AB0684606F015F810F0FF0027D188
S214013B90009BFBB1174C01A9206005F083FF10F0D4
S214013BA0FF001DD12268009B9A4204D34FF4DD71B9
S214013BB0114826F00CFE019B104A11491360029A27
S214013BC013440B600F49A3F500630A600E4A1360A5
S214013BD0009B63B940F2CF11074826F0F8FD06E0D6
S214013BE0044A034612680020084903F08BF90AB01C
S214013BF010BD00BF3867002063ED03004C40002075
S214013C003C67002040670020346700200BEE03006D
S214013C1008B5FFF7B5FF21F0ADFB50B121F0AAFBC7
S214013C20064B02691B689A4203D2B321044826F068
S214013C30CEFDFFF7C5FD012008BD00BF406700208F
S214013C4063ED0300014B1868704700BF386700201A
S214013C50014B1868704700BF4C400020014B1868A4
S214013C60704700BF3C670020014B1868704700BFD3
S214013C703467002010B5FFF749FE044628490020A6
S214013C8003F040F90020274903F03CF900202649BB
S214013C9003F038F90020254903F034F9244B0020BD
S214013CA01A68244903F02EF922462349002003F01E
S214013CB029F9FFF767FE21490246002003F022F9A1
S214013CC01F4B00201A681F4903F01CF91E4B1F4C9E
S214013CD01A6800201E4903F015F9226800201D49C4
S214013CE003F010F94FF4806200201B4903F00AF933
S214013CF0226800201949103203F004F922680020D6
S214013D0017490C3203F0FEF822680020154902F527
S214013D10826203F0F7F8BDE8104005F049BA00BF2B
S214013D208AEE0300C7EE0300E6EE030006EF03008B
S214013D303867002031EF030050EF030073EF0300F4
S214013D404C40002096EF03003C67002034670020BB
S214013D50B9EF0300DCEF0300FFEF030022F00300DE
S214013D6045F0030068F003002DE9F04194B00446E5
S214013D700D460020482102AA1FF035FA18B953490A
S214013D8003F0C0F819E060220021204607F052FC3B
S214013D9004224F4902A807F099FF90B16DB19DF832
S214013DA00B30002001939DF80A309DF808200093FF
S214013DB048499DF8093003F0A5F8012014B0BDE884
S214013DC0F081BDF80C20B2F5807F228003D04249F5
S214013DD003F098F8F1E7BDF81420BDF80E10228123
S214013DE0DDF816206180E2600499BDF81A20616052
S214013DF0228284F8320007AD04F112020FAE2B4680
S214013E0003CBB342106051601D4602F10802F6D1A1
S214013E100F9B324A63631360314B10221846002110
S214013E2007F008FCE288A388028022894280E268C3
S214013E3042600BB90020C1E700263546A388D907A2
S214013E4009D536B105F150026A4412F8482C84F8B7
S214013E5038200135EDB29A0714D520881FF0D9F81D
S214013E6007466EB102AB03EB05080246414604F174
S214013E70390007F06FFD3A4641461A4807F06AFDD9
S214013E802F44FDB2A3885B070DD556B105F150034B
S214013E906B4433F8482C33F8463CA4F85A20A4F86F
S214013EA05C300435EDB2002EC4D1482D02D930461F
S214013EB00D4965E72946382002AA1FF094F908B98A
S214013EC00A495DE738250126B8E700BF8BF00300F5
S214013ED004540400BDF00300F3F00300704000201A
S214013EE0744000207C4000200EF103005EF10300C8
S214013EF030B50B4C99B025786DB9FFF789FE68B1DE
S214013F0029466846FFF730FFB0FA80F0054B4009B6
S214013F10187001232370002019B030BD0120FBE783
S214013F20585E0020595E0020014B1878704700BF8C
S214013F30595E002070B51E46134B044618881D4670
S214013F40884298B002D15B88934206D00F4B0FCBC4
S214013F5084E80F00204618B070BD96B1002168466F
S214013F60FFF702FF0028F1D1BDF804305B0708D542
S214013F703388BDF85A209A42E8D8BDF85C209A42A8
S214013F80E4D395E80F00E3E77440002030560400C0
S214013F90064B10B51B7804462BB9054B0FCB84E8AE
S214013FA00F00204610BD034BF8E700BF595E002006
S214013FB0305604007440002010B50446024B0FCB67
S214013FC084E80F00204610BD305604000B4B10B598
S214013FD01B78044608467BB10021FFF7C5FE48B9A9
S214013FE010222146064807F071FE003818BF01204E
S214013FF0C0B210BD0120FBE70120FAE7595E0020A0
S214014000744000202DE9F0410E4690460E491022DC
S2140140101F4607F05BFE044670B90C4B3A461D6816
S2140140203046AD1B454528BF454629461FF0DBF8FF
S21401403028B9074902F066FF0120BDE8F081069B1A
S21401404020461D60F9E700BF744000207040002044
S2140140505EF103000022024B1A70FFF73BBC00BF63
S214014060595E00202DE9F0419CB00F461646804669
S214014070FFF74CFC054602461549002002F042FFB8
S214014080382D20D9012104A8FFF76EFE0446D0B9C9
S214014090119B04A93B606F463846FFF7F7FA97E88D
S2140140A00F0086E80F00119BAB4297BF0121032446
S2140140B0084AC8F8003094BF1170C8F8005020466E
S2140140C01CB0BDE8F0810022024B01241A70F6E70D
S2140140D090F10300595E002070B5084D00262B783C
S2140140E053B1FFF7F7FB04461022002104482E7057
S2140140F007F0A0FA204670BD3446F5E7595E002069
S2140141007440002008B50020064902F0FBFE064B6D
S21401411000201A78054902F0F5FEBDE80840FFF7D1
S214014120A9BD00BFAFF10300595E0020D9F103001D
S21401413003460120024AC3E9032000221A70704791
S2140141400100FEFF2DE9F0410024264E264FDFF840
S214014150A88088B000F0D4F9A5B2854202D308B091
S214014160BDE8F081284603A91FF073F8A2B23146D4
S214014170002002F0E1FE9DF80D2012B39DF812100A
S214014180BDF81030402914BF6E2179210020CDE9F9
S21401419000313946BDF80E3002F0CEFEBDF81420CF
S2140141A01AB10020114902F0C7FE9DF80C00BDF8B7
S2140141B0182070B9079B0E490093BDF81A3002F01B
S2140141C0BBFE00200B4902F09DFE013426F00CFBDD
S2140141D0C0E7BDF81C304146009300209DF81A3018
S2140141E0EDE700BFF2F10300F8F103001BF2030054
S2140141F025F20300A60004004CF2030010B500F0FF
S214014200ABFABDE810400346024A0020024902F01C
S21401421079BE00BF74F20300ABBA0300D0E90232E4
S21401422053F8223010B5188800F086FABDE8104021
S2140142300346024A0020024902F064BE7AF20300F5
S214014240ABBA030010B5D0E90232002486B08DF86F
S214014250044053F8221003EB8203097801A88DF875
S21401426005105A681288ADF806209A681288ADF8CB
S2140142700820DA681278ADF80C40A24214BF40223A
S21401428080228DF80A201A691288ADF810205A6922
S2140142909B691288ADF812201B68059300F0D0FBCD
S2140142A0034A03460349204602F02CFE06B010BD21
S2140142B016D10300ABBA030038B50024064D26F02C
S2140142C07FFA45F824000634C02CF8D10020BDE85A
S2140142D03840024902F016BE8010002081F2030029
S2140142E030B5002087B0204902F00CFE00201F499F
S2140142F002F008FE00201E4902F004FE26F060FAD5
S21401430000240546A0B201A901341EF0A2FF202C0C
S214014310F8D126F055FA1749421B002002F0F2FDAB
S2140143201549002002F0EEFD26F04AFA0446012067
S21401433000F09EF826F044FA0E49021B002002F017
S214014340E1FD0E49002002F0DDFD26F039FA0446B3
S2140143501EF070FF26F034FA021B0020054907B054
S214014360BDE8304002F0CEBDADF20300DCF2030042
S2140143700CF3030029F3030038F3030052F30300A0
S21401438010B50C4603F022FD08B9032C12D101F03A
S214014390FFF804280ED001F0FBF805280AD00648DD
S2140143A002F060FC1C2801D11FF0F1FEBDE81040B0
S2140143B002F068BC10BD00BF3F3203002DE9F04F8C
S2140143C000274FF0FF36DFF8A4B0264C87B0BBF8C5
S2140143D00030B8B2834209D8731C3BD03246FF2165
S2140143E0214807B0BDE8F04F1EF0BDB901A91EF087
S2140143F030FF9DF8050001F001FFF8B19DF804803B
S214014400B8F1000F1AD1BDF810A0BDF8129026F031
S214014410D7F918210246BBB24B43E018E158007C9D
S2140144204FF47A73A2EB010C50B103FB0AF3634518
S2140144300ED30B44981A864228BF06460137C6E7B4
S2140144404D466B43FAD06345F5D31944881AF2E713
S2140144504046F0E7FF21044807B0BDE8F04F1EF0E4
S21401446093B900BF8010002084400020D65700205A
S2140144702DE9F041014688B058B1022810D01EF04F
S21401448002FF78B3D221194808B0BDE8F04126F002
S2140144909EB9FF23164A17480093FAF70DFFEEE779
S2140144A000244FF001082746134EA5B2284603A95B
S2140144B08DF80D701EF0CDFE9DF80D0068B101F06F
S2140144C09DFE20B19DF80C300BB986F810800134A2
S2140144D0202C06F11806E8D12546084B1D80FFF76B
S2140144E06DFFCCE708B0BDE8F08100BF72F30300B2
S2140144F0254801008440002080100020D657002067
S214014500014B1888704700BFD65700202DE9F04FA1
S214014510634A077D89B004466249002002F00CFD1B
S21401452000201FF00CFF20B12368218A588803F071
S2140145309BFC00205C4902F0E5FC637DDFF874918A
S214014540002B236808BF08205988574B18BF002046
S2140145500093228A4FF0090314BF4FF080084FF0F2
S214014560400802F02FFBA289BB1C93420CDB1FF014
S21401457080FF034620B100204C4A4D4902F0C2FCA0
S214014580012009B0BDE8F08FA068791C89B2C55D2D
S2140145901FF08EFE0337012D0646BFB213D82368DF
S2140145A0324659885879238A009343461FF0CAFA3F
S2140145B0824600283ED1862002F0CCFB284602F037
S2140145C0C9FB304668E08520F6E703A91EF041FEE8
S2140145D09DF80C30AB4223D123689DF80D105A7913
S2140145E091421DD1BDF80E105A88914218D1BDF8DE
S2140145F01020B24214D19DF81220424510D1BDF8C8
S2140146001410228A91420BD1002D38D0BDF8181013
S214014610E288914204D19DF81A201B799A422ED045
S2140146200BF1010BB9F800305FFA8BF08342CCD85E
S2140146308B20C1E74FF0000BF4E79AF8020002F076
S21401464089FBBDF818001FF0F6FDBDF81A001FF033
S214014650F2FD9AF8020003F027FE002883D19AF8AB
S214014660020001F09DFC0546079E002D3FF47BAF3E
S214014670F0B2013D02F06EFB360AEDB2F5E700201E
S21401468002F068FB284602F065FB30461FF0D3FDBA
S214014690012DD2D1BDF81C001FF0CDFD63E700BF90
S2140146A001F40300D3E70300A60004000EF40300A0
S2140146B02BF40300D65700202DE9F04391B069464C
S2140146C080461EF0C6FD0023194F8DF8013038884C
S2140146D0431E98B28045388009D1694640461EF08F
S2140146E0C0FD68461EF0A4FD11B0BDE8F0834FF092
S2140146F0180905A91EF0ADFD0E4C3E880AAD09FB52
S21401470006460FCE0FC596E8030009FB084485E868
S21401471003000AAE404605A91EF0A3FD0FCE0FC446
S21401472095E8030084E8030069463888D7E700BFA8
S214014730D65700208010002008B5064B1B88834200
S21401474005D9FFF7B9FFFFF739FE002008BD27207E
S214014750FCE700BFD657002038B5074D2C882CB98A
S214014760FF2106481EF010F8204638BD601E80B2B4
S214014770FFF7A2FFF2E700BFD657002084400020D3
S2140147802DE9F3479A4618239DF82890244FCDE942
S214014790001203FB09731446D3E902231FF048FFF6
S2140147A0064620460D4603F07FFD04F0FD03382B38
S2140147B080460FD1009432462B460021DAF81000CD
S2140147C01EF072FDB8F1010F1BD135431ED102B0A8
S2140147D0BDE8F087392CDAF810300BD107EE906A75
S2140147E007EE103AF4EEC77AF1EE10FAACBF0120EC
S2140147F00020E7E79E4275F100032CBF0120002050
S214014800E0E7B8F1000FE2D10028E0D0182303FB5F
S214014810097701233B7402B0BDE8F047FFF7CEBD30
S214014820801000202DE9F04F00252E46A846AA4606
S2140148302C46DFF8BC91D1B0694BA8B21B888342E5
S21401484009D81CB161882079FFF79AFDFFF7B6FDFC
S21401485051B0BDE8F08F0BA91EF0FBFC25F0B0FFB0
S2140148601823AFB27B4309EB030B59F803300590CD
S2140148709DF82D00049301F0C1FC002800F0AE80E5
S2140148809DF82C10002940F0A980DDE90432D01AE9
S2140148904FF47A72BDF838305343834200F29E805B
S2140148A09BF8103043B9BDF83A30002B00F09680E3
S2140148B05343834200F29280FD230022CDE9013268
S2140148C010AB00930DF119020DF11A03E9B20BA812
S2140148D0EFF7FEFC002877D1BDF81A30DA1C0493F6
S2140148E0D2B214B33F4B9DF82D101B881344227986
S2140148F0914214D1BDF82E10628891420FD19DF8D5
S2140149003220B8EBD21F0AD1BDF83420524506D169
S214014910B3424DDD0020344902F0F4FA01E0B3421F
S214014920F8DC61882079FFF72BFD02F0E7F90446F1
S2140149309DF932002D4BC043C00F0093BDF83420C3
S2140149400A23BDF82E10C0009DF8328002F03AF915
S2140149509DF82D304FF0000B23714FF48A53FF263C
S214014960BDF834A04FEAD818E38007A95FFA8BF0A8
S21401497020F002F8C0B2B0B99DF81D109DF82D20A8
S214014980914210D1BDF81E10BDF82E2091420AD1D9
S21401499022469DF829109DF81C001FF073FDB042B9
S2140149A028BF3046C6B20BF1010BBBF1200FDCD19C
S2140149B0BDF830001FF03FFC9DF8190002F0CAF95F
S2140149C0049910A802F0DAF9182300225F4309EBD4
S2140149D007031A7425F0F4FE49F8070001352BE7A2
S2140149E0D6570020E0570020EAF40300A600040092
S2140149F08010002070B500240126104D8AB02B8847
S214014A00A0B2834204D80AB0BDE87040FFF7D6BC16
S214014A1005A91EF01EFC9DF8150001F0EFFB50B134
S214014A209DF814303BB91A46CDE901360093E1B240
S214014A3005A8EFF74DFC0134E1E700BFD65700208B
S214014A402DE9F0430389DFF858818BB0B8F8009060
S214014A500093044683798288418840781FF072F873
S214014A60002800F09580E78927B1A389BB4200F2B0
S214014A7091800027B8F80030BDB2AB4214D84D463D
S214014A8001264FF6FF73E2899A4226D146B9B8F855
S214014A900030AB4202D92846FFF70EFEFFF78EFC28
S214014AA000200BB0BDE8F083284605A91EF0D1FB17
S214014AB09DF814307BB92268059B5340FF2B0AD81A
S214014AC06368069E5E4036F07F4604D1BDF81C2022
S214014AD023899A42D5D00137CCE7E2689A422BD097
S214014AE0002E53D1D4E90323CDE9082305A81EF0EF
S214014AF09FFB0028D5D1B8F80030AB4204BF6B1C31
S214014B00A8F8003025F05CFE18236B43234AE9B26F
S214014B10D050D418002305A81A46CDE901330093D6
S214014B20EFF7D6FB18B100220023C4E9022328467A
S214014B3005A91EF096FBB1E7234605AA04F1100C61
S214014B40174618685968083303C763453A46F7D1CC
S214014B501868386005A81EF06EFB0028C0D01F2D0F
S214014B601AD800238DF8143063788DF815306388D1
S214014B70ADF81630A388ADF81830A3798DF81A3041
S214014B802389ADF81C300028B0D1ABE70020E6E75A
S214014B90862086E7872084E7892082E78010002028
S214014BA0D65700202DE9F04FB04A90F814908DB0FA
S214014BB00446AF49002002F0BFF900201FF0BFFBFA
S214014BC020B12368218A588803F04EF90020A949AC
S214014BD002F098F9637DDFF8B8A2002B14BF80239A
S214014BE040230293236808BF08205988A14B18BFA9
S214014BF000200093228A072301F0E4FF0023039399
S214014C00A28909F10305954211DB039B13B91846E6
S214014C1002F0A0F81FF02DFC034620B10020964AB2
S214014C20964902F06FF901200DB0BDE8F08FA0683B
S214014C3009F1010189B210F809601FF039FB32460B
S214014C40804603468E490020ADB202F05BF98EB174
S214014C50012E00F08A808527384602F07BF8304620
S214014C6002F078F840461FF0E6FA852FD2D00123ED
S214014C70039376E0A06809F10401A28989B2475D31
S214014C801FF016FB09F10601A289049089B2A068FB
S214014C901FF00EFB3A4605900090049B304679497A
S214014CA002F030F909F1080938461FFA89F503F0D0
S214014CB0FBFA002857D1384601F072F92946034617
S214014CC08146A289A0681FF0E4FA6F498346304600
S214014CD002F032F9A1684A4629443346304602F0CA
S214014CE075F83046634902F00DF9A9441FFA89F5B3
S214014CF02368424659885879238A0093029B1EF0FE
S214014D0021FF18B18378BB4240F0AC80483FFFB228
S214014D10092F05D840F21133FB40DB0700F1A480D0
S214014D2000238DF81C30236807A85A798DF81D20BA
S214014D305B88ADF82080ADF81E30029BCDF82CB014
S214014D408DF82230238AADF82430049BADF8283044
S214014D50059BADF82A30FFF773FE074600287FF45F
S214014D607BAFA9464CE7B346C2E72946A289A068AD
S214014D701FF09EFA4FF0000B0246074643490020FB
S214014D8002F0C0F809F10509BAF800301FFA89F5F2
S214014D90BAF800201FFA8BF94A4503D81F2B31D9E0
S214014DA0892759E7484607A904931EF052FA9DF849
S214014DB01C20049B012A22D122689DF81D005179EE
S214014DC088421CD1BDF81E005188884217D1BDF813
S214014DD02010414513D19DF82210029881420ED130
S214014DE0BDF82400218A884209D1BDF82800E1884F
S214014DF0884204D19DF82A10127991421BD00BF1FA
S214014E00010BC5E7012299468DF81C2022685179CD
S214014E108DF81D105188ADF82080ADF81E1002994E
S214014E208DF82210218AADF82410E188ADF82810FB
S214014E3012798DF82A2007A8ADF82C701EF0F8F923
S214014E40074600287FF408AFBAF80030484699456F
S214014E5008BF09F1010307A908BFAAF800301EF030
S214014E6000FA7EE78D27F7E68C27F5E615F50300B1
S214014E70D3E70300A600040076F503002BF4030035
S214014E801DF503003AF503005BF5030066F5030024
S214014E90D65700202DE9F04F074688469146002553
S214014EA089B09A46BDF848B09DF84C60149C224BD8
S214014EB01A88A8B2824235D903A91EF0CAF99DF80C
S214014EC00C201D4BB2BB9DF80D10B94232D1BDF876
S214014ED00E1041452ED1BDF8101049452AD19DF836
S214014EE01210514526D1BDF81410594522D130462D
S214014EF0029201F055F8A6F14103012B01460AD8AA
S214014F0020461FF0DBF90D4B0D4A204484420CD19C
S214014F100421029302ACEDB232462046009503AB63
S214014F20FFF72EFC09B0BDE8F08F14F8011F4B40C7
S214014F305343EBE70135BBE7D6570020C59D1C81DF
S214014F40930100011FB50F4C2478C4B142EA032235
S214014F509DF818308DF8051042EA43220A4BADF849
S214014F600C201A78094B8DF80610079903EB0213EB
S214014F7000908DF80400DB6868460291984704B0FB
S214014F8010BD00BF5A5E00205C5E0020A4400020D9
S214014F9073B51A4DFF211A481DF0F6FB2B7853B353
S214014FA0184C194E2378180106EB03131A7A596820
S214014FB0305C1FF065FD4D281DD0E0B101230021B6
S214014FC02278CDE900311201B25CC0B2FFF7BAFF18
S214014FD00A2223780A480133DBB2B3FBF2F102FB63
S214014FE01133FF2123702B78013B2B7002B0BDE8F3
S214014FF070401DF0C1BB02B070BD00BF5A5E0020FC
S214015000444100205C5E0020A4400020F8B5104F0B
S2140150103E780A2E1AD00FC8DFF840C00D4D9CF816
S2140150200040013605EB041585E80F000A2301341C
S214015030E4B2B4FBF3F203FB12440748FF218CF8F9
S21401504000403E701DF098FB0020F8BD0120FCE7F3
S2140150505A5E0020A4400020444100205B5E0020F0
S2140150600021024A0248FAF75DB900BF914F0100DC
S21401507044410020002337B50C46124D12492A78C8
S214015080CDE9003312018A5C01230146E0B2FFF745
S21401509059FFA4B90D490A788AB10A202B78013A3A
S2140150A00133DBB2B3FBF0F40A70FF2100FB1433CB
S2140150B007482B7003B0BDE830401DF05DBB03B060
S2140150C030BD00BF5C5E0020A44000205A5E002078
S2140150D04441002008B500F0BDF850B1054B064A22
S2140150E00649052808BF1A46BDE80840002001F019
S2140150F009BF08BD8AF50300A6000400ABF503004E
S21401510008B503201FF0D6FC10B90122014B1A7016
S21401511008BD00BF5D5E00200022024B18781A70A1
S214015120704700BF5D5E00200246FF2101481DF06A
S2140151301ABB00BF64410020114B37B51D78C5B9B5
S214015140FF2110481DF020FBFFF7DAFF0446009010
S2140151500D4B28460D4A0E4901F0D4FE4CB10D4BBD
S2140151601B78DB0605D528461FF07EFC20461DF081
S214015170D0FE094B186803B0BDE83040FFF7D4BF36
S2140151805D5E002064410020C8F50300F6F50300CB
S214015190B5CD03004B5E002044670020FF21014887
S2140151A01DF0F2BA6441002070B51A4E05463378F8
S2140151B00C466BB30020184A184901F0BDFE032CBB
S2140151C001D0652C20D11649002001F0B5FE2246FB
S2140151D00020144901F096FE0020134901F0ACFEB0
S2140151E0012329460822002001F0F0FD00200F4986
S2140151F001F088FE032C88BF0023204688BF337049
S214015200BDE87040FCF7BEB8012CE0D00849DBE7EA
S21401521070BD00BF5D5E0020F6F503009FD1030060
S21401522009F6030056D8030027F60300A60004007B
S2140152301FF60300014B1860704700BF446700204B
S2140152400021024A0248FAF76DB800BF3951010041
S21401525064410020054B10B51C782CB90448FF2189
S2140152601DF08AFA204610BD0520FCE75D5E002091
S21401527064410020F8B50024074B084E1D68084F0E
S214015280E3B29D4204F1010400D8F8BD394656F850
S21401529023001CF030FCF3E70472040008720400DB
S2140152A01068002010B5044C23780BB11FF0F2FBF8
S2140152B00123237010BD00BF6A6B00202DE9F74360
S2140152C0254B0D4616460446019350B14AB10423B8
S2140152D001AA12F8011BA94235D0013B13F0FF03C6
S2140152E0F7D1212003B0BDE8F08317F8010F90FA3B
S2140152F0A0F0000E1CF03BFE014608EB07039945A3
S214015300F3DCCAB2C1F30F2392FAA2F293FAA3F323
S214015310120E1B0E03EB0223DB43621912F8020C7A
S21401532099B2DBB298420CD112F8013CB3EB112FC3
S21401533007D132462146284603B0BDE8F0431FF0A8
S21401534011BB2320CEE74FF6FF71671EA5F10209B8
S214015350C4F10108D1E700BF080A0E12014B18700C
S214015360704700BF5E5E0020024B1A6818608260BC
S214015370704700BF48670020024B186800B14068BC
S214015380704700BF4867002070B5044600250A4BE9
S2140153901B687BB100211E8807E05A6802EB0110EA
S2140153A0013145B9021B554255418AB29642F4D89D
S2140153B09B68EEE7184670BD486700202DE9F04F60
S2140153C01E46002393B0022E074688461446DDF893
S2140153D070909DF874A0ADF81A3040F2C08099F82C
S2140153E000305A0729D5042E40F2B98099F804B046
S2140153F000255F4B33F83520002A00F0B6800135D2
S2140154000A2DF7D1209B002B40F0AD80FF2500230D
S214015410207908AA0DF119018DF819301EF0DCFE6D
S21401542070B1BDF82C309DF8190023801EF056FF90
S2140154300790C0B113B0BDE8F08F99F802B0D7E776
S21401544020791EF0FAFB0B28059000F28A8020795D
S2140154501EF055FF07900028ECD1464A059B02EB4B
S21401546003135B8823804FF6FF73002F08BF434664
S21401547062880021CDE9002358465246238802F06F
S214015480FDFD18B1E38843F02003E380209B07A9C4
S2140154900DA8CDE90D34CDF83C90ADF84080ADF8BF
S2140154A042608DF844708DF845A01EF0A8FE08B144
S2140154B00798BFE7484602F025FDA01D02F010FD43
S2140154C02246414638461EF0DDFFB04227D3E38828
S2140154D02246C3F30E03E3809DF87C3041460393D6
S2140154E0BDF87830384602930DF11A03CDE90093E2
S2140154F0F3B21EF015F9209B079003B3F8B9BDF877
S2140155001A2042B1092D06D81B4B03EBC5018A8030
S214015510209A43F835201120FAF7CCFB1CE0BAF1AB
S214015520000F0AD10DF11A03CDE9006322464B465E
S21401553041463846FAF7D2FFDDE73820DBE7052893
S21401554007D1E388DB0607D5002301200793FFF781
S21401555005FF079B002BDED01EF0C5FEA8E7012045
S21401556068E7212066E71C2064E7EDB24FE700BF3D
S2140155708C410020F8410020884100204FF6FF7240
S214015580024B1A805A809A80704700BFD857002075
S21401559010B5044C2379FF2B02D11FF0A9FA207114
S2140155A0207910BDD857002010B50C4C2379FF2B5D
S2140155B008D100201EF092FE20B91FF099FA207142
S2140155C01EF091FE2079022805D00438012894BFE8
S2140155D00020012010BD0020FCE700BFD8570020A6
S2140155E04FF6FF7310B5044C22889A4202D11FF081
S2140155F075FA2080208810BDD857002010B5FFF717
S214015600BDFF40F61D439842044607D8B0F5416FEA
S21401561005D2182826D8152848D829D010BDA0F5B7
S21401562041630D2BFAD801A252F823F071560100FE
S214015630715601001D5601001D5601001D56010040
S2140156401D5601001D5601001D560100C1560100E0
S214015650D35601006D5601006D5601006D560100CE
S2140156606D56010040F606439842D7D11C4920E00A
S214015670FFF7B6FF1B490246002001F043FC152C3C
S21401568005D11FF015FABDE810401EF0C1BD164B3E
S214015690164A1749B4F5416F08BF1A46002001F0B3
S2140156A031FC1EF0B4FD1EF0B3FDECE71628DDD18B
S2140156B01049002001F026FCBDE810401EF0CABECD
S2140156C01EF015F9BDE8104002460B49002001F016
S2140156D019BC0020BDE81040084901F013BC00BF0A
S2140156E086FD030033FD0300A60004002EFD030023
S2140156F04FFD03006FFD03009BFD0300C3FD030088
S21401570007B5094A0346108831B9084A084903B063
S2140157105DF804EB01F010BC0091064A064901F061
S2140157200BFC03B05DF804FBF0570020B2C8030081
S214015730E3FD030056C90300B5CD03000D4B37B595
S2140157401B68044693B11D780389012D08BF022505
S2140157500093C37A084A0020084901F0D3FB21468A
S214015760284603B0BDE830401FF07AB9022003B0E6
S21401577030BD00BFC442002058FE030007FE0300F0
S214015780002010B51EF0AAFD0D4B1B6863B15A78B8
S214015790052A03D862B1052402220AE0FF2AFAD0BC
S2140157A00020084901F0AEFBBDE810401EF09BBD8D
S2140157B0144610461FF0B0F920461FF0ABF9F3E788
S2140157C0C44200205DFE030013B5134C00201EF0FA
S2140157D085FDFFF7D3FE23689BB101A81EF07AF87A
S2140157E078B923681A789DF804309A4209D0D91EF0
S2140157F0032906D9D11E012903D9012A07D1022B73
S21401580005D1032301A8ADF804301FF02FF902B02B
S214015810BDE810401EF067BDC442002000231946B3
S214015820034A01330A2B918042F8081BF9D17047CD
S214015830884100207FB50E4605461FF019F92A4615
S214015840044603460D49002001F05CFB96B10C4B63
S21401585036211A889B78ADF80C208DF80E3003237C
S214015860002200934FF6FC7003AB8DF80D501FF02D
S21401587053F80446204604B070BD00BF7EFE030008
S21401588040560400FF2810B50C4604D100200449F8
S21401589001F038FBFE202146BDE81040FFF7CABFE5
S2140158A097FE0300F8B51E460B8807460C461546BC
S2140158B0002B64D14A88B1F9021000200029B8BF34
S2140158C06B78304901F01EFB6288132A1DD002F561
S2140158D0FF437F339BB2052B23D8A2F50042013A42
S2140158E0052A1ED8DFE802F0193F1D033C09264AA7
S2140158F02649002001F006FB13E0254A2349002033
S21401590001F01AFB2A792349F3E7022E94BF4FF6DA
S214015910FF72B5F801202049EBE700201F4901F08E
S214015920F1FA33462A46214638461FF0EBFF70B996
S21401593033462A46214638461FF0E6FF48F2210341
S21401594062889A4203D1384669781EF04EFC638815
S214015950B3F5004F02D90820FAF7C6F90120F8BDC1
S2140159602A790F49C5E70F4A0849002001F0E4FAF1
S214015970032E94BF4FF6FF726A880B49B9E70020E1
S214015980EDE700BFD2FE0300FAFE030001FF0300AD
S21401599012FF030018FF030026FF03003EFF03006B
S2140159A058FF03007AFF03007FFF03002DE9F04153
S2140159B016888AB0DFF88C80ADF80E300DF10E0334
S2140159C0C8F8002015460093324610AB07460C4631
S2140159D0FAF716FE90BB109B8DF824000693BDF8CF
S2140159E00E3004A8ADF81C30AB898DF81070ADF8F8
S2140159F020306B890594ADF81E60ADF822301EF09C
S214015A00FCFBD8B921463046BDF80E30109A01F09D
S214015A10C9FF98B921463046BDF80E30109AFFF7F7
S214015A2041FF58B9CDE9006039462046BDF80E3031
S214015A30109A02F049FB08B9C8F800000AB0BDE8A0
S214015A40F08100BF84410020F0B585B004AB03E9C6
S214015A50030000231C469DF80D609DF80E70154A44
S214015A60D9B202EBC1004568EDB99DF80C30284665
S214015A7000939DF80A209DF80B300F4901F05CFA5F
S214015A8026B1324628460D4901F056FA0C4A002046
S214015A90002C18BF2246BDF808300A4905B0BDE8FB
S214015AA0F04001F02FBA12F831100133B94208BFA5
S214015AB02C46D5E7E855040091FF0300A2FF03003A
S214015AC021C80300A6FF03004FF6FF7310B5084C6C
S214015AD088B062889A4207D102A90DF107001DF02D
S214015AE0F7FEBDF810306380608808B010BD00BFB7
S214015AF0D85700202DE9F04F85B0894692461C46BE
S214015B000746BDF83850BDF83C80109E002833D0BB
S214015B100346464A0020464901F00EFA2388002B28
S214015B2076D040F20912934274D0424A4249B3F504
S214015B30827F08BF0A46CDF8048061880020009164
S214015B403E4901F0F9F9238893B1B8F1020F0FD954
S214015B5033783B4913F0010F3A4A18BF0A465907F2
S214015B604FF000004CBF3379B378374901F0E4F9C0
S214015B700020364901F0C6F90023354931F83320B3
S214015B80AA4249D1334A52F833B0002331F83300E0
S214015B90DA00A84246D100202E490A44908041F8F6
S214015BA0330047B9238833B9B4F90230002B02DB3E
S214015BB00820FAF77FF80120FAF796F89EB13578B3
S214015BC0EB0710D515F0040004D0424601213046FB
S214015BD01EF06EFBCDE9017043462246514648460B
S214015BE000961EF087F8BBF1000F06D0434622460A
S214015BF051464846CDE90067D847434622465146B6
S214015C004846CDE900671DF03BFD05B0BDE8F08FC5
S214015C10114A90E7114A8EE701330A2BAED14FF0B5
S214015C20000BB2E701330A2BB0D1BAE75EBF03001F
S214015C30CDFF030022C80300BBFF0300DBFF030008
S214015C40BEFF0300C6FF03000C000400A60004000C
S214015C508C41002088410020B4FF0300B8FF0300F8
S214015C600D4BF0B54FF00C0C1F88054600230B4E6C
S214015C70DCB2BC4201D30020F0BD0CFB04F43019A9
S214015C80345DAC4205D144888C4202D104799442F9
S214015C90F2D00133ECE700BF0A6B00205867002002
S214015CA073B501262B4D2C4C2A462046FF23002196
S214015CB00096F9F701FB2A462046FF2300210096AD
S214015CC0F9F7FAFA2A462046FF2300210096F9F74B
S214015CD0F3FA2A462046FF2300210096F9F7ECFA4C
S214015CE02A462046FF2300210096F9F7E5FA2A46C0
S214015CF02046FF2300210096F9F7DEFA2A462046C1
S214015D00FF2300210096F9F7D7FA2A462046FF23FB
S214015D1000210096F9F7D0FA2A462046FF230021F3
S214015D200096F9F7C9FA2A462046FF230021009675
S214015D30F9F7C2FA2A462046FF2300210096F9F712
S214015D40BBFAFF232A46002120460096F9F7B4FA4B
S214015D5002B070BDAF2F0300D84100202DE9F843F3
S214015D6000244FF00C090C4B0C4F1E78DFF83080E6
S214015D703A88E5B2954202D33046BDE8F88309FB7E
S214015D800585FF21A8681CF00DFD18B9AB799E4268
S214015D9038BF1E460134EBE75F5E00200A6B002029
S214015DA058670020014B1878704700BF5F5E0020DF
S214015DB0014B1870704700BF5F5E0020F8B50646BD
S214015DC00C461EF007FA0546C8B930461DF035FFE9
S214015DD00B2815D80B4B03EB00131F7B87B95A888A
S214015DE0012122809A88304662809B79237100F0D7
S214015DF037FA39466071304600F032FAA071012553
S214015E002846F8BDF841002070B504460E461546F2
S214015E101DF013FF0B2802D94FF6FF7070BD094B1A
S214015E2003EB00131A7B002AF6D146B90122294654
S214015E30204600F03DFA0028EED00088EEE7012E5D
S214015E40EAD1F4E7F8410020FF2313B50DF107016D
S214015E5004468DF807301EF0BBF918B19DF807000F
S214015E6002B010BD074B03EB04131B7B0BB1FF20E5
S214015E70F6E7204600F03AF90028F8D0204600F070
S214015E80E9F9EDE7F841002013B5F6F70BFA0446F9
S214015E90F6F70EFA224603461249002001F032F8C0
S214015EA000F084FFFFF7BAFC00F0A6F802210846CE
S214015EB002F046FDFFF764FC41F249001EF03EFE8B
S214015EC04FF0FF130093FF2368468DF804301EF051
S214015ED01BFE4FF400401EF0F9FD00201EF016FEDA
S214015EE002B010BD5B00040038B505461EF092F9FD
S214015EF090B928461EF03EFD044628B140F60443FC
S214015F00984214BF88248D2423462A46002003493C
S214015F1000F0F8FF204638BD8D24FBE7730004002F
S214015F202DE9FF4705460E4617469846BDF83090C0
S214015F30DDF834A0BDF83840CDF80090CDE9014A2F
S214015F40E4B2FFF7D7FD43463A4631462846CDE947
S214015F500094CDF808A01FF09EFCFF21034B044AD5
S214015F60044804B0BDE8F04700F01ABEE45700202C
S214015F70E057002037600020044B014618881022A5
S214015F8040F0404040F48010F6F79CBF3E530400BA
S214015F90024B18685968FFF757BD00BFEA96040020
S214015FA00123064AD15C814202D1054AD05C704782
S214015FB002335F2BF6D10020704700BF4256040023
S214015FC04356040070B500220446094B1D78094B60
S214015FD0D0B2854201D8FF2070BD1E78A64204D1FA
S214015FE00029F9D05E7BF607F6D401321033EFE7CD
S214015FF0605E0020F84100202DE9F04198B06B4624
S214016000304A1068516803C390680CAA18602E4B7A
S21401601014469C4603F11806154618685968083355
S21401602003C5B3422A46F7D112AA1746274B03F1F6
S2140160301806154618685968083303C5B3422A4638
S214016040F7D1234A03AB106851684FF0010E03C322
S214016050906871681860DCF83000002206AB03C354
S2140160600C21EC46B068CDE909221860194BDFF81F
S2140160706C801970184B0DEB01060B9206AD09A941
S2140160801CF8010B0132187034F8020B0C2A5880E8
S21401609037F8020B83F80DE0988016F8010B03F130
S2140160A0100303F80A0C15F8010B08EBC00043F8BF
S2140160B0080C11F8010B03F8040CE1D118B0BDE887
S2140160C0F08100BF8D000400B2590400CA590400D3
S2140160D09A000400605E0020F8410020AC560400DF
S2140160E0014B1878704700BF605E0020034B03EB3E
S2140160F00013587B00F00100704700BFF8410020F4
S214016100F0B504460846D9B100220E4B11461F7859
S2140161100D4B1D46D6B2B74201D8002010E01E78BE
S214016120A64206D09E68F688314489B20132103301
S214016130F0E75E7BF607F9D505EB02150180A86846
S214016140F0BD00BF605E0020F84100202DE9F34756
S214016150894690461D46074618B9002002B0BDE89C
S214016160F0870029F9D0002AF7D0002BF5D00024BB
S21401617000780DF10601ADF80640FFF7C1FF0028D3
S214016180EBD039460DF10602BDF806601DF04AFC5B
S21401619007460028E1D00DF10602BDF806A01DF065
S2140161A068FC0028D9D0C9F80070C8F80000037947
S2140161B013F0200219D1DB0614D4BDF806300C4AC0
S2140161C0564413FA86F612FA86F20BE01A790C3365
S2140161D0920642BF13F8092C891889B29842F5D85D
S2140161E0044A0A4401202A60B8E72146024BF5E733
S2140161F0835F0020615E0020EC58040008B5002192
S214016200FFF7E0FEFF2817BF044B084603EB001319
S214016210587B18BF00F0010008BD00BFF841002000
S2140162202DE9F0410D4616461F461DF006FD0B28CA
S2140162300AD8074C3B4604EB001032462946BDE817
S214016240F04180681DF0C6BC0020BDE8F08100BFAB
S214016250F8410020014B0001185C7047F84100200E
S21401626070B50C461DF0E9FC0B281BD80F4B03EB51
S21401627000139A68C2B10023142618461579D9B2BC
S2140162808D4200D870BD116806FB0311097B34B935
S21401629011F0800F1CBF0130C0B20133EFE711F0DF
S2140162A0400FF7E70020EDE71046EBE7F841002046
S2140162B0F8B50D4616461DF0C0FC0B280BD80F4B43
S2140162C04FF0140C03EB00139A6800231C46177951
S2140162D0D9B28F4201D80020F8BD10680CFB03002C
S2140162E0017B46B911F0800F03D0AC42F4D00134E3
S2140162F0E4B20133ECE711F0400FF5E7F841002076
S2140163002DE9F04F064600243A4B87B01B783A4FEA
S2140163100093009B9C4207D2FF2E08D030461DF00A
S2140163208CFC0B28044606D907B0BDE8F08F07EBB6
S21401633004131B7B2BBB23014FF00008019307EBD3
S214016340041A14E014221B6802FB05352B89B3F5E9
S214016350967F01D924F048FA4FF000094FF00C0B54
S21401636029891FFA89F291420ED808F10108019B8A
S2140163705FFA88F5FB189B681A79AA42E2D8FF2EC5
S214016380D2D10134E4B2C4E71FFA89F00BFB00F066
S2140163906B6819180A7912F0100F23D19AF800E0E9
S2140163A012F0400F8DF80CE0B5F800E0185AADF881
S2140163B00EE00CBF4FF0400E4FF0800EADF812000D
S2140163C028468DF810E01DF0F9FA5307ADF81400D1
S2140163D0C8780AD50228896800D90968002203A866
S2140163E01DF0C8FB09F10109BAE702288CBF8968CC
S2140163F00831F3E7605E0020F8410020052370B500
S214016400094A06881488B44208D19578047B2C4042
S2140164103F2C03D90D4201D0506870BD013B02F1FB
S2140164200802EFD11846F8E75C59040070B500245D
S214016430074D084E2B78E0B2834200D870BD06EBBC
S2140164400010437BDB0701D51DF0D6FC0134F1E7D4
S214016450605E0020F8410020F8B50C460021054694
S214016460FFF7B0FDFF2829D0154A060102EB0013FD
S2140164705B7B03F001016CB143F001031644A142BA
S214016480737305D0C4B100B202EB00101DF0B4FC6A
S2140164900120F8BD2346F1E77B4311682846CA1858
S2140164A0127BC95AD2091DF013F90134B268E3B25E
S2140164B011799942F0D8EBE71427F7E70846E8E7A1
S2140164C0F8410020F0B59446497D20B339B301293F
S2140164D018BF042100254FF6FF702F462A46144E9A
S2140164E03488644511D196F803E01EEA010F0CD0FA
S2140164F0B4789C4209D30AB1BC4206D81EF0100FEC
S21401650003D08AB1BC420CD370B90135072D06F110
S2140165100406E5D1F0BD002908BF0821D8E702210D
S214016520D8E727460020F0E727460122FAE700BF12
S214016530405904002DE9F04F0A9FBDF824E09DF86C
S2140165402C809DF830904C7D78B394B3012C18BF05
S21401655004240025194800F11C0C068896421ED119
S21401656090F803B01BEA040F19D08678464516D377
S2140165701BF0100F91F80FA004D0BAF1000F0ED047
S214016580B1F810A0BAF1000F09D1A94513D0AE4554
S21401659011D95E553E88013501363E80ADB20430D4
S2140165A06045DAD10120BDE8F08F002C08BF082431
S2140165B0CDE70224CDE70020F5E700BF40590400EF
S2140165C02DE9F04F0024B1F57C4F0E4638BF4FF051
S2140165D0010BA246A1464FF6FF781F4628BF274B60
S2140165E085B028BFB3F800B0009001925C4503D394
S2140165F0404605B0BDE8F08FB6F57C4F0CD3204B76
S2140166003A4603EB840331465B880098FFF708FEA1
S214016610054680B300232AE03A46314600981DF02D
S2140166203CFBF5E70C229CB254436A680199105B67
S21401663002EB040C884219D3B9F1000F01D0504582
S21401664014D861462846CDE902321DF0B7F9029BFF
S21401665060B1039A125BB9F1000F03D0524501D322
S214016660804503D9924680464FF0010901332A89B5
S2140166709CB2A242D6D80134A4B2B7E7A25604000F
S214016680A45604002DE9F04F91461A4600238BB01C
S2140166908DF82020BDF850208DF81C00ADF81E1096
S2140166A0ADF8242005460F461A4604A907A8159CEE
S2140166B09DF858609DF85CA09DF860B09DF86480D8
S2140166C00493ADF822901DF001FA049850B92B46B8
S2140166D0CDE90079644A654900F014FC86200BB0C8
S2140166E0BDE8F08FBAF1000F14D18378B34206D01B
S2140166F050465D4A5E4900F005FC8D20EFE70379C0
S21401670013F0010306D11846574A5A4900F0FAFB1E
S2140167108820E4E703795B072CD583685A689B6871
S2140167200592069380781DF065FF049B0546DF7889
S2140167302146022F03463A4610D805A81DF016FF3B
S21401674081462B463A46214606A81DF00FFFB9F1B1
S214016750010F01D001300DD18720C0E705981DF04B
S21401676005FF0128F8D02B463A46214606981DF02B
S214016770FDFEEFE7BBF1000F6FD1049F4FF6FF72EE
S2140167802146B8781DF0B8F800286BD0BDF8243043
S214016790C5B20093CDE902549DF82030BDF8222001
S2140167A0BDF81E109DF81C0001961DF022FD002864
S2140167B095D1BDF82430CDE902540093BDF82220CE
S2140167C09DF82030BDF81E109DF81C0001961DF0A6
S2140167D0EDFA002883D121469DF8682007A81DF010
S2140167E0C9F900287FF47BAFB8F1000F07D03B460C
S2140167F02046BDF81E209DF81C101DF05EFABDF85F
S2140168002430BDF82220BDF81E109DF81C00009310
S214016810CDE901649DF82030FEF73CFBBDF824303D
S214016820BDF82220BDF81E109DF81C000093CDE98E
S21401683002549DF8203001961DF0DAFCBDF8243094
S214016840BDF822200093BDF81E109DF820309DF85B
S2140168501C001DF083FA002041E70020064900F0E5
S21401686051FBF8E701203AE7A7000400B300040053
S214016870DF000400F3000400070104007FB50025D3
S2140168808DF80830BDF820308DF80400ADF80610FC
S214016890ADF80A20ADF80C306946BDF82830099AE3
S2140168A001A80B9E00951DF011F9044630B916B1EA
S2140168B0009B9B783370204604B070BD8928FAD1BE
S2140168C02846024900F01EFBF5E700BF240104003C
S2140168D02DE9F04F4FF0000AC7B0FFF701FC5FFA51
S2140168E08AF6B04202D847B0BDE8F08F5B4B36015E
S2140168F09A5D00205A4900F005FB0020594900F036
S21401690001FB00230593554B9DF8144033449B68C7
S2140169101A79A24202D80AF1010ADEE714224FF0E0
S21401692000091B6802FB043422891FFA89F39A4284
S21401693002D8059B0133E5E70C231FFA89F803FB10
S21401694008F8D4F804B023F04FFF0BEB08052B79B9
S214016950454913F0400F3BF8083022884FF00000FD
S2140169600093424B18BF0B46414900F0E5FA294611
S21401697020461DF023F8074600283CD13D4900F08B
S214016980DBFA2979DFF814C111F0010F3A4818BF74
S214016990604611F0020FAA78EB7832D1DFF800C119
S2140169A011F0100F354918BF6146CDE900010020EE
S2140169B0334900F0C1FA2B793BF8082013F0400F59
S2140169C04FF0000B4FF0FD030DF118082188CDE9BB
S2140169D0023BCDE9007821480CBF40238023805D2F
S2140169E0FFF74CFF86280ED12649002000F08AFAD0
S2140169F009F1010998E702462349002000F09CFAB4
S214016A00BFE72249D1E7A8781CF0C8FFD8B14046B5
S214016A101DF054FC421C92B201234146002000F0B6
S214016A20D5F93946208801F001FA4FF6FF739842EE
S214016A3007D0174B174903EBC0035A68002000F034
S214016A4061FA1549D1E7A8781CF0AEFF20B140469F
S214016A501DF039FC821CDEE7EA78DDE7F84100200C
S214016A6076010400840104004E0104005301040071
S214016A70C401040007F303005B0104005E01040087
S214016A80D8010400F4010400950604006601040020
S214016A902C5A0400E1D10300A600040058010400AA
S214016AA06E0104002DE9F04FC7B0BDF844A10646BB
S214016AB0BAF1040F0D4614461F46BDF840B163D91E
S214016AC0CDE9013B00920B4602463049002000F01A
S214016AD019FAFD230DF117090DF118083046029336
S214016AE022463B462946CDE900B8CDF80C90FFF783
S214016AF0C5FE0646B8B9FD22414699F800001CF0CD
S214016B00FBFE0746C0B1AAF10403834238BF8926BB
S214016B1020461DF090FB8EB1304600F01BF9304642
S214016B2047B0BDE8F08F009023462A46002018495A
S214016B3000F0E8F90027EBE78926E9E7DFF85CA033
S214016B40BA1CBAF80030C3F1FF039A4219DA30468C
S214016B5000F000F999F8000000F0FCF8BAF800908F
S214016B600C483A4641464844B94404F0F3FEAAF8B4
S214016B70009023462A4630460749009700F0C2F99E
S214016B80CDE7892000F0E6F88926C8E70002040070
S214016B903B0204003760002062020400E057002038
S214016BA010B5044C20600448018004490A60044A78
S214016BB0136010BDC0420020DE570020BC420020FA
S214016BC0B842002030B587B00AAC0D4654F8041B15
S214016BD00093CDE90114134609490246094809887C
S214016BE0006805941DF029FA4FF48A52064B1B687B
S214016BF01880064B1B685D80DA8007B030BD00BF89
S214016C00DE570020C0420020BC420020B8420020CF
S214016C1008B410B587B009AB0C4653F8041B0092B4
S214016C20CDE9011302460B490B4805930988002359
S214016C3000681DF002FA4FF48A52084B1B68188050
S214016C40074B1B685C80DA8007B0BDE8104001B0D6
S214016C50704700BFDE570020C0420020BC42002023
S214016C60B8420020044A034611680448044A0988C9
S214016C70126800681CF0BABCBC420020B842002072
S214016C80C0420020044B054A1B6812681988044B51
S214016C9018681CF01EBC00BFBC420020C042002089
S214016CA0B842002007B5074B1B681B880192064AAD
S214016CB012680092054A12681CF06CFC03B05DF87D
S214016CC004FB00BFBC420020C0420020B8420020A6
S214016CD01FB51446064A12681288CDE90143009191
S214016CE0044B05491B6809681CF030FC04B010BD54
S214016CF0BC420020C0420020B8420020014B186868
S214016D00704700BFB8420020024B1B6818715971CA
S214016D10704700BFB842002010B50024084B1C7015
S214016D20FEF75EFC074BFF2218802146064804F05A
S214016D3081FC064B1C80064B1C605C609C6010BD91
S214016D4041610020E257002037600020E057002014
S214016D50E457002007490B88FE2B9FBF064AD054F4
S214016D60581C80B29DBF088000F1FF3080180020BB
S214016D70704700BFE057002037600020F8B5094F84
S214016D800D463B885C18FE2C0ADC074E0A46A4B268
S214016D900146F01804F0A0FC3C80641BA019F8BD65
S214016DA00020FCE7E057002037600020024B034A32
S214016DB000201A60704700BFC4420020A856040095
S214016DC0014B1878704700BFF841002030B4044DDD
S214016DD0044C002B0CBF2B46234630BC1DF097BA43
S214016DE04EC003003503040070B5054608460C4640
S214016DF01DF064FA611C0246024B2846BDE870404D
S214016E001DF085BA540A040000B5037889B00693CC
S214016E1043783E220593837808490493C378039305
S214016E20037902934379019383790093C3790448E4
S214016E30008800F081F809B05DF804FB90020400B8
S214016E40F0570020024B02460249188800F05AB853
S214016E50F0570020BAC603002DE9F04705460E4656
S214016E6017460024DFF84480DFF844A0DFF844909A
S214016E70AC4201D1BDE8F087B8F8000006EBC401CA
S214016E80534608221DF043FA0134B8F800003FB912
S214016E90044AA54208BF4A46034900F04DF8E7E711
S214016EA04A46F9E7A6000400B9C60300F0570020D9
S214016EB03503040031AF03002DE9F0410E4E0446C0
S214016EC030881DF03CFAA8B100250C4FDFF8308061
S214016ED0E3070AD518B94146308800F02DF8308806
S214016EE02A46394600F028F8002001351B2D4FEAC6
S214016EF05404EDD1BDE8F081F05700204DEF0300BA
S214016F00D8FF03000EB417B505A9044651F8040BC3
S214016F10019103F091FA01210220054AF8F7ECFCF1
S214016F20044B1C8003B0BDE8104003B0704700BF9F
S214016F30A6000400F05700200EB417B505A90446B4
S214016F4051F8040B019103F077FA034B1C8003B050
S214016F50BDE8104003B07047F057002013B5036832
S214016F600446587900F032FF90B923685A88032AFC
S214016F700ED0E17C5B79CDE900211649164AFFF770
S214016F80C1FF012120461DF07AFA012002B010BD92
S214016F90637D012B0AD0637D33B92368228A598821
S214016FA058791CF056FE48B9C3200AE02368228AA5
S214016FB0598858791CF056FE0028ECD020461DF062
S214016FC0C0F9064B1B78002BDFD110F5807FDCD093
S214016FD0C1B2D7E7BD020400B50204003861002043
S214016FE0002970B50F491D460F4B14460CBF6E2283
S214016FF07922002808BF0B4600200C49FFF79CFFAA
S2140170000B4E2544AC4205D1BDE87040002009492D
S214017010FFF778BF3146002014F8012BFFF78CFFED
S214017020F0E700BFF6020400EC020400FF020400D1
S214017030330304008AE603002DE9F04FC27C8BB0CF
S2140170400592427D0368002A14BF80224022077DF4
S2140170500446856886895879B846B3F80290069240
S21401706000F0B4FEA0B9059B052B05D86FF02D03E3
S214017070059A1341DB070BD5B9F1030F08D0AB49CD
S2140170800020FFF73FFF012120461DF0F8F976E0CA
S214017090E37B1BB1228A002A00F0B781607D0022C3
S2140170A0B0FA80F05B4203F00403DFF88CB24009CB
S2140170B043EAC000ABF80020FFF74CFEE37B1BB3AE
S2140170C0208A1DF0B8F88246A07CFFF743FE059A99
S2140170D0162A00F29A81DFE812F019009E016C0070
S2140170E05600D2016C009201D9019A01E001E70134
S2140170F0EE01390102029801980198011402580222
S21401710014027002390102029A46DDE700204B465E
S214017110874A8849FFF7F6FE0120FFF71BFE08F1B4
S2140171200207B74229D84146324628461DF0C0F824
S2140171308046236842465879BBF800304946C3F179
S214017140FF039BB20193238A0093069B1EF0DDFB8F
S21401715010B11FFA87F8E2E7236842465879BBF870
S21401716000304946C3F1FF039BB20193238A009383
S214017170069BFFF797FC8928EBD11DF07AF90120D1
S2140171800BB0BDE8F08F4FF0000B0420FFF7E2FDD7
S214017190F31E0893089B984552D3BBF1000FECD120
S2140171A0E37B94F81480002B0CBF02220422624B6E
S2140171B01A804FF0000B0420FFF7CCFD5F4608F164
S2140171C0030A564540F29D803246414628461DF048
S2140171D06FF805EB08039B78F21EAA44A2EB08029F
S2140171E007905146184692B209931CF085FB089009
S2140171F0002879D02268099B5079CDE901A3238A1A
S21401720049460093DDE906321CF0A5FE82464A4651
S2140172100020079B4949FFF78FFEBAF1000F55D1B1
S2140172200BF10103504646495FFA83FBFFF76AFEFE
S214017230089B08F1030813FA88F81FFA88F8BEE7D6
S2140172403246414628461DF033F805EB08039F7881
S214017250089B08F10301A3EB08022944824692B277
S214017260384609911CF048FB079068B323680999D2
S214017270587902970191238A524600934946069B04
S2140172801CF0B9FE0746B8B10BF1010338465FFAA8
S21401729083FBFFF75FFD50461CF0CDFF53464A4681
S2140172A000202649FFF72EFE3A4600202549FFF723
S2140172B029FE802F3FF471AF079B08F1030813FAEC
S2140172C088F81FFA88F865E78027DDE75046FFF75C
S2140172D041FD07981CF0AFFF0137524600201949BF
S2140172E0FFB2FFF70FFEA3E78720FFF733FD0798EE
S2140172F01CF0A1FF0137872212490898FFB2FFF759
S21401730001FE059B052B3FF43AAF002F7FF435AF06
S214017310BBF1000F05D10C495846FFF7F3FD80215C
S214017320B2E63846FFF716FD27E700BF05B70300AC
S214017330400304008D030400E05700204A030400C4
S2140173408D02040066030400700304000599A84A30
S214017350A84B0020152918BF1346CDF80090A64A61
S214017360A649FFF7CFFD059B0C2B14BF16200D2059
S214017370FFF7F0FC3246284639461CF099FF059B7C
S2140173803D440C2B0646AD7835D1192D28BF19255D
S214017390E37BB3B14FF6FF73278A9F4211D1206872
S2140173A032464946069B4079FFF70AF9B84208D0AB
S2140173B0BAF1000F05D020828AF80000000A8AF888
S2140173C001000020BBF80070FFF7C4FC23683246BA
S2140173D05879059B4946A3F1150CDCF1000343EBF4
S2140173E00C03CDE90153238A0093069B1CF027FD6D
S2140173F0834BD855C1E6132D28BF1325C8E7204671
S214017400FDF7D0FB00287FF4BAAE81213CE620468A
S214017410FDF77CF8F6E7B9F10A0F05EB0708A6EBCE
S214017420070A21D1DFF8DCB19BF80030E3B1E37B3A
S214017430D3B9BAF1080F17D13246394628461CF09F
S21401744037FF88B998F8023073B998F80320E22A12
S2140174500AD13246391D284605931CF026FF1CF03A
S214017460F3FF059B8BF80030414648461FFA8AF227
S2140174701EF04DFA00287FF482AE002104E6F21BCE
S214017480484692B2E9191CF0D0FEF3E7F21B4846D3
S21401749092B2E9191CF08DFEECE7F21B484692B257
S2140174A0E9191CF0B2FEE5E7F21B484692B2E9196B
S2140174B01EF02FFADEE72368EE5D5879238A01373E
S2140174C0ED5D0193069B3246494600932B461CF020
S2140174D0F5FB2A46314648461CF06DFE4FE60598F8
S2140174E07A1CE95DB31AA0F11606704270410039A4
S2140174F0009018BF012148469BB22A441CF05DFE4D
S214017500B8E7059BEE5D112B3D446F7838D112200C
S214017510FFF720FC0025E37BB3B14FF6FF73B4F809
S2140175201080984510D133464A4621462846FEF734
S214017530C9FF404508D0BAF1000F05D020828AF86D
S2140175400000000A8AF80100BBF80080DFF8B0A04E
S214017550C8F1FE0292B208F10103009253444A4672
S21401756021462846CDE90267CDF804B0FEF7E2FFD2
S214017570BBF800300AF808000133ABF80030FCE530
S2140175801420FFF7E7FB0125C5E77B1C9E422CD3A1
S214017590EF5D1D44003F18BF0127F31A9EB2334624
S2140175A02A4639460020FFF71BFD00962B463A4631
S2140175B04846218A1CF005FE5CE77B1C9E4214D3DC
S2140175C0EF5DF61A003F18BF01271D44B6B23346D9
S2140175D02A4639460120FFF703FD00962B463A4618
S2140175E04846218A1CF0EBFD44E70020C8E500BFB1
S2140175F0A60004003B030400810304008B0304007F
S214017600376000203661002038B54FF6FB7504461A
S214017610A9424FF001019DF8100098BF43F40043C2
S214017620217023816260A07202230020084A094962
S214017630FFF768FCE07A084B40F6CA0203EB4010FD
S214017640FF211BF090F8BDE838400420F8F732BB64
S2140176509B030400A60304000843002030B505463A
S21401766085B028B91D4905B0BDE83040FFF74ABCD2
S2140176700024007B1CF032FE2046194A19492C7062
S214017680FFF740FC184BE87AFF2103EB40101BF094
S2140176907BF82046154B02019A5C22B9013004287A
S2140176A0F9D1F8F721FB696899B1B5F908302A894B
S2140176B09B1303F002038DF80430C2F30E03ADF8FA
S2140176C006304FF6FF73ADF80830002301A8039388
S2140176D0884705B0BDE830401CF005BED103040064
S2140176E09B0304000304040008430020C842002052
S2140176F00948037873B91946084AD3720133042B33
S2140177001173117051601181917202F11002F4D15E
S21401771001230370704700BF37610020C842002074
S21401772008B5FFF7E5FF002305491A018A5C01EB5E
S21401773003101AB10133042BF7D1002008BD00BF96
S214017740C842002070B50D460646FFF7D1FF00235C
S214017750094800EB0514A17AB14205D1217819B187
S2140177602B4400EB031070BD0133042B04F110040D
S214017770F1D10020F7E700BFC842002010B504464B
S214017780FFF7B6FF0E4B9C4212D003F12002944243
S21401779010D003F1400294420ED060339C420DD1CA
S2140177A00323084800EB0310BDE81040FFF756BF5F
S2140177B00023F6E70123F4E70223F2E70020F3E7CC
S2140177C008430020C842002070B50024064D074E2D
S2140177D02846324600210134F7F7A4FD042C05F1B2
S2140177E02005F5D170BD00BF084300207D7701005C
S2140177F02DE9F34105460C4617469846FFF790FFDC
S214017800064640B91C4A1D49FFF77CFB0224204668
S21401781002B0BDE8F0814FF6FB739D420AD94FF6E0
S214017820FD739D4204D00020134A1549FFF76AFBF9
S2140178304FF6FD75434621463A4628461CF0ECFDB8
S214017840044600F02FFE804634B1234600200A4A43
S2140178500C49FFF757FBDAE73B462046064A0A493A
S214017860FFF750FB062329463046089ACDF80080DC
S214017870FFF7CAFECBE700BF9B0304001004040019
S2140178803A0404006F04040098040400F7B50646A1
S2140178900C461746FFF744FF054638B9104A11490A
S2140178A0FFF730FB0224204603B0F0BD21464FF41B
S2140178B08A5230461CF078FF044600F0F3FD34B1DE
S2140178C023460020064A0849FFF71CFBEBE7009019
S2140178D004233A4631462846FFF796FEE3E700BF03
S2140178E09B03040010040400C0040400F7B5064618
S2140178F00F46FFF715FF054638B9104A1049FFF73E
S21401790001FB0224204603B0F0BD002240231146AD
S21401791030461DF00DF904461DF008F934B1234632
S2140179200020064A0749FFF7EDFAEBE7009001232E
S2140179303A4631462846FFF767FEE3E79B03040015
S21401794010040400F304040073B504460E46FFF762
S214017950E7FE054638B9104A1049FFF7D3FA022464
S214017960204602B070BD0022204611461DF0E2F806
S21401797004461DF0DBF834B123460020064A0849C8
S214017980FFF7C0FAECE70090234632464FF6FC714B
S2140179902846FFF739FEE3E79B03040010040400C2
S2140179A0210504002DE9F0418846107800219EB09B
S2140179B014461D46FFF7C6FE0646002800F0FD8069
S2140179C00778002F7BD0B8F80010002940F0F5802A
S2140179D00389B8F8022043F40040824240F0ED806B
S2140179E0617800296BD1A2F50042062A00F2E580F3
S2140179F0DFE812F0A100A100E300E3000700B800F1
S214017A006900E3880D3DADF82430238915F00105A2
S214017A10ADF8263063798DF82830E37A03F1060253
S214017A2014F812208DF814308DF81C2042D10BA9C1
S214017A308E46069104F10C005FFA85FC9C4500F128
S214017A40020009D210F8018C10F802CC01350CEBBB
S214017A50082C2EF802CBEFE701EB43011A440891FC
S214017A60D2B2590001F10D009A42C0B20BD02518CE
S214017A706D78205C7831694400EB0520013321F8EC
S214017A804C0CDBB2EDE7B6F908203389002AACBF0F
S214017A9001220322C3F30E038DF808206288ADF895
S214017AA00A3005ABADF80C20049302A930461CF051
S214017AB09EFC04E0424A43490020FFF723FA384679
S214017AC01EB0BDE8F081042D02D83D4A3E49F3E7D9
S214017AD02379053DADB29D42B4F8028002D0384A02
S214017AE03A49E9E73A4A3B4B0020002D08BF1346C6
S214017AF03949334ACDF80080FFF704FA05348DF88A
S214017B001450B6F90830069485B1002BACBF01239A
S214017B1003238DF82C303389ADF83080C3F30E0380
S214017B20ADF82E3005AB0D930BA9BFE7002BACBF0C
S214017B3006230523EDE70B2DC7D9D4F80200D4F8A8
S214017B40061013F4004F05AA03C20CBF0422032239
S214017B508DF82C206289C3F30E03ADF83020ADF802
S214017B602E30DFE7042DB0D96388ADF830302379A5
S214017B700533DBB29D4206D00020114A1749009515
S214017B80FFF7C0F99BE70E4A00201549FFF7BAF93F
S214017B90B6F908203389002AACBF01220322C3F3B9
S214017BA00E03ADF82E3005AB0D93631D06932379B6
S214017BB08DF82C208DF81430B6E700277FE700BF3C
S214017BC09B0304004E050400760504008A050400A4
S214017BD0CABE0300A6000400B1050400CE050400D9
S214017BE00F060400304BF0B5B0FBF3F24FF46165BD
S214017BF003FB1200B0FBF5F3DCB205FB13033C25D7
S214017C00B3FBF5F3DBB2A0EB04104B71C3EB03132C
S214017C10A0EB83004FF4FA630B8040F201134B8014
S214017C2001230C711F4600246425204E887194425E
S214017C3000D1F0BD91F802C013B1BCF1020F2BD0F8
S214017C4006EB0C0010F801ECC87870450BBF01205C
S214017C5001300CF1010CC0B208BF81F802C0C87037
S214017C6088780D2816D10B888F7001339BB2980740
S214017C700B8014D1B3FBF5F005FB103080B280B950
S214017C804FF4C870B3FBF0FC00FB1C339BB2B3FA95
S214017C9083F35B090134CAE74FF01D0ED4E70023D6
S214017CA0F8E70123F6E700BF80510100EE59040012
S214017CB010B5044688B006A9FFF794FF9DF81E305C
S214017CC00A4803939DF81D30049402939DF81C30D6
S214017CD09DF81A200193BDF81830054900930088D5
S214017CE09DF81B30FFF70EF908B010BDF0570020C5
S214017CF028060400026808B51188154B19805188BA
S214017D00598051791971117959714FF48A51D98075
S214017D10D28812F0200F0CBF0A464FF48B528169AD
S214017D20DA800C4A137831B9C0880B4923F0020374
S214017D300880137008BD43F002031370074B152229
S214017D401846013103F0C8FC002200F8012CF1E7C7
S214017D50E457002041610020E2570020F35700203D
S214017D6010B5184C236858791BF067FF0B2822D8EA
S214017D70154B03EB0010027B237F9A421BD123682D
S214017D80428819888A4205D04FF6FF70814212D187
S214017D90120410D42279023A012A06D9A37B63B9C8
S214017DA0BDE810400748FFF747B9198958791BF015
S214017DB07AF80028F2D1002010BD0248BDE8104034
S214017DC0FFF7CCB88C430020F841002008B51BF023
S214017DD034FF0B2896BF024B0020185C08BD00BF7D
S214017DE04661002008B500201CF078FAFF201BF041
S214017DF057FF1CF078FA1CF01FF9FEF771F9012104
S214017E000246064803F016FC054BFF21054A0648C4
S214017E10FEF7C6FEBDE80840FEF708BB4661002037
S214017E20E4570020E057002037600020F0B500221C
S214017E3004464FF6FF750B4F90B237F83060034695
S214017E40AE4201D12846F0BDA64209D1B4F57C4F19
S214017E50F9D307EBC3035B888B42F4D00029F2D039
S214017E600132E9E72C5A040010B50446FFF7DEFF9D
S214017E70094A034610884FF6FF72934214BF074A19
S214017E802246BDE8104017BF02EBC30304495A68F7
S214017E900449FFF751B800BFF05700202C5A0400E0
S214017EA04B060400E1D10300034B18780130C0B241
S214017EB0187000F07F0070476C6B0020044A13783E
S214017EC018B143F001031370704703F0FE03FAE79D
S214017ED041610020014B1870704700BF44610020CB
S214017EE038B1074B1B78012B04D1038843F04003BC
S214017EF003807047022BFCD1038823F04003F7E789
S214017F004461002068B1074A1378012B07D1064B5C
S214017F101B781370037843F01003037001E0022B03
S214017F20F8D0704743610020426100207FB50121EF
S214017F30264B274E197033780246D90744D4254973
S214017F40096881B10868C1888D0641BF224CE18865
S214017F5041F02001E180C1884C0641BF1E48C1881E
S214017F6041F04001C1801D4D1D4928780978400720
S214017F704CBFE97069701B4913F00204098809D0E7
S214017F80164A19481CF02DF9337823F00203337092
S214017F9004B070BD154B18884FF6FB73984208D88D
S214017FA00B46CDE9005201460B4A20461BF0F2FA79
S214017FB0EEE74FF6FF73CDE9014200930A46074B01
S214017FC005491BF0C3FAE3E70020E1E7386100202A
S214017FD04161002088430020E457002037600020DC
S214017FE06D6B0020E0570020F2570020E25700207A
S214017FF070B503790446012B0D46164631D88368C1
S2140180001B78DB0600D561B3A37B13B9E37C0B2B8E
S21401801027D00022144B1A80637DB3FA83F35B09E1
S214018020D800E37BABB9FEF795FEA07CFEF792FE87
S2140180300B20FEF78FFEE07CFEF78CFE2846FEF74F
S21401804089FE2046FFF756FE3046BDE87040FFF732
S2140180506DBF40F00400FEF77DFE208A1CF0EBF8B1
S214018060E3E7002070BD00BFE0570020024B0A4640
S21401807001461868FFF7BCBF88430020F0B40546E8
S21401808018460F4B0C461B78BDF81010012B0D4EF1
S21401809001D0377827B1002333700020F0BC704739
S2140180A00CB9002AF9D143B14FF65743994204D08F
S2140180B02B462246F0BC1CF07AB80120EEE700BF42
S2140180C06E6B0020456100202DE9F04F684C4FF0A3
S2140180D0000A25468446964698460F46654B664EE8
S2140180E083F800A00FCE0FC596E80F0085B085E88F
S2140180F00F00DDF83C90BDF83830724600933946E3
S21401810043466046CDE9019400F0DCF8DFF8908143
S214018110064670B90025FEF7FFFD162200215748D6
S21401812003F088FA00232846C8F8003005B0BDE8F9
S214018130F08F534BA27CC8F800401A70514B1B7845
S214018140002B36D01CF082F94F4902465046FEF706
S214018150F3FE22685046537952884C490092A28910
S214018160FEF7EAFE50461CF0EAF820B12368218AA1
S2140181705888FFF779FEE37B23B10020228A444921
S214018180FEF7DAFEA36800201A78E37C41490093E3
S214018190A37CFEF7D1FE207DA289A168121A0144B4
S2140181A00123002092B2FEF711FE00203A49FEF7A5
S2140181B0A9FE2F48FFF79EFD2D481DF0A1FB0546A1
S2140181C030BBB9F1000F25D12168E0880B880190FA
S2140181D04988BA1E032A00918CBF00220122012180
S2140181E0E07CFFF74BFF38B923685B79FF2B3AD069
S2140181F0FFF7B6FD05468EE72368DB889A06F3D4BB
S2140182000121264C1A4821701CF039F984F8009097
S214018210354680E7B9F814309B07E5D47AE7584627
S214018220FEF718F882465846FDF760FF88B12368C6
S2140182305046228A59881BF003FD50B13846FFF795
S21401824059FD236889F804A083F805A0FFF788FD87
S21401825000B9284605460136FDF742FF5FFA86FB60
S2140182605845DCD857E70026014FDFF83890F3E78A
S2140182708C430020386100200C5A0400F25700207D
S2140182806D6B00206B6B0020640604006D06040015
S2140182908E0604009A06040014B803004561002007
S2140182A088430020E45700200023054AD15C814220
S2140182B002D31A44507870470233DBB2F6E700BFA8
S2140182C0FA59040073B515462E781A4616F0040FAF
S2140182D00CBF032605269E42089C08D9224A23493C
S2140182E000960020FEF70EFE002002B070BDBDF81D
S2140182F0183021712060E380A560A2812B7803F0FD
S2140183000103A3732B7803F00403002B14BF012190
S2140183100021E1732978C1F3C00161754FF00101B5
S214018320217518D028461BF0C3FF237D2082023317
S2140183302375227D531CDBB22375A95C0232D2B2AF
S214018340A1742275EB5CE374A3899A4205D9009265
S2140183500749054AC5E72382EBE7079B0120A3618E
S21401836000232377C1E700BF5EBF0300DD060400DC
S214018370F90604002DE9F7430024204FDFF89C801E
S214018380DFF89C90E0B21CF00FFBFF2805460FD1EA
S2140183902346012102201A4AF7F7AEFA194B013497
S2140183A0187819F0E2FD152CECD103B0BDE8F08386
S2140183B046B238EA260328BF4B4601210093022025
S2140183C057F82430104AF7F797FA002EE6DA092311
S2140183D0E340DB070AD50D4A0D4B15F0010F18BF18
S2140183E01A4601210220F7F787FAD7E70A2CD5D1DA
S2140183F0084A094B15F0010FF1E700BF445A040083
S214018400520704006F6B00207A0704002B07040054
S21401841015070400470704003D070400CABE030011
S214018420A600040008B554220021024803F002F910
S214018430002008BDE058002008B55422FF2102485C
S21401844003F0F8F8002008BD8C580020024B23F8F2
S21401845010100020704700BF8C580020002310B475
S214018460074ADCB2A14203D85DF8044BFFF7DABF36
S2140184702A2BF9D032F8024B20F813400133F0E7EB
S214018480E0580020002310B5054A994201DD2A2B49
S21401849000D110BD32F8024B20F813400133F4E747
S2140184A0E0580020024B187800F07F00704700BFAC
S2140184B052610020034B18780130C0B2187000F0EA
S2140184C07F0070475261002030B51C4600238BB0F8
S2140184D0ADF82220021D92B2012A0E9DADF8203081
S2140184E0ADF81E10ADF81C3003D94FF6FF7290425E
S2140184F00FD10022CDE90352CDE90124094B0146F3
S2140185001B784FF6FF70009307AB1CF06DFA0BB0AB
S21401851030BD0146CDE901531846009407AA1CF068
S2140185207FFAF4E7706B002038B505464FF48050AB
S2140185300C4603F085FA4FF480532860236030B967
S21401854040F2A511BDE83840014822F040B938BDD7
S21401855069080400004870479E5A0020014B1878AD
S214018560704700BF896B0020014B1888704700BF19
S214018570126B0020014B1878704700BF826B0020F9
S214018580014B1878704700BF56610020014B1878E0
S214018590704700BF7D6B0020014B1870704700BF0D
S2140185A059610020014B1870704700BF58610020C8
S2140185B0014B1888704700BF106B00202DE9F74F5C
S2140185C04FF00008394B3A4F93F80090394B3A4E2A
S2140185D03A4D3B4C3B483C49DFF8F4C0DFF8FCE041
S2140185E0DFF810A1DFF810B10193019B203720338B
S2140185F001935FFA88F3994506F1200605F12005F7
S21401860004F1200400F1200001F120010FD800221E
S21401861011462E4B2E4D1C782E4E2F4B2F4FD0B27F
S214018620844203F1200338D803B0BDE8F08F2C4B09
S2140186302C4A47F81C3C002346E907232A4A47E907
S214018640063E45E90723294A46E905E344E90723A7
S214018650274A45E905E340E90723019A44E905E38A
S21401866040E905E341E908CA41E9063E47F820CC5E
S21401867047F8103C46F820CC45F820CC44F820CCEE
S21401868040F820CC41F8103C08F1010842E908CB3B
S21401869042E9063E42F8103CA7E743E9085643E99B
S2140186A0061743F8101C0132B9E700BF8D6B002096
S2140186B064470020644600204447002024470020E9
S2140186C0C4460020A446002084460020876B002074
S2140186D0E0550020D1B10200E4460020A6000400C7
S2140186E023700300FB6E03000D7A0200AD930200B7
S2140186F06349030081F7020011690200002208B5F0
S214018700074B1A605A601CF01EF9064B18701CF0D5
S2140187101AF9054B1870054B1A78054B1A7008BDE7
S2140187208255002094610020936100207B6B00201D
S21401873092610020002100B593B008466A460AF00F
S214018740E7F90146C8B90E4B0E4A09930E4B0D9236
S2140187500A930E4A0E4B0E920B930E4A0E4BCDE920
S2140187600F230C930D4B6A4611930AF087FC0038D1
S21401877018BF012013B05DF804FB0120FAE700BF23
S2140187808D6A0300A9750200916C0300694A020014
S21401879091490300D5840200F16C0300D9710200EF
S2140187A0084B1878112806D8012809D9064BC3406A
S2140187B003F001007047A0F1430358425841704747
S2140187C000207047966100203400020008B5064B71
S2140187D01B78013B022B05D80020FFF7E1FF01388B
S2140187E0C0B208BDFF20FCE797610020044B00F1F2
S2140187F0100250F8041B904243F8041BF9D170474D
S21401880098610020044B03F1100253F8041B9342B5
S21401881040F8041BF9D170479861002030B5002458
S21401882091B0114B0546214614220BA8CDE9094308
S21401883002F000FF102209ABCDE900440693CDE912
S2140188400452CDE90252094B09490AA818F08CFFD7
S21401885004460AA81CF0F1FD1CB1A021054821F030
S214018860B6FF11B030BD00BF0024800000444004B4
S21401887098610020F408040070B5002490B0154BF0
S21401888005460E46142221460BA8CDE9094302F0FF
S214018890D1FE102209ABCDE9004406933146CDE95D
S2140188A00452CDE902520C4B0AA818F05DFF0446AB
S2140188B00AA81CF0C2FD1CB1BA21084821F087FFA6
S2140188C0099B102B03D0BB21044821F080FF10B078
S2140188D070BD00BF0024800000444004F40804007A
S2140188E030B50D4600218FB0124B0446142209A85C
S2140188F0CDE9071302F09EFE102207ABCDE9024236
S214018900CDE90042049329460B4B08A818F02EFF28
S214018910044608A81CF091FD1CB1D121074821F09E
S21401892056FF079B102B03D0D221044821F04FFF9E
S2140189300FB030BD0024800000444004F408040059
S2140189400022034B1870034B1970034B1A707047C3
S214018950A9610020AA610020A86100202DE9F04F3E
S214018960DFF89080064698F800300D4685B0002B5B
S2140189703AD04FF6FB73984236D84FF0000B1C4F97
S214018980DFF874A03C7898F800305FFA8BF94B4515
S2140189909AF8000011D9484402AA0DF10601C0B2A6
S2140189A014F00CFB082229460DEB020003F08EF9A9
S2140189B00BF1010B0028E6D14C463B78A34208D1C7
S2140189C098F80020631CDBB29A423B7004BF002378
S2140189D03B70324629469AF800301C44E0B205B096
S2140189E0BDE8F04F14F0D8BB05B0BDE8F08F00BF6E
S2140189F0A8610020AA610020A96100202DE9F74F97
S214018A0006460D4614461F464FF0010BDFF87890D8
S214018A1003F10C0A15B903B0BDE8F08F102DA84676
S214018A2028BF4FF010083A46164B5FFA88F152F805
S214018A30040B524543F8040BF9D101919AF8002032
S214018A4011481A70002389F80F4089F800B089F898
S214018A500E30FFF7E3FE324601340B480199E4B2CB
S214018A6012F801CB10F8013B83EA0C0302F8013C33
S214018A70931BDBB28B42F3D3A5EB080816461FFA0D
S214018A8088F5C7E7AC610020AB6100202DE9F04F07
S214018A909046914685B00090981A029383B201934E
S214018AA0009B0F46354903F10C0453F8045BA342BF
S214018AB041F8045BF9D11B78314E0B7049233370B2
S214018AC0019BF0731B0A3046B373FFF7A7FE022122
S214018AD0BB460D46737888EA030373704FF0000AAD
S214018AE01DE0C5F11004A9EB0A039BB2A4B29C4297
S214018AF028BF1C4600231FFA83FCE8186445C0B251
S214018B001FD82544EDB2A344102D54441FFA84FA0D
S214018B1005D1002530460391FFF780FE0399D14524
S214018B20DFD807EB080B25B115480391FFF776FE52
S214018B30039901294FF000050DD00121DDF80490BD
S214018B40CCE71BF803C016F800E001338CEA0E0CE4
S214018B5006F800C0CFE7029B09491F44094B384677
S214018B601C78224602F0F6FE2A4621463846009B2D
S214018B7005B0BDE8F04FFFF741BF00BFAC61002074
S214018B80AB6100208E6B002030B540780C46012882
S214018B904FF0110387B001F1100516D1144A01A94F
S214018BA00AF0F4FF234601AC2246186859680833D8
S214018BB003C2AB421446F7D111230D4A002001A986
S214018BC00AF0E4FF002007B030BD0120094A01A9E0
S214018BD00AF0DCFF234601AC2246186859680833C0
S214018BE003C2AB421446F7D11123024AE6E700BF9F
S214018BF075E4010079EB010030B50C46407887B08A
S214018C0001284FF011030DBF0B4A0C4A012001A9A0
S214018C1018BF01A90AF0BAFF234601AA05AD1446FA
S214018C2003CCAC4218605960224603F10803F6D122
S214018C30002007B030BD00BF75E4010079EB0100EC
S214018C4010B50C4688B01A230C4A01A901200AF077
S214018C509DFF21460DF10E0304F1100251F8040B9D
S214018C60914243F8040BF9D11A230020034A01A9C3
S214018C700AF08CFF002008B010BD00BF24E10100FF
S214018C80F0B58BB004460D461DF0C5FEA8B101A88F
S214018C9012F044F988B1667B271D16F0020F05D045
S214018CA00822384601A903F011F8D0B901AB46F005
S214018CB0020603CB6060796066731A230A4A03A929
S214018CC001200AF063FF29460DF116030DF1260275
S214018CD053F8040B934241F8040BF9D100200BB072
S214018CE0F0BD2D20FBE700BF24E10100F0B50546ED
S214018CF0071D00220C463846082193B01DF019FEC8
S214018D006A7B0646D0070BD5687808A91CF0C6FA18
S214018D10DDF83D306B60DDF841307B6080B10BE003
S214018D20910709D5D2000121384602F080021CF0D5
S214018D30C0FAFF28687002D12D2013B0F0BDD6B15D
S214018D40687801A91CF047FA9DF81C305B0604D52B
S214018D504FF4C6710A4821F03AFD234603AD07AC2D
S214018D602A4603CAA24218605960154603F1080351
S214018D70F6D10020E1E708A91CF090FACEE700BF83
S214018D80720904002DE9F04106468AB01F480F46D5
S214018D9015460024FFF736FD002C01A914BF4FF03D
S214018DA05C0C4FF0360C10238846184A12F8010B5B
S214018DB0013B8CEA000013F0FF0301F8010BF5D12B
S214018DC005A81EF0F1FB4246102105A81EF0F0FB97
S214018DD0C4B93946324605A81EF052FC2A460DF1A2
S214018DE0140C0DF1240E634603CB734510605160DD
S214018DF09C4602F10802F6D114B10AB0BDE8F08132
S214018E000124C9E72A461021E5E700BFDB610020FF
S214018E102DE9F04791460D46C0B09DF82041DDF89A
S214018E2028811E46DFF87CA09DF82431074622469D
S214018E30494640468AF8003002F08CFD9DB1234633
S214018E40324641463846FFF721FEB44207D9A11BF8
S214018E503B46012289B208EB0600FFF7CFFD002052
S214018E6040B0BDE8F087A11B3B46012289B208EB62
S214018E700600FFF7C3FD22464146684602F06AFD3A
S214018E803246694638462346FFF700FE9AF8002028
S214018E900DEB040109EB040002F018FF0028DED0F8
S214018EA02C20DDE78E6B002038B50346104601F115
S214018EB0100451F8045BA14242F8045BF9D104495D
S214018EC01BB1FFF7D9FC002038BDFFF709FDFAE713
S214018ED0DB61002030B5054689B069461BF0FFFF0F
S214018EE06B8804ACABB12246294668461BF097FF57
S214018EF00E4A08AD234603CBAB42106051601C46B8
S214018F0002F10802F6D10948FFF770FC002009B00B
S214018F1030BD6B46054D1A4603CAA24228606960F9
S214018F20134605F10805F6D1EDE700BFDB61002029
S214018F3050B10B4B0B4A03F1100153F8040B8B4253
S214018F4042F8040BF9D17047064B054A03F11001AC
S214018F5053F8040B8B4242F8040BF9D1704700BF5B
S214018F60DB610020BB61002008B51022024802F038
S214018F70B3FB002008BD00BFCB61002008B5084642
S214018F801022024902F0A8FB002008BDCB61002098
S214018F9010B5044686B001A9114A112301200AF032
S214018FA0F5FD9DF8143001A8E3701EF0C4FE80F0B4
S214018FB001000C4A01A96070112301200AF0E6FDA8
S214018FC09DF8143001A8A3701EF0B5FE80F00100D4
S214018FD0207010F03DFB6060002006B010BD00BFA1
S214018FE075E4010079EB010010B5044686B0112343
S214018FF0134A012001A90AF0C9FDA3789DF814209F
S2140190009A4207D08DF81430002011230C4A01A98A
S2140190100AF0BCFD11230B4A012001A90AF0B6FD96
S214019020E3789DF814209A4207D08DF8143000207A
S2140190301123044A01A90AF0A9FD06B010BD00BF1C
S21401904079EB010075E401002DE9F04186B0064692
S21401905003A80C4612F000FF054600284AD1BDF8C9
S2140190600C30980646D510222946204602F0E2FA30
S21401907001A811F053FFC0B1777B06F1040817F081
S214019080020F06D00822404601A902F01FFE002862
S2140190902ED101AB47F0020703CB7060C8F804106D
S2140190A07773238843F008032380238843F0020361
S2140190B0238011F00DFB60601DF0ADFC30B10E4B4E
S2140190C01B68A360238843F0040323800B4B1A68B4
S2140190D0D1035EBF238843F010032380130203D518
S2140190E0238843F400632380284606B0BDE8F08158
S2140190F02D25F9E72425F7E7944700209847002017
S21401910010B5D0E9023253F8223090B01C684022E4
S214019110694620461CF035F9034630B12246002048
S2140191200549FDF7EFFE10B010BD01226946082083
S214019130FDF792FEF7E700BF080A040070B500F0DD
S214019140B1F800280CBF6E22792200201349FDF7E2
S214019150D9FE00F0A7F8F0B11CF027F900280CBFE3
S2140191606E22792200200E49FDF7CCFE082200204F
S2140191700C49FDF7C7FE00250B4C0C4E234654F850
S214019180042C314600200335FDF7BCFE182D04F1F2
S2140191900C04F3D170BD3F22E4E700BF400A04008F
S2140191A0570A0400670A0400BC480020860A040027
S2140191B070B51CF0DFF8044621490020FDF7A2FE39
S2140191C02CB92046BDE870401E49FDF79BBE00F055
S2140191D0BBF805461C4B62690020002A08BF1A46E8
S2140191E01A492668FDF78EFEA28800201849FDF769
S2140191F089FE1849E2880020FDF784FEA3882289AB
S21401920013F010001ABF002013491449FDF77AFE27
S214019210E26800201249FDF775FE22690020114917
S214019220FDF770FE104A114B0020B6F5817F38BF5E
S21401923013460F492A46BDE87040FDF763BE00BFDE
S214019240BB0A0400C80A04007EDA0300E90A040027
S214019250070B0400280B0400450B0400620B0400F6
S214019260800B04009E0B0400B30A0400A90A040044
S214019270BC0B040038B5014600230C25084A05FB43
S21401928003F4A0181459013404D10C2202F024FA74
S214019290002038BD0133082BF1D10120F9E700BFCA
S2140192A0B8480020034B1878012894BF00200120FD
S2140192B0704700BFED61002038B50446044D28789C
S2140192C0A04203D021461CF035F82C7038BD00BFF3
S2140192D0ED61002000B58FB03422002101A802F014
S2140192E0A9F901A8EEF710FB0598D0B182680E4BDC
S2140192F0B2F5803F34BF92B2C2F38F2241881A8101
S214019300028828BF41F010011A6042689980DA800D
S214019310C268DA6002691A6142695A61027E1846B9
S2140193201A760FB05DF804FB3C480020054B1B780D
S21401933020B1012B04D80220FFF7BEBF012BFBD8BA
S214019340704700BFED61002010B5084C237853B973
S2140193501CF010F80123237028B10368B3F5817F50
S21401936024BF037E2370207810BD00BFEC6100206F
S21401937070B5184B1B78012B2BD81BF0DEFF164D52
S214019380024616490020FDF7BDFD0120FFF7CEFF7E
S2140193902E78FF2E1DD1FFF79DFFC8B1848860226D
S2140193A03146C4F340040E482C7002F043F96022A3
S2140193B031460C4802F03EF95CB1FFF7C5FF0428C0
S2140193C007D9BDE8704040F22B11074821F0FFB9DC
S2140193D0287070BDED6100208F6B0020DF0B04004C
S2140193E0B848002058480020F10B04002DE9F04F42
S2140193F0DFF884928DB003AB07468846144699E899
S214019400070083E80700FFF7B3FFFFF79DFF944BC4
S21401941006461D784B46012D40F07081012840F22A
S2140194207281B7FBF0F200FB1272002A00F06B812A
S2140194308C4900228B46D1F800C0BCF1FF3F04D016
S214019440087A6044874200F019810132082A01F146
S2140194500C01F0D193E8070006AE0DF1240A86E868
S21401946007008AE80700FFF76FFFB7FBF0FB00FB7A
S2140194701B7BA0EB0B094A46414606460AA80997FC
S2140194808DF82C9002F066FA00224FF00C0E764909
S21401949002E00132082A0ED00EFB02F000EB010CAE
S2140194A008580130F5D19AE807008CE807006F49A3
S2140194B00A7801320A70A14504DD4FF4E2716C4866
S2140194C021F085F9A41B5C444F44A1B217FA84F439
S2140194D0B4FBF6F206FB1242C8448E1A91B1A41AE6
S2140194E008EB060107A88DF82020069402F032FA50
S2140194F006A8FFF7BFFEFF2804D140F2D9115C4849
S21401950021F065F9B6B2B6B10320FFF7D5FE802E7D
S2140195100AD832464146574802F01CFA32463846C7
S21401952054491BF012FF05460220FFF7C5FE2846E8
S2140195300DB0BDE8F08F0025F9E74FF40E714C48E9
S21401954021F045F9464B1B78012B00F0E380002CF7
S21401955036D00320FFF7B0FE802C2FD82246414696
S214019560444802F0F7F92246384642491BF0EDFE20
S21401957005460220FFF7A0FEDFF8F09099F80030CC
S21401958093B1039CFFF7E0FE374B002798461A6815
S214019590511C04D0197A411A521A944224D0013728
S2140195A0082F03F10C03F2D1002DC0D1039B013328
S2140195B0C1D003A8FFF75EFE0546B8E70125D8E748
S2140195C02546D9E740F26D21294821F000F9012509
S2140195D024E0012D30D0802E2FD83246254903981D
S2140195E01BF0B3FE054628E0002DA0D10C247C43D9
S2140195F008EB04039DF814A093F808B00AEB0B03DC
S214019600802BDFDC1B4B524604A9184602F0A2F958
S214019610211D5A464144504402F09CF90C2303FB99
S21401962007839DF814201B7A13449E42D1D040F242
S21401963073210F4821F0CBF801250220FFF73CFEED
S21401964099F8003013B1013B89F800304FF0FF3331
S21401965008EB040248F80430C2E9013367E700BFAB
S2140196608F6B0020B848002058480020EB6100208E
S214019670F10B0400BC470020A85A04004FF00C0A66
S2140196800AFB02B3187AA6EB00095FFA89F9A1452D
S21401969001D35FFA84F90AFB02FA0AF104052844A9
S2140196A04A464146584402F055F90BEB0A031A7A2A
S2140196B0A4EB09044A44D2B2B242A4B21A7219D136
S2140196C003200193FFF7F8FD32460BEB05015BF82B
S2140196D00A001BF03AFE05460220FFF7EDFD4FF0AB
S2140196E0FF32019B4BF80A20C3E90122002D7FF4CB
S2140196F01EAFC844002C3FF41EAF4F44104B1B78DE
S214019700012B7FF424AFB7FBF6F306FB1373002B94
S2140197107FF413AFE319B3FBF6F506FB1535002D01
S2140197203FF415AF641B5B1B08EB04012A4604A833
S2140197300393A4B202F00EF98DF8145007E700BFA8
S2140197408F6B002070B5134B1B78012B0CD1FFF7E4
S2140197500FFE0026104D55F8043C013306D10336A2
S214019760182E05F10C05F6D1002411E00320FFF7B1
S214019770A3FD55F8044CFFF7E7FD294602462046AF
S2140197801BF0E3FD04460220FFF796FD002CE6D011
S214019790204670BD8F6B0020BC48002070B5054682
S2140197A00C46FFF7E5FD0520FFF786FD2146284616
S2140197B01BF0D9FD06460220FFF77EFD00220A4B6C
S2140197C02C441968481C08D0A94206D3A1423EBFC2
S2140197D04FF0FF31C3E9001199600332182A03F1F3
S2140197E00C03EED1304670BDB8480020D0E90232F5
S2140197F053F8223010B51C68204600F095FA28B1BF
S2140198002146BDE81040024800F002BE10BD00BF70
S2140198106F0C040008B5D0E9023253F822301868FC
S21401982000F06CF920B1BDE80840024800F0F0BD38
S21401983008BD00BF910C04002DE9F041D0E90232C9
S21401984053F8221003EB82035B680F681D789AB009
S214019850642D04D96421114800F0DAFD64252A46F6
S214019860384601A900F002F9044698B90C4800F000
S214019870CFFDDFF8348001AE013DA54202DC1AB00F
S214019880BDE8F0813919404616F8012B00F0C0FDFD
S2140198900134F2E7034800F0BBFDF0E7B40C040026
S2140198A0D40C0400FE0C0400EB0C04002DE9F04778
S2140198B000252D4FDFF8E080DFF8E0908CB02846D9
S2140198C003A900F0EFF810B10CB0BDE8F087049BD7
S2140198D02946039A0093384600F09AFD404600F068
S2140198E097FD059910290CD810290CD8DFE801F04E
S2140198F00F14320B340B0B0B360B0B0B0B0B0B0B2A
S2140199003A0020292CD0194800F082FD07E01848BB
S21401991000F07EFD0135D2E7164800F079FD069984
S214019920484600F075FD0799134800F071FD13488D
S21401993000F06EFD1024DFF868A00DF11F065046FA
S21401994016F8011F013C00F063FD14F0FF04F6D188
S2140199500B48DDE70B48E0E70B48DEE70B48DCE7A2
S2140199600B48DAE70B48D8E7190D0400BE0D0400D2
S2140199706E0D04007E0D0400E40D0400FC0D0400D1
S21401998032AF0300860D04008E0D0400970D04000F
S214019990A20D0400B90D04005D0D0400CD0D0400F8
S2140199A00D0E040010B50B4C8EB023785BB9EDF7A5
S2140199B025FF014650B9012301A82370EDF7A4FF46
S2140199C0054B049A1A6020780EB010BD034800F0CB
S2140199D01FFDF8E7EE610020FC4B0020130E04008B
S2140199E000B58FB0FFF7DEFF002829D001A8EDF7FC
S2140199F08BFF059B1448198800F00AFD059B134848
S214019A005969134B002908BF194600F001FD059B53
S214019A101048598800F0FCFC059B0F48196900F0B6
S214019A20F7FC059B0D48D96800F0F2FC059B0C4835
S214019A30197E00F0EDFC0B4B0B48196800F0E8FCB2
S214019A400FB05DF804FB00BF500E0400620E040068
S214019A507EDA0300740E0400880E04009C0E0400D7
S214019A60B00E0400FC4B0020C40E040070B5064680
S214019A7015460C4679B172B1FFF794FF68B12146DD
S214019A802A463046EEF74AF8014618B1044800F077
S214019A90BFFC012070BD2120FCE71120FAE700BFC2
S214019AA0D60E040037B505460C46FFF77BFFE0B13E
S214019AB0114B1B68AB421AD9CCB100212422204697
S214019AC001F0B8FD2146284616F00AFE88B9284658
S214019AD001AA04F10801EDF7D3FF20B140F20643D5
S214019AE0C01A18BF012003B030BD1120FBE72120AA
S214019AF0F9E70120F7E700BFFC4B0020F0B593B073
S214019B000546FFF74FFF002845D0254B1A68AA42A5
S214019B1007D829462348013A00F07AFC212013B0E1
S214019B20F0BD05A8EDF7F0FE284603A916F0D8FD0E
S214019B3098BB049A22F4FF57C2F30C0327F01F07C1
S214019B402BB14FF400532946174800F061FC039EE1
S214019B507FB120F049FE30464FF40051EEF76AF827
S214019B603346044606F5005650B9039BF31ABB422A
S214019B70EFD32A4639460D4800F04AFC002406E099
S214019B8000902A464FF40051094800F041FC201E7F
S214019B9018BF0120C3E71120C1E70120BFE700BFBE
S214019BA0FC4B0020040F0400B20F040071100400E7
S214019BB02010040010B5044638B1FFF7F3FE30B1AB
S214019BC00020044B1B68236010BD2120FCE71120F8
S214019BD0FAE700BFFC4B002010B50446FFF7E2FE93
S214019BE0B0B10C4B1A68A24206D821460A48013A7F
S214019BF000F00EFC212010BD20F0F6FD40F2C1223F
S214019C0020460649EDF7FCFE003818BF0120F2E7B2
S214019C101120F0E7FC4B0020040F04003849002017
S214019C2010B50446FFF7BEFE70B121460848EDF7B1
S214019C3007FF40F20323984208D040F201239842DE
S214019C400CBF0520012010BD1120FCE70020FAE71B
S214019C50384900202DE9F0412D4D04462F68FFF7C5
S214019C60A1FE002851D02968A14207D84A1E2948DA
S214019C70214600F0CDFB2120BDE8F0812648EDF716
S214019C809FFEDFF894800246B0B943462E6896429E
S214019C9022D1BE4214BF3A4606F1FF3212BB31460C
S214019CA01D48C8F80040EDF76BFE014600B31B489F
S214019CB000F0AEFB0120DFE72046EDF741FE04464B
S214019CC038B10146164800F0A3FB201E18BF01203C
S214019CD0D2E7EDF791FCF8E753F8041B8C42DDD090
S214019CE00132D4E70C499200081D01F0F5FCD6E7D5
S214019CF029680948EDF764FE044610B10146094893
S214019D00D6E7EDF779FC2046B6E71120B4E700BFA9
S214019D10FC4B0020040F040018490020B710040073
S214019D208D100400EA100400F8B50446FFF73AFE69
S214019D30002845D0234B1A68A24207D8214622485C
S214019D40013A00F065FB21242046F8BD1F4800F0CB
S214019D505FFB20F049FD40F2C1221D492046EDF788
S214019D604FFE40F20327054620F03EFD184E65B132
S214019D7040F203239D421AD02946164800F048FBBC
S214019D800124154800F044FBDEE720F02DFD2946AE
S214019D903046EDF755FEB84209D040F2012398420D
S214019DA003D10E4800F034FBE1E70546DFE7214624
S214019DB00B4800F02DFB2046FFF74CFF0446E0E77A
S214019DC01124C1E7FC4B0020040F040021110400FC
S214019DD0384900204111040032AF03008AE603002F
S214019DE05911040010B50A46044619B1024B002168
S214019DF01B68984710BD00BFB45A040010B5114C3B
S214019E002378580744BF23F0040323702378990767
S214019E1005D500F05DF8237823F0020323706378FC
S214019E201BB10023084A63605360002308210648DB
S214019E306370FFF7D7FF2378DA0744BF23F00103E7
S214019E40237010BD004C0020044C002038B51A4C7D
S214019E5062782378022A01D1072B11D0DD0712D5AB
S214019E602378980707D400F02BF82378054643F0AB
S214019E700203237080B96278237882B15A0716D517
S214019E800025284638BD17F0EDFB2378054643F03C
S214019E90010323700028E3D0FFF7B0FFF1E7D907ED
S214019EA0ECD5064962604A6002226270E6E743F03A
S214019EB004032370E4E700BF004C0020044C00209C
S214019EC00122024B002083F8F02070470C4C002042
S214019ED02DE9F0410A4C002526464FF001080327DC
S214019EE02046C4F81C80277601351BF089FA062D1A
S214019EF004F12804F4D1002386F8F030BDE8F0819F
S214019F000C4C00202DE9F04F984691B00B1E0A9399
S214019F10B44B914614BF83469B4600251A9E98F87B
S214019F20000070B94D4538BF2A464B464FF0000039
S214019F300A9928BF09F1FF32D847284611B0BDE873
S214019F40F08F252808F1010806D02A464B460A99C3
S214019F506C1CD8472546E2E70023414611F8012B41
S214019F602B2A16D00AD8202A16D0232A17D0A2F1D7
S214019F703000092834D800270A2418E02D2A05D0F5
S214019F80302AF4D143F001038846E6E743F00203A2
S214019F90FAE743F00403F7E743F00803F4E743F076
S214019FA01003F1E7884604FB0722A2F13007414679
S214019FB011F8012BA2F130000928F3D998F80020F6
S214019FC02E2A52D198F8011008F10102A1F13000B1
S214019FD0092843F480633ED800244FF00A0E11E0AE
S214019FE02A2A08D156F8047B8846002FBCBF43F0C6
S214019FF002037F42E2E70027E0E702460EFB041178
S21401A000A1F13004104610F8011BA1F1300CBCF18F
S21401A010090FF2D99046424612F8011B6C292DD041
S21401A02025D8682933D06A293BD04246904618F88D
S21401A030010B672860D8572836D8452808D084D918
S21401A040462800F0188147287FF47FAF43F4006369
S21401A05043F0200327E12A2906D156F8044B08F1DC
S21401A060020824EAE474D6E790460024D3E774296C
S21401A07001D07A29D9D143F48073D7E798F8011033
S21401A0806C29F8D143F4407308F10202CEE798F840
S21401A0900110682902D043F08003C7E743F0C003EC
S21401A0A0F2E743F40073C1E7A0F158020F2A3FF626
S21401A0B04CAF01A151F822F059A101004B9F0100BC
S21401A0C04B9F01004B9F01004B9F01004B9F0100DE
S21401A0D04B9F01004B9F01004B9F01004B9F0100CE
S21401A0E059A10100C5A2010059A101009BA20100CE
S21401A0F07BA201009BA20100A0F16901C9B20F2950
S21401A1003FF623AF012249F2410C8A4012EA0C02C3
S21401A11018D10A2900F0158107297FF416AF43F0FC
S21401A120210305930823CDE903431023CDE9012339
S21401A13056F8043B2A46009358464B460A991BF0AC
S21401A1404FFAA8E06F2800F05E8110D9782808D170
S21401A150102223F00C0310E0582839D0622800F0B2
S21401A16054810A2223F01003642806D0F1E76928F7
S21401A1704FF00A0223F01003F6D1590548BF23F029
S21401A1800103692803F4007101D0642840D111B39A
S21401A190073626F00706B24670685AF8081BCDE95E
S21401A1A0077300230593C30F0028029306940B46FA
S21401A1B0049202DA4B4260EB4000CDE900304B4698
S21401A1C02A4658460A991BF04DFA05465646A6E613
S21401A1D043F02003BCE7D90506F1040A04D531682B
S21401A1E005E000BF4354030058060CD53178CDE98D
S21401A1F00224CDE9047300294FEAD1730193B8BF55
S21401A2004942009120E01906E9D5B6F90010EEE7BB
S21401A21079B1CDE907730023CDE9042306F1070AD6
S21401A2202AF0070A06940293FAE80223CDE90023EE
S21401A230C5E7D80506F1040A0DD5CDE90473CDE9C5
S21401A24002240191336800934B462A4658460A99E0
S21401A2501BF0C6F9B9E7590607D53178CDE904737D
S21401A2600023CDE902240193CBE7316813F0800F78
S21401A27018BF89B2F2E743F02003CDE90173073630
S21401A28026F007060094B6EC020B4B462A465846C3
S21401A2900A99EAF77DFA054641E600F0DF0047280D
S21401A2A001D143F40063CDE90173073626F00706B2
S21401A2B00094B6EC020B4B462A4658460A99EAF732
S21401A2C0ABF8E8E713F0020426D04FF0010A6B1C46
S21401A2D00B932A464B460A9916F8040BD84774B3D3
S21401A2E054460B9A21E04B4620200A99D8470AEBA0
S21401A2F005020AF1010A5745F5D83A1E18BF012290
S21401A300002A07F1FF3308BF002307F1010A1D44A5
S21401A31008BF4FF0020ADAE7A246E8E7551C4B46AB
S21401A32020200A99D8472A460134BC42F6D3A7EB27
S21401A3300A03574538BF00230B9A1A440B920B9D0C
S21401A340EDE53246002C52F8046B14BF21464FF05F
S21401A350FF310B9232463144107808B1914211D147
S21401A360A2EB060A13F480620C9202D0A24528BF23
S21401A370A24613F002030D931BD1AAEB05032A464E
S21401A3800F9308E00132E7E7531C0E9320204B465B
S21401A3900A99D8470E9A0F9BD318BB42F4D3A7EB62
S21401A3A00A03574538BF00230AF101021D4403EB97
S21401A3B0020AAB1B0E9304E01C464B462A460A993A
S21401A3C0D8470E9BF51816F8010B28B10C9B002BED
S21401A3D0F3D0631E002CEFD10D9B93B12A46AAEB56
S21401A3E0050405E0561C4B4620200A99D8473246FC
S21401A3F01319BB42F6D3A7EB0A03574538BF002310
S21401A4001D440B9E8BE50822A3E60222A1E600BFAF
S21401A4100FB41FB506AA52F8043B02A90392009294
S21401A42004484FF0FF32FFF76DFD05B05DF804EB11
S21401A43004B07047055703001FB5034600914FF05F
S21401A440FF3203A90248FFF75DFD05B05DF804FB86
S21401A450055703001FB5CDE90201009302A9134673
S21401A46003484FF0FF32FFF74DFD05B05DF804FBE2
S21401A4700D5703001FB5094B094A1868094B01A976
S21401A4801860094B1360094A0192094A1268CDE91E
S21401A490022317F08EF905B05DF804FBF86700207B
S21401A4A0043D0020083D0020EC6700205C490400C4
S21401A4B0BC4F0020014B186817F08FB9F8670020D1
S21401A4C038B5F1F71BFE0446064D2B68D3F8B002EB
S21401A4D0F1F708FE286817F093F92046BDE83840E2
S21401A4E0F1F700BEF867002010B51F4CEFF7DCFE51
S21401A4F0236F012023F0070343F002032367EFF7DE
S21401A500E1FED4F82031002023F0070343F00103D5
S21401A510C4F82031D4F8403123F0030343F001039B
S21401A520C4F84031D4F8603123F0030343F001034B
S21401A530C4F86031D4F8403223F0030343F001033A
S21401A540C4F84032D4F8003223F0070343F0010385
S21401A550C4F80032D4F8083223F0070343F00103AD
S21401A560C4F8083210BD00BF00800050064B1B68BF
S21401A5701A7A022A01D81AB97047032A00D07047FE
S21401A5801B68024A13607047FC670020BC4F00201E
S21401A5900022024B5A60DA601A607047C04F0020F2
S21401A5A008B501F037FF0022014B1A7008BD00BF45
S21401A5B0EF6100200A4601491BF012B94D730400F1
S21401A5C00A4601491BF00CB9487304000A460149C2
S21401A5D01BF006B9417304000A4601491BF000B995
S21401A5E03E7304000A4601491BF0FAB83B730400A7
S21401A5F00A4601491BF0F4B8367304000A460149BD
S21401A6001BF0EEB8317304000A4601491BF0E8B8A6
S21401A6102C7304000A4601491BF0E2B825730400B6
S21401A62081F0004102E000BF83F0004330B54FEAFD
S21401A63041044FEA430594EA050F08BF90EA020F6A
S21401A6401FBF54EA000C55EA020C7FEA645C7FEAFD
S21401A650655C00F0E2804FEA5454D4EB5555B8BF20
S21401A6606D420CDD2C4480EA020281EA030382EA91
S21401A670000083EA010180EA020281EA0303362D23
S21401A68088BF30BD11F0004F4FEA01314FF4801CF6
S21401A6904CEA113102D0404261EB410113F0004F08
S21401A6A04FEA03334CEA133302D0524263EB4303BF
S21401A6B094EA050F00F0A780A4F10104D5F1200E5D
S21401A6C00DDB02FA0EFC22FA05F2801841F10001B8
S21401A6D003FA0EF2801843FA05F359410EE0A5F18C
S21401A6E020050EF1200E012A03FA0EFC28BF4CF0BD
S21401A6F0020C43FA05F3C01851EBE37101F0004573
S21401A70007D54FF0000EDCF1000C7EEB00006EEB7F
S21401A7100101B1F5801F1BD3B1F5001F0CD3490809
S21401A7205FEA30004FEA3C0C04F101044FEA445260
S21401A73012F5800F80F09A80BCF1004F08BF5FEAE7
S21401A740500C50F1000041EB045141EA050130BDC7
S21401A7505FEA4C0C404141EB0101013C28BFB1F5D9
S21401A760801FE9D291F0000F04BF01460020B1FA24
S21401A77081F308BF2033A3F10B03B3F120020CDAF7
S21401A7800C3208DD02F1140CC2F10C0201FA0CF0D5
S21401A79021FA02F10CE002F11402D8BFC2F1200C3A
S21401A7A001FA02F120FA0CFCDCBF41EA0C019040F0
S21401A7B0E41AA2BF01EB0451294330BD6FEA040439
S21401A7C01F3C1CDA0C340EDC04F11404C4F1200224
S21401A7D020FA04F001FA02F340EA030021FA04F336
S21401A7E045EA030130BDC4F10C04C4F1200220FA8D
S21401A7F002F001FA04F340EA0300294630BD21FACB
S21401A80004F0294630BD94F0000F83F4801306BF90
S21401A81081F480110134013D4EE77FEA645C18BF84
S21401A8207FEA655C29D094EA050F08BF90EA020F1B
S21401A83005D054EA000C04BF1946104630BD91EA13
S21401A840030F1EBF0021002030BD5FEA545C05D116
S21401A8504000494128BF41F0004130BD14F5800455
S21401A8603CBF01F5801130BD01F0004545F0FE41C9
S21401A87041F470014FF0000030BD7FEA645C1ABFFE
S21401A880194610467FEA655C1CBF0B46024650EA35
S21401A890013406BF52EA033591EA030F41F4002161
S21401A8A030BD00BF90F0000F04BF0021704730B5E7
S21401A8B04FF4806404F132044FF000054FF00001BC
S21401A8C050E700BF90F0000F04BF0021704730B57D
S21401A8D04FF4806404F1320410F0004548BF404252
S21401A8E04FF000013EE700BF42004FEAE2014FEAA7
S21401A8F031014FEA02701FBF12F07F4393F07F4F82
S21401A90081F06051704732F07F4208BF704793F084
S21401A9107F4F04BF41F40021704730B54FF4607497
S21401A92001F0004521F000411CE700BF50EA01029A
S21401A93008BF704730B54FF000050AE050EA010243
S21401A94008BF704730B511F0004502D5404261EBB3
S21401A95041014FF4806404F132045FEA915C3FF4F4
S21401A960D8AE4FF003025FEADC0C18BF03325FEA91
S21401A970DC0C18BF033202EBDC02C2F1200300FA42
S21401A98003FC20FA02F001FA03FE40EA0E0021FA67
S21401A99002F11444BDE600BF70B54FF0FF0C4CF455
S21401A9A0E06C1CEA11541DBF1CEA135594EA0C0F07
S21401A9B095EA0C0F00F0DEF82C4481EA030621EA42
S21401A9C04C5123EA4C5350EA013518BF52EA03357D
S21401A9D041F4801143F4801338D0A0FB02CE4FF02F
S21401A9E00005E1FB02E506F00042E0FB03E54FF05F
S21401A9F00006E1FB03569CF0000F18BF4EF0010E57
S21401AA00A4F1FF04B6F5007F64F5407404D25FEA52
S21401AA104E0E6D4146EB060642EAC62141EA555105
S21401AA204FEAC52040EA5E504FEACE2EB4F1FD0C47
S21401AA3088BFBCF5E06F1ED8BEF1004F08BF5FEAC5
S21401AA40500E50F1000041EB045170BD06F0004677
S21401AA5046EA010140EA020081EA0301B4EB5C0424
S21401AA60C2BFD4EB0C0541EA045170BD41F480111C
S21401AA704FF0000E013C00F3AB8014F1360FDEBF41
S21401AA80002001F0004170BDC4F10004203C35DA1D
S21401AA900C341BDC04F11404C4F1200500FA05F3A0
S21401AAA020FA04F001FA05F240EA020001F0004241
S21401AAB021F0004110EBD37021FA04F642EB0601B7
S21401AAC05EEA430E08BF20EAD37070BDC4F10C04E1
S21401AAD0C4F1200500FA04F320FA05F001FA04F2A5
S21401AAE040EA020001F0004110EBD37041F1000191
S21401AAF05EEA430E08BF20EAD37070BDC4F120059C
S21401AB0000FA05F24EEA020E20FA04F301FA05F203
S21401AB1043EA020321FA04F001F0004121FA04F2AB
S21401AB2020EA020000EBD3705EEA430E08BF20EA7B
S21401AB30D37070BD94F0000F0FD101F000464000B5
S21401AB4041EB010111F4801F08BF013CF7D041EA37
S21401AB50060195F0000F18BF704703F0004652003B
S21401AB6043EB030313F4801F08BF013DF7D043EA0C
S21401AB700603704794EA0C0F0CEA135518BF95EAC2
S21401AB800C0F0CD050EA410618BF52EA4306D1D149
S21401AB9081EA030101F000414FF0000070BD50EA68
S21401ABA0410606BF1046194652EA430619D094EAF2
S21401ABB00C0F02D150EA013613D195EA0C0F05D1DC
S21401ABC052EA03361CBF104619460AD181EA030130
S21401ABD001F0004141F0FE4141F470014FF00000E8
S21401ABE070BD41F0FE4141F4780170BD70B54FF083
S21401ABF0FF0C4CF4E06C1CEA11541DBF1CEA135503
S21401AC0094EA0C0F95EA0C0F00F0A7F8A4EB0504E4
S21401AC1081EA030E52EA03354FEA013100F08880DB
S21401AC204FEA03334FF0805545EA131343EA1263A4
S21401AC304FEA022245EA111545EA10654FEA002659
S21401AC400EF000419D4208BF964244F1FD0404F512
S21401AC50407402D25B084FEA3202B61A65EB03056E
S21401AC605B084FEA32024FF480104FF4002CB6EB2B
S21401AC70020E75EB030E22BFB61A754640EA0C00AB
S21401AC805B084FEA3202B6EB020E75EB030E22BFEB
S21401AC90B61A754640EA5C005B084FEA3202B6EB2C
S21401ACA0020E75EB030E22BFB61A754640EA9C00EB
S21401ACB05B084FEA3202B6EB020E75EB030E22BFBB
S21401ACC0B61A754640EADC0055EA060E18D04FEA79
S21401ACD0051545EA16754FEA06164FEAC30343EA19
S21401ACE052734FEAC2025FEA1C1CC0D111F4801FE6
S21401ACF00BD141EA00014FF000004FF0004CB6E7DF
S21401AD0011F4801F04BF01430020B4F1FD0C88BF7D
S21401AD10BCF5E06F3FF6AFAEB5EB030C04BFB6EB88
S21401AD20020C5FEA500C50F1000041EB045170BD7B
S21401AD300EF0004E4EEA113114EB5C04C2BFD4EBA8
S21401AD400C0541EA045170BD41F480114FF0000E2C
S21401AD50013C90E645EA060E8DE60CEA135594EAA8
S21401AD600C0F08BF95EA0C0F3FF43BAF94EA0C0FAB
S21401AD700AD150EA01347FF434AF95EA0C0F7FF420
S21401AD8025AF104619462CE795EA0C0F06D152EA74
S21401AD9003353FF4FDAE1046194622E750EA410658
S21401ADA018BF52EA43067FF4C5AE50EA41047FF469
S21401ADB00DAF52EA43057FF4EBAE12E74FF0FF3CCE
S21401ADC006E000BF4FF0010C02E000BF4FF0010C9F
S21401ADD04DF804CD4FEA410C7FEA6C5C4FEA430C18
S21401ADE018BF7FEA6C5C1BD001B050EA410C0CBF67
S21401ADF052EA430C91EA030F02BF90EA020F0020C9
S21401AE00704710F1000F91EA030F58BF994208BF2F
S21401AE1090422CBFD8176FEAE37040F001007047EC
S21401AE204FEA410C7FEA6C5C02D150EA013C07D143
S21401AE304FEA430C7FEA6C5CD6D152EA033CD3D08E
S21401AE405DF8040B704700BF8446104662468C4688
S21401AE501946634600E000BF01B5FFF7B7FF0028BB
S21401AE6048BF10F1000F01BD4DF808EDFFF7F4FFE4
S21401AE700CBF012000205DF808FB00BF4DF808ED6F
S21401AE80FFF7EAFF34BF012000205DF808FB00BF92
S21401AE904DF808EDFFF7E0FF94BF012000205DF8B4
S21401AEA008FB00BF4DF808EDFFF7CEFF94BF012069
S21401AEB000205DF808FB00BF4DF808EDFFF7C4FF62
S21401AEC034BF012000205DF808FB00BF4FEA4102B5
S21401AED012F5001215D211D56FF47873B3EB6252E6
S21401AEE012D94FEAC12343F0004343EA505311F00D
S21401AEF0004F23FA02F018BF404270474FF000009F
S21401AF00704750EA013005D111F0004008BF6FF0DC
S21401AF10004070474FF00000704700BF4A0011D252
S21401AF2012F5001211D20DD56FF47873B3EB62529D
S21401AF300ED44FEAC12343F0004343EA505323FAA9
S21401AF4002F070474FF00000704750EA013002D11E
S21401AF504FF0FF3070474FF00000704753B94AB9C1
S21401AF60002908BF00281CBF4FF0FF314FF0FF300B
S21401AF7000F08CB9ADF1080C6DE904CE00F006F8CE
S21401AF80DDF804E0DDE9022304B070472DE9F04F57
S21401AF90099D0E4604460F46002B47D18A42944629
S21401AFA0B2FA82F35AD943B102FA03FCC3F1200282
S21401AFB09F409C4020FA02F217434FEA1C461FFAB4
S21401AFC08CFE220CB7FBF6F106FB117701FB0EF0A7
S21401AFD042EA0742904208D91CEB020201F1FF3710
S21401AFE002D2904200F23C813946121AA4B2B2FB58
S21401AFF0F6F006FB102200FB0EFE44EA0244A645CC
S21401B00008D91CEB040400F1FF3202D2A64500F277
S21401B0102A81104640EA0140A4EB0E0400211DB12E
S21401B020DC400023C5E90043BDE8F08F8B4205D91B
S21401B0300DB1C5E9000100210846F5E7B3FA83F131
S21401B04000294FD1B342C0F00281824240F2FF8014
S21401B0500846002DE8D0C5E90047E5E7002B40F09B
S21401B060AF808A1A4FEA1C4E1FFA8CF70121B2FBF9
S21401B070FEF60EFB1620220C42EA004207FB06F003
S21401B08090420FD91CEB020206F1FF382CBF4FF09D
S21401B09001094FF00009904203D9B9F1000F00F001
S21401B0A0DC804646121AA4B2B2FBFEF00EFB10225A
S21401B0B000FB07F744EA0244A7420FD91CEB04043D
S21401B0C000F1FF322CBF4FF0010E4FF0000EA742E9
S21401B0D003D9BEF1000F00F0C9801046E41B40EA18
S21401B0E006409CE7C1F120048B4006FA01FC00FAF9
S21401B0F001FE22FA04F7E6408A401F4320FA04F3D1
S21401B1004FEA174843EA0C031FFA87FC4FEA134934
S21401B110B6FBF8F008FB106649EA064600FB0CF998
S21401B120B1450ED9BE1900F1FF3A2CBF4FF0010B05
S21401B1304FF0000BB14503D9BBF1000F00F0A28020
S21401B1405046A6EB09061FFA83F9B6FBF8F308FB8F
S21401B150136603FB0CFC49EA0646B4450ED9BE1934
S21401B16003F1FF382CBF4FF001094FF00009B44539
S21401B17003D9B9F1000F00F08280434643EA00404C
S21401B180A6EB0C06A0FB028C66454346E14602D3BD
S21401B19007D1C64505D2B8EB02036CEB070C0138A4
S21401B1A0E1465DB1BEEB030266EB090606FA04F45E
S21401B1B022FA01F3CE401C43C5E90046002133E7DD
S21401B1C002FA03FCC3F1200299409C40D6404FEAA4
S21401B1D01C4E20FA02F21FFA8CF7B6FBFEF00A4369
S21401B1E00EFB1066110C41EA064100FB07F68E4283
S21401B1F00ED91CEB010100F1FF382CBF4FF00109FD
S21401B2004FF000098E4202D9B9F1000F34D0404602
S21401B210891B92B2B1FBFEF60EFB161142EA014201
S21401B22006FB07F191420ED91CEB020206F1FF382C
S21401B2302CBF4FF001094FF00009914202D9B9F134
S21401B240000F16D04646521A46EA00410FE7841A06
S21401B25066EB030201201746FBE6023E624421E745
S21401B26002396244C1E664440238D3E664440238D3
S21401B27034E7023E6244E6E702386144C8E7023B2F
S21401B2803E447BE702383E445BE700BF704700BFA1
S21401B2902DE9F04F924685B089461E460D46554A21
S21401B2A00390294615F8014B135D13F00803F8D1F6
S21401B2B02D2C7CD02B2C4ED04FF0FF3102936FF00B
S21401B2C00043CDE9001336F0100851D037464FEA57
S21401B2D0E6783A464346DDE90001FFF73FFE0023E4
S21401B2E083468E4618461946A44613E0ACF1370449
S21401B2F0A6421FDD002B09DB83457EEB010305D348
S21401B3008E4508BF83453BD1A24239DA4FF0FF3361
S21401B31015F801CBACF13004092CE9D9ACF14104A4
S21401B320192CE3D9ACF16104192C03D8ACF15704FC
S21401B330A642DFDC5A1C2FD0029A12B1404261EBC2
S21401B3404101BAF1000F03D0002B48D1CAF8009092
S21401B35005B0BDE8F08F4FF0FF30029336F01008CD
S21401B3606FF000432C7801F10205CDE90003ADD161
S21401B370302C25D0002E3AD10A27B0463E46A8E703
S21401B38000FB08F307FB0133A0FB07010B44201861
S21401B39043EBE4710123BBE72223039A1360BAF15E
S21401B3A0000F17D005F1FF39DDE90001CEE74FF0B8
S21401B3B00047009301232C788D1CCDE9017382E7A9
S21401B3C02B7803F0DF03582B0CD086B90827B0463C
S21401B3D03E467EE7DDE9000105B0BDE8F08FCDE928
S21401B3E00001DFE710276C7802353E4671E710272B
S21401B3F03E466EE7557304004AE700BF10B4044C9E
S21401B40013460A46014620685DF8044B40E700BF34
S21401B4102C68002010B4044C13460A4601462068E6
S21401B4205DF8044B34E700BF2C68002020F00301D0
S21401B43010F00300C0F1000051F8043B00F1040CC9
S21401B4404FEACC0C6FF000021CBF22FA0CF2134339
S21401B4504FF0010C4CEA0C2C4CEA0C4CA3EB0C0202
S21401B46022EA030212EACC1204BF51F8043B04306C
S21401B470F4D0C2F1000102EA0102B2FA82F2C2F18C
S21401B4801F0200EBD20070472DE9F04780460C46BC
S21401B4904548264614F801EB10F80EC01CF0080CBF
S21401B4A0F7D1BEF12D0F5BD0BEF12B0F3AD065461A
S21401B4B033F010003ED04FF0FF379A46B7FBF3F754
S21401B4C003FB07F96FEA0909002630460EE0AEF1E4
S21401B4D0370C63451DDD002E04DBB84202D833D19C
S21401B4E0CC4531DD4FF0FF3614F801EBAEF1300CF0
S21401B4F0BCF1090FEDD9AEF1410CBCF1190FE6D93B
S21401B500AEF1610CBCF1190F03D8AEF1570C6345CF
S21401B510E1DC731C1CD005B140420AB1F6B91160DA
S21401B520BDE8F08733F0100094F800E0654606F1B8
S21401B5300204C0D1BEF1300F17D06BBB0A234FF007
S21401B54005091A4F9A46BFE700FB0AC00126CBE75A
S21401B55022233046C8F80030002AE1D0611EDEE71B
S21401B56094F800E00125B41CA2E7207800F0DF0083
S21401B570582807D083B908234FF007096FF06047B2
S21401B5809A46A1E7102394F801E04FF00F09023420
S21401B5906FF070479A4697E710234FF00F096FF048
S21401B5A070479A4690E700BF557304009999991918
S21401B5B06AE700BF10B4044C13460A4601462068E9
S21401B5C05DF8044B60E700BF2C68002010B4044C03
S21401B5D013460A46014620685DF8044B54E700BF4F
S21401B5E02C6800200F4B70B50F4DAB42A3EB050640
S21401B5F007D0B6100024013455F8043B9847A642FC
S21401B600F9D80A4D1FF0ECFA094B5E1BAB424FEA24
S21401B610A60606D00024013455F8043B9847A642F6
S21401B620F9D870BDC06B0020C06B0020C06B002035
S21401B630C46B002070B5860747D0541E002A3ED042
S21401B640CAB2034601E0013C39D303F8012B9D073A
S21401B650F9D1032C2CD9CDB20F2C05EB052505EB22
S21401B660054535D9A4F1100C03F1100E1A462CF03D
S21401B6700F064FEA1C1CB644C2E90055C2E9025542
S21401B68010327245F8D10CF1010214F00C0F04F0DF
S21401B6900F0C03EB021213D0ACF1040323F00303E7
S21401B6A00433134442F8045B9342FBD10CF00304C9
S21401B6B02CB1C9B21C4403F8011BA342FBD170BDD7
S21401B6C064461346002CF4D1F9E703461446C0E756
S21401B6D01A46A446E0E700BF88420ED98B1883427B
S21401B6E00BD900EB020C002A6ED0624613F801CD8E
S21401B6F0994202F801CDF9D170470F2A0FD80346B7
S21401B70002F1FF3C002A5FD00CF1010C013B8C4496
S21401B71011F8012B614503F8012FF9D1704740EA72
S21401B72001039B0751D1A2F1100301F1200C70B562
S21401B73023F00F0501F1100E00F110041B09AC44B3
S21401B7405EF8105C0EF1100E103444F8205C5EF8C2
S21401B7501C5C44F81C5C5EF8185C44F8185C5EF8E7
S21401B760145CE64544F8145CEAD1013312F00C0F80
S21401B77002F00F0C01EB031100EB031329D0ACF11F
S21401B780040C1C1F8E462CF003064FEA9C0C1E442C
S21401B7905EF8045B44F8045FB442F9D10CF101048D
S21401B7A002F0030203EB840301EB840102F1FF3C88
S21401B7B04AB10CF1010C013B8C4411F8012B614597
S21401B7C003F8012FF9D170BD704702F1FF3C034623
S21401B7D09AE76246EAE700BF2DE9F04F82468E46B9
S21401B7E03F4875461EF801BB10F80B4014F00804DC
S21401B7F0F7D1BBF12D0F5BD0BBF12B0F6FF00049DA
S21401B80004BF9EF800B005F1020E33F0100010D10F
S21401B810BBF1300F04D0002B5ED10A231F4609E08E
S21401B8209EF8000000F0DF0058284ED0002B53D1C0
S21401B83008231F460025B9FBF7F6284607FB16988E
S21401B8400EE0ABF1370C63451DDD002D04DB8642AF
S21401B85002D321D1E0451FDA4FF0FF351EF801BBB8
S21401B860ABF1300CBCF1090FEDD9ABF1410CBCF1D9
S21401B870190FE6D9ABF1610CBCF1190F03D8ABF186
S21401B880570C6345E1DC6B1C0AD004B140420AB197
S21401B890CDB91160BDE8F08F07FB00C00125DDE7DB
S21401B8A02223CAF800305AB10EF1FF314846F0E7BC
S21401B8B09EF800B04FF0004905F1020E0124A4E7FE
S21401B8C04846BDE8F08F8146EEE710239EF801B0AA
S21401B8D00EF1020E1F46ADE710231F46AAE700BF72
S21401B8E055730400242B02D8012B00D074E710B541
S21401B8F000F02EFA16230360002010BD10B5242A8E
S21401B900084C1346246807D8012A05D00A46014682
S21401B9102046BDE810405FE700F01AFA16230360E0
S21401B920002010BD2C68002010B5242A084C1346B0
S21401B930246807D8012A05D00A4601462046BDE8F4
S21401B940104049E700F004FA16230360002010BDFA
S21401B9502C680020844641EA000313F0030349D112
S21401B960403A23D30B6803604B6843608B6883605F
S21401B970CB68C3600B6903614B6943618B69836163
S21401B980CB69C3610B6A03624B6A43628B6A83624B
S21401B990CB6AC3620B6B03634B6B43638B6B836333
S21401B9A0CB6BC36340304031403ADBD230320BD3ED
S21401B9B00B6803604B6843608B688360CB68C36029
S21401B9C010301031103AF3D20C3205D351F8043B43
S21401B9D040F8043B043AF9D2043208D0D2071CBF1F
S21401B9E011F8013B00F8013B01D30B880380604648
S21401B9F0704700BF082A13D38B07B1D010F003039A
S21401BA00AED0C3F10403D21ADB071CBF11F8013B09
S21401BA1000F8013BA4D331F8023B20F8023B9FE734
S21401BA20043AD9D3013A11F8013B00F8013BF9D2A7
S21401BA300B7803704B7843708B7883706046704741
S21401BA40024B0146186816F09ABC00BF2C6800200D
S21401BA50024B0146186816F095BC00BF2C68002002
S21401BA60CAB384460B4630B504460843800719D04E
S21401BA709CF800000C78A04212D150B3012A28D0BD
S21401BA80E64603E01CEB030F23D010B31EF8010FAC
S21401BA9011F8014FA2EB0E03A04203F1FF33F1D0E0
S21401BAA0001B30BD032A07D8E2E7043A11D01EF086
S21401BAB0803F0ED1032A10D92068194653F8045B3B
S21401BAC0A446A0F1013E0434A8422EEA000EECD0B2
S21401BAD0CEE7002030BD10467047A4461946C7E79A
S21401BAE080EA010C1CF0030F37D110F0030C20F094
S21401BAF0030021F0030150F8042B08BF51F8043B62
S21401BB000ED08CF0030C6FF07F434FEACC0C23FA77
S21401BB100CFC51F8043B42EA0C0243EA0C0300BF5A
S21401BB20A2F1013C9A4201BF2CEA020C1CF0803FB4
S21401BB3050F8042B51F8043BF2D04FEA02604FEA6A
S21401BB401222012828BFB0EB036F08BF1B0AF4D0EE
S21401BB5003F0FF03000EC01A704710F0030F0AD05F
S21401BB6010F8012B11F8013B012A28BF9A42F4D0A4
S21401BB70A2EB030070474DF8045D50F8042B01F06A
S21401BB80030521F0030151F8043B022D26D04DD8C0
S21401BB9022F07F45B5EB132FA2F1013C2CEA020CF3
S21401BBA00DD11CF0803C08BF51F8043B0AD185EA50
S21401BBB00205B5EB036F0CD150F8042BE8E74FEA0A
S21401BBC013235BE03CF07F4C54D10B784FEA1265AF
S21401BBD054E04FEA126503F0FF034FE04FEA0245D7
S21401BBE0A2F1013C4FEA15452CEA020CB5EB134FC6
S21401BBF018D11CF0803C08BF51F8043B07D185EAF8
S21401BC000205B5EB034F09D150F8042BE6E75FEACE
S21401BC100C4C2FD10B884FEA12452FE04FEA034315
S21401BC204FEA12454FEA134328E000BF02F0FF0532
S21401BC30B5EB136FA2F1013C2CEA020C0DD11CF0FE
S21401BC40803C08BF51F8043B0AD185EA0205B5EBF2
S21401BC50032F0AD150F8042BE8E74FEA13630DE0EF
S21401BC6012F0FF0F06D051F8043B4FEA122523F0DD
S21401BC707F4303E04FF0000020BC704705F0FF0251
S21401BC8003F0FF00012828BF904204BF2D0A1B0ABB
S21401BC90F4D0A2EB000020BC704700BF08B5064BED
S21401BCA0044613B1002100F0AFF8044B1B6803B142
S21401BCB09847204614F09CFD09BE0100085100205B
S21401BCC0002301461A46184600F048B8032A30B445
S21401BCD015D941EA000484460B46A40704D0541E35
S21401BCE00FE0043A032A08D91946604653F8044B74
S21401BCF05CF8045BA542F4D0F1E760461946541E91
S21401BD007AB1431E0139021901E09A4209D013F8AB
S21401BD10010F11F801CF6045F7D0A0EB0C0030BC45
S21401BD207047002030BC704738B5074D074C2C1BB8
S21401BD30A41005D0013C55F8043D9847002CF9D1D4
S21401BD40BDE838401EF052BFC86B0020C46B00200F
S21401BD50014B1868704700BF2C680020F0B5264CD0
S21401BD6083B006460F46256805B36C681F2C3FDC7A
S21401BD70A6B1D5F8880048B3D0F800114FF0010CF1
S21401BD8040F82420022E00EB84020CFA04FC4CEA54
S21401BD900101C0F80011C2F8803010D0631C0020E9
S21401BDA002346B6045F8247003B0F0BD13491448A3
S21401BDB0216010B10068C1F88800104DD5E7D0F8B1
S21401BDC0043143EA0C03C0F80431E7E70D49CDE935
S21401BDD0002369B14FF48470FFF732FE40B10021B1
S21401BDE06C68C0E94011DDE90023C5F88800C5E7A5
S21401BDF04FF0FF30D8E700BF985100200C510020CB
S21401BE000000000041BA01002DE9F04FDFF8B490C0
S21401BE1083B0D9F8006096B3884601907568D6F865
S21401BE2088706C1E2BD4013507F1800B06EB850557
S21401BE30B8F1000F26D173682A68013BA3423BD0B4
S21401BE4000232B60BAB1D6F804A05FB30123D7F85C
S21401BE500011A3400B4225D0D7F8040157F824104F
S21401BE6003422BD1019890477368D9F800205345B7
S21401BE701ED1B2421CD1013C043D631CD8D103B093
S21401BE80BDE8F08F4FB15BF824304345D3D0013C79
S21401BE90043D621CF3D0002FF5D1013CEFD3013CE9
S21401BEA0FBD2ECE790477368D9F800205345E0D001
S21401BEB0002AE4D01646B1E77460C3E70846904707
S21401BEC0D2E700BF98510020431E033306D8044B27
S21401BED0984228BF1846642838BF6420704700BFC0
S21401BEE040420F0038B5194B05461B680C4603B196
S21401BEF0984744B1236833B11B68013303D0E36824
S21401BF000BB1A3684BB91AF031F900204FF4C17296
S21401BF10412100F0FFF9212038BD204602F04AFCFD
S21401BF2000230B4A85F83C31C5E93743C2E90033A3
S21401BF3063694BB1074A422110684FF4D272C31AA3
S21401BF405842584100F0E6F90020E5E70854002081
S21401BF50A06400206C540020F8B504461EF035FBA2
S21401BF60002607460E4B1B6893B19E68AEB196F845
S21401BF702420D20711D435460FCC0FC50FCC0FC5E0
S21401BF8023682B6096F8243043F0010386F82430AA
S21401BF9038461EF015FB3046F8BD1B68E4E700BFC7
S21401BFA08068002010B5044618B9054B054A136091
S21401BFB010BD00F0D9FCD4F8E830002BF6D1F4E738
S21401BFC0175903007C680020014B1868704700BFB2
S21401BFD0A064002008B502460868FFF775FF0860F0
S21401BFE04868FFF771FF48608868FFF76DFF886053
S21401BFF0C868FFF769FF0B69C860581C03D00B4877
S21401C000834228BF03460B614B69581C03D007487F
S21401C010834228BF034688694B61FFF755FFBDE899
S21401C02008408861104601F07BBC00BF40420F000B
S21401C030D0F8E0302DE9F04105460C4613B1C38D2A
S21401C0408B424CD0D5F8DC30002B4BD09E68002EAE
S21401C05048D0D868002845D0013800B200281ADB3D
S21401C060002106E0128A591CA24217D209B2884260
S21401C07011DB0B1803EBD3735B1003EBC30206EB68
S21401C0808202B2F80EC003F1FF3EA445EAD90FFAC8
S21401C0908EF08842EDDA2120BDE8F0814FF6FF727E
S21401C0A099B29142F7D09BB203EBC30306EB83062A
S21401C0B02846B6F9122095F83011D5F8F080EEF73B
S21401C0C009FE0746B8F1000F04D000233246284681
S21401C0D01946C047EC85C5F8E06085F8397100203F
S21401C0E0BDE8F0810E20BDE8F08100BF2DE9F047E4
S21401C0F082B004460F46164601F086FE002863D13C
S21401C1004F4D2B68D4F8DCA0D4F8E0800BB1534532
S21401C11076D04FF00009AF6001F09EFE0128074679
S21401C12065D1204619F061FF002851D12B68DAF855
S21401C1300010D8F8002013B1186888426BD020464A
S21401C14019F005FFC5E900A8D4F8F0508DF807608E
S21401C150002D67D00022204611460DF10703A8479F
S21401C160204600F0EDFF0546B9F1000F0FD076B975
S21401C170D4F88C300BBB012F05D025B1314B0021F3
S21401C18003205B689847284602B0BDE8F087B5FAF9
S21401C19085F040F207523321400900F0BBF83146E2
S21401C1A0204601F00BFA284B05461B6841462046FF
S21401C1B09847D4F88C30002BDDD000224FF4007362
S21401C1C0204600F0E1FBD6E700231D4D6B6098E7A3
S21401C1D094F82530DA07A9D5D4F894305B05A5D5AF
S21401C1E01A4B0122002120461B6898479EE7002132
S21401C1F0012000F001FC01F02FFE0128FBD190E7A1
S21401C2006B68002B85D0434583D1AB689F4215D020
S21401C2104FF001097FE7696811B10968914291D031
S21401C22059688CE794F82A1094F8393132469942C5
S21401C23028BF1946204600F0D1FE91E70025A2E767
S21401C240A0640020886800207C6800200C54002030
S21401C250F8B50F4605461EF0B8F939460646284693
S21401C260FFF7E6FE044620B130461EF0A9F9204647
S21401C270F8BD01F0A7FD224639462846FFF736FFEE
S21401C28004460028F0D1284619F0AFFE0028EBD06E
S21401C29095F8253013F001030DD0D5F894205205FA
S21401C2A00DD5B5F82A21BA4205D0B5F82C31DB1BDD
S21401C2B0B3FA83F35B09034A82F8C430D4E7234612
S21401C2C0F9E700BF001E00B013B50446694619F031
S21401C2D050FC204619F094FDFF28024606D0204661
S21401C2E09DF80010EEF774FD02B010BD0048FBE7A4
S21401C2F00080FFFF38B5044D044C054B28602160D3
S21401C3001A601DF05DFE38BD9C5300208468002035
S21401C310A053002010B550B90548064B01600648E9
S21401C32002601868054B18601868FFF7E3FF10BD38
S21401C33084680020F8540020A05300209C5300205D
S21401C3402DE9F0418AB001AC05460B462746194A4D
S21401C35002F1200C264610685168083203C6624571
S21401C3603446F7D1002B08BF3B46002710681C4611
S21401C3703060384603F10C0690B95FFA87F84246FA
S21401C3802846218819F034FE50B942462846E188ED
S21401C39019F03FFE20B942463146284619F04BFEB9
S21401C3A00137032F06F1080604F10204E4D10AB0AE
S21401C3B0BDE8F08178740400F0B589B005460E46F4
S21401C3C019F048FE044600BB01AC06F10C070FCF7E
S21401C3D00FC497E8070084E8070001A92846FFF77D
S21401C3E0F9FD2846311D1AF00FF8044648B92846CB
S21401C3F0074901F057FA044618B9284601F0C6FD68
S21401C400044628463168FFF79BFF204609B0F0BD79
S21401C41070740400014919F0FFBB00BF5DDF010025
S21401C42070B5164E032804460D4633781ED023FAFF
S21401C43004F202F00102AA421DD053B10122A24029
S21401C440A54023EA02032B43DBB233704BB1012034
S21401C45070BD2DB10A4B01201B6898473378EDE774
S21401C4603570074B00201B689847F0E79A07DED027
S21401C47003F0FC03E9E7002070BD00BFF061002077
S21401C480E053002038B504460D4605F077FD60B14F
S21401C49001F0C6FC48B9012D07D8012019F085FD29
S21401C4A00D4B1B6823B15B6898470C4B1C7038BD5D
S21401C4B01EF0E5F90A4B1A68801A18601CF0FAFE9D
S21401C4C04FF47A72074B1B6802FB003019F0A2FB8F
S21401C4D0012001F0ADFCE8E704540020916B002038
S21401C4E0D8530020DC530020F8B505460C461EF054
S21401C4F06CF8104F06463B7833B1012D04D01CB9B9
S21401C5000D481CF029FE3C7021462846FFF788FF9F
S21401C5100A4B04461B783BB93B782BB919F039FD19
S21401C52010B1074B1B68984730461EF049F8204665
S21401C530F8BD00BFF1610020B4530020F061002077
S21401C54088680020054A0B46117831B10021117028
S21401C550034A01215268187810477047F16100209C
S21401C56088680020124B0239012910B518701ED8B0
S21401C57005F004FDD8B101F053FCC0B101F034FA66
S21401C580A8B90C4B1C6834B123689847BDE8104025
S21401C590002019F00ABD19F03BFB074B18601EF08E
S21401C5A06EF9064B1860204601F042FCEEE710BD1E
S21401C5B0916B002004540020DC530020D853002047
S21401C5C038B5044680B11EF000F80121044608463D
S21401C5D01CF066FA01210B4A084615F0A4FF204616
S21401C5E0BDE838401DF0ECBF1DF0EFFF05462146C3
S21401C5F001201CF055FA01202146024A15F093FF4E
S21401C6002846EDE7404A0400F0B585B01DF0DDFF91
S21401C610344D04462B7823B133481CF09DFD002889
S21401C62052D11CF023FE02AA03A919F09CFC034672
S21401C630002838D019F0ABFC029B98421CD1002090
S21401C6402A4B03991B682A4E9942307020D900273D
S21401C650C91A012324482B70264A3346CDE90077B0
S21401C6601EF0E9F8002837D1234A1378D90701D5F7
S21401C6703178F9B1204611E019F087FC029B984207
S21401C68028D0002318461949194A096813700391DE
S21401C6900121FFF7C5FE002320462B701DF090FFF9
S21401C6A0002005B0F0BD20462B701DF089FF21202B
S21401C6B005B0F0BD03F0FE031370002BDAD10F4B6B
S21401C6C01B6898472046E9E720461DF079FF0E20B3
S21401C6D005B0F0BD0220B3E7032320462F70337068
S21401C6E0F3E700BFF1610020B4530020D4530020CB
S21401C6F0906B002045C50100F0610020E05300204A
S21401C70038B51DF062FF0F4D04462B789BB90E4AD3
S21401C7100E4913700E4B0F4A0F481A600F4A5A60A3
S21401C720EFF782FF0E490F48EFF77EFF0E4B0F4AD9
S21401C7301A6001232B70F0F781F820461DF040FFA8
S21401C740002038BDF2610020F16100209C740400D5
S21401C7508868002009C60100A4530020E9C401002E
S21401C760A4740400AC530020E0530020C1C50100AE
S21401C7702DE9F0438F7880460F2F0C4685B003D9FC
S21401C780212005B0BDE8F08327B90123374A0020F0
S21401C7901370F6E70D784E78EDB9002EF0D194F9C6
S21401C7A00310E08803F00AF82128E9D055EA0603C9
S21401C7B0A088DFF8C89013D003F064F84FF604039E
S21401C7C0B9F8002001469A424BD1AE42334638BFF3
S21401C7D02B4600262DE0082DD2D8082ED0D8DEE72D
S21401C7E003F050F84FF6040501464FF60500204ABF
S21401C7F0136E9BB2AB4208BF0346B1F5803FA9F862
S21401C80000300FD902230825136680230126C2F8BB
S21401C81080302B4649084FF6FF720139914228BFF6
S21401C820114608E08023012608251666C2F88030E6
S21401C8302B460029EFD1002202920122013FFFB2CE
S21401C840009201972A4608F1F80002F0B7FE1EB1E1
S21401C8504FF48012074B5A65074BA2681A600223F1
S21401C86094E703480266A9F80030AEE7F3610020BA
S21401C87000C001B800D001B8EC530020186B0020AE
S21401C88010B50446D0F818210B4B4FF40061C3F8DD
S21401C890A82090F82420D20102F4006205F0D2FA12
S21401C8A094F8243013F0100F4FF4007314BF034AAA
S21401C8B0034A136710BD00BF001E00B0001002B887
S21401C8C0002002B8431C07D06FF0FF02034B104054
S21401C8D01A62A3F580531862704700BF00E000B8E3
S21401C8E0F8B504460F4616461DF06FFE0546A047EE
S21401C8F0044620B128461DF063FE2046F8BD04F02C
S21401C9007FFC04220549D1F8D83E23EA07033343C6
S21401C910C1F8D83E024B1A67ECE700BF001000B022
S21401C920002002B800F01803182B0AD003070AD417
S21401C93040F2011310F0100018BF1846034B18659B
S21401C94070470020FAE70120F8E700BF001F00B09B
S21401C950044B1868830654BFC0F30F204FF6FF70D0
S21401C960704700BFD454002038B10368044A002B36
S21401C97008BF1346034A13607047014BFAE700BF2E
S21401C9805F5C03009468002010B4D0E95441224053
S21401C9900B4052EA030104D003495DF8044B0968D1
S21401C9A008475DF8044B7047946800200F2938B596
S21401C9B005460C460ED801F04FFA01280CD1074A5D
S21401C9C02846D36B23F00F032343D36319F051FB9F
S21401C9D0002038BD2120FCE70220FAE7001F00B046
S21401C9E0014B186C704700BF001F00B0014B0020C0
S21401C9F019647047001F00B003282DE9F3478846E5
S21401CA0055D82C4B13F800902B4B1E5C2B4B13F870
S21401CA1000A01DF0DAFD074604F03EFB054640B1D6
S21401CA2000230022CDE9003301200023002104F079
S21401CA3079F904F039FB48B100230022CDE900332F
S21401CA40002000234FF4004104F06CF96EB31C4B38
S21401CA50DC6C04F008041B4B3146DC64484604F0E9
S21401CA602DFC52463146484604F092FC164BDC64D7
S21401CA706DB1164B1868D0F89410F83003F06EFAC2
S21401CA8013490868FFF71EFF4FF0FF330B60B8F13C
S21401CA90000F04D00F4B002103205B6898473846EF
S21401CAA002B0BDE8F0471DF08BBD3446D3E702B0B7
S21401CAB0BDE8F087B4740400B0740400AC740400DC
S21401CAC0004000B8006000B8005000B8F8540020DC
S21401CAD090680020886800200F4A136F13F0A00F9B
S21401CAE015D1506F10F0040013D10C4BD3F8D83E7B
S21401CAF023F07F4323F0FF035BB1D368C3F30362E4
S21401CB00092A07D0B2F10C0018BF01207047002097
S21401CB1070470120704700BF000002B8001000B047
S21401CB2070B50D46064620B91A4B1B68A3B10E20F8
S21401CB3011E001F091F9012829D1174B93F9004032
S21401CB40C4F11C04641BC4F11C03002BB8BF5B4278
S21401CB50232B0CDD212070BD81EAE173A3EBE17389
S21401CB60DBB2232BF6D80C4B19700020F3E786F8BE
S21401CB7028501DF02AFD094AE402D36904F4FF2473
S21401CB8023F4FF231C43D4611DF01AFDEDE70220B8
S21401CB90E1E700BFF8540020F461002000C000B8AF
S21401CBA018B9034B93F90000704790F928007047B5
S21401CBB0F461002010B5044619F017FA10B10120EF
S21401CBC001F0D4F92046FFF75BFE1DF0FEFC0A4A91
S21401CBD00121D2F8A030044623F02003C2F8A03089
S21401CBE00222064B08469A60054B5B68984720462A
S21401CBF01DF0E6FC002010BD001E00B0001002B8BB
S21401CC0088680020064B5A6A920207D4D3F880300F
S21401CC1013F4706F14BF0120002070470120704785
S21401CC20004001B8F8B50E46D0F8943002EA010487
S21401CC3023EA01032343C0F89430464A01F00B036C
S21401CC4023EA0401D1642340A2F58052D36472071B
S21401CC50054610D50121FFF7D5FF60B104F0D0FAE3
S21401CC604FF4007314F0040F14BF3B4A3B4A53625F
S21401CC7004223B4B1A67F30606D514F0100F14BFB7
S21401CC8000221B22374B5A6537061DD5200616D5BE
S21401CC904FF40012304B1A62012203F58053C3F899
S21401CCA000211DF092FC0E210746032003F09EF89A
S21401CCB040F201222B4B3846DA621DF081FC2146F8
S21401CCC005F1F80003F04AF9F10503D5E2052AD586
S21401CCD003F05CF8B30503D5A70527D503F062F882
S21401CCE016F48C6F1DD014F4806224D095F825308C
S21401CCF0DC070CD5EA8DB5F82A31934219D0B5F880
S21401CD002C31981A43424341174A82F8C430D5F869
S21401CD10E410284618F0A4FF8022144BD864144B64
S21401CD201A610020F8BD03F02BF8D3E703F034F8BE
S21401CD30D6E70123E8E77105E9D595F82530DB0745
S21401CD40E5D5094B114683F8C4200A4B28461B68D3
S21401CD509847DCE7006000B8005001B8006001B8F1
S21401CD60002002B8004000B8001E00B0001F00B04E
S21401CD70000002B80C540020014B1868704700BF31
S21401CD80F853002037B51DF020FC002401230022B3
S21401CD90CDE90034002305461946104603F0C2FFCC
S21401CDA0022002F0E7FA064B21461C60054B0220E2
S21401CDB05B68984728461DF003FC204603B030BD4B
S21401CDC000540020886800202DE9FF4102290D4605
S21401CDD016469846039004D1FFF7D4FF04B0BDE889
S21401CDE0F0811DF0F2FB1E4F04463B683BB1B34297
S21401CDF005D01DF0E5FB002321203B60EEE7194B33
S21401CE000022C3F800803E60002301264FF0000890
S21401CE1010461946CDE9006603F084FF124B022046
S21401CE2083F8008002F0A6FA43462A46022003A9A8
S21401CE3002F0BEFA0D4B039A1A6008B92046D8E7ED
S21401CE400B4D2B689847212804D020461DF0B8FBCF
S21401CE500020C3E731466B6802209847F5E700BF1C
S21401CE6000540020FC530020F6610020F8530020F7
S21401CE7088680020044B5B6E5B054EBF0120034BA8
S21401CE80187800F00100704700C001B8F661002074
S21401CE900A78022A11D0101F4242424152004B78B2
S21401CEA01201022B0BD0191F4B424B415B00054967
S21401CEB0054842EA8312FFF713BD0122EFE701237B
S21401CEC0F5E700BFF0FFFF00A1DE01000B78022BA3
S21401CED010D0181F434243415B004A78022A0BD008
S21401CEE0111F4A424A4152000F21044843EA820276
S21401CEF0FFF7F6BC0123F0E70122F5E7CDDE0100DE
S21401CF002DE9F8430E780446042E0D4690F830813C
S21401CF100BD100275FFA87F9484601F07DFD08B17D
S21401CF204E4602E00137042FF4D1304601F074FD7D
S21401CF30002849D094F83031B34209D1AA88D4F8F0
S21401CF40A8309A4204D16A88B4F832319A4238D06D
S21401CF5084F83061AB883046A4F834316B88A4F885
S21401CF603231AB8804F59875C4F8A830FF2384F8ED
S21401CF702B3019F02FF984F82A00284601F078FCA6
S21401CF8018BB284601F03EFDF8B9D4F8E03053B19D
S21401CF9094F83011414506D02046B3F91220EDF73A
S21401CFA099FE84F83901204601F09AFE0949A4F851
S21401CFB034010123084AD1F8FC1004F1F80003F00B
S21401CFC0AFFC0020BDE8F88321200C2384F8303123
S21401CFD0F8E700BF001F00B0581F00B0F8B50546BF
S21401CFE090F830010C460C28164623D0FF2923D092
S21401CFF01AB14FF0FF32114B1A6019F0EBF80746E1
S21401D00095F8300101F068FD844228BF0446E4B279
S21401D010BC4238BF3C46E0B285F82B0001F002FE68
S21401D020FF280CBF2124002416B9284601F068FD0C
S21401D0302046F8BD0224FBE72124F9E79868002082
S21401D04010B590F8303104460C2B43D0D0F8E030C0
S21401D05080F82A10D3B3D0F8F020CAB990F8393145
S21401D0608B421BD300222046FFF7B8FF40BB1A4B6A
S21401D0701B78022B23D8204601F032FE17490123E4
S21401D080174AD1F8FC1004F1F80003F049FC16E049
S21401D090B0F94220B3F912309A42E3DD002220466D
S21401D0A094F83911FFF79AFF50B9C4F8E00020460A
S21401D0B018F0D9FC4FF6FF739842014601D10020C3
S21401D0C010BD2046BDE81040FFF7C2B8FF2380F828
S21401D0D02B30F4E70220F3E71C6B0020001F00B0A2
S21401D0E0581F00B0F0B51D46144B04461B780F467A
S21401D0F0164685B05BB1D0F8E030E3B102AAB3F9C9
S21401D10012300092002214F070F905B0F0BD02A9A9
S21401D11018F02FFD9DF808103A462046EDF7DAFD87
S21401D120014626B92A462046FFF758FFEDE7204676
S21401D130FFF786FFE9E71846E7E700BF024C040061
S21401D140D0F89C30012B01D10020704770B5044601
S21401D15065498CB019F073F8D4F8E0600146E58DA6
S21401D160C4F8E40026B1336813B15B68002B71D1B3
S21401D1701DF02BFA1DF024FA0123D4F8E4108DF8E3
S21401D1800630B389D6E90120EB1A9BB200FB0322D5
S21401D1905648ADF80430036800928B4207D020460B
S21401D1A018F05EFD80225249524BC8641A61514DF7
S21401D1B000F052FE0128FBD1AB689E06F8D420464B
S21401D1C09DF80620009906AB03F0E6F800283ED14C
S21401D1D000F042FE0128FBD1464A136FD801FCD469
S21401D1E093689906F9D4684606A903F08DFA0546B0
S21401D1F068BBE28D404B5A6494F8243060F34103D7
S21401D20084F8243000F0EEFFD4F8E0305969431E6C
S21401D2100E68DBB2FD2B029622D9F31C34D84B687C
S21401D220FF2803935ED10126DA1C25D8024602A9FF
S21401D230204618F02DFFE6B9D4F8543199053FD4AD
S21401D24094F8243043F0020384F8243011E00220DD
S21401D2500CB070BD1A68032A8AD99B6A5B0E8EE7EA
S21401D2604B6801280393DED00246204602A918F037
S21401D2700FFF00200CB070BD0133204B5B6816D049
S21401D280DA1C23D80393D1E71C4B01361B6818BF61
S21401D2900126DD1C06D802934B68FF280393C3D0F2
S21401D2A00020C3E7FF284B6819D00393C3E7DD1CB2
S21401D2B00FD80246204602A9039318F0E9FEBBE701
S21401D2C020464FF4803119F06BF8D2E7FF28B2D12F
S21401D2D0E6E7FF28B0D10022204602A9EDE70120AB
S21401D2E00393A1E72A46C0E7FC1F00B0E8530020DD
S21401D2F0001F00B0000002B8008001B8A06800203E
S21401D30010B50C4619B118F070FE00B10434204671
S21401D31002F0B8FA024B4042C3F8C80E002010BD16
S21401D320001000B0838E70B593420C4615461CD390
S21401D330836C8B4208BF00241DF047F94FF49C53C1
S21401D3400B490646CA68C2F30362D340DA0702D520
S21401D3500B6F9B0304D401222946204601F016F8E0
S21401D36030461DF02DF9002070BD2120FCE700BFDE
S21401D370000002B82DE9F84F064615460B4611B9CE
S21401D3802120BDE8F88F002AFAD0032905D800220B
S21401D39001F05EF903460028F2D01C889978B4F5AE
S21401D3A0804F01F0070080F0C580A0F1070C1A79C4
S21401D3B093F805A0DF88DCF1000343EB0C03052896
S21401D3C02B7394BF0023C1F30013C1F3801C6B734E
S21401D3D08B0985F810C003F00203C1F3C00C43EAC1
S21401D3E00C03C1F340116B74A974AF82002A40F09C
S21401D3F0828096F81E31013BDBB2EB74D6F894308E
S21401D400DF0600F18380063801287FD8B6F812803F
S21401D410F76908F1FF38484B083C04EA08045B6DDD
S21401D4203B5D0134802B0EBF6FF07F03323B5BB256
S21401D430AB730023AB6096F8279004EA0804B9F1B1
S21401D440000F61D1631D03EA08035A1C02EA0802B1
S21401D450BA5CFB5C43EA0223D9040FFA83FB4CD582
S21401D460D6F8E43013B11B68022B05D841F24D7291
S21401D4704C210020FEF74EFFD6F8E420CBF30B0339
S21401D48092F82420DB000AB1B3FBF2F39A4508D8E0
S21401D4903BB1CAEB0A2ABAFBF3FA6FEA0A0A5FFA49
S21401D4A08AF9D6F8EC3023B1484695F90E1098471C
S21401D4B08146631C85F80F9003EA0803F95C013383
S21401D4C003EA0803FA5C013303EA080341EA02218E
S21401D4D0FA5C013303EA0803F85C41EA02410023DF
S21401D4E041EA00616A7C304603F0D8FA06232860D8
S21401D4F0AB71002045E7531E7EE717F804904FEA0C
S21401D50049095FFA89F9CCE79946D2E7002300205A
S21401D510EB730A4B5A69C2F30723120448BF63F040
S21401D520FF035AB212F1800F1CBF323B5AB2AA73E4
S21401D5300346DCE7022024E7004000B800C000B83C
S21401D54038B5148811F003054FEAC40422D13F2CE4
S21401D55020D9B4FA84F4C4F11903DBB2052B01D83F
S21401D560192C15D0052B28BF052301240633DBB261
S21401D5709C40C4F3CF03138003828161448700F08B
S21401D5802DFF054A631E2343C2F8A430284638BD42
S21401D5902B46EAE72125F9E7001E00B011F5004FFA
S21401D5A01FBF01F30E01044BC1F30E01002014BF8F
S21401D5B099642120704700BF008001B8F8B5044681
S21401D5C00E4619B990F824305A063FD44FF6FF7329
S21401D5D0618ED4F8E470994204D0314B1B680BB1CC
S21401D5E0204698472F4D2B68BB424DD02E4B1B68CB
S21401D5F03BB11FB13A68002A48D0BF683946204679
S21401D60098470727204601F06BFB002E32D00627ED
S21401D6100126264B94F9282093F900302449C3F1BA
S21401D6201C039B1ACA69DB0222F4FF2203F4FF23C0
S21401D6301343CB61D4F8E4301E4A2B601E4B976728
S21401D64020461E7018F015FD0020F8BD4FF6FF713C
S21401D650144DD0F8E4702A6866F386139742418623
S21401D66080F8243017D0104B1B68002BC1D101F075
S21401D67037FB072711493B46114AD1F8FC1004F144
S21401D680F80003F04DF9C2E70127BBE7174620462D
S21401D69039469847B5E701F023FB0127EAE700BFC3
S21401D6A0F4530020E8530020F0530020F4610020DA
S21401D6B000C000B8006000B8F5610020001F00B08F
S21401D6C0581F00B0054A12681AB190F81E1119B910
S21401D6D01047084602F0AABB01487047E4530020F1
S21401D6E000FEFFFF344B2DE9F7431C6801F4007977
S21401D6F000F00103174653EA090206460D4635D0E7
S21401D7004FF000083BB30023002200210120CDE9A1
S21401D710008803F007FB042001F02CFE414620465A
S21401D720FFF7D0FF012241462086104618F04DF93A
S21401D730D4F8941004F1F80002F010FC1F490868B0
S21401D740FFF7C0F84FF0FF330B6094F8243043F036
S21401D750040384F82430B9F1000F07D001212046D4
S21401D76018F01EFE25F4007506430D432B4632467F
S21401D7702046FFF709F9FB070FD51149114A08683A
S21401D78000211368116001210F4A117003B19847F7
S21401D7900E4B002102205B68984717F00E0F08D049
S21401D7A04FF409723B21002003B0BDE8F043FEF7B9
S21401D7B0B1BD03B0BDE8F083F854002090680020A6
S21401D7C0FC53002000540020F661002088680020E9
S21401D7D008B5482200210248FDF72CFF002008BDAD
S21401D7E0DC1E00B073B578216422A0F814118221E2
S21401D7F00C23C0E94112C0E94322C0F800210722E8
S21401D8004FF0FF35002680F830314FF6FF7304469F
S21401D810C28700F14C0282641E4AC385A0F84030DC
S21401D82080F82C3043864263038780F82860C0F86E
S21401D830A850458580F8265003F03EFC2046FFF7A9
S21401D840C7FF94F928102046FFF76AF9602340F6CF
S21401D850FF71114A2046D36402F11C42D162D165A0
S21401D8600E4A2946D36440220D4B1A67D4F89420F9
S21401D870FFF7D8F90E230022CDE9003340F2022348
S21401D8801046194603F04EFA01F0E2F8304602B0AF
S21401D89070BD00BF4000FFFF004000B8005000B858
S21401D8A0002002B810B50C46FFF792FFBCB1A37872
S21401D8B0082B16D8E278082A13D843EA021313F085
S21401D8C0FF030CBF19466168074AC2F8DC102178CD
S21401D8D082F82011617882F8233182F82111002024
S21401D8E010BD2120FCE700BF001E00B0012A10B5C4
S21401D8F012D8032B10D803EB82020123074C934066
S21401D90094F82201DBB221B10343002084F82231CE
S21401D91010BD20EA0303F8E72120F9E7001E00B056
S21401D920034670B50C68B0F83421013408BFD3F84B
S21401D93000418D6808BF0C604C68F830013404BFA4
S21401D940D3F80C414C606E1C3CD1D3F80841CE682C
S21401D9508C60751C3CD1D3F804510E69CD6001363C
S21401D96004BFD3F8F8600E614E69013604BFD3F8E0
S21401D970FC604E618E69013604BFD3F810618E617A
S21401D9808E695EB35A32B24238BF32460E688A6139
S21401D99016B15A2E38BF5A26C3F808414C68C3E957
S21401D9A04065C3E943420A69C3F8F8204A690C494D
S21401D9B0C3F8FC20D1F8FC1007230A4A02F0B0FF96
S21401D9C0002070BD02F15A04AC4238BF2C46BEE7B7
S21401D9D002F17805B54238BF3546BEE76422D5E781
S21401D9E0001F00B0581F00B070B51CF0EEFD0446D5
S21401D9F00B4E00F031FA012805D020461CF0E0FD60
S21401DA000225284670BDF36813F0706FC3F30365F3
S21401DA10EFD1B36ADB06ECD520461CF0D1FDF0E76A
S21401DA20000002B838B51CF0D0FD4FF6FF710A4A67
S21401DA3013888B4203D11CF0C3FD0E2038BD074C62
S21401DA40074D1B046566A4F58054636611801CF0BF
S21401DA50B7FD0020F2E700BF1A6B0020006001B896
S21401DA600000FFFF2DE9F74304460F4615461E4604
S21401DA70FFF732F830B3A38A23B3204618F0BBF879
S21401DA8078B9002E40F0F280794BD3F8D83E03F0F7
S21401DA903002102A00F0EA8003F0C003402B00F0A9
S21401DAA0E580DFF80082D8F81430D90740F1DE802F
S21401DAB01CF08BFD0646032001F058FD30B13046C0
S21401DAC01CF07EFD022003B0BDE8F083D8F81420D8
S21401DAD012F00608F3D130461CF072FD644B4FF489
S21401DAE000612046D3F8D89ED3F8AC6E04F0BEF998
S21401DAF040B14FF4007201215E4B08461A67424658
S21401DB0017F063FF94F82530DA0707D5D4F8943078
S21401DB105B0542BF4FF40022574B1A673946204631
S21401DB20FEF796FB524BC3F8D89EC3F8AC6E00289E
S21401DB30C9D194F82430980601D4002D57D0C5F3E6
S21401DB40400003F023FB022315F4807F1BBF002156
S21401DB50494A484A136717BF484A13675161136316
S21401DB6003F04EFB4FF4806315F0040F14BF444AD4
S21401DB70444A15F0400F53624FF004023D4B2846CD
S21401DB801A674FF0400314BF3F4A404AC2F8883034
S21401DB90FEF7C8FE204618F058F938B14FF48073E6
S21401DBA015F0010F14BF344A324A1367A90647D548
S21401DBB04FF6FF72B4F8403093420FD0344A3549DD
S21401DBC0526E100CC2F301120132B3FBF2F308805D
S21401DBD02B4A2C4930481B0448665366003D18BF43
S21401DBE0012594F8243065F3451384F82430204643
S21401DBF018F0FBF9F0B1204618F027F9D0B14FF430
S21401DC000031204604F032F9431C03229BB223481C
S21401DC1001A918F0A2FA9DF8042002F00703052BCB
S21401DC209DF8053015D112070DD443F480731C4AB4
S21401DC30C2F8B830002003B0BDE8F04318F09ABA35
S21401DC40FFF7F0FECAE713F0040F09D19DF806307E
S21401DC50EBE703F03002202A05D113F0010FF4E7B9
S21401DC604FF48073E3E79DF80630E0E70E202AE7DD
S21401DC70001000B0002002B8001002B800400054A6
S21401DC80005001B8006001B800D000B800E000B84C
S21401DC90004001B81A6B00200000FFFF0840005446
S21401DCA0001E00B000C001B82DE9F34106468846C3
S21401DCB015461F461CF089FC0446032001F056FC5D
S21401DCC038B120461CF07CFC0E24204602B0BDE88C
S21401DCD0F081042001F04AFC0028F2D120461CF015
S21401DCE06FFC01232A4641463046FFF7BBFE044639
S21401DCF00028EAD1DFF8C8805FB388F8000039460B
S21401DD003046FEF735FD00284CD198F80030012B3F
S21401DD101CD02022244B1A67244BDB6CB3F5817F81
S21401DD201FD2012018F067FA1CF04FFC204B064664
S21401DD301B680193CBB901F093FC15F0800526D141
S21401DD4001F0E0FC284603F0F5F925E003F008FAB7
S21401DD50BBE798F80030012BF8D0002BD9D121244D
S21401DD60B3E78022134B1A61DBE7042001F002FBC4
S21401DD7000230122042001A901F01AFB0028DAD1B0
S21401DD8003F056FA212430461CF01AFC9DE70022C7
S21401DD90094B9A6701F0B6FC084B01215B6800202D
S21401DDA09847F0E7044690E7001002B8001F00B05D
S21401DDB0EC530020000002B800C001B888680020BB
S21401DDC0F361002008B50C4BD3F84C114B1C12D054
S21401DDD011F080410FD1094B1B6813B10320FEF7E8
S21401DDE00BFE4FF080624FF40071054BDA67054A6F
S21401DDF0D16201225A6108BD0080E00FF85400206C
S21401DE00001002B8004000B84FF40022034B186F10
S21401DE1003F500531A67C0F3C0407047000002B80C
S21401DE20024B586900F00100704700BF00C001B8FE
S21401DE30084B5A69D10707D508B901F077BA5B696B
S21401DE40DA0706D401F064BA5B69DB0701D400285F
S21401DE50F8D1704700C001B80F4BDB68C3F303630A
S21401DE60013B0B2B0FD8DFE803F006060C0606066F
S21401DE7006080A0808080220704704207047052093
S21401DE80704703207047054B5B6913F0060F0CBF04
S21401DE9001200420704700BF000002B800C001B88E
S21401DEA0094AD368C3F303630B2B08D06FF4905071
S21401DEB0184100F0010080F0010040007047106F2B
S21401DEC010F48030EDD17047000002B80C4AD368D8
S21401DED0C3F30363062B07D8042BD8B20BD8C31E93
S21401DEE05842584140007047072B06D1D2F83001FE
S21401DEF00028ECD17047022070470020704700BF11
S21401DF00000002B8094BDB68C3F303639A1E012ABB
S21401DF108CBF00220122012B02701EBF4FF4026249
S21401DF2022FA03F303F001030B707047000002B8F6
S21401DF30094AD368C3F30363032B01D0072B08D127
S21401DF40536FDB0605D4906F80F00800C0F3C00065
S21401DF5070470020704700BF000002B8024B002245
S21401DF60196818F023B800BF18750400024B1B6827
S21401DF7003B11847704700BF18540020024B1B68B6
S21401DF8003B11847704700BF1454002010B5FF2294
S21401DF904FF6FF71044618F02BF868B9FF224FF6CA
S21401DFA0FF71204618F035F830B92046BDE810401C
S21401DFB0FF22024918F03FB810BD00BFBC74040030
S21401DFC02DE9F0411C46184B05461E680F46904643
S21401DFD046B1306801F01CFEF3681BB1B3681868DF
S21401DFE001F016FE114B1B682BB1DA681AB19B685B
S21401DFF0186801F00DFE9DF81830640744EA0842DF
S21401E0005B0503F0BC6342EAC7621A432846084927
S21401E01042F4C87203F016FF002228461146FFF7A5
S21401E02081F90020BDE8F08114750400187504001C
S21401E0309007E12D08B5FFF77BFF88B1094BDA6938
S21401E04012030DD5186F10F4003009D19B6F13F031
S21401E050100F4FF010030CBF034A044A936708BD24
S21401E0600220FCE7000002B8001002B8002002B847
S21401E07038B50446F8B1124AD3691B031DD5556F4E
S21401E080104BC5F38115032DB3F8B4300DD108221A
S21401E090083B9BB221460C4818F05FF80020084B5D
S21401E0A025729B6F1B0A637238BD022D05D1023B98
S21401E0B02A469BB2EEE72120F6E70220F4E700BFEE
S21401E0C0000002B8001E00B038400054431EDBB208
S21401E0D0FD2B14D9FF280B6801D14A68134313F0AE
S21401E0E0802F1EBF42F20102074BC3F8282251F8C7
S21401E0F02020054BC3F85022C3F85422704701284C
S21401E100F5D10023E9E700BF004001B8F0B585B0BE
S21401E1106D460E460F4B074614460FCB85E80F009B
S21401E1200D4BD3F848020090D3F84C2201923EB131
S21401E130631EDBB2FD2B0AD93060FF2C00D1726062
S21401E14022462946384617F0A3FF05B0F0BD012C3C
S21401E150F4E700BFC47404000080E00FF0B585B09A
S21401E1606E460D4B07460D460FCB86E80F0000F0B6
S21401E17039F8314604460246384618F002F94DB1E0
S21401E18040B9FF2C1BBF04AB03EB8404009B54F87F
S21401E190103C2B6005B0F0BDC474040030B50C4BC8
S21401E1A00546187085B0082380B90A4AC2F8FC33C0
S21401E1B051B96C46084B0FCB84E80F00074B2A4633
S21401E1C021461868FFF7A2FF05B030BD044AEDE707
S21401E1D0926B0020001002B8D4740400F85400209A
S21401E1E0002002B8014B1878704700BF926B0020E0
S21401E1F0124BD3F8E020D2031ED54FF480321049DB
S21401E200C1F8E020A1F58051C1F8EC201A6CD1B21A
S21401E210C2F30722C3F88010C3F880200422C3F893
S21401E22080200022C3F88020C3F88020C3F8802015
S21401E230C3F88020C3F88020704700BF0040005418
S21401E24000600054F0220A4B01219A64A022A3F533
S21401E25080539A64074B826CC3F8C010FC21C3F844
S21401E2609810C3F89C204FF40052C3F8BC207047A6
S21401E270006000B800400054F8B50D461746064643
S21401E2801CF0A3F901230421084C094A2363A76063
S21401E290E6602561C2F8E010064AC2F884311CF037
S21401E2A08FF90DB102232363F8BD00BF004000546F
S21401E2B00060005400E100E00222024B58611A633C
S21401E2C0704700BF004000540122044B1A6640F616
S21401E2D0FF729963D863DA65704700BF0040005447
S21401E2E02DE9F04F042A05460B4683B039D901269D
S21401E2F00978141F81615A7803F1040982619A78BA
S21401E3008261DB7883610368D0F808B003F0070305
S21401E31006339E4006F1FF3A0AEA0B084768A6EB69
S21401E3200802944247F000570ED84946224607EBAA
S21401E3300800FDF70FFB46EA0A0604EB0B02324023
S21401E340AA6003B0BDE8F08F494607EB08000192CA
S21401E350FDF700FB019A384609EB0201A21B424475
S21401E360E7E7013A032AECD8DFE802F00B080502DA
S21401E37013F8012B826113F8012BAA6113F8012B04
S21401E380AA611B78AB6103B0BDE8F08F38B50C46C7
S21401E390154601460F4B60B101220F48C3F8C02055
S21401E3A02246FFF79DFF1DB104220A4BC3F8C02089
S21401E3B038BD64B1D3F8A420A24284BF0122C3F8B9
S21401E3C0C0200222C3F8A040C3F8C020EBE7012218
S21401E3D0FAE700BF004000549840005438B50446A0
S21401E3E01CF0F3F801211A4A638F054611663BB308
S21401E3F0B3FA83F3C3F11903DBB2A069C2F8901034
S21401E40093660723D066C2F88C304FF4A02302F53A
S21401E4100052C2F8E030A2F58052C2F8EC30002279
S21401E4200C4B1A600C4B1B6F5B0209D54FF4800234
S21401E4300A4B04F1F8001A67D4F8941001F08EFD27
S21401E4404FF4E0232846E363BDE838401CF0B8B833
S21401E450004000541C540020000002B8002002B8FE
S21401E4602DE9F84305460C46B1B1D0F81880478F20
S21401E4701CF0ABF8B5F83CC0791E01EA0C0323F09A
S21401E4800702032C0646DFF8F8E042445CD1DEF8CA
S21401E490004024B91CF094F80E20BDE8F88324F05F
S21401E4A00104DEF8000020F00100A04251D1002353
S21401E4B0CEF80030238894426FEA43436FEA534311
S21401E4C023803CD1EB8F08EB07091846083880B249
S21401E4D002F108044C4528BF4446082804D9B4F87C
S21401E4E000E0BEF5804F3ED263440F431B1A3B400B
S21401E4F09BB2AB87E887118894781C4AC1F30C015C
S21401E50051645367C2F88C004FF48022184B04F014
S21401E5100704C3F8E0200122164BC3F88421FFF755
S21401E52067FE042C0BD14FF48002134B05F1F80063
S21401E5301B6F124B1A67D5F8941001F00FFD304689
S21401E5401CF03EF80020A8E7601E012898BF14467C
S21401E550A7E7E88F4344E31A48BFDB190838984217
S21401E560A8DC304696E72246B0E700BF00400054DC
S21401E5700060005400E100E0000002B8002002B88C
S21401E5801C540020144B10B51968CA8F8B8F488F06
S21401E59013440138073B8C69034023F007031C44EE
S21401E5A002F108030D4A9BB2CB87C2F88C304FF4B8
S21401E5B080220B4BC3F8E02001220A4BC3F88421CA
S21401E5C0A07800F00700042803D1074AD3681B038C
S21401E5D0FCD4064B1C6010BDF854002000400054CB
S21401E5E00060005400E100E0000002B81C54002066
S21401E5F010B5064C216839B1CB0703D4044B186813
S21401E600FFF72EFF0023236010BD00BF1C5400201F
S21401E610F85400204FF480320B4B0C49C3F8EC2021
S21401E620A3F50053C1F8E020D3F888109A6E0123B1
S21401E63002F0070206329340C1F30C01083B9942EF
S21401E64001D8FFF7D5BD7047006000540050005454
S21401E6502DE9F04780460C4616468769458F1BF024
S21401E660B4FFB8F83C2005F1FF3C02EA0C0323F0A6
S21401E6700701032C82463944B8F83E0019D1494CAB
S21401E68024689CB90244073A02EA0C0222F0070207
S21401E690BC183B44E31A48BF5B19834210DB504663
S21401E6A01BF08EFF00242046BDE8F08724F001040D
S21401E6B0EFE7012C02D0022CEBD108380C46E8E734
S21401E6C0002E3DD08C423FD1374AD2F8449036498D
S21401E6D0B8F81270D1F88820C2F30C02934247DAD8
S21401E6E02588B5F5804FDAD2A378C5F30C0503F07B
S21401E6F007037A1EA5EB09053A43052B337005EA95
S21401E70002052DD82DB2E84340F241420421C00F44
S21401E710FDF700FE7580E3783374D8F81C207B1E65
S21401E72003EA0903D118B160A9B213FA85F5AF421D
S21401E7302FBF0023FF1AB780F26024BFB180F360B9
S21401E74050461BF03DFFAEE7A4F10802974284BF96
S21401E750ED0802EBC502B2F80090C9F30C09B6E762
S21401E760124B5B6D003B18BF0123A5EBC305C9E740
S21401E7700B6C7A1EA3EB09033A431A400C4915B2F7
S21401E780002DCB680BDCC3F30363D81E4342434121
S21401E790DB0033708B6F72801B0A3374BDE708236E
S21401E7A0F7E700BF1C54002000400054004000B8AA
S21401E7B0000002B8054BA822D3F84C013121431CB6
S21401E7C00CBF0120C0F38070FDF7A4BD0080E00FF0
S21401E7D038B5094D0446286840F69702003818BF38
S21401E7E001202B21FDF796FDFA235C432B680A20B6
S21401E7F0B4FBF3F4604338BD50540020174B30B5DA
S21401E8001A68431C164B22D0B2F1407F1FD3154D18
S21401E81000F03F04D5F8002122F03F021443C3F86C
S21401E820C84001F03F042243C3F8D020D5F8043194
S21401E8300D4A1A400D4B03EA500003EA51011043FA
S21401E8401143074BC3F8CC00C3F8D41030BD0020E9
S21401E8500146C3F8C800C3F8D000F2E70080E00F15
S21401E860001F00B0000002B81FF087E1E0FFFF7F45
S21401E87073B5574E0446317819B91C225548FCF732
S21401E880D9FE2378544A6188137051804FF0FC6298
S21401E890524CFF21C4F8FC204FF47F02C4F8082133
S21401E8A04F4A022B4F4D117033D1042307224E4994
S21401E8B0C4F8FC23C5F8FC33C4F800114FF4C0714A
S21401E8C0C5F80011C4F8FC234FF48052C5F8FC3398
S21401E8D0C5F870214FF40052C4F87021C4F808310D
S21401E8E04FF4FF13C4F8FC304FF4BB13C5F8FC30EB
S21401E8F08023C4F8703148F2C8023C4BC3F8D820D4
S21401E9003B4B3C4A0020C3F8C02F0123337002B0B2
S21401E91070BD394A012BC4F80021384B27D14FF47A
S21401E920C072C5F80021D3F83802D3F83C12FFF7BD
S21401E93065FF0723C4F8FC330223C5F8FC334FF404
S21401E9408053C5F870314FF40053C4F87031042376
S21401E950C4F808310DEB0300ECF7F4F89DF8053028
S21401E960023B012B9CBF8023C5F87031C3E7244AC4
S21401E970C5F80021D3F83002D3F83412FFF73EFF72
S21401E9800723C4F8FC330123C5F8FC338023C4F8FD
S21401E99070314FF4805301A8C4F87031ECF7D2F807
S21401E9A09DF80530012B05D19DF8043053B948F286
S21401E9B05D1309E0FBD9023B012B9CBF4FF40053CA
S21401E9C0C5F8703148F25813084AC2F8D83097E7AC
S21401E9D0F7610020C41F00B01C6B0020002002B8A5
S21401E9E0966B0020001002B8C0F10F00001F00B0A7
S21401E9F0001000B024540020C0F70F000080E00F84
S21401EA00C0F60F00034B1A6802609B8883800020C3
S21401EA10704700BF1C6B002010B5044601F026F8B5
S21401EA200A4BD3F8F83724B983F40023C3F3C04064
S21401EA3010BD012C05D113F4C02F0CBF01200020FE
S21401EA40F6E7A31E58425841F2E700BF000002B89D
S21401EA506FF07F42154BD3F8FC37934208D0144A27
S21401EA6003F03F031370F123124A1370124A137016
S21401EA701249134B09781A68A9B1B2F1A06F12D3E3
S21401EA80D3F850120F4A104BB1F1FF3F18BF13468F
S21401EA900E4A136041F66A020D4B1B68B3FBF2F394
S21401EAA00C4A13607047084BF2E700BF000002B83B
S21401EAB0976B0020986B0020996B0020956B0020C7
S21401EAC00080E00F5082E00FF8740400205400200C
S21401EAD06C54002050540020012807D0022802D090
S21401EAE030B100207047034B18787047024BFBE7A4
S21401EAF0024BF9E7976B0020986B0020996B00207A
S21401EB000023F0B590F8304185B002462046CDE9A5
S21401EB100133CDF80B30FFF7DFFF92F82B30411EA3
S21401EB20C9B28B4228BF0B46002C3CD0012C38D1F1
S21401EB30042418464FF00F0C384E0DEB0405B0FBBD
S21401EB40FCF7F75D013CC01BC0B2814238BF002014
S21401EB506055002CF3D105240F278DF80830B3FB40
S21401EB60F7F0305C0344DBB28B4228BF0B462B55D3
S21401EB7001340B2CF3D10F2602F1A800D43215F87C
S21401EB80013BB3FBF6F14C1CC1EB01115B1A0133DF
S21401EB90DBB2E4B21B0443EA045340F8043F82426A
S21401EBA0EDD105B0F0BD042418464FF00F0C1C4FF4
S21401EBB00DEB0406B0FBFCF5EDB27D5D013C401BA0
S21401EBC0C0B2814238BF0020A055002CF2D10524E6
S21401EBD00F258DF80830B3FBF5F0385C0344DBB243
S21401EBE08B4228BF0B46335501340B2CF3D10F252E
S21401EBF002F1A804D43216F8013BB3FBF5F1481C28
S21401EC00C1EB01115B1A0133DBB2C0B21B0443EA4C
S21401EC10005344F8043FA242EDD1C2E7F174040068
S21401EC20E474040038B5284B05461A7827490C2A9F
S21401EC3002D1FF20087038BD104617F0CBFA044603
S21401EC401046FFF749FFA84228BF2846C0B2A04297
S21401EC5038BF20460B78C0B28342ECD0087088B12A
S21401EC60431EDBB2022A1A490ED14FF0FC62C1F8EC
S21401EC70FC20A1F50051D1F8FC2042EA4353C1F82B
S21401EC80FC30D8E70346EDE7124A134C1268AC3263
S21401EC90C4F8C02F4FF47F02C1F808210F49CA6F8C
S21401ECA0D202C8D40F22B3FBF2F2551CC2EB0212F9
S21401ECB09B1A0133D1F808411B0443EA0553234349
S21401ECC0C1F80831B7E700BF1C6B0020966B002027
S21401ECD0002002B8F8540020001000B0000002B86E
S21401ECE02DE9F04F90F830510646D0F8A82087B0AD
S21401ECF035BB1F2A38BF1F22093A4C24844B85484E
S21401ED001B6A96F82B10C3F38213DC400368DFF806
S21401ED102CA29342DFF828827F4B04F0010414D121
S21401ED201F78A74211D19AF80070AF420DD17B4FE0
S21401ED303F788F4209D1B8F8040007B0BDE8F08FDC
S21401ED40032A38BF0322023AD7E7026098F8000088
S21401ED501C70FFF7C1FEFF2924D1284617F03AFAA6
S21401ED6007466F493CB3D6F8E4702FB13B68082BD1
S21401ED7040F2CB8097F838701DBB0B6840F27121CA
S21401ED80B3FBF1F353431922B3FBF2F339462A4698
S21401ED9005A8059317F0F4F902023C04059842F021
S21401EDA0110988E0471E8F4228BF0F46012F38BF42
S21401EDB00127FFB2D5E7012D29D0022D01D0B5B329
S21401EDC027460B6840F27121B3FBF1F35343192236
S21401EDD0B3FBF2F33946012207EB072405A8059396
S21401EDE007EB042417F0CCF97F00032F38BF032765
S21401EDF0020242EA001242EA0009033F00F01F0045
S21401EE0007FA00F0FFF7E4FC00F5FA6758E00F2375
S21401EE10B7FBF3F3581CC3EB0313FB1A0133DBB246
S21401EE20C0B21B0443EA0053C3F30747C9E70C68A3
S21401EE3040F27121B4FBF1F40F2354431922B7FBBE
S21401EE40F3F3B4FBF2F43748374A0068A2FB041226
S21401EE50013350FA83F313F8013C0392A3F1400106
S21401EE602A4603A8019317F08BF9039F2F4AE41B48
S21401EE70A2FB041200903021049204A82A4617F03F
S21401EE807FF9DDF810B08146A4EB0B04012205944E
S21401EE90102144F2100405A817F072F9009B1A021B
S21401EEA0019B42EA091244EA0344059B42EA00092F
S21401EEB007EB0B001844FFF78BFC00F50C572837BF
S21401EEC040F6FF711A4B3846C3F8C010A3F58053BD
S21401EED0C3F8C090A3F58053C3F8C440154C27600F
S21401EEE001F0B0FC4FF47A72134B404298652368E8
S21401EEF00A49B3FBF2F3A8F8043096F82B30B7FBB7
S21401EF00F2F08AF800500B7017E7002734E700BFCD
S21401EF10004001B898680020F8610020936B00203B
S21401EF206C5400202054002069C2F568911E856B40
S21401EF30006001B854540020001F00B0946B0020FC
S21401EF401C6B0020014B1870704700BF956B0020AA
S21401EF5010B5044603F012F878B1174B1B786BB95D
S21401EF6064B1164B1B784BB1154B1B78013B012B3B
S21401EF7004D84FF40042134BDA6710BD124BDB6F17
S21401EF801B04FAD41BF021FB4FF400420F4B04463E
S21401EF90DA67A3F5A0435B682BB1FEF741FF10B11A
S21401EFA0022017F028F90222094B2046BDE810403E
S21401EFB0C3F884241BF004BBF9610020FA61002029
S21401EFC058540020002002B8000002B8001002B811
S21401EFD000D003500122024B00201A70FFF7B8BF81
S21401EFE0F96100200022024B01201A70FFF7B0BF22
S21401EFF0F9610020F7B50646504C00F037FD504B3E
S21401F0002578504F1E7085BB2846FFF7A1FF237851
S21401F010013B012B19D8E37B01A88DF80430237C32
S21401F0208DF80530E8F7AEFFC7F884544FF6FF7247
S21401F030454BC3F88420F822A3F58053C3F88420F7
S21401F0400022404BC3F884240DE04FF6FF723E4B7E
S21401F050C7F88454C3F88420F822A3F58053C3F874
S21401F0608420C7F88454394B5BE00020FFF770FF1B
S21401F0702378013B012B08D8E37B01A88DF80430E7
S21401F080237C8DF80530E8F77DFF0023C7F884342C
S21401F090002ECBD062685AB32D4B1B6803EB52038C
S21401F0A0B3FBF2F3013B1B0243F0F8032678264933
S21401F0B0022E284A1ED0032E4FF6FF75214826D071
S21401F0C0012E34D143F00203C1F88450C2F88430D3
S21401F0D00723C0F88434E37B01A88DF80430237C31
S21401F0E08DF80530E8F722FF0120FFF731FF17E022
S21401F0F0F823DBE74FF6FF7043F00103C1F8840005
S21401F100C2F8843006220F4BC3F88424E3E743F0A9
S21401F1100503C1F88450C2F884300423C0F884344F
S21401F1200D4B4FF080420020DA6703B0F0BDC1F806
S21401F1308450C2F884300023F0E700BF5854002002
S21401F140FA61002000C00350006000B8002002B839
S21401F1506C540020005000B8001002B8F0B5294FDA
S21401F16006463D4604460FCE0FC5336885B02B6074
S21401F17000F07CFC0022244BC3F88424A17A627A36
S21401F18042EA0142C3F89024217CE27B42EA014232
S21401F190C3F88C24217B627B41EA0240C3F88804D1
S21401F1A03B78032B2AD8DFE803F022020C178DF8F0
S21401F1B0041004218DF805200DEB01000022E8F76C
S21401F1C081FEE37B00228DF80830237C042102A80F
S21401F1D08DF80930E8F776FE637A01228DF80C3057
S21401F1E0A37A042103A88DF80D30E8F76BFE074BD0
S21401F1F0187805B0BDE8F040FFF7FCBE212005B049
S21401F200F0BD00BF5854002000C00350FA61002032
S21401F210034BDB6F002BBCBF024BC3F88800704763
S21401F220000002B8004000B82DE9F04717F047F893
S21401F2304FF47A762D4BB0FBF6F618604FF4FA735E
S21401F240734307462A48190E1B021818294A4FF01D
S21401F250000341F10001FBF781FE274BA0F5807208
S21401F26005461A6320B948222B21FDF753F80125DC
S21401F2704FF47A724FF0000A6A435346500831023F
S21401F280FBF76CFE1C4B1D4AB7F57A7F9A601C4B48
S21401F2904FEA056819601B4B8946044618604FEA19
S21401F2A0152505D29B222B215046FDF733F8012662
S21401F2B04FF47A73A8FB030103FB05117308C0180A
S21401F2C041F1000100233246FBF748FE0E4B0234A3
S21401F2D019600E4B49F10009A408186044EA8974C4
S21401F2E0054B013C9C63BDE8F08700BF6C540020D1
S21401F2F020A1070040420F0000C001B80211010022
S21401F3007C5400207854002074540020705400204F
S21401F3101022044BC3F884215A600122024BDA60A2
S21401F320704700BF00E100E000C001B81022064BA4
S21401F330C3F88421C3F88420BFF34F8FBFF36F8FC8
S21401F3400422024BDA60704700E100E000C001B819
S21401F35010B50446A242A2EB0000A3EB010104D2C1
S21401F360034B01399B6B0133184401F0030110BDB7
S21401F37000C001B838B501250A4B02019D504FF473
S21401F38080730446084A834053661BF01EF9074AF9
S21401F390A540137823EA05031370BDE838401BF037
S21401F3A00FB900BF00E101B800E001B80362002018
S21401F3B02DE9F84F164605468A461F461BF005F905
S21401F3C0022E00F0908080461BF00CF9594B5A4AE9
S21401F3D0D3F82090147D5A6EE4B2520744BFD3F896
S21401F3E02090013404F003041BF0F7F84846214648
S21401F3F000F036FA8446DAF80000012E04BF013028
S21401F4006044ACEB000C08BFCAF80000BCF1804FAA
S21401F4107DD300F037FA8145A1EB040188BF454B47
S21401F420DFF834C188BF01F1FF3101F0030188BF65
S21401F4309B6BA0EB090E0CF80510A1B1F90742BFB2
S21401F44041F61F723D4B5A67BA0742BF3B4B3C4AD7
S21401F4505A677B0742BF0022364B9A673C0742BF7A
S21401F4600022344B9A6511244FF0010A314B05F105
S21401F4701002120103EB051BCBF80C0131499C501D
S21401F4801A6A0AFA05F4586E0B78A2EB0902E4B27E
S21401F490234372450B7025D34FF48073AB40034270
S21401F4A020D11CF80520002A40D10EB3264AF807C1
S21401F4B0536607D541F61F7140F201101F4B59677D
S21401F4C050675967B90706D51C4B1D4A1E491F4888
S21401F4D05A6748675A677A0742BF01221C4B1A616E
S21401F4E03B071AD440461BF06BF80120BDE8F88FA5
S21401F4F0184A2D0142F805A042F89C3C1BF065F81D
S21401F50010490B7823EA04030B701BF059F84046A8
S21401F5101BF056F80020BDE8F88F2120FFF778FE93
S21401F5204FF48032034B4046DA60DCE7064A404639
S21401F5305366D8E700C001B8DC54002000E001B8EB
S21401F54000001F1F0362002000D001B80000010167
S21401F550000002B800E101B8FB610020024B1878F8
S21401F560003818BF0120704703620020034B10309B
S21401F5700001185800F00100704700BF00C001B834
S21401F58070B50646FEF74CFC044608B1FFF7CEFE02
S21401F5900023084D3046AB61EB612B6200F072F937
S21401F5A0054BC9B2197528620CB1FFF7B1FE0020F0
S21401F5B070BD00BF00C001B8DC5400202DE9F04149
S21401F5C09DF818800D46B8F1000F08BF0022214EA5
S21401F5D0B5F5803FB168074621F4700141F4A001FA
S21401F5E0B1609DF820409DF81C104FEA042444EABF
S21401F5F0016444EA031444EA084444EA02044FF06E
S21401F600180140F2E9222CBF002001207465FCF7A6
S21401F61081FE3564B8F1000F1AD00F4BBC68D3F8E1
S21401F62088305A2C38BF5A245B0606D500F0F0FB0A
S21401F63018B10A4BB3FBF0F31C44204600F022F944
S21401F6400130854238BF0022024B34BF5A645864E9
S21401F650BDE8F08100C001B800C000B800093D0057
S21401F660214B10B51A6E1A66596C59B11F49C968F3
S21401F67000292EDB596D4FF0FF3301F00F018B404F
S21401F6809A4326D110242020FFF7C2FD184B9C6018
S21401F69002F088FB2022174BC3F8842101F0F4FC0A
S21401F6A048B1002200200821FEF71CF8124B5C66C8
S21401F6B0A3F580531C670D4AD36803F07063B3F15A
S21401F6C0807FF9D9084B0D4A5A6741F201429A6781
S21401F6D010BD01F0D9FC0028F4D0094B064A536648
S21401F6E0A2F580521367EDE700C001B8000002B82A
S21401F6F0001002B800E100E000E001B8011B0118AB
S21401F7001000002008B52120FFF782FD4FF480325B
S21401F710014BDA6008BD00BF00C001B8F8B5184D4E
S21401F72004462B6A1B0426D500F0E6FB2B6AA0FBD9
S21401F730044613F0787F4FEA9367C3F34450C3F34C
S21401F740044505D140F25A422B21FCF7E3FD012086
S21401F750AD01B5FBF0F010EB871005D140F25F422A
S21401F7602B21FCF7D7FD0120024600232046314617
S21401F770FBF7F4FBF8BD00F04BFBA0FB0401F9E737
S21401F78000C000B80246012030B50B4CA0F12003A2
S21401F790C0F1200524FA05F504FA03F32B4304FA15
S21401F7A000F595428B4100D330BD0F2801D00130C2
S21401F7B0ECE7FF20F8E700BF40420F0010B50C460B
S21401F7C0FFF7ACFFC30943EA4163C01A61EBD111ED
S21401F7D0FFF7D8FFFF2814D00F220C4B40F0100083
S21401F7E0C3F88820A3F58053C3F88800A3F5805397
S21401F7F01B6ADBB2802B06D02046BDE8104000F025
S21401F80067BB212010BD0220FCE700BF00E000B866
S21401F81038B51AF0E7FE084B084A1D6A147D5A6E81
S21401F820E4B2520744BF1D6A01341AF0D6FE2846D8
S21401F83004F0030138BD00BF00C001B8DC5400204D
S21401F8400346064A103302EB00111B01D1F80C01E6
S21401F850D158C1F3400116F0D9BC00BF00C001B8B1
S21401F860064B1B68434303EB8171054B1B68A3FBE7
S21401F870003013F1004341EB000070477454002040
S21401F880705400200C4A20F04043014610B5002079
S21401F89014684FF00042E4FB0320084A890F1268FF
S21401F8A002FB0300064B9B6B984204D901330131DE
S21401F8B0C01A01F0030110BD785400207C540020CA
S21401F8C000C001B8044B01F0F071103041F00301A3
S21401F8D000011950704700BF00C001B808B52220CA
S21401F8E0FFF796FC4FF48022014BDA6008BD00BF9B
S21401F8F000C001B808B5064B4FF030401A680549FC
S21401F9009200FCF727F8BDE8084001F0E3B800BF15
S21401F910347504003875040070B50C68651C15D084
S21401F920C4F302669E42C4F3074530D1A4B29442A2
S21401F9302DD804EB8506B24229D2141BA50824F063
S21401F94003040E59340F04D0012C08D000222124C0
S21401F95002E06B1C51F82320C0E9002470BD0E4C58
S21401F96034F8133042EA03431A686B1C51F82340FB
S21401F97001EB83014B6822405E4036F0704404D1AF
S21401F9801B0F032B04BF8B681A430024E4E70135E1
S21401F99001EB8501C1E700BF0C75040007B501A89E
S21401F9A0EBF7D0F84822164B5A65164AD2F8D430EF
S21401F9B023F4FC33C2F8D430134B1B689DF8053092
S21401F9C0023B012B19D84022104BC3F8FC23104BE5
S21401F9D0D3F85C32DBB2FF2B00D10623094A1B03A6
S21401F9E0D2F8FC139BB20B43C2F8FC33D2F8302199
S21401F9F0084B1A6003B05DF804FB00F0E7FEECE785
S21401FA00008001B8000002B8002000B0001002B863
S21401FA100080E00F1054002000224FF400710F4BBD
S21401FA2010B51A675A679A670D4AD162012102F525
S21401FA30E8325161DA6812F0706FFBD14FF0304254
S21401FA4001245A6602F5FC5208329C66DA64054BBC
S21401FA501B689847044B5C6110BD00BF000002B8EC
S21401FA60004000B89C680020002002B801230F4A1D
S21401FA700F49C2F880328A6A22F002028A620D4A6F
S21401FA8053600D4A53600D4A5360A2F5804253609D
S21401FA90A2F54042536002F5C032536002F580423F
S21401FAA05360A2F500425360704700BF00800050CB
S21401FAB000C0005000D000B800500054005001B8FB
S21401FAC008B5FFF7D3FF0E4B0E4ADA6700F076FE55
S21401FAD0FFF764FF03220C4BC3F8E020012203F575
S21401FAE04043DA674FF460725A614FF40072DA6786
S21401FAF0FEF778FBBDE808400021FEF74FBB00BFCC
S21401FB00000002B80048F000005001B82DE9F04F9F
S21401FB10054687B002900F4657F8044B631C06D182
S21401FB20029B2C60E81A801007B0BDE8F08F5FEAF0
S21401FB30147B18BF0123344AC4F3016108BFC4F320
S21401FB40074332F81120A4B24FEAC30A2F4844EA09
S21401FB5002440AF104022A4482421BD20722CA4006
S21401FB6002F0010201929A0004EB8303039301233E
S21401FB70B94603FA0BF808F0940305F10806049257
S21401FB800593039B09F10409A34208D1049955443E
S21401FB903944C0E71D4A9542E0D80020C4E7059BDA
S21401FBA053B918F0420F19D118F0280F0BD146F8A7
S21401FBB0084C59F8042C21E04FF420623221002031
S21401FBC0FCF7A8FBF3E740F6042232210198FCF784
S21401FBD0A1FB04F5805246F8082CEAE740F60D2210
S21401FBE032210198FCF796FB04F50052BBF1010F98
S21401FBF046F8082CDDD159F8042CD24346F8042CDB
S21401FC0004340836BDE700BF0C750400003000B0B0
S21401FC10F8B50546F0B10026154B34461F46154982
S21401FC2053F8042BBAB9A00000F13040294600F57C
S21401FC300150FFF76BFF30B940F6AE323621BDE812
S21401FC40F840FCF767BB0C4B0134044447F82650D8
S21401FC5023F81640F8BDAA42FCD001360C2E02D07D
S21401FC6031F81640DCE740F6C83236210020E6E7D8
S21401FC7080540020CA5A0020CC5A002070B5044691
S21401FC80A8B1C1B1384A52F8043B984215D10023B5
S21401FC9036498A689206FCD49B00354A03F1304304
S21401FCA003F50153C2F8B0302022324B9A6070BD82
S21401FCB001330C2B02D1304D12E0012352F8041B04
S21401FCC0A142F5D12D4A32F81330E1E704D162683A
S21401FCD0C3E90012083403E0012A01D10434196093
S21401FCE02268531CE3D0C2F3016335F81300110CEC
S21401FCF093B211F0FE0F43EA004360680DD004345E
S21401FD00CAB2022A2168E1D9D4E90160033AC3E9FB
S21401FD10001698600C340C33F3E7120F072AD9D873
S21401FD20DFE802F00704090D1013181DC04303F5A0
S21401FD3000531860CEE71A6842401A60CAE703F516
S21401FD408053F6E716F057FAC4E7012203F580530D
S21401FD508240F2E7012203F500538240EDE71A687C
S21401FD6030EA0202FBD1B5E780540020000002B859
S21401FD70001E00B0001002B80C750400CA5A00201C
S21401FD800122014BDA677047001002B80122014BCD
S21401FD90DA677047002002B84022014BDA677047E5
S21401FDA0002002B84022014BDA677047001002B803
S21401FDB00B4B1B68D3F8E43023B11A68022A01D929
S21401FDC0186A7047074B9A6D90B238B1064BC2F36A
S21401FDD007421B68DB085343B3FBF0F0704700BFD4
S21401FDE0F8540020004001B86C540020064BDB6834
S21401FDF0C3F30363984206D1044AD36B23F0F0039E
S21401FE0043EA0111D1637047000002B8001F00B039
S21401FE10054B1B68D3F8E43013B11A680A2A01D8D7
S21401FE20FFF7C6BF186C7047F85400202DE9F7435A
S21401FE30064616F0D9F900248046DFF890901AF0AD
S21401FE40C4FB0DF1070105460DF10600FEF75AF851
S21401FE509DF806308BB9721C29D016F0C5F9A0EBB7
S21401FE60080428461AF0ACFB9DF8063013B99DF835
S21401FE7007303BB3A642E2D824E0D9F80C3013F49D
S21401FE80603FE8D0D9F8100016F01BFA731C07463D
S21401FE9003D016F0A9F9A0EB080428461AF090FB47
S21401FEA017F5007FE0D0384603B0BDE8F08328465A
S21401FEB01AF086FB9DF80630002BC0D19DF807305E
S21401FEC0002BBCD1004FEEE700FEFFFF00C000B8DC
S21401FED010F1800F04D04D28CEBF7F20323040B2C3
S21401FEE0FF22044BC0B21A62A3F5805318620020A9
S21401FEF0704700BF00E000B80B4A10B5136E0B4CFC
S21401FF00116E03F00703E35CC1F3CD0101FB03337C
S21401FF10126E0748C2F3454202FB033300688001B4
S21401FF20B0FBF3F010BD00BF004001B8047504003B
S21401FF306C540020084910B5D1F89C3040B11C46DD
S21401FF40CA68D1F89C309C42F9D1C2F303620270B0
S21401FF5003F00F0010BD00BF000002B8094B01F00E
S21401FF6080011B6F03F480030B4309D14FF4001289
S21401FF70054B1A62837F1BB10122044BC3F8002193
S21401FF80704700BF000002B8006001B8005001B819
S21401FF902DE9F04F404F804685B038680C4615F085
S21401FFA02AFE20B90024204605B0BDE8F08F22467F
S21401FFB000214046FBF73EFB384B5D6915F0010515
S21401FFC0F0D1FCF701F806460028EBD03F6838462A
S21401FFD015F049FD4FF6FF73984234D04FF060514B
S21401FFE02F4E304B304AD3F82090D6F88C30116221
S21401FFF04FF00061A2F58052116224220421C6F856
S2140200008C202A4A4FF4804B91604FF4805200278E
S214020010DFF8A4A0CAF868B0F262A7421ED3042191
S214020020234A9160A2F5F032C2F88C304FF060524B
S2140200301D4B1A6209EA02031E4A13624FF48042FB
S2140200401D4B9A66AFE73146384615F0B0FC0146BE
S2140200503846FCF7FDF80028C0D0A3E7B26E51047C
S214020060FCD5B268D205F9D5CAF868B0D6F89020A1
S2140200700135012D0392D0D9E21B042AA8BF04221F
S21402008008EB070003A901930092FBF763FC009AB2
S214020090019B3A4497B2C0E7F8540020000002B829
S2140200A0004000B8004001B8006001B8001002B875
S2140200B0002002B8005001B8006000B84FF60401F4
S2140200C04FF60502044B01201B6C9BB28B4208BF05
S2140200D01346024A136670470080E00F00C001B85C
S2140200E02DE9F74F81460F464FF0FF35FFF790FB9D
S2140200F0002601908A462C463046DFF8D8B006F134
S21402010010031B015BF8033003F00308B8F1010F7C
S21402011015D13046FFF794FB02460B46019851462E
S214020120FFF716F9DBF8643006F10802D340DB0766
S21402013039D5002F40D000252C463E604046013679
S214020140082EDCD160B3234A0027D2F808C0916B90
S2140201500CF440330131A4FB0141641941F1000162
S214020160B3F5003F30D1536B0CF4405C013347F1DA
S2140201700006BCF5805F22D1156B15F5807505FB70
S21402018006F647F1000203FB0266A5FB0332324481
S214020190594304FB0212A3FB04341444C9E9003495
S2140201A003B0BDE8F08FA84271EB0403C6D207B1D4
S2140201B03E6005460C46C1E73D463C46BEE7320277
S2140201C042EA13621B02E3E7136B13F5807347F1EF
S2140201D00002DDE700C001B808B516F086F8044B49
S2140201E05A7C012302329340024A536108BD00BF83
S2140201F0DC540020002000582DE9F34105460F4646
S21402020068461146FFF76CFF0646B0B1AFB1DDE9AE
S21402021000321B0A43EA0263A5FB0384094B120A57
S21402022005FB02441A6812B916F049F80246002382
S21402023040462146FAF792FE3860304602B0BDE8E4
S214020240F08100BF6C54002037B50446FFF70EFC61
S214020250E17822791B4841EA0243C0F8CC34E579BA
S214020260A37943EA0543C0F8D03423784BB18DF81E
S214020270041004218DF805200DEB01000022E7F79B
S21402028021FE63785BB10421A37900228DF8043045
S214020290E3790DEB01008DF80530E7F713FE2278BF
S2140202A001235AB1084AC2F8C834627802233AB126
S2140202B0054A0020C2F8C83403B030BD034AF2E74C
S2140202C0024AF6E700C0035000D0035000E0035095
S2140202D070B52C4B0C461A7812B92B4A926D1A70CE
S2140202E02A4AD26F52054AD51D78294B05F00F06C9
S2140202F0B0FBF3F040434FEA151505D140F27C629D
S2140203002B21FCF707F80120224A0A217243B2FB8E
S214020310F0F34843B3FBF1F602EB5002B2FBF0F205
S21402032001FB1633042BD2B207D8C3EB8310C3EB00
S21402033080035BB283B96DB217E0C3F10B0303EB24
S2140203408303DBB2B3FBF1F32B44DDB20F2DF2D9FC
S214020350013AD2B2053DEEE7053B5BB293FBF1F301
S2140203601D44EBB26DB2002D04DB002042EA0512FA
S214020370226070BD01320533D2B25DB2F5E70220CB
S214020380F7E700BF04620020008001B8000002B850
S214020390403B2500809698004FF0000C2DE9F84F60
S2140203A0A2FB017BC84EDFF85CE3BE1999466BF1EF
S2140203B00003B6457CEB030308D240F23E220E2130
S2140203C06046FBF7A7FF0220BDE8F88FD0F8E4A04E
S2140203D00C461546BAF1000F04D0DAF80030032BAB
S2140203E000F21B81B94BBA4A9B6BD2F8FCA0C3F34E
S2140203F01408B84BD3F8EC305E00B64B48BF48F44E
S21402040000181B6E48EA456858074EBF4FF4400373
S2140204109B0503F0E07348EA030818F055FA012D2D
S2140204200646D0D10028CED0AB4B984200F00481CD
S21402043003F5122303F5F863984200F00381A74BF5
S214020440984200F02F81002502462B4600204FF0EE
S2140204500071FAF783FD2B46013007FB03F3C8F35E
S214020460130100FB0B33A1FB0662A7FB007001FB26
S2140204700522034420339B09C9F80030F60C984B3A
S21402048046EA423618F4801F1C6008BF7642954B37
S214020490954DC9F8144034441E602C60BAF1000F22
S2140204A000F0B98000239149C8F381528A5C19464C
S2140204B018F0807F18BF6408002EB8BF76429206F6
S2140204C06008C2FB06012246FAF748FDDAF8003059
S2140204D00E2B08D97F4B7D4A926BD969D3F80C3123
S2140204E0C90600F1D68018F4001814BFC42240F2E0
S2140204F007127F49C0F31300A1FB04614FEA5111B2
S21402050002FB01F1C9F80400DAF818004FF4FA7396
S214020510B1FBF0F118BF4FF0000801FB03F3A4FB98
S2140205200262FA33A3FB003004FB0822B342904176
S21402053038BF0131C9B241F4006CC9F808C00029BD
S2140205407ED0DAF81C00A1FB003624B1B4FA84F29D
S2140205500E2A40F38880E203002E77D1B2FBF3F234
S214020560530003FB0113A3FB00764FEA044EBE457D
S2140205704FEA144474EB060609D34E003344A0FB3C
S2140205800371BE4574EB010102F10102F6D2C2F319
S2140205900E024CEA023C4CF00063C9F8083018F030
S2140205A093F92B68002B00F08880B3FA83F4D4F119
S2140205B002044CBF1C4623FA04F44E4B9C4288BFEE
S2140205C06408002846D0B4FBF0F3642100FB134213
S2140205D001FB02F2904244D85A1E52085B08013BC5
S2140205E0120242EA0313C9F80C3018F039F900284F
S2140205F05CD0B4FBF0F2642100FB124401FB04F46D
S214020600A0425ED8531E5B085208013A1B0243EA18
S2140206100213C9F810300020D6E6042BDAF8288038
S2140206207FF4FBAE18F0807F0CBF08F0E0734FF447
S214020630400328F0E078EEE600232F481D460CE73C
S2140206402120C1E600232D481D4606E70B46002260
S21402065089E7044640F2C2422B210020FBF75AFEED
S2140206602346013BB8E7C2F10F0702F1110E06FA64
S2140206700EFEFB4043EA0E03A7F1200E26FA0EFEFC
S21402068043EA0E03FE40013304FA02F246F1000684
S21402069062E702F4801203F400131A4308BFC0F59F
S2140206A0801020E7002316481D46D6E640F2E542B3
S2140206B02B21FBF72FFE621EA4E70028C9D01C469A
S2140206C0CFE71446F7E700BF006CCA88008001B87F
S2140206D0001F00B0004001B800F04902005A620252
S2140206E0B8540020B4540020B05400201C750400F6
S2140206F0D34D62103FBE40250A3BB2DF313641DCA5
S214020700D694BFD6807C814A10B50B46044686B086
S21402071039B98279016821486B460068FFF73CFECA
S2140207206B461F4A196851631E4AD2F8FC2062B310
S2140207305A6842B11C4A1D49C2F80C115968A2F502
S2140207408052C2F80C119A6842B1174A1849C2F888
S214020750EC109968A2F58052C2F8EC101549D868D8
S214020760D1F8642122F4EE620243C1F86421D1F882
S2140207705C21186922F4EE620243C1F85C21A1F5FD
S214020780FF4158692839FFF7A3FD0020A2880A4BCB
S2140207909A6203F5A033186406B010BDF854002020
S2140207A0008001B8001F00B0006001B8FFFF0F0014
S2140207B0FFF8FF0F000002B8004000B84FF4806256
S2140207C0014BDA67704700BF001002B84FF4806230
S2140207D0034BDA67034B1B780BB1034A93657047EA
S2140207E0002002B804620020008001B840B103680D
S2140207F0012B05D90069034B002808BF184670472D
S214020800004870472475040010B590B10468012CA6
S2140208100FD902696AB11168094B102C1960516828
S2140208205960916888BFD268996094BFD960DA60CF
S21402083010BD102200210248FAF7FCFEF8E700BFBE
S214020840C0540020084BC1171A68A2FB000302FB23
S214020850013310F1807043F10003400E40EAC310EA
S214020860803820EAE0707047D05400200722164BEA
S21402087070B5DA66154B164A1D68164BEC08E0058D
S214020880C0184FEA153141F100010023FAF766FB62
S214020890114B124E18604EF66020FFF7D3FF40420F
S2140208A0C6F884000E48FEF7EDFF024658B1E30193
S2140208B0500818184FEA15714FF0000341F1000175
S2140208C0FAF74CFBF06570BD000002B86C540020CD
S2140208D065CD1D00B2E60E00D0540020001F00B009
S2140208E040420F0010B5044698B10B4BD3F8FC00FB
S2140208F0FFF78AFF4FF47A7303FB04F0074BA0F668
S214020900AC50DA689B681044C01ABDE81040FFF786
S21402091099BF4EF66020F8E7001F00B0C0540020D2
S2140209202DE9F8430546084614461E46FFF76CFFB7
S2140209300DB306F0020716F004061ED1DFB14FF41F
S2140209407A706B685843002B40F08C80FFF77AFF72
S21402095060626B69002B00F08C804B4AD0684FF4C3
S2140209607A7202FB0300A0F503501038FFF76AFF05
S2140209702062002E57D1BDE8F8832869002868D087
S2140209804FF47A735843404BA0F6AC509B68C01A9B
S214020990FFF758FFE061A88B00285DD04FF47A730A
S2140209A05843394BA0F6AC509B68C01AFFF74AFF73
S2140209B02061364BE968D3F8008000294FD04FF407
S2140209C07A735943304BA1F6AC519A685B68891A20
S2140209D0C91A2F4BC8171A68DFF8BC90A2FB01137E
S2140209E002FB003311F1807143F10003490E41EA24
S2140209F0C3118039274B6161DB6EA361D9F80030E1
S214020A0053B1404615F0F1FA30B12246D9F800301B
S214020A101D49D8F8D80098470021A869FFF762FF59
S214020A20A062002F8BD1A86830BB47F23050FFF788
S214020A3009FFA0604FF47A702B6858432BB1124B13
S214020A401B6803F51C5310331844FFF7FBFEE060E7
S214020A5091E74EF660209BE74EF66020A6E74EF63C
S214020A606021B6E7084B1B6803F51C531033184485
S214020A706CE747F2305079E74FF47A735843A0F5A3
S214020A8003501038D3E700BFC0540020F8540020AB
S214020A90D0540020001F00B0BC54002038B50546D4
S214020AA008461C4615F0C3FB0246D5F8E400FFF7DD
S214020AB09DFE4368A018002B044AA8BF4FF4FA72A2
S214020AC01A44034B92FBF3F2104438BD0CFEFFFFB0
S214020AD018FCFFFF70B5124C88B001AD0FCC0FC5E5
S214020AE094E8070085E807008C2200210D48FAF7F3
S214020AF0A1FDD42200210C48FAF79CFD0B4B0C4AB0
S214020B005A6301F04DFA0B4B1B783BB1044E01AD14
S214020B100FCD0FC695E8070084E8070008B070BD41
S214020B20C41F00B0A01E00B02C1F00B0001F00B0F3
S214020B3010111111F761002008B519F046FD0E4B91
S214020B401A78A2B90D4A126812F4843F0FD10C4AE1
S214020B501021D1671B7863B9084B1B68DB0508D4E4
S214020B60074B2022DA67BDE8084019F029BD054A7E
S214020B70EEE7044BF5E700BF0A620020A01500204E
S214020B80002002B8001002B80A4B197801F0FF02E2
S214020B9029B10021197008499202C1F8B420597887
S214020BA001F0FF0229B1002159709302024AC2F8ED
S214020BB0B830704705620020005000B8064BD3F8E4
S214020BC0D80E064B5B6F1A0103D4054B9B6E1B04B3
S214020BD001D500F580707047001000B0000002B822
S214020BE0004000B810B519F0F0FC0E2104460320B0
S214020BF0FFF7FCF840F20122034B2046BDE8104006
S214020C00DA6219F0DDBC00BF004000B808B519F082
S214020C10DCFC4FF00042224BC3F88020BFF34F8F1C
S214020C20BFF36F8F0122C3F88420BFF34F8FBFF349
S214020C306F8F0222C3F88420BFF34F8FBFF36F8FEC
S214020C400422C3F88420BFF34F8FBFF36F8F0822AE
S214020C50C3F88420BFF34F8FBFF36F8F1022C3F801
S214020C608420BFF34F8FBFF36F8F2022C3F88420F8
S214020C70BFF34F8FBFF36F8F4022C3F88420BFF3BA
S214020C804F8FBFF36F8F4FF48072C3F88420BFF389
S214020C904F8FBFF36F8FBDE8084019F091BC00BFBD
S214020CA000E100E008B519F090FC4FF00042094B55
S214020CB01A6001225A6004225A6008225A601022E0
S214020CC05A6020225A6040225A60BDE8084019F055
S214020CD077BC00BF00E100E0012370B5074C23702B
S214020CE0074B1E68074B3240D3E900531940284091
S214020CF0FCF7F8FC0023237070BD00BF08620020DA
S214020D00D8540020A01500200022044B1A70044B71
S214020D10197811B11A70FFF70FBF704709620020E9
S214020D200A6200202DE9F047DDF820A003EA010858
S214020D30099B06460C4602EA000703EA0A09BAF1CC
S214020D40000F40F04E81031F0B4300F00E81052872
S214020D5071F1000380F0E48050EA010300F0608144
S214020D60431E0B4300F02481FFF750FFAD4AD2E941
S214020D70005323EA040325EA06053D4343EA08072F
S214020D80A94BC2E900571E68DFF8F48226EA0A0673
S214020D9046EA09061E60FFF7CFFE15F02A4F14BF7B
S214020DA048F202034FF40043A04AB007D26EA048AE
S214020DB048BF43F4005383EA020122EA0302C266F2
S214020DC09C4A0B408166D366C5F380421203290310
S214020DD048BF42F48072EB0648BF42F40052964B7C
S214020DE0AC0648BF42F400726806D3F80C3248BF1D
S214020DF042F48062290648BF42F400628F4882EAC3
S214020E00030123EA0203C0F80C328D4B0A40C7F3F3
S214020E104024A404C0F80812C3F80C22EA0448BF0F
S214020E2044F48034AB0348BF44F48014A80748BF98
S214020E3044F4800415F4001F06D0D8F8000015F01C
S214020E402AFB08B944F40024E90248BF44F40034FB
S214020E50FA0648BF44F4000473077A4B48BF44F0CE
S214020E6004041A6A44F4001484EA020323F0010319
S214020E7075491A400A621C40CB61744B16F0010F8A
S214020E801C62734B734A18BF1A46734B7C071B6F60
S214020E9048BF42F00062714882EA030123EA020375
S214020EA003676F4B0A4041661A676E4A05F00103F4
S214020EB0516CA0F5803081EA030221EA0301416405
S214020EC082631A40684B28025A64D8F8002048BF4A
S214020ED0664B92F8F62058BF654B690748BF43F445
S214020EE0806322B115F4C06F18BF43F480733207D3
S214020EF0604A48BF43F00043D2F8EC105E4883EAEB
S214020F00010222F4A0221140C0F8EC101340C0F8EF
S214020F10E0205A4ABDE8F047C2F8EC30FFF7C2BEFE
S214020F20A0F580630B4306D020F48063A3F500731C
S214020F300B437FF419AF19F048FB3A49D1E9003266
S214020F4023EA060322EA040242EA08023B43C1E914
S214020F5000324B4A126892F8F610474A09B313F465
S214020F60C06F1ED04FF4807311E019F02EFB2D4A8D
S214020F70D2E9003123F004033B4341EA080157EA71
S214020F800807C2E900314FF480633B4A0BD0C2F82F
S214020F90E030A2F58052C2F8EC30BDE8F04719F016
S214020FA00FBB4FF48073C2F8EC30C2F8E030F4E7BF
S214020FB019F00BFB1B4AD2E9003123F001033B4335
S214020FC041EA0801C2E9003101232E4A57EA08071E
S214020FD01BBF9363A2F580525364536408BF9363A6
S214020FE0DBE750EA01037FF4BFAEBAF1010F7FF4EC
S214020FF0BBAE19F0EAFA0C4A136823F0010343EA7F
S214021000090313604FF48063144AB9F1000F04D049
S2140210105366A2F580521367BFE713675366BCE7B1
S214021020BDE8F087A0150020D8540020004000B884
S214021030006000B8005000B8004001B8006001B877
S214021040005001B8000002B8002002B8001002B832
S214021050041C00030418000300C001B800E001B835
S21402106000D001B800C000B800D000B80D0A0A09C6
S214021070090A0A0900400054006000540050005457
S214021080F854002000E000B8024B5868C0F3C000D5
S214021090704700BFA0150020024B186800F0010040
S2140210A0704700BFA0150020024B5868C0F3C0303E
S2140210B0704700BFA015002010B50446FEF700FDDD
S2140210C0FFF7A4FD2046FDF7BDF8FEF7A5FCFEF7E8
S2140210D0ABF8FEF71DF9FFF7C9FB13490723134ABE
S2140210E0D1F8FC1004F1F800FFF71AFC4FF08071FB
S2140210F00020FEF7E7FB4FF000720D4B4FF4001195
S2140211000120C3F80021FEF7DDFBFEF7D7FF20B96A
S21402111040F292321421FBF7FDF815F0EFF8BDE825
S21402112010400120FDF766BF001F00B0581F00B038
S21402113000D001B88023074A1367082340B113671B
S214021140054AD2F8A03023F02003C2F8A030704738
S214021150024AF4E7001002B8001E00B0002002B8EF
S21402116010B519F032FA012104460020FFF7E2FF1B
S214021170044B1961044B5B6898472046BDE8104053
S21402118019F01EBA000002B888680020F8B5194C9B
S2140211900546207840F2E442B0FA80F03E2140094B
S2140211A0FBF7B8F855B9607840F2E442BDE8F8407B
S2140211B0B0FA80F03E214009FBF7ACB84FF4406627
S2140211C00D4F0E4DD7F8B43040F2E442C3F38123FC
S2140211D02370C5F8B46060783E21B0FA80F040090A
S2140211E0FBF798F8D7F8B830C3F381236370C5F8D5
S2140211F0B860F8BD05620020004000B8006000B884
S214021200F8B5084C084D236F0423084F2B67236F4D
S2140212105B0300D4F8BD042602203E6714F0EBFF01
S2140212202E67F4E7000002B8001002B8002002B8E9
S214021230A82238B51A4B1D6F03F500531A67102201
S2140212409A60A3F5804302F100521A675A66FFF7C6
S2140212509BFC144B1B7813B90320FEF78BF8002473
S214021260114B9C67FFF7CCFF104A114BD2F8D81EE1
S2140212700B40C2F8D83E04220E4B1A670E4BAA0643
S214021280C3F8AC4008D503F58073DB6CB3F5817FF9
S21402129022BF8022024B1A61BDE83840FCF7C2BB6F
S2140212A0000002B80762002000C001B8001000B0BB
S2140212B0DF0000FF002002B8001E00B010B549B9DA
S2140212C030B3164AD3681B0E13F00E0F20D1936864
S2140212D09A061DD4FFF786FC104C0020FEF72AFE65
S2140212E0032801D0092805D1636FDB03F5D4E36D2B
S2140212F00C2BF2D9FFF784FF4FF40072084BDA6228
S214021300012203F5E8335A61042203F580531A6773
S2140213104FF4C062034BDA6210BD00BF000002B891
S214021320004000B8006001B808B503210920FEF7A6
S2140213305DFD2022014B1A6108BD00BF000002B805
S21402134038B5054619F041F90E4B04461868FDF704
S21402135045F835B1FFF7D8FC2046BDE8384019F00D
S2140213602FB9094B1B78002BF6D0084B1D78002DA1
S214021370F2D1FFF7C9FC2A464FF480400021FFF75E
S214021380ABFCE9E7F854002009620020086200205E
S2140213902DE9F84F5C4B06460D4614461B6F002A95
S2140213A040F0AE8013F0A00F14BF4FF001094FF0CB
S2140213B00009FCF737FBA0234FF0000ADFF868812C
S2140213C00320C8F87030FDF7D5FF0420FDF7D2FFE2
S2140213D04E4FFFF799FC4E4B4FF0040B7B67C7F856
S2140213E078A0FFF70DFF4B4B4FF48071D3F8A02087
S2140213F0494842F02002C3F8A020FF22C8F808207D
S214021400414A1161D0F8D82E44491140C0F8D81E7E
S214021410C8F870B0C3F8ACA07B6913F0060F04D00E
S214021420FEF75CFA5846FDF7A5FFB9F1000F08D0A3
S2140214304FF400623A4B1A674FF40042A3F5E033CA
S2140214409A6666B1374BDB6C180701D4FFF7CAFB06
S214021450FFF76AFF0420FDF78DFFFFF795FB2A4B87
S2140214605A69D10747D5DA6812F0706FFBD12E4B56
S2140214702E4A1A672E4AD36B23F0F003D36315B1B4
S2140214802046FFF75DFF2B4BD3F84C315A1C01D098
S2140214905B0002D50122244B5A6164B3214BDA6EFB
S2140214A003F500539A6603F5D0331B6A1E4A23F0EF
S2140214B00103D361204BD3F80C1203F50053C3F893
S2140214C0081203F50053D3F8841003F50053996706
S2140214D01A4BD3F8EC1003F50053C3F8E010184B80
S2140214E0596C03F500539963164903F58033596620
S2140214F04FF6084313670020BDE8F84FFCF736BDE9
S2140215004FF0000955E700BF000002B800C001B85E
S21402151000000101001E00B0001000B0DF0000FF56
S214021520001002B8004000B8002002B810003000D8
S214021530001F00B00080E00F004001B800400054D9
S21402154000C000B85000002F9B4B2DE9F04F9F6E55
S214021550DB6E85B01F40994B9F66994BD3F8E050DF
S214021560D3F8EC301D40974BC3F8E050964BD3F8B7
S2140215700822D3F80C3202EA0309944BC3F8089205
S21402158003F52043DA691B6A02EA0308904B08F463
S2140215907702DA618F4BD3F80422D20605D4D3F849
S2140215A00431C3F30016DB0651D519F00EF88A4B48
S2140215B05A695E6E1B6F12F0060F06EA0306874A2A
S2140215C026F0007314BF4FF0010A4FF0000A23F40E
S2140215D000637407536604D5814A137D0133DBB278
S2140215E0137518F0EDFF002F00F0E28017F40043A9
S2140215F000F0D38018F0E9FF0146FFF7DFFA044651
S214021600784BD3F800B0DBF80020DBF800309A42C3
S214021610FBD0DBF800209A42FBD0FFF7CFFAA042BD
S21402162017D1084618F0CCFF6F4B1C606F4BD3F8EF
S21402163070B01BF4E0520ED124F07F4424F0DF0495
S2140216400CB9FFF7F5FD4FF0807B002414E0B2469C
S214021650C9E70446D7E70192FFF7EAFD5C4B019A19
S2140216601BF480541A6740F09A801BF4806F0CBFFC
S2140216704FF0805B4FF0806BB80715D55B4A544835
S214021680126F02F460410167002900F08B8011049A
S21402169000F18B8012F4005F0CBF4FF000524FF047
S2140216A0006200244BEA020BC7F340377F00504A21
S2140216B02A40002A4AD015F4206F0AD040F6A31218
S2140216C006210020FAF726FE0020FFF739FE25F451
S2140216D08025EB0506D5FF213D4A4BF4C06B916091
S2140216E0FFF780FA15F0090F0AD040F6B812082163
S2140216F00020FAF70FFEFFF717FE0121304A1163AA
S21402170015F0106F0CD040F6C11209210020FAF72E
S21402171001FEFFF709FE002211461046FCF736FED0
S21402172015F4202F0AD040F6C91207210020FAF736
S214021730F1FD0020FFF704FE25F48025E80301D51D
S214021740FCF768FF002DB8BF47F0080769070DD5FC
S2140217501B4AD26A12F4005F4FF4005217BF1949AF
S2140217602449CA624BF4000B08BFCA626A0548BF26
S2140217704BF0040B15F48023019300F0A480FCF7D1
S21402178001FF0138062837D8DFE810F028012B01C0
S21402179028012E013101340134019B4655E74FF0F2
S2140217A0804B52E74FF000727BE74FF0004278E73B
S2140217B0BB463C467BE700BF004000B8006000B86E
S2140217C00040005400600054004001B8006001B8B8
S2140217D0002002B800E100E000C001B800E001B855
S2140217E0DC540020B8740400D4540020000002B870
S2140217F0090B0B890050005440F6FA120321002010
S214021800FAF788FD01218548826ED0F8883002F00A
S2140218100702063201FA02F2C3F30C0CA2EB0C0228
S21402182092B2072A12D97E4A126F53020ED47D4B09
S214021830826B806D5B6D5BB102F0070206329140EF
S214021840C0F30C00091A89B2072901D84BF4007BB1
S214021850754A1278002A36D0704AD2F8E02012F47E
S214021860A02F30D1714A724912789AB9F20411D473
S2140218700A787AB14FEADB026E4842EA447282F094
S2140218800102D0F8D80E02F00102520020FA02F24B
S214021890930718D10420FDF76DFD674A6748506725
S2140218A0FFF732FA62490A784AB9654A127832B1C3
S2140218B0644A654912680BEA02020A4201D14BF4F5
S2140218C0804B26F48056B9F1000F1DD019F4805FC4
S2140218D018BF4BF4802B19F4807F18BF4BF4002BF3
S2140218E019F4005F18BF4BF0100B19F4007F18BFF5
S2140218F04BF0200B19F4806F18BF4BF0400B19F415
S214021900006F18BF4BF0800BB8F1000F48D018F4E8
S214021910001F0AD04D4A13683BB1414A4C48116F2A
S21402192000680022C1F3C061984718F4802F18BFE0
S21402193044F4007418F4803F18BF4BF4805B18F42C
S214021940801F18BF4BF4003B18F4800F18BF4BF0F3
S214021950020B18F4003F18BF4BF4801B18F4000F5C
S21402196018BF44F0100418F4002F19D0394AD2F8E0
S214021970A02012F0C00F13D02949CA68C2F303622E
S214021980032A01D0072A05D14A6FD00602D48A6FED
S214021990120732D54FF400212F4A28F40028D161CD
S2140219A0002E00F01B81330540F18F802B48DFF8B4
S2140219B08890C2782A49002A58D04FF40063013A28
S2140219C0D2B24B66C27032B9264A1278C2B140F61B
S2140219D00141254A51670022002173E04BF4803B07
S2140219E010E74BF4006B0DE74BF4806B0AE74BF401
S2140219F0807B07E74BF0080B04E74BF4001BCFE7AE
S214021A00D9F8782012F4A05F15BF4FF4807240F622
S214021A100142C9F85820C9F87820DCE70040005493
S214021A20000002B8004000B80A62002009620020E6
S214021A300C620020001000B000C001B800000101D6
S214021A400B620020A0150020088D01000C54002017
S214021A50F8540020001E00B0002002B8FB610020EF
S214021A6000E001B80762002000D001B80320FDF7AD
S214021A7081FCD9F81420A84B12F0060F04BF41F6D9
S214021A801F72A649A64808BF4A674FF40061A34AD8
S214021A905166D9F8142012F0060208BFC9F8782059
S214021AA05A8A12F4006162D022F400625A820278E4
S214021AB002F0FF09002A5ED1FDF710FFFFF7B8FB20
S214021AC04A4620214BEA020B0C43B00009D52E20D1
S214021AD0FDF79EFB4FF00051904A44F00804116750
S214021AE05166F10606D52B20FDF792FB10218B4A94
S214021AF01167516616F0306F05D1F20463D5BAF15C
S214021B00000F00F0C080330117D52920FDF780FBB7
S214021B10844A526C12B11021834A9160FFF7B4FADC
S214021B2048B1824A82487D494A66026700F54050BB
S214021B30C068400422D444F0040416F0007A28D088
S214021B400420FDF717FC2720FDF762FBFFF770FB6A
S214021B504FF00071714A5166764AD2F8D82E520674
S214021B6079D40221704A916044F0020428E0027897
S214021B704FF40052A6E74FF400422DE70A672020F2
S214021B804A66FDF745FB2D2044F00C04FDF740FBAA
S214021B90D3E716F0807FDFF88C9147D00420FDF75C
S214021BA0E9FB2820FDF734FBD9F87820002A3AD141
S214021BB0FFF73EFB594A5D4944F00104116751663E
S214021BC00021584A9165720508D55B498A78002A31
S214021BD000F0D880013A8A7000221743574AD2F89A
S214021BE0A020130603D558462146FCF7C7F93A4605
S214021BF058462146FFF770F8019B0BB1FCF7F8FC3C
S214021C0001224F4B05F00435C3F8E0504D4B18F453
S214021C10002FC3F884211EBF4FF40022424BDA6124
S214021C2005B0BDE8F08FC9F878A0C3E7F104C7D5C0
S214021C300420FDF79FFB444AC9F87420FDF74EFEC8
S214021C40D9F8642012F0407FBAD12A20FDF7E0FAD4
S214021C50FFF7EEFA80E7394AD2F8A0108B0683D453
S214021C6002203A4988603A49096891F82510C8075F
S214021C707FF57AAF92F8C420002A3FF475AF802130
S214021C80344A116170E7344A1268013202D04BF0CE
S214021C90010B98E728490A7952B1013AD2B20A7181
S214021CA012B9234A2D49516700224BEA020B8AE7F2
S214021CB00420FDF75FFB0320FDF75CFB194A22496F
S214021CC0516718F082FC81460DF10F00FEF732F9DB
S214021CD0234A824612780AB1FEF784FFBAF1030F4E
S214021CE00ED1DFF870A00020FEF724F9032807D1F2
S214021CF0DAF87420D103F6D4DAF85C200C2AF2D98A
S214021D009DF80F20032A2FD10121164A484611704A
S214021D1018F056FCC8E700BFDC54002000E001B80B
S214021D200762002000C001B8002002B810000020A0
S214021D3000D001B8001000B0FB610020001E00B009
S214021D400060005400E100E000000101001002B84B
S214021D50F8540020000002B8906800200000010D30
S214021D600D62002009620020094AD2F8E02012F42F
S214021D70A02FC9D1FEF7C8FF484618F021FC4FF441
S214021D80804292E70220FDF7F5FA012225E700BF1E
S214021D90004000540122024B1A62DA61704700BF0B
S214021DA0002002B80D4B10B5DC691A6A14400C4AC2
S214021DB024F47F01D161E20706D5D9684FF0FF30DF
S214021DC0C1F3036114F0A4FA630706D5BDE8104018
S214021DD0042200200021FEF77FBF10BD000002B8DB
S214021DE0002002B80C4A08B5936B526C13400B4A9B
S214021DF09363DB070FD50A4B40F66342187812212D
S214021E0000F00100FAF786FABDE808400022012039
S214021E100021FEF761BF08BD00C000B800E000B8B0
S214021E20A0150020054AD2F88430DB07FBD4936F56
S214021E30D2F884201340024A93677047008001B8A4
S214021E4000A001B870B514460D4618F0BEFB064B4E
S214021E50D3F8A06074402C407440C3F8A04018F039
S214021E60AFFB06EA050070BD001E00B0034BD3F8B8
S214021E70A03099430CBF012000207047001E00B01E
S214021E802DE9F04117460A43012A1D469DF81840DF
S214021E909DF81C60DDF8208029D8B44227D2082E8F
S214021EA025D8032B23D8B8F1000F20D00A460021EC
S214021EB0FBF71CFDFF21EB009940C943DFF834C055
S214021EC008F1FF38FF00E2B2964202D80020BDE8D1
S214021ED0F0813D190CEB8505D5F8E02018F8010FC6
S214021EE00A4098401043C5F8E0000134EBE7212091
S214021EF0EDE700BF001E00B0034B1868034B002836
S214021F0008BF1846704700BFF45400200896040025
S214021F102DE9F843DFF860900646D9F800800846B7
S214021F201746B8F1000F03D00E242046BDE8F8830A
S214021F3006B3336801331DD1E1B1FAF70DF8054651
S214021F400028F1D0C9F80000FAF72CF8284613F05A
S214021F50F3FC044640B14046C9F80080FAF722F87E
S214021F60284613F0E4FCE0E73560002FDDD0284673
S214021F70B847DAE72124D8E7F8540020024B18685D
S214021F80003818BF01207047F8540020002108B519
S214021F90024B08465B689847002008BD8868002008
S214021FA00523064AA2F84A3092F8493003F00103A4
S214021FB063F0730382F84930704700BF001F00B019
S214021FC00023F0B585B0CDE901330393124B134DD0
S214021FD01B78134E8DF8043018F004FB2A783378F9
S214021FE004469A420F4F0CD03178386801AA2970FD
S214021FF014F0C3F950B140F608210B4818F0E7FB7D
S21402200004E0386814F099F90128EDD0204618F05B
S214022010E4FA05B0F0BD00BF716B0020A26B002091
S214022020A36B002014550020454A0400F8B52B4B3C
S2140220301B7823B140F6FC31294818F0C8FB18F08B
S214022040D1FA284B07461C8814F0060409D0012151
S2140220504FF4807017F020FB3846BDE8F84018F0C1
S214022060BCBA21464FF4807017F016FB204600F0EB
S2140220709DFF022808D180221B4B8021186813F08E
S21402208025FDFFF79DFFE7E7204600F08FFF054698
S21402209038B1012807D040F63141114818F097FBB5
S2140220A0DAE70246E8E7FF220F4E104B30681A7056
S2140220B0FFF76CFF306814F040F90128CCD02A46AE
S2140220C02946306814F03BF921462C2017F010FB05
S2140220D021460A2017F00CFBBEE700BF1362002061
S2140220E0454A0400E65A002014550020A26B002040
S2140220F00021014818F016B9086900207F2837B574
S214022100044610D14FF6FF73022217480DF106015E
S214022110ADF80630EAF7D6FEBDF80640E2054CBF3B
S2140221206FF04A0464B218F05DFA104B05461C7054
S2140221300F4B1B88DB0710D50E4B1B78002B0E4B64
S2140221400CBF21466FF07F01186813F0E4FC20B143
S21402215040F67861094818F03AFB284603B0BDE815
S214022160304018F03ABA00BF641002C09A6B0020E2
S214022170E65A00201462002014550020454A040046
S21402218010B50FF02EF960B10FF02DF90B4A80B1A1
S21402219041F20D03BDE8104041F20D01074817F069
S2140221A0CDBB074B1A781B799A4204D10022002332
S2140221B0F0E70D23EEE7034AF9E700BF400D030000
S2140221C0716B0020488D0100F8B5164E0D46337827
S2140221D002F0010423B140F2C531134818F0F7FAB1
S2140221E0124B134F1D60134DA4B1134B997801B1D6
S2140221F00121202017F050FA2B783B700F4B1C78E9
S2140222000F4B00211C70042333700E48BDE8F840C3
S21402221018F088B82146202017F03EFA2B783B703B
S214022220EEE700BF13620020454A04000455002072
S21402223010620020A46B00200855002011620020C6
S21402224012620020086900202DE9F84318F0CAF946
S214022250DFF8A0810546B8F80030614C13F4807FA1
S21402226003D0237873BBFFF7E1FE0021084617F080
S2140222703FFA5C4B1A78FF2A13D01A7802F0FF0650
S21402228032BBFF221A702378052B0AD10023284678
S214022290237018F0A2F9304614F0FFF818F0A2F9ED
S2140222A005462378504E062B09D13378FF2B06D0ED
S2140222B03378022B15D100214C4818F033F8FF234F
S2140222C033702BE000214FF4807017F0E5F9CCE76D
S2140222D01A78012A4FF0FF0214BF33264C261A70D2
S2140222E0D4E7337813B13378012B22D117F074FA7E
S2140222F007463E4896F8009001F0CEFBFF235FFAB1
S21402230089F9337077B1B9F1010F44D164213748A6
S21402231084F8009018F006F8FFF752FE284618F0E8
S2140223205CF906E02846277018F057F9384614F08C
S214022330B4F8B8F800301B0605D50021802017F047
S214022340ABF912F0BDFB01F0E3FA294E308000B380
S2140223502778012F42D117F0F9FE054610B3013057
S21402236018F013FB00F44060B0F5006F1AD1042297
S2140223703946284617F02AFE284418F006FB4FF680
S214022380FF7398420ED10020318800F0F1FC002342
S2140223903380BDE8F88300232846237018F01DF921
S2140223A03F20C4E7114801F077FB00210846217060
S2140223B0012500F08FFC23780BB9FFF737FE0020CB
S2140223C0318800F0D5FC00233380002DE1D0207840
S2140223D00028DED1BDE8F84314F097B90025EAE7F5
S2140223E013620020A16B0020A06B00200869002069
S2140223F0E45A0020E65A002008B513460A46194653
S214022400064B186813F014FC30B1BDE8084040F2E1
S214022410F441034818F0DBB908BD00BF145500208C
S214022420454A040008B513460A461946064B18687C
S21402243013F0F8FB30B1BDE8084040F2FB41034818
S21402244018F0C5B908BD00BF14550020454A04005F
S214022450024B1878431E58425841704713620020B8
S21402246008B5064B1B7823B140F22551044818F0F4
S214022470AEF9FFF7DBFD002008BD00BF13620020A7
S214022480454A040008B5054B01EB8101186849006E
S21402249013F043FB002818BF212008BD1455002066
S2140224A008B5044B1868F9F70FFF0A2390FBF3F000
S2140224B040B208BD14550020014B1878704700BF83
S2140224C0A36B002008B5044B186813F091FAB0FA13
S2140224D080F0400908BD00BF1455002038B5124DE3
S2140224E00C462B78012B04D940F246510F4818F0BF
S2140224F06EF921460020FFF7E5FF90B10C4B1C70E9
S2140225002B785BB9FFF792FD0A4B93F900100A4B42
S214022510C901186813F0D5FA002038BDFFF750FD40
S214022520F2E72120F9E700BF13620020454A0400C3
S214022530A36B0020156200201455002008B5074B37
S214022540186813F053FA30B1054BB3FBF0F083B2C0
S2140225500BB1184608BD0120FCE700BF1455002049
S21402256040420F002DE9F3475C4E012018F02CF98B
S2140225703388990704D440F63F41594818F027F9A2
S214022580DFF8808198F80030053B012B04D940F62D
S2140225904141534818F01BF9524F3B6823B940F6A5
S2140225A044414F4818F013F9348814F0200478D0C8
S2140225B00121222017F09CF84FF47A74FFF7BEFF31
S2140225C03B681B780933434304EBC30498F8003096
S2140225D0A5B2062B0BD117F0C7FC0446FFF7AEFFD9
S2140225E0602358430C2303FB0400284485B2D7F823
S2140225F000903D4B99F800801C7808F1FF381FFACE
S21402260088F8002C52D133885A0505D409F1010006
S21402261018F0BBF9C0F340143449354A887812786A
S2140226204B7812FB00F2334F93423B70A4BF9B1AC7
S2140226303B703B78CA78BD60934238BF13463B7006
S2140226400EF0D7FE002833D00EF0D1FE012814BFBC
S2140226501025082525430023DFF8ACA0009380222E
S21402266043464946DAF8000013F089FA20B14FF4DF
S2140226703B611B4818F0ABF81F4BDAF800001978DC
S2140226801E4B197033889B0614D52A461C4B00979E
S21402269013F071FEC0B9002002B0BDE8F04718F092
S2140226A093B82146222017F023F887E70024B3E7E1
S2140226B02546D0E72A460F4B13F05BFE014618B9B3
S2140226C0252017F015F8E6E72146262017F010F821
S2140226D040F6F431024818F07AF8DCE7E65A0020B1
S2140226E0454A04000455002016620020716B002043
S2140226F010620020B8680020A36B0020A26B0020A6
S214022700085500201362002014550020184B10B5FF
S2140227101B889B0704D440F6A661164818F057F8A3
S214022720154B1B78053B012B04D940F6A7611148CF
S21402273018F04DF8114B1B6823B940F6A9610D48F5
S21402274018F045F800240E4B0E4921201C7016F096
S214022750CFFF014618B9BDE81040FFF703BF0228B5
S21402276004D12046BDE8104017F058B810BD00BF8F
S214022770E65A0020454A0400136200200455002051
S2140227800E62002025290200F8B55A4C23889A07C3
S21402279004D54FF43E71584818F019F8574801F01E
S2140227A07BF917F01FFF238805465B070DD54FF010
S2140227B0FF3013F02BFA524B1B68C01AB0F5717F2C
S2140227C003D90021042016F067FF28464D4D17F066
S2140227D004FF2B78042B32D117F004FF2388064619
S2140227E05F0708D54548002117F09CFD3046BDE836
S2140227F0F84017F0F2BE17F0F0FE17F0F3FE424B69
S21402280006461B78414F13B9238859050FD5052371
S214022810012102202B7016F03FFFFFF777FF3046AC
S21402282017F0DBFE3B68DA78394B1A70F8BD386869
S214022830013018F0AAF88206E9D50623E8E7062B47
S2140228404DD1344B1B78FF2BF0D1334E0EF0D3FD17
S2140228503378002B3DD017F0C5FE238805465B076C
S21402286005D52648002117F05DFD2846BFE717F07C
S214022870B4FE3378013B337017F0B4FE04460121F0
S214022880022016F009FFFFF741FF20461F4C17F003
S214022890A4FE2068013018F078F800F44060B0F525
S2140228A0006F13D1246801210422204617F08EFB04
S2140228B0204418F06AF80146184B04201A78337838
S2140228C0D21AD2B2BDE8F84018F028B84FF6FF7117
S2140228D0F2E740202B70BDE8F84013F0DEBD012B76
S2140228E0A4D100232B700E4B1868FFF74FFB3F2036
S2140228F0F1E700BFE65A0020454A040008690020B6
S21402290000550020136200201662002004550020A5
S2140229100F620020A06B002010620020A46B002033
S2140229201455002008B50A4B1A7882B901221028DD
S2140229301A7004D040F69D61064817F048FF002141
S214022940202016F0A9FEBDE80840FFF70BBE08BD22
S2140229500E620020454A040008B5094B1B88DB06B8
S21402296004D440F2C351074817F031FF102000216B
S21402297016F092FE044B1868BDE8084013F0F2BC4D
S214022980E65A0020454A040014550020012208B5E4
S214022990074B1146186813F0D2FC00212C2016F0C3
S2140229A0A7FEBDE8084000210A2016F0A1BE00BF1F
S2140229B014550020014B4008185C70479C6B0020A1
S2140229C008B513460A461946064B186813F036F938
S2140229D030B1BDE8084040F6E941034817F0F7BEBB
S2140229E008BD00BF14550020454A040008B5044B34
S2140229F0186813F0A2FC013818BF012008BD00BFFA
S214022A001455002070B5054617F0ECFD0E4B0F4E20
S214022A101B880446DA07357008D50D4B0D4D1B781A
S214022A20012B08D90121286813F031FD2046BDE8A4
S214022A30704017F0D2BD1BB10EF0D1FCC305F1D425
S214022A40317881F00101EEE7E65A00209B6B002008
S214022A5014620020145500200C4B10B51B88044647
S214022A60DB0711D5FFF78CFB094B84F00102082126
S214022A701868D20013F02AF830B1BDE8104040F6CC
S214022A803671044817F0A3BE10BD00BFE65A0020F8
S214022A9014550020454A040008B5044B0146186840
S214022AA013F0D7F8003818BF012008BD14550020CF
S214022AB010B50A4C23787BB1FFF768FF002104208B
S214022AC016F0EAFD0021022016F0E6FD0023237030
S214022AD0BDE81040FFF7AABA10BD00BF136200207F
S214022AE038B5094800F0E8FC0024084D95F8443053
S214022AF0E0B2834200D838BD05EBC000043000F0D7
S214022B00DBFC0134F2E700BFB85500201855002060
S214022B1008B5104602494822F8F71CFF002008BDF7
S214022B207055002008B5054817F0C1FF014620B9C8
S214022B30BDE80840014817F0F5BB08BD286900202B
S214022B40002238B51C4B15461C461A700132082A5C
S214022B505D609D8043F8085FF8D14822002117483F
S214022B60F8F768FD4FF6FE73A4F868306FF480330A
S214022B70E365134B00211A88124B1868F8F75AFDC2
S214022B80114BC4E91255C4E9283584F8445084F838
S214022B905050656584F8A850E9F7FEFCFF220B4BFF
S214022BA0012118700A4B00201A70E1F76DFF002011
S214022BB0FFF7B8FF002038BD1855002070550020DA
S214022BC0146B0020E86700200000FFFF1762002059
S214022BD05D62002010B5AC24084B04FB0030836C09
S214022BE053B990F850403CB931B1C0E912122046B0
S214022BF0FFF798FF204610BD2120FCE7185500205D
S214022C00AC2370B503FB00F5094E731993F85040D8
S214022C105CB920460BF022FF735D204643F00203A8
S214022C207355FFF77FFF204670BD0120FCE700BF0B
S214022C3018550020AC235843024A135C23F00303C2
S214022C40135470471855002070B516461F4A04469E
S214022C501278C2BBAC211E4D01FB00518A6C92BB9E
S214022C6091F850203AB1022B2DD191F84410072941
S214022C7007D91C2026E091F844100729F9D8012B21
S214022C8008D0AC2000FB0450CA00011D0C30F8F737
S214022C9023FD0021AC2303FB04F000249DF814302E
S214022CA000EBC1012944CB71049B8E808B602B18EC
S214022CB093F84420204601328C7183F84420FFF7B3
S214022CC031FF204670BD0120FCE700BF16620020DF
S214022CD018550020F8B5234B04461B780F46002BE8
S214022CE03ED1AC23204D03FB0053B3F8A03023B9EA
S214022CF040F245311D4817F06AFDAC2202FB045231
S214022D00D2F8A46036B192F8A33039460020B2F861
S214022D10A020B047AC2300216343EA18A2F8A01013
S214022D20C2F8A410482192F8A82001FB02322A44D5
S214022D30D2F89820964213D0EB5C9B070CD5AC22B7
S214022D406243AB5C204623F0020343F00103AB541C
S214022D50BDE8F840FFF7E6BE0BF0A2FE0028EED173
S214022D60F8BD00BF16620020185500209C4A0400D9
S214022D702DE9F04F89B0059008460D4617F0E6F9A2
S214022D80044618B9212009B0BDE8F08F284617F08E
S214022D90F9F9C0B20838215C221892F802A0049110
S214022DA0D1785268277803920022B4F80130ADF841
S214022DB01E20434A029192F800B0BBF1000F08D0E1
S214022DC0404B1B681BB120464FFA8AF298470020F8
S214022DD0D9E703F00703022B70D0013409225946C3
S214022DE0204617F0F3F8023F3F1A3B0606465FFA04
S214022DF087F8C7D4344FD7F89090B9F1000F27D18F
S214022E0000210DF11E0B434622460846CDF800B0BF
S214022E100BF05CFDC3B20546002B4BD1BDF81E007D
S214022E2013F07FFBE0B9BDF81E0013F063FC814689
S214022E30BDF81E0013F075FBF0B906EB080201237D
S214022E402146584692B200F07BFDD0B119209AE78F
S214022E505B465A4601212846C8470028D0D191E74A
S214022E60D7F89430BDF81E00002BDCD0A119984785
S214022E700028D8D1022086E742464846A119F8F72C
S214022E8069FDBDF81E0017F061F9029B059A0372F0
S214022E90049B80F809A08372039B1BBAC360AC2311
S214022EA003FB027393F85020BDF81E0022B1DB6CC0
S214022EB003B19847E8B266E7BB6FF9E7012062E71D
S214022EC016620020FC540020185500202DE9F84315
S214022ED008460F46164602F1010913F010FC80461A
S214022EE0384613F017FB042856D1384613F036FB43
S214022EF048F661054FF6FF7248F64103294C9042A8
S214022F0008BF1D46B4F85C10301D17F040FD384669
S214022F1013F024FB0146B01D17F039FDB4F85E101D
S214022F2006F1080017F033FD06F10A04384615F0DC
S214022F30A9F810B145F01005ADB22946484617F07B
S214022F4026FD384613F0D6FB424601462046F8F7E1
S214022F5001FD3846012117F031F94444074660B1B5
S214022F6017F010F90546384617F0F0F8EDB20146AC
S214022F702A462046F8F7EEFC2C440B4AA41B13788C
S214022F800134591C1170F37034703046BDE8F843B2
S214022F900922012117F01AB8484617F0F6FC4C46EB
S214022FA00546C3E71855002017620020AC2210B56C
S214022FB048245043094B1A1892F8A81004FB010043
S214022FC0034493F87700022806D092F850301BB9D3
S214022FD0032818BF012010BD0020FCE7185500206A
S214022FE070B508B1012070BD234C94F8A850002D8E
S214022FF0F8D12946B4F85C20FFF714FA2946284689
S214023000B4F85E20FFF7F8F92946284604F1600274
S214023010FFF7D6FC94F87730002BE3D0284694F8D6
S2140230205860FFF749FA864215D1002094F95A50A3
S214023030FFF736FA854216D10020FFF7B7FF04469F
S214023040002016F079FF0028CDD02146BDE870405A
S2140230500020FFF705BA284694F85810FFF73EFA04
S2140230600028E2D0BFE7002094F95A10FFF70AFAC8
S2140230700028E1D0B7E700BF185500200346AC2071
S21402308010B51446164A00FB032292F8770002286F
S2140230900CD1E07F022809D141B1124909780129F1
S2140230A013D992F85810227891420ED118462178F8
S2140230B0FFF708FA90B1482221460B48F8F74AFC77
S2140230C0002016F039FF08B9002010BD044B93F813
S2140230D0A8000028F8D1FFF783FFF5E72120F4E7E0
S2140230E018550020546100207055002038B5AC23D6
S2140230F00D4C054603FB004300205A6DD86483F846
S214023100500012B15865FFF727FCF5F75FFBFF2862
S2140231101EBFAC2303FB054484F8A8000020FFF77B
S2140231205FFF002038BD00BF185500207FB51D4C3C
S21402313094F8A83023B1002084F8A800FFF750FFC7
S21402314094F85A30B4F8A0608DF80F3026B940F2E1
S214023150FD21154817F03BFB144B31461D68002035
S2140231602A46FFF7B3FEE46F02469CB10DF10F0349
S21402317001930023294630460093A04702462C7846
S21402318054B920462146FFF7A5FD2046FFF7CAFCA4
S21402319004B070BD0122F2E729460020FFF714F8BA
S2140231A0F6E700BF185500209C4A0400E867002096
S2140231B038B5494B1C78002C58D1484800F06CFCB6
S2140231C0204616F0B9FE002850D0454C2378D90781
S2140231D033D594F850201AB123F00303237045E048
S2140231E023F0010323700BF043FC237805469A076D
S2140231F001D50BF033FC294600200BF049FA40B902
S2140232002378284643F001032370BDE838400BF0CC
S21402321025BC0023482284F8A33094F8A83084F80A
S214023220A25002FB0343D3F89830A4F8A000C4F8D7
S214023230A430BDE83840FFF779BF94F84400B0B137
S21402324004F1A003251D95E8030083E80300FFF7B9
S2140232506DFF94F844202846D20004F10C01F8F7DA
S2140232603BFA94F84430013B84F8443038BDA26CF3
S21402327062B99B0711D52378002023F0020343F09E
S21402328001032370BDE83840FFF74CBC0123A0645D
S21402329084F85030904723789EE70BF001FC002814
S2140232A0E9D194F8A83073B1F5F790FA94F8503053
S2140232B0002BDBD1FF2818BF84F8A800BDE83840F1
S2140232C00020FFF78DBED4F88C30002BECD0984748
S2140232D00028CBD1E8E700BF16620020286900204C
S2140232E01855002070B50446002016F025FEAC23C3
S2140232F05C430B4E351995F850300BB1002070BD6B
S2140233000028FBD0074817F0D2FB0028F6D1335D21
S214023310002BF3D195F84400B0FA80F04009EEE7AE
S214023320185500202869002010B5084A034613F0F5
S214023330F4F914684FF6FF7203EB40039C421846FA
S21402334003D9018802339142F8D010BDD45500202B
S2140233502DE9F047204F05463B88A3B3B0F902306B
S214023360002B30DBDFF87C801C49D8F80000F8F729
S214023370B7FB20B94FF4EA71194817F028FA00266D
S214023380DFF85CA0DFF860903A88B3B29A4204D8BD
S2140233904FF4EB71504617F01AFAD9F80030B2B271
S2140233A053F83200D8F8001003EBC20468B943F8A9
S2140233B03210A38828460133A38013F0AEF9E388BF
S2140233C003EB4003E380BDE8F087F8F789FB01369C
S2140233D00028D9D1EDE700BFE85A0020694A040068
S2140233E0734A040048690020C855002038B5094CC5
S2140233F0094D22682B689A4204D94FF48771074810
S21402340017F0E5F928682368C01A20F0010080B298
S21402341038BD00BFD4550020DC550020734A040096
S21402342038B5124C124D21462846F5F77DF823682A
S2140234300BB12B681BB9DE210E4817F0C8F92A68B3
S2140234400D4B0E491A60236823F0010313440B60E8
S2140234500B4B1A602AB9BDE83840F821054817F028
S214023460B6B9FFF7C3FF6428F5D938BDCC5500209E
S214023470D0550020734A0400D8550020DC550020A1
S214023480D455002038B5094C094D22682B689A425B
S21402349004D34FF48A71074817F099F9286823680D
S2140234A0C01A20F0010080B238BD00BFD8550020F7
S2140234B0DC550020734A04002DE9F0411D4B0446FA
S2140234C01B78012B24D1008816F022FE0546D8B1BF
S2140234D00426DFF864802C4617F084F80746204658
S2140234E0FFF736FF638843EA08036380A05B16F0A3
S2140234F00FFE0446384617F070F81CB1B4F90230D5
S214023500002BE9DA062E01D1BDE8F0810626E2E7B5
S214023510022BF9D117F066F80246208816F0F8FD5D
S21402352018B10388C3F30E0323801046BDE8F041AA
S21402353017F053B8186200200080FFFF2DE9F04F05
S2140235400024BA4B97B006461C8017F04BF80123AE
S214023550DFF8EC82B64F3B70B8F80030A8F80040AF
S214023560ADF81630B34B1B68019317F036F8B24B22
S21402357021461A88B14BD2001868F8F75BF80DF1AD
S2140235801600FFF799FF002E3CD1DFF8B8924FF0F5
S214023590000B0125D9F80040019B9C4239D3BBF1B0
S2140235A0000F39D1002DF2D0D9F80040DFF898A2EA
S2140235B025462246019B9A4273D302230DF116003A
S2140235C03B70FFF779FF002E40F08F80D9F800603D
S2140235D03246AA4280F0A280908816F099FD18B171
S2140235E00388C3F30E039380D08816F091FD18B1BA
S2140235F00388C3F30E03D3801046FFF795FE0246F8
S214023600E7E79847E3B256F823300134002BF8D1A7
S214023610BBE7BBF1000F3ED00BF1FF335FFA83FB33
S21402362016AB03EB8B0252F8402CB2F9020051881B
S2140236300028B1DA4B04AFD4924641F48040931D81
S2140236402AF8020F02933AF8020F16F061FDF0B163
S214023650B0F902E0B0F802C0BEF1000F17DB6FEA65
S2140236604C4C6FEA5C4CA0F802C00390FFF770FE69
S214023670BBF10F0F8FBF002516AB039A03EB8B002F
S2140236809EBF0BF1010340F8402C5FFA83FB029BBE
S2140236909A45D8D180E72046FFF746FE22460446E2
S2140236A0C3E7104613F039F88346B2F902001188D0
S2140236B000280AEA010108DA204616F01FFD084330
S2140236C081B204EB4B0402EB4B0510461180FFF768
S2140236D02BFE02466EE798475FFA8AF356F82330C7
S2140236E00AF1010A002BF6D170E74FF0000AF3E761
S2140236F03046FFF719FE82467EB1B6F9023071886F
S214023700002B0ADA3088C0F30E0016F001FD86425E
S21402371003462DD1C1F30D0171805646AE42E7D362
S214023720DFF81CA116F05EFF00210646504613F095
S21402373045F816F0EDFC0546002800F08780304676
S21402374016F04BFF284612F0E8FF0646204616F013
S214023750D5FC81467600324629462046F7F7BCFF5E
S214023760002249460DF1160017F079F93444D9E7DC
S2140237701BD9304612F0D1FFC1F30D014200718011
S2140237801846314692B2F7F7A7FFC6E75046FFF74C
S214023790CBFDD146854203D9B0F90230002B01DABF
S2140237A0824603E0FFF7C0FDF4E7B146554507D968
S2140237B0BAF80000C0F30E0016F0AAFC8245E5D364
S2140237C0B9F1000F30D0B9F80000C0F30E0016F0C1
S2140237D09FFC034638B93346CB46994513D8B145C4
S2140237E09BD0D946ECE7484612F097FFB9F802207C
S2140237F04946C2F30D02A9F80220420092B21846C8
S214023800F7F76AFFE7E718460193FFF78DFD019B7E
S2140238109B46854203D9B0F90230002B01DA0346F3
S214023820DBE7FFF781FDF4E7CB46DAE7EA5A00204A
S21402383018620020D4550020E85A0020C8550020FF
S214023840EC5A0020D85500200080FFFFBDF8163045
S2140238503870A8F80030044B30461C6016F0BDFEE7
S21402386017B0BDE8F08F00BFD45500202DE9F04117
S214023870054616F04DFC0F460446D8B117F0D9F8A7
S21402388020B940F2FB41204816F0A1FF284616F068
S21402389079FC05462046FFF747FDBD42064609D09D
S2140238A004D840F20351184816F091FF2588ED0B14
S2140238B002D02781BDE8F0816780204612F02DFFF6
S2140238C0074604EB400816F08DFE104B1A68B2420B
S2140238D00AD1C3F8008016F080FE2A464046BDE8AC
S2140238E0F041FF21F7F7A6BEA6EB0806B5B216F022
S2140238F074FE072DF1D90023083D44F81730C8F8A6
S2140239000430A8F80250D5E7734A0400D4550020C4
S21402391038B516F067FE00210546044812F04EFF41
S2140239200446284616F059FE204638BDEC5A0020BA
S214023930024B1888B0FA80F040097047EC5A002013
S2140239402DE9F74F044600881F4616F0E1FB88462D
S2140239501546064617F06DF820B940F2FE613F485C
S21402396016F035FF3388DB0B009306D033892B44E1
S2140239703381002003B0BDE8F08F208816F002FCE9
S21402398082463046FFF7D0FC019016F02BFEDFF899
S214023990D0B0019BDBF8002081469A421DD1FFF78A
S2140239A025FDA84204D2484616F017FE1A20E1E783
S2140239B00AEB050373803FB1208816F0C7FB2A4640
S2140239C041465044F7F7C6FF3046FFF7ADFCCBF84A
S2140239D00000484616F001FECBE716F0FEFD2088F2
S2140239E016F0D0FB2844009980B216F023FC064657
S2140239F00028DBD016F0AAFB8146208816F0A6FB2C
S214023A008246208816F0BEFB514602464846F7F725
S214023A10A1FF3046AFB116F099FB0746208816F094
S214023A20B1FB2A4641463844F7F794FF0121208825
S214023A3016F0C4FB01210246304616F0D3FB268060
S214023A4097E716F083FB8046208816F09BFB2A46F3
S214023A5039464044F7F7EEFDE8E700BF734A040034
S214023A60D45500203421014816F0B1BE874A04001E
S214023A70036910B55BB18268064B9A4201D10020F9
S214023A8010BD446916F09CFE201AF9D5F7E74FF0F0
S214023A90FF30F5E7653A020082681C4B70B59A4221
S214023AA00446056819D116F09DFD236923B1A34289
S214023AB006D100222A601A61BDE8704016F08DBD5C
S214023AC01A4611461269A242FBD12A68A24208BFD0
S214023AD029600B6100232361EEE7036993B19842E4
S214023AE06E6803D19D210A4816F071FE2B46B44239
S214023AF009D122699D4218BF1A614FF0000308BF20
S214023B006A60236170BD33463669F0E7653A0200A3
S214023B10874A04002DE9F047074600254FF0010AC0
S214023B20154EDFF858808AB0347914B90AB0BDE869
S214023B30F087D6F8009087B900972A46B8F80010A2
S214023B40234603A817F01AF82246484603A9E9F7BF
S214023B50E5F92544EDB20836E6E7224603A94846CB
S214023B60E9F7B0F9CDF800A023462A46B8F80010C7
S214023B7003A817F003F8ECE734960400EE5A002088
S214023B800148FFF799BC00BFEE5A00209C46174B2F
S214023B90F7B5054608461988164611B1144B1C7827
S214023BA0CCB1014662463046BDB103B0BDE8F04036
S214023BB0E9F788B91C44E4B208373B79002BF0D009
S214023BC03A689642F6D185F001052246009516F02F
S214023BD0D5FF03B0F0BD074FEFE7E9F79FF9B0B2A4
S214023BE003B0BDE8F04010F06FBF00BFEE5A0020F1
S214023BF0A56B00203496040010B5074C238843B109
S214023C000020FFF787FF0020FF22044B20801A7057
S214023C1010BD0220FCE700BFEE5A0020A56B002074
S214023C20142810B518D8082805D110F0B6FFC4011C
S214023C30E4B2204610BD0E2802D110F0B1FFF6E71E
S214023C40064B53F82040002CF3D00A282478F0D1F3
S214023C5005F0A0FE0443EBE7FF24EAE7849604009F
S214023C60014BB3F8680070471855002000487047AB
S214023C7082550020014B1878704700BF92610020E1
S214023C80014B1870704700BF92610020194B022842
S214023C9010B5187002D0043801281BD8164B1B78B2
S214023CA0042B03D00021154816F03CFB144B1B686E
S214023CB09A001BD513F0805F40F6114418BF4FF4EC
S214023CC04164204611F003FB90B92046BDE810403F
S214023CD010F0F8BE0948FFF7DFFE0A48FFF7DCFEE1
S214023CE0162412F097FF11F0ECFAEAE71524E8E73B
S214023CF010BD00BF96610020976100204C6900202D
S214023D009847002004470020024B187800F00F0066
S214023D10704700BF96610020034B187800F00F0032
S214023D20831E5842584170479661002008B512F02B
S214023D305CFFC0B112F072FFA8B10AF0A7FF90B9FB
S214023D400A4812F004FD70B1094812F000FD50B1A5
S214023D5010F02BFF38B111F0BCFA20B9BDE80840CC
S214023D60044812F0A5BD002008BD00BFF05A00208E
S214023D70225B0020E055002030B505460C4693B085
S214023D8081B910B9002013B030BD1023214A69460C
S214023D900120FFF7FBFE9DF805305A1E052A28D99A
S214023DA01720F0E7182200212046F7F743FC002DE3
S214023DB0EBD1FFF7B1FF30B310F0C2FD6A46014601
S214023DC00020FEF7A5FEBDF80430204623819DF8AC
S214023DD00230A3729DF80030E37213F0A5F80023B8
S214023DE004F11401237304F1100003F0CBFDE0810B
S214023DF0C8E7094A9DF8041012789142D0D12B7078
S214023E00002CD6D1BEE7054B1B78033B022BD3D939
S214023E10C6E700BF64EE01007C6B002096610020BE
S214023E2030B593B005460C46FFF776FF20B90C4B2B
S214023E301B78033B022B10D810F082FD6A4601461F
S214023E402846FEF765FE00209DF80230607023705B
S214023E509DF80030A37013B030BD1720FBE700BFFB
S214023E6096610020054B1878012805D000F0FD0069
S214023E70A0F1310358425841704700BF96610020B6
S214023E801FB50146002201A816F01CFB064801A930
S214023E9016F042FE20B116F059F94089C0F34000F0
S214023EA005B05DF804FB00BF226B002030B585B07C
S214023EB00D460022014601A816F004FB084801A997
S214023EC016F02AFE50B116F041F9044601460822C1
S214023ED02846F7F701FC6089C0F3400005B030BD04
S214023EE0226B0020F8B50546F8B100210F4816F0FF
S214023EF0B0FD0446A8B10D4F204616F027F9064637
S214023F0016F0CCFA830705D4082229463046F7F77E
S214023F10DDFE38B12146384616F0BFFD04460028BD
S214023F20EAD10024201E18BF0120F8BD226B002013
S214023F3010B50C460146064816F0EEFD30B116F0F6
S214023F4005F943891C4214BF0120002010BD00BFA2
S214023F50226B00201FB51446024601A816F0B2FADC
S214023F60074801A916F0D8FD40B134B116F0EEF8B4
S214023F70142201462046F7F7AFFB012004B010BD1D
S214023F80226B00201FB50146002201A816F09AFAFD
S214023F90094801A916F0C0FD58B116F0D7F84389B2
S214023FA0024613F0020004D0507B80F00800C0F3F3
S214023FB0C00005B05DF804FB226B0020F7B59DF843
S214023FC024400D4601949DF82040064600941F4664
S214023FD014F047F84FF6FF718842044610D0BB072C
S214023FE011D4284600F056FF204616F0BCFDFF28E6
S214023FF01FBF084A32F8103023F4804322F81030EC
S214024000204603B0F0BD02462946304612F0E6FCD2
S214024010EAE700BFC05A002073B50E4601461448B0
S21402402016F07AFD0546D8B116F090F84389044694
S214024030334012D09B0736B20BD5002E09DAA17B8D
S214024040437B0289007B0191012100912146FFF703
S214024050B5FF638923EA06036381628912B10120F0
S21402406002B070BD2946024812F0C7FBF7E700BF50
S214024070226B00200148FFF71FBA00BF226B002008
S21402408013B53E4C0DF06FFFD4F8FC311020C3F38D
S21402409007430193FFF7C4FD000650D50020FFF743
S2140240A0BFFD01064BD5019B802B3ED1236A9A07A2
S2140240B004D440F61544204602B010BDE3699B07BF
S2140240C0F7D52F4811F031FC012012F001FA0DF05D
S2140240D05DFF04460028EED100F042F9294812F0AE
S2140240E0C1FB00F099F9E8F757F80DF03BFF08F02E
S2140240F003FF08F055FFF4F761FAF4F7FFFAF4F756
S21402410019FB03F0DBFD10F04AFD10F04BFD11F039
S214024110E3F81D4813F0AEFF06F08CFA11F09FF894
S2140241200028C8D011F09DF8C5E7019B812BC0D1AD
S214024130D4F80C315B00BCD5D4F80C31BFE71020A4
S214024140FFF76EFD0006BCD40020FFF769FD0106EE
S214024150B7D5019B802B05D1084B1A6AD207A8D582
S214024160DB69ACE7019B812BA3D1044BD3F80C216E
S214024170002A9EDAD3F80C31A1E700BF0080E00FD8
S214024180690345ECE0550020813E020010B512F0AE
S2140241903EFD70B301F0E0FA80F00104E4B20020C4
S2140241A0FEF724FC44EA800424B212F01EFD10BB83
S2140241B002200443164816F07AFC44EA40141548D6
S2140241C016F075FC24B244EA0014134816F06FFC8D
S2140241D024B244EA8014114816F069FC24B244EA78
S2140241E040240F4816F063FC24B244EAC02080B292
S2140241F010BD0124D3E70B4812F0A9FA0028D7D045
S214024200094812F0A4FA80F00100C0B24000D0E7DC
S2140242108C690020706A00209C470020F06900200C
S214024220506A0020F05A0020225B002008B501F0F8
S2140242307FF8FEF709F8144812F089FA08B904F074
S21402424025FF124812F083FA08B906F0DDF902F0EB
S21402425095FF0F4812F038FB0E4B1B78043B022BDF
S21402426009D80D4816F023FC28B1FFF78FFF102857
S21402427001D107F0E1FC10F09AFC12F0BEFBBDE89B
S21402428008400648FFF75AB9F05A0020225B002081
S214024290E055002097610020706A0020FC9604001A
S2140242A0014B1868704700BF145500204FF6F7738D
S2140242B070B5984204460D4686B043D812F0ABFB62
S2140242C0A04207D1082220492846F7F705FA00201F
S2140242D006B070BD1D4EB6F86830A3420AD1002261
S2140242E0082106F16A0012F024FB18B9082206F12A
S2140242F06A01E9E784B100230122194620460093A9
S21402430008F05CFDFF2811D12946204608F000FF80
S21402431080F00100C0B2DBE70D4B1B689B07EAD4B6
S214024320284606F0FBFD0028E5D0D0E702A913F0E8
S21402433043FD0028E8D1DDF80D302B60DDF81130A2
S2140243406B60C4E70120C3E71962002018550020FD
S21402435098470020014B1870704700BF7C6B002006
S21402436010B5054C082221460448E8F7ABFD204666
S21402437012F08BFB10BD00BF1962002034B608C0D5
S2140243800048704719620020082208B50349F7F76B
S2140243909DFCB0FA80F0400908BD00BF19620020FB
S2140243A0014B1870704700BF8A610020F7B50D46B2
S2140243B0044616461F460021284601F061FD0B4BB7
S2140243C0002183F859402A463346204600970AF0D1
S2140243D03FF9014630B10222204603B0BDE8F04064
S2140243E000F006B8012003B0F0BD00BF185500204B
S2140243F013B513460C461AB1022A0CBF1346012304
S2140244000021044A019100922246FEF71DFC02B0EA
S21402441010BD00BFF16C030000B5002093B0FEF79C
S2140244208FFB1E4B188813F026FE1D4B1D491A786B
S21402443000200AF091F9342200216846F7F7FAF8CC
S2140244400B238DF800306FF4803301934FF6FE7322
S214024450ADF8103003238DF81D30134B134A089322
S214024460134B10680993134B51680D93124B6A460F
S2140244700E93124B0F93124B1093124B119302ABE7
S21402448003C300210846FEF7F9FD6A460121002013
S214024490FEF7F4FD13B05DF804FB00BF0E6B0020C0
S2140244A08B6B0020985A0400C14802001962002053
S2140244B08D6A0300A9750200694A0200D5840200CB
S2140244C0F16C0300D9710200014B1878704700BFE7
S2140244D021620020014B1888704700BF266B00201F
S2140244E02DE9F74F814610460E46904616F04DFAD5
S2140244F0DFF840B105469BF8003033B94A4B1B68DB
S2140245001BB94A4B1B68002B7FD015F4406A05F096
S21402451040071BD19FBBB5F5804F61D24FF4807424
S214024520B9F1400F73D0B9F1800F63D0B9F1100F13
S2140245306BD100239BF800003D4AD9B2884264D969
S21402454032F8021B0133A142F7D166E008F10300FC
S21402455016F01BFA4FF6FF73984214BF012402248A
S21402456087B1052705F44043B3F5004F44F008042D
S21402457025D0B5F5804F24D244F4807421E0544609
S2140245800327EFE7B5F5804F4FF00507F4D3BAF5EA
S214024590406F14BF022008203844404416F0F5F954
S2140245A0019012F055FA019B05F4404598420CBF63
S2140245B044F0080444F00404B5F5004F01D144F079
S2140245C08004BAF5006F0FD108EB070016F0DDF98C
S2140245D0054612F020FAA842A2D144F010049FE742
S2140245E0544603270220D7E7BAF5406F08BF44F0C7
S2140245F0200495E70C4B1B683BB10022D1B233F87E
S214024600110033F91110002903DA002008E0074BE5
S214024610F1E7A04202F10102F0D106B13480012096
S21402462003B0BDE8F08F00BFF0550020F45500201F
S214024630405B00205A620020034B1A78022A04BF0D
S21402464009221A70704700BF226200200C22034B18
S2140246501A211A700320002201F090BD2262002067
S2140246600C2208B5054B1A211A700022104601F0DA
S21402467085FD0022024B1A6008BD00BF22620020A0
S214024680FC5500200C2270B50D4B05461E781A709C
S21402469030B93046BDE8704000221A2101F06EBDE6
S2140246A0084B1C78E1B21A29F3D825FA04F3DB0783
S2140246B003D54422304601F061FD0134F2E700BF23
S2140246C022620020A76B00200C22024B1A7010F008
S2140246D0F9BD00BF22620020F0B50C8805460E46E2
S2140246E08BB0E4B94FF6FF77ADF8247010F0FFFDFB
S2140246F010B902200BB0F0BDCDE90340CDE9054468
S214024700134A0294B2F85C306032019300923B4640
S2140247104CF60101FF2009AA13F0C8FC3080284697
S21402472012F0BFFA0B4C70B1237863B1013BDBB2D7
S2140247302846237012F0B5FA38B12078B0FA80F025
S2140247404009C0B2D6E70523F2E70120F9E700BF29
S21402475018550020A66B0020034B11461B6803B1B8
S214024760184710F06FB900BFFC5500200C22024B10
S2140247701A7008F039BF00BF226200200148FEF717
S2140247809BBE00BFF25A00207FB505460C46164671
S21402479015F006FF00286BD1062D03D85223EB40F6
S2140247A0DB071AD4B4F1006F05D3E30E1C3B032BD0
S2140247B018D94F202EE000222F4B1A602F4B1D7067
S2140247C012F0DDF803460A2D54D8DFE805F02D185E
S2140247D03E49182518535341360002F0A3F8B4F1A7
S2140247E0006FE2D20022244B042D1A60234B1D7068
S2140247F0E6D1022001F0B6F912F0C1F80346012212
S21402480002921F4A01921F4A00921F4A31462046D0
S2140248100AF078FA04B070BD314620461B4A04B04E
S214024820BDE870400AF056BA31462046184B194A7F
S21402483004B0BDE870400AF031BA00220292164A6D
S2140248400192104A0092154AE0E702220B4B1A70B8
S21402485000221046124904B0BDE87040FEF7BAB90D
S214024860002202920F4A0192064A00920E4ACDE7B1
S2140248704D20CFE70120CDE7FC5500202262002024
S21402488085460200C1480200DD6C03006D47020047
S2140248906146020059470200C9460200D946020094
S2140248A0394602004D4602009F6C030008B50AF026
S2140248B059FA0C22014B00201A7008BD2262002011
S2140248C0F0B585B0ADF8060018B97621644815F043
S2140248D07EFFBDF8060011F01DFE0446BDF8060078
S2140248E011F018FE082846D00C2CBDF8060042D15E
S2140248F011F000FF074616F048F80DF10F010646C4
S214024900BDF8060010F03CF9002879D009220021F3
S214024910384615F05BFB9DF80F301033C518BDF80E
S214024920060015F02FFCEDB2854269D22946BDF885
S21402493006000AF025FB06F44C4416F440660546CB
S21402494014D0F81C16F021F84FF6FF73984208BFF1
S21402495044F04004B6F5006F08D1781D16F015F83D
S2140249604FF6FF73984208BF44F010049DF80F30CC
S2140249705BB3072D44D1BDF8060011F0C1FD044615
S214024980BDF8060011F0C6FD082817D0A30615D5F7
S21402499024F0200189B2BDF8060011F09CFDBDF896
S2140249A0060011F0A7FE0021092215F00FFB00F108
S2140249B0100189B20DF1060013F0A1FC0022BDF829
S2140249C00610284816F04BF81AE0082D16D8BDB186
S2140249D0013D072D14D801A353F825F0394A0200E9
S2140249E0454A0200014A0200054A0200014A020044
S2140249F0514A020077490200574A02007C2D24D011
S214024A0005B0F0BD24F48844A4B2B4F5084FF7D13B
S214024A10BDF8060011F079FDBDF8061013F030FB64
S214024A200028A8D0BDF8060011F0C7FD00220146F6
S214024A30022015F073FFE3E724F48064A4B2B4F511
S214024A40484F97E7B4F54C4F94E7B4F54C4F92D0E5
S214024A504CF6500301E04CF640439C428AE700BF06
S214024A60954A0400F05A00202DE9F7430F46904677
S214024A709946064615F06AFB0446304615F082FB58
S214024A80C5B2083D2C44E178094BA2781970094B4F
S214024A9031461A70002043463A46CDF800900DF093
S214024AA0EDFE003818BF012003B0BDE8F08300BF5A
S214024AB03C6200203B6200202DE9F04FDFF8408187
S214024AC0DFF8409198F8002099F8003006469A429E
S214024AD085B004D340F21911424815F078FE3046EC
S214024AE00DF10F0115F006FD20B14FF48E713D4811
S214024AF015F06DFE98F800709DF80F403D1B15F0FE
S214024B00FF0530D04FF0FF3C374B01211B78A14008
S214024B10184699F800304FF6FF790CFA03FC00238A
S214024B20324A01F1FF3E0193C1F1000A9DF80430BA
S214024B30984243D8122004FB00002D4BA0F112012C
S214024B4005EBC5025200194404F101091844F6F7B0
S214024B50C3FD4FEA89092748A9F104010144AA00C6
S214024B604844F6F7B9FD224904EBC40201EB4203BE
S214024B7021F81260204A013712784FF6FF71DA7375
S214024B801A745A7412025A801C4A0D2012781A712C
S214024B9010225A7100229A73C3F80620C3F80A201C
S214024BA0144B43F8242088F8007015F0B7FE0EB9AF
S214024BB013F0C5F8204605B0BDE8F08F13884B45C4
S214024BC00AD053680AEA030B03EA0E030B4403EB0C
S214024BD04B0343EA0C035360019B083201330193F3
S214024BE0A4E700BFA84A0400886B0020684500209E
S214024BF08C5A0020644500203C620020236200207C
S214024C0090610020866B002010B5074C2046FEF708
S214024C1043FF04F06BFB02F0DDFE2046BDE81040C9
S214024C204FF47A5115F07EBB4C6900202DE9F04115
S214024C30074600250A4B0B4E93F80080ECB2A045BF
S214024C4003D8FF242046BDE8F08108223846B11D6D
S214024C50F7F73CF801350028F4D01236EEE700BF2D
S214024C60906100208C5A002007B50DF1070115F05F
S214024C7041FC30B19DF80730034803EBC30300EB59
S214024C80430003B05DF804FB8C5A00202DE9F8437C
S214024C90294E044633785D1E2D1A8342EDB204D89F
S214024CA04FF4A171254815F092FD0123A3404FF061
S214024CB0FF305F1E3B4400214FF6FF7E6FEA03087B
S214024CC01F4A92F800C01F4A127890401E4ACBB282
S214024CD09C4523D8BDB127B204EBC4041B4864002C
S214024CE005EBC50204F11201014452002044F6F716
S214024CF0F3FCBF001648AA00391D014402F0FC026C
S214024D003844F6F7E9FC33780022013B33704FF65D
S214024D10FF71BDE8F8430E2015F000BE13887345F8
S214024D2007D0536808EA03093B4003EB59030343E1
S214024D30536008320131CAE790610020A84A040095
S214024D40886B0020866B0020684500208C5A002065
S214024D506445002010B50A4C207858B9094B1B78D8
S214024D601A2B03D99921084815F031FD0322074B67
S214024D701A7010BD0138C0B2FFF788FFECE700BF1B
S214024D8090610020866B0020A84A04008C610020F7
S214024D902DE9F047054615F0D5FEFF28044624D136
S214024DA0DFF884901E4B99F800201B789A422BD28B
S214024DB02846BDE8F047FFF77FBE38883B79504566
S214024DC018D86F2B4FEA131214D85B0710D012377D
S214024DD008F1010899F800105FFA88F6B142ECD89B
S214024DE00023104ADEB28E4214D32046BDE8F08776
S214024DF0022AECD913F014F90028E8D129463046E5
S214024E00BDE8F04711F08EBF4FF000084FF6F77A74
S214024E10044FDFE7107901338F28EFD81232E1E72B
S214024E20866B00208C5A0020906100204FF6F773A4
S214024E30984210B514D8FFF7ABFFFF2810D0134CDA
S214024E4000B200EBC00004EB40040DF029FF10494D
S214024E5038B962880B7802EB0313A3EB1213638054
S214024E6010BD227C637C09789A42E27323746174D3
S214024E7007D98B4203D213468B4228BF0B461B022E
S214024E80EDE78A42F8D31346F9E700BF8C5A0020B2
S214024E903C6200202DE9F04106460F4600240E4DE6
S214024EA0DFF8388098F80030A34201D8BDE8F081D8
S214024EB0082229463046F6F709FF40B935F8063C7F
S214024EC0BB4204D02046FFF7E1FE013CE4B20134C7
S214024ED0E4B21235E6E700BF925A00209061002045
S214024EE0F8B5054608460E46FFF7A0FEFF2830D066
S214024EF01D4B294653F820703046FFF7CBFF284655
S214024F00FFF746FFFF28044625D113F0A4F8FF2832
S214024F100AD1164C207838B10FF015FD2378B0FB75
S214024F20F3F202FB1300C0B2294611F0FBFE044660
S214024F3023B20F4D03EBC30305EB430508223146AC
S214024F40A81DF6F7C9FB2B79204603F00F032B7139
S214024F50F8BD0027D3E7074B1B78002B18BF0027A6
S214024F60014B43F82070E3E764450020866B00207F
S214024F708C5A0020A86B002038B50B4B04461B78D1
S214024F800D46834204D840F25A21084815F01FFC09
S214024F90074804EBC40400EB44002946BDE8384049
S214024FA008220630F6F798BB866B0020A84A040053
S214024FB08C5A002070B5044608460E4615F0C2FD0F
S214024FC0FF28054610D02046FFF730FEFF2807D000
S214024FD0084B1B7823B9084B53F8202043F82520AA
S214024FE021462846FFF7C8FF31462046BDE87040F6
S214024FF0FFF750BFA86B0020644500202DE9F84358
S2140250000024804601272646114DDFF84C9099F879
S2140250100030A34210D83E430134E4B21A2C4FEAC1
S214025020470705F11205F2D14FF0FF30094B1B7806
S21402503098403043BDE8F8832B884345EBD028469A
S21402504011F0B9FE0328E6D82B796F2BE3D8E3E7F5
S2140250508C5A0020866B00209061002010B5084C08
S21402506000EBC00004EB400423795B0707D120461F
S21402507011F0A1FE237923F007031843207110BD17
S2140250808C5A00200022084B1878084BD1B288426E
S21402509003F1120300D8704713F80D1C013221F0F9
S2140250A0100103F80D1CF1E7906100208C5A0020D5
S2140250B02DE9F04702261227DFF85C90DFF85C80C5
S2140250C099F8004000250CE007FB05F338F803A02A
S2140250D00021504611F084FE10B15CB1013CE4B2EE
S2140250E0013599F80030EAB29342EDD8A34204D1D2
S2140250F04FF6FF7A5046BDE8F0870FF024FC99F889
S2140251000030012EA3EB040390FBF3F202FB130024
S214025110C4B2EDD00126D5E7906100208C5A00205B
S214025120034B00211A7803489200F6F783BA00BFB1
S214025130866B00206445002010B5134B0C461B7886
S21402514086B0834212D9114900EBC00001EB400140
S214025150082220460631F6F7BFFA0022082120462A
S21402516011F0E7FB80F00100C0B206E0C01A01A908
S214025170C0B212F079FF10B1002006B010BD01AB2C
S21402518003CB20606160E8E7866B00208C5A002023
S21402519008B5074B024653F820308B4206D9152035
S2140251A04FF6FF7115F0BAFB002008BD0120FCE7A0
S2140251B064450020024B013143F82010704700BFBF
S2140251C0644500202DE9F34781460C4600272A4E07
S2140251D0DFF8ACA09AF80030FDB2AB4210D86946B0
S2140251E0204612F05AFFC0B3082269464846F6F730
S2140251F06DFD90B34946204612F098F8FE2537E03A
S21402520006F10608082241464846F6F75FFD90B9C1
S2140252104FF6FF739C422BD03388A34228D02046F9
S21402522015F0A1FCFF2814D14946204602B0BDE87D
S214025230F047FFF755BE14B912360137CAE733886E
S214025240A342F9D100220821404611F072FB002841
S214025250F2D12846FFF71AFDCCE74946002015F0A2
S21402526080FCFF28054603D0044B1B780344DDB2BE
S214025270284602B0BDE8F0878C5A0020866B0020D4
S214025280906100200F4B1B7883420CD8C01A0E4A3E
S214025290C0B232F81030D90411D443F4805322F845
S2140252A0103001207047094B00EBC00003EB4003AF
S2140252B05A79D10603D442F010025A71F1E700205F
S2140252C0704700BF866B0020C05A00208C5A002010
S2140252D0F0B5134B06461B78FBB100251148DFF8E4
S2140252E04CC090F800E0104807781F44E8B28645A4
S2140252F001D80020F0BD7C1B94FBF3F003FB1044A6
S2140253000CEBC4003CF83440B44204D1002AF1D17C
S21402531084788C42EED00135E8E71846EAE700BF0B
S214025320886B0020844700208E610020684500209C
S21402533070B50CF009FE14250F49104E0B78328812
S21402534030809B1A03449BB2B3FBF5F405FB14337F
S2140253500B700B49E2B20B78934292BF00239B1A62
S214025360DBB2032A0B7088BF002306499EBFD20019
S2140253700B68D3400B6070BD25620020F45A0020F3
S2140253808D61002084470020084B1868084BC2B283
S2140253901B789A4208D2074BC0F307201B78984224
S2140253A034BF002001207047012070478447002048
S2140253B0886B002024620020F8B505461746FFF7E2
S2140253C0E3FF064610B9184B1A783AB92120012293
S2140253D04FF6FF7115F0A2FA0020F8BD1348DFF869
S2140253E054C003780133B3FBF2F402FB14330370A8
S2140253F00F48DCF8002000EBC30420F8335002F11B
S2140254000132A1703846CCF80020FFF7F7FDE670AF
S214025410606011F000FBA84201D10120DDE7E378CD
S2140254200133E370F9E700BF886B00208E6100202D
S214025430684500208447002010B50B4C0B4A2378A1
S214025440063B13700CF080FD0022094BFF211880EA
S214025450084B09481A602278D200F6F7EBF80422C5
S214025460064B1A7010BD00BF886B00202462002015
S214025470F45A002084470020684500208D610020F1
S2140254802DE9F843074615F09BF905461A4815F02C
S2140254900EFB1A4B48B31C683C1B2C44A4B20022D9
S2140254A0174BDFF864901B78164D99F8006005EBF1
S2140254B003155FFA82F8464509D9AB8805F1100054
S2140254C0A34215D9B21A29461201F6F705F9013692
S2140254D089F80060AC80B8F1000F03D1394606485F
S2140254E014F020FF2846BDE8F8833C461D60D6E748
S2140254F005460132DDE700BF6C6900200056002039
S2140255002762002064440020286200202DE9F74F1D
S21402551015F056F94FF0000E284D294F2978294CE0
S21402552097F800A004EB011303EB0A120092F3466D
S2140255305246DFF898801FFA80FC0646B8F800004C
S214025540ACEB0009A0EB0C001FFA89F90190009859
S214025550984217D1BEF1000F00D02970524503D2EF
S21402556000203A70FDF7DEFA3B7823B32B78164814
S21402557004EB0314A188C8F8006003B0BDE8F04F3E
S21402558014F0D0BEB3F804C0CC450FD84FF0010ECD
S21402559093F802C001310CF1FF3C013AA3F804B0C3
S2140255A083F802C0C9B2D2B21033D0E7019884445D
S2140255B0A3F804C0F8E703B0BDE8F08F2762002026
S2140255C028620020644400206C69002000560020F7
S2140255D07FB56C461E4B1F4D1E78013EF6B21E70FE
S2140255E095E80F0084E80F001B4B28461A7805F151
S2140255F0100132441201F6F76FF89DF8026016F0B9
S2140256000F0511D1BDF8080009F02CFE360918BFA7
S21402561029464FF00002BDF8000008BF039904B007
S214025620BDE8704002F022BDBDF80400FFF728FF77
S2140256300346828804ADADF80420224603CAAA4275
S21402564018605960144603F10803F6D104B070BD21
S214025650276200206444002028620020F8B5002457
S214025660084D094F094E3B783178E2B20B449A4214
S21402567004F1010400DBF8BD2846FDF71DFF1035D6
S214025680F1E700BF64440020286200202762002061
S21402569070B5134B06460D46104612491A78124B41
S2140256A009781B780B44934206DB1F204FF6FF71E6
S2140256B015F034F9002070BDFFF7E2FE01350680D2
S2140256C08570044615F077F8E08009F0D1FD40F6C3
S2140256D002432081E3600020FDF724FA0120EAE776
S2140256E0856B002028620020276200202DE9F843FF
S2140256F086460023144FDFF85C803E7898F8005008
S21402570012497219DCB294421CDA4FEA041C31F8D0
S2140257100C900133F14501EB0410F3D1631CD21A4D
S2140257200CF1100C12016144F5F7D6FFA5428BBFAF
S21402573005F1FF3506F1FF3688F800503E700CB9C9
S214025740034B1C70BDE8F8832862002064440020E6
S2140257502662002027620020044B054A1B78127836
S214025760D3420CBF01200020704700BF27620020F2
S21402577028620020024B1878003818BF01207047B4
S21402578027620020002108B5084B09481970094B0A
S2140257901970094B1970094B1A781201F5F74AFF6E
S2140257A0BDE808400648FEF777B900BF2862002029
S2140257B0644400202762002026620020856B0020B9
S2140257C06C69002010B50B4C23784BB10A4802F0E6
S2140257D03BFD58B1084B0121188811F00EFA08B9A2
S2140257E0002010BD0122054B1A70FAE7FFF7F0FE03
S2140257F0EAE700BF276200206444002026620020F9
S21402580010B50E4B1B78BBB10D4C238883424FF06C
S214025810000311D10B4AE160137049B9A378103323
S214025820A37011F0B4FC18B9A37823F00F03A37089
S214025830FFF7CEFE012010BD1846FCE727620020C7
S214025840644400202662002070B592B00C460646DC
S2140258500FF076F8E17A05460020FCF733FE28B30F
S21402586094F90A0011F070F810BB134BE27A29463D
S21402587083F85820A27A83F85A206A46FDF748F938
S2140258804FF6FE739E420CBF4FF6FF7323896A469D
S21402589029460020ADF80660ADF80430FDF7EEFBB1
S2140258A040B92289054B5A8012B070BD5520FBE7DD
S2140258B05620F9E72120F7E7185500200456002065
S2140258C010B50446014608220948F5F705FF237B72
S2140258D0022B0AD8002B14BF3122012205490B7075
S2140258E017234B61044B1A7010BD00230122F5E703
S2140258F00856002004560020966100200146102318
S2140259000120014AFEF742B964EE0100014B5861DC
S214025910704700BF04560020014B1878704700BF3E
S2140259200456002010B5054C2378112B03D0E22133
S214025930034814F04CFF4123237010BD96610020EB
S214025940B34A0400064B01461B78042B04D1054AD1
S214025950137E053313767047034814F0E3BC00BF8A
S21402596097610020045600208C69002008B506487E
S214025970FDF7A2FD0548FDF79FFD0FF00DF9BDE806
S214025980084000F0EBBF00BFF05A0020225B002068
S214025990064B1878332806D000F0EF00A0F1430338
S2140259A05842584170470120704700BF9661002058
S2140259B0002208B5074B4FF6FE701A7011F037F842
S2140259C04FF6FF7011F050F8034B5869BDE80840D7
S2140259D00FF078B8966100200456002008B5064BF2
S2140259E0187838B10548FEF743F84FF47A73B0FBDF
S2140259F0F3F0C0B208BD00BF8B6100204447002010
S214025A002DE9F0438BB00746154698460E469DF89C
S214025A10489049B9104605AC15F0A5F8214612F093
S214025A2023FB172818BF2646B9F1000F0AD1124BDE
S214025A301B781BB9284612F034FBD0B92846FEF76D
S214025A40A1FA02E0284612F02CFB80F00104E4B230
S214025A509DF850302A4602939DF84C303146CDE9E7
S214025A60009338464346039411F00BFA0BB0BDE898
S214025A70F0834C46ECE700BF926100200022014B07
S214025A801A7670470456002008B50020FEF788FCF8
S214025A900023024AC2E90133538008BD045600209F
S214025AA010B5144B1B78033B012B16D8124BB3F8D8
S214025AB068204FF6FF739A420FD10320FEF7E6F8EE
S214025AC001F052FFFFF7E0FF002014F035FA78B13C
S214025AD0BDE81040002010F01BBEFEF7C7F80446D3
S214025AE0FEF7BEF80146204607F01AF80220E5E760
S214025AF010BD00BF976100201855002008B5114A56
S214025B00114B58611378032B1BD0D3B1332B01D022
S214025B10432B10D10D4B1B78033B012B05D80323D7
S214025B201370BDE808400EF0CDBF0EF0CBFFBDE807
S214025B300840FFF7B5BF21231370BDE8084001F007
S214025B407DBD08BD966100200456002097610020A6
S214025B5008B50348FDF7A0FFFFF796FF022008BD31
S214025B604447002038B5114D04462B78834218BFAF
S214025B7028700FF0B4FB80B124B920460FF0B1FBB9
S214025B8002220DE001200FF0ACFB2B781A1F012A2F
S214025B9005D9062BF4D1032202E0002CF5D101220E
S214025BA0BDE838400021084611F0ABB897610020E6
S214025BB030B5044685B068460D46FFF79FFE94B1A1
S214025BC000212846144A01F0F3FE144B20681B7885
S214025BD061688DF80430124B1B788DF8053002ABE5
S214025BE003C305F071F90F4B93F8582093F85A3017
S214025BF08DF803208DF8023010F02AFFADF8000071
S214025C0010F009FF1023ADF8060069460020064A88
S214025C10FDF7BCFF05B030BD00F8FF077C6B002027
S214025C20976100201855002064EE010010B5104B55
S214025C3004461A780F4B002083F8582014F07CF99B
S214025C4010B1002010F064FD00210846FFF7B0FFF7
S214025C500FF037FB2046FDF749FA40F617400EF0E4
S214025C6031FF0023044A1380044A138010BD00BF8C
S214025C702962002018550020CA5A0020C85A00205F
S214025C801FB504466846FFF739FE54B100238DF867
S214025C900530102369460020064AFDF777FF04B058
S214025CA010BD10F0B8FEADF8060010F0D1FEADF84B
S214025CB00000EEE764EE010010B50146044600203F
S214025CC0FCF700FC90B10C4B1B78023B032B0FD861
S214025CD00A4B1C7014F064FC60B9094A0949FCF7C7
S214025CE079FF003818BF0120800010BD5520FCE760
S214025CF00220FAE74D20F8E796610020296200208C
S214025D007D8502002D5C0200F8B5064614F048FCBC
S214025D10044668B914F010F950B1064D204695F8BD
S214025D20587085F8586010F0F3FC10B185F858707A
S214025D304D20F8BD185500202DE9F0418046184642
S214025D40033B012B0E46174602D918B1212438E030
S214025D50FFF708FF274B1D78022D08D0032D46D1EA
S214025D60B8F1000F03D1244B1B689B073FD43320A6
S214025D70FDF78CFF01F096FAB6F1006F34BF1F4BA9
S214025D80052231464FF0060038BF1A78FEF7FCFCB3
S214025D90044628BB1A4D2873012000F017FE10F0A7
S214025DA057FE68802846B8F1000F0DD0022300F88F
S214025DB0043B11F0B9F86C732F61394630460EF089
S214025DC0C5FD2046BDE8F081012300F8043B11F032
S214025DD0ABF86C732F61394630460EF0B6FDF0E72D
S214025DE02846FDF753FFB8F1000FF4D0E5E702248A
S214025DF0E7E700BF9661002098470020A96B0020C5
S214025E0004560020034B187818B9034B034A1B7834
S214025E10D05C70479561002097610020E0970400EF
S214025E2038B5437B0446DB0703D590F909000FF02B
S214025E3047FA00250F4B83F859502079FFF764FF85
S214025E40FFF7E0FF61882488034622462846FEF7CD
S214025E50ADFA044620B11720FFF750FE204638BDA3
S214025E601723054DC82105486B6114F05BFA03231E
S214025E702B76F3E718550020045600208C69002084
S214025E80F0B51A4D06460C4693B0A5F8680005F123
S214025E906A0729BBC5F86A1079600EF051FD6A469A
S214025EA001460020FCF734FED5F86A30ADF81060E3
S214025EB0CDF812307B68CDF816300EF041FD6A46FA
S214025EC001460020FDF7DAF84FF6FF73B5F86800D2
S214025ED0984203D014B106490EF03BFD13B0F0BD54
S214025EE008223846F5F7F8FBD7E700BF185500201A
S214025EF0825500202DE9F041DFF8B8801F4698F859
S214025F00003005460C4616461BB102252846BDE85B
S214025F10F081531E052BF8D814F042FB0028F4D16A
S214025F203B7B032B14D14FF6FE739C4212D1012EFB
S214025F3009D0022EE9D110F06EFD4FF6FB7398429F
S214025F4003D810F068FD044604E011F0BFF9FAE742
S214025F50012EDAD0EDB939462046FFF775FC054624
S214025F600028D3D198F80030332B03D0532B1CBF14
S214025F700E4B18613046FFF7F5FD00214FF6FF7015
S214025F80FFF77EFF0A4B1B78002BBFD012F06FF88C
S214025F90BCE7397B721ECB1E5942594150425041D2
S214025FA005F07CFF05460028D5D0AFE70456002052
S214025FB0AA6B0020966100202DE9F04105460F46A7
S214025FC0904610F028FD6B7B0446DB0703D595F957
S214025FD009000FF075F910F01EFD384B384E188088
S214025FE010F036FD374B1880FDF73AFE364B188018
S214025FF0FDF73CFE082201463448F5F76DFB10F02B
S214026000CCFC334B18702879FFF77EFE0021688897
S214026010FFF736FFFDF726FF60B14FF6F672631EF6
S2140260209BB2934206D911F051F9B6F8683004468D
S2140260308342F8D0204610F0FAFC288810F014FDAF
S2140260404146B6F86800B847044628B91920FFF753
S21402605055FD1920BDE8F081B6F8681010F094FAE4
S21402606000231C4D86F859302B7803F0FB03022BD5
S21402607002D0204610F0F5FE002220461146FFF719
S21402608007FB0446B0B117236B61134B1B78042B36
S21402609009D1C821114814F045F903232B7684F060
S2140260A00100C0B2D6E74FF416710C4814F03AF964
S2140260B00023F3E71720FFF721FDF0E7FA5A002046
S2140260C018550020F85A0020F65A00202A620020AE
S2140260D03262002004560020976100208C6900205E
S2140260E0F0B50C461E460B462049074689B004F119
S2140260F0140053F8045B834241F8045BF9D11B8811
S21402610002AD0B80D4F80E00D4F81210238803C513
S214026110ADF8103023798DF812208DF81330002355
S2140261203A468DF814304FF6FE71012002ABFFF7A7
S214026130E1FEC8B902A8FFF7C3FB237B4BB10C4DA7
S2140261400C4B01AA2946012001930FF097F82A78F2
S2140261501AB92046FFF764FE03E020460199FFF7CE
S2140261602BFF08B9044B1E7009B0F0BDFC5A002084
S214026170045600203F6F03003362002001232DE9FE
S214026180F341304E05460F4600202F4914467373DE
S21402619000F0EAFB0FF096F8DFF8AC8038B9012D74
S2140261A001D9042D0FD1214638460EF04FFC10209F
S2140261B0002111F074FF00283CD0002002B0BDE898
S2140261C0F041FCF7AFBC002CF1D1204B1B78212B01
S2140261D003D0062B01D0532B02D101F02FFAE6E7AB
S2140261E0FDF740FE0028E2D000F0EAFB28B9307B3B
S2140261F0C0F11800FFF782FCD9E7154B414620464E
S214026200019300F0B1FB20B140F61901114814F0D9
S214026210DEFA01AA0B4998F80C000FF02FF8327834
S2140262201AB90948FFF7FCFDC1E701990648FFF7CE
S214026230C3FEBCE7FFF79EFA0028BED102B0BDE857
S214026240F08100BF04560020FC5A00209661002010
S2140262503F6F0300B34A04001FB5144B04461B8865
S214026260DB0707D44FF6FF700021FFF709FE002078
S21402627004B010BD0A230E4A012001A9FDF786FCD0
S2140262804FF6FF73BDF80C209A42EBD00822FF218E
S21402629001A810F04EFB0028E4D10CB90120E7E774
S2140262A0BDF80C0001A9FFF7EBFDF7E7145B002031
S2140262B026E1010038B50C46154610F0B8FB02F090
S2140262C053FF29462046FFF7DBFD00F079FB48B175
S2140262D0054BDB790E2B28BF0E230133DBB2034AB4
S2140262E0137038BD0123FAE7FC5A00203F620020F3
S2140262F038B51D46FFF7FEFD0446C8B92B7B284677
S214026300032B03D1BDE8384010F02DBEFFF7D8FAB4
S214026310084B25469C8110F040FB0121064B81402C
S2140263201A780620FEF730FA044608B1034B1D70B1
S214026330204638BD04560020A96B00209661002036
S21402634030B5012087B0FFF787FF6B460446144A34
S2140263501068516803C384B904F0C4FD02A8FFF7AD
S214026360CDFA4FF6FF752246BDF80E002946FFF716
S214026370A1FF0EF0F2FA07B030BD6B46094AD2F81A
S2140263806A00D2F86E10B2F8685003C304F0AAFD91
S21402639002A8FFF7B3FA6A46BDF80E00E6E700BFAA
S2140263A047D303001855002037B5324B04461B78F6
S2140263B01BB10224204603B030BD14F0F1F80028C9
S2140263C0F7D100F00DFB14B122882B4B1A80002166
S2140263D00DF10700FDF7D0FC002848D110F095FD1E
S2140263E004460028E6D1254D9DF80700FFF7BAFBC4
S2140263F02B78033B012B27D82046FFF72DFF18B337
S214026400FFF79EFF00F0FCFEFFF74AFB012010F0AC
S2140264108EFA48B9184B1B889A0707D523460522D9
S21402642001201749FFF788FC0446C3E7154D0223EF
S21402643029460120144AFDF7A9FB2B885B07B9D52C
S214026440204600F0F1FEB5E72B78053B012BB1D8CC
S214026450FFF776FFFFF724FB2B78052B0CBF0420F3
S2140264600520FDF713FC012010F061FADCE7172483
S214026470A0E700BF96610020145B00209761002011
S21402648000F8FF07C65A002027E101007FB5002466
S214026490184E194D3278E3B29A4201D804B070BD54
S2140264A04FF6FF73B5F868209A421AD0134B1B8832
S2140264B0DB0714D5124AB5F8683010685168ADF893
S2140264C00C3001AB03C30F4A0A23002001A9FDF7D3
S2140264D05DFB022300200C4A0C49FDF757FB0134F2
S2140264E0D8E700220821064810F023FA0028F6D141
S2140264F0DCE700BF876B002018550020145B0020E5
S2140265008255002026E1010027E10100C65A00203C
S21402651010B500F0C7FE01F013FCD8B10E48FDF727
S214026520BBFA0E480E4C017A0E30FFF741FB237879
S2140265301BB100F0F7F9002323700022094B1A73EF
S214026540FFF7AEFA07F0B8F900F012FFBDE8104008
S214026550FFF79CBF10BD00BF8C690020FC5A0020CC
S214026560336200200456002010B52548FDF794FA41
S21402657001F0E6FB30B1234B1B781BB9BDE8104097
S214026580FFF7C6BF01F0DCFB78B11F4C237E83B158
S214026590C8211B4813F0C6FE0021237E0846013B95
S2140265A02376BDE81040FCF72BBBFDF75BFC00280A
S2140265B0EBD1FDF757FC154B1B7858B9112B03D0BE
S2140265C003F0FD03412B19D1BDE810400E4B58696C
S2140265D0FFF794BA332BF7D10D4B188810F027FA31
S2140265E00C4B188810F040FA0B4B0C491888FFF732
S2140265F047FC0B4B1878FFF787FBE5E710BD00BF9B
S2140266008C690020926100200456002096610020CA
S214026610FA5A0020F85A0020F65A00202A62002071
S214026620326200202DE9F04F0F4685B002AD0446D7
S21402663029463846914611F0C4FF4FF0000B8246B9
S2140266403846CDF804B010F055F84678022C80464D
S21402665006F0020609D85CB1FDF704FC04460028E1
S21402666048D1754B01241B7865E0043C022C3AD9CC
S214026670FDF7F8FB38460FF0B6FF00240546A046A5
S214026680DFF8D8A1384610F035F850F809300DF189
S2140266900500019314F079F99DF807B00746B8F1A2
S2140266A0000F4DD1BBF1000F5BD0DFF88C9199F84B
S2140266B000300BB1002E63D0002C61D05F4B1B78EC
S2140266C0022B5DD1BBF1000F53D1384610F0AFF963
S2140266D058465946FFF76CFA07F0EEF840F60740C0
S2140266E00EF0F0F934E010F004FCFDF7BBFB0446B4
S2140266F0F8B15C464EB1524B1B78012B02D0043BDC
S214026700012B0BD805B0BDE8F08F4B4B1B782BB195
S2140267104B4B1B7803F0FB03022BF3D0BAF1000FAE
S214026720404608BF002511F03FFF4FF001088246A1
S214026730A8E7414B1B78002BF0D0002EEED1E1E704
S214026740BAF1000FAED05046FDF71EFE0028A9D1C2
S214026750002013F0F1FB0028D4D000200FF0D8FF61
S214026760D0E74FF6F7739F429FD91720FFF7C6F977
S214026770EEE7FDF777FB48B13248FDF78DF9F4E70F
S214026780FDF770FB10B1BBF1000FF5D1FDF76AFB08
S2140267900028DDD02846FEF749FAFF28DFF89CA03D
S2140267A0294C03D09AF80030012B04D12946B4F8BC
S2140267B06800FEF795FBFEF751FC2A463846B4F809
S2140267C06810FFF777FD214B214A93F906301B022A
S2140267D013809AF80030012B19D0312B14BF4323B3
S2140267E011238AF800301B4B1648196813F09AFDDD
S2140267F000F006FD0023124C99F80010237641B9EA
S214026800104813F08FFD40F61B436361A0E7112387
S214026810E7E7B8F1000F03D016B1FFF779FEF2E70B
S2140268200D4B1B78042BEED10521064813F07AFD9A
S21402683009232376E7E700BF9261002096610020D5
S214026840045600208C69002018550020FC5A0020AF
S214026850125B0020AC6900209761002019620020BC
S21402686070B508468CB00D460FF044FF0922002191
S214026870064613F0ABFB044628460FF0B4FE05228C
S21402688028460DF10F0304A90EF06EF902281BD05C
S2140268909DF80F3029461C440023E4B204F110028E
S2140268A0365D01200093D2B20BF0E8FF60B1022EF3
S2140268B00AD1064B1B78012B06D1054B187818B95E
S2140268C022462946FFF7AEFE0CB070BD9661002048
S2140268D00456002008B5084B187050B1074B1B88A9
S2140268E03BB14FF47A710648594313F01BFD002062
S2140268F008BD0120FCE700BF89610020286B00204C
S21402690064460020014B188000207047286B002048
S21402691008B5FDF7C1F80022014B1A7008BD00BF8A
S2140269208961002010B50024044B05481C80054BE5
S2140269301C70FDF7B1F8204610BD00BF165B0020A4
S214026940B06900203462002008B50348FDF7A4F8B9
S214026950BDE80840FFF7E6BFB06900200148FCF733
S214026960ABBD00BF165B0020F7B5134B04461B7881
S2140269700E46EBB183421DD90021104814F069F887
S214026980002501460D4F09B9012009E0AC4209D1A4
S2140269900024162322463046009414F0EFF82046D0
S2140269A003B0F0BD384614F078F801350146EAE740
S2140269B01820F5E72720F3E734620020165B002054
S2140269C0014B1878704700BF3462002025289DBF0F
S2140269D0024B187000202120704700BFAB6B0020CE
S2140269E0012307B51846064A0DF10701FDF7CEF852
S2140269F09DF80720034B1A7003B05DF804FB00BF36
S214026A0029E101002A6B002084B010B502AC84E8AC
S214026A100F00082224480DF11601089CF5F756F9D6
S214026A2038BB9DF815309B0705D4204B1B7803F026
S214026A30FD03312B23D11E496378097803F00F0238
S214026A408A4203D0012928D1022A18D12278B2B963
S214026A501B09022B13D194F90230002B21DB154BB4
S214026A60B3F86820BDF80A309A4208D1FEF790FFC4
S214026A7006E0002208210C480FF05BFF20B9002038
S214026A80BDE8104004B070470B4BBDF808205B8889
S214026A909A42C6D0002BC4D0F1E70229EFD1012AD0
S214026AA0D3E70120ECE700BF0856002096610020DD
S214026AB07C6B0020185500200456002084B02DE977
S214026AC0F0478EB016AC84E80F00DFF868C1564B6C
S214026AD0BCF802009DF85D9010F001049DF962205A
S214026AE0BDF870E09DF875A09DF976709DF8785017
S214026AF09DF97A109DF95E809DF860601B782FD014
S214026B009DF87D00C0F34004C0F38000002B44D003
S214026B10464B1B78012B02D1002C00F08280C0B1BC
S214026B209CF800301E335BB2BB42ACBF0027012785
S214026B309845D4BF00230123BB4209D18A4208DB11
S214026B400CD1A81BC0B280288CBF0020012000E018
S214026B5038460EB0BDE8F04704B070470020F8E7AC
S214026B6010F0020F18D0C3B1490814BF012000204C
S214026B70520814BF012300238342EAD1AB1BDBB2C7
S214026B80802B0AD9AE42E9D1B84506DB49D1CA45BF
S214026B9094BF00200120DCE70BB90120D9E7AE4202
S214026BA016D002AC1CAF0FCF0FC497E8030044F810
S214026BB0040B2180DDE91A0116AB0090ADF8041033
S214026BC00FCB0EF054FB0028E7D1AE42B9D1C0E796
S214026BD0BDF8583073451ED008AC0DF1700CBCE8F9
S214026BE00F000FC49CE8030044F8040B2180104CED
S214026BF0638873450FD10822211D0DF12E00F5F78B
S214026C0065F8024638B90821201D0FF092FE10B929
S214026C106388002BC1D1B845BFDBC2D1CA45BCD8F8
S214026C20BFE7204695E700BF346200209661002049
S214026C30045600202A6B002084B02DE9F04F8FB056
S214026C406A4E18AC08AD84E80F00162200212846CA
S214026C50F4F7F0FC33783BB90024654B32781B78A6
S214026C609A4239D2002726E00021624813F0F1FE4C
S214026C7000270446B846DFF87C91002C45D13FB188
S214026C80224639465B480FF0B8FD3378013B337035
S214026C903378002BE0D0002156484FF0000913F05D
S214026CA0D8FE4F468046CA46DFF848B1B8F1000F14
S214026CB06CD1002FD1D01621002218A80FF035FD76
S214026CC0014648B1002F00F08B80224649480FF05B
S214026CD04CFD337801333370454B32781B789A4239
S214026CE007D94448002201880FF087FD3378013B1C
S214026CF033703378012B03D13F49404813F012FB1F
S214026D000FB0BDE8F04F04B07047002221461623AC
S214026D102846CDF8008013F031FF1622294618A81F
S214026D20F4F7D4FF0028EBD09DF864209DF82430B9
S214026D309A4225D1BDF86020BDF820309A421FD174
S214026D4008220DF12E010DF16E00F4F7BFFFB8B95F
S214026D5002AF0DF1600CBCE80F000FC79CE8030001
S214026D6047F8040B39800EAB13E903000090ADF828
S214026D70041095E80F00FFF7A1FE0028C0D02746B2
S214026D802146484613F089FE044676E7162300227B
S214026D9041462846CDF800A013F0F0FE02AF0DF1F2
S214026DA0600CBCE80F000FC79CE8030047F8040B12
S214026DB039800EAB13E903000090ADF8041095E895
S214026DC00F00FFF77BFE074620B1B9F1000F04BFA4
S214026DD0444681464146584613F05FFE804665E7C4
S214026DE03A46044813F03BFE73E700BF34620020C5
S214026DF0AB6B0020165B002020BF0200B0690020AB
S214026E002DE9F04F002104469FB00DF140081622EE
S214026E1040460E91CDE90C11CDF83B10F4F70AFC72
S214026E20052220460DF11F0316A90DF09DFE02282D
S214026E30074600F0F28020460FF05CFC064613F090
S214026E40A4FD8146F01C13F0A0FDADF84000701DB5
S214026E5013F09BFD012FADF84200204640F0E08083
S214026E600FF048FC0546204613F070F90D35022354
S214026E702D1A0093214643460820EAB20BF0FEFC88
S214026E80002800F0CA8020460FF039FC012F834606
S214026E909DF84D3040F0DC8000252F4643F001037C
S214026EA08DF84D3016AE3388022B4DD1F178204640
S214026EB0023108F065F81B2846D1F17820460331E6
S214026EC008F05EF819283FD1F1782046043108F020
S214026ED057F84A2838D14FF0050AF1782046013192
S214026EE0514408F04DF8F17805905144204608F0D8
S214026EF047F8059B00EB032083B200F03F02932B7A
S214026F00059240F095800023F778214602375744D1
S214026F10FFB23A4600930CA80F2313F02FFE07F198
S214026F200F01204611F026FA07F111010546204608
S214026F3011F020FAADF84200059B023353445FFA83
S214026F4083FA33795345C8D806360DF17603B34231
S214026F50A9D19DF84D20C5F3C03363F34102204604
S214026F608DF84D200FF05DFB8DF8440020460FF0A3
S214026F704DFB8DF8450020460FF04DFB9DF8323054
S214026F80BBF1190FC3F3C3028DF84720DDF8332097
S214026F908DF84600CDF84E20DDF83720CDF8522089
S214026FA094BF00229DF83E208DF8482003F003028D
S214026FB08DF84A209DF84D20DB0963F38202694B67
S214026FC08DF84D201B78022B56D1BDF840600FF08D
S214026FD03FFD864250D108A80FF0A6FFBBF1190F5D
S214026FE047D908220DF14E0108A8F4F76FFE0028D3
S214026FF03CD1B9F5004F02D0B9F5624F0DD140F63B
S214027000FF7325F440459D4207D1002208210DF169
S2140270104E000FF08EFC00283ED01FB0BDE8F08F69
S2140270200FF068FB0546204613F090F807351EE77A
S214027030412B81D1F17820460231514407F0A0FF5E
S214027040494B1B78C3F1B30318448DF8490073E724
S2140270506FF30003F01D8DF84D3013F096FC0CA96B
S214027060054620460FF0B2FF0B2772E700F058FDE8
S214027070BFE700F055FDD0E7B9F5004F02D0B9F5ED
S214027080624FCAD140F6FF7325F440459D42C4D1F3
S214027090BBF1190FC1D9B8E7BBF11A0F06D007F139
S2140270A01F0142462046C9B20EF0E7F82F4C304D7B
S2140270B0637BDBB12B78012B1DD1012323730CAB31
S2140270C0029314AC94E803000090ADF8041098E81C
S2140270D00F00FFF799FC90B194E803000090ADF81A
S2140270E0041098E80F00FFF7A7FD08E0FCF7BAFEC9
S2140270F00028DFD0E1E703F0FD03042BDDD02B7878
S214027100012B01D0042B88D11A4BDDF84E001B78D8
S214027110DDF852108DF82230BDF84030ADF8203040
S2140271209DF84D30C3F340038DF823309DF831307F
S21402713003F00F038DF82C309DF848308DF82D3073
S21402714009AB03C30C4B1B681BB1414608A8984702
S21402715063E79DF946209DF8451008A80DF074FCDB
S2140271605BE700BF966100203B62002004560020C9
S214027170226200203A620020F855002010B513F073
S2140271801FFB114B1B78022B1CD1104A1468A0421D
S21402719018D00F4910600A68121B10440D4A086086
S2140271A012786AB1013A93403C2253434FF47A7202
S2140271B05343984206D9BDE810400320FCF766BD4B
S2140271C00A23F3E710BD00BF966100209047002017
S2140271D08C470020786B0020064B1B88DB0708D5FF
S2140271E00022054B43F82020044A135C63F00F0389
S2140271F013547047185B0020E04500205B610020B6
S21402720008B513F0DDFA0022024B1860024B1A6032
S21402721008BD00BF904700208C470020014B18682D
S214027220704700BF8C47002008B50C48FCF734FCBA
S214027230FCF772FD80B10A4B0322B3F868100120F6
S2140272400EF03BF84FF47A71064B04481B885943FC
S214027250BDE8084013F066B808BD00BFD06900203C
S214027260185500200C6B0020014B18800020704738
S2140272702E6B0020044A054B1870138823F0030374
S2140272801843108000207047185B0020796B00209E
S214027290034B1888C0F30E00003818BF0120704751
S2140272A0C65A002008B5FFF7F3FF30B100200449A4
S2140272B00223044A0880FCF769FC002008BD00BFD0
S2140272C0C65A002027E10100024B1888C0F30E00C0
S2140272D0704700BFC65A00200023084A01201370D8
S2140272E0074A08491370084B084A1B7843F0040300
S2140272F013800223064AFCF749BC00BF376200200F
S21402730036620020C65A0020796B0020185B0020E7
S21402731027E1010030B5012100240B2385B0104D72
S214027320019400918DF80C308DF80D000323B5F80A
S214027330680003AA8DF80E4011F0D5F868B1B5F8CA
S21402734068100FF000FF40B10522064B64211A7048
S214027350054B06481C7012F0E5FF05B030BD00BFB5
S214027360185500203662002037620020F06900209F
S214027370064B1B78033B012B06D8054B1B781BB923
S214027380044B1878FFF7C6BF704700BF976100200E
S21402739035620020786B002010B51548FCF77CFBA0
S2140273A0144B1978F9B9144A13787BB1013B137060
S2140273B0124B1B78042B02D10846FBF721FCBDE8D2
S2140273C010404FF496710A4812F0ACBF0C4A12886D
S2140273D002F00302022A0AD1BDE81040032201206D
S2140273E00849FEF7A9BCBDE81040FFF7C1BF10BDB3
S2140273F0F069002037620020366200209761002084
S214027400C65A002000F8FF07084B1A785AB1022322
S214027410013A93404EF66022534303210448B3FBDD
S214027420F1F112F07FBF42F21073F6E7786B00209C
S214027430F069002070B505461748FCF72DFB0122BF
S214027440164B28461A7011F072F8411C044689B28F
S214027450284607F095FDA11C064689B2284607F085
S2140274608FFD0F4C02232080214600200D4AFCF798
S2140274708DFB86B9238803F00303022B03D1FFF7A3
S214027480BFFEFFF7C1FF23885B0704D5BDE8704047
S2140274900548FFF7C9BE70BDF069002037620020BC
S2140274A0C65A002027E10100D06900202DE9F043EA
S2140274B01F4C0546238889B0002B33D01D4E002171
S2140274C04FF4807010F0CBFD3378DB0728D501210E
S2140274D0208812F073FE074620880FF00BF9023060
S2140274E013F053FA05A98046208811F007F933787D
S2140274F0384613F0020F104B18BF0025B3F8009061
S21402750012F040FE0646384612F020FEF6B2029010
S214027510424606212846CDE9009605AB0DF050FA04
S21402752000232380054809B0BDE8F043FCF7B4BA4F
S2140275301E5B0020386200201C5B0020106A0020C0
S21402754010B5044640F62140FFF7B0FF01214FF484
S214027550807010F084FD78B10022084B1C80084B26
S2140275601A7007F085FEBDE81040064B1880064BE1
S2140275700648198812F0D6BE10BD00BF1E5B00205A
S214027580386200201C5B00200E6B0020106A002070
S214027590044A137818B943F001031370704743F096
S2140275A00303FAE738620020044B1B781BB9044A2F
S2140275B01380FEF707B90020704700BF266200203E
S2140275C01A5B0020042230B501F0400387B0002B7E
S2140275D0054614BF012400248DF80C208DF80D10EA
S2140275E004D004A910F059FD10B304ABCDE9004352
S2140275F001210223284603AA10F075FF0446C8B1EB
S2140276000D4BB3F868100EF0BFFF4FF6F7739D42AE
S21402761009D9322202212046FEF73AF880F001000C
S214027620C0B207B030BD294620460FF08CFDF5E704
S2140276300120F6E71920F4E71855002010B5FFF7E9
S21402764031FE04F031FA0FF00AFC002010F01DFDA6
S21402765012F0A6FF08B1FDF729F9204C2378532B28
S21402766012D1032323700023FF2219460120FEF7BE
S21402767063FB002012F060FC10B100200FF048F807
S214027680BDE810400DF01DBE062B01D0212BF0D117
S2140276900120FEF7F5FA4FF6FE700FF0C8F94FF626
S2140276A0FF700FF0E1F90020FEF752FA0020FEF715
S2140276B059FAFEF7E9F900F029FB0DF005FE2378EA
S2140276C0212B02D1FEF774F9D3E70020FCF7DEFA8D
S2140276D000214FF4004010F0B2FACAE7966100208B
S2140276E010B50A4C0A48FCF7D7F92378062B02D1C4
S2140276F00120FEF7C5FA2378062B01D0532B03D1BF
S214027700BDE81040FFF79ABF10BD00BF966100208B
S214027710306A00202DE9F047DFF8C08004460E46A6
S2140277201746FFF7BFFD98F8005015B90220BDE8CE
S214027730F087212DFAD0284813F0B9F90028F5D1A0
S21402774014F0200439463046DFF894A0DFF894900F
S21402775005F00F051BD00DF0FBF8012D8AF800701E
S214027760A9F8006029D1212388F80030FFF766FFC8
S2140277700020DCE7212388F80030FFF75FFF0021B6
S2140277804FF6FE70FEF77CFBFEF780FEF0E70DF08C
S214027790DEF8012D8AF80070A9F80060EAD0062308
S2140277A021464FF6FD7088F80030FFF70BFF40F2D7
S2140277B02621094812F0B6FDE1E7532321464FF68B
S2140277C0FD7088F80030FFF7FDFE40F226210248E1
S2140277D012F0A8FDCCE700BF306A002096610020B8
S2140277E039620020306B0020F8B50D460646511C63
S2140277F0284607F0C5FB044628460EF07BFF0546E2
S214027800023013F0C2F8154B07461B78022B02D043
S214027810043B012B21D8124B1B68580201D5A10646
S2140278201BD5620619D50F4BB3F86830B34214D194
S2140278306B781B070DD5284610F0B6FEFCF7A4FDA4
S21402784058B1314604F020000122BDE8F840FFF7A7
S21402785061BF0FF0E0F8B842F3D0F8BD96610020A1
S214027860984700201855002073B504460D4613F0BD
S2140278707AF9FF28034625D0134A12784AB1134AEA
S21402788032F81020520404D510F0F0FB002002B0AB
S21402789070BD184610F0FBFB6946064610F0FDFB6D
S2140278A040B1FCF7E7F928B10023022269463046C8
S2140278B005F0DCF8204645F0400102B0BDE8704015
S2140278C0FFF780BE0120E2E792610020C05A002046
S2140278D038B505460EF00EFF0446284610F027FE81
S2140278E0411C89B2284607F04BFB42060DD5637849
S2140278F01B070FD5204610F057FE0146002013F056
S21402790030F9BDE8384010F0B1BB0348BDE8384056
S214027910FFF7E6BE38BD00BF306A002038B54FF626
S214027920FF75A842044617D00FF092F8A04213D073
S2140279304FF6FD72094B198891420DD9084A1288F2
S214027940AA4201D0A24207D11C804FF47A71BDE848
S2140279503840044812F0E6BC38BD00BF166B002063
S214027960326B00202447002008B50448FCF794F840
S2140279704FF6FF72024B1A8008BD00BF2447002054
S214027980166B002037B505460C46082369460120CB
S214027990064AFCF7FBF815B19DF806302B700CB1C1
S2140279A0009B2360BDF8040003B030BD25E1010052
S2140279B007B508238DF80600ADF804100092694654
S2140279C00020034AFCF7E2F803B05DF804FB00BFB0
S2140279D025E10100024A13780BB1013B1370704790
S2140279E08761002008B50FF03FF800214FF6FF72BE
S2140279F0054B08461A80FEF7DBF8BDE8084040F65D
S214027A0016400DF05FB800BF166B002008B5FCF7F5
S214027A1043F80A4B1B78023B032B08D84FF6FE733B
S214027A20074A108898424FF6FF7301D1138008BDAB
S214027A309842FCD0BDE80840FFF7D4BF966100200C
S214027A40166B002010B5084B1B78042B0AD00EF0DC
S214027A50E2FF002104460846FFF794FF231A584225
S214027A60584110BD0020FCE797610020F0B50026C3
S214027A7089B00546CDE90566ADF81C6010F057FDE5
S214027A800A23024604462946009605A813F076F80D
S214027A909DF815309DF814701F2B27D803A80FF0F9
S214027AA043FA08220DF1160103A8F4F70FF9064669
S214027AB0E0B9092F1CD1FFF7C5FFB8B1144B1B78EC
S214027AC0A3B1144B1A884FF6FD739A420ED9124C84
S214027AD0124A23780433DBB223701278013AB3EBEE
S214027AE0820F03DD58B20BF0A7F8267009B0F0BD7E
S214027AF00A34E4B22146284607F042FA0FF0A7FA03
S214027B00611C284610F036FCFFF708FFEEE700BFC0
S214027B108C6B0020166B002087610020776B00209C
S214027B2038B5134B1B78033B012B20D9114B4FF66C
S214027B30FF711B78ABB1104D2B888B4217D10EF01C
S214027B4087FF4EF6602104460C4812F0EBFB4FF618
S214027B50FE7322462B800021BDE8384009200FF034
S214027B6084BA074A13888B421CBF0133138038BD80
S214027B70976100208C6B0020166B002024470020A3
S214027B80C25A002008B50448FBF786FFBDE8084045
S214027B9000210846FBF734B8506A002010B50446A8
S214027BA061B1FF210EF047FD002120460EF049FD8F
S214027BB00EF08AFC014620460EF049FD2146BDE83D
S214027BC010400022014812F04ABF00BF225B00208C
S214027BD02DE9F0410D46174604460EF08BFD067859
S214027BE02846FCF74DF92946804620460EF0CCFC86
S214027BF00EF011FFA84206D120460121FFF7CEFF64
S214027C000120BDE8F0812846B8F1000F0AD0FCF743
S214027C10B9F950B9144B3A462046BDE8F0411978F6
S214027C20FDF736BD10F03DFAF3E706F00306012E27
S214027C3008D00EF0F0FE00232246294602F042FA51
S214027C400028D9D120460EF05BFC430505D5204618
S214027C50BDE8F04100210EF0D0BF204610F00CFA2D
S214027C60B0FA80F04009CCE7766B002010B586B0FB
S214027C70044610F05CFC104B024618681979029014
S214027C80D3F805005B7A01328DF8143000238DF8A4
S214027C900C1004902146009392B2052304A812F019
S214027CA06DFF052204A902A8F4F710F8B0FA80F0D6
S214027CB0400906B010BD00BF5897040008B5114829
S214027CC00EF0D5FD104B1B78012B06D8FF2010F0C6
S214027CD0A6F9FDF7B1FB10F0C1F9FDF73BF801F08C
S214027CE091FCFFF7F9FA10F09AFD07F0F1FDFDF7A7
S214027CF049FD07F03DFB0CF02DFEBDE8084002F002
S214027D00D3BC00BFE05500205461002008B5F0F750
S214027D105DFDFF2803D0094B1B78012B06D90020F6
S214027D2010F07DF9FDF788FB10F098F9FDF712F8D0
S214027D3001F068FCBDE8084002F0B6BC54610020C1
S214027D40064B1878112806D000F0FD00A0F141037A
S214027D505842584170470120704700BF9661002084
S214027D602DE9F8430446FDF70FFB18B1002630460E
S214027D70BDE8F8834FF6FF78184BB3F86810414514
S214027D80F4D020460EF000FC154B022120461A883D
S214027D90FDF77EFC06460028E8D020460EF0AAFC38
S214027DA090F807900546043012F0EFFD07460EF0F5
S214027DB032FE494602463846FDF7FEFAA81C12F085
S214027DC0E4FD404502D12046FFF7BAFB2B789B071D
S214027DD0CDD101212046FFF7E1FEC8E71855002065
S214027DE0205B0020F8B507460EF084FC05460430FA
S214027DF012F0CBFD0646A81C12F0C7FD044630461C
S214027E0012F0B1FE3046FCF73BF82B789B0701D107
S214027E100EF001FEAB790BB90320F8BD0EF0FBFDA8
S214027E20A0420CD10EF0F7FD0446094B2146384617
S214027E301A78FFF7CDFE0028EED00020EDE7054BBE
S214027E401B78052B1CBF044BB3F86840EDE700BF58
S214027E50205B002097610020185500202DE9F04194
S214027E60064610460D4610F062FBA0F11004E7B27B
S214027E7056FA84F42146EA1B04F10E00F3F72CFCB2
S214027E802823DFF84480F35598F80030637301F036
S214027E90CDFB611C024601200DF02BFA082209498F
S214027EA0601DF3F719FC98F800000FF024FF05F1A7
S214027EB00E0130463B460022C9B201F069FC122090
S214027EC0BDE8F08119620020916100202DE9F04F93
S214027ED087B004460EF00EFC064620460EF06DFBFA
S214027EE00746301D12F051FD8146B01C12F04DFDC2
S214027EF0384696F807A012F03FFE33789A075FD10D
S214027F002146042001F04CFD002859D0204610F0EE
S214027F100EFB0146204607F033F8830750D1204671
S214027F2010F005FB0146204607F02AF810F003037E
S214027F30039345D12046FFF799FE002840D02046FD
S214027F4010F0CBFB451C204612F01CF9EDB205F1F1
S214027F500A0B83455DDA304A04AB1068516803C3E6
S214027F60691C204607F00CF829468046204607F092
S214027F7007F800EB082059461FFA80F8204606F05C
S214027F80FFFF8346039B2146AA1C009304A80823EE
S214027F9012F0F4FD20460EF010FB5A4641460DF054
S214027FA09AF90122404604A90FF0DBF988BB0220A9
S214027FB007F032FC013003D1404604A9F0F7CEFCAC
S214027FC00EF029FD48453A46514607D10EF02BFFE2
S214027FD0F8B907B0BDE8F04F0FF077B948460EF093
S214027FE022FFB0B90D4B1B781BB9394648460FF035
S214027FF082F83A4651464846FDF7DEF948B13178EE
S21402800011F0030105D1204607B0BDE8F04FFFF797
S214028010C5BD07B0BDE8F08F47D303008D610020D1
S21402802038B5114D2B78023B012B18D80DF055F9B7
S2140280300446B0B9FFF7A2F82B78032B07D12346E4
S214028040FF2221460120FDF777FE012038BD21469A
S2140280502046FAF7D5FD003818BF0120F6E71720AC
S214028060F4E70220F2E700BF966100202DE9F7430D
S21402807005460E4614460EF04DFA0C2828464AD1FE
S2140280800EF038FB0922002111F0A0FF00F11001CA
S214028090C9B2284606F074FF042813D07C282BD0D9
S2140280A0012840F0AC8046B91321284610F062F948
S2140280B003B0BDE8F0430EF0D7BC03B0BDE8F04312
S2140280C0FDF7DCBC5B4B1B78022B40F0988046B970
S2140280D0FFF7FAF8C3070AD5FFF792F8002C08BF95
S2140280E03F26304603B0BDE8F0430CF04FBCFFF726
S2140280F0CFF80028F0D0F1E7284612F043F80446FD
S214028100284612F023F802463046E1B203B0BDE834
S214028110F0430CF039BC0EF0EDFA8046043012F053
S21402812034FC074608F1020012F02FFC4FF6F773F4
S214028130984204460CD8404A138801339BB21380F7
S2140281400BB93E4A13801EB13C4A13880133138092
S21402815098F8009009F00309B9F1010F1DD12846DD
S21402816010F0E5F90146284606F00AFF0B2809D06A
S2140281700D2807D0042842D1284603B0BDE8F043B4
S214028180FFF7A6BB2E4B1B78042B38D100210846DE
S21402819003B0BDE8F043FAF733BDB9F1000F2ED1B4
S2140281A03146284603F05EFD4EB34FF6F7739C4207
S2140281B025D898F80160204616F0040622D10FF062
S2140281C03EFF054620467DB10FF06BFF034600BB1F
S2140281D00C220090214638460FF05BF90C22002351
S2140281E039462046009308E00FF05BFF0346C8B905
S2140281F0144A00901278214638460FF04AF903B026
S214028200BDE8F0830FF04DFF034678B90B220090CD
S214028210F1E7062233462146384600960FF039F932
S2140282200622DCE72B4600950622E4E74B46CDF80D
S2140282300090F9E796610020CA5A0020C85A00202A
S21402824097610020AD6B00202DE9F04F05888BB0BA
S214028250044628460EF04EFA0746043012F095FB06
S2140282608146B81C12F091FB05A98046284610F0FC
S214028270A8F9284610F05BF901460646284606F09D
S2140282807FFE3B78824603F00303012B0CBF834636
S2140282904FF0FF0B12F08FFAE388019002930EF074
S2140282A0BAFBFB7900904846039300F081FF002852
S2140282B076D1404600F07CFF002840F08880FDF72B
S2140282C02BFB8046FBF7CEFD10B9FFF739FD30B128
S2140282D0A8F104085FFA88F8B8F1020F1BD90BF070
S2140282E0FD03042B00F0B380FFF72AFD20B10AF04D
S2140282F0030ABAF1010F0ED0FBF70EFD28B9714B37
S2140283001B7803F00F03062B68D16F4B2846B3F891
S21402831068100EF039F9BBF1010F63D128460EF052
S2140283201DF94FF6FF73984240F0918000233146C4
S214028330284607AA0FF08BFE0746002842D042794D
S2140283409DF82530934209D9711D284689B206F058
S2140283502BFEA37823F00F030233A3700CF0F3FA7C
S2140283607E23B0FBF3F202FB130303F58073A380B4
S2140283709DF8263013F0180F0AD0A3781B0707D1F2
S214028380009B4B4504D048467A7905A90CF010FBB1
S2140283909DF82700003818BF01200BB0BDE8F08F0B
S2140283A028460EF0A7F9023012F0EFFA4FF6F773EE
S2140283B0984207D9039B2BB92846FFF757FC00289B
S2140283C07FF477AFA37823F00F03A37008E040464C
S2140283D012F0D2FB00287FF472AFF3E72823A380C3
S2140283E00020DAE7BBF1020F54D10123314607AA77
S2140283F028460FF02CFE80460EF00DFBBDF822300C
S21402840098421FD1B8F1000FDCD00122B8F8023032
S214028410314628460FF019FE2C4A13780133DBB298
S214028420FB711370B8F80230BDF81E209A421FBFC7
S214028430A37823F00F030233A3704FF4C873A3800C
S2140284400120AAE7184612F097FB0028DAD1284640
S2140284500EF084F812F030FB012808BF1C4BA278FD
S21402846009BF1B78FA2303EB830303EB830302BFE4
S2140284709B00FA339BB21209A4D1DDE90121521AFC
S21402848092B293429ED30CF05EFA00F01F001030B8
S214028490A080D5E7BBF1030FD9D1009B4B45D6D1BF
S2140284A0711C284689B206F06BFD0C28CFD1FCF76A
S2140284B0FFFD4FF6FF7398420146C8D028460EF0DD
S2140284C063F8C4E7966100201855002094610020E6
S2140284D0856B00202DE9F04105460C460EF01AF891
S2140284E0082802D10120BDE8F081201D12F04DFAC5
S2140284F00646284694F807800EF05FF80746284698
S2140285000DF0FEFF010612D5184B1B78042B0ED178
S214028510174B1B78022B0AD1164BB3F868204FF67E
S214028520FF739A4203D000210846FAF769FB124B02
S2140285301B78002BD6D1A01C12F027FA4FF6F77341
S214028540984202D86378DA070DD523789B070AD1BA
S2140285503A46414630460EF066FC80F00100C0B254
S21402856000F00100BFE70120FAE700BF9761002094
S21402857096610020185500203E6200202DE9F04F3B
S2140285809DB004460DF0C6FF054620460DF0C2FF1C
S214028590082869D14FF400432046ADF85030ADF8B4
S2140285A05C4011F0EFFDBDF85C20A0F11005EDB2C5
S2140285B010461023002100950FF0C9FE294617A881
S2140285C00FF09DFE204611F0C1FD0AF04BFB002382
S2140285D021461A460C2000930AF050F998B320461A
S2140285E011F0B4FD14A902461020FBF779FF05012D
S2140285F0204611F0ABFD14A902464020EDB2FBF76F
S2140286006FFF10B120460CF0A7F9204611F09EFD30
S21402861014A902468020FBF763FFB8B99DB1102566
S21402862017A805F067FF2046BDF8507011F0AAFDA6
S2140286300646204611F08AFD29460090F3B23846D7
S21402864017AA0CF01FFA1DB0BDE8F08FBDF8503027
S21402865017A8ADF85E40ADF85C300CF036FE002888
S214028660DCD145F08005DBE720460DF093FFB0F540
S214028670006F40F0058120460DF09FFF0646042D50
S21402868040F0018120460DF03BFF80F40060C0F30D
S214028690C02000223146400012F040F9944B1A786E
S2140286A0022A0DD0FFF74CFB50B902F0FD03312B26
S2140286B006D0043A012A03D98E4B1B78002BC2D06F
S2140286C02146022001F06CF905900028BBD0204616
S2140286D0ADF846400EF00EF80446BDF846000DF022
S2140286E06CFF0646201D12F050F9A31C834618465E
S2140286F0039312F04AF912A90746BDF846000FF096
S21402870060FF63780690BDF8460094F800800893F0
S2140287100FF00DFF6378054608F0030830460C9309
S214028720FBF7AEFBB8F1010F0CBF032302230E9337
S214028730714B08BF4FF00B091E80237818BF4FF00D
S2140287400A0903F03C03082B0D907FF47CAFBDF8BA
S214028750460011F017FDA8427FF675AFB8F1010F7B
S21402876003D023789B077FF46EAF644BB3F8683070
S214028770B3420DD1624A634BB2F9001093F900304E
S214028780002900F0A58001EB0313A3EB211313804D
S2140287904FF0010AA5F11003DBB20A938DF84530BB
S2140287A010224846BDF84610CDF800A00DF145034C
S2140287B00AF064F800283FF446AF089B13F0020361
S2140287C0099300F00981504B1B78002B3FF43BAF16
S2140287D0BDF8469048460FF0AAFE0023079048468A
S2140287E0CDE917331993ADF868300DF0E6FE079B16
S2140287F0039003F10E01484689B20FF06BFE002883
S21402880070D000234946079A009317A80E2312F049
S214028810B5F950460DF15D010CF079FD9DF8693011
S2140288200B9004939DF85C30282B5BD10DF1610010
S214028830FBF7AAFD0F90002854D104980FF05BFABC
S2140288400F9B002866D1314B049A1B78D31A1C065C
S21402885048D404F059F950453CD111F0B1FF2C4EE2
S2140288600546346824B104F055F92C1B844239D3EA
S2140288700023FF2219461846FDF75EFA356031E0FE
S2140288804FF6FD76FBE64FF6FF70301A18BF012052
S21402889000223146400012F041F80C2D0DD121463F
S2140288A0012001F07DF800283FF4CDAE21460020DD
S2140288B01DB0BDE8F04FFDF7D3BF2DB920461DB061
S2140288C0BDE8F04FFEF79CBA042D7FF4BCAEE5E699
S2140288D01B025CE704F018F9022803D104F0F6F84C
S2140288E00028BAD000221920039912F017F8AAE637
S2140288F0966100203E6200203E5B00201855002054
S214028900125B00203B6200209261002091610020F1
S2140289102856002010214846079ACDF800A00FF0EE
S2140289203AF80028DED0BB4B049A1B78934240F0FC
S214028930AA8003990DF1610214A811F0C3FD01216A
S21402894014A8FBF7F5FA824648F2030114A8FBF7CF
S21402895063FBBAF1000F03D0082114A80CF07AFCCE
S21402896048460FF002FE03990DF16100FCF72AFC5F
S214028970FE288246B6D0FF280AD1039812F0E2F803
S214028980FF28824600F087800DF16101FCF7F4FAB9
S214028990A04B049A1B78934200F0A38050460B9992
S2140289A0FCF7F6FB00283FF44EAE50460B99FCF758
S2140289B001FC237898070FD148460FF0B8FD014610
S2140289C0484606F0DDFA00F00300012804D10398B9
S2140289D00DF16101EFF7C2FFBDF846000DF090FD04
S2140289E0010440F18580204611F0CFFF40F400716B
S2140289F089B2204611F0CBFF00224FF40041BDF8A9
S214028A0046000DF06EFDDDF814900123102200934F
S214028A10BDF846100E980DF1450309F02FFF002809
S214028A203FF411AE032866D1204611F0AEFF40F4A3
S214028A30007189B2204611F0AAFF304612F09CF867
S214028A40002840F0B680DDF81490B8F1010F40F02F
S214028A50B6800320BDF8461000F0A2FF002840F0C2
S214028A60AE802946BDF8460006F08AFA0F2801466F
S214028A707FF6E9AD4FF6F7739F423FF6E4AD304618
S214028A800EF0A6FBDFE55046049903F085FA0028AF
S214028A907FF44FAF26E7237803F00303012B08D1B8
S214028AA048460FF044FD0146484606F069FA082893
S214028AB092D0594B1A78594B1B789A4209D20DF12B
S214028AC061010398FCF70CFA039812F03BF8824611
S214028AD05EE7A01C11F059FF4FF6F7739842EED9E5
S214028AE000E75046FCF7CEFB00283FF457AF5CE7A2
S214028AF04FF0000989E7304612F03EF80028A4D06D
S214028B00099B002B57D1B9F1000F52D1B8F1010FD2
S214028B10BDF846009DD0294606F032FA8246DFF8B6
S214028B20089199F80030002B54D00DF074FF87425C
S214028B307FF489ADB8F1010F7ED1BAF1070F75D86F
S214028B40BAF1050F7FF67FAD354B1B78022B02D0AC
S214028B50043B012B03D899F80030002B41D00C9B24
S214028B609A0640F1B4800D9B002B40F0AC80304654
S214028B7011F0F9FFFF2840F0A6805E457FF463AD52
S214028B80069B002B00F09D8012AB46F204020124E5
S214028B90ADF85C200193214602233046009417AAC2
S214028BA00FF0A1FC00283FF44EAD21460EF025F84A
S214028BB049E5DDF8149030460FF05BFA45E72946A2
S214028BC0BDF8460006F0DCF9099B824613B9B9F1F6
S214028BD0000FA4D0124B1B78022B02D0043B012BB1
S214028BE0BDD8304600F0E4FA814600287FF42BAD6B
S214028BF00DF011FF864225D10A4BB3F868400DF0FE
S214028C000AFF4B4601460D222046CDF800900EF094
S214028C1040FC18E59161002090610020866B0020E0
S214028C20966100201855002092610020AAF10E03DA
S214028C30DBB2012B88D906E50AF00303012B7FF489
S214028C4002AD81E7304611F097FF58B90DF000FFEC
S214028C504FF6FF73984205D011F0A2FC10B93046C9
S214028C60FCF7E4F8304611F087FF88B10DF0F0FE0D
S214028C704FF6FF7398420BD011F092FC40B9B8F150
S214028C80010F02D1BAF1060F02D030460FF0F0F90A
S214028C90069BA3B91946012258460EF062FB81468E
S214028CA000287FF4D0AC20460FF07EFC4A460146F0
S214028CB038460EF056FB00283FF451AFC3E412A923
S214028CC0E9E7069B61E7637823F0200363704FF6BB
S214028CD0FC739F423FF4B7AC4FF6FD739F4204D13C
S214028CE0B34B1B78042B3FF4AEACA3790BB1013B1C
S214028CF0A37163785B0727D50023584617AA14A9E1
S214028D0017930FF096F91798F0B10FF08BF981468A
S214028D10384611F028FF179A0146137903F03000FF
S214028D20102806D003F00C0008281CBF23F00C0302
S214028D301371137903F03303202B05D1FF2903D0D7
S214028D40012248460FF07DF9304611F00CFFFF284D
S214028D501EBF0022974B43F82020089B03F0010910
S214028D604FF6F7739F4200F2F980B9F1000F40F018
S214028D700181314658460EF0BEF90DF04CFE874290
S214028D8000F0C680384611F0F7FE002841D0B8F150
S214028D90010F27D1BAF1010F17D14A462946BDF86D
S214028DA046000FF051F9384611F0E6FE824B1B786A
S214028DB0002B72D1584611F0DFFE002866D13846E5
S214028DC011F0DAFE002861D13DE4384611F0D4FEF7
S214028DD050B3BAF1030F27D12946BDF846000EF06C
S214028DE090FB30E4384611F0C7FE38460FF059F9CA
S214028DF0002847D0002339465846BDF8462001F0E1
S214028E0061F900283ED00021BDF84600FEF7C6FEF6
S214028E1019E4384611F0B0FE18B1B8F1010FD8D0F7
S214028E20E3E7B8F1010FE0D1634B1B78002BC1D00A
S214028E30BAF1050F31D10DF0EEFD8DF85C000DF0A4
S214028E40EAFD000A8DF85D000123022217A90DF142
S214028E504600FAF775FD00287FF4F5AB691C89B267
S214028E60BDF8460006F07AF803780133037063789B
S214028E70590715D40DF0CFFD834522D0002239467E
S214028E801C2032E54C4B1B78002B93D0B8F1010F17
S214028E90CED063785A0714D502E06378580718D5FF
S214028EA0BDF8464020460FF004FB411C89B220461E
S214028EB006F054F80378B8F1010F03F1FF3303709C
S214028EC004D0BDF84600FEF78DFF09E0BAF1050FA3
S214028ED0D0D0BDF84600FEF785FFBAF1030FCDD01D
S214028EE00228CBD10021584617AA0FF0A5F830B1B8
S214028EF00379468003F03C0343F0400303710023EA
S214028F002E4A00933946584612780EF0C2FAB5E752
S214028F10B8F1010F7FF477AF0AF1FF330C2B00F2A2
S214028F20868001A252F823F0898F0200898F020000
S214028F30D98D02009F8F0200C18F02004786020071
S214028F40E58F0200F58F02000190020001900200F8
S214028F50478602001790020023900200B8F1010F24
S214028F6071D0B9F1000F08D1BDF84600FEF7AEFF8A
S214028F70FFF769BBB8F1010FCED0237A03F00303E3
S214028F80012B7FF460ABEFE7AAF102035A422946AF
S214028F90BDF846005A410FF057F8FFF754BB2A4671
S214028FA05846BDF84610FEF71FFCFFF74CBB00BF45
S214028FB097610020E04500208A6B0020AD6B002000
S214028FC0691CBDF8460089B205F0DAFF0235EDB23B
S214028FD00246BDF846305846009512A906F0D4FD62
S214028FE0FFF731BB01200A9ABDF84610FDF71AFBBF
S214028FF0FFF729BBBDF846000FF02CF8FFF723BB9E
S214029000BDF84600FEF732FDFFF71DBBBDF8460071
S214029010FEF72CFDA8E7BDF84600FEF70BFAFFF7B1
S21402902012BBBDF846000CF04AF9FFF70CBB2B4604
S21402903022465046BDF846100CF017F900287FF479
S21402904002AB51461BE50AF1FF330C2B3FF6FBAA97
S21402905001A252F823F000BF898F0200898F020016
S214029060D98D02009F8F0200C18F02004786020040
S214029070E58F0200F58F02000D9002000D900200AF
S21402908047860200179002002390020010B50021C6
S21402909011480DF093FB0446E8B10DF0B7FA0F4BFA
S2140290A0187020460DF0B7FA0D4B187020460DF0DA
S2140290B0B8FA0C4B187020460DF0B8FA0A4B186036
S2140290C0012011F081FB2046FFF758FABDE8104058
S2140290D0002011F079BB10BDF05A00203C6200203F
S2140290E03B6200203A6200202056002070B5144EE3
S2140290F0044633680D46BBB10DF00CFA0C2813D1AA
S21402910020460DF0F7FA09220021044610F05EFF11
S214029110235C042B08D10B4C25B10B4B22781B7811
S2140291209A4203D300232370002070BD074831689B
S21402913011F0F8F82378012001332370F5E700BF19
S214029140245600203D620020AC6B0020506A0020AE
S214029150014B93F901007047125B0020014BB3F8F4
S214029160680070471855002070B500240D4D2C700D
S214029170EFF706FAE6B2B04208D800220A4B1A7097
S2140291800A4B198801B11A80012070BD304611F0D1
S214029190F0FCC30748BF2B7804F1010444BF013337
S2140291A02B70E5E78F61002088610020C45A0020FA
S2140291B038B50B4B05461B7873B101335C08094B77
S2140291C0188810F0C3FF002330F81320AA4205D0F7
S2140291D00133DAB2A242F7D3002038BD0120FCE701
S2140291E088610020C45A002030B5054685B008467E
S2140291F00C4611F0BAFCFF280CD00EF067F80122DC
S21402920000210346CDE90112009221462A46072094
S214029210FCF7F6FB284611F0A6FCFF2804460FD002
S21402922011F0A7FCC2070DD5204611F0A2FC830759
S21402923008D40B4A32F8143043F4806322F8143010
S21402924005B030BD0EF042F8012200210346CDE9FA
S2140292500112009207202A46FCF7D2FBF0E700BF75
S214029260C05A00204FF6FA72431E9BB2934270B564
S21402927004462AD8FFF79CFF38BB194B1B78042BF1
S21402928023D0204611F05EFCFF2801D0FBF7FEFC3F
S21402929020460EF0C9FE08B10EF0C0FE2046114E62
S2140292A003F0ACFE20460BF081FB31780E4D69B11F
S2140292B0288810F04BFF054601461E220230F2F7C0
S2140292C00BFA2C8033781E2B07D970BD202010F0A5
S2140292D0B1FF28800028EBD1F7E702333370F4E7BA
S2140292E09761002088610020C45A0020044A13783F
S2140292F02BB1013BDBB213700BB9024A13807047E5
S21402930088610020C45A00200148FAF7D5B800BF89
S214029310C45A00202DE9F047804617460D468CB009
S21402932061B903AE00211B4811F093FB4FF0000910
S2140293300446DFF860A01CB920461DE00E46F1E7A1
S2140293400022214624233046CDF8009011F016FC68
S214029350082241463046F2F7B9FCA8B9337C9BB9DD
S2140293606FB945B92A4621460A480DF046FA0A4A16
S2140293701388013B138001200CB0BDE8F0873B88C0
S214029380B28953405B06ECD52146504611F085FB68
S2140293900446D0E7265B0020245B0020024B188898
S2140293A0003818BF01207047245B00202DE9F043E7
S2140293B030488DB0FAF770FB11F002FA2E4D2B688A
S2140293C0C41A4FF47A73B4FBF3F4A4B214B111F0D6
S2140293D0F7F92860294F4FF6FF763B88DFF8A08022
S2140293E0ADF80A3000233B8000210DF10A000DF093
S2140293F0E5F9054658B9224B1B882BB14FF47A7112
S2140294001C48714310F08EFF0DB0BDE8F0834FF09C
S214029410000924234A462946CDF8009003A811F0F5
S214029420ADFBBDF81A30A34294BFDB1A1B1B9BB2DE
S214029430ADF81A3063B9BDF818301B0602D5089885
S2140294400BF021FDB8F80030013BA8F80030CBE75E
S2140294509E4228BF1E4601234A462946009303A879
S214029460242311F08BFB4A462946384611F0F7FAB8
S214029470BAE700BFC44600202C560020265B002018
S214029480245B0020F0B504462E4A8DB01068516861
S21402949001AB03C3A378012B4FD1162200210DF195
S2140294A01A00F2F7C7F8D4F82110D4F81D0003AB5F
S2140294B003C32388190644BF62680892DA050BD5EF
S2140294C0221D08AE04F114073546106851680832AA
S2140294D003C5BA422E46F7D1ADF8183013F004038E
S2140294E018BFA3690593EFF763F80023ADF81A00D7
S2140294F0082201A903A88DF81C30F2F7E7FB18B181
S21402950006A903A80EF07DF90022242103A80DF077
S2140295100CF9044698B10020FFF748FF00222146C6
S214029520094811F09CFA094A002013880133138077
S214029530FFF73CFF00200DB0F0BD0220FBE719202C
S214029540F9E700BF47D30300265B0020245B002018
S214029550F7B5044600200E46FFF728FF104B1B887F
S214029560A34202D8212003B0F0BD00210D4811F01D
S21402957070FA002501460B4F0029F3D0A54208D108
S2140295800024242322463046009411F0F7FA20469F
S214029590E9E7384611F081FA01350146ECE700BFEB
S2140295A0245B0020265B00200148F9F785BF00BF38
S2140295B0265B0020014B1888704700BF245B002002
S2140295C070B50C4611460E4A23781278064613F0FA
S2140295D0200542EA0302227018BF611D0822F2F734
S2140295E07BF8002D0CBF05200D20D4F80130B360A7
S2140295F02378337303F01803082B08BF013070BDBD
S21402960092610020042307B501200DEB0301054AF1
S214029610FAF7BCFA019B044A1B03136003B05DF819
S21402962004FB00BF63E511008847002010B5064C16
S2140296302368C3F30B0313B90448E3F733FC20682B
S214029640431C236010BD00BF8847002063E511005D
S214029650014B1868704700BF8847002007B50020F6
S214029660054B064A186004230DEB03010190FAF736
S2140296708DFA03B05DF804FB8847002063E511000D
S2140296807FB511230A4A012001A9FAF77FFA094B8E
S2140296909DF814201A70084B1B780BB1052B05D1C8
S2140296A00BF050F9012007B05DF804FB0020FAE742
S2140296B079EB010091610020926100202DE9F04FC4
S2140296C00646CBB0884600880121174610F076FD84
S2140296D02E4B3A463188ADF8160006A80EF030F941
S2140296E00DF1280B5A464146C41930880EF0B2F8DE
S2140296F0E4B208EB0003A34208BF044605464FF057
S21402970004091CBFA4EB0804E4B223465A4601210E
S214029710CDE900090BEB050ACDF808B02D1B06A80B
S214029720EFF776FBEDB20BEB0403009301952346AD
S2140297305A46414630880EF0BBF8348839462046F1
S21402974005F01EFC394600F0F802204605F02CFC17
S2140297500121308810F032FD01234A46514680B17D
S2140297600DF11600FAF7ECF801210446BDF81620B2
S214029770308810F037FDB4FA84F040094BB0BDE8EB
S214029780F08F3046FAF7DCF80446F4E71962002058
S2140297902DE9F04FC9B0044688469246C118224ABF
S2140297A004A81F46FFF70CFF4FF00409C519EDB2D7
S2140297B008AB0293A5EB0A0BA8EB0A035FFA8BFB36
S2140297C0A8EB0506DBB2F6B204EB0A02009301210F
S2140297D05B46CDF8049004A8EFF71AFB06F59073E3
S2140297E00DEB03025A44A2F58072136808A844F8E7
S2140297F00830E35D324623F00703E3552C44214646
S214029800F2F7A8F808ABCDE9019308AA00230121D4
S214029810009604A8EFF7FCFA3246204608A9F2F7AB
S21402982099F849B0BDE8F08F19620020F8B50646EF
S2140298300EF053FF811C054689B230460EF04AFEF2
S214029840F0B1EDB12946304605F09AFB12280746DC
S21402985016D80C4B691C1C5C89B2304605F090FB8E
S2140298602C44052FE4B205D1052809D8064B1B5C0B
S2140298701C44E4B221463046BDE8F8400EF02ABE4B
S2140298800020F8BD9A97040094970400F8B50546A0
S2140298900EF04DFE044628460CF02CFFA11C07468F
S2140298A089B228460EF016FE00283ED0002C3CD088
S2140298B02146284605F064FB0646611C284689B206
S2140298C005F05EFB0F2E30D8194B9B5DE118731E18
S2140298D089B2092B0ED8DFE803F009050D0D120D2B
S2140298E00D181E1EC40644BF083189B2820601D571
S2140298F0083189B22846BDE8F8400EF0EBBD7B7809
S214029900DB0612D501EB4001F3E700F01F0000EB87
S21402991040000144EDE71F2805D8092E0ABF400083
S214029920022080B2F5E7C828E4D00020F8BD00BFC8
S214029930AD970400F8B506460CF0DCFE09220021BD
S214029940054610F043FB00F11004284611F01DF8FE
S214029950E4B207462146304605F012FB054630467D
S21402996010F010FCBA05A0EB0403DBB20AD47C2D7F
S2140299700AD0082D0AD8064A505D98428CBF0020AD
S2140299800120F8BD1220F8E70320F6E7FF20F4E7EF
S214029990BE970400014B1878704700BFAE6B0020DC
S2140299A038B5114B04461B7808469BB9012038BDD2
S2140299B0A24205F101050FD103EBC1035B6898478C
S2140299C00028F3D11E2022464FF6FF7110F0A6FFA4
S2140299D00020ECE70025054BE9B213F83120002AF7
S2140299E0E6D11446EEE700BFAE6B00206497040093
S2140299F04FF6FF7307B502220DF106010348ADF8D4
S214029A000630E3F78BFA03B05DF804FB603202E03F
S214029A10002307B5ADF80430134B984221D10B88CA
S214029A20DA0703D5232003B05DF804FB9B0748BF83
S214029A304FF47F434FF002020C480DF1060148BF77
S214029A40ADF80430E3F73EFA4FF6FF73BDF8062092
S214029A509A42E7D10222054801A9E3F75FFA0020FD
S214029A60E1E72120DFE700BF1FD1BACA603202E079
S214029A70002313B50222038004460DF106010F48A7
S214029A80E3F720FA2D2801D0112805D14FF6FF73EF
S214029A90ADF80630FFF7ACFF9DF80630BDF806209D
S214029AA01BB1238843F0010323800020FF2A82BFD4
S214029AB0238843F00203238002B010BD603202E026
S214029AC0034B1B78002B14BF442056200E307047E1
S214029AD0926100202DE9F04F8DB0179C064689460C
S214029AE0CDE90223BDF85870D588ADF816103CB9FA
S214029AF0EC0605D500970BF056F80DB0BDE8F08FD2
S214029B00C5F380242B054FEA043448BF44F40064AE
S214029B10A80511D544F080040A2E00F26981DFE818
S214029B2016F09A002F00170037006701670137000A
S214029B3010009A0037009E00E90548BF44F0400432
S214029B40EAE74FF001084FF0020B4FF0000A14E06C
S214029B5008A95FFA89F00EF02FF9DDF82500DDF886
S214029B60291006AB03C3A44B33F81930ADF81630F0
S214029B704FF00008C3460DF1180A002F5DD125E00C
S214029B8006AA0DF116015FFA89F003F017FAEFE75D
S214029B904FF6F773994540F22B8115F4026F40F0A9
S214029BA02781964B1B78022B03D0043B012B00F235
S214029BB0218147BB032E4FF001080CBF4FF00C0B60
S214029BC04FF0080BBA4624F4C074A4B28C4B188823
S214029BD04FF6FF73984206D08A49FAF767FB10B130
S214029BE024F48054A4B2039B38460093BDF8162092
S214029BF0534644F4027105F0EBF9ADF82000002854
S214029C0038D1192079E7384610F0BCFA0246FFF739
S214029C1057FF032E08BF0138824201DD38206CE769
S214029C20032E4FF001080CBF4FF00C0B4FF0080B41
S214029C304FF0000A24F4C074A4B2029B1B889BB99E
S214029C401A4639460620009308F03BFE0028BDD18E
S214029C5040F6014051E74FF00008C34675E74FF063
S214029C6001084FF0030B70E7002339461A46072017
S214029C700093E9E74FF6FF73614A118899421CD0B8
S214029C800CF038FD03465E4A04301188039310F048
S214029C907EFE5D49039B097814F4805FD9715949A9
S214029CA0574A1FBF086898604868D8604FF6FF7327
S214029CB013804FF0FF330B604B605946029A08A898
S214029CC005F03AFA00289CD0504C2378002B3CD161
S214029CD0A7B1384610F056FA0746BDF8200010F035
S214029CE051FA23780744002B14BF12220022EB10ED
S214029CF003F0040317443B44842B8FDC15F400570F
S214029D000AD0BDF8204020460CF0FAFB40F48061F1
S214029D1089B220460CF0DFFBA6F10803012B05D81A
S214029D2001221021BDF820000CF0DBFB179BBDF8CA
S214029D30204043B32046BDF816100CF025FCBDF8B3
S214029D402030179A00201380D7E6AA06C0D56B01EA
S214029D5003F020030A2E14BF43F0010363F07E03D0
S214029D60DBB2B8F1000F08D000215246009108A8D5
S214029D7000F082FE0028ABD0BFE61A46514608A87D
S214029D800DF009FFF6E720460EF0D1FB179B0246C0
S214029D9021460420009308F094FD00283FF458AFB3
S214029DA00A2E18D84FF4D963F340DB0713D5072ED3
S214029DB00AD00A2E08D0BDF820000DF0ACF980F0CB
S214029DC00100C0B2800098E608A80BF05BFA0028F3
S214029DD0F1D0042091E617B125F04005ADB22B462E
S214029DE03146BDF820005FFA89F201F07DFE84E676
S214029DF0012082E6162080E6F459002096610020B3
S214029E00346B0020AF6B0020496200209261002074
S214029E10F7B50F469DF828100446DDE90B061D46E9
S214029E20F1B94FF6FF739C421CBF174B1C804FF0D4
S214029E3000041CBF154B1A70BDF8240005F012FA78
S214029E4000232A46CDE90043394606209DF82030F5
S214029E50FFF740FE10B90EB1AB7A337003B0F0BD17
S214029E6078B14FF6FF739C421FBF074B1C80074B0F
S214029E701A7000220CF059FC04460028DCD1192086
S214029E80ECE72120EAE700BF346B0020496200209D
S214029E902DE9F04788469DF82810074616461D46C7
S214029EA09DF820A0BDF824900B9839B158B3002233
S214029EB00CF03BFC044610B9192025E00C464FF680
S214029EC0FF739D421FBF114B1D80114B83F800A0EC
S214029ED04FF6F7739E4208D80E4B4FF6FD761A7869
S214029EE04FF6FF73002A18BF1E46484605F0BAF919
S214029EF000233A46CDE9084331464346BDE8F047DB
S214029F000320FFF7E7BD2120BDE8F087346B002071
S214029F1049620020536100202DE9F04786B09DF883
S214029F2038600546DDE90FA80C4617469946B6BBCB
S214029F30374B1B78022B1DD125BB4FF6F7739C427D
S214029F4014D80026484605F08DF900233A46CDE996
S214029F5000632146FF232846FFF7BCFD38B9B8F157
S214029F60000F04D0BB7A88F8003000E0012006B06B
S214029F70BDE8F087043B012BDED908460BF07FF9DB
S214029F8010B31DB3022D31D1EEF7F4FAA042EDD98B
S214029F90204B33F814204FF6FD739A4219E0BAF1BB
S214029FA0000F32D01A4B1B78022B05D1FFF788FD23
S214029FB0B042E6D23820DAE7043B012BF6D908464F
S214029FC00BF05DF90028F1D11620D0E74FF6F773B3
S214029FD09C42CBD8002EB4D03146002250460CF01C
S214029FE0A4FB06460028ADD11920C0E7012DBDD13D
S214029FF004AA0DF10E01E0B202F0E0FF064B1B7858
S21402A000A342B3D9BDF80E20C5E72120AFE700BFB3
S21402A01096610020F4590020806B002030B5104B6A
S21402A02087B005460C461868596803AA03C29868A2
S21402A0300C4910609A88DB8852BA23F04003ADF8C8
S21402A04012300023CDE90043ADF81020FF23098823
S21402A05003AA0720ADF80E50FFF73CFD07B030BD4F
S21402A060325B00203E5B002038B50C461146124A91
S21402A070124D108022682A6062686A60A268AA602E
S21402A080E288500616D5EA88520613D561B1002238
S21402A09018460CF04AFB014650B16088FFF7BEFF37
S21402A0A00522074B1A7038BD08460EF081F9F2E712
S21402A0B01920F5E70220F6E73E5B0020325B00201F
S21402A0C0596200202DE9F04F074689B01046154622
S21402A0D01C468A460EF02BFA0146284604F050FF2C
S21402A0E0064628460CF006FB043010F04EFC80466E
S21402A0F00CF091FC804550D0B2074ED1DFF8AC8010
S21402A100284605A9B8F800B00EF0F8FA9DF81930FE
S21402A110A8F8007003BBBDF81430EBB928460CF063
S21402A120E9FA023010F031FC4FF6F773984294BF0A
S21402A1304FF000094FF0010901230134E4B22A4628
S21402A1403846CDF8009005A9039303F001FC039B63
S21402A15040B901339C421ED20020A8F800B009B0D4
S21402A160BDE8F08F022CF8D1012BF6D10C4A0D4B2C
S21402A170A3F800A01378591C11700B4A7F3B16F007
S21402A1800C01137007D1BDF81A305B0603D5BDF873
S21402A1901600FFF743FF0223D1E70020DFE700BFE8
S21402A1A094610020346B0020496200203E5B002050
S21402A1B02DE9F04FABB00F46ADF81E000CF09AFA40
S21402A1C000F1020A0646504610F0DFFBBDF81E40BC
S21402A1D0054620460EF0ABF90146204604F0D0FEB6
S21402A1E0814600F00308301D10F0CFFB414C208062
S21402A1F00CF011FCA8422DD04FF6F7739D4229D8D9
S21402A2007378DA0726D428460DF04BFF30B10123C7
S21402A2102946BDF81E202088FFF754FF0CF0FBFBF2
S21402A220344B1B8883420FD1BDF81E4020460EF0E9
S21402A2307EF90146204604F0A3FE10F00C0103D17D
S21402A240BDF81E0001F00EFD00222B4B1A602BB04B
S21402A250BDE8F08F2949BDF81E000EF04FFA2849D6
S21402A260BDF81E000EF0ADF90028254B08BF0023EE
S21402A270214ABDF81E0013600CF0C8F9214B187075
S21402A280BDF81E000CF0C7F91F4B1870BDF81E0073
S21402A2900CF0CCF91D4B186000238DF82230002FED
S21402A2A03AD0164BDB889B0636D5194B1B689D07A2
S21402A2B01ED4B8F1010F14BF082318230DF1220291
S21402A2C0009200220DF11E00114600F0D5FB18B3D5
S21402A2D0B8F1010FA2D10F4B1B78112B9ED10DF0B6
S21402A2E0F9FC00289AD140F61D40FBF70FFB95E7D4
S21402A2F00823E3E73E5B002034560020325B002052
S21402A300416200203C6200203B6200202056002072
S21402A3109847002096610020504610F036FB824691
S21402A320BDF81E000FF02EFFA0F11005EDB22A4672
S21402A33031460AA8F1F70EFBFF238DF82F304FF6B1
S21402A340F7739A4540F2DF80B8F1010F00F0E7801C
S21402A350B8F1020F00F04681B8F1000F7FF45EAF4D
S21402A360A44DBDF81E00EB88ADF8240004930CF053
S21402A370C1F9BDF82460074630460EF0D8F801460B
S21402A380304604F0FDFD8DF82300B81C7E7810F0F0
S21402A390FCFA07460CF03FFB06F00106B4F8009004
S21402A3A003906C88002E7FF439AF4FF6F77A424658
S21402A3B0494657458CBF0620082010F0AFFABDF874
S21402A3C024B058460EF0B3F85946024643460420D7
S21402A3D0CDF8008008F052FA574583460AD8B5F9F8
S21402A3E00620EB88002A05DB580603D541462046A0
S21402A3F0FFF714FEBBF1000F3FF410AF2B88002BC3
S21402A4005AD16B79002B57D14FF6F7730DF126010F
S21402A4109F42BDF8240094BF4FF0000B4FF0010B93
S21402A4200DF029FDDFF8D8A100F1FF38BAF80030A8
S21402A4301FFA88F10593EB88BDF82600069304F010
S21402A4409FFD069B04990190009322465B46059861
S21402A450C1F340110AF020FF00283FF4DFAE0423C8
S21402A46006200093BDF82610624B5FFA88F208F0C9
S21402A47005FA00283FF4D2AE48F202036A889A42EE
S21402A48005D1BDF82410BAF8000000F025FF594D9A
S21402A49009AA29460DF123000AF0FCFE034600280D
S21402A4A07FF4BCAE2104BAF80000BDF8242060D5C3
S21402A4B0234629460DF0F4FC9DF823304D4D03F05B
S21402A4C00C030C2B75D128890DF0B5FC00283FF43F
S21402A4D0A5AE039B002029894B4514BF02260326FE
S21402A4E002F044FC444B18704FF6F7739F42BDF8D7
S21402A4F0240075D8A4F138025342534132463D49EE
S21402A50004F036F88AE6B8F1020F6BD0394BB3F98D
S21402A5100630002B26DAB8F1010F7FF41DAF0CF0DF
S21402A5207AFA238883423FF479AE0520BDF81E10DE
S21402A530FFF736FA00283FF471AE2E4AD3885B0640
S21402A54007D50023CDE900330A20FF232188FFF731
S21402A550C1FA3A469DF822302188BDF81E0002F064
S21402A5601DF85BE629460AA800F070F80028D2D04B
S21402A57054E60221DFF88C8088F800102946CDF8D0
S21402A58000B003F0E5F9132C96D0EB885D0493D463
S21402A5901A4B1B78D80703D598F80020022A8BD0CE
S21402A5A099077FF53BAE98F80030012B7FF436AE64
S21402A5B082E700222B79124800936B7911460088B5
S21402A5C002F0FCFB0C4B18709DF8233003F00C03D2
S21402A5D0082B89D1039B4B4514BF0426052683E727
S21402A5E001238BE74846BDF81E20024901F0AEFA69
S21402A5F014E600BF325B002058620020576100203C
S21402A6003E5B00204A62002010B5002108480CF08C
S21402A610D5F8044650B101460420FFF7C1F928B127
S21402A6202046BDE810400121FFF7C2BD10BD00BFA5
S21402A630225B0020034BFF211A7803489200F0F7B2
S21402A640F9BF00BF816B00205044002070B545184A
S21402A65004464FF0FF31AC4212D1104B10481A7824
S21402A66005460023934211DB0E4C2078431CB3FBB5
S21402A670F2F602FB163345F82010237000200CE099
S21402A68014F8010BE1F79EFD0146E4E750F8044B8F
S21402A690A14201D00133E5E7012070BD816B0020A5
S21402A6A0504400204B620020042307B501200DEB26
S21402A6B00301054AF9F76AFA019B044A1B03136071
S21402A6C003B05DF804FB00BF23E111003056002002
S21402A6D0014B1868704700BF30560020014B1868BF
S21402A6E0704700BF3056002010B5064C2368C3F3EF
S21402A6F00B0313B90448E2F7D5FB2068431C23601A
S21402A70010BD00BF3056002023E111002DE9F04FA6
S21402A71093B003930023DDE91C79069399F8003081
S21402A72083460DA804930E4615460AF043FA99F896
S21402A730003013F003043ED0039B0DF1250A8DF87A
S21402A74024300022082138460CF0F3F8002870D096
S21402A75028880BF0CFFF99F800301C074CBF043056
S21402A760023010F012F907A98046F9F79FFB9DF810
S21402A77024300446980633D5288806F10D010DF0DC
S21402A780A9FEA8B100230093384608232988721D23
S21402A79010F0F4F999F8003003F01803182B4AD198
S21402A7A0B8F1000F47D0A94BB3F86830434542D002
S21402A7B040F60A4327E02888711D0DF08BFE00281C
S21402A7C0F6D0009405233246298809A810F0D6F957
S21402A7D09DF824300DF1240A03F018030393B0E722
S21402A7E014BB39464046F9F761FD0028D2D099F8E5
S21402A7F000309907DCD040232246214640460DF021
S21402A800F6FB40F6094399F8002012F0030440F0E4
S21402A810F780288803930BF0D0FE224601461A20C2
S21402A82010F07CF8039BEBE007AB03CB3860796053
S21402A830B0E74FF6FF780AF012FD044620B1042175
S21402A8403846F9F74FFB04461E9B002B5AD00923C5
S21402A8501E990DA88DF834300AF026FB209B0BB10A
S21402A860209B0693039B002B40F08E800DA8EEF7EC
S21402A87031FB99F800309A0700F09880FFF734FF12
S21402A8805146024601200AF034FD99F800309B0733
S21402A89010D5594628880DF0F7FE0BF1090350FA39
S21402A8A083F35FFA83FB594628880DF0C4FE00EB5B
S21402A8B00B06F6B299F8003013F0C20F0AF1040341
S21402A8C00DD09DF82420624942F020028DF8242003
S21402A8D00A68CAF804204A685A600AF10C03012280
S21402A8E009A800921B1A324629889BB210F046F934
S21402A8F0324659462846FEF7E1FE002800F0A480BC
S21402A90000237DE01F9B5BB19E460DF1340CBEE832
S21402A9100F00ACE80F00DEF80030CCF800309DE700
S21402A920049B594603F020032888049304F028FB6E
S21402A93010F0030F0CBF012300230593049B059A16
S21402A940003B18BF012342EA430300930DAA06AB5D
S21402A95038461F9900F0FEFA049A034682B1002890
S21402A96080D0059B0DAA0093384606AB1F9900F0CF
S21402A970F1FA034699F8002022F0200289F8002016
S21402A980002B3FF46FAF3EE7039B102B06D1BDF8BA
S21402A990363043F00103ADF8363067E7039B182BD9
S21402A9A04FD1BDF8363043F00203F4E701200DF133
S21402A9B025010AF0ACFC99F80030824613F0040F29
S21402A9C0288821D1069B1BB3002C35D00BF0F5FD51
S21402A9D00022014616200FF0A1FF84B17FB14FF688
S21402A9E0FF7398450BD000230DA91A4638460AF085
S21402A9F06CFB394640469DF835200AF046FC01239A
S21402AA00184613B0BDE8F08F002CDFD1104F01E0DE
S21402AA10002CDBD100233246009359463B460CF00D
S21402AA20BAFF00283FF4C4AE002C3FF469AF069A82
S21402AA300AF10103136063E71B685345C6D8012475
S21402AA40E8E740F60A43DBE71923D9E71855002062
S21402AA5019620020002307B5054A0648136004223F
S21402AA600DEB02010193E2F759FA03B05DF804FB1D
S21402AA703056002023E111002DE9F04F0446B1B014
S21402AA8000888DF82F3016468A460DF050FD014696
S21402AA90814620880DF0CFFD00EB090820880DF0D6
S21402AAA01CFE00239DF82F505FFA88F815F0010768
S21402AAB00790ADF8363008D101460DF136022088EF
S21402AAC00DF0C2FC08B1ADF8367016B9CDE90E66C7
S21402AAD00EAEFEF763FC18B145F020058DF82F5038
S21402AAE00023CDE9033302930DF12F03CDE9006372
S21402AAF02246534641464846FFF708FE05460028CA
S21402AB0000F043819DF82F3013F0010746D1B44A76
S21402AB1023F02003106851688DF82F3010AB03C362
S21402AB20184600F0FBF90546FEF744FDBBB2984214
S21402AB3000F2B7803A9B13B100233A9A1370BDF81D
S21402AB403630CBB1012120880FF038FB2788054626
S21402AB50002800F04F81012138460FF02FFBBDF888
S21402AB603670054638460FF00DFB002300903A4635
S21402AB70194628460DF0EBFB0023CDE9033302937A
S21402AB800DF12F03CDE9006322465346414648465F
S21402AB90FFF7BCFD0546002800F0F7809DF82F3031
S21402ABA003F01103102B40F003818E4B1B78432BCE
S21402ABB040F0FE808C4B1B685B0640F1F9802088D3
S21402ABC008F105010DF086FC8346002800F0F080AF
S21402ABD04146208804F0D4F9844B10F0200F08BFB9
S21402ABE01E4612A800F09AF90822314612A8F1F77A
S21402ABF06DF8002800F00E81314612A80AF00EFB0E
S21402AC00012326AE00933246002314A912A800F0B0
S21402AC10A1F9002840F0CC8012AB0DF12F07CDE948
S21402AC2003600290009322465346414648460197E7
S21402AC30FFF76CFD002800F0EF80BDF89A30102078
S21402AC4043F0080318AA14A9ADF89A300CF07AFD5E
S21402AC50002840F0AD8012ABCDE90360CDE901706B
S21402AC6000932246534641464846FFF74FFD0546A7
S21402AC70002840F09D8018AB4FF49071002012AA75
S21402AC8000F0D4F84FF0005100200CF0D8FFBBF1D2
S21402AC90000F00F08C804FF0805100200CF0CFFFA8
S21402ACA085E018AB14AA26A9F8B20AF063FA0028BF
S21402ACB040F09480082210A927A8F1F707F88346E7
S21402ACC0ADB19DF8A53013F0020F08930FD00822FD
S21402ACD012A927A8F0F7FAFF48B9089B590706D524
S21402ACE03A9B13B101233A9A1370089507E03A9BF0
S21402ACF0002B61D1BBF1000F70D1002308930DF138
S21402AD00740C14AB0FCB8CE80F00BDF83630CBB109
S21402AD10012120880FF052FAB4F800B000284FD074
S21402AD20012158460FF04AFABDF8362083461046EF
S21402AD3009920FF027FA00231946099A00905846FE
S21402AD400DF005FB2A4B0DF1740B049300230393BD
S21402AD500DF12F03CDE9006322465346414648468D
S21402AD60CDF808B0FFF7D2FC002837D1002D33D03B
S21402AD7012AA5B464FF482714FF4005000F056F868
S21402AD80089B13B126A80AF010F8174B1B689A07FF
S21402AD900DD4FEF703FB50B1114A18AB1068516888
S21402ADA003C3002226A918A80CF0EFFC68BB0025F6
S21402ADB0284631B0BDE8F08F00233A9A137099E71F
S21402ADC0BDF836200A90104609920FF0DBF9DDE94D
S21402ADD0092307990090B2E72A46CAE70137A3E695
S21402ADE047D3030096610020984700208255002032
S21402ADF094470020BDF836B058460FF0C3F92B46EC
S21402AE0000905A4638460799B4E626A918A80CF0C8
S21402AE10F8FCC6E78346F3E614AB2DE701461A2391
S21402AE200120014AF8F7B2BE24E10100F0B5164649
S21402AE3091B0074609A80D461C46FFF7EFFF3EB144
S21402AE40336845F04005CDF826307368CDF82A30D1
S21402AE501B4B1A6822EA070242EA050119604B04F4
S21402AE600DD5BDF824200B0A03F4E243C9B222F43E
S21402AE70E3420B4322F07F021343ADF824301A2339
S21402AE800020104A09A9F8F781FEB4B104A809F017
S21402AE9091FE02236A468DF810301546234604F1C9
S21402AEA01006144618685968083303C4B34222468B
S21402AEB0F7D1294604A809F0F7FF11B0F0BD00BF8C
S21402AEC09847002024E1010047F2FF10044B19685E
S21402AED041F48042014041F480411A600CF0AFBE5A
S21402AEE09847002000B589B0FEF7CAFB01A8FFF715
S21402AEF095FF0948BDF804200168130221F0FF01FE
S21402AF0003F4E2030B43D2B2134343F480430360D9
S21402AF1009B05DF804FB00BF9847002010B50C4B43
S21402AF200446186888B0830706D54FF0FF332360BF
S21402AF300120636008B010BD10F04000FAD001A8EE
S21402AF40FFF76CFFDDF806302360DDF80A30EFE726
S21402AF50984700202DE9F04F99B081460C461E46D0
S21402AF6017469DF88880A2B11546284609F022FEAB
S21402AF7018F0020B0FD004B911AC6B4622462946D4
S21402AF8048460AF0D5F80EB10023336019B0BDE882
S21402AF90F08F0CADE9E76B462946484604AA0AF04C
S21402AFA094F86B7808F00108FF2B25D000287AD198
S21402AFB054B104AB08AF1A4603CABA4220606160B5
S21402AFC0134604F10804F6D126B16A78374B03EB30
S21402AFD082033360B8F1000F01D10020D6E7BDF836
S21402AFE00030D906F9D418204FF6FF716A780FF0B0
S21402AFF095FC40F60E40C9E7DFF8B8A0DAF8003054
S21402B0002EB19A0756BF2A4AC6F800B0326003F03D
S21402B0103003102B01D0202B1ED111A8FFF7FEFE05
S21402B020082248460DF14601F0F750FE28B1DAF83C
S21402B030003003F04403402B0ED0B8F1000F0ED1BF
S21402B04008A80CF000FE02232B70C4B9002FC4D04F
S21402B050281DFFF763FFC0E740F60A4096E7DAF8D6
S21402B0600030DB03ECD508A80CF0EDFD02232B70B4
S21402B070BCB9002FB7D0281DFFF750FFB3E7002654
S21402B08008AB0CAF1A4603CABA4220606160134688
S21402B09004F10804F6D1281DFFF740FF002E9CD0CD
S21402B0A0A1E70126ECE72D2070E700BFAC430020A5
S21402B0B0944700209847002049B9084B197849B1AF
S21402B0C04EF66023594328B105480FF02BB941F2DA
S21402B0D08831F8E70248F8F7DFBC00BF5561002068
S21402B0E0E446002070B586B00546F8F7C3FD10B9F1
S21402B0F0022006B070BD01A8FFF710FF0646002822
S21402B100F6D08DB92E4B1C6814F0020406D02D4BD7
S21402B1101B78112BECD12C4BB3F868404FF48163AB
S21402B1200221ADF80C3023E02846F9F72DF9002865
S21402B130DED1234B1C6814F0020406D0214B1B7888
S21402B140112BD5D1204BB3F868400822294601A816
S21402B150F0F7BCFD0028E1D04FF4027300260A2166
S21402B160ADF80C302B68CDF80E306B68CDF8123087
S21402B170002203A80BF0D9FA024608B91920B8E74C
S21402B1800F4B196801F03003102B17D0202B14BF79
S21402B19001230323490001F004010B43204600214A
S21402B1A000F0F4FF0028E9D000210120FFF784FF19
S21402B1B016B10122054B1A7000209AE70323E9E72D
S21402B1C09847002096610020185500204062002013
S21402B1D030B500251D4C85B0CDE90055F8F75CFC6E
S21402B1E023784BB31A491B480A780078904223D931
S21402B1F00132012B0A700ED12A464FF4A07128465E
S21402B20002F0BEFAC0B2B8B941F2883112480FF065
S21402B21089F805B030BD022B09D1284602A9F9F7F4
S21402B22045F80028EED102A8FFF75CFFEAE7032BF9
S21402B23002D101F065F9E5E7002108462170FFF723
S21402B2403BFF0421684609F023FCE2E74C6200203B
S21402B2504D620020B76B0020E446002070B5194A04
S21402B260194D04465168106886B02E7801AB03C3A8
S21402B2701EB10224204606B070BDF8F745FD02282E
S21402B280F7D103A800F0E8FD082201A90DF10E008F
S21402B290F0F71CFDA0B10D4B32464FF4A0713046BC
S21402B2A01C7002F06DFA04460028E3D10123084A16
S21402B2B041F2883107482B7013700FF033F8D9E744
S21402B2C02324D7E7C79704004C620020B76B002000
S21402B2D04D620020E4460020F0B50C4600219BB0EB
S21402B2E02B4F0646492207A80691F0F7A3F93B78AA
S21402B2F0012B34D19EBB0DF10E0120460CF0BBFD96
S21402B3000546BDF80E000EF03DFF441BE4B2BDF844
S21402B3100E1023462A46009606A80FF02FFC30464B
S21402B32004A9F8F7C3FFD0B9CCB19DF81920B2B979
S21402B330BDF8233003F47E43B3F5285F1ED3B3F57E
S21402B340385F0ED31349BDF80E000B6843F40003B2
S21402B3500B60294609F07CFF18B104233B701BB032
S21402B360F0BD01220C4B04A81A70FFF7BBFE41F297
S21402B37088310A480EF0D6FF0223EFE711463A70EC
S21402B380FFF79AFE1E2104A809F082FBE7E700BF3A
S21402B3904C620020984700204D620020E4460020C0
S21402B3A0014B1870704700BF4D620020014B1878A1
S21402B3B0704700BF4C620020014B1870704700BFF8
S21402B3C04C6200202DE9F04F0446408891B00E29C9
S21402B3D08846ADF81A0074D094F80890A7790BF056
S21402B3E089F909A90546BDF81A00E6790DF086F92D
S21402B3F0BDF81A000BF084F8430542BFBDF82A30A8
S21402B40043F40053ADF82A30E379D80642BFBDF8BC
S21402B4102A3043F48053ADF82A30BDF82A30990614
S21402B42013D5022F52D10CA9207A0CF0C5FCDDF8F8
S21402B4303500DDF8391007AB03C307AA0021042341
S21402B44000910DF11A00FFF717FB0121BDF81A0053
S21402B4500EF0B4FE022F824644D1454B33F8195003
S21402B460B8F1000F79D0BDF82A305A0675D54FF6D6
S21402B470FB72954271D83F4AB2F86820AA426CD055
S21402B480DB0502D528460CF0DDFDBDF82A30D804CF
S21402B49063D5002F33D1BDF81A000BF031F8C10680
S21402B4A063D548F23403BDF826209A4209D1324EBB
S21402B4B03078FF2805D003222946FCF72BF9FF2314
S21402B4C033700023236011B0BDE8F08F012F01BF57
S21402B4D0237A2A4A03EB430302EB830314BF0022B8
S21402B4E09A1CABE7012F05D10C2303FB09F3234A71
S21402B4F0D55AB5E7A81C0FF048FA0546B0E7284625
S21402B50001F07CFDBDF81A000AF0FAFFC206C8D4A4
S21402B5106389504605930EF035FE834650460EF07C
S21402B52015FE059B02905FFA8BF04A46394601905B
S21402B5300093404609AB09F043FAB8F1000F14BF76
S21402B5400B20092016F0030218BF02F1FF3229462B
S21402B55018BFD2B20FF0E2F9A3E7BDF81A000AF05C
S21402B560CFFFC3069DD4002FD2D1A946D0E700BF95
S21402B570F459002018550020BB6B002034590020D7
S21402B58038B500240F4B104D2A78A24205D8C2B90E
S21402B590BDE838400D48F8F77FBA598869B9013ACC
S21402B5A0D2B2A2422A70EFD0121B184603F1100143
S21402B5B01201F0F791F80346E6E701341033E4B2DD
S21402B5C0E2E738BDB043002050620020706A0020D7
S21402B5D070B51A4B1A4A1D780023DCB2A54200D871
S21402B5E070BD144666880133864202F11002F4D119
S21402B5F0E379A588E16003F040028DB9CAB123F071
S21402B6000403E3710BF076F8037803F07F0303700C
S21402B61021880029E4D1BDE870400A480EF082BEB7
S21402B62000216580A180002AE9D1BDE87040FFF7BD
S21402B630A7BF2046FFF7C6FEF7E700BF506200200E
S21402B640B0430020706A00202DE9F047044686B019
S21402B65040880F4615460BF04DF8A3798046082B16
S21402B66052D8DFE803F0052E18515151515105000A
S21402B67002300FF08AF9002D4ED06946F8F716FE12
S21402B680002841D1684601F063FDB0FA80F0400917
S21402B69006B0BDE8F08702A9207A0CF08DFB6B4657
S21402B6A06E46DDF80D00DDF81110334A03C3237A27
S21402B6B032F81390314AD05C75B131460CF0A0FBDB
S21402B6C0E6E7237A2E4903EB430301EB830231F8C4
S21402B6D02390907A961CEFE74FF6FB7AD14515D960
S21402B6E030460CF0D7FC4FF6FF739842054615D04D
S21402B6F00146304601F09EFC554508D9E379DA0644
S21402B7000ED440F62243E3600020C1E74D462946A8
S21402B71008F102000FF03BF90120B9E74D46EDE7CC
S21402B7204FF6FC78454512D103F00C030C2B1CD1C6
S21402B730DFB130464FF6FD7101F07CFC40F61F414A
S21402B7402046E160FFF73EFEFFF71AFFDCE74FF602
S21402B750FD739D4209D10023304619461A4602F06F
S21402B760DBF84146304601F065FCE37943F00C0312
S21402B770E37140F62343C6E7F45900205C610020DB
S21402B7803459002073B5044640880E460AF0B2FFCC
S21402B79002300FF0FAF809F072FD18B1A11C201D54
S21402B7A009F072FDE6B1E5790135EDB2E57115F005
S21402B7B0400514D0ECF7D8FE0122054600212046AB
S21402B7C0FFF742FF18B1394B1B882B449DB2384B0A
S21402B7D01B78042B01BF354B1B885B199DB2258055
S21402B7E0002231462046FFF72FFF20B360880AF07A
S21402B7F081FFE2792F4922F00C03E3710B780546AC
S21402B8000133DBB20B70C3712B4BA61C1B780BB338
S21402B810E37998061ED52949097871B159060CD5DF
S21402B82092070AD500220423114630460092FFF7FB
S21402B83023F910B1E06002B070BD00220123114668
S21402B84030460092FFF718F920B1E37943F003037C
S21402B850E371EFE7304609F015FD0028EAD160886B
S21402B860FCF7C0FA0328E6D8DFE800F0020D1D193F
S21402B870E37943F00403E3711B06DCD5104B1A7818
S21402B880104B1A70D7E740F62443E360E37943F09F
S21402B8900803E3712B7803F07F032B70CBE740F6A7
S21402B8A02543E360C7E740F62643FAE70E6B00201F
S21402B8B0976100209461002092610020B86B0020FE
S21402B8C05A6100204F6200202DE9F74F06460EF01F
S21402B8D072FF5F4B0546B3F8009018805D4BA0EBF5
S21402B8E009041B78A4B2A34298BF00234FF00008B5
S21402B8F04FF6FF7788BF1B1B564A88BFDBB2137012
S21402B900DFF864B1A9EB00030093534B5FFA88F2A9
S21402B910197891420ED80EB1FFF732FE4FF6FF733A
S21402B9209F4200F08E8039464C4803B0BDE8F04F87
S21402B9300EF0F8BCBBF80220002A3CD0484B9BF81D
S21402B94007201878BBF800A0042818D00020BAF107
S21402B950000F08BFA2462044504523D2BBF8001071
S21402B960009B1944ABF80010002E4ED002F048029D
S21402B970482A4AD100215846FFF704FF45E00192C3
S21402B980F8F704FC30F01003019ADFD1FBF746FC0F
S21402B990344B019AB3F800C08445D7D9ACEB00000B
S21402B9A080B2D4E702F00C00042807D10022ABF8DC
S21402B9B000200BF1100B08F10108A6E7510602F071
S21402B9C0030C02F008000ED528B3BCF1030F25D1F4
S21402B9D0DEB1DBF80C105846002908BF4FF442616E
S21402B9E0FFF7F0FC11E040B3BCF1010F25D11206BF
S21402B9F0EED44FF4C862ABF800209BF8072022F082
S21402BA00030242F002028BF80720BBF8002097429E
S21402BA1028BF1746CDE703208445D9D213060ED594
S21402BA200C4B1A780AEB0200844208DA4A44521B8C
S21402BA300AEB0201ABF80010E7E70120ECE7012170
S21402BA4099E7064803B0BDE8F04FF8F725B800BFFF
S21402BA50285B00204F62002050620020706A00209F
S21402BA60976100200E6B0020B0430020F8B5002539
S21402BA700A4E0B4F3378ECB2A34204D8BDE8F84026
S21402BA800848F7F719BD07EB0414A01CF7F714FDD6
S21402BA90201DF7F711FD0135ECE700BF50620020CC
S21402BAA0B04300201E5B002070B500240B4D0C4EE8
S21402BAB02B78A34208D81B1BDBB22B706BB9BDE8F0
S21402BAC070400848F7F7E8BF06EB041040F621413D
S21402BAD00134FFF777FCE4B2EAE770BD506200205B
S21402BAE0B0430020706A0020F8B5154EDFF858E023
S21402BAF035789EF800E0134FAE454FEA051C07EB7B
S21402BB00051419D0002503F4835343EA1323A171C5
S21402BB102272E371608027F80C50A58003F0A8FB20
S21402BB2040F60243E360337860810133284633707F
S21402BB30FFF7CAFE2846F8BD40F60340FBE700BF03
S21402BB4050620020B04300207F6B00202DE9F04FAA
S21402BB50344B0D461C78174685B05CB9B1F90680A1
S21402BB60DFF8C890DFF8C8A0DFF8C8B099F8003050
S21402BB70A34202D805B0BDE8F08F0AEB0416B088DF
S21402BB8000B9708801A90CF0B9FDAA7A9DF80E30AA
S21402BB909A4244D1B8F1000F0FDA297A9DF80C20A8
S21402BBA02B89914209D8204800780844824236DA26
S21402BBB0521A1B0A1341D90731D538460CF08DFDAF
S21402BBC0BDF80A3004469A0602D5EB889B06D1D504
S21402BBD0F37903F00C03042B08D17088F9F786FD7D
S21402BBE000237288194618460CF04EFA0021304699
S21402BBF0FFF7E8FBFFF7C4FC38460EF0C3FA8442B0
S21402BC0008D2337A01228BF80030294600233846C0
S21402BC1002F0AEFCB8F1000FACDA0024A6E701345D
S21402BC20E4B2A3E74E6200207E6B00205062002042
S21402BC30B04300205862002008B50EF0BCFD074B4A
S21402BC401B88C01A80B2B0F5807F05D9BDE80840CF
S21402BC50002103480EF066BB08BD00BF285B00202B
S21402BC60706A00202DE9F04788B004460D460CF0B5
S21402BC705EFC0146204603F083F910F003035FD111
S21402BC8010F00C0F06D12946204608B0BDE8F04752
S21402BC90FFF79EBC20460AF033FCC30638D4204683
S21402BCA00CF045FC0146204603F06AF9064620469B
S21402BCB00AF020FD804602300EF067FE05A9074610
S21402BCC020460CF01BFD06F00C0698F801300C2EF0
S21402BCD00CBF4FF003094FF00609012113F0010FC4
S21402BCE0204618BF4FF003090EF068FA174B80463D
S21402BCF01B88A3420FD1B5FA85F04009FBF748FC32
S21402BD0020460AF02BFC0022014607200EF006FE13
S21402BD1008B0BDE8F08703F0ABFA824640460EF064
S21402BD2031FA064640460EF011FAF6B202903A464C
S21402BD3049462846CDE900A605AB08F041FEDFE7F6
S21402BD40012BE5D110F00C0FE2D19CE71E5B002020
S21402BD50002210B5094B1C78094BD1B28C4201D88F
S21402BD60002010BD197A814202D19979022902D0A7
S21402BD7010330132F1E70120F3E700BF50620020E2
S21402BD80B04300200146002210B5084B1C78084B31
S21402BD90D0B2844201D8002010BD187A884202D15F
S21402BDA098790128F8D010330132F1E7506200206A
S21402BDB0B0430020002210B40A4B1C780A4BD1B2C2
S21402BDC08C4203D85DF8044BFFF7DABB197A81423E
S21402BDD005D19979012902BF0021198059801033B3
S21402BDE00132ECE750620020B0430020024B187884
S21402BDF0003818BF0120704750620020044B1B68B1
S21402BE0013F0300F03D0202130200BF018BF7047FC
S21402BE1098470020002310B5044608491A4601EA4E
S21402BE2000414FF07F60FFF701F8E30703D50021DA
S21402BE3030200BF004FF002010BD00BF0000720788
S21402BE40044B5B8823F4784323F08D0303800020A1
S21402BE50704700BF9847002008B500220346C3F883
S21402BE600220C3F806200B4A02301268D1B212F042
S21402BE70200F18BF41F010011980930701D4FFF775
S21402BE804DF8054B1B78023B032B8CBF1720002076
S21402BE9008BD00BF984700209661002038B50546C9
S21402BEA00C46FDF7EDFB98B10E4B187878B10E4BA9
S21402BEB01B681A040FD58CB113F0420F00D17DB166
S21402BEC003F44073B3F5407F0CBF0020232038BD37
S21402BED040F60840FBE740F60B40F8E72046F6E758
S21402BEE02320F4E79261002098470020F0B504462C
S21402BEF08DB007A80D46164608F05CFE10220021FB
S21402BF0003A8EFF797FB5CB1234603AC03F11007D7
S21402BF10224618685968083303C2BB421446F7D152
S21402BF20012703A986EA070307A88DF81C708DF877
S21402BF301D3008F0AAFF80EA070401A8E4B2EDF774
S21402BF4027F8B6B101A88DF80650EDF74DF864B1A2
S21402BF50002303A907A88DF81D3008F0A5FF0C4B97
S21402BF601B78432B01D1F9F7DBF80A4B1D700DB095
S21402BF70F0BD01A88DF80750EDF736F8002CF6D084
S21402BF8003A907A88DF81D7008F08EFFEFE700BF23
S21402BF909661002091610020F0B5012593B0074616
S21402BFA00DA80C4608F006FE05A90DA8ADF83450FB
S21402BFB008F095FF01A8ECF7EBFF09A90DA88DF88C
S21402BFC035509DF8066008F08AFF0DA89DF80750C8
S21402BFD008F01BFF70BB731BDBB2802B28D91FB186
S21402BFE0A64225D0A54223D105A90DA808F05CFFDC
S21402BFF003A8ECF7CDFF03A88DF80F60ECF7F4FF6B
S21402C0000122294609A8FFF771FF0AF0FEFE012168
S21402C0104FF400700CF023F8FDF71AFBB0F1004F56
S21402C02001D9FDF71BFB044B187808F02FFD012001
S21402C03013B0F0BD0020FBE79161002070B50E46FC
S21402C040144605460320FFF7B7F946F004022946D0
S21402C050204608F083FF0022014B1A6070BD00BF25
S21402C06094470020F0B587B00788054610220021C5
S21402C07002A8EFF7DFFA3E4B1B78002B76D1BC0501
S21402C0805ED407F08403842B63D00022394C114619
S21402C0901046FFF72BFF17F4045F276005F1020630
S21402C0A01CD0B9040AD5304602F09CFA00284ED1BC
S21402C0B0236823F4005343F48073236030460BF066
S21402C0C03AFE002842D108F073FD18B9236843F4FB
S21402C0D080332360236843F02003236022680DF137
S21402C0E0060042F400432360FFF7AAFE12F4805FC4
S21402C0F0BDF8063031D043F02003ADF80630216893
S21402C100334611F0400218BF05F123024FF07F605C
S21402C110FEF78CFEBDF80630DA0703D50021302084
S21402C1200BF08DFD23689B0506D5012295F822109B
S21402C13005F11200FFF7DAFE00200F4B186006E04A
S21402C14005F112000BF0F7FD00289AD0292007B05F
S21402C150F0BDB80799D52320F9E723F02003ADF800
S21402C1600630FDF77BFAFEF775FCC8E70220EEE71D
S21402C170966100209847002094470020024B1868DA
S21402C180C0F30050704700BF984700202DE9F04FDB
S21402C190064689461046002189B01546984602F0A2
S21402C1A0EFFE102807460AD86A4B0341DB0706D47F
S21402C1B0C8F340049DB9002009B0BDE8F08F664B75
S21402C1C01C78002CF6D0FFF7D9FF00280CBF4FF4DE
S21402C1D0F0744FF4D074FC4004F00104EAE74FF028
S21402C1E0000A18F0010F5346524629464FF0050042
S21402C1F0CDF800A00CBF4FF0080B4FF4027B06F000
S21402C20060FB0028D7D0C8233246009359465346CF
S21402C210284602F0DDFEADF80E000028CBD018F05E
S21402C220080A4AD14FF6F773A7F10F02D2B29E421E
S21402C2308CBF09230123012A01D843F04003474A51
S21402C2408DF810301378591C11708DF81130002CAF
S21402C2504FD09DF81030052F43F020038DF8103094
S21402C26033D03F4B1D78002D5AD04FF6F77300257A
S21402C2709E424FF00F0248D9012304A90DF10E0089
S21402C280F7F75EFB002896D1002C4DD1BAF10001DB
S21402C29033463A4618BF0121BDF80E00CDF800908D
S21402C2A008F0F7FFADF80E00002884D018F0040F4F
S21402C2B04DD031460AF047FF7EE749460DF10E00A3
S21402C2C00BF0F2FE0028ADD175E70121BDF80E0095
S21402C2D00DF074FF012102F053FE0123834013F098
S21402C2E0620F1CD11E4B1B78E3B14FF6F77318256D
S21402C2F0BEE71B4B25461B780222002BBCD04FF60E
S21402C300F7739E42B8D8052FB6D0BAF1000FB3D154
S21402C3109DF8103043F040038DF81030ACE710253E
S21402C3200F22A9E71825FBE7BAF1000F0AD002236D
S21402C3304A46009029460DF10E00FEF79DFB0028A6
S21402C340A4D038E741235246CDF800A0F2E70AF01F
S21402C350E2FE31E79FFEFEFF92610020936100201D
S21402C360866100202DE9DF431E46144B80461B687B
S21402C3700F469B0791460A9C1BD4204614B108F030
S21402C38072FFC0B20622CDE902403B460020CDE94C
S21402C39000890B490CF04BF8024650B10021002EE2
S21402C3A00CBF01230323084604B0BDE8D043FFF7C1
S21402C3B0EDBE002004B0BDE8D08300BF9847002041
S21402C3C0C14A04002DE9F04F8DB081468A461F46C9
S21402C3D093469DF85C803AB903A8FEF79FFDB0BB72
S21402C3E000200DB0BDE8F08F15460022232110462E
S21402C3F00AF09BF9ADF80A000028F1D00DF0A6FE6F
S21402C4000523044618F0100F00F8023B677020D090
S21402C41011220021EFF70EF904F11306032F4FF055
S21402C420080237D159463046EFF756F9C8F380135B
S21402C43006F10905337208F012FF00283ED00023E9
S21402C4402B706B700123033505F8013C36E003AD13
S21402C450CBE7012610221699EFF73EF906FA07F304
S21402C46013F0620F02D104F11206D7E707A808F00C
S21402C470A1FB05A88DF81C60ECF78AFD9DF8162036
S21402C48018F0200F9DF8173008BF134604F1130664
S21402C490A374C3E751463046EFF71EF9012306F1AF
S21402C4A00802121B28460093BDF80A10082392B20F
S21402C4B00EF064FB042F06F11005BCD02D1BA9B2AA
S21402C4C00DF10A000BF01BFF002889D118F0040FAB
S21402C4D00BD048460EF047FBFF281FBF074A32F82C
S21402C4E0103023F4804322F8103043465146484623
S21402C4F0BDF80A20FFF74AFE73E700BFC05A0020C5
S21402C50070B5032690B08DF80760F7F7B3FB18B93D
S21402C5100224204610B070BD02AD2846FEF7FEFC8F
S21402C5200028F5D01B4B1C6814F00204F0D140F230
S21402C5300F43194AADF82430136804A8CDF8263004
S21402C5405368CDF82A3008F035FB95E8030005ABB2
S21402C55083E80300062304A88DF81D308DF81060CA
S21402C560ECF7B8FC01210DF12E020DF10700ECF7F5
S21402C57009FC22461A2109A80AF0D7F8024608B989
S21402C5801924C6E7012329462046FFF7FFFD0028A7
S21402C590BFD1F5E798470020196200202DE9F04F39
S21402C5A004460D46002191B01F2208A89B4607911B
S21402C5B0EFF740F820460BF0BAFF0146204602F09D
S21402C5C0DFFC8DF8110020460AF094F89DF8113031
S21402C5D0467899068146C6F34006204648BF46F08E
S21402C5E002060CF07AF8804620460DF0CBFD0022BB
S21402C5F0A0EB0803DBB2232B28BF2323009221469D
S21402C600424607A80EF0BAFA00283AD1A24B9DF885
S21402C6101C701B789DF81DA0B3B3FFF7AFFD002872
S21402C6200CBF4FF4F0734FF4D073FB40DA072BD5F0
S21402C630B30729D4082F22D1BAF1040F21D1FBF770
S21402C6407FFBF0B9012342460093214605200DF1F7
S21402C650110306F013F9A0B1053F0D2F11D8DFE83C
S21402C66017F024001000AF01BC01C5011000100035
S21402C6701000100010001000CB01F901F901052F7F
S21402C68007D011B0BDE8F08F102F05D1BBF1000F17
S21402C690F7D0FBF755FBD5E7FBF752FB0028D1D0C6
S21402C6A0052FCFD0112FCDD0EBE7BAF1050FE8D882
S21402C6B0204609F082FF029009F102000EF065F9A9
S21402C6C082460DF11200FFF7BBFB01239DF81D8089
S21402C6D003FA08F313F0620303932DD0BDF8123069
S21402C6E09D0722D5B407CCD5FBF72AFB0DF11E0019
S21402C6F00BF021FBB8F1030F04469DF82EB02FD1A4
S21402C7000DF12F050AF087F9824540F03181032E9C
S21402C710B7D19DF836100DF11E02003918BF01215F
S21402C7200DF12E0008F0C0FDABE7FBF709FB002871
S21402C730DCD1002EA5D0D9E7FBF702FB68B10DF1DC
S21402C7401E000BF0F8FAB8F1030F04464FF0000B88
S21402C75040F082800DF12E05D4E7002E91D0EEE750
S21402C7604E4B1B6898072AD5FF2208210DF1370089
S21402C7700AF0DFF8814610BB034601460DF1370288
S21402C7800220FEF753FB0AF046F982450DF1370701
S21402C7900DF12F0523D04FF6F7739A4540F2ED8040
S21402C7A00022082128460AF0C4F8002800F0E58096
S21402C7B0002259460DF11E00FFF798FB61E70DF1C6
S21402C7C037070DF12F0538460BF061FA002848D0DE
S21402C7D00AF021F9824540F0CC804FF00009284645
S21402C7E0F7F7D2FD002800F0C480B8F1010F5BD045
S21402C7F0B8F1040F7FF445AF0BF06CFA10B1032EBC
S21402C8007FF43FAF002C7FF43CAF3A4602210DF195
S21402C8101E00FFF713FC224B1B7863B1FFF770FE76
S21402C820FEF7C4FD022806D10120FEF7B9FD01215C
S21402C8300846FEF741FC1B4B1B78022B20D1032136
S21402C840384608F025F9FEF7B1FD014600287FF4C8
S21402C85018AFFEF731FC14E70DF136070DF12E0581
S21402C860B1E7104B1B78432B7FF40BAFB8F1010FE7
S21402C8707FF407AF0AF0CFF882457AD1C146AEE719
S21402C880412B7FF4FEAE054B1B6859057FF5F9AECA
S21402C890F9F73EFEF5E600BF9261002098470020B9
S21402C8A040620020966100206C4D2B78022B22D02D
S21402C8B02B78412B3FF4E5AE3CB9FBF741FA5946DB
S21402C8C002460DF11E00FFF711FBFBF739FA0028AE
S21402C8D03FF4D7AE0BF0FEF9614C98B123681B0506
S21402C8E002D42B78432B0DD1B0070BD440F61A4056
S21402C8F0F9F70CF8C5E60BF0EDF90028D8D0B20728
S21402C900D6D4BEE6206810F0020002D102990BF0DF
S21402C910A0FB2B78112B16D12368590513D50020BE
S21402C920FEF7E0FB044600287FF4ABAE0AF0E1FA1D
S21402C93040F61C40F8F7EAFF21462046FEF7BCFB0D
S21402C940F8F7F0FF9DE6B20701D5FFF757FAB9F1FF
S21402C950000F9DD008F02CF918B94FF480310BF077
S21402C9606EF900223F4B38461A600BF087F98FE7C4
S21402C9700027039B002B7FF40EAF4FF6FF7328466B
S21402C98005A9ADF814300AF039F820B128460AF0A5
S21402C99016F8ADF814004FF6FF73BDF8140098426F
S21402C9A03FF46FAE002C0CBF0423152301930DF148
S21402C9B01E0300933A4643462946FFF703FD60E608
S21402C9C00DF11D00F7F7E0FC00283FF45AAE0222F4
S21402C9D029460020FAF79EFE53E6F3077FF551AE8E
S21402C9E03246284607A90BF05EFB4AE69DF81D1064
S21402C9F00120FFF7D1FA44E6184B1B78022B20D110
S21402CA00002D7FF43EAE05A8FEF788FA00283FF414
S21402CA1038AE154B1D709DF81D30002B14BF6424D4
S21402CA206524FEF7C3FC032806D128462946FEF7EE
S21402CA3043FB2846FEF7C0FC214605A808F028F866
S21402CA401FE6043B012BDBD9284608F018FC002819
S21402CA50D6D116E6204608F014FC12E696610020AF
S21402CA609847002094470020406200202DE9F341B9
S21402CA7005460E46174698460BF02CF9044640B17A
S21402CA8001233A4631462846CDF80080FFF76AFC75
S21402CA9004460BF01FF930B1FFF770FB78B10A4B72
S21402CAA01B689B010BD400233A4631462846CDF834
S21402CAB00080FFF757FC002C0CBF0446012404F04C
S21402CAC0010002B0BDE8F0819847002070B58AB038
S21402CAD005A808F06FF8022301AA15468DF814304F
S21402CAE0084B03F11006144618685968083303C445
S21402CAF0B3422246F7D1294605A808F0C6F90AB07D
S21402CB0070BD00BFCF970400014B1878704700BF76
S21402CB10B96B0020014B1888704700BF366B0020A7
S21402CB204FF6FF732DE9F043994280460D4685B0D5
S21402CB300BD000274FF6FD791C4EEBF71BFDFCB21F
S21402CB40A0420BD84FF6FF701DE0F7F71DFC002839
S21402CB50EFD005B0BDE8F04309F05DBF36F81430FB
S21402CB604B4517D8694620460BF0EAF8082241469C
S21402CB700DF10500EFF7AAF84FF6FF7360B99D4274
S21402CB8004D136F8140005B0BDE8F08326F8145038
S21402CB900BF0B0F80137D0E79D42FBD036F81430E0
S21402CBA0AB4208BF26F81490F4E700BFF459002001
S21402CBB02DE9FF4706460F4600254FF6FD79DFF8BA
S21402CBC03C80DFF83CA0EBF7D5FCECB2A04202D8E2
S21402CBD004B0BDE8F08738F814304B450CD86946E7
S21402CBE020460BF0ADF8082231460DF10500EFF7AE
S21402CBF06DF808B90AF804700135E4E7F459002024
S21402CC005C610020014B33F810007047F459002095
S21402CC10F0B5064600250D4F85B0EBF7ABFCECB23F
S21402CC20A04201D805B0F0BD37F81430B3420BD19C
S21402CC30694620460BF0C0F89DF80030022B1CBF58
S21402CC404FF6FD7327F814300135E6E7F459002055
S21402CC5030B585B004460D46EBF78CFCA0420FD9E2
S21402CC60084B33F814204FF6FD739A4208D86946EB
S21402CC7020460BF0A1F829460DF10500FFF750FFFC
S21402CC8005B030BDF459002030B585B00446EBF748
S21402CC9071FCA04219D92046FFF75AF80546B0B9EA
S21402CCA0694620460BF04CF89DF800302BB16946D9
S21402CCB020468DF800500BF061F84FF6FF72002008
S21402CCC0044B23F8142005B030BD2820FBE740F6BD
S21402CCD00440F8E7F45900202DE9F0410B780546A8
S21402CCE00E461BB9BDE8F041FFF7CEBFEBF742FC9C
S21402CCF0A84231D92846FFF72BF878BB374617F8F3
S21402CD00058B4FF6FF713846FFF70AFF0446384692
S21402CD1000F01EFAB0FA80F04009B8F1000F15D004
S21402CD20B8F1030F15D04FF6FF724FF6FD7394421B
S21402CD3008BF1C460B4B314623F815400A4B585584
S21402CD4028460BF01BF80020BDE8F0814FF6FF7472
S21402CD50F0E74FF6FE74EDE72820F5E740F60440CC
S21402CD60F2E700BFF45900205C6100202DE9FF4184
S21402CD700D4604464FF6FE780F4F0E0AEBF7FAFB07
S21402CD80A04204D8FF24204604B0BDE8F08137F85C
S21402CD90143043450CD1694620460AF0D1FF9DF86F
S21402CDA00520EBB29A4203D19DF80630B342EAD090
S21402CDB00134E4B2E2E700BFF45900202DE9F04F57
S21402CDC00C461746984600254FF6FD7B87B09DF821
S21402CDD040A0DFF85C900190EBF7CCFBEEB2B042DD
S21402CDE001D8FF2616E039F816205A451ED83046D6
S21402CDF002A90AF0A5FF3FB99DF80920424515D1C0
S21402CE009DF80C20524511D144B939F81620019BE1
S21402CE109A420BD1304607B0BDE8F08F0822204672
S21402CE200DF10D01EEF752FF0028F3D00135D3E7DE
S21402CE30F459002010B514460AF082FF2046BDE8D9
S21402CE40104008220149EEF747BC00BF19620020D5
S21402CE502DE9FF47074615460846082224491E467E
S21402CE60EEF734FF044600283FD14FF6FF7ADFF88C
S21402CE708490EBF77FFB5FFA84F880450BD385B38B
S21402CE80384605F0BCFD01250C9B18700120357054
S21402CE9004B0BDE8F08739F8183053451FD069460C
S21402CEA040460AF04DFF7A789DF801309A4216D134
S21402CEB07A88BDF802309A4211D13A799DF8043048
S21402CEC09A420CD108220DF10501781DEEF7FEFEFE
S21402CED028B9002DD7D1404605F0ACFDD3E7013482
S21402CEE0C7E7FF2005F0A6FDCEE70020D0E700BF8B
S21402CEF019620020F4590020F0B50025154E164F91
S21402CF0085B0EBF737FBECB2A04201D805B0F0BD16
S21402CF10694620460AF014FF9DF80030032B06D916
S21402CF200023694620468DF800300AF027FF9DF858
S21402CF30002062B14FF6FD734FF6FE71032A08BF5A
S21402CF400B4626F81430002301353B55D9E74FF639
S21402CF50FF73F6E7F45900205C610020F8B50E4630
S21402CF6004464FF6FF770C4B0C4D1B7803EB43033E
S21402CF7005EB8305A54202D800242046F8BD238887
S21402CF80BB4206D008223146A01CEEF79FFE0028C0
S21402CF90F3D00C34EEE700BF806B0020345900203B
S21402CFA0044BFF211A78044802EB42029200EEF785
S21402CFB041BB00BF806B002034590020F8B5044600
S21402CFC00C4B0D461B781046A3420DD90C270221A6
S21402CFD017FB04117C43084E08223144EEF77CFB13
S21402CFE0335B00202B80F8BD0023136053604FF69E
S21402CFF0FF73F6E7806B00203459002038B50446EC
S21402D0004FF6FD75FFF704FE0022084B1878084B12
S21402D010D1B2884200D838BD33F80C1C0132A14286
S21402D02008BF23F80C5C0C33F2E700BF806B0020CD
S21402D0304059002070B505460E460846FFF7DEFF4B
S21402D04031462846FFF76CFD29460648FFF786FF5D
S21402D05000B970BD044624F80C6B0AF04BFE294654
S21402D0602046F3E73459002010B5082286B023493B
S21402D0700446EEF72BFE20B906B0BDE8104009F0D4
S21402D080CABC082220461E49EEF720FE20B91D4BD8
S21402D090B3F8680006B010BD0023012221464FF601
S21402D0A0FF700093FFF78AFEFF2806D0164B33F870
S21402D0B010004FF6FB739842ECD903A8FEF7CCFE9D
S21402D0C058B9BDF80C305B0607D5082221460DF18B
S21402D0D00E00EEF7FBFD0028DCD021460B48FFF7DA
S21402D0E03DFF40B14FF6FB724FF6FF730088904249
S21402D0F088BF1846CEE74FF6FF70CBE719620020CE
S21402D1008255002018550020F4590020345900207A
S21402D11070B5002204464FF6FB7608460A4B1D7889
S21402D1200A4BD1B28D4201D8002009E01988B142DB
S21402D13007D8A14205D10822991CEEF7CDFA0120A4
S21402D14070BD0C330132ECE7806B002034590020AE
S21402D15037B5014605460E48FFF700FF044640B1C4
S21402D160807A29460AF04CFE80F00100C0B203B075
S21402D17030BD03460090012229464FF6FF70FFF7A6
S21402D1801DFEFF2816BF034B2046185CE9E700BFCA
S21402D190345900205C6100202DE9F341224B0446FD
S21402D1A01B780F468342154638D9FEF7EBFDB8BB0F
S21402D1B04FF6FD739D421D4E0ED004EB440326F837
S21402D1C023504FF6FF739D421FD12046FEF7F2FD15
S21402D1D0002002B0BDE8F0810DF10601384609F0E4
S21402D1E00DFC4FF6FF72BDF806303846934218BF64
S21402D1F01D460C236343F55206EB0308FFF7A8FF10
S21402D200B0FA80F0400988F80A000C2303FB046099
S21402D210082239460230EEF75FFAD9E72820D8E727
S21402D22040F60540D5E700BF806B00203459002049
S21402D23038B504460D46FFF7BBFC21460448FFF707
S21402D2408DFE00B938BD857221460C30F7E700BF67
S21402D250345900200023074A1370074A1370074AFE
S21402D260118801B11380064B1A880AB100221A806F
S21402D270704700BF52620020516200202E5B0020E1
S21402D2802C5B00202DE9F04F3C4C1D46238887B0CE
S21402D2900746884610469DF840605BB952B10BF0CF
S21402D2A047F820804FF4FA61354807B0BDE8F04FE2
S21402D2B00DF038B8DFF8D890B9F80040002C49D005
S21402D2C020460CF05FFFC0F3470620460CF03EFFF8
S21402D2D0DFF8C0A00296BAF80030DFF8BCB00193BF
S21402D2E0BBF800300446009300222B460120254955
S21402D2F00BF09DF8ADF81600E8B1012504EB4606E2
S21402D300B4420DD1BDB9BDF81630A3B12A46414686
S21402D310384600F06FF9ABF80050AAF800500AE061
S21402D320012321461A460DF11600F6F709FB0234D0
S21402D33005460028E4D00023134AA9F800301378E3
S21402D340013BDBB21370002BACD107B0BDE8F04F47
S21402D350FFF780BF0D4C237823B90DF021F908B9E9
S21402D36001232370324629460520F7F70DFA0028D6
S21402D370EBD1207007B0BDE8F08F00BF2E5B002017
S21402D380906A0020C74A04005262002051620020C0
S21402D3902C5B0020C85A0020CA5A002030B5154D12
S21402D3A087B02C889CB923464FF4A07248F2380105
S21402D3B003A80AF001FE21462046FAF7E3FA2246BF
S21402D3C00D4B009403A9FFF75DFF07B030BD204662
S21402D3D009F090F904300DF0D8FA03A9044628881B
S21402D3E00BF08CF90023009320462A8803A900F04C
S21402D3F0AFFAEAE72E5B002000F8FF0737B50020F9
S21402D40001A9FAF7BFFA0D4C014623780C4D7BB101
S21402D4100C4B019A1878FAF7CBFA2078F8F74CFCFE
S21402D420002323702B700848F6F736FB03B030BD96
S21402D4302B78002BF7D0FFF7B1FFF4E754620020F9
S21402D4405262002053620020906A002008B5054808
S21402D450F6F732F80448F6F72FF8BDE80840034816
S21402D460F6F72AB82E5B00202C5B00202A5B0020F1
S21402D4702DE9F04F89B089460446CDE905239DF88B
S21402D4804870139E30B316F801ABBAF1000F23D0E2
S21402D4900AF1FF34A400E4B23146012007F037FF58
S21402D4A0C00E1BD1DFF838B13146012007F02FFF3E
S21402D4B09BF8005034442279BDB1002F47D1802317
S21402D4C04846CDE90277CDE900773E4A059900F055
S21402D4D091F83CE08246DFE75446DDE71B28ECD9AC
S21402D4E03146012007F013FFE7E7DFF8F880FF2A4E
S21402D4F000EA08080BD14246E379A179607901EB8C
S21402D500032189B209B0BDE8F04FFAF751BA2E49A5
S21402D51009688B070AD5FE2A35D101230135EDB2FB
S21402D520202D4FEA43030AD1FF250AE02946284662
S21402D5300792FAF727FA4845BFD1079AEBE79845CC
S21402D540ECD1224B1B78FF2B04D0AB4204D009B09F
S21402D550BDE8F08FFF2DFAD029460020F4F7B2FF7F
S21402D5600028F4D09BF800306479002BEFD1FFF747
S21402D57071FE17484FF410510CF0D4FE154B8BF881
S21402D58000501C70E3E7052A97D8BAF1010F94D829
S21402D590B8F1000F91D0002FD9D17379002BD6D0D5
S21402D5A00D49098821B9082B28BF08230B490B709F
S21402D5B0434648461292DDE9051209B0BDE8F04F2F
S21402D5C0FFF760BEC74A040098470020BA6B0020E7
S21402D5D0906A0020536200202E5B002052620020D8
S21402D5E05462002000F8FF07014B1880FFF7D6BEF2
S21402D5F02C5B00200CB42DE9F04F8BB014AA0E461B
S21402D60052F8041B07460992002940F08F80BDF8A5
S21402D6105400ADF82200002800F0A18033794FF6BE
S21402D620F778002B40F0868047458CBF4FF00908FC
S21402D6304FF008084C4B1C78FF2C40F08380B6F95C
S21402D6400230002BA9BF494B347A1C780134A2BFA2
S21402D650E4B21C7044F08004DFF81CB122460021BC
S21402D66001F0A2FC9BF80030BDF82200002B6CD023
S21402D670DFF808A14FF00009BAF8003007930CF063
S21402D68081FD0546BDF822000CF060FDEBB2CDE947
S21402D6900193FF23CDE90309009322463346394618
S21402D6A00798FCF7B5FB4FF6FF7305468BF800901C
S21402D6B0AAF80030382D33D13246394640460DF1AD
S21402D6C0220307F0E4FD00284BD04FF6F7739F4283
S21402D6D026D8B6F902307088002B21DA48F2040206
S21402D6E02349244B4FF00008904214BF89469946BE
S21402D6F009F091F9494603468A220120CDF80080B6
S21402D7000AF095FE814658B12246414601F04CFC8D
S21402D710FF23324639464046CDE90098FCF7DAF94F
S21402D72028460BB0BDE8F04F02B0704701200AF061
S21402D7305BFE6EE7002347458CBF4FF0060898460F
S21402D740337177E7FF221A7086E7CDE90003324687
S21402D750FF2339464046FCF7BDF90546AAE71925D8
S21402D760DEE70546DCE700BFBC6B00205662002001
S21402D770D84A0400CD4A040055620020305B0020DF
S21402D78070B54FF4003300240546164688B0ADF84F
S21402D7901A100DF10F0204A90593ADF81840ADF862
S21402D7A01C4004948DF80F4007F050FD9DF80F3092
S21402D7B028460193049B044A009305A93346FFF7C3
S21402D7C019FF08B070BD00BFD14A040030B54FF44F
S21402D7D08035002487B00395BDF82850CDE90012A5
S21402D7E08DF81030074A034603A9BDF82C008DF8C1
S21402D7F01140ADF81250ADF81440FFF7FBFE07B02B
S21402D80030BD00BFDD4A0400B1F1006F2DE9F043E0
S21402D81014462CBF392238228BB01D464FF0000327
S21402D820ADF81E204FF480022CBF4FF00109994636
S21402D830FF2C0646ADF81C300892ADF824304FEAAD
S21402D84011471FFA81F80FD109F0F6FBB9F1000F64
S21402D85019D1154ACDE9020543463046CDE9007492
S21402D86007A9FFF7C7FE1AE0FE2C0AD109F0E4FB6F
S21402D8700130C0B209F0EBFBB9F1000F12D00B4A2F
S21402D88002E0E8B2F8E70A4ACDE90305012330468A
S21402D890CDE90174CDF8008007A9FFF7ABFE0BB007
S21402D8A0BDE8F083034AD5E7D54A0400DB4A040004
S21402D8B0D44A0400DC4A04004FF498124FF0806306
S21402D8C010B586B0CDE903230023ADF8143009F075
S21402D8D0A2F80446F8F796FA054B01900093054A1B
S21402D8E0234603A94FF6FD70FFF784FE06B010BD6F
S21402D8F019620020E14A040008B5064B1B78022B89
S21402D90002D0043B012B03D8FFF7D6FF002008BD48
S21402D9100220FCE79661002030B500244FF48065B3
S21402D92087B0CDE900128DF81030084A034603A9E5
S21402D9304FF6FD708DF811400394ADF81250ADF815
S21402D9401440FFF757FE07B030BD00BFE54A04009B
S21402D9502DE9F04F99B00E4605460CA91046CDE9C2
S21402D9600A329DF888700AF086FABDF83090804632
S21402D97048460CF007FCB6F902300446002BB6F80F
S21402D98006A0B6F802B004DA00228D4B1A70002008
S21402D99049E048460CF0F6FB4045F5D3A4EB0804F4
S21402D9A0E3B2002F18BF4FF4A07A152B099328BFB5
S21402D9B015230024013308F1FF324946DBB292B246
S21402D9C0009412A80DF0DAF86FEA4B436FEA53435D
S21402D9D07C499DF8482008684968ADF83E300DAB92
S21402D9E003C3ADF84040ADF83C40ADF842A0ADF8F8
S21402D9F04420BBF1000F24D10DF14900F6F7C4FC18
S21402DA00A0B109F008F85C4680460DF151060DF10A
S21402DA1049030A9A96F80090012A2CD14FB384F053
S21402DA20010404F0010019B0BDE8F08F0DF14900C1
S21402DA300AF030FB4FF6FF74011B4C4280464C4105
S21402DA40E3E7BBF1010F57D1BDF8498008F0E3FFC9
S21402DA5080450AD040460DA90AF01FFB80F001045B
S21402DA60E4B20DF14B060DABD3E7574B0DF14B0667
S21402DA70CFE70A9CD5E75FB344BBB9F1010F25D8BF
S21402DA8030D108F0C8FF08F0C6FF224680467178FB
S21402DA904D4B029100210120CDE900814B490AF04D
S21402DAA0C6FCADF8320088B124BBB9F1010F0CBF39
S21402DAB00D210C210DF132000AF021FC024628B994
S21402DAC02846BDF832300FA9FFF794FD0120AAE7D9
S21402DAD0B9F1010F04D1002CD3D081227178D8E796
S21402DAE0002CFAD1B9F1010F94BF002201227178FD
S21402DAF0D201CEE70C21DDE70A9B002B7FF447AF6D
S21402DB007388342B4BD1099B092B7FF440AF002F2F
S21402DB107FF43DAF9DF951603A46B41008210DF1ED
S21402DB20490004F0200408F004FFA0B1284B1B783B
S21402DB30012B3FF42CAF274A274BB2F868201B680C
S21402DB40AA421DD0DA001BD5C8232846234A0FA9AD
S21402DB50FFF750FD1BE70DF14900F6F715FC00280C
S21402DB60E4D10DF149000AF095FA4FF6FF73984298
S21402DB70EAD02146F9F778FE03460028E4D1E4E726
S21402DB805B0201D5002E08DA00232846134A0FA9A5
S21402DB90FFF730FD124B1C70F9E68D23D5E7099B83
S21402DBA0CDE905A204930DF14903CDE9028331467E
S21402DBB02846CDE900790B9B0FAA00F03DF8E6E671
S21402DBC04A62002047D3030019620020E94A040093
S21402DBD09761002018550020984700203100040065
S21402DBE0BB6B0020024B187840F08000704700BFE5
S21402DBF056620020014B1880002070473E6B0020C2
S21402DC004FF6FF71034602881B798A4217BF0749FF
S21402DC1001200A8041881EBF054A00201180FF2B82
S21402DC201EBF044A00201370704700BF3A6B0020E4
S21402DC30386B0020576200202DE9F04FA1B09946BC
S21402DC40BDF8AC302D9F0D939DF8B03004460E9370
S21402DC50BDF8BC3038460F939DF8C0304E888846D3
S21402DC6015469DF8A8B010930CF08FFE112E824632
S21402DC7071D808F0D0FE504576D0062E10D14FF659
S21402DC80FD72924526D0BBF1000F10D100228023F0
S21402DC90CDE900A229462046BC4AFFF7ABFC06E0C7
S21402DCA0BBF1000F03D1032E07D8012E09D800229C
S21402DCB0B74B1A7021B0BDE8F08F043E022EF6D89C
S21402DCC0E4E7802329462046B24ACDF800A0FFF7B3
S21402DCD091FCECE7B04B1B785E074CD408F09BFE39
S21402DCE00026034632460120A84900960AF09FFB0A
S21402DCF03B79ADF866000F930028DBD0DDE90E32E3
S21402DD000D9803EB42090CF03DFA5FFA89F909F126
S21402DD1005085FFA88F88045CCD241460D9801F096
S21402DD202FF9109008EB40080D980CF02BFA80455E
S21402DD30C0DADDE90F321343DBB2002B40F0348247
S21402DD40BBF1000FB6D1D84642460421BDF86600A4
S21402DD5001F02AF974E1904A3A2E127812D948F262
S21402DD603B039E4207D013E08B4A127850070BD52E
S21402DD70321F022A08D8B8F8063043F48043A8F8BF
S21402DD80063097E71B2E1DD8B21E91B213295FD913
S21402DD90109B494602930F9B3046CDE900B30E9A7C
S21402DDA0234607F05AFA0F2884D10122784B1A70BC
S21402DDB0794B1B789B0740F12783BBF1000F7FF45A
S21402DDC079AFD8E7A6F11C011E29E1D801A050F8C8
S21402DDD021F000BF1FE4020091DD020091DD020087
S21402DDE0B5DC020091DD02000DE202000DE2020047
S21402DDF091DD020091DD020091DD020091DD02005C
S21402DE0091DD020091DD020091DD020091DD02004B
S21402DE1091DD020091DD020091DD020091DD02003B
S21402DE2091DD020091DD02003FE202003FE20200C5
S21402DE30F1E3020091DD020091DD020013E402002C
S21402DE4091DD02006FE4020085E4020093E4020022
S21402DE50132A9DD801A151F822F000BFADDE0200C0
S21402DE603DDF02005BDF020073E00200DDDC020041
S21402DE7091DD020091DD020091DD020091DD0200DB
S21402DE8091DD020091DD020091DD020091DD0200CB
S21402DE9091DD020091DD020091DD020091DD0200BB
S21402DEA0B7E1020091DD02004BE4020000231A9360
S21402DEB08DF866300DF1660322460E9948460093A9
S21402DEC01AAB07F0C4F908F0A6FD0646EAF75EFBB1
S21402DED0162894BF4FF002094FF02209F7F792FF77
S21402DEE02E4B0746B3F800A0FBF7EAFD2C4B804604
S21402DEF04FF6FF70B3F800B00AF084F8294B9DF88D
S21402DF0066201988244B1B7813F002031CBF264B8D
S21402DF101B780B921A9ACDE90701CDE90932402304
S21402DF202946CDE9019320460023CDE9058BCDE9AC
S21402DF30037A1E4A0096FFF75DFBBBE608F06BFD10
S21402DF401B4B1C4A1B88CDE92A0300232946204680
S21402DF5021B0BDE8F04FFFF74DBBBE781AA9731E7D
S21402DF60DBB2EF2B304627D9F22E25D005F0A1FCE6
S21402DF70822608F050FD00232946CDE90003034A15
S21402DF8033462046FFF736FB94E600BFCD4A040030
S21402DF904A620020D84A0400576100203E6B0020E7
S21402DFA03A6B0020386B002057620020EF4A0400CC
S21402DFB03C6B0020FC4A040005F07BFC002856D08F
S21402DFC008F029FD9DF86C209DF86E100492BDF8AD
S21402DFD06A2049000392BDF86820C9B2CDE9016201
S21402DFE09DF86D2003465200D2B208320A440092CF
S21402DFF001200022C6490AF01AFA9DF86D30ADF8E3
S21402E00066008DF8633000283FF454AE4FF00008E7
S21402E01001230DF163011A460DF16600F5F790FC37
S21402E020074600287FF446AE9DF86330FAB2934264
S21402E0300CD89DF86E308DF86330B8F1000F02D020
S21402E040BDF8663036E04FF00108E1E7414630465B
S21402E05005F031FC0123ADF86400022219A90DF186
S21402E0606600F5F76DFC01370028DDD022E6832630
S21402E0707FE708F0D0FC064605F03CFC33460090ED
S21402E08000220120A3490AF0D2F900283FF412AE7A
S21402E09000273E46ADF8680005F02CFC5FFA87F8CC
S21402E0A040450DD832460421BDF8680000F07CFFDA
S21402E0B0BDF86830002229462046FFF79BFAF9E5AC
S21402E0C0404605F0F4FBFF288DF866000BD00123CE
S21402E0D001361A460DF166011AA8F6B2F5F730FCBB
S21402E0E000287FF4E7AD0137D6E75046B7F802902E
S21402E0F005F0DDFBFF288DF8640000F0E2811AA926
S21402E10005F0D7FBBDF868304B4507D04FF6FF72D7
S21402E110914540F0D681190400F1D3819DF86D3007
S21402E12012930E9B0533DBB213930F9B14930023BB
S21402E1304FF0000911934B4613E017934900139BC7
S21402E140C9B219440D9889B20AF014F94FF0000AC0
S21402E150179B159012995FFA8AF28A4216D309F132
S21402E1600109149A5FFA89F19142E6D39DF86E206E
S21402E1701292169A1392002B40F09581119B002B57
S21402E18040F09F81109B14930123D1E711999DF8CB
S21402E1906400179305F08FFB159A179B0AF1010A84
S21402E1A0824208BF0123D5E709F106095FFA89F31F
S21402E1B0B046169386E1BD1C29465046BC7A06F048
S21402E1C0CFFB01222946504609F0CBF8504609F00B
S21402E1D02DFF284609F05EFF3A88824207D04FF6A6
S21402E1E0FF72904203D00CF0BEFC09F03FFF84F0B1
S21402E1F00804C4F3C00421462846FFF719F821464E
S21402E200284621B0BDE8F04F07F050B8BBF1000F2A
S21402E2107FF450AD12073FF5AEAD33463A46294677
S21402E220204601F08FF900287FF444AD8423294666
S21402E2302046394A21B0BDE8F04FFFF7DBB90F9808
S21402E24097F8008009F09AFC00210746204601F064
S21402E250E3FC312EA7EB0007FFB240F0D5804FF06B
S21402E260000A012053465246CDE9008A2B490AF09D
S21402E270DEF8ADF8660000283FF41CAD16225146C3
S21402E2801AA8EDF7D7F91AA808F04EFE4FF0FF339A
S21402E290DFF894B0CDE91C339BF80090B9F1000F7B
S21402E2A002D14FF0010A55E01D4E33796F2B02D989
S21402E2B00026324625E050461CA9F6F73DFF002808
S21402E2C0F6D0184BB6F80090B3F86830B9F1000FE4
S21402E2D02CD1003B18BF01235B0143F004038DF8E9
S21402E2E07A3002238DF87B3073881B0A49461EA8B3
S21402E2F08DF87D300CF04BFBB8F1000F65D0002690
S21402E30001220221BDF8660000F04EFE32461CE5F0
S21402E310004B0400CD4A040031000400084B040000
S21402E3208C5A00201855002090610020B3EB090398
S21402E33018BF01235B0143F005038DF87A300223F0
S21402E3408DF87B300F238DF87C30CDE70AF1010A79
S21402E3505FFA8AFA0AF1FF36F6B230460CF009FC8A
S21402E360C307F3D59BF8003019EB030F04D009F16D
S21402E37001095FFA89F9E9E7584B1CA91878304475
S21402E380C0B2F6F7D9FE002892D0304609F07FFEDA
S21402E390814630460CF0EDFBC0070FD416238DF8ED
S21402E3A07A304F4B1B780133DBB20F2B28BF0F237B
S21402E3B08DF87C304B4B33F8163096E730460CF02F
S21402E3C0D8FB8107EAD41223E9E7BDF866000BF012
S21402E3D0D9FE1630B84292DC012316221AA90DF194
S21402E3E06600F5F7ADFA00287FF464AC012660E714
S21402E3F012073FF5C0AC3B46224629460F9801F06D
S21402E400F9F800287FF456ACBBF1000F7FF452AC4B
S21402E4100CE7BBF1000F7FF44DAC802307E708F052
S21402E420FAFA50457FF446ACB81CF5F7ADFF002863
S21402E4303FF440AC08F0EFFA064608F0ECFA2A4B36
S21402E4402A4ACDE92A03334680E538460CF09DFA7F
S21402E45009F0D8FD00283FF42DAC2A900023294667
S21402E4602046234A21B0BDE8F04FFFF7C3B84B461B
S21402E4702A4621460020CDE92AB721B0BDE8F04F52
S21402E480FEF7F6BF4B462A4621460120CDE92AB7BB
S21402E490F3E75B464A46294620462A9721B0BDE85E
S21402E4A0F04F06F008BF012319A91A460DF16600BF
S21402E4B0F5F746FA00287FF4FDAB08F101085FFA8B
S21402E4C088F8013605F016FA5FFA86FA50453FF6E6
S21402E4D00CAEB8F1000F3FF433AC35E4866B002087
S21402E4E03F620020BE5A0020196200200D4B040035
S21402E4F0D84A0400F8B5164B04461D88154B20F87A
S21402E500025B196879B10822EDF7E6F8124B0C2087
S21402E5101B78124EA372124B19780023DAB291427C
S21402E52005D8FF2209E0C4F802104160EEE7013385
S21402E53000FB03F7F75BAF42F0D10A4BE2721B789F
S21402E5402373094B1B786373084B1B682361F8BD62
S21402E5503E5B0020345600205862002028590020D6
S21402E560806B00203C6200203B6200202056002088
S21402E570F0B589B006460C4615460AF0AEF80DF11F
S21402E5800A020146304609F05FFF144F0346F0B90F
S21402E59001223A702288BDF80A102AB1024600907B
S21402E5A0072004F06BF990B103A8FFF7A3FFBDF8AC
S21402E5B00A000BF0E7FD0646BDF80A000BF0C6FDA2
S21402E5C021460090F3B2284603AA06F0F3F9002388
S21402E5D0034A3B70136009B0F0BD00BF59620020C9
S21402E5E034560020142230B58BB005460DEB0201DE
S21402E5F01548DEF767FC10BBBDF81430DA0720D4E6
S21402E60013F0060FC3F3410208BFC3F341220F4BB8
S21402E6100DF116019C5C68462246EDF79BF9BDF8A3
S21402E620263004F128026A4402F8283C02341B0A07
S21402E63002F8273C69462A46E0B209F083F80BB096
S21402E64030BD2320FBE700BF703214E0E7970400DA
S21402E65010B58AB0ADF826200022CDE90522049234
S21402E6600CAA02924FF6FF720446AC2101200192D8
S21402E670064A039004FB0122603200924CF6200107
S21402E6800DF1260209F012FD0AB010BD1855002041
S21402E69010B54FF6FF741E4A8AB0B2F86800B2F898
S21402E6A05E10A042ADF82600B2F85C304FF6FD7060
S21402E6B0ADF8241018D081424FF0000094BF48F6FF
S21402E6C060014CF66001CDE90500CDE90300CDE915
S21402E6D0010094BF09AA603200920DF126020420BE
S21402E6E009F0E4FC0AB010BD81424FF000008CBF76
S21402E6F0603209AA00928CBF4CF6604148F660412F
S21402E700CDE90500CDE90300CDE90100014AE6E7BF
S21402E710185500208255002000B50E4B0022B3F893
S21402E7205E308BB0ADF824304FF6FF73CDE905228C
S21402E730CDE90322CDE9012209AA00924FF4006135
S21402E7400DF126020720ADF8263009F0AFFC0BB01B
S21402E7505DF804FB18550020202A10B5144614D87C
S21402E760012A04D10C88B4F5004418BF01246200C3
S21402E77030B10748ECF7B0FF064B00201C7010BD06
S21402E7800548ECF7A9FF054BF7E72120F7E700BF9E
S21402E790405B00205A620020805B00205B62002003
S21402E7A02DE9F047104617460CF0EFF8DFF814A1F3
S21402E7B0DFF814919AF8003099F8002005461343C2
S21402E7C002D10020BDE8F08710F4406800F0400651
S21402E7D019D186BBB0F5804F5CD24FF4807400230B
S21402E7E09AF80000344AD9B288425DD8002399F8D4
S21402E7F00000324AD9B28842E3D932F8021B01330A
S21402E800A142F7D155E0F81C0CF0BFF84FF6FF73A3
S21402E810984214BF0124022486B1052605F440431B
S21402E820B3F5004F44F0080424D0B5F5804F23D248
S21402E83044F4807420E044460326EFE7B5F5804FA3
S21402E8404FF00506F4D3B8F5406F14BF0220082037
S21402E850304438440CF099F8194B05F44045B3F8A7
S21402E8605C3083420CBF44F0080444F00404B5F55F
S21402E870004F01D144F08004B8F5006F0ED1B819EC
S21402E8800CF083F80E4BB3F85E308342A7D144F007
S21402E8901004A4E7444603260220D9E7B8F5406FE1
S21402E8A008BF44F020049AE732F8021B0133A14263
S21402E8B099D1012086E700BF805B0020405B0020E4
S21402E8C0185500205B6200205A6200202DE9F04FA6
S21402E8D0104685B0164698460CF057F85D4F00F085
S21402E8E00803B7F85C10044600F00709F01C029310
S21402E8F00391B7F85EB00CF048F806F1050A054633
S21402E90050460CF042F803464FF6FF70854218D088
S21402E9100399A1EB050CDCF1000545EB0C056D0037
S21402E9204FF6FF718B420ED145F004050BF038FE10
S21402E930029B6BB1B9F1000F11D0422005B0BDE8C1
S21402E940F08F0125ECE79B4508BF45F00805EDE78B
S21402E950B9F1030FF1D8DFE809F0021B795D0BF07D
S21402E9601FFE08B9A807E8D524F00804A4B2B4F537
S21402E970004F05D0B4F5624F02D0B4F5404FDCD15B
S21402E9800025294697F8A820002007F091FE3CE0D3
S21402E990D7F88030E3B9002132460846FFF700FF79
S21402E9A0D8B948F6410224F038039BB29342C4D148
S21402E9B00A2D49D0062DC0D197F87730023B012B9D
S21402E9C0BBD8F3F745FD0028B7D140F6040505E0AD
S21402E9D04146304698470028DDD00825E20648BF63
S21402E9E045F08005A30648BF45F4805505F00C03A4
S21402E9F0042BC6D1F01D0BF0C8FF97F8A83032469C
S21402EA00009341462B4607F028FE08B30E9B18805B
S21402EA10002093E7A90705D14FF6FF73B7F85C20ED
S21402EA209A428AD104F44063B3F5006F0AD0B3F574
S21402EA30406F82D1082250460749EDF747F9002871
S21402EA407FF47BAF0C25C9E70425C7E7432075E7AB
S21402EA50192073E71855002078550020034B1A78C2
S21402EA601AB1FF2A04BF00221A7070475D620020A6
S21402EA7070B5084C084E2378F55C1DB13E21074858
S21402EA800BF0A5FEFF2223782846F25400232370BB
S21402EA9070BD00BF5C6200205D620020114B040066
S21402EAA0034B044A1B78D05CFF3818BF012070471E
S21402EAB05C6200205D6200200023074A074913605B
S21402EAC0074A1360074A1360074A11600121074A82
S21402EAD01170074A136070474456002037820300BD
S21402EAE0405600203C560020B06A0020BD6B002035
S21402EAF04C5600200E2A70B50C4606461546194698
S21402EB0003D9FFF7D9FF502070BD012807D1002096
S21402EB10F3F7B8FCB0B1FFF7CFFF2120F4E780226D
S21402EB200021224B1A70224B1960224B1B684BB1F4
S21402EB3034200BF07FFB204B188018B9FFF7BCFF80
S21402EB400120E1E724F0FF6323F4FF231BB1FFF764
S21402EB50B3FF4F20D8E774B92046F3F7ADFC012483
S21402EB60032510F0800F43B21BBF00F01F039C402A
S21402EB709C4044F078440020104B24F078441E70E9
S21402EB800F4B10491D70104B1C60104B1870104B29
S21402EB901A68F4F71FF818B1FFF78EFF0420B3E7E0
S21402EBA09DF810200B4B1A70AEE700BF5E62002085
S21402EBB0485600203C560020C05B002063620020BE
S21402EBC061620020B9EE02004C560020626200200C
S21402EBD0445600205F6200207FB5244B00251A7839
S21402EBE001232348234903FA02F200781A440A60F2
S21402EBF0ADF80E5020B3984236D11F4C1F4B2078EA
S21402EC001B680DF10E0198471D4EBDF80E203070A0
S21402EC1092B11C4B29460093284602230195F4F72D
S21402EC2013F83278237822B1012A12BF1B2301334C
S21402EC30DBB2237004B070BD013818BF0120F0E7C4
S21402EC4078235A43013A0A6008220F490BF038FA31
S21402EC500B49094A0978137821B1012912BF1B23EF
S21402EC600133DBB21370E5E71846E3E76162002082
S21402EC70636200205056002062620020B06A0020C4
S21402EC80BD6B0020F5EE02002DA50300024B1868AE
S21402EC90003818BF012070473C56002037B505469D
S21402ECA01C460BF07DFC68B974B1084B1A60084B21
S21402ECB00A461C600123294600930323FFF71AFF26
S21402ECC003B030BD4D20FBE72520F9E7385600207B
S21402ECD04056002013B504460BF062FC58B962B1E8
S21402ECE0074B1A6001230A46009321460323FFF7C7
S21402ECF001FF02B010BD4D20FBE72520F9E700BF5B
S21402ED003C5600202DE9F0410446DDE906861D4604
S21402ED109DF820700BF044FC88B99EB1A2B10B4B53
S21402ED2001201A600A4B0A46C3F80080094B2146A6
S21402ED301E602B460697BDE8F041FFF7DBBE4D206E
S21402ED40BDE8F0812520FBE72120F9E7B06A002024
S21402ED5044560020405600200148F4F7ADBB00BFE1
S21402ED60C05B00202DE9F0410020F3F7A1FE114B15
S21402ED70114C1E68114B20881D68114B114FD3F899
S21402ED80008010B13978F4F771FD00203870FFF773
S21402ED9093FEF4F7ABF90EB14046B0473DB120887A
S21402EDA0A84700232380BDE8F0410BF08BBDBDE8E9
S21402EDB0F08100BF40560020C05B00203C56002079
S21402EDC04C56002064620020F8B52F48F4F764FE23
S21402EDD02E4B187830BBF3F76FFB2D4F06463B6879
S21402EDE003B32C4B2C4D1C6824B195F900301A46FF
S21402EDF01946A047294B1B6883B1294C2378312B2F
S21402EE000CD8284B18880BF0A1F923785A1C2270CC
S21402EE102A78C25423785A1C2270C65480232B7038
S21402EE2000233B60204C23781A2B22D81F4A1278E4
S21402EE30012A09D100211E4A156825FA03F0C007E7
S21402EE40DAB20ED501B122700020F3F735FB217835
S21402EE50884212D10022174B1A70FFF7BDFE40B946
S21402EE60F8BD0133D8B21A284FF00101E5D90A4499
S21402EE702270BDE8F840FFF775BF0020F3F72EFBBF
S21402EE800028E7D0F5E700BFB46A002063620020DE
S21402EE9048560020385600205E6200203C5600206D
S21402EEA064620020C05B002062620020BD6B00200E
S21402EEB04C5600206062002008B50B4B187880B9CB
S21402EEC00221F3F7CDFA094B1B782BB100214FF63E
S21402EED0FF720846F3F7A6FABDE808400448FFF7B3
S21402EEE073BF00210846ECE7636200205F620020E1
S21402EEF0B46A002038B5144B0C461D78012D21D17A
S21402EF0081B90846F3F7D8FA104A05FA00F01368F2
S21402EF100F4923EA0003136020462A46BDE838401C
S21402EF200BF0CEB80B4A13780133DBB2022B137008
S21402EF3004D9BDE838400848FFF746BFFFF74CFE45
S21402EF400028F6D138BD00BF636200204C56002070
S21402EF502DA5030060620020B46A002038B50C4676
S21402EF6005460BF00FF9A04203D82D2103480BF0FB
S21402EF702EFC28460BF0EAF8204438BD254B040048
S21402EF8070B506460D460BF0E1F8044648B1304629
S21402EF900BF0F8F8A84203D8352102480BF017FC0C
S21402EFA0605D70BD254B040070B50C4606461546DE
S21402EFB00BF0E8F8A04203D83E2104480BF007FC09
S21402EFC030460BF0C3F800B1055570BD254B040062
S21402EFD02DE9F0438FB007460C4615461E469DF8AF
S21402EFE05880F8F755F920B1F4F796FE08B144F4C4
S21402EFF000544D4B1B7813B924F40074A4B22005B8
S21402F00009D546B9284604A9F5F750F9002846D08E
S21402F01024F40064A4B2ADF81840ADF81A5007F014
S21402F020FAFC424BADF81C00B8F1000F02D01A7879
S21402F030424501D293F800803D4AE105137848BF65
S21402F0400DF1210103F10103DBB2137058BF08A9C9
S21402F05022058DF81E808DF81F3006D533680831DC
S21402F06041F8083C736841F8043CE30407D5314A8A
S21402F0700831136841F8083C536841F8043C0DF126
S21402F0801808A1EB08005FFA80F9002148460BF049
S21402F090D1F8064628B900200FB0BDE8F08304AECA
S21402F0A0B9E70BF053F841464A46ECF753FC3046B4
S21402F0B00BF068F8804630460BF048F8002302460C
S21402F0C000934FF6FF7004235FFA88F107F0C5FA43
S21402F0D0ADF80E000028DED040F201131C421AD111
S21402F0E04FF6F7739D4216D80BF04CF80DF10E0151
S21402F0F00446284600F090FDBDF80E000BF042F8DC
S21402F100E4B2A04207D9BDF80E0007F0F3FA43783E
S21402F11043F004034370BDF80E003A4601210BF09B
S21402F12061F8BDF80E00B7E7926100207A6B002006
S21402F1309461002019620020F0B50829D58889B0AC
S21402F14028D00C2926D0AE0424D405F040030B4365
S21402F150424C267816B105F0200423432FB2002F26
S21402F160B8BF43F08003032920D11223AC068DF8E2
S21402F1700430937A10D48DF805300DF1060401A9F7
S21402F180621A012392B2F4F7DBFBB0FA80F0400970
S21402F19009B0F0BD0B46DBE732228DF805308DF85C
S21402F1A00420002EE9D00DF11304E8E70C298DF8AF
S21402F1B004300ABF138953798DF80530548805BF89
S21402F1C01B0A8DF806308DF805300DF1070318BFBF
S21402F1D00DF106031C70240A5C70148802399C70B8
S21402F1E0240ADC70147901291C7111D8917A002F37
S21402F1F0597131DA022112899971DA71120A03F110
S21402F20009041A72002EBAD0AB06B8D50534B6E792
S21402F210A9071AD4002F0CDA117A51B1917A5971D2
S21402F2201189127A03F1080492B102229A71D971F5
S21402F230E8E70B4C217801F1010C84F800C09172CA
S21402F2409C1D002F5971DDDAEAE7917A9C1DF8E7DA
S21402F2500122090A9A71EAE79C1DD3E7926100200F
S21402F26093610020014B1880704700BFC25B0020EC
S21402F270014B1888704700BFC25B00202DE9F84397
S21402F28007460BF09DFA05461B480BF010FC1B4B7D
S21402F29060B31C683C1B2C44A4B20022184BDFF857
S21402F2A068901B78174D03EB830399F8006005EB13
S21402F2B043055FFA82F846450AD9AB8805F10A008B
S21402F2C0A34216D90A23B21A29465A43ECF704FA7D
S21402F2D0013689F80060AC80B8F1000F03D13946D8
S21402F2E005480BF01FF82846BDE8F8833C461D602B
S21402F2F0D3E705460132DCE7D46A002054560020E4
S21402F300656200205A5A0020666200201FB5154A20
S21402F310154C1378013BDBB213706168206801AAB2
S21402F32003C221891180114A1278D21805D00A2305
S21402F33020465A43E118ECF7CFF99DF806301B0732
S21402F3400DD0BDF80C00FFF799FF03468288ADF892
S21402F350082001AA03CA1288186059601A8104B0EC
S21402F36010BD00BF656200205A5A00206662002067
S21402F370002108B5084B09481970094B1970094B4A
S21402F3801A7802EB82025200ECF754F9BDE8084004
S21402F3900548F4F781BB00BF666200205A5A002077
S21402F3A065620020846B0020D46A0020F8B5002431
S21402F3B0084D094F094E3B783178E2B20B449A4227
S21402F3C004F1010400DBF8BD2846F4F775F80A35A7
S21402F3D0F1E700BF5A5A00206662002065620020EC
S21402F3E010B5064C207828B1054807F0AFFE10B1DC
S21402F3F0034B188810BDFFF789FFF3E7656200200C
S21402F4005A5A002008B50A4A0346107860B1094ADB
S21402F4101088984209D121B99378103323F00F034C
S21402F4209370FFF773FF012008BD0020FCE700BFC2
S21402F430656200205A5A00202DE9F74F00260BF08D
S21402F440BFF9DFF8F890B24699F80070B3463A462C
S21402F450DFF8EC801FFA80FEB8F800C0344CAEEB42
S21402F4600C039BB201932378324D009303EB830384
S21402F47005EB4303ACEB0E0C5FFA86FEBE4515D3D6
S21402F480BAF1000F01D0009B2370BA422AD3002F94
S21402F49037D00A222378C8F8000002FB0353264816
S21402F4A0998803B0BDE8F04F0AF03CBFB3F804E019
S21402F4B001998E4512D84FF0010A009993F802E09E
S21402F4C001310EF1FF3EC9B2013AA3F804B083F847
S21402F4D002E00091D2B20A330136CDE7E644A3F841
S21402F4E004E0F8E789F800204AB10A222378C8F82F
S21402F4F0000002FB0353104899880AF013FF237892
S21402F50013B903B0BDE8F08FFFF76AFF064600287E
S21402F510F5D007F023F80146304607F014FE20B176
S21402F52000212888FFF76EFFE9E740F60241F8E778
S21402F530656200205A5A0020D46A002066620020C3
S21402F540545600202DE9F04192F808801F4608F133
S21402F550FF33DBB2EF2B05460E46144688B00BD9B6
S21402F56082238DF80E30314628469DF80E30204A0A
S21402F570FEF740F8012037E00E22002104A8ECF73F
S21402F58059F8B4F809308DF81180ADF81230E37AE4
S21402F59003F07F02032A08D0012B24D103238DF81F
S21402F5A01030A389ADF815300EE0032B14BF0223EA
S21402F5B001238DF81030E368CDF815302369CDF8B5
S21402F5C01930237D8DF81430A7F121014A420DF13E
S21402F5D00E034A41009321460DF10F0304A8FDF7DE
S21402F5E037FC0028BFD1002008B0BDE8F08100BF7C
S21402F5F0310004002DE9F04F00241D7895B0CDE9C6
S21402F60002010492234622460120CDE900544049D5
S21402F61008F00DFFADF81E00F8B1A34626462746B1
S21402F6200DF120090DF1380AE8F7A4FF5FFA84F815
S21402F630404516D83A460221BDF81E00FFF7B4FC34
S21402F64032460421BDF81E00FFF7AEFCDDE90310CA
S21402F6500022BDF81E30FDF7CDFF012015B0BDE833
S21402F660F08F4A4640460AA9FDF7E4FB9DF828209B
S21402F67022B12DB1013DEDB20137FFB20134D3E71D
S21402F680BBF1000FF8D199E803009DF829308AE80B
S21402F69003008DF84030BDF82A30032A8DF8413039
S21402F6A04FEA13238DF8423017BF032301238DF848
S21402F6B043309DF82C30DDF83110DDF82D0014BFF4
S21402F6C08DF84C308DF8433011AB03C302980CBF53
S21402F6D04FF00E084FF0150808F050FA0590BDF8E6
S21402F6E01E000AF04FFD059900EB080399420BDB5A
S21402F6F00123424651460DF11E00F4F721F9002877
S21402F700ABD10136F6B2B7E74FF0010BB4E700BF54
S21402F710084B040038B505460D4B0E481C88F4F716
S21402F720A7F9012D0CD10C4B1C88FA21614358B164
S21402F730884209D28408012C204638BF012038BDF1
S21402F740022D08BF0224F0E702480AF0EBFDF2E7BA
S21402F750565A002084460020545A0020012208B53A
S21402F760054B06481A7000210AF0DCFDBDE8084089
S21402F7700020FFF7CFBF00BF7D6100208446002037
S21402F7801E4B73B51A8802F108039BB2012B02D8EE
S21402F7901B4B1B7823B902B0BDE87040F4F77CB966
S21402F7A00024184B184D1C70184B1C702B787BB11C
S21402F7B04FF6FC73164E00932246234621463088A7
S21402F7C008F002FC4FF6FD732C70338001200FE028
S21402F7D0104B1046197807F0B4FC0028F6D10C4BF3
S21402F7E01A884FF6FD739A42F0D0012302202B703E
S21402F7F002B0BDE87040FFF78DBF00BF585A002028
S21402F8007D610020806100207E6100207F610020F3
S21402F810525A002081610020012808B50AD0022829
S21402F8200CD020B9084B18700848F4F735F94FF099
S21402F830FF3008BDBDE80840FFF790BF0020BDE8D6
S21402F8400840FFF767BF00BF7D61002084460020A6
S21402F85002280CD859B1064A13780133DBB213706A
S21402F860044A12789A4202D80220FFF7D5BF7047A0
S21402F8707F6100208261002038B5A0F61343012B79
S21402F88004460D4615D80E4A13780133DBB21370C0
S21402F8900C4A12789A420CD84FF6FD720A4B002098
S21402F8A01988914201BF00221D80084B1A70FFF78B
S21402F8B031FF29462046BDE8384005F07FB800BF34
S21402F8C08061002083610020525A00207E61002061
S21402F8D000234FF6FD71054A1370054A1370054A58
S21402F8E01180054A1370054A137070478061002024
S21402F8F07F610020525A00207E6100207D61002038
S21402F90030B5094B02461B7833B1084B084C1978C0
S21402F9100023D8B2884201D3FF2004E0013334F832
S21402F92023509542F5D130BD836B002085610020BF
S21402F930325A00200022FF21044B05481A70054B5C
S21402F9401970054B1A789200EBF774BE8561002099
S21402F950365A002084610020836B0020F7B58DF8AC
S21402F96007100DF10701044602F0F4FF234B1D7841
S21402F970002D41D02046FFF7C3FF214EFF283178E5
S21402F980204B05D1204A107885422DD9451C15708A
S21402F990884219D01C4A1B4D92F800C00022D7B2EA
S21402F9A0BC450CD92F4697F803E00132864505F18F
S21402F9B00405F4D102B203EB8202D278FA7002B2E4
S21402F9C003EB8202D170307002B203EB820123F89D
S21402F9D02240FF228A709DF80720FF2A02D003EBFE
S21402F9E08203987003B0F0BD0A46104603EB82020B
S21402F9F0D278FF2AF9D1CBE7FF20F3E7836B00200A
S21402FA0084610020365A0020856100202DE9F843E3
S21402FA10FFF776FFFF28044669D04FF6FF72354F90
S21402FA2003B2DFF8DC80344E27F8232098F8005023
S21402FA30A54202D10020BDE8F883337820B28100C7
S21402FA40A34207EB800090F803E010D00023294A77
S21402FA505FFA83F94D45944606D99CF80390013324
S21402FA60A14502F10402F3D18CF803E001E086F826
S21402FA7000E0013DEDB22A1BD2B2043192003944B5
S21402FA80EBF72AFE88F800503378FF2B04D0A34207
S21402FA9024BF03F1FF33337000214FF6FF70154B7E
S21402FAA0CAB2AA420CD300234FF6FF71134ADCB245
S21402FAB0AC42BBD2013332F823008842F7D1B5E715
S21402FAC09A78A2420BD11880DA78FF2A04D0A24292
S21402FAD024BF02F1FF32DA7001310433E0E7FF2A75
S21402FAE0F2D0A24224BF02F1FF329A70ECE72D2038
S21402FAF0A1E700BF365A002084610020325A002057
S21402FB0085610020F8B51C4B05461B78084673B382
S21402FB10FFF7F6FEFF28044629D02846FFF7F0FE38
S21402FB20FF2806D0154B164E1A780023D9B29142FA
S21402FB3018D3FF212846FFF711FFFF28014616D0EB
S21402FB400546104F23B207EB830237F82300967858
S21402FB50FFF704FFA84208BFFF25FF2E214608D163
S21402FB602846F8BD013316F823108142DED1FF2560
S21402FB70F6E73446E6E700BF836B00208561002087
S21402FB80345A0020365A00202DE9F04180460E46AF
S21402FB901F46002386B001A814469DF830508DF803
S21402FBA00330FEF7A7FCADF804802EB13368CDF81B
S21402FBB006307368CDF80A3038460AF0C7FA0DF1F7
S21402FBC003034219214601A804F004FF9DF80330FE
S21402FBD093B931464046E8F7C1FE0E4B1B785BB13F
S21402FBE00B2C09D8FF214046FFF7B8FE064605EB68
S21402FBF04404E4B2A54202D106B0BDE8F08129462B
S21402FC00384608F0B7FB3146FFF7A8FE023506462F
S21402FC10EDB2EFE7836B002000232DE9F3470DF1E9
S21402FC2007028DF8073004460E4602F07EFE9DF867
S21402FC300730054663B92046FFF762FE04465EB10A
S21402FC4030880AF09FFA5FFA80F8FF2C45D100252B
S21402FC50284602B0BDE8F087B046F6E701320C2A25
S21402FC60F5D02DB207EB8505AD78FF2DF6D112F053
S21402FC70FF0AECD04FEA4A050235EDB2002EE7D075
S21402FC80304605EB080108F03AFB0028DFD1524661
S21402FC9041463088FFF788F90AF1FF3208F1010180
S21402FCA008F102093088D2B2C9B25FFA89F9FFF7C1
S21402FCB07BF924B207EB8404A478FF2CC8D023B2C5
S21402FCC0494637F82320308808F064FB0028BED166
S21402FCD009F102095FFA89F9EBE725460022014F8E
S21402FCE0BFE700BF365A002008B5D5F795FED5F710
S21402FCF07DFA00F04AFAD6F78DFEBDE80840D5F741
S21402FD0025B810B5044601880120D5F743FFE388DD
S21402FD100BB9C823E38010BD37B50446D5F748FFB4
S21402FD20658885420ED8A188E288814205D3431BA6
S21402FD305343491BB3FBF1F39AB280B240EA024046
S21402FD4003B030BD0022F8E770B50C46088800F014
S21402FD504BF994F84430054683420FD004F11C0652
S21402FD60304600F07CF984F8445000F07CF9618B50
S21402FD70A0643046BDE8704000F06CB970BD38B57E
S21402FD80044690F844108378826CCB1A5942594143
S21402FD90D5F746F8E37893B1257985B900F063F98B
S21402FDA00346A268218A04F11C009C1A8C4236BFC4
S21402FDB052182946D11ABDE8384000F04BB938BD72
S21402FDC009B100F0FDB800F005B938B583880446DD
S21402FDD003B3E3780088A17804F10C05A3B10023ED
S21402FDE0B1FA81F1E3704909FFF7EAFF4FF6FF72B5
S21402FDF0A388218993421CBF03F1FF33A3802846C0
S21402FE00BDE8384000F026B90123E370FFF7D8FFBB
S21402FE10E188F4E738BD10B5044681780088FFF71C
S21402FE20CFFF0123E3700023A38010BD10B58178B5
S21402FE300446B1FA81F100884909FFF7C1FF0023A1
S21402FE40E370A38010BDFFF7F1BF70B50446054608
S21402FE5000262B4655F8040B10B11B1B0C2B00DD9D
S21402FE6070BD237C8680002BF3D0637C13B1FFF732
S21402FE70D2FFEEE7FFF7DAFFEBE7FFF7E6BF70B574
S21402FE80044605464FF6FF762B4655F8040B10B18E
S21402FE901B1B0C2B00DD70BD8388B342F4D04FF4DD
S21402FEA0FA724FF6FF731146D5F70EF8ECE709B172
S21402FEB000F086B800F08EB810B50446C060083070
S21402FEC0D5F7DAFF21792088B1FA81F14909FFF7DF
S21402FED0EEFFA37943B121796088B1FA81F1BDE8DA
S21402FEE010404909FFF7E3BF10BD00F0A9B803466A
S21402FEF0184613F8012B8A4201D0002AF8D170471F
S21402FF0010B53B2104460068FFF7F1FF00220346C6
S21402FF1003F8012B2068236010BD10B540B1421EC5
S21402FF200A24002012F8013F303BD9B2092900D931
S21402FF3010BD04FB0030F5E708B500F07EF808B502
S21402FF4040F2BA4200211020D5F7A2FD41F2E82382
S21402FF50584340F6FF7300F2FF70B0FBF3F080B236
S21402FF6008BD50F80C3C23B150F8041C30F80E0CB7
S21402FF7018477047084619B1FF21103002F0FCBB43
S21402FF80704773B505460E466DBA1446D5F7AAFEF7
S21402FF90ADF804507EB1012C04D0032C09D0002207
S21402FFA0012101E02246022101A8D7F78BFF02B009
S21402FFB070BD0022F7E7042132460DEB0100F4E79C
S21402FFC007B540BAADF8040001A8D7F7AFFF03B0F3
S21402FFD05DF804FB07B540BAADF8040001A8D7F7F0
S21402FFE0D1FF03B05DF804FB002307B540BAADF8B5
S21402FFF004000DF1030101A88DF80330D7F7EEFFD8
S2140300009DF8030003B05DF804FB007800F0DF03FF
S214030010552B07D0642807D0663818BF4FF0FF303B
S214030020C0B27047012070470320704718B12D28CF
S2140300300CBF012002207047704708B501F08EFF01
S21403004008B500F083F8BDE8084004F091BC50E919
S214030050023018470A460830FF2102F084BBFF210E
S214030060083002F091BB08B50AF009FCBDE8084069
S21403007009F020B913B500240DF107008DF80740E9
S21403008003F028FC40B99DF80700033803288CBF0B
S2140300900020012002B010BD2046FBE72DE9F04109
S2140300A0044600274FF00C0E8F4202DB0020BDE80B
S2140300B0F0812078904204D1002594F807804545C6
S2140300C002DB01370C34EFE70EFB05F6D4F808C065
S2140300D00CEB06003CF806609E42E8D00135EEE7DE
S2140300E0F0B585B005460E461746D5F71BFF044602
S2140300F0A0B131462846D5F7CDFE83783A46002B85
S214030100A36831460293A378284601934FF0000371
S21403011000930CBF80234023E4F7BCFE05B0F0BD7C
S21403012008B51288D5F7FEFE50B10279BDF80C303B
S2140301309A4207D881680298EBF7CEFA002008BDEA
S2140301408620FCE78920FAE7D5F7F0BF002004F005
S2140301508BBC08B504F0F0FC002814BF0320002075
S21403016008BD10B50446FFF785FF20B12046BDE85D
S2140301701040DFF7D5BD10BD08B5FFF77BFF18B1FC
S214030180BDE80840DFF7BEBD08BD704708B502F0FE
S214030190CFF9FFF7A9FDD6F72FF86420DFF7D0FDD8
S2140301A06420DFF7BDFD02F0C5F9D4F7FDFD08F0C6
S2140301B0DBFCF8E7F8B5D0E90176437B04460D4649
S2140301C013B133463E461F46FFF74DFF012D20640D
S2140301D038460ED1D4F7DEFE3046D4F7FFFE25733D
S2140301E060784FF47F42BDE8F8404FF48171FFF723
S2140301F077BF022D05D1D4F7F1FE3046D4F7CAFEF9
S214030200EDE7D4F7EBFE3046D4F7E8FE0025E6E745
S21403021038B5037B04468B420D4607D190F844302D
S2140302205BB3BDE838404830FFF719BFFFF71BFF45
S214030230216C431AC72B0CD80123C83184F84550C8
S21403024084F84430091A04F14800BDE83840FFF743
S21403025001BF0DB1237B2BB929462046BDE83840A4
S214030260FFF7A8BF00212046FFF7A4FF0123C821FC
S21403027084F8455084F84430E5E738BD90F84510D7
S214030280FFF7C6BF0121FFF7C3BF0221FFF7C0BFB9
S2140302900021FFF7BDBF4FF60173994210B5044620
S2140302A002D10021FFF7B4FF2046BDE81040D6F781
S2140302B043B9032910B504462BD0007B30B9012976
S2140302C003D002290CBF0120FF2010BD032A07D844
S2140302D0DFE802F00208101401291CD002291FD0FF
S2140302E0FF20F2E70029FBD1B4F85C20012A12D0E4
S2140302F0022AF4E704290ED00529F0E7042914D0CE
S214030300052914D00029EBD1B4F85C20111F01296C
S214030310ECD80220D9E75A1E534253415800D4E77B
S214030320022B0CBF02200120CFE70020CDE70120DF
S214030330CBE730B587B005460C46D5F7E5FE012872
S21403034020D11CB1611E4B424B4158006B784FF4D1
S21403035080728DF804304FF48273ADF806304FF494
S2140303608173ADF8083001238DF80B30002385F830
S214030370900001A8CDE903238DF80A408DF81430C8
S214030380D5F7FAFE07B030BD41680346C978027B4D
S21403039099B98168C97899B9002A08BF0321D6F7A5
S2140303A08FB99B7B002B0CBF01210221F7E79B7BB8
S2140303B0002B0CBF02210121F1E7012AF1D170477E
S2140303C0012AF4D17047042910B5044604D831B184
S2140303D0BDE81040D6F7F8B905290DD010BD037B4C
S2140303E05522002B08BF0321A0F85C104078122189
S2140303F0FFF776FE2046EBE743681A8A83681A827D
S214030400E6E7012303730378013343734FF4407322
S214030410C381032303740023A0F85C3080F8903074
S214030420704738B504460D4601B945890123E37381
S214030430FFF719FEFA2202FB050020612089BDE8BA
S21403044038405043FFF78DBE10B50446806BD8B1D5
S214030450E278022A04D0636B5B7972B984F83C3085
S21403046094F83C306BB1FFF7D6FC60784FF6027217
S214030470BDE810400621FFF733BEB3FA83F35B09EA
S214030480ECE7FFF7D3FCF0E710BD10B50446406B6E
S214030490D4F780FD2046BDE81040FFF7D5BF10B562
S2140304A00446406BD4F79AFD2046BDE81040FFF79C
S2140304B0CBBF10B50446406BD4F7B6FD2046BDE867
S2140304C01040FFF7C1BF10B504460022062140784E
S2140304D0FFF706FEA378022B01D0FF2B04D120469C
S2140304E0BDE81040D6F7D2BC10BD4FF60273994252
S2140304F010B5044601D1FFF7A7FFE378022B02D01D
S2140305002046FFF7A1FF2046BDE81040D6F7BEBC45
S21403051010B50446D8B1C368CBB1DA78BAB11B7943
S214030520ABB103899BB1B0F87C301221022B14BF08
S214030530022305235522A0F87C304078FFF7D0FD30
S214030540218904F1BC00BDE81040FFF783BD10BD50
S21403055010B5D0F8B4407CB103791BB14079D6F717
S21403056055FD48B9A3883BB932222046BDE8104062
S21403057001231146D4F7A8BC10BD10B50446BC3001
S214030580FFF76DFD0023204684F8B830FFF7E0FF41
S214030590A278237982B913B12046D6F75DFD2046AB
S2140305A0D6F79AFD03236078A4F87C305522BDE87D
S2140305B010401221FFF794BD012B02D12046D6F737
S2140305C04BFDA379012B02D12046D6F785FD0123E7
S2140305D0E9E710B50446BC30FFF741FDA378B3B98D
S2140305E02046FFF7B5FFA3788BB9237913B12046CE
S2140305F0D6F752FD2046D6F7B3FD04236078A4F859
S2140306007C305522BDE810401221FFF769BD002259
S21403061094F8B83084F8B8206BB92379032B02D149
S2140306202046D6F719FDA379032B02D12046D6F729
S21403063053FD0023E2E72046D6F7D4FDF9E7827898
S214030640C3685AB9DB78002B14BF03230423A0F82E
S2140306507C30552212214078FFF742BD1A7922B921
S214030660DB78003B18BF0123F1E70223EFE71FB552
S21403067043880C21ADF80430838801AAADF8063010
S214030680C3681B8AADF8083090F8B0308DF80A308E
S21403069083798DF80B3003890078ADF80C3001238D
S2140306A00430C0B2ADF80E30D5F7A0FB05B05DF848
S2140306B004FB7FB500239E6A0446B6F5804F0D46BD
S2140306C00CD201A8D6F782FF039B5B0506D5294605
S2140306D02046336C04B0BDE87040184704B070BDC4
S2140306E000239B6AB3F5804F05D21B6BB3F5804F8F
S2140306F001D29B6818474FF4817070471FB50023DB
S2140307009A6AB2F5804F04D340F2011005B05DF843
S21403071004FB126BB2F5804FF6D2012201A8CDE995
S21403072002338DF80420D6F751FF039BDB03EBD58A
S214030730029B1A0EE8D0012A03D1C3F307430A2B00
S214030740E2D900239B6A1B6B1B6C9847DEE708B550
S2140307500AF052FAB0FA80F0400908BD134610B505
S21403076042B103439B0707D10AF04AFAB0FA80F076
S214030770400910BD0120FCE70020FAE700230360D0
S214030780704703680B600160704710B538B132B12B
S21403079029B100230139D45C14B90023037010BDBA
S2140307A08B42FAD200F8014B0133F4E7034638B123
S2140307B00020814204D01A5C02B970470130F8E782
S2140307C070474FF0FF31FFF7F1BF70B50C46164682
S2140307D0054660B15AB151B1FFF7F3FF844206D91B
S2140307E0211A32462844BDE87040FFF7CEBF70BDDD
S2140307F0FEE7FEE700239A4200D1704710B550F893
S214030800234041F8234001339A42F8D110BDD7F76D
S2140308103DBB4369426CD91C143AB1FBF2F103EBBE
S214030820C1000330B0FBF2F00230704738B505461E
S2140308300C46FFF7EEFF6A6CE31D143AB3FBF2F3C4
S214030840013304EBC30402FB004038BD38B505464C
S21403085044692146FFF7EAFF6A6CE31D143AB3FBCB
S214030860F2F3013304EBC304204438BDF7B507465F
S2140308700E4600257C6CA819644280EA06031C40D9
S21403088003D02C46204603B0F0BDFB6B01225B6908
S21403089001A99847019B0133F4D10435EAE770B503
S2140308A005460C46D9F7C8F8EB6B2046BDE8704002
S2140308B0DB68184770B50025044686B00562E36911
S2140308C0AB4202D8206A06B070BD666C2068E36B44
S2140308D005225B6901A906FB0500984701A800F0FD
S2140308E023FC00F046FC10B1236A01332362013572
S2140308F0E5E738B50446456C006804F1400305FB9C
S2140309000101E06B00F042FC05462046FFF7D2FFEC
S214030910284638BDF0B50546002687B0EC69013C8D
S214030920B44203D80C46204607B0F0BD01B14C1EB6
S2140309306F6C2868EB6B05225B6901A907FB040053
S214030940984701A800F0F0FB00F013FC0028EAD15A
S21403095021460136E2E7F0B504460D46466CE36BE6
S214030960006887B005225B6901A906FB0500984766
S21403097001A800F0D9FB00F0FCFB20B101A800F0B1
S214030980AAFB07B0F0BD29462046FFF7C3FF06467D
S214030990676C2068E36B05225B6901A907FB060009
S2140309A0984701A800F097FB431CEAD0B54238BF2E
S2140309B00130E6E72DE9F0434FF6FF79D0F82480BF
S2140309C004460E46C84514BF45460025002787B093
S2140309D0E369BB4202D807B0BDE8F083E26B236845
S2140309E0606CD2F814C000FB0530052201A9E0476D
S2140309F001A800F099FB022806D0C8450CD1721C4A
S214030A0029462046FFF775FFE3690135B5FBF3F288
S214030A10013703FB1255DBE729462046FFF79BFF0A
S214030A20B0F1FF3F14BF024632460132E8E70368DF
S214030A30F0B5CC1A436C0646B4FBF3F4002587B036
S214030A40F36937685A1E9542706C08D3706C336826
S214030A5000FB043007B0BDE8F04000F095BB01345E
S214030A60B4FBF3F203FB1244F36B05225B6901A9A3
S214030A7000FB0470984701A800F056FB00F079FBD2
S214030A800028E3D10135DBE710B423F00304224446
S214030A909B070A44436C18BF04325B4281EA020494
S214030AA0234203D05DF8044BFFF7C1BF10465DF841
S214030AB0044B70472DE9F041D0E90A369E420446BE
S214030AC086B028D11422C369456802FB135528460D
S214030AD006B0BDE8F0812068676C331AB3FBF7F302
S214030AE0E26B07FB0300D2F8148001A90522C04776
S214030AF001A800F019FB012804D0636C1D44013BD8
S214030B003340ED1A31462046FFF791FF0646A36AA7
S214030B10B342E0D1DBE70025F9E708B50830134612
S214030B20D1E90012D8F70EFF012008BD13B50C4615
S214030B30002121760093616813462246D7F7FCFA14
S214030B4018B1E37D03B1A07EA075A07D02B010BDF1
S214030B5073B5164600F108050C46284609680DF1DC
S214030B60070200F098F9032E06D16368834203D187
S214030B702846216800F076F9012002B070BDD01E29
S214030B80009B42424241187E824211D11A688A4231
S214030B900ED85A688A420BD35A6901325A61D3E98E
S214030BA0030282423FBF986840F8221001321A615E
S214030BB00120704710B5032A029C07D1A26A53404E
S214030BC0626C5242134201D100F04CF9012010BD71
S214030BD008B5C36800209847BDE80840D8F734BF77
S214030BE0012814BF0420022070B5002442431C7061
S214030BF0CC7D101D02F002024CB91AB1012220F07E
S214030C0003001A7000F108034868184470BD1AB14F
S214030C10012220F003001A7000230C7E01F1200548
S214030C20DAB2A24201D30020F0E735F833205E1C87
S214030C30824206D901EBC30300F10802D8691044C7
S214030C40E4E73346801AEBE773B5054690F842604F
S214030C501C4630460DF10303FFF7C2FFEB6B012E74
S214030C605B690DD1324601A998479DF8033013B14D
S214030C70BDF806300193BDF80430236002B070BDA2
S214030C800122214602B0BDE870401847F0B505467C
S214030C9000244868EB6B87B00E4601225B6902941A
S214030CA002A908309847274695F84230012B40F0B2
S214030CB0AC80632C00F2AB80612C08D805AB2246CF
S214030CC031462846FFF7C0FF9DF814305BB305ABEB
S214030CD02246314628468DF81070FFF7B5FF95F883
S214030CE04230012B059B7FD14FF6FF72934256D0BD
S214030CF0082205A904A800F063FA059B9DF81010C6
S214030D00C3F3072291424AD1DBB2029A1A440292F3
S214030D1045E0DCD005AB224631462846FFF794FF74
S214030D20BDF81430D2E795F84230012B39D1612C47
S214030D302ED822463146284603ABFFF785FF3146B9
S214030D40284604AB621CFFF77FFF3146284605ABF7
S214030D50A21CFFF779FF102208230DEB02010DF109
S214030D6007008DF8073000F02BFA102205A90DF1C5
S214030D70070000F025FA039BDAB24AB99DF807206C
S214030D80B2EB132F04D1DDE9043203EB02430293E3
S214030D9095F84230012B14BF012302231C4401346F
S214030DA082E7302CF4D822463146284603ABFFF7B9
S214030DB04BFF3146284604AB621CFFF745FF102362
S214030DC020220DEB03010DF107008DF8073000F02C
S214030DD0F7F9039B9AB2002ADAD19DF80720B2EB03
S214030DE0134FD5D1049BD2E70133D8D0102205A9DF
S214030DF00DEB020000F0E4F9059B9DF81010C3F319
S214030E0007429142CBD19BB27FE7312C81D902981E
S214030E1007B0F0BD13B500240194049C0094D7F7E3
S214030E2067FE02B010BD13B501240194049C009420
S214030E30D7F75EFE02B010BD00234FF0FF3230B589
S214030E4044689C4202D10023037230BD016801EB63
S214030E50C30541F833206A600133F2E7C0E90012A4
S214030E60FFF7EABF0023F0B545689D4210D004683B
S214030E70DF0054F8332004EBC306B2F1FF3F08D07B
S214030E80C2F31302914204D14FF0FF33E351736070
S214030E90F0BD0133E9E70023F0B545689D4202D172
S214030EA04FF0FF300EE00468DE0054F83340671C52
S214030EB009D0C4F31307B94205D1240D147003688F
S214030EC033445868F0BD0133E8E7704770B59400C3
S214030ED0224605460E4609F093FE431C0AD058B92F
S214030EE0224631462846EAF7F1FE002814BF3D2085
S214030EF0002070BD6E20FCE77120FAE713B50446A8
S214030F0001A8D9F71FFE9DF8063023804FF480739F
S214030F106380D9F725FE6060002002B010BDD9F7C4
S214030F2095BD08B5D9F786FD002008BD10B5044663
S214030F3044EA010313F00303084609D1934201D19F
S214030F40002010BD54F8231040F823100133F5E7B2
S214030F5021469200EAF7FEFCF2E710B5044609F0D4
S214030F604BFE431C10D088B9D9F7FAFD234620F070
S214030F7003002044984201D1002010BD53F8042BEF
S214030F800132F7D03E20F8E76E20F6E77120F4E74B
S214030F90704713B50023044601461B220DF10700D4
S214030FA08DF8073000F00CF922689DF80730B3EB94
S214030FB0D26F0CBF0120002002B010BD13B5002372
S214030FC00446014620220DF107008DF8073000F095
S214030FD0F7F80DF107001A22211D00F0F1F86268F8
S214030FE09DF80730B3EB926F0CBF0120002002B0D0
S214030FF010BD0068431C584258417047006810F003
S2140310007E0F0CBFC0F3C160002070470068C0F3BA
S214031010D3107047006800F07F0001288CBF0020C3
S21403102001207047036813F07E0F14BF04200820C6
S2140310307047036813F07E0F03D1406820F07C40AE
S214031040704713F078001CBF03F07F03D81F704768
S214031050006800F07F007047032809D0022803D1F8
S214031060C1F10201C8B2704700290CBF0720002057
S214031070704737B5054601F10C04436969460122FA
S21403108020469847BDF80030012201932046AB69FD
S21403109001A9984703B030BD37B501F10C04436985
S2140310A0012269460546204698474FF6FF72009B85
S2140310B099B291420DD16FF30F0343F4254343F0E6
S2140310C0A503019301222046AB6901A9984703B003
S2140310D030BD0020FBE737B5044600251B22011D63
S2140310E00DF107008DF8075000F06AF860689DF868
S2140310F00720B2EBD06F03D120F0784003B030BDA9
S2140311000DF107001B2204F108018DF8075000F0CB
S21403111057F8A0689DF80730B3EBD06F01D1C043F2
S214031120EAE74FF0FF30E9E74BF29A22036810B57F
S214031130B2EB134F044613D19BB2012B13D1FFF727
S214031140CAFF01300CD04FF6FF72E068B2EB104FC7
S2140311504FEA104309D180B2C01A18BF012010BD50
S2140311602368013303D00420F9E70220F7E70320BE
S214031170F5E701288CBF00200120704703380128BB
S2140311808CBF002001207047143070472DE9F041D2
S21403119005469846036908460E461746984704468A
S2140311A038B943463A4631462846D8F7BDFC044686
S2140311B018B131462846FFF75CFF2046BDE8F081AC
S2140311C01F2A0B689EBF4FF0FF3191408B4359088F
S2140311D001F055315B1A03F033319B0803F03333C8
S2140311E00B44017803EB13130A444FF0013103F069
S2140311F00F334B43A2EB13620270704708B507F038
S2140312005BFBBDE808400021D8F798BD0221032008
S214031210D8F792BF704770477047704770B505465A
S21403122014460E4609F0D1F92B685C4034405C4006
S2140312302C60BDE8704009F0C3B910B5002422B194
S214031240032A0CD00360047110BD11F4000218BF0A
S2140312504FF07F4221F07F4313430C0EF2E721F059
S214031260FF03CCB2EEE730B5012400F580534568A2
S2140312705C60CB784A785B0443EA02230A7813431C
S2140312808A78120402F480321343C0F89830EB07CE
S2140312905CBF00F50050446030BD70B501260C46B7
S2140312A0054600F500535E600B78497803F00703A4
S2140312B043EAC103E17843EA0123A178090101F077
S2140312C030010B430367C36AA17923F48B3323F4FA
S2140312D0807343EA01432179090201F4E0610B4379
S2140312E06179090301F480510B43C3621146FFF78A
S2140312F0BAFF05F580535E60E37903B1EE6070BD17
S21403130008B50A6FC96F02F00702FFF796FF08BD1C
S21403131013B5044601A8D9F715FC042C04D8DFE856
S21403132004F0061603101300002002B010BD40F2AE
S2140313309C4040F2BA439DF80520012A08BF184690
S214031340F3E740F6B830F0E74FF41660EDE740F207
S214031350E240EAE74FF050234FF400321A67704733
S2140313604FF0B0435A6812B19A6A002AFAD170470E
S21403137070B5054614460E4609F027F92B685C40FF
S21403138034405C402C60BDE8704009F019B9012276
S214031390417803788A4030214B4342F2100103F12F
S2140313A0A04303F570335A50704721FA00F2D20770
S2140313B030B5034600F0FC040FD500220132D2B24A
S2140313C0042A02D14FF0FF3008E0831803F003032A
S2140313D0234421FA03F5ED07F0D4184630BD002068
S2140313E07047002070470020704700207047012098
S2140313F07047012070470F207047EBF781B9002331
S21403140007B5CDE90033012369464FF0FF308DF869
S214031410023004F058FB03B05DF804FB002070476D
S21403142010B508B9212010BD0029FBD0036813F0BE
S214031430704205D1C3F30E030B607BB10020F2E7C5
S21403144003F05044B4F1004F05D0B2F1304F02D050
S214031450B2F1404FE6D103F07F03EDE74368002B7C
S214031460E0D00B60EAE737B50C46054610B92120F5
S21403147003B030BD0029FAD0002301A90193FFF77A
S214031480CFFF0028F4D12968019A11F0704102F1C8
S214031490030222F0030201D12260E9E7AD68B1F14D
S2140314A0004FC5F38033C5F3403504D103EB450342
S2140314B053432360DCE7B1F1204F01D12B44F7E718
S2140314C0B1F1304FFAD0B1F1404FF7D0CFE737B58F
S2140314D00C460546002800F08780002900F084802B
S2140314E000230B60036803F070430B60C26822B1ED
S2140314F0032A79D143F080630B60AB689A0149D421
S21403150003F08073EA680AB9002B6DD1226822F0D3
S214031510407213432360EA68032A05D12A69F62A30
S21403152062D962F317432360AB681B0442BF236888
S21403153043F400432360EB68032B1FBF23682A682A
S21403154062F30E0323602B68AA68002B2ADB12F4CF
S214031550C84F49D12B6803F0704303F10043B3F13E
S214031560804F05D2530542BF236843F4806323604C
S2140315700023284601A90193FFF752FF40B92B68C1
S21403158013F070421FD12368019A62F30E0323609F
S21403159003B030BD03F04073B3F1407F18BF4FF084
S2140315A00073AFE7500402F4005105D4E1B1236899
S2140315B043F400532360CDE7236843F4804323605A
S2140315C00029C7D0F3E703F05043B3F1004F05D02B
S2140315D0B2F1304F02D0B2F1404F05D1019B5A1EF3
S2140315E0236862F30603D2E72120D1E738B131B18D
S2140315F001234B604FF0005300208B60704721207F
S214031600704737B50C46054608B9212016E0002971
S214031610FBD001234B60C368A3B901A90193FFF76D
S21403162022FF58B9019B6A699A4209D32A69002A9C
S214031630EBD0226043F000530020A36003B030BD1C
S2140316401D20FBE7032BE0D10023F5E7436813B91E
S214031650416070475B685A68012AFBD1596070473E
S214031660FFF7DCBE08B5FFF7D9FE002814BF6FF0FE
S2140316709200002008BD1346428870B50732072A39
S2140316800C464FEAD20101D0A14222D14668058812
S214031690202218460021E9F7CDFF360A0346DEB9B5
S2140316A0BCB141F20102954205D0B5F5885F02D080
S2140316B0B5F5905F02D100205C6070BDB5F5105F94
S2140316C00DD1182C03D0202C01D0102C01D11C6076
S2140316D0F1E76FF08600F0E76FF08B00EDE76FF051
S2140316E08500EAE7F0B51C46436806461B0A0F4624
S2140316F0154689B035D122462946FFF7BCFF68B99F
S214031700EB1C23F00303C4E90307636145B92022F6
S21403171000212046E9F78EFF6FF0860009B0F0BD82
S214031720014620226846E9F785FF6A462946304681
S214031730FFF7A1FF0028EAD12368009A9A42E6D170
S2140317406368019A9A42E2D1A368029A9A42DED16A
S214031750A369069A9A42DAD1E369079A9A42DDD0D8
S214031760D5E76FF08B00D9E7D9F734BDD9F74EBE6E
S21403177070470020704700207047C3681944836889
S21403178053F8210030F8023B13607047012310B56D
S21403179080F888300378044653B100F061FA214696
S2140317A02046D9F725FF2046BDE8104000F04DBA85
S2140317B010BD38B50D460446D9F702FF6B682046C0
S2140317C0C4F8B032A96800F096F94FF0FF3320460C
S2140317D0C4F8B432FFF7CDFF38BDD0F8B43210B535
S2140317E00133044601D0002010BD00F0BCFAC4F853
S2140317F0B4020130F7D194F8B80280F00100F3E7A1
S21403180008B5D9F719FF08BD0A7801382D2A0ABF8B
S214031810012200228918D9F76BBF07281BD8DFE8F7
S21403182000F0060A0D101315041701207047002256
S2140318300820D9F75DBF00221020FAE700222020F7
S214031840F7E70820FFF7E0BF1020FBE72020F9E7C3
S2140318500846D9F7AFBF002070472DE9F74307289E
S2140318600C46DDE90A7690461D4608D80138062858
S2140318700AD8DFE800F01D27303A44574A002128EB
S21403188050D003B0BDE8F083002220461146E9F7A6
S2140318909DFE3368C0B205EB83013A6845F8230022
S2140318A0013348F8221033603B6801333B60E8E7B6
S2140318B0002220461146E9F789FE336880B205EB1D
S2140318C08301EAE7002220461146E9F77FFE3368E4
S2140318D005EB8301E1E7002220461146EAF724F8E8
S2140318E0336840B205EB8301D7E700222046114652
S2140318F0EAF71AF8336800B205EB8301CDE7002256
S21403190020461146EAF710F8E1E7002389461E460B
S2140319101D468DF8063019F8013F7D2B06D125703C
S2140319202D0A65703B6848F82340BDE7202BF2D0AC
S21403193006F00102013612B98DF80430EBE71022E7
S214031940002101A88DF80530E9F7EEFF631901358C
S2140319509870ADB2DFE72DE9F04F9B46002385B0C4
S2140319608B45814688469246CDE902336BDC1A46A0
S2140319701E4619F80340212C09D81F2C04D8103C06
S214031980072C98BF012200E001260133F1E7FF2C64
S214031990FBD15B4436B1013B43450ADD2B2005B042
S2140319A0BDE8F08F62B1013B4345F7DC3546374669
S2140319B002E000252F462E46454504DB0020EEE7D1
S2140319C09845F3D0EAE75D453BDB19F80730202B53
S2140319D018D109EB07035B78FF2BDFD1CEB920467E
S2140319E05AF82510FFF719FF78B303AB019302AB40
S2140319F000932046DDE90E235AF82510FFF72DFF46
S214031A000135D9E7212B0ED109EB07035B78FF2BB2
S214031A10C4D1029B5AF825200E99012641F82320AB
S214031A2001330293ECE7A3F11004072C02D91C46FA
S214031A300137D3E709EB07035B78FF2BAED1E4B29C
S214031A40CCE70624CAE72120A9E72620A7E72DE945
S214031A50F04F07460E4615469846044685B0DDF811
S214031A604490DDE90FAB206808B3DAF80020D8F815
S214031A7000108A421BDA0E9B53F82210D6F73AF967
S214031A8048BBDAF800200132CAF800206268117BEE
S214031A90FE291BD10E9B1068012100932A4643465C
S214031AA0CDE902B9CDF804A0FFF7D1FF04462B78A1
S214031AB043B999F800302BB97EB101233C4689F827
S214031AC000302B70204605B0BDE8F08F01238BF85D
S214031AD000302B70EBE70C34C5E73446F2E710B55D
S214031AE00446236803B910BD237A13B92046D9F7F1
S214031AF097FE0C34F5E710B541B10A7932B90124E3
S214031B009C300C71FEF73DFE204610BD0020FCE71E
S214031B102DE9F041BAB005460AAA084603A900F023
S214031B205FF90446B0B90DF10A0301930DF10B03F7
S214031B308DF80A0000930AAA284604AB03A9DAF72D
S214031B401FF89DF80A20B2B19DF80B2048B12AB1C0
S214031B50D9F766FE20463AB0BDE8F081FFF7BFFF2F
S214031B60F8E7D5F89C50002DF4D0A86808B1FFF725
S214031B70B6FF2D68F7E700B346681AAB06F10C0804
S214031B802AAF01934046049B039900970AAAFFF7DE
S214031B90E2FE04460028DDD1039B05A8CDE90637FF
S214031BA0049B0595CDE90838DBF7B2FA05A8336838
S214031BB0984705A800F03FFDCCE72D24CAE710B5EB
S214031BC00446AC30E9F732FC04F1AB031A180020E4
S214031BD0934200D110BD13F8011F0029FAD00A2939
S214031BE008BF0130F4E70023F0B50B601360064628
S214031BF0D0F8AC0278B196F8AC0060B1012406F1D7
S214031C00AC07D6F8AC02844210D306F1AC00B3F5A9
S214031C10007F10D30120F0BD0D6801350D601568F7
S214031C2001351560F85C01330A2802D0B3F5007F4E
S214031C30F2D30134E5E7C15C0A29EBD00029E9D0E9
S214031C401168013301311160E1E710B50021D0F8C6
S214031C508C200446E9F7EEFC0023C4E9243310BDC8
S214031C6073B5044600F1AC0580212046FEF79EFDC1
S214031C704FF4007106462846FEF798FD0136C0F578
S214031C800070864220461FD8E9F7D0FB0646284652
S214031C90E9F7CCFB01362946421CA819E9F71CFDD7
S214031CA02046E9F7C3FB214602462846E9F752FEDB
S214031CB02046E9F7BBFB0A23204480F8AC30002318
S214031CC0C4F8AC3202B070BDFFF779FF01AAC4F8BE
S214031CD0AC0269462046FFF786FF0022009B23449A
S214031CE083F8AC20C0E773B50D460446FFF767FFDD
S214031CF06B1C19D1D4F8AC3213B1013BC4F8AC3227
S214031D0000252046E9F792FBA84215D82046FFF7A0
S214031D109CFFD4F8AC322BB16946204601AAFFF7E4
S214031D2062FFA0B902B070BD012DFBD1D4F8AC326E
S214031D308342F7D20133E1E7082000F023F820209E
S214031D4000F020F8082000F01DF80135D9E7009DC3
S214031D5004F1AC06019BAB42E4D9715D2046DAF789
S214031D603DF80135F6E707B500200DF1070100F051
S214031D70E7F820B99DF8070003B05DF804FB4FF0C1
S214031D80FF30F9E710B5C1B20446002000F0C8F8EA
S214031D9000280CBF20464FF0FF3010BD0FB407B528
S214031DA004AA52F8041B00200192DAF7B3F90020C4
S214031DB003B05DF804EB04B0704710B54C1C0B463B
S214031DC00119045D222C03D07B2C01D05C2C05D199
S214031DD0D21A1844E9F780FC012010BD0020FCE766
S214031DE02DE9F047054691468846E9F71FFB2A4644
S214031DF006461346197801322029FAD0C9F800306E
S214031E005C1B01236FF0404AC8F80030A64201D895
S214031E10002014E02F5D29197B2F12D0222F2ED1FC
S214031E20D8F80030621C53442A4449F82320012C76
S214031E3009D911F8013C13F0DF0F04D02120BDE8C7
S214031E40F0877D27F3E701342B5DBB4209D12B19BD
S214031E505B7813F0DF03F1D1222F00D12B55013429
S214031E60D4E75C2B07D1324621462846FFF7A5FF69
S214031E700028E3D0013E0134A642E5D8DEE75C2F16
S214031E8008D1324621462846FFF797FF0028D5D0CB
S214031E90013EE4E7202FE2D10022631CB3420A701E
S214031EA0DDD2EA18EB5C202BD9D0D8F800300F2B04
S214031EB005DC49F823200133C8F80030CFE71E209D
S214031EC0BDE700F000B800207047D5F701BF70B536
S214031ED00C46154610B9DAF711F938B143682BB139
S214031EE02A462146BDE8704000681847232070BD87
S214031EF0F7B50D4616461C4638B9DAF7FFF804B9A7
S214031F0001AC20B9232003B0F0BD03B901ACC76808
S214031F10002FF7D02346324629460068B847F2E733
S214031F2007B501228DF807100DF10701FFF7CFFF64
S214031F3003B05DF804FB0B4601461846FFF7F0BFF7
S214031F4000230122FFF7D4BF08B508F039FCFA23B3
S214031F50B0FBF3F080B208BD0420704740F2016086
S214031F60DAF7C2B97047012070470020704749BAB4
S214031F7089B280EA0103C3F303125340180380B205
S214031F8058405B0103F4FF535840704708B5DAF72F
S214031F9077FD58B1A0F15903042B06D8042B04D8B7
S214031FA0DFE803F00404040304005C2008BDDAF74A
S214031FB0BFBE7047F8B50C468D180735524215401C
S214031FC0A5F108070646384600F0DFF9A188381B56
S214031FD0628801EBE00189B2A2EBE00225F8041C5B
S214031FE025F8062CA288C310AAB1A4EBC202B2F845
S214031FF002C0D18003EB0C015180E28892B1D31A60
S2140320009BB204EBC20425F8023CA380B3680344E6
S214032010B3603846F8BD15F8082C42F0020205F8FE
S214032020082CEAE725F8022CF0E72DE9F04F4FF0ED
S214032030000887B09946531C109B0546174614BFE5
S21403204014460824CDF81480002B00F0C580C3F88E
S2140320500080002900F0C28042688A4240F2BE80B7
S214032060073121F0070608F0BDFA05AACDE900827C
S21403207082463A464B463146284600F08AF9059F83
S214032080834607B130B9504608F0A7FA192007B0BF
S214032090BDE8F08FB7F8028029694FEAC802C0EBA3
S2140320A0C8080139B8F1270F29617AD9B9F1000FA9
S2140320B051D1864206F1080848D0224639462846BA
S2140320C0FFF778FF04460590059B9844404600F0CA
S2140320D05CF9059906F10F004A88C308A2EBD00203
S2140320E0A8F80220CA88A8F80430002A30D0D31AE9
S2140320F09BB201EBC202A8F8063093808B88F608E1
S214032100A380B8F804303A46E380414600232846C5
S214032110668000F0A6F9AB680833AB60237843F01B
S214032120010323702B6901332B616288AB68504629
S21403213003EBC203EA68AB60934288BFEB6008F028
S2140321404CFA109B083400201C60A0E73C46BBE713
S214032150A8F80620D2E707EB08042046039200F00F
S21403216014F90BF10703DB080599638008F10703ED
S214032170DB08A380CB8893B1DB00039AD81D821AB1
S2140321805A44C2F3CF020B44E2809A80A38808F134
S214032190FF384FEAD808A1F80280CB80BBE7E3807C
S2140321A0F4E7B9F1010F1BD107F10803B3FBF4F20F
S2140321B004FB1233B3B1224639462846FFF7FAFE2C
S2140321C0044623783A4643F001032370214601234D
S2140321D0284600F046F9A8E7222058E7212056E7CC
S2140321E08642E8D13C46ECE707B500224FF0FF31C4
S2140321F001AB0192DAF7FCF9019803B05DF804FB32
S2140322002DE9F74F04460D46002900F0AB80D0E9D0
S214032210056808F0E7F915F8087C35F8061CFB078F
S214032220009000D531B9009808F0D7F9012003B023
S214032230BDE8F08FA368D4F8109035F804ECA3EB50
S214032240C10B09F10103A5F1080C4A1CC4F808B038
S2140322502361BEF1000F7BD0ACEBCE03D888B3F876
S21403226002A00190187807F00207C00765D4002F74
S21403227064D10198A0EB0A07012F69D18A1CABF140
S21403228008075244C4F81090A76035F802ECBEF174
S214032290000F61D0D4E900700CEBCE0A07EB0009FF
S2140322A0CA4559D21CF83EC057461CF0010C15D13E
S2140322B0AEEB0101012911D1BAF80210AAF802C047
S2140322C001310A44BAF80610002943D00AEBC107C5
S2140322D0216901392161A1680839A16015F8081C34
S2140322E0013A21F0010105F8081C002125F8061C17
S2140322F05A801A7861F300021A707FB3C3F107029B
S2140323003A44C2F3CF02DA80BA804EB3B34227D33D
S2140323107288002A08BF1E46B8F1000F06D0434550
S21403232004D8B8F80220002A18BF43460098C4E928
S214032330056308F052F9002079E74FB115F8087CD9
S214032340724427F0020705F8087C00279F809CE765
S21403235063469AE70F46BBE70027BFE7DF80D4E76D
S2140323601E46D9E7222062E710B50446DAF758F985
S2140323702146BDE81040FFF743BFFFF7F5BF084609
S214032380FFF732BF0846FFF7F8BF0023036043603A
S2140323907047F0B5D0E90554561C08BF0822002B39
S2140323A04FF0000008BF2C46DDF818C0CCF800003C
S2140323B0002C37D09DF814706588FF0007EBC50521
S2140323C0C2F1000E2078C00708D51BBBE088A0B179
S2140323D004EBC004658807EBC505F3E78D42F4D329
S2140323E063B904F10806B6FBF2F002FB1066701838
S2140323F00EB1A842EAD8CCF80040F0BD082A0FD0A8
S2140324006088013004EBC000461A06EA0E06801BFD
S2140324108542F0D2A0880028EFD0A4EBC004D9E709
S2140324200846E8E72046E8E703460069C0B10AB96C
S21403243051B91A6810460378DB0711D531B9C3883A
S2140324405BB100EBC300F6E79A69F3E7012904D111
S214032450838823B1A0EBC300EDE70020704718463E
S21403246070472DE9F041D0E90554074688461646DD
S214032470ABB1954200D00ABB424600213846FFF76F
S214032480D3FFB442054600D02EB942460121384652
S214032490FFF7CAFF0446C7E90554BDE8F081954235
S2140324A008D08D4228BF0D46B44205D0444538BFF8
S2140324B04446F0E70D46F7E74446ECE79442EAD194
S2140324C0E3E770B500261C46C3E90001C3E90266CC
S2140324D0C3E905001E611A775E62FFF756FF23699C
S2140324E00139C908013341802361A36830460833A4
S2140324F0A360E3680833E36070BD002307B568464E
S21403250000938DF80430D8F707F803B05DF804FBA2
S21403251010B508F05AF8044606F060FA2046BDE8FF
S214032520104008F04DB870474FF4C870DAF7D8B8C3
S214032530DAF78AB900F01CB87047704708B503F09D
S21403254001F903F009F903F010F903F01FF9BDE8E8
S214032550084003F02EB9704708B503F0EEF803F011
S214032560EDF803F0ECF803F0ECF8FFF7F4FF08BD22
S21403257008B503F01FF903F01EF903F01EF9BDE8D2
S214032580084003F021B97047012070472DE9F34155
S21403259012F001050446884622D110F0030525D122
S2140325A02F465208BA4209D1D8F744FA0026B74252
S2140325B004EB860008D1D8F749FA11E054F827301F
S2140325C001330CD10137EDE7042258F826300DEB22
S2140325D00201019308F014FB30B1D8F737FA3D2512
S2140325E0284602B0BDE8F0810136E0E70125F7E7AB
S2140325F07047B0F1006F0FD300F07843B3F1006F6C
S2140326000CD000F06040B0F1404F09D0B0F1604FFD
S21403261014BF042003207047002070470120704732
S21403262002207047002070471AB111B180B2DAF762
S2140326307FBB2120704701F056BEE3F7A9BCFFF726
S2140326408DBCD0E9023253F8223000211878E3F724
S214032650F1B8704702F08CB901F0DABDC36882683E
S214032660013BDBB252F823305B78652B02D10020A6
S214032670E5F730BC6E2B01D10120F9E7662B01D1BB
S2140326800220F5E7704710B5D0E90232044653F846
S2140326902230187802F046FAE368A268013352F84B
S2140326A02330BDE81040187802F03ABA10B5044655
S2140326B0C0B2DBF70BFD200ABDE81040DBF706BD12
S2140326C0D0E9023253F822301878DBF707BE02F05F
S2140326D0E1B9E4F7FDB808B501F0B8FEBDE8084077
S2140326E0E5F7E6BAD0E9023253F82230186801F06B
S2140326F0ABBE0020E5F7E2BB0120E5F7DFBB022116
S214032700DBF782BD0321DBF77FBD0521DBF77CBD4D
S21403271008B501460C20DBF753FDBDE80840DBF7A0
S214032720E1BC08B501460020DBF74AFDBDE80840DA
S214032730DBF7D8BC07B5C2688368043253F8223087
S21403274001211B880DF10602ADF806300023DCF7E5
S214032750DFFA03B05DF804FB08B508F045F8BDE8FA
S2140327600840F1F763BD10B51446DCF7EDFD2146CE
S214032770BDE8104007F0D6BD08B5DCF7E5FDBDE8BB
S2140327800840002107F0CEBD08B5DCF7DDFDBDE847
S2140327900840F1F781B908B5DCF7D6FDBDE8084077
S2140327A008F085B908B5DCF7CFFDBDE80840F1F7BA
S2140327B05FB97047704708B508F016F8FFF7FAFFD9
S2140327C003F065F8BDE80840DCF70ABE7047012051
S2140327D070470120704708B5DCF79EFE00280CBF43
S2140327E00420012008BD70472DE9F34104460D4639
S2140327F016461F46DDF8208008F08EF83B46324624
S21403280029462046CDF8008003F043F83B4632467F
S21403281029462046CDF80080FFF7E5FF02B0BDE865
S214032820F04101F060BD2DE9FF4704460D4616460C
S2140328301F46BDF830809DF83490DDF838A008F0C8
S2140328406BF83B46324629462046CDE9019ACDF839
S214032850008000F0FDFF04B0BDE8F04701F043BD83
S214032860704708B508F058F803F016F8FFF7F8FFB6
S214032870BDE8084001F037BD012070472DE9F74356
S21403288004460D4616461F469DF8289008F044F861
S2140328903B46324629462046CDF80090FFF7ECFF2C
S2140328A080463B46324629462046CDF8009002F045
S2140328B0F4FF01F018FD404603B0BDE8F0830120A5
S2140328C070472DE9F74304460D4616461F469DF806
S2140328D0289008F021F83B46324629462046CDF894
S2140328E00090FFF7ECFF80463B46324629462046DB
S2140328F0CDF8009002F0D2FF01F0F5FC404603B09D
S214032900BDE8F083F8B504460D4616461F4608F0A4
S21403291003F83B4632462946204602F0C0FFBDE890
S214032920F84001F0E0BC00207047F8B504460D46B9
S214032930164607F0F1FF324629462046FFF7F3FF17
S214032940074632462946204602F0AAFF01F0CBFC92
S2140329503846F8BD38B504460D4607F0DDFF294670
S214032960204602F09EFFBDE8384001F0BCBC10B51F
S214032970044607F0D1FF204602F094FF2046FDF7F9
S214032980E3FBBDE8104001F0AEBC704738B5044623
S2140329900D4607F0C1FF2946204602F095FF29465B
S2140329A02046FFF7F2FFBDE8384001F09CBC7047B5
S2140329B070B504460D46164607F0AEFF3246294666
S2140329C0204602F083FF324629462046FFF7EFFFF4
S2140329D0BDE8704001F087BC704738B504460D4625
S2140329E007F09AFF2946204602F072FF2946204642
S2140329F0FFF7F2FFBDE8384001F075BC704738B505
S214032A00054607F089FF284600F0EFFE0446014618
S214032A10284601F0ABFF01F066FC204638BD38B50A
S214032A2004460D4602F056FF29462046FFF7E6FF0A
S214032A3038BD704738B5054607F06EFF2846E3F7FE
S214032A4053FA04460146284601F08EFF01F04BFC7C
S214032A50204638BD38B504460D4602F03CFF2946ED
S214032A602046FFF7E6FF38BD704710B5044607F06B
S214032A7053FF204602F030FF2046FFF7F5FFBDE880
S214032A80104001F030BC704738B504460D4607F0D9
S214032A9043FF2946204602F021FF29462046FFF73A
S214032AA0F2FFBDE8384001F01EBC704770B504461F
S214032AB00D46164607F030FF32462946204602F0FA
S214032AC00EFF324629462046FFF7EFFFBDE870406B
S214032AD001F009BC704738B504460D4607F01CFFE5
S214032AE02946204602F0FCFE29462046FFF7F2FF61
S214032AF0BDE8384001F0F7BB704738B504460D46CD
S214032B0007F00AFF2946204602F0EBFE2946204638
S214032B10FFF7F2FFBDE8384001F0E5BB704710B59C
S214032B20044607F0F9FE204602F0DCFE2046FFF7D7
S214032B30F5FFBDE8104001F0D6BB704710B504465C
S214032B4007F0EAFE204602F0CEFE2046FFF7F5FF2A
S214032B50BDE8104001F0C7BB7047704770B5044628
S214032B600D46164607F0D8FE32462946204602F0A2
S214032B70BDFE324629462046FFF7EFFFBDE870400C
S214032B8001F0B1BB704710B5044607F0C5FE2046FA
S214032B9002F0ADFE2046FFF7F5FFBDE8104001F05A
S214032BA0A2BB704738B504460D4607F0B5FE294666
S214032BB0204602F09DFE29462046FFF7F2FFBDE8B9
S214032BC0384001F090BB704770B504460D46164674
S214032BD007F0A2FE32462946204602F08BFE324616
S214032BE029462046FFF7EFFFBDE8704001F07BBBA8
S214032BF070472DE9F34104460D4616461F46DDF899
S214032C00208007F089FE3B46324629462046CDF80B
S214032C10008002F070FE3B46324629462046CDF839
S214032C200080FFF7E5FF02B0BDE8F04101F05BBBB3
S214032C300E2070470E20704738B5044607F06CFE2A
S214032C402046FFF7F7FF0546204602F055FE2046CE
S214032C50FFF7EEFF01F047FB284638BD002070471C
S214032C600020704738B5044607F056FE2046FFF7A7
S214032C70F7FF0546204602F040FE2046FFF7EEFF2C
S214032C8001F031FB284638BD704708B507F044FE0F
S214032C9002F034FEFFF7F8FFBDE8084001F023BB5F
S214032CA0002070477047704708B5DCF707FD00281B
S214032CB00CBF0420012008BD70470B68DA7B1AB9E5
S214032CC0DB7C0BB9DCF71EBD8120704708B5DCF74B
S214032CD031FDBDE80840DCF73BBD7047DCF72ABD95
S214032CE0DCF736BD082808D84FF48B73C34013F0BF
S214032CF0010F0CBF212000207047212070470121BF
S214032D00DCF718BE0221DCF715BE0421DCF712BE81
S214032D100821DCF70FBE1021DCF70CBE08B500F067
S214032D2026F808B1002008BDDCF754FE0028F9D1C8
S214032D30DCF762FE0120F6E7152808B503D1BDE8E7
S214032D400840DCF74DBE01F089FE60B9E2F720FCCF
S214032D50032806D100F009F828B9BDE80840FFF7B4
S214032D60DDBF0028EBD008BD704700207047002069
S214032D70704708B5DDF726F8FA23B0FBF3F008BD75
S214032D800321DDF74FB801207047D0E9023253F82C
S214032D9022301878DDF74EBA0868C37B1BB9C37CAC
S214032DA00BB9DDF777BA81207047D0E9023253F8C2
S214032DB022301878DDF7B0BA704730B505460446BA
S214032DC015F8100B85B0029565691D44CDE90025FD
S214032DD00B46A21D618801F023FE05B030BD704787
S214032DE010B492F80A4192F8053103EB04230B81E1
S214032DF000235DF8044B1A4601F010BE1FB50446C7
S214032E00084671B12178FF290BD0238B029363699F
S214032E100193237C00936288A31DE3F781F8FF23C5
S214032E20237004B010BD0868C37B73B9C37C032B3F
S214032E300BD8DFE803F002080406DDF76DBDDDF707
S214032E409DBDDDF7CDBDDDF77BBD812070477047A7
S214032E50704700207047137810B5032B0CD15479B4
S214032E60CBB29C4208D19379B3EB112F04D153789C
S214032E701B1A5842584110BD0020FCE77FB5054693
S214032E800E4600246946E0B201F076FD28B96A468C
S214032E9031462846FFF7DFFF18B90134202CF1D15D
S214032EA0002004B070BDFFF7E9BF0868C37B9BB979
S214032EB0C37C052B10D8DFE803F0030D070B0905C9
S214032EC0DDF732BEDEF76EB8DDF7C8BEDEF71AB83A
S214032ED0DDF798BFDDF76ABE812070470020704794
S214032EE030B5102587B001AA00210195FEF745FCF1
S214032EF004462A46002102A8E8F79CFB2A462146F8
S214032F0002A8E8F7E9FB012102A8DEF729FA07B0D1
S214032F1030BDDEF7B7B97047FFF7FDBF0B68DA7B46
S214032F205AB9DB7C012B04D0022B04D02BB9DEF775
S214032F303BBEDEF745BEDEF74FBE8120704700235B
S214032F4007B5012101A80193D4F71AFD08B9D4F7F0
S214032F5053FB012003B05DF804FB08B502F030FA1A
S214032F60052803D0003818BF012008BD0220FCE75F
S214032F707047D0E9023253F822301878003818BF69
S214032F800120E0F7A9B9E0F7ADB9002070470020AB
S214032F9070477047FF207047FF2070470020704738
S214032FA00020704700207047704706207047DFF701
S214032FB051BC0868E0F72AB970B50D4604460021EF
S214032FC02846164601F074F9324620800221284628
S214032FD001F06EF9324660800421284601F065F957
S214032FE00023A360E3606060082070BD034641B120
S214032FF081424FF0640005D94343B3FBF1F0C0B2FE
S214033000704708467047E0F77BB9E0F771BFE1F712
S21403301079B8B0F5807F05D0A0F5007358425841C3
S214033020400170470820704730B599B00D46694691
S2140330301446E0F7CBFF30B915B1BDF802302B606C
S2140330400CB10D9B236019B030BD2DE9F04788B055
S2140330500E46904604A905AA07461D46FFF7E4FF59
S214033060044638BB28800DF10C09DDE904A39A4514
S21403307020D2062251463846CDF8009006ABE0F73C
S214033080C1FFD8B9039B062B18D12A88DDF81A305E
S21403309042450ED2BDF8181026F832102A8806EBE1
S2140330A0C20253602A885344013206332A800493AB
S2140330B0DBE7F7D9204608B0BDE8F0870124F9E737
S2140330C02DE9F0438FB00F46904601A9002204462F
S2140330D09946FFF7A9FF18B101200FB0BDE8F083AA
S2140330E0062220460DF1020302A9FFF7AEFF0028D1
S2140330F0F2D105460246BDF80210019CEEB28E429E
S214033100EAD20EAB03EBC60656F82C3C36F8306C08
S2140331100634BE4217BFE4180122134600220135C7
S21403312022B1C8F80040C9F80030D6E71A46E5E7EA
S21403313070B50024012602F01DF9E5B2C26806FA4E
S21403314005F59542234604F10104F4D3D8B270BDC5
S21403315070B586B0E0F788FD00F11006E6F7F4F8E0
S21403316000240546142201A9301902F00AF91CB9F5
S2140331709DF80430FF2B16D0002303F118026A448F
S21403318012F8142CFF2A06D11C44601E90FBF5F09F
S21403319080B206B070BD2B44DBB2132BEDD91434CA
S2140331A0B4F5826FDED14FF0FF30F2E7E0F792BB63
S2140331B007B504220DEB020102F0E3F8019803B011
S2140331C05DF804FB37B5054608460C46FFF7F0FFE7
S2140331D0A84206D0042220460DEB02010195E6F72D
S2140331E005F903B030BD07B50B4600920021024631
S2140331F00120E0F701FC03B05DF804FB08B50121EC
S214033200E0F732FBBDE80840E6F79CBAE0F770BE8D
S21403321008B5FFF7F3FF002008BD08B513460A46B6
S21403322001461846E0F77CFC80F00100C0B208BDFA
S21403323000207047704708B1E0F77ABF704730B494
S214033240DDE902451DB1029430BC00F0C6B930BCBE
S21403325070471F2804D8142200F5A030D9F732BED1
S21403326070471F2804D8142200F5A030D9F756BE9D
S2140332707047152808B505D1FFF7DCFFBDE8084001
S214033280E1F79CB808BD10B5142486B02246002189
S21403329001A8E8F7CFF92023224601A94FF4A0306E
S2140332A001F078FC06B010BD0020704713B500236C
S2140332B00C461A460146CDE90033E0B2E1F742FE7A
S2140332C002B010BD13B500231446019001220093EB
S2140332D0E0B2E1F737FE02B010BDD0E9023253F890
S2140332E022301868E1F7A6BF194491420ADC421857
S2140332F0002003B9704712F8011D013B01EB0020C3
S214033300DBB2F6E7002070472DE9F04F4FF0000AD6
S21403331085B0019381460F4615465346019A1178A8
S2140333205FFA8AF2914203D8002005B0BDE8F08F19
S214033330019909EB050801EB4202517892F802B0B5
S21403334011F04004009101F03F061BD0AC19BC42BB
S214033350D4BF0024012433466400A20740F18880CA
S214033360009B1B0640F192800E9B324603EB0B003C
S2140333700021E8F75FF93D4600231D44ADB20AF18C
S214033380010ACBE7042E07D866B1B31E022B0BD86F
S214033390DFE803F0122130003E2E37D03F2E5BD0FD
S2140333A03D2E4BD00320C0E7BD4234BF002401248A
S2140333B0012664003346D0E7AB1CBB4250DC022335
S2140333C03A4629464846FFF78FFFADF80A00022320
S2140333D00DF10A08C1E7EB1CBB4243DC03233A4664
S2140333E029464846FFF780FF0390042603230DF182
S2140333F00C08B2E72B1DBB4236DC04233A462946AB
S2140334004846FFF771FF03900423F0E77A1E9542C0
S2140334102CDA02233A4629464846FFF765FF4FF65D
S214033420FF7380B298420EBF0223023083B25C1948
S214033430A742B4BF0324012404268EE7BD4215D257
S21403344098F80030FF2B0CBF01230133EC18BC4265
S214033450CCBF03240124EFE70124042600237CE7E2
S2140334603446B4E70224C0E70224CDE70324E3E7A7
S2140334700E9A02EB0B0014B142F80B807DE732463E
S21403348041460093E8F766FA009B76E702204CE78E
S21403349010B5144686B018811A460A9B0291CDE9E8
S2140334A0034301230193099B014600930320BDF8C0
S2140334B02030E1F783FF06B010BD1FB50024029449
S2140334C0079C0194BDF818400094FFF7E1FF04B091
S2140334D010BD2DE9F0410E461746054686B098B353
S2140334E091B38AB34FF0000802A95FFA88F001F09F
S2140334F043FA044640B99DF80830032B08D008F178
S2140335000108B8F1200FEFD1204606B0BDE8F081E0
S2140335109DF809202B799A42F1D1BDF80A206B88D1
S2140335209A42ECD19DF80C30BDF80D006B712881E2
S2140335302B4622464FF6FF71CDE90067FFF7BDFF26
S2140335400028DCD00446DFE72124DDE710B586B08B
S2140335500A9C04949DF824400394BDF820400294EA
S2140335600124CDE9003413460A4601460620E1F756
S21403357025FF06B010BD1FB50446084619460023AE
S2140335800094CDE90123079BBDF81820FFF7DEFF63
S21403359004B010BDF0B5022805460E4614461F4675
S2140335A08BB00AD106A9F0B201F0E6F998B99DF8F6
S2140335B0193023719DF81C306371119B22460493C6
S2140335C00023CDE902330193109B3146009328462E
S2140335D03B46E1F7F3FE0BB0F0BD13B500240194B0
S2140335E0049C0094FFF7D6FF02B010BD2DE9F0450A
S2140335F00646884614469A46002701258BB006A938
S214033600F8B201F0B9F920BB9DF81830012B19D197
S2140336109DF8192033799A4214D1BDF81A2073887D
S2140336209A420FD19DF81C3032467371B9B2CDE978
S214033630030ACDE90100434602200094E1F7BEFEEB
S214033640054610B90137202FD9D128460BB0BDE85F
S214033650F0850546F9E70023FFF7C8BF10B5044613
S214033660E2F78AFC0021631E04F10F0213F8010F30
S214033670FF2808BF19709342F8D10023237410BDA6
S2140336800020704770B506461D46E2F7E9FA044681
S21403369008B9212070BD3046E2F7B0FD0028F8D007
S2140336A0A0682A46FF21FFF75EF89DF81030002039
S2140336B063719DF81430A371ECE713B59DF81040C1
S2140336C0CDE9003413460122FFF7DCFF02B010BD3C
S2140336D008B5E2F7C5FA28B18068FF21FFF754F86A
S2140336E0002008BD2120FCE70122FFF7F1BF1FB52C
S2140336F00B466A460146184601F034F96A46082323
S214033700002032F8021B013B13F0FF0380EA01009E
S214033710F7D1012838BF012080B205B05DF804FB5D
S2140337202DE9F04F87B0DDE9109B054688464846ED
S21403373019461F461446BDF848609DF84CA0FFF78F
S214033740D6FF042D0346ABF800001AD8022D1DD968
S214033750042D07D04FF2F222A188914222D1E288AB
S21403376091071FD5E17A0022CDE90137204633467B
S214033770CDE90392CDF800A001F043F907B0BDE808
S214033780F08F6A1F012A11D92120F7E7002241464C
S214033790CDE9119228462246109707B0BDE8F04FB0
S2140337A001F03EB94FF6FF760C21DCE7052D0ED16E
S2140337B00023E17A0022CDE90137CDE90392009197
S2140337C0234652464146304601F00EF9D6E74FF2FD
S2140337D0F222A188914204D1E288920701D5E17AC8
S2140337E0E8E74FF6FF760C21E4E7F0B585B005462B
S2140337F0E1F7F6FE48B16B88B3F5006F05D1681D97
S21403380005B0BDE8F04000F0EEBC284600F004FD2D
S2140338100446C8B9E7B26946384601F0ADF878B948
S2140338209DF8006066B92946384601F0A9F820B12C
S21403383040F60443984207D08C26304605B0F0BDC8
S2140338400134202CE6D1F7E78D26F6E7E2F7AEB88B
S2140338502DE9FF4704460D460146184617461E4601
S214033860BDF830809DF83490DDF838A0DCF794FE80
S214033870D0B92146284601F021F933463A4629466F
S2140338802046CDE9019ACDF80080E2F733F93346B6
S2140338903A4629462046CDE90D9ACDF8308004B045
S2140338A0BDE8F04701F0F7BF04B0BDE8F087E2F7E4
S2140338B0CBBAE2F783BAE2F7A7BA10B5044601F02B
S2140338C009F9082201462046BDE81040E7F704BF81
S2140338D001F002B9002101F0FFB801F011B9002090
S2140338E0704720207047EFF781BDEFF7CBBDF2F7A7
S2140338F075B87047E2F7F4BB70B506460C46154636
S21403390000F04CF850B13CB135B1204600F0D6FC7F
S214033910013080B2A84200D9002070BD304600F0C6
S21403392043F840B1002CF7D0012DF5D9204600F01E
S214033930CAFC0230EDE73046E2F732FBEAE7F8B5B9
S214033940BDF8185010B3967855B9D478A6F1410748
S214033950012F07D8621ED2B200F0CFFD0020F8BDBB
S2140339602C46F3E7433E012E04D8A21E92B200F083
S214033970DCFDF3E7D27813B90DB1AA4206D811B924
S214033980E7F758FEEAE7E7F7A7FEE7E78920E6E763
S214033990413803288CBF0020012070474138012896
S2140339A08CBF002001207047433801288CBF0020BD
S2140339B00120704700207047002070470388B3F546
S2140339C07C4F01D3FFF7F8BF0846FFF7F3BF10B5E8
S2140339D04A880488A2420DD1037B0C79234009D080
S2140339E0B2F57C4F08D3FFF7E7FF0B891B1A584243
S2140339F0584110BD0020FCE70120FAE738B50D88D2
S214033A00D488A5420AD10388B3F57C4F08D2FFF7C2
S214033A10D5FF13891B1A5842584138BD0020FCE7CE
S214033A200120FAE72DE9F04715460446B8B149B137
S214033A30EAB100264FF0140AB04690F80490F3B2A9
S214033A40994501D800240AE027680AFB067738461A
S214033A50FFF7BDFF013628B13C46A5F80080204697
S214033A60BDE8F0877B8943441FFA83F8E7E71446EB
S214033A70F5E72DE9F0470E4615460446B8B149B1B9
S214033A8012B300274FF00C0AB846B0F80890BBB242
S214033A90994501D800240AE06368324620460AFBAB
S214033AA00731FFF7ABFF28B10C46A5F80080204688
S214033AB0BDE8F0870B79013713F0300F02BFCB78E0
S214033AC043441FFA83F8E2E71446F0E72DE9F04192
S214033AD086B00D461446984604AA05AB03A90646C7
S214033AE0E2F734FB40B30DB1049B2B6034B3049D63
S214033AF003982946FFF762FF2B880746024671881C
S214033B00307800F04FFBD8B1297911F010030BD0B1
S214033B10EB782A46CDE900433B4671883078FCF7BC
S214033B20FFFA06B0BDE8F0812A4620460599CDF88F
S214033B300080FFF704FFF4E78620F2E72046F0E76D
S214033B407E20EEE71FB51C460023ADF80A20BDF81D
S214033B5018208DF80400ADF80610ADF80C20694661
S214033B601A4601A800938DF80840FFF7AFFF0098A8
S214033B7004B010BDF0B587B00E4605AB04AA03A982
S214033B800446E2F7E3FA08B3049D03982946FFF7D1
S214033B9015FF2B88074602466188207800F004FB51
S214033BA0B0B1297911F0100108D000963B462A4699
S214033BB061882078D2F78CFA07B0F0BD0091012314
S214033BC02A4631460598FFF7BAFEF5E78620F3E75F
S214033BD07E20F1E72DE9F041064600254FF0140854
S214033BE00779E8B2874201D800241AE008FB05F0FB
S214033BF0D6F800C00CEB00043CF8000081421AD152
S214033C0032B1802A10D194F90CC0BCF1000F12DA3D
S214033C10B0F57C4F05D32046FFF7CEFE834200D097
S214033C204BB92046BDE8F081402A04D194F80CC075
S214033C301CF0400FECD10135D3E70121E2F7C2B9FE
S214033C4008B513460022E2F7EBFA003818BF012046
S214033C5008BD08B513464022E2F7E2FA003818BF5B
S214033C60012008BD08B513468022E2F7D9FA0038CA
S214033C7018BF012008BD08B540220023E2F7D0FA9A
S214033C80003818BF012008BD08B580220023E2F7DC
S214033C90C7FA003818BF012008BD0023E2F7C0BAF0
S214033CA00021E2F72DBB10B504460121E2F728FBFD
S214033CB02046BDE8104001F022BE7047F8B5164610
S214033CC01F469DF81820BDF81C300546E2F7A8FAF3
S214033CD078B10421E2F792FB044650B1284600F07F
S214033CE00EFB3A4631462846A047BDE8F84000F0AA
S214033CF0FABAF8BD2DE9F74F1E46DDE90C9B0746D9
S214033D0088461446BDF838302AB3B9F1000F22D0DE
S214033D100EB392F804A099F80020504612F0080F4C
S214033D200CBF802240226188E2F77AFA98B1082114
S214033D30E2F764FB054670B1504600F0E0FA3346FE
S214033D40224641463846CDE9009BA84703B0BDE866
S214033D50F04F00F0C8BA03B0BDE8F08FF8B5BDF871
S214033D60187016461A463B460446E2F759FAE0B17F
S214033D7077B90221E2F742FB0546B0B1204600F0D0
S214033D80BEFA31462046A847BDE8F84000F0ABBA75
S214033D901021E2F733FB054638B1204600F0AFFAB0
S214033DA03A4631462046A847EEE7F8BD73B5BDF858
S214033DB0184016461A4623460546E2F731FAB8B1C6
S214033DC0C4B92021E2F71AFB044670B1284600F076
S214033DD096FA099B3146009328469DF820309DF8B5
S214033DE01C20A047044600F07EFA204602B070BDB1
S214033DF08624FAE70024F8E72DE9F04186680446AE
S214033E00007800F07CFA002514273279EBB29A4248
S214033E1003D8BDE8F04100F066BA7B4332682078E9
S214033E20D15A02EB030800F0C1F901214046E2F73C
S214033E30E5FA034608B1207898470135E5E72DE90A
S214033E40F04F1C4689B09DF84C30BDF8488001936E
S214033E509DF85030924602932246434607460D4647
S214033E60E2F7DEF98DF814700646ADF816508DF8B5
S214033E701840ADF81AA0ADF81C8018B9012009B097
S214033E80BDE8F08F05A9FFF7A2FD0028F6D00025B0
S214033E902F46A8462C4634E00C231FFA85F903FB6D
S214033EA009F931887368B1F57C4F33F8092003EBC1
S214033EB0090B1AD333F8090050452CD3019BA342B0
S214033EC02DD900F0B8F99BF80200E2F743FF029BF6
S214033ED043B19BF8043013F0010F0CBF05200720F5
S214033EE0E2F738FF0134A4B219E0ADF81A205946B8
S214033EF0304605AA0393FFF781FD039B0028D9D11B
S214033F0001353289ABB29A42C6D804EB0800C31B0C
S214033F1058425841B3E708F101081FFA88F80137F9
S214033F20BFB2EDE710B5012488B006949DF83C4077
S214033F3005949DF8384004949DF8344003949DF806
S214033F40304002940B9C0194BDF828400094E2F79D
S214033F5099FB08B010BD2DE9F04786B0BDF8388050
S214033F60DDF83C909DF840A0CDF80080CDE9019A9D
S214033F7004460D4616461F4600F012F9B8B1431E16
S214033F80DBB2012B10D800230122811E4842484190
S214033F90CDE90432CDE902A03B4632462946204607
S214033FA0CDE90089FFF7BEFF06B0BDE8F087012024
S214033FB0FAE730B50024012587B0CDE9044503951B
S214033FC09DF82C5002950A9DCDE90045FFF7AAFF00
S214033FD007B030BD30B50024012587B0CDE90445D0
S214033FE003959DF828500094CDE901354023FFF74B
S214033FF099FF07B030BD10B5012486B0CDE904445F
S214034000002403949DF828400294099C0194BDF86B
S21403401020400094FFF786FF06B010BD1FB5089C2E
S21403402003949DF81C400294069C0194002400947B
S214034030E2F724FC04B010BD70472DE9F84F0229BF
S214034040074688460C9D04D84FF0000A5046BDE844
S214034050F88F1BB10429F7D942F004023A702BB348
S21403406003247B701B0ABB70E3F71EFF4FF00009A7
S2140340709DF82830385504F1020A01343B550B9A53
S2140340805FFA89F3D45C002CE0D0732C10D82E464C
S2140340904C2C56F804BB3DD0532C15D0622C45D17E
S2140340A0AC8805F1080600231A4616E00124DBE770
S2140340B0A4F17503032BC7D8763C2E1D022C52D8C9
S2140340C0DFE804F0565A58006A6805F1080694B209
S2140340D0D2B2B2F1FF0318BF01230AEB040119445D
S2140340E08845B1DB50461946002947D153441FFA89
S2140340F083FA5CB1BBF1000FA6D0224607EB0A0099
S2140341005946E7F727FC54441FFA84FA354609F163
S2140341100109B4E74FF6FF736A6805F1080694B21F
S21403412022469C4214BF02230023D6E76C2C05D1FB
S214034130584600F0C8F8841CA4B2B4E7732C04D124
S214034140584600F0BBF8441CF6E7A4F13003DAB295
S214034150092A01D89CB2A6E7A4F14103062B3FF631
S21403416073AF373CE8E7012300242A68A346B4E785
S2140341700223F9E70323F7E70423F5E700F1010C2D
S21403418001393A54C9B2120A1FFA8CF0ACE7002080
S214034190E2F768BD0022E2F785BD0023E2F798BD8B
S2140341A001207047012070470120704770470020A8
S2140341B0704700207047002070470020704700209B
S2140341C070470020704770470E20704700207047E6
S2140341D00020704700207047002070477047FF207C
S2140341E070470E2070478420704770470020704742
S2140341F0704700207047002070470020704700205B
S21403420070470020704700207047002070477047B3
S2140342100E2070470020704700207047002070472C
S214034220704770470E207047704700207047812004
S21403423070477047704738B50546C0B2E2F78AFD47
S2140342400446280AE2F786FD14B1002808BF0024B6
S214034250204638BDF8B50546C0B2E2F77BFD0446F6
S214034260C5F30720E2F776FD0746C5F30740E2F7F6
S21403427071FD0646280EE2F76DFD24B12FB136B167
S214034280002808BF00242046F8BD3C46FBE734461A
S214034290F9E710B4CC18944203DC5DF8044BFFF73F
S2140342A023B800205DF8044B70470423FFF7F1BFE3
S2140342B008B50223FFF7EDFF80B208BD0078FF289C
S2140342C008BF0020704708B502220021FFF7F0FF61
S2140342D04FF6FF73984208BF002008BD003818BF8A
S2140342E00120400070470020704708B5FFF7A5FC83
S2140342F0FF284FF0FF3018BF0020C0B208BD08B536
S214034300FFF7F3FFFF280CBF2120002008BDF8B5F8
S21403431006460C4615461F4600F011F810B1254414
S214034320AC4200D1F8BD3946304614F8012BE2F70B
S21403433003FEF5E7014600220220E2F78DBD0120C9
S214034340704737B50546E1F717F8044601950CB9EB
S21403435081201CE0237823B12046E1F715F80446B4
S214034360F5E72B6862685B889A42F5D1A368EA7B17
S21403437099B272B12A8A9142EED16A7DB2EB134F9B
S214034380EAD10020E36801A998478128E4D003B066
S21403439030BD4FF6FF72EEE72DE9F84304460F46AD
S2140343A0904699460BB3012A1FD80C20E7F748FB23
S2140343B0064610B91920BDE8F8831020E7F740FB3E
S2140343C018B93046E7F744FBF4E70123002547EA2C
S2140343D0084770600570C0F80C90446087603380AF
S2140343E03046E0F7C1FF2846E5E72120E3E738B586
S2140343F00446436808460D469847B4F90830002B30
S21403440002DB2B78042B06D1002320466360BDE82D
S2140344103840E3F723B938BD30B54FF48A5587B033
S214034420ADF816200DF116041A46029543B1002383
S2140344300122CDE90033234600F01EFA07B030BD53
S214034440019401240094F7E7FFF7EBBEFFF7BEBE27
S2140344500020704708B500F001FB20B900F048FBC8
S21403446008B9E0F779F9FFF7D2FEBDE80840FFF791
S214034470DBBE0020E3F75ABD0021E3F7F7BD0022B9
S214034480E3F7B6BD1FB5D2880B4612F0200F4FF6E2
S214034490FD7114BF49245224ADF80610510544BFDC
S2140344A0083CE4B2110544BF083CE4B2120444BF1E
S2140344B0023CE4B2032805D8DFE800F0020F161C1E
S2140344C0ADF80630BDF80600FFF789FEFF281CBFCF
S2140344D0241AE4B2204604B010BD02AA0DF1060168
S2140344E0D8B200F079FAEDE7D8B200F047FAADF8A3
S2140344F00600E7E7013CE4B2E4E7F8B506461746EC
S2140345000D4681B10C78FF2C0BD00846FFF7D6FE7C
S214034510B84228BF3846C4B22246691C701CE7F767
S214034520DBF83470F8BD0C46FBE770B50446154659
S2140345300E4611B94170017070BD0B78FF2B05D183
S2140345404B78FF2B02D103704370F5E73046FFF735
S214034550BAFEA84228BF284685B22A46B11CA01C2C
S214034560E7F7BAF825702D0A6570E5E7F0B523B9C5
S214034570013A531C2FD1002020E0042AFBD8002345
S2140345801C46551E6E1C1AD1042A10D00121D200D7
S214034590501E01FA00F020421EBF914049420C43D0
S2140345A018421EBF4FF0FF3101FA02F213439C423A
S2140345B01EDCB4BF4FF0FF30002040B2F0BD40B168
S2140345C0465DEF00BE4034434E5D013DBE4033437F
S2140345D0D8E70646F5E78C5C38B90346A34202F1F2
S2140345E0FF32C6D24FF0FF30E8E7835CA342F5D92B
S2140345F00120E3E7283807288CBF002001207047F6
S2140346001D2810D004D840B11C2804D0552070476C
S2140346101E380128FAD81A2901E00B390F298CBF56
S2140346205520002070470829F9E70020002170472D
S214034630F7B59DF820400546082C104619469DF808
S214034640246036D8002213462C44AC4208D106F028
S214034650FD04382C0ED10096FFF7E7FF03B0F0BD3C
S21403466014F8017D1B0243EA12631202BA1843F1DF
S2140346700003EAE7392E10D107EE100A07EE902A58
S214034680B4EEE77AF1EE10FACCBF77EE677A77EE00
S214034690C77A002117EE900AE0E7824273EB010423
S2140346A003D2801A61EB0301D8E7101A63EB01010A
S2140346B0D4E700200146D1E738B5C3681446194449
S2140346C0836853F821501AB12846E6F7AFFE2070E8
S2140346D0284638BD2DE9F3411C4616460DF1070260
S2140346E09DF82050FFF7E8FF9DF807308046A34269
S2140346F088BF8DF807409DF807700DB1E41BE5B23F
S2140347002A4600213046E6F795FF3A464146701999
S214034710E6F7E2FF384602B0BDE8F0812DE9F34143
S2140347201D46164601AA9DF82040FDF726F8019B74
S21403473080469D4238BF0195019F04B1EC1B22467B
S21403474000213046E6F776FF3A4641463019E6F74B
S214034750C3FFF8B202B0BDE8F08173B50024154676
S21403476001AA1E460194FDF708F8019B072B0AD9F8
S2140347702146CCB216B1C4F10704E4B2425C01315F
S21403478008292A55F5D1D8B202B070BD1FB5030A61
S2140347908DF80E300323009303AB8DF80D0000F065
S2140347A0BBF805B05DF804FB1FB58DF80F100421A8
S2140347B0030A8DF80E30009103AB8DF80D0000F060
S2140347C0ABF805B05DF804FBF0B589B016689DF844
S2140347D03C50CDF809608DF811305668BDF8383076
S2140347E0012D109FBDF84440CDF80D60ADF8123092
S2140347F08DF8145014D0032D19D13B68CDF815301D
S2140348007B68CDF819309DF848308DF81D30162397
S2140348100093BDF84C2002AB00F07EF809B0F0BD63
S2140348208DF81540240A0F238DF81640F0E7012073
S214034830F4E71FB50446084611461A4602238DF8C8
S2140348400D100093214603AB00F066F804B010BDCC
S21403485010B514461A460B6886B0CDF80D304B6873
S2140348603421CDF811300A23009303AB8DF815409D
S21403487000F052F806B010BD2DE9F041B6B014466C
S2140348801D4606460F469DF8F080E3F713FE03AA7F
S2140348908DF80C001046330A8DF80F703F0A8DF81A
S2140348A00E308DF80D602B468DF810708DF8114084
S2140348B005EB4405AB4202F102021FD16200D2B2FD
S2140348C0931DDBB23D99D8336B44073203F8CC8C87
S2140348D001EB4805D3B250FA82F2A94202F1020272
S2140348E012D103EB4803009006213046BDF8F820AA
S2140348F0DBB2E3F7E9FD36B0BDE8F08133F8021B1F
S2140349001171090A5171D5E731F8024B02F8024CCE
S214034910240A02F8014CE0E72DE9F0411C4605465F
S2140349200E4617469DF81880E3F7C4FD20704346ED
S2140349303A46314628460694BDE8F041E3F7C4BD3F
S214034940002070477047D7F727BE704770477047F9
S21403495070477047002070477047704700207047C5
S2140349607047704702F0EEBEFEF774B8FEF757B80E
S21403497003F031BAF8F788B903F01EBAF8F742B96C
S214034980F8F7AAB9F8F764B9FEF71EB9FEF76DB8DB
S214034990FEF77AB8F4F7DCBBF4F7E0BBF3F740BBFB
S2140349A0F2F762BCF2F766BCEFF73AB9FEF7B7B8B0
S2140349B0FEF77CB8FDF718BFFEF79FB8FEF78BB877
S2140349C030B4BDF808409DF80C50CDE9024530BC24
S2140349D0FDF729BFFDF796BFF8F7F0BAE3F7C4BDB6
S2140349E0F8F7B6BBF7F702BA70B49DF80C40BDF8FB
S2140349F010509DF814600394CDE9045670BCF5F787
S214034A0007BA70B49DF80C40BDF810509DF81460BA
S214034A100394CDE9045670BCF5F73ABAF5F724BB10
S214034A2010B49DF8044001945DF8044BF5F774BA8E
S214034A3010B49DF8044001945DF8044B01F073BF75
S214034A4001F073BFFDF7A2BFFDF7B2BFFDF7C5BF09
S214034A50F1F772B9F1F7B4BFF1F786BFF0F798BF75
S214034A6002F09FBAF1F73CBB02F0E1BAF1F79CBC47
S214034A70F1F76EB8F1F7AABFF1F72CBFF1F742BF13
S214034A80EFF782BEFEF7B5B8FEF768B8FEF77BB859
S214034A90FEF788B800F00BBC00F004BCF7F7DCB9EF
S214034AA0F4F7E6BFF7F7B6B9F7F7DCBAF4F7B0BF33
S214034AB0EFF7A2B8F6F7D2BBFFF745BFFAF7C8BEC3
S214034AC0FEF7E3B8FDF753BFFEF738B801F001BDB4
S214034AD0E3F7A8BCEFF754BCEFF74EB901F09BBF62
S214034AE001F06BBFEFF79CB9EFF7DABBEFF7DEBB6E
S214034AF0EFF70AB9E3F7B2BCE3F7C4BCE3F79CBC31
S214034B00EFF7B8B8E3F7A2BCF9F77AB801F053BFEA
S214034B1001F01ABFEFF7B4B8EFF71CBCEFF7FCB819
S214034B20E3F740BDE3F738BDF8F76EBEF9F75AB8BA
S214034B3003F05DBA03F063BAF8F7DEBEF9F75AB8C6
S214034B4000F063B900F0A1B900F0C9B900F0A0BA4B
S214034B5000F010BB00F079BAE4F71ABA00F0E6B931
S214034B6000F013BA00F026B810B51C4601F0C2FDDB
S214034B7005F00BFF0023C0F340202370400010BD58
S214034B80002208B50B461146FFF7EEFF023818BFA2
S214034B90012008BD0020704770470020704770470B
S214034BA00020704770470E207047012070477047FB
S214034BB00120704714220021E6F73CBD704770B50C
S214034BC005460C468AB0252200210DF10300E6F7C0
S214034BD031FD6B68CDF81D30AB68CDF82130234628
S214034BE001AC03F11006224618685968083303C25D
S214034BF0B3421446F7D101236A7B8DF8023012F0D4
S214034C00040F0CBF4FF480734FF4A073110748BF13
S214034C1043F48063ADF80030930748BFBDF8003017
S214034C20684644BF43F00803ADF80030F4F72AFCA7
S214034C300AB070BD30B5427B0D46D10704468BB033
S214034C4007D5407801A9F4F783FCD8B12D200BB023
S214034C5030BD9307FAD5C2F3800310074FEA8313D8
S214034C60ADF8023044BF43F48063ADF80230BDF8BC
S214034C700220201D0AB10DF1020201A902F07FFDF8
S214034C800028E3D001AB03CB9DF81430A160237357
S214034C90BDF810306060590642BF627B42F00402E2
S214034CA062735A0542BF627B42F0080262731B07B7
S214034CB042BF637B43F0020363732B4606AC0AAD25
S214034CC0224603CAAA4218605960144603F1080331
S214034CD0F6D10020BBE7F0B504460D4693B0252277
S214034CE000210DF12300E6F7A5FC636804F1040C2C
S214034CF0CDF83D30A36809AECDF841302B4605F11B
S214034D001007324618685968083303C2BB42164672
S214034D10F7D105238DF82230637B5B0103F4007320
S214034D20ADF820306378FF2B1AD1002360461A466D
S214034D3001A900F0CAF99DF80530FF2B0DD1002319
S214034D4001A91A46184600F0C0F99DF80530FF2B56
S214034D5003D11C26304613B0F0BD9DF805306370B2
S214034D600020617808AA00F09BFA06460028F1D1D5
S214034D70607801A900F02FFA2B4603AD2A4618687F
S214034D805968083303C2BB421546F7D1637B607884
S214034D90DB0648BF9DF81C3001A944BF63F07F03C0
S214034DA08DF81C3000F02EFAD4E710B504468AB00E
S214034DB02422002101A8E6F73DFC637B590744BF84
S214034DC04022ADF810201A0742BFBDF8102042F467
S214034DD08062ADF81020DB070FD5607801A9F4F7E1
S214034DE0B7FB10B12D200AB010BD01AB03CB637B1C
S214034DF0606043F00203A160637304A9201D02F000
S214034E00C0FC0028EED00020EDE71FB5694600F091
S214034E1066F8002818BF2D2005B05DF804FB73B5AF
S214034E200D4614460646E3F7E1FC6B881A071AD5C7
S214034E3022463146102002F085FC2046E3F7D6FCD6
S214034E406B88D90717D50023224601210DF10700E9
S214034E508DF80730E3F796FF6B88002B0CBF2120F5
S214034E60002002B070BDDE06EAD522460821281DC2
S214034E70E3F788FFE1E79A0701D50223E4E75B0738
S214034E80EAD50323E0E70F2070471FB50C466946B3
S214034E9000F025F8102221466846E6F717FFB0FA19
S214034EA080F0400904B010BDB8B1B1B14388A3B9CE
S214034EB00378013B082B10D8DFE803F00507090B3E
S214034EC00F0F0F0F0D00E3F75FBEE3F7B9BEFFF753
S214034ED076BEFFF700BFE4F747B82120704738B522
S214034EE00D4609B300B30378013B082B1AD8DFE855
S214034EF003F0050D1013191919191600E3F77CFEB4
S214034F000446284602F01EFE204638BDE3F7B8FEE8
S214034F10F6E7FFF78FFEF3E7E3F7E8FEF0E7E4F7DD
S214034F202DF8EDE72124ECE72124EDE770B586B0F4
S214034F30064601A80C461546FFF73CFE04238DF8EB
S214034F4004301CB12068616802AB03C3294601A87C
S214034F508DF80560FFF7A8FF06B070BD70B586B084
S214034F60044601A80D461646FFF724FE03232068D1
S214034F7061688DF8043002AB8DF8116003C32946CF
S214034F8001A8FFF791FF06B070BD0022FFF7E6BF4A
S214034F9030B5437B044613F001020D468BB007D0B1
S214034FA0407801A9F4F7D4FA70B12D200BB030BDC8
S214034FB09B07FAD5ADF8022001A90DF102020430D1
S214034FC002F0DDFB0028F0D000210E22A81CE6F735
S214034FD031FBBDF810302B80039BAB60BDF812305D
S214034FE0AB819DF81430237301AB03CB6060A160E3
S214034FF00020DBE770B5437B0446DB070E468AB02A
S21403500003D42D2528460AB070BD6946407800F0C3
S21403501045F905460028F4D1DDF81D300E226360FD
S214035020DDF821300146A360637BB01C43F0020326
S2140350306373E6F7FFFABDF80030069A43F00403FD
S2140350403380059BB2607360DCE70B4610B50446FD
S214035050102200211846E6F7EDFA2278032A09D033
S214035060042A0DD0022A11D101462046BDE810407D
S214035070E3F7EABF01462046BDE81040FFF788BFC6
S21403508001462046BDE81040FFF7B4BF262010BDFA
S214035090F8B5074608460C4616461D46FFF78AFD32
S2140350A004232370637B314643F001032046677075
S2140350B06373FFF714FF08B12D20F8BD2946204679
S2140350C0FFF7C3FF0028F8D0F6E7F8B5054608460D
S2140350D00C461F461646FFF76DFD0423237025B1C5
S2140350E008222946E018E6F7F7FA637B43F0020343
S2140350F063734EB932460121284600F0DAF8FF28DA
S214035100607007D12D20F8BD31462046FFF7E7FE35
S2140351100028F7D1637B43F0010363730DB90020C6
S214035120F1E7002FFBD039462046FFF78EFFF6E760
S214035130F8B50C460746084616461D46FFF73AFDE1
S21403514003232046394600F8043B0822E6F7C4FA50
S214035150637B314643F0020320466373FFF7BFFECB
S21403516008B12D20F8BD29462046FFF76EFF00281C
S214035170F8D0F6E7F8B5074608460C4616461D4629
S214035180FFF718FD03232370637B314643F00103C7
S214035190204667706373FFF7A2FE08B12D20F8BDA3
S2140351A029462046FFF751FF0028F8D0F6E718B146
S2140351B08022012100F07DB8FF207047002307B549
S2140351C01A4619460093F5F7C5FEB0FA80F0400973
S2140351D003B05DF804FB0B4610B519220446FF2105
S2140351E01846E6F727FA7E2C01468CBF04F5C43032
S2140351F004F583304FF01902BDE8104088BFAD3088
S214035200D7F760BE7E2888BF00F5C4304FF019027A
S21403521094BF00F58330AD30D7F780BE30B589B084
S2140352200D46FFF7C4FFFF2804460DD001A9FFF77C
S214035230D2FF2868696801AB03C3204601A9FFF7BC
S214035240E1FF002009B030BD2D20FBE77047704713
S2140352500020704770470F2070470F2070470020CC
S21403526070470F207047002070470020704784B0B7
S2140352708DE80F00002004B0704770477047002089
S2140352807047704700207047704700207047012022
S2140352907047704700207047012070470E20704704
S2140352A00E2070470E2070470020704770470E2070
S2140352B07047FF207047704770470020704770475D
S2140352C070477047002070477047002070470020E3
S2140352D070470020704770477047002070470020D3
S2140352E070477047002070470020704770470020C3
S2140352F0704710B50024E3B210B9C3F10303DBB261
S2140353000134042CCA544FEA1222F4D110BD10B54E
S2140353100B784C788A78C97828B910462246044612
S21403532008461946034642EA012043EA042343EAB1
S214035330004010BD7047E3F73BBF08B5D2F75EFAEF
S214035340002814BF8620002008BD08B5D2F726FC27
S214035350003818BF012008BD08B5D2F7DFFB0038B8
S21403536018BF012008BD08B5D2F764FC003818BF83
S214035370012008BD08B5E3F7FBFFBDE80840E3F7E7
S214035380A9BF70B504460D461646E3F7F1FF0420A1
S214035390E3F792FF324629462046FFF7DDFF044631
S2140353A00220E3F789FF204670BD08B5E3F7E0FF68
S2140353B0BDE80840D2F796BBE4F712BBE4F7F2BAAF
S2140353C008B5E4F7EFFA20B1BDE808400020E4F79B
S2140353D027BC112008BD10B5044608B1E4F702FD4A
S2140353E02046BDE81040FCF7C8BF10B50446006A67
S2140353F010B1616AFFF7EFFF0020C4E9080010BD93
S21403540038B50546FFF7F1FF2B7E0446012B0ED079
S214035410023B012B0ED8EB69012B18BF6FF09604E5
S214035420282200212846E6F705F9204638BDEB6911
S214035430002BF2E76FF09604F2E718220021E6F756
S214035440F9B870472DE9F84F9846DDE90B490D9BEF
S21403545015469A0706460F4623D02A460A9B03EBB1
S214035460040A1444A24220D10D9B9B0705D5A2EB48
S214035470050AD14505EB0A0420D82046BDE8F88F77
S214035480434639462020B0470AF1010ACA450AEBCB
S2140354900B02F5D3A9EB04024C4588BF00222A442D
S2140354A0DCE7A246A5EB040BF0E702F1010B43464B
S2140354B039461AF8010DB0475A46D3E74346224603
S2140354C039462020B0470AF1010AD2E72DE9F04712
S2140354D0DDE90D7616F0020F9DF82880DDE9085405
S2140354E0DDE90BCE1FD106F001094FB1B9F1000F6C
S2140354F006D0B8F1000F02D116F00C0F00D0013F12
S2140355004FF0300A04E0202C04D005F804A0013440
S2140355107445F8D3B9F1000F05D04FF03009A74210
S21403552001D9202C2DD116F0100F1FD016F4806F42
S2140355302CD15CB3744501D0BC4227D1B4F1010E23
S21403554023D0BCF1100F46D1023C16F0200F28D111
S214035550202C28D04FF0780C05F804C00134202CFA
S21403556021D04FF0300C05F804C00134202C1AD09B
S214035570B8F1000F23D04FF02D0C05F804C001340A
S21403558012E005F804900134C9E77446BCF1100F25
S214035590DBD0BCF1020FE2D1202C04D04FF0620C1A
S2140355A0DAE7202C08D12024CDE90A76CDE9085481
S2140355B0BDE8F047FFF746BF4FF0580CCCE716F0B0
S2140355C0040F02D04FF02B0CD7E716F0080FEBD0E2
S2140355D04FF0200CD1E7BCF1020F7446C1D1DDE7D2
S2140355E02DE9F04391B0189D1A9E1D9F0DB927F023
S2140355F010077C0500D515B317F0200F14BF4FF026
S214035600410E4FF0610EAC4600250DF12008AEF1B9
S2140356100A0EBCFBF6F906FB19C95FFA89F4B9F161
S214035620090F94BF30347444E4B2B44508F8014B10
S21403563005F10105BCFBF6F401D3202D10D11C9C0B
S214035640069705941B9CCDE903649DF86440CDE959
S214035650015408AC0094FFF739FF11B0BDE8F0839E
S214035660A446D6E72DE9F04F95B0269ECDE90A234A
S214035670DDE91E74DDE9229B57EA040308BF26F022
S21403568010067205CDE9080102D557EA040337D0A0
S21403569016F0200F14BF4123612300250DF1300AB5
S2140356A0A3F10A0821464A465B463846E5F756FC08
S2140356B0D2B2092A94BF303242444F45D2B274EB79
S2140356C00B0405F101050AF8012B01D3202D14D193
S2140356D0259B06960593249BDDE90801CDE90393F4
S2140356E09DF88030CDE901530CAB0093DDE90A2326
S2140356F0FFF7ECFE15B0BDE8F08F07460C46D1E782
S2140357000025E5E708B100F014B8704710B1D1E9F9
S21403571000311847704738B5441E14F8015F25B9A1
S2140357200A2000F006F8284638BD284600F001F89F
S214035730F3E701460020FCF7F3BB70477047EDF72D
S2140357406FBE704708B5FCF7BCFBD2F757F8BDE849
S2140357500840D4F767B9704708B5D2F797FBFBF74D
S21403576056F8BDE80840E3F703BE08B5FBF778FF35
S214035770E4F76CFBFBF752FEE4F70AFFE4F7F6FEEA
S214035780E4F778FEBDE80840D7F776BB08B5D5F74B
S2140357908DFBFBF732FED5F795FBFBF730FED9F70B
S2140357A07DFDD9F723FED9F72BFFBDE80840D9F7CF
S2140357B049BE70477047E4F783BE08B5FCF7CCFFD5
S2140357C0BDE80840FCF7F7BF704707B5002203465D
S2140357D0114601200092D8F7DBFE03B05DF804FB08
S2140357E007B500920B46027D81898068FDF78CFD24
S2140357F0003818BF0120C00103B05DF804FB08B5EC
S2140358000020E0F74DFA0020E1F7DEFF0020DAF78C
S214035810D7F80020DAF76EFB0020DAF76DFD0020DC
S214035820DBF75AF80020DBF783FD0020DEF7B2F83B
S2140358300020DEF71DFE0020DFF712FCBDE808405F
S2140358400020DFF7FDBC08B50120FDF73FFA012075
S214035850DAF716FABDE808400120DBF73DB808B5CD
S2140358600220E0F711FB0220DFF704FD0220E2F737
S214035870B9FA0220FFF7A2FD0220FDF7C7FC0220BB
S214035880DEF7F6FDBDE808400220DFF79DBFDAF736
S2140358903BBBFDF7DBBF70477047704770477047E9
S2140358A07047704710B50446DFF7A8FE2046FDF79D
S2140358B043FA2046DCF74EF82046DCF7A1FF2046E5
S2140358C0BDE81040FDF7D5BCFDF7F0BCFDF7FABC0C
S2140358D0DFF7D0BB70477047FDF752BA7047704783
S2140358E0704770477047704705F015B870477047A4
S2140358F0DFF75ABC7047704770477047704770476A
S214035900D0F732BBFEF77DBC704700207047FEF72A
S2140359107ABCFEF783BC7047431E012B03D9031FD3
S2140359205842584170470120704700F021BC4FF49D
S214035930D0720021E5F77EBE70B50446E7F752FF46
S2140359400546A8B9A169F1B1238AD3B1204604F16B
S2140359501002E7F7F5FD38BBE16919B3638AA3B113
S214035960204604F1120200F0CAFA78B1054603E0B5
S2140359700023A3612361E361002328466361236256
S21403598070BDA061E8E72082E6E7E361216A0029AB
S214035990F2D0A28A002AEFD02046E38ABDE8704000
S2140359A000F06FBA6182F1E76582E561DEE711B95F
S2140359B0D0F8DC1021B1CB6813B18B68D889704757
S2140359C04FF6FF707047E6F7F1BF10B50C46114669
S2140359D0E7F712F8E8F740FA012801D1002010BDD6
S2140359E0002CF7D10520FAE700F0CFB900F0E3B9B1
S2140359F070B500232425D0F8DC00C4689C4201D18E
S214035A00212070BD826805FB0322D6898E4202D808
S214035A10128A8A4201D20133F0E70020F1E7F8B593
S214035A2006460D46E6F75EFAD8B94FF6FF734FF013
S214035A30240CEF68C1B28F4208D81C462146304674
S214035A40E6F706FC00F09AFB2046F8BDAA680CFBB6
S214035A500122D4899C4202D2002CEFD02346013087
S214035A60E8E70024F0E7C08D70470A7838B50546A6
S214035A701046FFF751FF60B14C782046FFF74CFF06
S214035A8038B12243530704D42846BDE83840E7F725
S214035A90FFB9212038BD10B504460878FFF73CFF50
S214035AA058B14A781046FFF737FF30B1042A04D0BE
S214035AB02046BDE81040E7F709BA212010BD00F0E4
S214035AC0E8B8E7F76BBD084600F008BBE7F7AAB8E7
S214035AD038B504460D4600F08EF850B129462046E8
S214035AE0E6F7B6FB30B929462046BDE83840E7F767
S214035AF061B80E2038BD70B516460C4604F065FD39
S214035B00314605462046EAF743FA0446284604F09B
S214035B1057FD204670BD00F032B970B5044600202C
S214035B200E4600F027FBD4F8F0503DB10023314673
S214035B302046AC46BDE870401A4660472B46012215
S214035B4031462046E7F7CEFA284670BD38B50446F8
S214035B5048880D4600F00EFBD4F8F0302BB92946E2
S214035B602046BDE83840E7F7CBB9022038BD00F041
S214035B7003BB00F03CB9E6F7EBBEE9F7E3B970B553
S214035B80BDF81060054606B16BB1334428469BB298
S214035B9000F077F9044620B91EB13146284600F0D6
S214035BA0ABF9204670BD2124FBE7E8F751BDC0F8EA
S214035BB0EC1000207047E7F7DDBB00F05EB910B4C9
S214035BC0BDF8044001945DF8044B00F09FB80B4603
S214035BD010B514461846A1689288E5F7BBFEE1683F
S214035BE0034631B1A0886288121A92B21844E5F7C8
S214035BF0B1FE002010BD0346408A18B1188A00384B
S214035C0018BF012070470846E9F7A8BA00F0ECBAB7
S214035C1000F0EABAE9F7B4BC084708B5E6F7E0FED1
S214035C20C0B208BD022A01D800F0E2B921207047AD
S214035C30022A01D800F0EDB921207047022A01D8C4
S214035C4000F0F9B921207047E8F7F4B90846E8F7F9
S214035C500FBA00F018BA002070470020704770474C
S214035C60D0F8943003F06003402B0DD0602B03D0A4
S214035C70203B58425841704749B10B68012B06D95F
S214035C80486940F00100704740F201107047002059
S214035C907047F7B504461046D4E954C7DDE908262D
S214035CA08CEA020587EA06010540194085EA0C05D9
S214035CB07940C4E95451002523F4004106EA010360
S214035CC020F0010043F40073024043F00203CDE9E1
S214035CD00055EBF727F894F824309A0713D5D4F831
S214035CE054319B050FD54FF48811204600F058FB1E
S214035CF094F82430024665F3410384F824302046A2
S214035D000B46E6F741FE002003B0F0BDF0B587B0C2
S214035D101C461746BDF830601AB90024204607B063
S214035D20F0BD002BF9D00029F7D001AAE8F790FCC4
S214035D300028F2D0BDF80630A2199A42BDF80850E2
S214035D40C4BF9B1B9CB2B54212D90399AD1BADB21F
S214035D503144A5420391ADF808500DD22A46384681
S214035D60E5F7F8FD0499621B7819E5F7F3FDD5E727
S214035D700499761B3144049122463846F5E70846D3
S214035D80EAF7A6B80220E9F7F1BB08B5D0F8E43085
S214035D904BB11A68022A06D993F825204AB1186A25
S214035DA0B0FBF2F008BD4FF446624C210020E6F744
S214035DB0B1FA0020F6E7D0F8E42008B57AB1136804
S214035DC0022B0CD9536A13F47F4FC3F3072106D073
S214035DD0126ADBB253438B42B3FBF1F006D20020C8
S214035DE040F67F424C21E6F795FA002008BD0346AD
S214035DF0D0F830010860B3F8343100208B80704748
S214035E0090F830310C2B14BF90F82B00FF2070470E
S214035E1038B50C464FF400610546ECF727F870B129
S214035E207CB195F81E3173B94FF480724FF48071CC
S214035E302846ECF707F8003818BF012038BD2202C1
S214035E40F4E72246F2E70020F8E74FF48071ECF718
S214035E500DB808B54A024FF40071EBF7F3FF0020C4
S214035E6008BD08B58A024FF48061EBF7EBFF00200C
S214035E7008BD4FF40071EBF7F9BF062300208B71C2
S214035E807047B2F5805FF8B50F46064615461946C5
S214035E902ED89A422CD33F2A26D9B2FA82F401226C
S214035EA0C4F11F03DBB29A4092B2AA422CBFC4F1DC
S214035EB01904C4F11A04E2B20124931DDBB29C4018
S214035EC0A4B2AC4212D096F8F5309BB9012096F8EE
S214035ED0243060F3C71386F824303846E8F7CCF945
S214035EE000203762B582F8BD0022ECE70020EEE71B
S214035EF02120F8E70E20F6E70846E8F7DDB970B587
S214035F0005460E46144602B313883F2B1DD9B3FA33
S214035F1083F3C3F11901C9B2062901D8192B12D08C
S214035F20062928BF062101238A1DD2B29340304694
S214035F302380E8F7C9F923882846EE616B82E8F7E1
S214035F404DFA002070BD0021EDE72120FAE710B5D9
S214035F50144608460121E9F791FE2046BDE81040A5
S214035F600121E9F78BBEF8B504460E46174604F042
S214035F702CFB3A46054631462046EAF73DF90446E9
S214035F80284604F01DFB2046F8BD02207047032078
S214035F907047E9F7E3BA10B50023E7F763FD044655
S214035FA008B9EBF7DDF8204610BD704770B5054617
S214035FB00E46144600F0E3F831462846FFF72FFD59
S214035FC000F0DDF8230704D50B2C9CBF24F008044F
S214035FD0A4B221462846E6F709FD00224FF4003115
S214035FE02846EBF72FFF002070BD8021EBF73EBF5E
S214035FF07FB5531C05AAADF81410029202210022A5
S214036000DBB2CDE900211146EBF73AFF07B05DF8A6
S21403601004FB7FB5531C05AAADF8141002920421A5
S2140360200222DBB2CDE9002100220121EBF728FF93
S21403603007B05DF804FB1FB5531C0291002208212C
S214036040CDE900210122DBB21146EBF719FF05B0BB
S2140360505DF804FB07B591F82830009391F82B30D0
S21403606091F8292091F82A10E7F7AAFF03B05DF804
S21403607004FB10B50446E6F7B3FC01462046BDE82C
S2140360801040E6F7B3BC002914BF21200020704758
S21403609038B5054610460C46E8F718F8D5B1D5F8D6
S2140360A0E030BBB15B69ABB1421ED2B2FD2A13D955
S2140360B00A68013204BF6FF001020A600A68FF280B
S2140360C01A6007D16268013202D16FF00102626082
S2140360D062685A60002038BD0128F2E738B50546E5
S2140360E0EAF7B2F804460021A878E8F757F82046FE
S2140360F038BD2DE9F74F01251C469DF8303006467E
S21403610001930368174603F0070306339D4005F122
S214036110FF380B46A1B1416804EA080BA5EB0B0A4E
S21403612041F00059524509EB0B0114D95246184663
S214036130E5F710FC49467A1B5A445044E5F70AFC37
S214036140019B2BB13C4448EA050804EA0804F460C2
S21403615003B0BDE8F08F1846F0E737B500251446C0
S2140361600095FFF7C6FF204603B030BDE7F72ABE0B
S2140361700020704700207047002070477047704724
S21403618030B549000446056812B102291FD9033900
S214036190C90395B9E1B1B1FA81F3C3F12003C3F1A1
S2140361A00F00012838BF012003F01F03D940A9427E
S2140361B001D901384908216030BDB5FA85F339B1F4
S2140361C0B1FA81F29B1A002BE9DC0F20EFE70021DE
S2140361D00F20F0E7012805D9023818BF4FF0FF302B
S2140361E0C0B270470120704708B5E9F711FBBDE858
S2140361F00840E9F735BB38B50446FFF7F5FF054613
S214036200FFF7F2FF431BA342FAD338BD38B50D465A
S2140362100446E9F7FDFA35B1844200D90139204630
S21403622001F0030138BD844238BF0131F7E708B5F2
S2140362300121FFF7EBFFBDE80840E9F711BB0B0CA4
S21403624023F48053B3F5284FF7B50D468FB20646B1
S21403625099B216D04AF60103994214D04AF60203BD
S214036260994212D0B1F5204F14BF04240324D6F864
S214036270E0300BB1196851B9D6F8DC3093B9286809
S2140362800EE00024F3E70124F1E70224EFE72346B8
S21403629068463A46E9F740FBDDE90003002BEBD1FD
S2140362A003B0F0BD19680029E9D0234668463A468C
S2140362B0E9F732FBDDE90003002BE0D1F0E702F05B
S2140362C003BB0204C0F3891307D56FEA83536FEA4F
S2140362D0935313F5007F18B206D0A3F1C8006FF4EA
S2140362E0FF739842B8BF184670474FF03843596952
S2140362F09A6903F500530A405A6170470E207047A7
S214036300EBF722B9EBF720B9EBF71EB9EBF71CB99D
S21403631008B50846EBF73EFD08BDEBF715B90220B6
S2140363207047022070470020704701207047002006
S21403633070470E20704700207047E7F78DBD08466C
S21403634011460122FFF741BB70B505460C461146C0
S2140363501A46EBF7D1FD06682B462046B446BDE841
S2140363607040604710B5EBF7C7FDBDE81040836883
S2140363701847FFF710BEE7F797BCFFF7A9BBE7F789
S214036380A1B970B504460D4616464FF4881100F0C1
S2140363901CF8324629462046BDE87040E7F7B6BEED
S2140363A038B505460C4604F010F9D5F890301C4075
S2140363B0D5F88C302343C5F88C3004F001F9211E40
S2140363C018BF01210020490238BD38B504460D46E2
S2140363D004F0FBF8D4F890301D40D4F88C3023EA50
S2140363E00505C4F88C5004F0EBF8284638BD38B5DC
S2140363F004460D464FF48811FFF7E7FF294620466B
S214036400BDE83840E7F7AABE73B50D7806460C46D6
S21403641035B304238DF804302379304601A98DF86B
S2140364200530FFF738FB0546B8B92278A37952BB87
S2140364308DF80430E379304601A98DF80530FFF76F
S21403644014FB054648B923783BB161883046E6F726
S21403645057FF01213046FFF7DBFC284602B070BD2C
S2140364602946FFF7D5FC29463046FFF7F2FC2946B6
S2140364703046FFF7F6FC2378002BCAD123798DF834
S21403648004306379C9E702228DF80420D3E7FFF7C7
S214036490E0BCFFF7EEBC0020704710B50446EBF7F0
S2140364A0C5FD21460020ECF715FCBDE81040002092
S2140364B000F02BB970470120704708B5EDF738FA9E
S2140364C080F00100C0B208BD4FF0FF30FFF79EBB5F
S2140364D070470020704710B50C4603F037FE048063
S2140364E010BD38B50C46154603F030FE03881DB1C3
S2140364F01C43A1B2018038BD23EA040189B2F9E73F
S21403650008B503F023FE008808BD08B503F01EFE99
S214036510C07808BD08B503F019FE008800F00C002B
S21403652008BD08B503F012FE008800F00C00031F38
S2140365305842584108BD38B5054603F007FE0446E1
S2140365402846FFF7EEFF30B904F1100004F01DFAF9
S21403655000F4406038BD4FF40060FBE738B50546ED
S21403656003F0F4FD04462846FFF7DBFF014648B96F
S21403657010342046042203F029FD2044BDE83840A9
S21403658004F003BAA08838BD10B50C4603F0DEFD50
S214036590848010BD38B5054603F0D8FD044628466A
S2140365A0FFF7BFFF30B904F1100004F0EEF900F472
S2140365B0404038BD4FF40060FBE738B5054603F0AE
S2140365C0C5FD04462846FFF7ACFF014648B910341C
S2140365D02046062203F0FAFC2044BDE8384004F0C7
S2140365E0D4B9A08838BD38B5054603F0AFFD0446D8
S2140365F02846FFF796FF014608B1201D38BD103424
S2140366000622204603F0E2FC2044F7E708B503F031
S2140366109DFD007A08BD08B503F098FD90F90900C2
S21403662008BD08B503F092FD807A08BD08B503F0EF
S2140366308DFDC06808BD10B50C4603F087FD0472D7
S21403664010BD10B50C4603F081FD447210BD10B5A5
S2140366500C4603F07BFDC46010BD2DE9F8430F46DE
S2140366608046002107F110001646994603F0E2FD26
S2140366700446D0B103F06AFD0546204603F082FDCA
S214036680002102462846E4F7D5FF00232046AB70D8
S21403669049F00401FFF71FFFA5F804802EB13A4620
S2140366A0314605F11000E5F755F92046BDE8F883B5
S2140366B0F8B505460F461020002103F0BBFD04463F
S2140366C0B0B103F043FD0646204603F05BFD002110
S2140366D002463046E4F7AEFF002339462046B37041
S2140366E0FFF7F9FE25B12A460121204603F07AFD7D
S2140366F02046F8BD08B503F029FD103008BD08B5DF
S21403670003F040FD1038C0B208BD0020ECF70ABA0B
S21403671008B5ECF765FC002008BD4088C0F30C0004
S2140367200330800840000430704770B50E460546B7
S2140367301146304603F07EFD044635B128B103F01A
S21403674005FD32462946E4F7C7FF204670BD00889C
S214036750B0FA80F04009704738B505880022044631
S21403676004F07DF905B1258038BDF8B507460D461A
S21403677000880021164603F021FDB042044605D1E9
S21403678029463846BDE8F840FFF7E6BF0021204615
S21403679003F014FDB04205D02046002103F00EFDA1
S2140367A00446F3E72A462046002103F01BFD324643
S2140367B02846BDE8F840002103F014BDF8B5058867
S2140367C007467DB1CCB22146284603F0F7FC854246
S2140367D0064609D100233B8000222146304603F0BB
S2140367E001FD35462846F8BD214603F0E7FC214661
S2140367F00246284603F0F6FCEEE72DE9F047078845
S2140368008246884614465FB3384603F0BBFC3D46D3
S2140368100646E4B22146284603F0D0FC40458146AE
S21403682016D1214603F0CAFC21460246284603F049
S214036830D9FC474504D1454508BF0025AAF80050B2
S21403684000222146404603F0CDFC3046BDE8F087E3
S2140368508742FAD003F096FC30444D4686B2D9E719
S2140368603E46F2E700220123C0E900237047F8B54D
S21403687004460127002603F0B5FE23683BB903F060
S214036880ACFE00226368012B0ED16360F8BD1D6960
S2140368901F61266003F0A1FE012DF2D02B462D6961
S2140368A01E61012DFAD1E6E719691A610B46EAE77C
S2140368B0036823B94068012803D0EDF7D9B8002050
S2140368C070474FF0FF307047F8B5054603F078FF82
S2140368D0012306460027A8602B7303F083FE2B686C
S2140368E002467BB11C692169A1420CBF2F60196166
S2140368F02761104603F071FE012C08D0204663681A
S2140369009847EAE76C68012C04D103F066FE00237F
S2140369102B73F8BD6169711AB1F1004FF5D821697F
S21403692069602361E5E70220704702207047002074
S21403693070470144884201D10120704710F8013B9B
S2140369409342F7D00020704770B50146064692B0D2
S2140369500020EBF797FD044670B9FDF7F1FF0546F7
S21403696001466A462046ECF7D3F86A46294620468F
S2140369708DF80260ECF782FB204612B070BD00B5BE
S21403698093B0FDF7DDFF6A4601460020ECF7C0F83A
S2140369909DF9020013B05DF804FB00B593B0FDF754
S2140369A0CFFF6A4601460020ECF7B2F89DF80000D8
S2140369B013B05DF804FBECF76FB8012070477FB5A2
S2140369C04FF6FF7101AAEDF7C5FA20B1BDF80C002A
S2140369D007B05DF804FB4FF6FF70F9E708B51046FD
S2140369E0EEF77EFABDE80840EEF738BB704770470F
S2140369F070477047704770477047704738B54FF613
S214036A00FF750D800C46F6F72FFB2080A8420CBFBF
S214036A102D20002038BD002100B593B06A460846F5
S214036A20ECF776F8BDF8060013B05DF804FB00211A
S214036A3010B592B004466A460846ECF769F800219A
S214036A406A460846ADF80640ECF718FB12B010BDD0
S214036A50002100B593B06A460846ECF759F8BDF82E
S214036A60040013B05DF804FB002110B592B0044691
S214036A706A460846ECF74CF800216A460846ADF825
S214036A800440ECF7FBFA12B010BD70472DE9F04F47
S214036A9087B00C4691460746FFF73CFD0546661C45
S214036AA0304603F072FF042D40F090803846FFF71F
S214036AB021FE0378092203F00303012B14BF0223EC
S214036AC0032301212046039303F080FA09220021C1
S214036AD00546204603F07AFA21788DF81700013927
S214036AE00022204689B2FFF720FE04EB09088346FE
S214036AF0F0B14FF0010A2A460146CDF800A00398EC
S214036B000DF11703FBF7DDFE0228054626D158468E
S214036B1003F038FB00222070C0B2431E00929BB2E3
S214036B2052465946304604F029F8237853442370D6
S214036B303846FFF7E5FC020424D498F801302178A0
S214036B409B071FD50139A1EB09013A464046C9B256
S214036B50F1F784F923781844207013E020B92070E5
S214036B60284607B0BDE8F08F032809D1404603F056
S214036B700CFF20F4007189B2404603F008FFD7E704
S214036B800428D5D10125002220462178FFF7CDFD24
S214036B9007460028E4D04FF000080146434601228A
S214036BA04046CDF80080FBF78CFE022819D1384604
S214036BB003F0E8FAC2B2013A207093B239460122D2
S214036BC03046CDF8008003F0D9FFC9E780F0800592
S214036BD020F0800081B23046C5F3C01503F0D7FE1F
S214036BE0D1E70028BCD12070BAE708B50020FFF72C
S214036BF064FC80F00100C0B208BD0A4608B5014631
S214036C000020EDF7F5FBB0FA80F0400908BD002040
S214036C10ECF768BB00210846ECF70CB80020FFF73A
S214036C204ABC70B5044603F0B0FE042200210646B3
S214036C30204603F0CBF9204403F0A7FE03220546C3
S214036C400021204603F0C2F9204403F09EFE4FF6CF
S214036C50FF730540ADB29D4214D1F30712D5062249
S214036C600021204603F0B2F9204403F08EFE0446CA
S214036C70EDF730FC844214BF02240624EDF724FC0F
S214036C80204070BD2046FBF7EDFFC400E4B2F5E7F5
S214036C9008B5FFF7C6FF003818BF012008BD01205E
S214036CA0704710B50446FEF71DFB08B9FEF71CFB3C
S214036CB003050FD40C231B2B01D1002009E020FA77
S214036CC003F1C90703F1010206D5DBB2E31A584202
S214036CD0584110BD0B23F9E71346ECE710B50C46F5
S214036CE0098819B90846F7F717FD2080012010BD5B
S214036CF008B510461A4600F08CFABDE8084003F0C3
S214036D00E2BD70B504460D46164692B06A46EBF7EA
S214036D10FFFE6A46294620468DF81F60ECF7AEF95B
S214036D2012B070BD10B50C46EDF7B0FF2046BDE8B7
S214036D301040EDF7C1BE0129F8B505460C461DD037
S214036D4003291ED0052920D0072922D00026002497
S214036D5000270120EBF72EFE304485421DDA032080
S214036D60EBF728FE2044854219DA0520EBF722FECE
S214036D7038448542B4BF07200520F8BD6FF00406EB
S214036D80E5E76FF004040526E2E700266FF0040744
S214036D90DFE7002405272646DBE70120EDE703208F
S214036DA0EBE738B14379490023F00C0301F00C01FB
S214036DB00B434371704710B5044678B14179408858
S214036DC0490801F006010131000AFFF7B4FF024645
S214036DD001462046FFF7E5FF104610BD0722FBE7F6
S214036DE038B50D46EDF740FF044608B9002038BD18
S214036DF0FFF7E1FF002DFAD1237913F00703F5D04F
S214036E00984238BF1846C0B2F1E7EEF73BB9002206
S214036E10EEF75EBA0021012208B5EEF759FA401ADA
S214036E2018BF012008BD38B51546FFF7F0FF044626
S214036E30284603F087FE84B1FF2804D0626822FA4E
S214036E4000F3DB0701D5012038BD0123834013433C
S214036E506360E3780133E370F5E72046F4E7EEF783
S214036E6091BC10B503F072F900F11004204603F04C
S214036E708CFD20F4007189B22046BDE8104003F073
S214036E8086BD2DE9FF411546019101218DF80D3090
S214036E901B0A8DF80E309DF82C308DF80C008DF8FB
S214036EA00F3028460423009103AA9DF828809DF8F6
S214036EB030709DF8346001F016FB044670B1294625
S214036EC0FFF762FBB8F1000F02D12046FFF7C9FFB8
S214036ED02FB146B93146204601F0D0F800242046AB
S214036EE004B0BDE8F081002220461146EEF7D0FB41
S214036EF0F4E74FF47A70EEF725BD08B5ECF7CCFD52
S214036F00BDE808400020EEF723BE00B58BB0684608
S214036F10EEF7F4FC009BBDF8060004A90693EEF713
S214036F2093FC0BB05DF804FB1FB504466846EEF70A
S214036F30E5FC02AB03CB2060616004B010BD1FB557
S214036F40062304468DF80C30EEF75CFF00238DF81D
S214036F500D00CDE9003301210223204603AA01F0E8
S214036F60C2FA04B010BD38B5002208210546FFF763
S214036F70E0FC044698B9FFF74EFD22464FF6FF7134
S214036F80EFF798F92846297CEEF712FE287C6A6903
S214036F90E989F0F70DFDEEF783FD204638BD0120A5
S214036FA0FCE770B50C4605460120EFF70FFD237B83
S214036FB04BB1FFF730FD014623462A46BDE8704035
S214036FC00120EFF795B94FF6FE71F5E7F8B50E46D3
S214036FD00746FFF78FFB054603F0D7FC00F4404057
S214036FE0B0F5404F14BF0022062202F10A03EB5C01
S214036FF00B325C0004F00E045B08144403F0380301
S21403700038461C44FFF77BFB844208D2001BC2B2FF
S2140370100F2A28BF0F2230462919E4F79BFC204687
S214037020F8BDECF739BD40F62740F0F73FBAFF222C
S2140370304FF6FF71F0F76EBB07B500210DF10700A1
S214037040F0F7A0FC9DF8070003B05DF804FB13B54A
S214037050044601A90020F0F795FC019A0146204654
S214037060F0F7A6FC204602B010BDF0B50F4600218F
S21403707087B0044608461646F0F784FC0123054607
S2140370800DF10A008DF808408DF80930FFF74CFF24
S214037090092C1DD131460DF1120003F078FC05AB27
S2140370A0002102AA9B1A2846CDE90011DBB264210F
S2140370B001F019FA0546E0B1092C15D1F0F7C2FC28
S2140370C0044688B12846F0F7D1FC204607B0F0BD49
S2140370D031460DF113008DF812704FF6FF7503F06D
S2140370E056FC0DF11503DBE7284600F014F80446BA
S2140370F0EBE70446E9E738B504460D4603F03CFDE6
S21403710040B1AC4206D0204603F02DFDBDE8384022
S21403711000F0ACBF38BD10B50446FFF7EBFA0230FB
S21403712003F033FC4FF6F7739842204603D9BDE8C5
S2140371301040F0F715BEF0F755FEB0FA80F04009A0
S21403714010BD012070470022F0F742BD70B504461B
S2140371500088FFF7CFFA0546043003F016FC064610
S214037160A81C03F012FC054603F025FB3046F2F795
S2140371701FF830B92846F2F71BF810B1284603F07B
S214037180FBFCA378002023F00F03A37070BD70B53B
S2140371900546FFF7AFFA0646284601F0C8F901464A
S2140371A02846F7F7EDFE04462846FFF7D7F94FF6CD
S2140371B0F773984208D8337803F00303012B05D1FD
S2140371C0A31E5842584170BD0120FCE70020FAE791
S2140371D041F2033330B585B00D46ADF808300446AA
S2140371E0FFF719FC8DF80A00FFF715FC0021000ACB
S2140371F08DF80B0005232046CDE9001102AA8DF871
S2140372000C5001F070F910B12146FFF79CFF05B052
S21403721030BD2DE9F041044617460D46E1B13F293E
S2140372204FF0000600D135462046FFF773F90828CD
S21403723014D10121204602F0C1FF064602F0A2FF48
S2140372400446304602F082FF3B4601462A46E0B239
S214037250BDE8F041FDF718BC0126E5E72046FFF739
S21403726059F9024630B9BDE8F0414FF6FF710120E7
S21403727003F054BB2046FFF75EF9B0F5006F0ED15E
S2140372802046FFF76BF94FF6FF739842014617D077
S214037290002D0CBF03200520002203F03FFB2946E8
S2140372A02046EEF7ADFA68B929462046F1F71EFFE9
S2140372B040B9324629462046BDE8F041F0F7D6BE2F
S2140372C00120E9E7BDE8F0817047704737B54FF610
S2140372D0F675FDF738FB431E9BB2AB420446F8D85F
S2140372E0EDF7C2FC0028F4D169462046ECF7DEFF32
S2140372F00028EED0204600F09AFE0028E9D120466A
S214037300FFF788FD0028E4D12046F1F751FF002857
S214037310DFD1204603F030FC0028DAD12046FDF703
S2140373201DFB0028D5D1204603B030BD73B50446F7
S2140373300E46F1F73DFF054688B92046F1F792FF62
S21403734021462B460D224FF6FD70009500F0A1F85E
S2140373503146204602B0BDE87040F1F745BF02B0A3
S21403736070BDF7B504460D461746FFF754FB0646B1
S214037370002D3FD04FF6FB739C423BD82046F1F7D7
S21403738017FF08B1A64235D02046F1F711FF10B11A
S214037390012003B0F0BD2046FDF7E0FAC0B1A642D7
S2140373A0F6D0F4B169462046ECF780FF0246C0B932
S2140373B008216846FFF7BDFA98B9082269462846A9
S2140373C0E4F784FC68B129462046FFF7AFFFDFE702
S2140373D0A642E6D12846ECF7D7FF10B900F03DFEEB
S2140373E0D6E73FB121462846EDF7E4FD2146284679
S2140373F0F5F720FE0020CCE737B5054614460C29E2
S21403740014D8DFE801F02C132C13131307131313EC
S214037410132424006946ECF749FF18B9012168468E
S214037420F5F706FF41202946F8F726FAD4B1204699
S214037430FFF760F9023003F0A8FA4FF6F7739842A5
S21403744010D9204603B0BDE83040F0F73FBD40F604
S214037450144040F613430B2908BF1846E3E700F031
S214037460EDFDE3E703B030BD1FB503460846032131
S2140374708DF80D308DF80C1001230021ADF80E2089
S214037480CDE9003103AA042301F02DF805B05DF819
S21403749004FB2DE9F34106460F4614461D469DF8A8
S2140374A02080FFF7B8FAB04207D1002221463846BB
S2140374B002B0BDE8F041FFF79FBF3A46314620468B
S2140374C0FFF7D2FFADF8060060B10D2C05D1002200
S2140374D04FF6FF71282003F021FA35B9BDF80600F0
S2140374E0FFF719FE02B0BDE8F081012342462946A4
S2140374F00DF10600ECF724FABDF80630002BEDD1AB
S214037500F0E7F7B50C460546FFF7F4F8611C0646A8
S2140375102846F7F735FDA11C0746284600F02AFF44
S214037520014604463846FDF747FA0D2F34D1204668
S214037530F1F73EFE78B1301D03F027FA04462846DD
S214037540F679FFF73AF831460246204603B0BDE81F
S214037550F040FFF768BCB01C03F017FA4FF6F7735A
S214037560984202D92846F0F7B1FC2046F1F77AFE96
S214037570FFF751FAA04205D1002003B0BDE8F04062
S214037580FFF7A2BE6B46B068F16803C369462046A0
S214037590F1F72AFE03B0F0BD2A463946204603B06B
S2140375A0BDE8F040FFF728BF14220021E4F742B8F5
S2140375B02DE9F04F11F00F0704460E4615468FB01F
S2140375C05CD10120E1F7B4FC09A8FDF7F3FA09231F
S2140375D009A88DF82430FDF7F1FA09A8E1F77AFC3B
S2140375E001A909A8FDF77BFC26F00F08A84404F1BF
S2140375F0100904F10F0A454511D1236901A9334443
S214037600236109A8FDF750FC0020E1F791FCB6F1D1
S214037610005F28BF272738460FB0BDE8F08F05AABE
S214037620234696469446186859680833ACE8030020
S2140376304B456246F6D12B46224605F1100B53F80E
S214037640041B5B4542F8041BF9D1714609A8FDF7F4
S2140376502BFC09A8E1F73EFC224621460120E1F770
S21403766023FC013D631E13F8012F15F8011F534534
S21403767082EA01021A70F6D15D46BCE70227CAE722
S214037680F0B5174685B005460C461022002168461D
S214037690E3F7D0FFBFB3C4B30F2C04F00F0608D92B
S2140376A024F00F043A4621462846FFF781FF40BBE5
S2140376B02744324639466846E4F74CF980222F6958
S2140376C006F1100337446B44B7F5005F03F8102C3C
S2140376D02F61C6F110061AD3062E1FDDFB001A0E05
S2140376E08DF80A201A0C5BBA8DF80B20ADF80C3017
S2140376F06A4610212846FFF75BFF00202B69103BE4
S2140377002B6105B0F0BD3E46D8E72646D6E7022EE7
S21403771004DDFB005BBAADF80E30E9E76A461021DC
S2140377202846FFF745FF2B691022A3F1100400211A
S21403773068462C61E3F77EFFB7F5005F4FEAC403A4
S214037740CDD2E7E770B50E46054686B001A81446C7
S214037750FFF72AFF3246294601A8FFF791FF224684
S214037760054601AB05AE1C4603CCB442106051601F
S214037770234602F10802F6D1284606B070BDF1F79B
S214037780C9BD0A460021F1F7C5BDF0B58BB00C465E
S21403779001A9F1F7BFFD054680B325220021E01CB1
S2140377A0E3F748FF0123A3700E23BDF81070238070
S2140377B0FA0510D523464FF4877206AE23F8042B3A
S2140377C00DF1280C324603CA624518605960164606
S2140377D003F10803F6D13B0605D5238843F080035F
S2140377E02380069B636001AB03CB039BC4F81D0099
S2140377F0C4F82110A361F2F771FF606128460BB04D
S214037800F0BD30B505460C4687B001A8FDF7D2F9A2
S2140378102868696802AB03C39DF8113043F002027F
S2140378208DF8112074B12288510644BF43F0060335
S2140378308DF81130530542BF9DF8113043F008030D
S2140378408DF8113001A8FDF7B0FAB0FA80F04009C0
S21403785007B030BD2DE9F3410F460546164602F044
S21403786091FC4FF00008C41BE4B2294623463A466F
S2140378703046CDF8008003F081F90121284602F056
S2140378809DFC88B10121284602F098FC074602F0C9
S21403789079FC0546C3B2424630193946CDF8008016
S2140378A003F06CF92544ECB2204602B0BDE8F08143
S2140378B02DE9F04F85B00C46054691461F464FF01E
S2140378C0010ADDF838809DF83CB002F05BFC2246E6
S2140378D03B4629460646CDF800A0484603F04EF937
S2140378E05146284602F06AFC3C4418B351462846E3
S2140378F002F064FCF6B2B442814610DAE7B2F31B38
S214037900DBB2404622462946CDF800A003935F44E7
S21403791003F034F9039BBF1B984407F0FF0B0123C6
S21403792000220E9349465B46404605B0BDE8F04F3D
S21403793003F024B95B4622462946CDF838A0F3E780
S2140379402DE9F041002686B0074608460C46154644
S2140379509846CDE9026604968DF8146002F012FC90
S214037960411BCBB20D2B28BF0D232A46214600967A
S21403797002A803F003F9424602A93846F1F720FEAF
S2140379800646294620469DF80820F7F70DFB3046A5
S21403799006B0BDE8F0812DE9F04F0E46CBB00121CD
S2140379A0054617461C4602F009FC23463A46294676
S2140379B0814606A8FFF7C4FF0DF1280A00EB070B64
S2140379C05246314628465FFA8BFBFFF743FFB34523
S2140379D003D200204BB0BDE8F08FABEB06085FFA8E
S2140379E088F808F104039842F3DB331F1844042392
S2140379F0C4B20193A31BDBB2009352464346002155
S214037A00CDF808A006A8E1F703FA0028E1D1A4EB15
S214037A100B040AEB0803E4B25246284631460093A9
S214037A2001944346FFF744FF39462846F7F7A8FA7A
S214037A30394600F0F8022846F7F7B6FA0121284639
S214037A4002F0BCFB002818BF4D462846ADF816507A
S214037A5002F098FB011FC9B20DF1160000F04FFCAF
S214037A600120B7E72DE9D841064600F060FD411C2A
S214037A70044689B2304600F02DFD98B394B32146F0
S214037A803046F7F77DFA00F00C03042B074629D09F
S214037A9000F00308B8F1020F00D11BBB384600F014
S214037AA0B0FD3B060444A4B216D5611C304689B229
S214037AB000F010FDB0B121463046F7F761FAB8F191
S214037AC0010F014600F003030CD0032B0AD03846FF
S214037AD000F0A6FD03199CB221463046BDE8D84106
S214037AE000F0F8BC0020BDE8D881F8B5064600F0E3
S214037AF0E0FC054604463046FEF7FCFD43785B078C
S214037B0018D5AC1CA4B22146304600F0E3FCB8B14D
S214037B1029463046F7F734FA0746691C304689B2D9
S214037B20F7F72EFA1FB1874201D8FF2808D104EBD6
S214037B304704A4B221463046BDE8F84000F0CABC6C
S214037B400020F8BD13B5044601A8F1F791FFBDF870
S214037B500430DA0710D49B0707D4102200212046EE
S214037B6002B0BDE81040E3F765BD2246214610206B
S214037B70FFF7E8FD0028F0D102B010BD024608B5B5
S214037B80F1F79EFF510544BF0838C0B2130544BF42
S214037B900838C0B208BDF0B5D30705460C468BB00F
S214037BA04AD5008800F0C3FC00230646029314B9A6
S214037BB0CDE9034403AC002208212046FEF7B9FEB4
S214037BC0A8B12888FEF796FD023002F0DEFE2146B5
S214037BD00746ECF76BFB50B10022402311463846AC
S214037BE000F005FA40F6094528460BB0F0BD3146CD
S214037BF02888F7F7C5F910F0030F0CBF01260026F7
S214037C00F1F7CCFB46EA4000C0B2009000212046C4
S214037C1002AB05AAF3F79EF90546F1F7BFFB00286A
S214037C20E2D0002DE0D000212046009602AB05AA44
S214037C30F3F790F90546D7E740F60A45D4E700235D
S214037C401A46F3F7F3B830B58BB005AD04462846AD
S214037C50FCF7B0FF0223284601A98DF81430FDF780
S214037C603EF9234601AA144603CCAC421860596079
S214037C70224603F10803F6D10BB030BD08B5002346
S214037C80024619461846F3F7D1F8012008BD37B562
S214037C9004466846F3F742F9054648B108222146EA
S214037CA06846E4F713F8B0FA80F0400903B030BD35
S214037CB0FF2208212046FEF73CFE034628B1062194
S214037CC02846FFF7BCFF0120F0E722460146F3F7FC
S214037CD0ADF8F8E707B56846F3F720F910B168463C
S214037CE0FDF76CFA00F0010003B05DF804FB012019
S214037CF0F3F7EABD704730B50124054689B003A8FB
S214037D00FCF758FF01A88DF80C40E1F741F99DF800
S214037D1006209DF80730AA4209D0AB4209D103A832
S214037D208DF80D40E1F7D6F8012009B030BD0024E8
S214037D30F5E70020F9E700221021FEF7FABD7047A9
S214037D407FB50D4600F582300D22694600F580703A
S214037D50D5F7B8F86B462A4602AE1C4603CCB442A7
S214037D6010605160234602F10802F6D120681060C5
S214037D702379137100236B7304B070BDF0B585B01F
S214037D806A4605460B46164601F108071446186868
S214037D905968083303C4BB422246F7D118680D223C
S214037DA020601B7905F582303146237100F580701B
S214037DB0D5F7B4F805B0F0BD38B504460D46E0F780
S214037DC0D9FBA04205D920462946FFF7B9FF002074
S214037DD038BD2820FCE730B5002485B08DF8004078
S214037DE0E0F7C8FBE5B2A84204D8F5F785F800200B
S214037DF005B030BD69462846FFF7C0FF0134EFE7FC
S214037E0038B50446002002F0ACFEFF2805460FD026
S214037E1002F0AFFE10F0010009D0284602F0A9FEDA
S214037E20400840EAC17080F0010000F0010038BD50
S214037E3004F00100FBE70146F8B506460020F4F718
S214037E4095FFFF2801D00120F8BDE0F783FB00244F
S214037E500546871CE0F782FBE3B2984201D8002070
S214037E60F2E735F82430B34203D117F82430002B59
S214037E70E9D10134EEE738B50D460121044602F098
S214037E809DF930B10121204602F098F9288001209F
S214037E9038BD20462C8000F020FC0130C0B2F7E746
S214037EA02DE9F04788B00746894610460DF10A01CA
S214037EB01D469046FFF7DFFF4FF0000ABDF80A6045
S214037EC004463046CDE905AACDF81BA002F05AF9C0
S214037ED0031BDBB20B2B28BF0B2322463146CDF800
S214037EE000A005A802F04AFE48F21F039D4243D0B5
S214037EF00BD885F40043012B15D923464246494641
S214037F0028460097FDF7A7F933E048F23A039D4267
S214037F10F3D1FEF780FDB8422BD02246414605A892
S214037F20FDF7CAF925E09DF8143013BBBDF81D40D4
S214037F30DDF81500DDF8191003AB03C3204603A9CB
S214037F40E0F70CFD0122204603A9FFF70AFAA74231
S214037F5006460ED0012103A8F5F76AF948F2010395
S214037F609D4206D12EB9334632463946204600F0A6
S214037F7058FC08B0BDE8F0879DF81450002DF8D1E2
S214037F802F469DF815800234EAB24245F1D2D2005C
S214037F90D2B222440823314692B2009703A8CDE911
S214037FA0037702F0EBFD03A800F074F802F0DBFDA4
S214037FB000F05CF80135E7E710B5002441808480C3
S214037FC00480C280038110BD13B5BDF81040CDE90F
S214037FD000340023F5F7FAFB02B010BD13B5BDF865
S214037FE0104001900094F5F7F1FB02B010BD07B501
S214037FF000930123FFF7F2FF03B05DF804FB0123B0
S214038000F5F78ABC38B50546EFF71CFD0446E0F7DE
S214038010BDFAA40144EA4020284038BD70477047A3
S21403802000207047FF2070470020704770470020ED
S21403803070474FF6FF707047002070477047002068
S2140380407047704700207047704700207047002035
S214038050704770477047002070477047704700208E
S21403806070474FF6FF70704717207047704770478A
S214038070704770477047704701207047012070476C
S21403808000207047002070477047704770474FF6D0
S214038090FF7070474FF6FF70704700207047002050
S2140380A07047002070477047002070472DE9F04F57
S2140380B0002785B081460C467E2039469846BDF893
S2140380C03CB09DF844A0BDF84C500192ADF80E703C
S2140380D002F0B0F80646002800F0AA8002F036F850
S2140380E039467E22E3F7A6FA304602F02FF80090D0
S2140380F0304602F02BF8B9F1FF0F0CBF274644F0C9
S21403810003073B0A14F44062077043705FD14FF0D5
S2140381100808C31C184642460199E3F7DDFA0346EE
S21403812004F44044434484B1790606D419464FEA1E
S2140381301B2201F802BB5A700B46B4F5004F56D00B
S214038140A4F5404254425441E400224618460E9990
S214038150E3F7C2FA009A03462044A0EB02085FFA4C
S21403816088F89DB14FF47C521A53841C284601F0BC
S214038170EDFF8346284602F005F8C5B22A4659465F
S2140381802046E3F7E7FB60190235EDB2B9F1FF0FBE
S2140381902FD05246109900F8019BE3F7DBFB08F15A
S2140381A001015AFA81F129443046EBF75FFB0C21B3
S2140381B00022FF0007F0800710463943FEF778FADF
S2140381C0ADF80E00E8B9002005B0BDE8F08FB2F5B3
S2140381D0006F80F803804FEA182880F8048000F1C7
S2140381E0050314BF4FF008084FF0020892E7022475
S2140381F0ABE708EB0A0129443046EBF737FB0821C7
S214038200D6E7304601F0A2FF0446304601F0BAFF37
S2140382100123024621460DF10E00EBF791FB0028E1
S214038220D1D10121BDF84820BDF80E0001F0DAFFD8
S214038230BDF80E00C8E710B50C46098821B90846F4
S214038240F6F76AFA208008B1012010BD0220FCE789
S2140382502DE9F04780460F460646002402F1FF3913
S214038260BC4202D219F8015F25B9A6EB080080B21A
S214038270BDE8F0879A46A5F13102012A5AF8041B95
S21403828010D83246322D02F8011B06D10134A4B2AF
S214038290A74232D30912B21C7170013453461646F4
S2140382A0A4B2DDE7342D0CD10334BC42DDDA0B0A6D
S2140382B0317073700B0C090EB370321DF170A4B2DB
S2140382C0EBE7A5F13302062A0DD8303DADB22B19E4
S2140382D0BB42CADA2A463046013CE3F7FDF915FAF3
S2140382E084F47219EBE7A5F14102062A01D8373D5B
S2140382F0ECE79D8803F1080AE9E71646B5E770B58B
S214038300054600880C4601F03DFFA04228880AD2A5
S21403831001F038FF0023221A19462846BDE87040AC
S21403832092B2EBF70DBB2146EBF7A0FA002070BD27
S21403833038B5054601F00AFF0446284601F022FF39
S214038340002201462046BDE83840FEF7EEB9F8B5F0
S21403835016460C461D46BDF8187001F0F7FE044499
S214038360304601F0F3FE3A4641192046BDE8F84090
S214038370E3F7B2B970B50C46013189B20646F6F793
S214038380FFFD214605463046F6F7FAFD00EB0520CD
S21403839080B270BD1FB50123ADF80C2000930A46CA
S2140383A00223014603A802F0E9FB05B05DF804FBCF
S2140383B00FB437B5069D0021A8B201F03BFF044673
S2140383C001F0C4FE2CB1002207AB0193D1B28D425B
S2140383D005D8204603B0BDE8304004B0704753F8D4
S2140383E0041B81540132F1E773B504460D46402061
S2140383F00021164601F01EFFADF8060001F0A6FEAA
S214038400BDF8063013B9002002B070BD40213346D4
S2140384102A462044FFF71CFF211889B20DF10600F7
S214038420FFF76DFF0028EED1BDF80600ECE70EB4AB
S21403843003B503AA52F8041B0192FFF7D5FF02B057
S2140384405DF804EB03B070472DE9F7430F460121AF
S2140384508146164601F0B2FE054658B1FFF768FF9F
S214038460308088B9284601F08DFE68B1192003B024
S214038470BDE8F083484601F085FEFF2FA0EB070416
S214038480E4B214D014B934800020F0E72A4621461B
S2140384902846FEF74AF980460028E7D03B464A4678
S2140384A029460094FFF753FFA6F80080ECE7012067
S2140384B0DDE708B5FEF71EF9437803F001001A0757
S2140384C04CBF10300830DB0644BF0830C0B2103053
S2140384D0C0B208BD10B50C4601F054FEA04234BF2E
S2140384E00020012010BD7FB514460091024641F2DC
S2140384F0092141F609209DF820601D46002E18BF6D
S2140385000146099B0020F6F763FDADF80E0010B98F
S214038510002004B070BD01232A4621460DF10E004B
S214038520EBF70EFA0028F3D1BDF80E00F1E738B5E5
S2140385300546FFF7BEFF0446284601F023FE631CEC
S2140385409BB283420FD82846FEF7D4F843785B07DE
S21403855007D521462846F6F713FD013004EB400401
S214038560E4B2204638BD0024FBE71FB5ADF80E0085
S21403857001F008FE0446BDF80E00FFF7D8FF00F131
S2140385800E03DBB2BDF80E200146E01A80B200905F
S2140385901046FFF7DCFEA4F10E0189B20DF10E00C2
S2140385A0FFF7ADFE04B010BD4278034612F0080094
S2140385B006D0D20702D403F10800704703F109007E
S2140385C0704737B505460C46FEF794F8437813F024
S2140385D0100212D09CB103F001021B074FF00003F8
S2140385E02946009320464FF0080354BF1832203222
S2140385F002F0C4FA012003B030BD1046FBE7204664
S214038600F9E700F00303012B08D0C30606D400F0F5
S2140386100C000C2814BF082009207047022070475E
S214038620034611F0030005D003F00303022B14BF27
S214038630022003207047F8B50C46064601F0A2FD5B
S214038640631C834202D900252846F8BD21463046DE
S214038650F6F796FC0746FFF7D4FF3B060546F3D529
S2140386600444304601F08EFDA4B2631C9BB28342E1
S214038670E9D821463046F6F783FC01463846FFF72D
S214038680CFFF2844C5B2DFE770B506460D46FFF7B1
S214038690D2FF044610B90024204670BD2946304652
S2140386A0F6F76EFC8206F7D5304601F06BFD2544DF
S2140386B0ADB26B1C9BB28342EDD829463046F6F723
S2140386C05FFC00F01803082B14BF05340634E4B22D
S2140386D0830644BF0834E4B2DEE738B50546FFF741
S2140386E026FF044608B9002038BD01462846FFF792
S2140386F0CBFF0028F7D02044C0B2F5E72DE9F043BE
S21403870087B005460C46FDF7F5FF804602F03DF9B7
S21403871007462846FFF70BFF064601462846FFF79F
S2140387208AFF0022034600922946324602A802F038
S21403873025FA9DF8086006F00C030C2B06F00309D7
S2140387400BD0B9F1010F59D0F10657D49DF8093073
S2140387500DF10A050020637107E0FF230DF1090000
S214038760637102F012F90DF10B05208198F80130C0
S214038770DA0704D508F1020002F007F92081B9F1FF
S214038780010F5FFA89F83DD0F3063BD4284602F082
S214038790FCF86080A81C02F0F8F8053515F8013CD3
S2140387A0208023712B78B006A37206F0400348BFDF
S2140387B043F02003390627D543F40073F80448BF73
S2140387C043F48063390548BF43F400633206E3800D
S2140387D011D56A7812F003020DD06FEA43436FEAAD
S2140387E05343A978B8F1020FE3800B4611D1EB7817
S2140387F041EA0321218107B0BDE8F083FF230DF191
S2140388000905A7E7FF23CCE77A0648BF43F480733E
S214038810D4E7012A04BF0B029BB22381EBE7F7F7E9
S21403882089B80BB1F7F7F2B80AB9F7F76BB9FF21B6
S214038830F7F794B8431C08BF0020E4F7B1B900006B
S214038840034B5868C0F30800003818BF0120704770
S21403885000ED00E0014B1868704700BFD8650020A4
S214038860084B1B6F03F00703022B04D0032B05D022
S214038870012B05D0FEE7044B18687047034BFBE754
S2140388800348704700800050D8650020E06500204C
S214038890002D310108B5FFF7E3FF054B1B6FC3F34C
S2140388A001330133B0FBF3F0024B186008BD00BF81
S2140388B000800050D46500200048704700B4C4040C
S2140388C000487047002D3101014B1868704700BF00
S2140388D0E0650020174A9368C3F304430C2B0AD8B9
S2140388E0DFE803F00B0909090909072119091B1D0C
S2140388F01F001148704700207047936803F04073C9
S214038900B3F1807F11D0B3F1007F10D0002B0B485A
S21403891018BF002070470A4870470A4870470A483D
S21403892070470A4870470A4870470A4870470A481B
S214038930704700BF0040015A405DC60000093D0075
S214038940C0EA210180BA8C010048E801005A62029D
S2140389500024F40080841E0040420F00014B186878
S214038960704700BFDC65002007B500F065FC6A466B
S21403897000F0C2FC18B14721034801F028FFDDE9E7
S214038980000103B05DF804FB22B503000229F8B525
S21403899096BF104B00245C5C012805460E4608D0A3
S2140389A0022809D008B944F002040B4B1F6837B9F4
S2140389B0F8BD44F00804F8E744F02004F5E77B68C4
S2140389C01A68144203D0314628465B6898473F68C6
S2140389D0EDE700BF924F0400403D002038B5104D30
S2140389E02B78ABB10F4C23781BB100F031FA002380
S2140389F02370002001F0FEFE0B4C50B100F07AFA13
S214038A000023012120782B70FFF7C0FF012323707A
S214038A1038BD0122054B1A702278054B1A70F7E70A
S214038A20F55B0020F35B0020FA5B0020F65B00207A
S214038A30F75B00200E490B78FF2B01D198B17047E6
S214038A400BB990B97047002814BF0122FF221344C4
S214038A500B7060B1074B1B78012B08D9064B1B78AC
S214038A602BB9FFF7BBBF1A46F1E70122EFE77047C2
S214038A70F95B0020FA5B0020F65B002010B501F0DE
S214038A80A4FD064B04461B781BB1BDE8104001F05D
S214038A9097BDFFF7A3FF2046F7E700BFF25B002072
S214038AA002282DE9F04147D029480378FF2B41D10E
S214038AB0002941D11A461344DBB2037000293BD088
S214038AC0244E3278012A37D9002B3ED001F07DFDA3
S214038AD0214F04463B780BB3204D2B781BB901225C
S214038AE02A701F4A1370DFF87C8098F8003023B191
S214038AF000F0AEF9002388F80030204601F060FD50
S214038B00012001F077FE01F060FD2B7804461BB1CF
S214038B1000F0F0F900232B7000233B70204601F091
S214038B204FFD01243078A04206D02146FFF72EFFE2
S214038B30347001E013B931B9BDE8F081002914BFE0
S214038B400122FF22B7E70122B5E70224EAE700BFC6
S214038B50F95B0020FA5B0020F55B0020F25B002047
S214038B60F65B0020F35B00202DE9F04385B0EFF3BE
S214038B70108572B6AFF3008001F011FF002800F0F5
S214038B809280624E624F337823B10020FFF752FF84
S214038B9000233370387878B903A900F01DFB044628
S214038BA050B95C4B039A1B689A4200F284800120FA
S214038BB0FFF740FF012333703B78002B40F099808A
S214038BC0554B1B78002B00F091804FF00208534C56
S214038BD0DFF868912078404507D099F8003013B93C
S214038BE04146FFF7D3FE84F80080B8F1020F0FD199
S214038BF0DFF8248198F8003053B9494B1B7823B922
S214038C0000F020F90122474B1A70012388F8003040
S214038C10207800F0F7F899F8003013B1424B1B7830
S214038C202370AFF30080284601F0DFFDEFF31085D5
S214038C3072B63E4B1A7852B100221A703A4B20781D
S214038C401B78984203D101212170FFF79FFE384815
S214038C5000F082FA01F0B7FE8046002893D12E4F2B
S214038C603B789BB189F80000DFF8B89099F800309C
S214038C701BB100F0EDF889F80080002001F0BAFD82
S214038C80002839D000F036F900233B70337823B13F
S214038C900020FFF7CFFE0023337000212078FFF774
S214038CA075FE00232370AFF30080284605B0BDE8A9
S214038CB0F04301F09ABD1F4BD3F8008000F048F94B
S214038CC0039B80449845BFF472AF00F03BF98200E3
S214038CD0039942F0020292B2CDE900422346164AB5
S214038CE0A1EB0801124801F087FD65E700F09CF848
S214038CF06BE74FF001086AE7012000F083F8284687
S214038D0001F073FDEFF3108572B6B6E7F45B00204F
S214038D10F95B0020483D0020F55B0020FA5B00204D
S214038D20F85B0020F35B0020F75B0020F05B00207D
S214038D304C3D0020443D00207D8A0300F65B002066
S214038D4010B501F042FC0022054B1C781A7001F0A6
S214038D5037FC00F005FBE4B22043C0B210BD00BFF1
S214038D60F15B002038B501F030FC094B05461B7853
S214038D70012B04D801F024FC0024204638BD054B03
S214038D801C6800F0E5F80444284601F019FCF4E7F3
S214038D90FA5B0020443D00201549164A0B6F10B5B8
S214038DA003F007031360144A144C9269032B02F072
S214038DB00200C2F34002227017D0D1F8203103F02C
S214038DC00703022B11D0D1F8803203F001030C4ABB
S214038DD0137048B143B9064BD3F8003103F00303CD
S214038DE0591E4B424B41137010BD0123EFE700BFE2
S214038DF000800050A83D002000C00150FF5B00200B
S214038E00005C0020012805D00238012808D800207D
S214038E10D1F762BB034A136923F00403136130BF1F
S214038E20704700BF00ED00E0044B054AD3F820313D
S214038E3003F007031360F8F7EFB900BF0080005094
S214038E40B03D00200122014B1A707047FE5B0020E4
S214038E50F8B51F4B1B78002B39D01E4C2378B3B9BB
S214038E601D4B9A6DD10302D5DA6D92072FD49B6DF5
S214038E70DB072CD401F003FD184B194A1860136F57
S214038E8023F0070343F003031367FFF703FD01F023
S214038E90F6FC124B134D1B68134EC01A2B78134F58
S214038EA056F8232046F82300111A3A681048521A37
S214038EB00A213A600932B2FBF1F20133DBB20260F7
S214038EC0B3FBF1F201FB12332B7000232370F8BDC2
S214038ED0005C0020FD5B002000C00050A03D002089
S214038EE000800050FC5B0020783D0020743D00208D
S214038EF0703D002008B5F8F790F90D4A0D49136F39
S214038F00096823F007030B4313670B49D2F8203194
S214038F10096823F007030B43C2F82031074B1B787D
S214038F2013B10122064B9A62BDE80840FFF7B2BCB4
S214038F3000800050A83D0020B03D0020005C0020CB
S214038F4000E00050014B1878704700BF005C00201B
S214038F50054B187818B1054B186800EBD000044B86
S214038F601B681844704700BF005C0020703D00205B
S214038F70A43D002008B50D4B1A7892B100221A7052
S214038F800B4A136F23F0070343F001031367D2F86A
S214038F90203123F0070343F00403C2F82031FFF720
S214038FA079FC0122034B5A6708BD00BFFE5B002015
S214038FB00080005000E000500D490B68A0B100226D
S214038FC0A3B1834203D1836822B90B6003E01A4638
S214038FD09B68F5E7936083680BB9002070475A696E
S214038FE041690A445A61F8E7222070470220704715
S214038FF0BC3D002010B501F05EFC0A4C0A4B196814
S2140390002368C31A09B9206010BD002BFBD04A6938
S2140390109A423ABF9B1A0022D21A4A6128BF0023FB
S2140390208968EFE7B83D0020BC3D002038B5154DF4
S2140390302B682BB35B69B3B1134A022014681C4434
S21403904000F088FA204600F047FA00220F492B6802
S2140390500A70012A05D823B1D88880070AD50123C8
S2140390600B70002038BD022000F074FA022000F0D6
S21403907093FAEAE79B68002BF3D058690244E8E7C3
S2140390802220EFE7BC3D0020B83D0020025C002014
S214039090C38870B504460D463BB9FFF763FE8542A9
S2140390A0064602D2F9F734FA35460E4A6561136866
S2140390B09BB91460A3600FE02D1A98681946656182
S2140390C0034618B15869A842F6D941B18C60A3602B
S2140390D013B15A69521B5A6170BD0021F2E714603E
S2140390E0F5E700BFBC3D002070B516469DF814207A
S2140390F0C0E903360271049ABDF8183002600022F4
S21403910004460D468260C38006BB01F0D4FB2844A8
S214039110A0613DB9E368656113B1204621689847AD
S21403912096B1354601F051FA0646FFF763FF294626
S2140391302046FFF7ADFF074B1B68A34201D1FFF79D
S21403914075FF304601F03CFA002070BD01F0B3FB1A
S2140391503044DDE7BC3D0020F8B50546D0B101F04C
S21403916034FA0646FFF746FF0B4B28461F68FFF701
S21403917023FF044620B1304601F022FA2046F8BD0C
S214039180AF42F8D1FFF752FF2228F4D1022000F0B5
S214039190EDF9F0E72224F1E7BC3D002038B50C4694
S2140391A00546A8B1A1B100230B7001F01BFA0121FB
S2140391B0084B1B6833B901F010FA002038BD9D42F6
S2140391C004D121702278002AF9D0F4E79B68F1E7EE
S2140391D02220F3E7BC3D0020F8B506460F4601F013
S2140391E001FA00250446124B1B6823B9204601F0FA
S2140391F0F4F91B2011E05A691544DA88B2420DD1FE
S21403920001F059FB0B4E3368C01AA8420AD3002359
S21403921020463B6001F0E1F90020F8BDFF2EEFD0B9
S2140392209B68E2E701F047FB33682B441B1AEFE722
S214039230BC3D0020B83D002070B501F0D3F90646CA
S21403924001F039FB084B044601201D6801F023FB9F
S21403925018B101F030FB04460135304601F0BDF984
S2140392602046294670BD00BFC43D0020014B186848
S214039270704700BFC03D0020F8B50C4B05461B6881
S2140392800E4683420FD3002440F2E7302146084BB4
S2140392904FF47A721F680023E5FB0701E1F75EFED1
S2140392A030602046F8BD2120FCE700BFB43D002017
S2140392B0C03D00200F4B10B51A689AB14FF47A716F
S2140392C0531E1342A0FB01010ED1B2FA82F2C2F181
S2140392D01F04531CD243E04001FA03F3184321FA58
S2140392E002F20243104610BD0023E1F737FE0246A2
S2140392F0F8E700BFC03D002038B5164B144683423E
S214039300154B8B4123D3154B1A6802B34FF47A756A
S214039310A0FB050305FB0131531E134211D1B2FA1C
S21403932082F3C3F11F055A1CDB4301FA02F2E8403D
S21403933021FA03F310431843E940C4E9000100206F
S21403934038BD0023E1F70AFEC4E90001F7E7212050
S214039350F6E700BFEFA7C64B37894100C03D0020A4
S21403936010B501F03FF9034B1C7801F036F9E4B26F
S214039370204610BD015C002008B5084B1B7803F09F
S214039380FF004BB101F07BFA054B1B689B69C01AC3
S21403939002288CBF0020012008BD00BF025C00200D
S2140393A0BC3D0020C2072DE9F843044607D5474ACB
S2140393B0136801331360FFF71DFEFFF737FEA3079D
S2140393C040F1818001F00EF94FF00008054646464D
S2140393D0FFF710FE3E4F3C680CB16369A3B1002251
S2140393E03C4B012E1A7003D118F0020F18BF1E70E3
S2140393F0FFF71CFE222802D1022000F0B7F8284609
S214039400BDE8F84301F0E9B823465A693AB91A7930
S2140394102179914288BF1C469B68002BF5D12846CC
S21403942001F0DBF8D4F81080B8F1000F3FD001F05C
S21403943042FAA269851AEB17454573F1000337DB39
S21403944023691344A36101232269CAB1C3B9A38B59
S214039450B8EB050833B1E28B13449BB2B3F57A7FBE
S2140394601CD2E38301F0BEF8054641462046FFF7CB
S2140394700FFEA369226928461344A36101F0ADF8E1
S214039480E36813B1204621689847B4F8068001F0D4
S214039490A9F801360546FFF7ADFD9CE7A3F57A73F9
S2140394A0E383A36918F1FF38013BA361DAE7454676
S2140394B001F098F881462046FFF77EFD484601F006
S2140394C08CF80023C0E7BDE8F88300BFC43D002046
S2140394D0BC3D0020015C002010B5044601F075F881
S2140394E04FF0B042936A1907FCD4136A116C5269A1
S2140394F0120704D4CA1A032A01D899420ED1E21AD3
S214039500022A98BFDC1CB4F1FF3F38BF013C4FF082
S214039510B04308221C6403F580539A6101F050F8A7
S214039520054A13783BB14FF0B041CB6B43F00203CF
S214039530CB630023137010BD436B002007B5044BA9
S21403954001A9187901F0E7F8019803B05DF804FB68
S214039550D04D040000F001038207034A48BF43F0DE
S21403956008039361704700BF00100058820700F09D
S21403957001030AD50121064A43F0080311704FF090
S214039580B041CA6B22F00302CA63024A9361704772
S214039590436B002000200058830742BF0822014B7C
S2140395A05A6170470010005873B502AB164603E9BC
S2140395B00600044600F052FF0546204600F05EFF14
S2140395C09DF800208DB1202C33780ED8012B2ED891
S2140395D04FF6FF752D4803EB4313234430F813105F
S2140395E0A94202D0013120F81310294B294E33F833
S2140395F0141036F81400814232D34FF6FF75A94291
S2140396004FF0010502D0013123F8141004F0FD01D8
S214039610092927D1998AB68A0A44B242B4BF9A82E4
S2140396209E8233F81430834227D202B070BD022BD9
S214039630DBD14FF6FF704FF6FF75144B33F814105B
S214039640814218BF013104F1210018BF23F814101A
S21403965033F81010A9421CBF013123F81010C4E7D9
S2140396600025D0E71D2CDCD1598F8E18864203DAED
S21403967001390A445A87D4E75887002DD5D12046A6
S21403968002B0BDE8704001F031B900BF08580020B1
S214039690E05800208C58002038B50D46044600F0EC
S2140396A0A1FF064A13889BB22DB123431380BDE85E
S2140396B0384000F092BF23EA0403F7E7E65A002097
S2140396C00022034B01214FF480701A70FFF7E4BFAA
S2140396D01362002008B5054B1868FCF72EFE00F051
S2140396E00300C31E5842584108BD00BF145500204E
S2140396F038B5044601F098F90C4B054619781879E5
S21403970081420FD0631E082B0CD8DFE803F0050D4B
S2140397100B0D0B0D0D0D0D0000220146044B1868B2
S214039720FCF709FE284638BD0022F7E7716B0020D8
S2140397301455002038B54FF0FF300C46FFF77AF883
S2140397400A4B05461868FFF775F8641B241A20B2FF
S21403975010F1630F06DB10F1240F05DA6430800086
S214039760C0B238BD0020FCE7FF20FAE714550020FE
S21403977008B5134B1B78062B04D040F6210111487D
S21403978001F025F8104B1B881B0704D440F6220172
S2140397900C4801F01CF80D4B2A201978FFF7A8FF98
S2140397A000210820FFF778FF0222094B1A70094BA5
S2140397B01868E8F7EBFBBDE8084001F084B800BF83
S2140397C013620020454A0400E65A00201062002077
S2140397D0A06B00201455002010B50E4C236823B947
S2140397E040F6A3410C4800F0F2FF2068013001F078
S2140397F0CCF800F0070003280AD1246809220121C7
S214039800204600F0E3FB205C031F5842584110BD7E
S2140398100020FCE704550020454A040038B50C46F2
S21403982040B100210420FFF737FF01F04CF8012C6C
S2140398301DD038BD244B1B889B07F6D50129234A28
S2140398402FD1117869B30139C9B2117011B920202B
S214039850FFF722FF00210220FFF71EFF04221C4B06
S21403986000211C481A7000F05DFD01F02CF81A4C1C
S2140398702068013001F089F800F44060B0F5006F0D
S2140398801FD1246801210422204600F09FFB2044B8
S21403989001F07BF80146BDE838400022202001F0A5
S2140398A03DB800210D4D02201170FFF7F5FE2B7811
S2140398B0FF2B04D040F29961094800F088FF2C7012
S2140398C0B3E74FF6FF71E6E7E65A00201262002080
S2140398D013620020E868002004550020A16B0020D6
S2140398E0454A040038B5134C05462388580709D55E
S2140398F0FFF7F0FE01460720FFF7FAFEFF210120DF
S214039900FFF78CFF238899070BD50B4B284619784E
S2140399108A1F51425141FFF7EBFE01210020FFF75A
S2140399207DFF23881B0703D5BDE83840FFF720BF1C
S21403993038BD00BFE65A002013620020F7B5124C6C
S214039940D4E9006586EA020C85EA03070CEA000CF4
S2140399500F405CEA070E15D086EA0C067D40C4E984
S2140399600065CDE900230B46084902460868FCF764
S214039970A6F838B14FF4FD71054803B0BDE8F040D2
S21403998000F025BF03B0F0BDA81500201455002035
S214039990454A040008B50A4B1B88DB0604D440F688
S2140399A04701084800F013FF00211020FFF774FE5C
S2140399B0002000F06BFBBDE8084000F084BF00BF4A
S2140399C0E65A0020454A04002DE9F04F5706804624
S2140399D014461D4691B005D5FFF77CFE01460120CF
S2140399E0FFF786FEEE0403D500212D20FFF780FE49
S2140399F0A00224D54046FCF74CFD0146F8B94020AA
S214039A00FFF74AFE40460AA9FCF720F9B8B99DF8C5
S214039A103030022B40F0D980BDF8280001F0A3F8BF
S214039A20FF2808D14046FCF70FF940B90121402032
S214039A30FFF732FE03E001F09AF80028F2D1A10303
S214039A4005D5FFF747FE01460320FFF751FEE20167
S214039A5004F0807640F1C080854B1B889B072DD58C
S214039A60844E3068FCF787F840BB834B834F1870EF
S214039A703B78FF2B04D040F25761814800F0A7FEE5
S214039A804FF0000900210220FFF706FE87F800903A
S214039A907C4F3B78062B07D101210820FFF7FCFDFE
S214039AA049462820FFF724FE3B78052B06D10021E4
S214039AB02B20FFF71DFE3068E8F768FA00F003FF77
S214039AC0220717D56B4F0321386805AAFCF76DF8F4
S214039AD0064620B940F2C961694800F078FE9DF851
S214039AE01430072B00F0D080FFF7F4FD0146042066
S214039AF0FFF7FEFDE10505D5FFF7ECFD0146042063
S214039B00FFF7F6FD14F4863F05D0FFF7E3FD0146A5
S214039B100220FFF7EDFDA20113D5FFF7DBFD01469B
S214039B200820FFF7E5FD00210420FFF7B5FD554BA0
S214039B301B78012B03D14F4B1868E8F727FA00F080
S214039B40C2FE14F0084F09D0FFF7C4FD01460720F4
S214039B50FFF7CEFDFF210120FFF760FEA30009D526
S214039B60FFF7B8FD01460620FFF7C2FDFF210120DF
S214039B70FFF754FEA70705D53D4B1B881E0701D5E7
S214039B80FFF7F6FD6C0603D500210A20FFF7B0FDAC
S214039B90280602D50120FCF78DFCE90540F18581F6
S214039BA040460AAA05A9FCF7C4FB9DF81430222BED
S214039BB000F06D8100F28281152B40F26A8140F637
S214039BC00A112F4800F003FE6FE1032B7FF437AF33
S214039BD00AA800F0C4FF30E705F0020756EA0703B9
S214039BE00DD0284B26201978A1F1060EDEF10001D0
S214039BF041EB0E01FFF77CFD0121304611E004F036
S214039C00805656EA07030FD01E4B26201978A1F17B
S214039C10060CDCF1000141EB0C01FFF769FD0221A4
S214039C203846FFF7FBFD4BE704F0884151EA06038D
S214039C3009D0144B272019788F1F79427941FFF7F3
S214039C4057FD0221D9E705F008030B4302D0232072
S214039C50FFF74EFD680703D500212420FFF748FDD4
S214039C60E9077FF52DAF00212520FFF741FD27E704
S214039C70E65A00201455002012620020A16B002033
S214039C80454A040013620020314638680AAAFBF7E7
S214039C9092FF20B14FF4DA619E4800F098FDBDF8BC
S214039CA01630386802330AA9ADF82C30FBF785FF67
S214039CB020B140F2DF61974800F089FD002300934E
S214039CC031460423386804AAFBF779FF042804D036
S214039CD040F2E4618F4800F07AFDDFF8589299F875
S214039CE00030C3BB0DF1110000F04FFE00F007007B
S214039CF0022830D1FFF7EEFC01460920FFF7F8FCF7
S214039D00854B1B78062B23D1844B9DF813201B7899
S214039D109A421DD19DF8353023B940F2FA617D4849
S214039D2000F055FD0DF1110000F02FFEC0F30016F4
S214039D3031462920FFF7DCFC00210820FFF7ACFCA6
S214039D40774B1E70FFF748FD10B93868E8F71EF921
S214039D5000F0B9FDCEE6BDF816000121083080B24A
S214039D6000F068FA039030B9FFF7B4FC014604200C
S214039D70FFF7BEFCECE700F0E9F905AA0146064644
S214039D803868FBF724FF99F800A0BAF1000F22D138
S214039D9006F1010B584600F0F8FD83065AD53868DD
S214039DA0FCF777FB0746FFF795FC05370146F8B245
S214039DB0FFF79EFC584600F0E8FD00F00700032876
S214039DC0584F2DD001210420FFF766FC4FF0FF30DB
S214039DD0FBF71CFF386000225349BDF8163009789C
S214039DE0F718F1549DF83630BB709DF83730FB708A
S214039DF00A9B190E3971190C7971FB71190A99F8B6
S214039E000030B97123B9737892B343F020037370AB
S214039E10002000F069F97870039800F071FA97E76C
S214039E2001210922304600F0D1F8305C01210428D4
S214039E30C9D1FFF731FC4FF0FF30FBF7E7FE3B4B92
S214039E4038601B885806C6D551464020FFF724FCC9
S214039E500122C1E7FFF73EFC01460920FFF748FC55
S214039E602D4B1B78012BB6D13868E8F78FF8B2E78D
S214039E7023F02003CBE701227E33DBB202FA03F39F
S214039E8013F00A1F31D113F0011F3FF498AE2720B9
S214039E902CE0012202FA03F3254A1A402ABB13F0E8
S214039EA0041FF4D1DA077FF58AAEAB052FD501215F
S214039EB0802011B0BDE8F04FFFF7EEBB652B1AD834
S214039EC0622B12D8452B0CD8422B0ED8352B06D82E
S214039ED0322B0AD8252B08D9322BD8D06FE6422B43
S214039EE0FBE7552B05D8522BF7D92620FFF7FAFCAC
S214039EF0DBE7622BF1E7952B3FF661AE812BBAD8F1
S214039F00722BC4D0733B022B3FF659AEEDE711B06C
S214039F10BDE8F08F454A0400136200200F6200205C
S214039F20A06B002000550020A26B0020E65A0020FC
S214039F303A00380016620020024B1878B0FA80F018
S214039F40400970471362002008B5064B4FF0FF31F7
S214039F501868FCF714FA0028B8BF033040F38700EC
S214039F6008BD00BF1455002008B5074B1868FBF75B
S214039F703BFD30B1054BB3FBF0F083B20BB1184693
S214039F8008BD0120FCE700BF1455002040420F0027
S214039F9038B510200C460121FFF77EFB064B1D68E3
S214039FA0FFF7E2FF012200FB04F1044B2846FCF70F
S214039FB0CBF9002038BD00BF145500209599030047
S214039FC0014800F004BC00BF5F4A0400032A70B5D2
S214039FD0144602D82C4B985C70BD81F0010519B964
S214039FE00D2A07D1FF20F7E70D2A03D1007805389D
S214039FF0C0B2F1E7084400F0C8FCC5F1040110F450
S21403A00040660246C9B209D1042C0846E4D0052CA2
S21403A01016D112F0400F18BF0846DDE7C5F1060358
S21403A020042CD8B2D8D0B6F5006F03D1C5F1080515
S21403A030E8B2ECE7B6F5406FE9D1C5F10E05F7E7F0
S21403A04012F4404107D1062CC6D0072CC4D0082CE6
S21403A05013D10130CCE755065CBF831CD8B2062C5F
S21403A060BAD0B1F5004F02D1831CD8B2EDE7B1F5F3
S21403A070404FEAD100F10803F7E7130744BF053062
S21403A080C0B20C2CA8D9ADE730960400AC2370B54B
S21403A090094C054603FB00435E6D26B940F2FD31CD
S21403A0A0064800F094FBAC2303FB054400236365DA
S21403A0B03346BDE870401847185500209C4A0400F4
S21403A0C010B40C461146AC22064B02FB0033586D07
S21403A0D020B95C655DF8044BFFF75ABF02205DF8B4
S21403A0E0044B704718550020AC22034B02FB003389
S21403A0F093F8A800704700BF1855002028B1034BFB
S21403A1001B68C01A4010013080B27047D855002033
S21403A11030B1044B00F100401B68013803EB4000EC
S21403A120704700BFD8550020064B1B68834206D8ED
S21403A130054B1B68834294BF002001207047002014
S21403A140704700BFD8550020D455002010B50446EC
S21403A15008B9002010BD00F075FC20B940F2CD41CF
S21403A160074800F034FB2046FFF7D2FF0028F0D064
S21403A1700388DB0B14BFD0F80A000830EAE700BFF9
S21403A180734A040010B508B9002010BDFFF7C0FFDE
S21403A190044600F04EFC20B94FF49D61064800F0DB
S21403A1A016FB002CF0D02388DB0B0ABF60882089BF
S21403A1B0C0F30C00E9E700BF734A040038B5FFF7A5
S21403A1C0A7FF0D46044650B100F033FC20B940F219
S21403A1D04151034800F0FBFA023534F8150038BD48
S21403A1E0734A040070B5FFF793FF0C461646054600
S21403A1F0B0B100F01EFC20B940F24D510C4800F0FF
S21403A200E6FA3046FFF784FF00F013FC20B940F26D
S21403A2104E51074800F0DBFA023425F8146070BD8F
S21403A22040F25251BDE87040014800F0D0BA00BF7A
S21403A230734A04002DE9F8430746884600F069FB95
S21403A24020B940F28E512A4800F0C1FAFC1CA4083B
S21403A250284B64000434B7F5005F1E68A4B204D329
S21403A26040F29551224800F0B2FA00F0BBF92249B9
S21403A27081460B687BB9214B1D68761BC6F34F06D8
S21403A280B44227D90025484600F0A7F92846BDE87A
S21403A290F843FFF733BFB8F1000F11D0174A15681C
S21403A2A05A1BC2F34F029442ECD81448620005EBE3
S21403A2B044040460B8F1000F0FD113440B600CE0A4
S21403A2C0F61AC6F34F0676B940F2A651084800F0D0
S21403A2D07EFAD7E705EB44041C6000236F80AB804F
S21403A2E0EB802B80CFE7B442CCD8044A1568DCE772
S21403A2F0734A0400DC550020C4550020D4550020C2
S21403A30038B5054600F06EF904462946044800228F
S21403A31000F0A5FB2046BDE8384000F05EB900BF5C
S21403A320EC5A002082684B4B2DE9F0419A420446D2
S21403A3300E46056815D121B140F21311464800F0C8
S21403A34046FA00F04FF923691BB92B682BB9246131
S21403A3502C60BDE8F04100F040B91A6922611C6127
S21403A360F6E700F02DFA8046FEF76AFA20B14FF4BE
S21403A3709571394800F02BFA6FF000439E4221692D
S21403A3804BD22B7B08EB0602002B4DD0AB689342D7
S21403A3904AD1531C002949D06169994242D01EB95B
S21403A3A0521AB2F1004F3DD9636123696E689C422D
S21403A3B003D19D21284800F00AFA2F460023B44211
S21403A3C00BD0002B41D172696169891AB1F1004F34
S21403A3D032D83269374694422CD12269BD420CBF2B
S21403A3E06A603A617BB92669B44203D1B8211A4838
S21403A3F000F0EDF93B46012E05D062697169521AE9
S21403A400B2F1004F23D99D420BBF6B681A692361D3
S21403A41022610CBF6C601C6104E0434431B1626985
S21403A4209342C1D1BDE8F0811346B3E76A6822615F
S21403A4306C60B9E71646C6E7A8EB0202B2F1004F16
S21403A440C7D93B4637463669B9E71F46F9E7334669
S21403A4503669D0E7653A0200874A04000823064AAD
S21403A46012F8011B814205D0013B13F0FF03F7D11D
S21403A4701846704701207047E19604000823064AF1
S21403A48012F8011B814205D0013B13F0FF03F7D1FD
S21403A4901846704701207047D996040010B5082265
S21403A4A007490446E1F712FCB0FA80F04FF6FF7353
S21403A4B02289400940009A4208BF40F0010010BDBF
S21403A4C0F296040030B504460D4685B002B9084A34
S21403A4D01068516801AB03C301AB03CB2060204671
S21403A4E0ADF80C501B886160238105B030BD00BFFA
S21403A4F047D30300002270B50A4B1C780A4BD5B22B
S21403A500AC4202D800200C7008E01E880132864256
S21403A51005D30D701B881B1A5842584170BD123361
S21403A520EDE700BF906100208C5A002010B5164B53
S21403A530187860B1154C2368CBB14FF470720020C5
S21403A5401349FFF7BDFD2368013B236010BDFFF7EA
S21403A550FBFC1049104A91F90040136884420B4CE7
S21403A56003F1010313602368B8BF087053B90B489F
S21403A57000F09DFA0028E9D1BDE8104001460748DF
S21403A580FFF7D0BE0822DAE76362002050560020A9
S21403A5902DA503005E62002048560020B46A002002
S21403A5A0054B1B682BB9054B1868003818BF0120EC
S21403A5B070470120704700BF405600203C560020DD
S21403A5C010B962B6BFF36F8F7047EFF3108072B6A1
S21403A5D07047302383F31188704780F31188BFF3E5
S21403A5E06F8F7047EFF31180302383F31188704722
S21403A5F0002070474FF4004070474FF47A7070475E
S21403A6000122417803788A4030214B4341F21001FE
S21403A61003F1A04303F570335A507047B0F5802F0B
S21403A62024D010D8B0F5003F22D006D828B3B0F512
S21403A630803F14BF012048207047B0F5403F14BF49
S21403A64001202C207047B0F5302F13D008D8B0F572
S21403A650E02F11D0B0F5202F14BF01201020704733
S21403A660B0F57F0F14BF0120062070474B207047BC
S21403A6702A207047112070472120704708B570B113
S21403A68000F022F84FF098435A6CD202FCD5586D6E
S21403A69010F4702004D0BDE80840FFF7BFBF2120A8
S21403A6A008BD08B528B128220021E0F7C3FF002023
S21403A6B008BD2120FCE7036A042B9FBF00EB83023F
S21403A6C00133D16003627047036A052B14D84FF039
S21403A6D09842116CC902FCD504339B0013650168CC
S21403A6E0103B11604168116050F8081F11604FF06D
S21403A6F098420344984200D1704750F8041F1160F3
S21403A700F8E7836813B9816070475B685A68012A63
S21403A710FBD15960704709B100F008B82220704792
S21403A720012100F046B8002100F043B870B5064694
S21403A7300D46FFF757FF04461D2E37D8DFE806F011
S21403A7400F18361C1E203622243636362628362A7E
S21403A7502C2E303636363634363636363632FEF726
S21403A7607FF8002628602046FFF737FF304670BD87
S21403A7700120CFF74BFCF4E70320FAE70420F8E7C1
S21403A7800C20F6E70220F4E70620F2E70720F0E7BE
S21403A7900820EEE70520ECE70920EAE70A20E8E7C9
S21403A7A00D20E6E71020E4E70B20E2E70020212651
S21403A7B0D8E70020704708B5FEF7D6F880B208BD84
S21403A7C008B5FEF7D1F808BD704742DE704738B5C6
S21403A7D004460D4600F008F8FFF7FBFE2946204620
S21403A7E0BDE83840FFF7F1BF704710B962B6BFF354
S21403A7F06F8F7047012070472DE9FF410D461646BF
S21403A8001F460446A8B14FF00008C0F81C80FEF7A8
S21403A810A3FCBDF82C30424602939DF82830294607
S21403A820CDE9007320463346FEF75EFC04B0BDE870
S21403A830F0812220FAE7F0B51F46002387B00D46C5
S21403A840164604468DF81730A8B1C3610DF11701FB
S21403A850FEF7A4FC9DF817207AB9BDF834302946D4
S21403A86002939DF830302046CDE900733346FEF759
S21403A8703BFC07B0F0BD2220FBE70320F9E738B521
S21403A880FFF7B0FE054600F016F804462846FFF725
S21403A890A4FE204638BD4FF0B04301285B6904D0C0
S21403A8A0022805D1C3F3C000704703F001007047C8
S21403A8B00020704770474FF0B0439A6A1207FCD4E3
S21403A8C0186A7047704708B5FFF7FCFF00F01DF8DD
S21403A8D008BD10B5FFF779FE012104460846FEF7CA
S21403A8E0DFF82046BDE81040FFF76ABE10B5044601
S21403A8F000F012F82046FAF7F7FF2046F8F72CF98F
S21403A900BDE81040F9F7EFBC704708B5FFF7FCFF4A
S21403A91008BD0120704770470020704730B589B0E6
S21403A9200446ADF806108DF81020FFF797FD054690
S21403A9302046FFF7A3FD03469DB1BDF80600ABB95D
S21403A94000F0BAF8FF2808BF00200DF10F038DF8BA
S21403A9500F001A46204604990593FEF725FE09B014
S21403A96030BD0028F5D00DF10603F2E700F0A4F899
S21403A970FF2808BF0020BDF806308DF80F00ADF89D
S21403A9801A308DF8180006ABE3E7008870470170AD
S21403A990090A41707047012070470120704738B597
S21403A9A0DFF788FD0446D4F7B7FD051E18BF254616
S21403A9B0D4F784FE041E18BF2C46FFF7ECFF0028CE
S21403A9C018BF204638BD38B5FEF7BAF90446F7F780
S21403A9D0C3FA04281ED002284FF0000508BF01243E
S21403A9E0F8F762F9042817D0022808BF0124F7F7FE
S21403A9F0F2FE042812D0022808BF0124FFF7CDFF79
S21403AA0004280DD0022808BF0124002D18BF0024F7
S21403AA10204638BD0125E3E70125E8E70125EDE7F4
S21403AA200024F5E7FF20704708B5FFF7FBFF00207B
S21403AA3008BD08B520B1FFF777FB00F0010008BD9D
S21403AA400120FAE708B5FFF763FBBDE80840FFF708
S21403AA50F0BF008810B1C9B2FFF7B0BB70472DE94D
S21403AA60F041B0F8008006460C46D5B2B8F1000FA8
S21403AA7011D029464046FFF7A1FB22460746294642
S21403AA804046FFF7AFFB3A4629462046FFF7AAFBA8
S21403AA903480BDE8F0810F46F5E703461B88084679
S21403AAA08B4202D00021FFF789BB00207047006964
S21403AAB0003818BF0120704700207047F8B50646D7
S21403AAC00D46FFF7EBFC0328044621D02846FFF784
S21403AAD0E5FC032807461BD010F0020318D1A00795
S21403AAE00DD5F90716D401233C43E20704D4318974
S21403AAF02A89914218BF002303F00100F8BD0822FB
S21403AB0029463046E1F7E2F8B0FA80F35B09EBE753
S21403AB100020F3E71846F1E770B50D460021064618
S21403AB20FFF797FF044630B1FFF710FB01462846B0
S21403AB30FFF7C4FF08B1204670BD21463046FFF735
S21403AB40ACFFEFE707B50DF10701FFF7D3FC20B124
S21403AB509DF8070003B05DF804FBFF20FAE700202A
S21403AB607047FF207047FF207047FF207047002084
S21403AB707047002000217047002070472DE9F843F6
S21403AB8007460846154688461C469DF82090FFF75C
S21403AB90DDFA4619A4B19EB14046FFF7F3FA254401
S21403ABA085420FDC2246B9F1000F06D131463846FE
S21403ABB0E0F792FD0020BDE8F88339463046F7E714
S21403ABC02120F8E71D20F6E7000000000000000043
S21403ABD0000000000000000000000000000000006D
S21403ABE0F8B500BFF8BC08BC9E467047F8B500BF72
S21403ABF0F8BC08BC9E4670475FF800F095630020DB
S21403AC005FF800F03164002044657669636520745C
S21403AC10797065206368616E676520646574656333
S21403AC207465643A202564202D3E2025640D0A00B1
S21403AC3050726573732064657465637465640D0A86
S21403AC40004D756C74692070726573732064657447
S21403AC5065637465643A2025640D0A0052656C6565
S21403AC606173652064657465637465640D0A004CDE
S21403AC706F6E6720707265737320646574656374A2
S21403AC8065640D0A0072656C61795F737461727432
S21403AC905F6C61746368696E675F70756C73653A41
S21403ACA020616E6F746865722070756C73652069B9
S21403ACB073206163746976650D0A0072656C617949
S21403ACC05F6F6E0D0A0072656C61795F6F66660D65
S21403ACD00A0072656C61795F746F67676C650D0A4D
S21403ACE00057726974696E6720636F6E66696720C2
S21403ACF0746F206E763A2025730D0A0053697A65C1
S21403AD003A2025640D0A004661696C656420746FF9
S21403AD10207772697465204445564943455F434F1F
S21403AD204E4649475F4441544120746F204E562C8B
S21403AD30207374617475733A2025642E2028627913
S21403AD407465733A202564290D0A00737563636579
S21403AD507373210D0A004661696C656420746F2065
S21403AD6072656164204E565F4954454D5F444556AF
S21403AD704943455F434F4E4649472C207573696EDA
S21403AD80672064656661756C7420636F6E666967B9
S21403AD9020696E73746561642C20737461747573B3
S21403ADA03A2025642E202862797465733A20256438
S21403ADB0290D0A005573696E6720636F6E666967AF
S21403ADC03A2025642063686172732066726F6D0D86
S21403ADD00A25730D0A0061787064787167753B54B1
S21403ADE053303034312D4D413B534134753B494349
S21403ADF031693B425441303B4D3B004E6574776F9F
S21403AE00726B20737461747573206368616E676513
S21403AE106420746F2025640D0A004D616E756661AB
S21403AE2063747572657220746F6F206269670D0AAA
S21403AE30004D6F64656C20746F6F206269670D0A3E
S21403AE4000496E697469616C697A696E67205A692C
S21403AE50676265652077697468202564207377695F
S21403AE6074636865732C2025642072656C6179733E
S21403AE702C20256420636F7665722073776974636C
S21403AE806865732C20256420636F766572730D0ADC
S21403AE9000436F6E66696720706172736564207322
S21403AEA075636365737366756C6C790D0A007265FA
S21403AEB061642076657273696F6E20666F726D20AB
S21403AEC06E6577206C6F636174696F6E0D0A00465A
S21403AED061696C656420746F207772697465206C91
S21403AEE06173745365656E56657273696F6E20740D
S21403AEF06F204E562C2073743A2025640D0A004F9B
S21403AF006C642076657273696F6E3A2025640D0A49
S21403AF100043757272656E742076657273696F6E20
S21403AF203A2025640D0A00524553455420414C4CA3
S21403AF30210D0A0068616C5F6770696F5F63616CFF
S21403AF406C6261636B3A2065787469206C696E6520
S21403AF5020256C642073746174757320256C750DDD
S21403AF600A0068616C5F6770696F5F63616C6C622F
S21403AF7061636B3A206E6F20667265652045585490
S21403AF8049206C696E65730D0A002F686F6D652F17
S21403AF9072756E6E65722F776F726B2F747579612B
S21403AFA02D7A69676265652D7377697463682F7494
S21403AFB07579612D7A69676265652D737769746340
S21403AFC0682F73696C6162735F746F6F6C732F7332
S21403AFD0696D706C69636974795F73646B2F2E2E69
S21403AFE02F2E2E2F7372632F73696C6162732F6813
S21403AFF0616C2F7A69676265652E630044726F70B1
S21403B00070696E67206F6C64204F544120696D61D0
S21403B01067652C2063757272656E74206F6666733F
S21403B02065743A20256C750A00556E6B6E6F776EE5
S21403B03020636F76657220636F6D6D616E643A2070
S21403B04025640D0A00556E6B6E6F776E20636D6414
S21403B0502025640D0A00427574746F6E2070726545
S21403B06073732064657465637465642C20627574F9
S21403B070206E6F20627574746F6E20697320707211
S21403B08065737365640D0A00427574746F6E206C85
S21403B0906F6E67207072657373206465746563747E
S21403B0A065642C20627574206E6F20627574746FED
S21403B0B06E206973206C6F6E67207072657373659C
S21403B0C0640D0A004E6F20636F766572207377698E
S21403B0D074636820636F6E66696720696E204E56D8
S21403B0E02C207573696E672064656661756C74736E
S21403B0F00D0A004174747269627574652063686131
S21403B1006E6765642C2065703A2025642C20636C7A
S21403B11075737465723A2025642C20617474723AD0
S21403B1202025640D0A00506F6C6C20636F6E74727A
S21403B1306F6C3A2073656E64696E67206368656337
S21403B1406B2D696E0D0A005A434C20616374697651
S21403B1506974792C20656E746572696E6720666102
S21403B160737420706F6C6C0D0A00506F6C6C2063E8
S21403B1706F6E74726F6C3A20636865636B2D696ECD
S21403B18020726573706F6E73652C20666173743DF1
S21403B19025642C2074696D656F75743D25640D0AEE
S21403B1A000506F6C6C20636F6E74726F6C3A20661F
S21403B1B061737420706F6C6C2073746F700D0A006B
S21403B1C0506F6C6C20636F6E74726F6C3A2073658D
S21403B1D074206C6F6E6720706F6C6C20696E74657C
S21403B1E07276616C3D256C750D0A00506F6C6C2091
S21403B1F0636F6E74726F6C3A207365742073686F36
S21403B200727420706F6C6C20696E74657276616CF4
S21403B2103D25640D0A00506F6C6C20636F6E74726C
S21403B2206F6C3A20636865636B2D696E20696E7474
S21403B230657276616C207772697474656E3D256CF1
S21403B240750D0A00506F6C6C20636F6E74726F6CB2
S21403B2503A20696E76616C696420636865636B2D5A
S21403B260696E20696E74657276616C2C20726576E1
S21403B270657274696E670D0A00506F6C6C20636F9D
S21403B2806E74726F6C3A206661737420706F6C6CA8
S21403B2902074696D656F7574207772697474656E52
S21403B2A03D25640D0A00506F6C6C20636F6E7472DC
S21403B2B06F6C3A206661737420706F6C6C207469CF
S21403B2C06D656F75742C20737769746368696E6730
S21403B2D020746F206C6F6E6720706F6C6C0D0A00A5
S21403B2E0556E6B6E6F776E204C6576656C43747225
S21403B2F06C20636F6D6D616E643A2025640D0A00E1
S21403B300556E6B6E6F776E204F6E4F666620636F5B
S21403B3106D6D616E643A2025640D0A00496E64659E
S21403B3207820617420777269746520617474723A48
S21403B3302025640D0A004C6F616465642073776989
S21403B34074636820636F6E666967207665727369D7
S21403B3506F6E2025640D0A004E6F20737769746341
S21403B3606820636F6E66696720696E204E562C20D0
S21403B3707573696E672064656661756C74730D0A10
S21403B380004D6967726174696E67206C65676163F7
S21403B390792073776974636820636F6E66696720C4
S21403B3A0746F2076657273696F6E2025640D0A00CC
S21403B3B0496E76616C69642072656C61795F696E4B
S21403B3C064657820256420696E204E562C207265AD
S21403B3D073657474696E6720746F2064656661753F
S21403B3E06C740D0A003E2000556E6B6E6F776E20F0
S21403B3F06572726F7200496E707574206275666648
S21403B40065722069732046554C4C004D6178696D12
S21403B410756D206E756D626572206F66206172674A
S21403B420756D656E74732065786365656465640021
S21403B43054686520617267756D656E742069732044
S21403B4406E6F7420666F726D617474656420636FCB
S21403B45072726563746C7900496E636F72726563AA
S21403B4607420617267756D656E74207479706500FB
S21403B470496E636F7272656374206E756D62657272
S21403B480206F6620617267756D656E7473004E6F0C
S21403B49020636F6D6D616E6420666F756E640075F4
S21403B4A0696E7438006164646974696F6E616C00F8
S21403B4B02A00756E6B6E6F776E0077696C646361D6
S21403B4C07264006865786F707400737472696E676F
S21403B4D06F70740075696E7433326F7074007569BB
S21403B4E06E7431366F70740075696E74386F70746D
S21403B4F00068657800737472696E670075696E74A8
S21403B50031360075696E743332002E2E2E20006895
S21403B510656C70000A25730A25732573002573204E
S21403B52008002F686F6D652F72756E6E65722F77C4
S21403B5306F726B2F747579612D7A69676265652DF5
S21403B5407377697463682F747579612D7A69676296
S21403B55065652D7377697463682F73696C616273AD
S21403B5605F746F6F6C732F73696D706C6963697446
S21403B570795F73646B2F706C6174666F726D2F7373
S21403B5806572766963652F6C65676163795F686169
S21403B5906C2F7372632F626173652D7265706C61B5
S21403B5A063656D656E742E63002F686F6D652F720D
S21403B5B0756E6E65722F776F726B2F747579612D4A
S21403B5C07A69676265652D7377697463682F747526
S21403B5D079612D7A69676265652D73776974636827
S21403B5E02F73696C6162735F746F6F6C732F73690B
S21403B5F06D706C69636974795F73646B2F706C61CB
S21403B60074666F726D2F736572766963652F746FD8
S21403B6106B656E5F6D616E616765722F6C656761E2
S21403B62063792F7372632F736C5F746F6B656E5FD2
S21403B6306D616E616765722E63002F686F6D652F8F
S21403B64072756E6E65722F776F726B2F7475796174
S21403B6502D7A69676265652D7377697463682F74DD
S21403B6607579612D7A69676265652D737769746389
S21403B670682F73696C6162735F746F6F6C732F737B
S21403B680696D706C69636974795F73646B2F706C32
S21403B6906174666F726D2F736572766963652F7456
S21403B6A06F6B656E5F6D616E616765722F6C656744
S21403B6B06163792F7372632F736C5F746F6B656E40
S21403B6C05F6D616E75666163747572696E672E630E
S21403B6D00043757272656E7420436F6E6669673ACF
S21403B6E0202530780053657420434341206D6F64F2
S21403B6F06520746F2025643A2025307800656E61D6
S21403B700626C65640064697361626C6564006F757E
S21403B7107428636C69656E742900696E20287365E6
S21403B7207276657229004D464720537472696E67B8
S21403B7303A202573004170704275696C6465722007
S21403B7404D464720436F64653A2030782530345899
S21403B750006E6F6465205B004164646974696F6E94
S21403B760616C20696E746572666163657300202080
S21403B77025643A200070616765205B25645D20635D
S21403B78068616E205B25645D20707772205B25649C
S21403B7905D006E6F7420616374697665006572720E
S21403B7A06F72203078253038580070616E49442017
S21403B7B05B3078253034585D206E6F6465494420CD
S21403B7C05B3078253034585D20007870616E205BDE
S21403B7D0307800706172656E744944205B3078255A
S21403B7E03034585D20706172656E745273736920CD
S21403B7F05B25645D006E6F646554797065205B003D
S21403B8005365637572697479206C6576656C205B25
S21403B810253032585D006E6574776F726B207374D3
S21403B820617465205B253032585D2000427566667C
S21403B83065722062797465733A202564202F20256B
S21403B8406400457020636E743A202564006570209A
S21403B8502564205B656E64706F696E742025732C97
S21403B860206465766963652025735D20006E776BBB
S21403B870205B25645D2070726F66696C65205B30A3
S21403B88078253034585D206465764964205B3078CB
S21403B890253034585D20766572205B30782530324B
S21403B8A0585D0020202020257320636C7573746513
S21403B8B0723A2030782530345820004E776B206358
S21403B8C06E743A202564006E776B202564205B2512
S21403B8D0735D005072696D617279202870726F29EA
S21403B8E00020206E6F646554797065205B30782580
S21403B8F03032585D00202073656375726974795021
S21403B900726F66696C65205B3078253032585D004F
S21403B91045502025643A20257320004572726F72C5
S21403B9203A2020556E6B6E6F776E20656E64706F6F
S21403B930696E742E00456E61626C65206576656E71
S21403B9407420646562756720696E666F20696E2071
S21403B950436F726520434C4920636F6D706F6E654D
S21403B9606E74006F6E6C7920636F6F7264696E61BC
S21403B970746F72732063616E20666F726D0A006A5D
S21403B9806F696E203078253038580A006C6561760A
S21403B99065002573203078253032580A0072656AB0
S21403B9A06F696E0072656A6F696E446966664465A0
S21403B9B07669636554797065006578742E20504106
S21403B9C04E2049443A20004E574B206F70656E3A1E
S21403B9D020257520736563004E574B20636C6F7389
S21403B9E065640066696E64206A6F696E61626C6581
S21403B9F03A203078253032580066696E6420756EBA
S21403BA00757365643A203078253032580043686190
S21403BA106E67696E6720746F206368616E6E656C0F
S21403BA202025643A2030782530325800696E7661D6
S21403BA306C6964206E6574776F726B20696E6465DB
S21403BA40780053686F72742049443A203078253062
S21403BA5034582C2045554936343A20002C20506162
S21403BA606E2049443A2030782530345800537461A8
S21403BA7072746564206D756C74692D7068792069BD
S21403BA806E74657266616365004661696C65642001
S21403BA90746F2025732025732030782530325800A4
S21403BAA05465726D696E6174656420257320307801
S21403BAB025303258004B65657020616C69766520C9
S21403BAC0737570706F727420656E61626C65642E38
S21403BAD0006661696C656420746F20736574206BFF
S21403BAE065657020616C697665206D6F64652E00F0
S21403BAF07375636365737366756C6C7920736574AD
S21403BB0020746865206368696C642074696D656F6A
S21403BB107574206F7074696F6E206D61736B2E0081
S21403BB206661696C656420746F207365742074683D
S21403BB3065206368696C642074696D656F7574202D
S21403BB406F7074696F6E206D61736B2E006469731A
S21403BB50636F766572004D61746368202573792080
S21403BB6066726F6D203078253034582C206570202F
S21403BB702564004E574B20416464726573732072CC
S21403BB806573706F6E73653A2030782530345800CD
S21403BB904945454520416464726573732072657335
S21403BBA0706F6E73653A200053657276696365201D
S21403BBB025737920646F6E652E00232020747970B8
S21403BBC0652020206E776B20206C6F632020207208
S21403BBD0656D202020636C75732020206E6F64656E
S21403BBE02020206575690020202564202020203031
S21403BBF078253034582020307825303458202030AB
S21403BC007825303458203078253034582000736C2B
S21403BC105F7A69676265655F6765745F62696E64AC
S21403BC20696E67204572726F723A20307825303815
S21403BC30580A002564206F662025642062696E64B6
S21403BC40696E6773207573656400656E61626C6503
S21403BC5064207072696E740064697361626C6564F3
S21403BC60207072696E7400616464206C696E6B2068
S21403BC706B6579004552523A2043616C63756C617B
S21403BC807465642043524320646F6573206E6F743B
S21403BC90206D61746368004552523A20496E73748E
S21403BCA0616C6C20436F6465206D757374206265E8
S21403BCB020382C2031302C2031342C206F72203148
S21403BCC03820627974657320696E206C656E6774BC
S21403BCD068004552523A204145532D4D4D4F20683A
S21403BCE0617368206661696C65643A203078253034
S21403BCF0325800536574206A6F696E696E67206CEC
S21403BD00696E6B206B6579007365742062696E6477
S21403BD102025643A2030782530327800454D50543B
S21403BD205900554E494341004D324F4E45004D553F
S21403BD304C5449003F2020202000496E646578203B
S21403BD40494545452041646472657373202020206D
S21403BD5020202020204E574B496E646578202049CA
S21403BD606E204643202020202054544C287329203C
S21403BD70466C6167202020204B6579202020200018
S21403BD802564202020202000202025642020202039
S21403BD90202020002020253038582020002030780E
S21403BDA025303458202000496E646578204945457F
S21403BDB04520416464726573732020202020202070
S21403BDC02020496E20464320202020205479706589
S21403BDD020204175746820204B6579002D20202093
S21403BDE020200025632020202020256320202020DB
S21403BDF02000696573005741524E494E473A20204A
S21403BE0052454144494E47204F46204B45592056FC
S21403BE10414C5545532044495341424C45442042E6
S21403BE2059204D464720544F4B454E004E574B2006
S21403BE304B6579002573206F75742046433A202599
S21403BE4030385800257320736571206E756D3A205F
S21403BE50307825303258002573206F75742046439A
S21403BE603A20253038780054432025732000257364
S21403BE70205461626C650025642F256420656E740A
S21403BE807269657320757365642E005472616E73F0
S21403BE9069656E74204B657900256420656E74723F
S21403BEA0257320636F6E73756D696E672025642036
S21403BEB07061636B65742062756666657225732EA2
S21403BEC00057494C4C0057494C4C204E4F54005495
S21403BED0727573742043656E7465722025732061D2
S21403BEE06C6C6F772074727573742063656E7465FB
S21403BEF0722072656A6F696E73207573696E672048
S21403BF0077656C6C2D6B6E6F776E206B65792E0084
S21403BF105365742074696D656F757420666F72203F
S21403BF2054727573742043656E7465722072656A05
S21403BF306F696E73207573696E672077656C6C2DF9
S21403BF406B6E6F776E206C696E6B206B65792074F1
S21403BF506F202564207365636F6E64732E004552ED
S21403BF60524F523A20002573737461636B206D75CC
S21403BF70737420626520646F776E2E005265616469
S21403BF80696E6720416C6C6F7765640048617368FF
S21403BF90696E67206F6E6C7900736C5F7A6967628F
S21403BFA065655F6B65795F73657474696E67735FE8
S21403BFB0743A203078253034580020205065726D4E
S21403BFC0697373696F6E733A202573004572726FD7
S21403BFD0723A204661696C656420746F20676574E5
S21403BFE020636F6E6669672C207374617475733A89
S21403BFF020307825303858004661696C65643A20ED
S21403C000307825303858004D73673A20636C757363
S21403C010203078253034582C20636D642030782502
S21403C0203032582C206C656E202564006275666677
S21403C03065723A2000454D4245525F0025735345CD
S21403C0404355524954595F4C4556454C3A20253082
S21403C05032580025736572617365206B65792025F8
S21403C060643A2030782530385800636D64206E6F4C
S21403C07074206275696C7400737263206570202582
S21403C0803032782C20636C75732025303478007337
S21403C090656E64696E6720746F206D756C74696372
S21403C0A06173742062696E640025733A2065703A82
S21403C0B02025642C20636C3A203078253034582CA5
S21403C0C020617474723A20307825303458002C205E
S21403C0D07376723A2025630025733A20726561648D
S21403C0E03A20307825303278002C207376723A2046
S21403C0F025632C2064747970653A203078253032B5
S21403C1005800417267756D656E7420617420696EA0
S21403C1106465783A202564206973206F7574206FF0
S21403C120662072616E676500436F6D6D616E642095
S21403C130616C7265616479206275696C742E202067
S21403C14043616E6E6F7420736574204D464720738B
S21403C1507065636966696320636F646520666F72E2
S21403C16020636F6D6D616E642E004D464720436FEE
S21403C17064652053657420666F72206E657874203C
S21403C180636F6D6D616E643A2030782530345800E5
S21403C190557365204E6578742053657175656E63B7
S21403C1A0652053657420666F72206E65787420630D
S21403C1B06F6D6D616E643A203078253032580044D6
S21403C1C0697361626C652044656661756C742052A0
S21403C1D06573706F6E73652053657420666F722087
S21403C1E06E65787420636F6D6D616E643A20307887
S21403C1F025303258004552523A2072656164696EA2
S21403C20067206174747269627574652025303278AC
S21403C210004552523A2061747472696275746520DF
S21403C22073697A6520256420746F6F206C6172676A
S21403C2306520666F72206275666665720045727267
S21403C2406F723A206174747269627574652049442A
S21403C25020307825303458207265706F72746162AE
S21403C2606C65206368616E67652069732073697AFD
S21403C27065202564422C206275742025644220655F
S21403C2806E74657265640A006E6F20636D640045A4
S21403C29072726F723A20434C492053656E6420666F
S21403C2A061696C65642C207374617475733A20300D
S21403C2B07825303858004572726F723A20204555FB
S21403C2C049363420617267756D656E742069732014
S21403C2D0656D70747920616E64206C6F6F6B75701A
S21403C2E0206279206E6F6465204944206661696C1C
S21403C2F065642E0047726F757000556E69636173CF
S21403C3007400556E62696E64202573202573307839
S21403C3102530325800526571756573743A20005A99
S21403C320444F2073696D706C652064657363207277
S21403C33065712025303278005A444F206E6F64654D
S21403C3402064657363207265712025303278005A45
S21403C350444F206D6174636820646573632072655F
S21403C360712025303258005573696E67206D792029
S21403C3706C6F63616C20455549363420666F7220B6
S21403C3806465737420455549363420696E206269A6
S21403C3906E64696E67005A444F2062696E64207249
S21403C3A06571202530327800636C7573746572206E
S21403C3B06C696D6974207265616368656400696E93
S21403C3C076616C696420706167653A202564206F26
S21403C3D072206368616E6E656C3A2025640043685C
S21403C3E0616E6765206368616E6E656C2073746149
S21403C3F07475733A2030782530327800647572612C
S21403C40074696F6E206D75737420626520696E2083
S21403C41072616E67652030202D203500636F756E60
S21403C42074206D75737420626520696E2072616E68
S21403C43067652031202D2038007363616E20737486
S21403C4406174757320307825303258006E657477C2
S21403C4506F726B20757064617465207365742073E6
S21403C46074617475732030782530325800416374D4
S21403C47069766520455020726571756573742073FF
S21403C48074617475733A20307825303258004C51F5
S21403C49049205461626C6520726571756573743AE0
S21403C4A0203078253032580042696E64696E672002
S21403C4B05461626C6520726571756573743A2030D9
S21403C4C07825303258004C656176652025733078C0
S21403C4D02530325800506F77657220446573637257
S21403C4E06970746F72202573307825303258005582
S21403C4F073696E67206D79206C6F63616C20455598
S21403C50049363420666F7220646573742045554936
S21403C510363420696E20756E62696E64696E6700D4
S21403C520526F757465205461626C6520257330788C
S21403C53025303258002F686F6D652F72756E6E65E5
S21403C540722F776F726B2F747579612D7A696762B4
S21403C55065652D7377697463682F747579612D7AB1
S21403C56069676265652D7377697463682F73696C91
S21403C5706162735F746F6F6C732F73696D706C6930
S21403C580636974795F73646B2F70726F746F636F14
S21403C5906C2F7A69676265652F6170702F667261AA
S21403C5A06D65776F726B2F636F6D6D6F6E2F736C28
S21403C5B05F7A69676265655F73797374656D5F63D8
S21403C5C06F6D6D6F6E2E6300457874656E6465647B
S21403C5D020526573657420696E666F3A203078253D
S21403C5E03034582028257329002F686F6D652F7205
S21403C5F0756E6E65722F776F726B2F747579612DFA
S21403C6007A69676265652D7377697463682F7475D5
S21403C61079612D7A69676265652D737769746368D6
S21403C6202F73696C6162735F746F6F6C732F7369BA
S21403C6306D706C69636974795F73646B2F70726F66
S21403C640746F636F6C2F7A69676265652F617070AC
S21403C6502F6672616D65776F726B2F636F6D6D6F8B
S21403C6606E2F7A69676265655F6170705F66726177
S21403C6706D65776F726B5F736C6565702E630053C1
S21403C680746179206177616B65207768656E206ECB
S21403C6906F74206A6F696E65643A20257300466F6F
S21403C6A0726365642073746179206177616B653AA0
S21403C6B020202020202020202020257300466F7273
S21403C6C063696E672064657669636520746F20739B
S21403C6D0746179206177616B6500416C6C6F776973
S21403C6E06E672064657669636520746F20676F20C4
S21403C6F0746F20736C656570002F686F6D652F729D
S21403C700756E6E65722F776F726B2F747579612DE8
S21403C7107A69676265652D7377697463682F7475C4
S21403C72079612D7A69676265652D737769746368C5
S21403C7302F73696C6162735F746F6F6C732F7369A9
S21403C7406D706C69636974795F73646B2F70726F55
S21403C750746F636F6C2F7A69676265652F6170709B
S21403C7602F6672616D65776F726B2F636F6D6D6F7A
S21403C7706E2F7A69676265655F737461636B5F7357
S21403C7806C6565702E630052583A20526573657463
S21403C790546F466163746F727944656661756C7431
S21403C7A07343616C6C6261636B00657A73702063BC
S21403C7B06F756E74657273206661696C6564202597
S21403C7C07500657A737020526573657420546872B9
S21403C7D06573686F6C64206572726F7220257500CE
S21403C7E0657A737020536574205468726573686F36
S21403C7F06C64206572726F7220257500257529207A
S21403C80025733A2025750053657474696E67205442
S21403C81068726573686F6C6420636F6D6D616E64B8
S21403C820003F3F3F004D61632052782042636173AF
S21403C83074004D6163205478204263617374004D25
S21403C8406163205278205563617374004D616320E1
S21403C8505478205563617374004D616320547820C7
S21403C8605563617374205265747279004D61632059
S21403C8705478205563617374204661696C00415097
S21403C88053205278204263617374004150532054FE
S21403C89078204263617374004150532052782055C8
S21403C8A06361737400415053205478205563617359
S21403C8B07420537563636573730041505320547833
S21403C8C02055636173742052657472790041505326
S21403C8D0205478205563617374204661696C005256
S21403C8E06F757465204469736320496E6974696162
S21403C8F0746564004E65696768626F72204164649C
S21403C9006564004E65696768626F722052656D6F75
S21403C910766564004E65696768626F72205374615A
S21403C9206C65004A6F696E20496E64696361746959
S21403C9306F6E004368696C64204D6F7665640041D2
S21403C9405348204F766572666C6F770041534820D4
S21403C9504672616D65204572726F720041534820BE
S21403C9604F76657272756E204572726F72004E57FF
S21403C9704B204643204661696C75726500415053EF
S21403C980204643204661696C757265004153482012
S21403C990584F66660041505320556E617574686F34
S21403C9A072697A6564204B6579004E574B2044655F
S21403C9B06372797074204661696C757265730041A1
S21403C9C050532044656372797074204661696C75B0
S21403C9D0726573005061636B6574204275666665A5
S21403C9E07220416C6C6F63617465204661696C7577
S21403C9F07265730052656C61796564205563617373
S21403CA00740050687920746F204D4143207175651A
S21403CA107565206C696D6974207265616368656409
S21403CA20005061636B65742056616C69646174655C
S21403CA302064726F7020636F756E74004E574B20C0
S21403CA407265747279206F766572666C6F770043D1
S21403CA504341204661696C757265730042726F616B
S21403CA606463617374207461626C652066756C6CB4
S21403CA7000505441204C6F2050726920526571005B
S21403CA805054412048692050726920526571005005
S21403CA905441204C6F205072692044656E6965646A
S21403CAA000505441204869205072692044656E69DD
S21403CAB0656400505441204C6F20507269205478AE
S21403CAC020416272740050544120486920507269B4
S21403CAD020547820416272740041646472657373F3
S21403CAE020436F6E666C6963742053656E740043EF
S21403CAF0534C205278207363686564756C652066B2
S21403CB0061696C6564000D00446562756720707228
S21403CB10696E742067726F75702025730A005772EA
S21403CB206F6E6720706172616D657465720A00537B
S21403CB3063686564756C65206D6F7665206E776BCC
S21403CB400025732025643A202564004D6178206D06
S21403CB506F7665206C696D697420726561636865BC
S21403CB6064206E776B2025643A20256400456E6446
S21403CB702044657669636520506F6C6C20496E6649
S21403CB806F726D6174696F6E00454D4245525F4525
S21403CB904E445F4445564943455F54494D454F55BA
S21403CBA0543A20202020202020256400506F6C6CEF
S21403CBB020636F6D706C657465642063616C6C6272
S21403CBC061636B3A20257300202043757272656E8D
S21403CBD07420506F6C6C20496E74657276616C209D
S21403CBE0287173293A202020256C640020204C6F7E
S21403CBF06E6720506F6C6C20496E74657276616C3C
S21403CC0020287173293A202020202020256C6400D8
S21403CC10202053686F727420506F6C6C20496E74BA
S21403CC20657276616C20287173293A2020202020B3
S21403CC30256C6400202057616B652054696D656F11
S21403CC40757420287173293A202020202020202064
S21403CC5020202020256C6400202057616B6520541B
S21403CC60696D656F7574204269746D61736B3A20E4
S21403CC7020202020202020203078253038580020FF
S21403CC802043757272656E74204170702054617310
S21403CC906B733A20202020202020202020202030C4
S21403CCA0782530385800202043757272656E7420DC
S21403CCB0506F6C6C20436F6E74726F6C2020202054
S21403CCC020202020202025730020204465666175DF
S21403CCD06C7420506F6C6C20436F6E74726F6C2094
S21403CCE0202020202020202020257300466F7263FA
S21403CCF0696E672064657669636520746F20736860
S21403CD006F727420706F6C6C00416C6C6F77696E19
S21403CD10672064657669636520746F206C6F6E6741
S21403CD2020706F6C6C00534C5F5A49474245455F11
S21403CD3041465F4C4F4E475F504F4C4C00534C5F41
S21403CD405A49474245455F41465F53484F52545FF1
S21403CD50504F4C4C00706F6C6C206E776B202564C4
S21403CD603A203078253032580046696E6420616E6A
S21403CD70642042696E6420496E69746961746F72D7
S21403CD803A20436F6D706C6574653A2030782530B1
S21403CD90325800537461727420746172676574004C
S21403CDA046696E6420616E642042696E6420546135
S21403CDB0726765740025733A2025733A2030782508
S21403CDC030325800467261676D656E746174696FC0
S21403CDD06E2052582077696E646F772073697A6580
S21403CDE02073657420746F202564002F686F6D654B
S21403CDF02F72756E6E65722F776F726B2F747579DF
S21403CE00612D7A69676265652D7377697463682F28
S21403CE10747579612D7A69676265652D73776974B0
S21403CE2063682F73696C6162735F746F6F6C732FC3
S21403CE3073696D706C69636974795F73646B2F7063
S21403CE40726F746F636F6C2F7A69676265652F61A3
S21403CE5070702F6672616D65776F726B2F706C756D
S21403CE6067696E2F667261676D656E746174696F4C
S21403CE706E2F667261676D656E746174696F6E2E70
S21403CE80630052583A2041646447726F7570526566
S21403CE9073706F6E7365203078253032582C2030CF
S21403CEA078253034580052583A20566965774772C9
S21403CEB06F7570526573706F6E73652030782530AA
S21403CEC032582C203078253034582C2022005258E3
S21403CED03A2047657447726F75704D656D6265726B
S21403CEE073686970526573706F6E7365203078254A
S21403CEF03032582C203078253032582C00205B30C6
S21403CF0078253034585D0052583A2052656D6F7656
S21403CF106547726F7570526573706F6E73652030F8
S21403CF2078253032582C20307825303458006570F8
S21403CF305B253032585D2069645B253034585D00CC
S21403CF40436C656172696E6720616C6C2067726FF3
S21403CF507570732E004552523A204661696C6564BB
S21403CF6020746F206372656174652062696E6469FC
S21403CF706E67202830782530325829004552523AB9
S21403CF802042696E64696E67207461626C6520690D
S21403CF90732066756C6C004552523A20777269743A
S21403CFA0696E67206E616D6520737570706F72743D
S21403CFB020253032580052583A2041646447726F35
S21403CFC07570203078253034582C20220075760072
S21403CFD052583A205669657747726F7570203078D5
S21403CFE0253034580075767300766965775F677207
S21403CFF06F75700047726F7570733A206661696C5F
S21403D000656420746F2073656E64202573207265D3
S21403D01073706F6E73653A20307825303258006728
S21403D02065745F67726F75705F6D656D6265727349
S21403D03068697020726573706F6E736500646566E9
S21403D04061756C745F726573706F6E7365005258AA
S21403D0503A2047657447726F75704D656D626572E9
S21403D06073686970203078253032582C00757562E5
S21403D0700047726F7570733A206661696C65642049
S21403D080746F2073656E642025733A2030782530DC
S21403D09032580052583A2052656D6F766547726F64
S21403D0A0757020307825303458004552523A204661
S21403D0B061696C656420746F2064656C65746520B3
S21403D0C062696E64696E6720283078253032582985
S21403D0D00072656D6F76655F67726F757000525884
S21403D0E03A2052656D6F7665416C6C47726F75704A
S21403D0F0730052583A2041646447726F75704966EC
S21403D1004964656E74696679696E67203078253080
S21403D11034582C202200616464004368616E6E6597
S21403D1206C206E6F742076616C69643A2025640007
S21403D1305072696D617279002573206D61736B207F
S21403D1406E6F7720307825303858005365636F6EDE
S21403D15064617279004D61736B206E6F7420766123
S21403D1606C69643A202564007072696D6172790097
S21403D1707365636F6E646172790025733A20536535
S21403D18074202573206D61736B20746F20307825AF
S21403D190303858005374617475730025733A20252C
S21403D1A0733A004368616E6E656C206D61736B3A0B
S21403D1B00020202020283129203078253038582098
S21403D1C05B0020202020283229203078253038584C
S21403D1D0205B0053746174653A20307825303258EA
S21403D1E020282573290043757272656E7420636860
S21403D1F0616E6E656C3A20256400546F74616C2012
S21403D200626561636F6E733A202564004A6F696EC8
S21403D21020617474656D7074733A202564004E65DE
S21403D22074776F726B2073746174653A2030782557
S21403D2303032580053746F700025732053746F7028
S21403D2402E2020436C65616E696E672075702E0014
S21403D25042726F616463617374696E67207065728E
S21403D2606D6974206A6F696E0054727573742063F7
S21403D270656E746572206C696E6B206B65792075BC
S21403D2807064617465207374617475730025733AF2
S21403D290205741524E494E473A20736C5F7A69676E
S21403D2A06265655F7365745F696E697469616C5FF7
S21403D2B073656375726974795F73746174652066E8
S21403D2C061696C65642E20436F6E74696E75696E52
S21403D2D06720776974686F757420696E7374616C00
S21403D2E06C20636F64652E004572726F723A206914
S21403D2F06E7374616C6C20636F64652073657475FC
S21403D30070206661696C65642E20497320616E2007
S21403D310696E7374616C6C20636F646520666C6100
S21403D32073686564206F6E746F2074686520646527
S21403D330766963653F00D0D1D2D3D4D5D6D7D8D9B2
S21403D340DADBDCDDDEDF00FFFFFFFFFFFFFFFF00B2
S21403D3505A6967426565416C6C69616E636530390D
S21403D3600025733A2069737375696E67207363616A
S21403D3706E206F6E202573206368616E6E656C7316
S21403D38020286D61736B20307825303858290025A6
S21403D3907320697320616C726561647920696E20FD
S21403D3A070726F67726573730053746172740045AD
S21403D3B078616D696E696E6720626561636F6E2062
S21403D3C06F6E206368616E6E656C202564207769D6
S21403D3D074682070616E49642030782530345800B4
S21403D3E05468697320626561636F6E206973206E8B
S21403D3F06F742070617274206F6620746865206392
S21403D400757272656E74206368616E6E656C206DEE
S21403D41061736B2028307825303858292E204765CD
S21403D4207474696E67206E65787420626561636FD5
S21403D4306E2077686F7365206368616E6E656C2017
S21403D4406269746D61736B206973207365742E0053
S21403D4504572726F723A20257320636F756C642071
S21403D4606E6F7420617474656D7074206A6F696E74
S21403D4703A20307825303258004E6F20626561635B
S21403D4806F6E73206C656674206F6E2063757272A0
S21403D490656E74206D61736B2E204D6F76696E67B3
S21403D4A020746F206E65787420737461746500252C
S21403D4B073206A6F696E696E67203078253034583A
S21403D4C0206F6E206368616E6E656C202564002590
S21403D4D0732053746174653A202573004572726F26
S21403D4E0723A20257320636F756C64206E6F742008
S21403D4F073657475702073656375726974793A2001
S21403D500307825303258004572726F723A20536372
S21403D510616E20636F6D706C6574652068616E6400
S21403D5206C65722072657475726E6564203078253A
S21403D530303258002573207363616E20636F6D70FD
S21403D5406C6574652E20426561636F6E7320686533
S21403D5506172643A20256400257320737461636BDB
S21403D5602073746174757320307825303258002523
S21403D57073206E6574776F726B206A6F696E65646D
S21403D5802E00257320747279696E67206E65787431
S21403D590206E6574776F726B2E004E6F6E65005348
S21403D5A063616E205072696D617279204368616EA3
S21403D5B06E656C7320616E642075736520436F6EB1
S21403D5C066696775726564204B6579005363616E9F
S21403D5D0205072696D617279204368616E6E656C66
S21403D5E07320616E642075736520496E7374616C75
S21403D5F06C20436F6465005363616E205072696DDF
S21403D600617279204368616E6E656C7320616E6427
S21403D610205573652043656E7472616C697A656420
S21403D620204B6579005363616E205072696D617299
S21403D63079204368616E6E656C7320616E64205555
S21403D6407365204469737472696275746564204BEC
S21403D6506579005363616E205365636F6E64617210
S21403D66079204368616E6E656C7320616E64207505
S21403D670736520436F6E66696775726564204B65D4
S21403D68079005363616E205365636F6E64617279CC
S21403D690204368616E6E656C7320616E64207573DB
S21403D6A06520496E7374616C6C20436F6465005328
S21403D6B063616E205365636F6E646172792043689D
S21403D6C0616E6E656C7320616E64205573652043CE
S21403D6D0656E7472616C697A6564204B6579005374
S21403D6E063616E205365636F6E646172792043686D
S21403D6F0616E6E656C7320616E642055736520449D
S21403D70069737472696275746564204B6579005336
S21403D71063616E205072696D617279204368616E31
S21403D7206E656C7320616E642055736520416C6C66
S21403D730204B6579732028696E7374616C6C206363
S21403D7406F64652C2063656E7472616C697A6564B8
S21403D7502C20646973747269627574656429005356
S21403D76063616E205365636F6E64617279204368EC
S21403D770616E6E656C7320616E642055736520411F
S21403D7806C6C204B6579732028696E7374616C6CBE
S21403D79020636F64652C2063656E7472616C697AAE
S21403D7A065642C2064697374726962757465642990
S21403D7B0004F6E2F4F6666207365742076616C7516
S21403D7C0653A2025303258202530325800455252CB
S21403D7D03A2072656164696E67206F6E2F6F6666A6
S21403D7E02025303258004F6E2F6F666620616C72AC
S21403D7F0656164792073657420746F206E65772085
S21403D80076616C756500546F67676C65206F6E2F65
S21403D8106F66662066726F6D202530325820746FEF
S21403D8202025303258004552523A2077726974697F
S21403D8306E67206F6E2F6F6666202530325800495C
S21403D8406E7374616C6C656420547970652028422D
S21403D850617365293A2020307825303258004361B9
S21403D860706162696C69746965733A2020202020B0
S21403D87020202020202030782530345800426F6F37
S21403D880746C6F616465722056657273696F6E3A65
S21403D89020202020203078253034580053656375C7
S21403D8A0726520426F6F746C6F61646572204B659E
S21403D8B0793A20202020202000426F6F746C6F611D
S21403D8C064696E67206661696C65642100446F77DE
S21403D8D06E6C6F6164206661696C65642E004465D6
S21403D8E06C6574696E67206661696C656420646F35
S21403D8F0776E6C6F61642C207374617475733A2051
S21403D90030782530325800496D61676520646F654D
S21403D91073206E6F7420636F6E7461696E20616E20
S21403D920205570677261646520496D616765205490
S21403D93061672028307825303458292E20536B69A8
S21403D9407070696E6720757067726164652E004536
S21403D9507865637574696E6720626F6F746C6F6148
S21403D960642063616C6C6261636B2E005374617236
S21403D97074696E672045424C2076657269666963F2
S21403D9806174696F6E0045424C206661696C65641C
S21403D99020766572696669636174696F6E2E0045E9
S21403D9A0424C20706173736564207665726966699C
S21403D9B0636174696F6E2E002573696E67204F541A
S21403D9C04120636C69656E74207374617465206DA1
S21403D9D0616368696E650073746F70700045727278
S21403D9E06F723A204E6F20696D61676520617420FF
S21403D9F0696E646578202564004E6F7420737570B5
S21403DA00706F727465642E00436C69656E7420696A
S21403DA106D61676520717565727920696E666F0042
S21403DA204D616E75662049443A2020202020202030
S21403DA30202030782530345800496D6167652054BE
S21403DA407970652049443A202020203078253034E8
S21403DA50580043757272656E742056657273696FEB
S21403DA606E3A202030782530385800486172647743
S21403DA706172652056657273696F6E3A20004E4177
S21403DA800051756572792044656C6179206D733A2F
S21403DA90202020202020202020202020256C640009
S21403DAA053657276657220446973636F766572791F
S21403DAB02044656C6179206D733A20256C640044BC
S21403DAC06F776E6C6F61642044656C6179206D734B
S21403DAD03A202020202020202020256C6400527528
S21403DAE06E20557067726164652044656C617920A9
S21403DAF06D733A202020202020256C640056657222
S21403DB006966792044656C6179206D733A2020201C
S21403DB102020202020202020256C6400446F776E70
S21403DB206C6F6164204572726F72205468726573FD
S21403DB30686F6C643A2020256400557067726164D0
S21403DB40652057616974205468726573686F6C64E6
S21403DB503A202020202564004F544120446F776EDE
S21403DB606772616465733A2044697361626C6564C5
S21403DB70004F544120446F776E6772616465733A51
S21403DB8020456E61626C656400426F6F746C6F61F2
S21403DB90642073746174653A20257300496E766158
S21403DBA06C6964204550202564207768656E207470
S21403DBB07279696E6720746F2073656E64204F54A4
S21403DBC041206D6573736167652E0053656E6469E6
S21403DBD06E67205570677261646520456E642072B7
S21403DBE06571756573742E0025733A20696E7661C8
S21403DBF06C696420636D644964203078253032583C
S21403DC00004572726F723A20204661696C65642023
S21403DC10746F2073656E64204F544120636F6D6D7F
S21403DC20616E64203078253032582C20737461740A
S21403DC3075733A203078253032580053657276650E
S21403DC407220756E6B6E6F776E2C2066616C6C69D6
S21403DC506E67206261636B20746F20646973636F01
S21403DC60766572792E004D6178696D756D207175D4
S21403DC70657279206572726F7273206869742028E2
S21403DC802564292C207374617274696E672073652A
S21403DC906172636820666F72206E6577204F544109
S21403DCA0207365727665722E0A004170706C79690E
S21403DCB06E6720757067726164650025733A206924
S21403DCC06E76616C6964206F66667365742063752F
S21403DCD07272656E7454696D6528307825303858CD
S21403DCE029203E207570677261646554696D6528E6
S21403DCF030782530385829004F544120436C7573CB
S21403DD007465723A207761697420666F72202564A1
S21403DD10207300525865642074696D654F757420CE
S21403DD2030782530385820732C204D41582074699C
S21403DD306D654F7574203078253038582073004D44
S21403DD406178696D756D20757067726164652072A0
S21403DD5065717565737473206D6164652028256429
S21403DD602920776974686F757420726573706F6E97
S21403DD7073652066726F6D207365727665722E000A
S21403DD80557067726164696E6720616E7977617931
S21403DD90004F544120536572766963652064697346
S21403DDA0636F766572792070726576656E746564E6
S21403DDB0202D20616E6F7468657220697320616C14
S21403DDC0726561647920696E2070726F677265731D
S21403DDD073004661696C656420746F20696E6974AC
S21403DDE06961746520736572766963652064697317
S21403DDF0636F766572792E004F54412053657276B1
S21403DE0069636520446973636F7665727920696E0A
S21403DE102070726F677265737300436C69656E7406
S21403DE2020766572696669636174696F6E206661E0
S21403DE30696C65642E005369676E6174757265005C
S21403DE40437573746F6D0070617373656400464148
S21403DE50494C4544004E6F207369676E6174757252
S21403DE606520766572696669636174696F6E20738F
S21403DE707570706F72742C20617373756D696E673D
S21403DE8020696D616765206973206F6B61792E0069
S21403DE90257320766572696669636174696F6E209F
S21403DEA025733A20307825303258004D6178696DF5
S21403DEB0756D206E756D626572206F6620646F7770
S21403DEC06E6C6F6164206572726F72732072656127
S21403DED0636820282564292C2061626F7274696E3A
S21403DEE0672E004F544120436C75737465723A2055
S21403DEF073657474696E672049454545206164649B
S21403DF0072657373206F66204F544120636C75737C
S21403DF10746572005061727469616C2066696C6521
S21403DF2020646F776E6C6F616420666F756E642C09
S21403DF3020636F6E74696E75696E672066726F6DA7
S21403DF40206F66667365742030782530385800462F
S21403DF506F756E642066756C6C7920646F776E6C73
S21403DF606F616465642066696C6520696E207374EE
S21403DF706F72616765202876657273696F6E2030ED
S21403DF807825303858292E00466F756E64206669EA
S21403DF906C6520696E2073746F726167652077699C
S21403DFA0746820646966666572656E742076657249
S21403DFB073696F6E202830782530385829207468A6
S21403DFC0616E2063757272656E742076657273690E
S21403DFD06F6E2028307825303858290046696C65DE
S21403DFE020696E2073746F7261676520697320738E
S21403DFF0616D652061732063757272656E7420723D
S21403E000756E6E696E672076657273696F6E20280B
S21403E01030782530385829004E6F20696D61676562
S21403E02020666F756E6420696E2073746F72616705
S21403E030652E004F5441205365727669636520440C
S21403E0406973636F7665727920756E626C6F636B46
S21403E05065640049676E6F72696E672073657276D2
S21403E06065722066726F6D206C6F6F706261636B92
S21403E07020616464726573730049676E6F72696EBC
S21403E0806720307825303458204F5441207365720A
S21403E09076657220696E20736561726368206F66A9
S21403E0A02054430053657474696E67204F544120AF
S21403E0B053657276657220746F2030782530345835
S21403E0C00044656C6179696E672025642073656317
S21403E0D06F6E6473206265666F7265207374617217
S21403E0E074696E67204F544120636C69656E7400D3
S21403E0F054696D656F75742077616974696E6720FE
S21403E100666F72206D6573736167652E0042616486
S21403E110204F544120636F6D6D616E643A203078F2
S21403E12025303258004F544120636F6D6D616E6425
S21403E1302030782530325820746F6F2073686F72E2
S21403E1407420286C656E202564203C206D696E2043
S21403E150256429004F544120636F6D6D616E642002
S21403E16066726F6D20756E7265636F676E697A652A
S21403E1706420736572766572203078253034582EA5
S21403E18020204D79204F5441207365727665723A8C
S21403E1902030782530345800496D616765204E6F0E
S21403E1A07469667900476F7420756E657870656369
S21403E1B07465642025732E20205374617274206462
S21403E1C06973636F766572792E0064656661756C34
S21403E1D074004F54413A206661696C656420746F1D
S21403E1E02073656E6420257320726573706F6E737B
S21403E1F0653A2030782530325800496D61676520CE
S21403E2006E6F7469667900476F7420756E657870F3
S21403E21065637465642025732E202049676E6F72CC
S21403E22065642E004F54413A2044656661756C74EC
S21403E23020726573706F6E736520666F7220496D0A
S21403E240616765206E6F746966792C2073746174D8
S21403E25075732030782530325800496D6167652024
S21403E2606E6F7469667920636F6D6D616E640025E9
S21403E2707320756E69636173742C2071756572798A
S21403E280696E6700496E76616C69640025732025A4
S21403E29073207061796C6F616420747970652030C7
S21403E2A078253032580025732025733A206F75740D
S21403E2B0206F662072616E6765206A697474657282
S21403E2C02025640025732025733A207061796C6FCE
S21403E2D06164206C656E67746820646F65736E276F
S21403E2E074206D61746368207479706520307825B6
S21403E2F030325820282564203C20256429002573C5
S21403E3002025732064756520746F206E6F6E2D6DE7
S21403E31061746368696E67206D616E7566616374A8
S21403E3207572657220494400257320257320647531
S21403E3306520746F206E6F6E2D6D61746368696EF1
S21403E3406720696D616765207479706520494400AC
S21403E35025732025732064756520746F206D6174A2
S21403E3606368696E67206669726D77617265207689
S21403E370657273696F6E0025732025732C2052789F
S21403E3802764204A697474657220283078253032F1
S21403E39058292C205069636B6564204A6974746538
S21403E3A072202830782530325829005175657279E5
S21403E3B0206E65787420696D616765207265737079
S21403E3C06F6E73650025732072657475726E65646F
S21403E3D0203078253032582E20204E6F206E6577F9
S21403E3E020696D61676520746F20646F776E6C6F4C
S21403E3F061642E00257320746F6F2073686F7274C8
S21403E40020282564203C202564290025733A204EC5
S21403E410657720696D616765206973206176616938
S21403E4206C61626C6520666F7220646F776E6C6FCA
S21403E43061642E002573206973206E6F74207573D4
S21403E440696E67206D7920696D61676520696E6600
S21403E4506F2E004552524F523A204E65787420492B
S21403E4606D61676520697320746F6F20626967202A
S21403E470746F2073746F726520283078253038588F
S21403E480203E2030782530385829002573207265C1
S21403E4907475726E65642073616D652046696C657C
S21403E4A056657273696F6E20617320637572726549
S21403E4B06E746C7920696E7374616C6C65642E007F
S21403E4C04F544120446F776E6772616465732044CE
S21403E4D0697361626C65643A2046696C6556657259
S21403E4E073696F6E20626568696E64206375727205
S21403E4F0656E7420696E7374616C6C6174696F6E9B
S21403E500005374617274696E6720646F776E6C6F04
S21403E51061642C2056657273696F6E2030782530DF
S21403E5203858004572726F723A204661696C6564AA
S21403E53020746F2064656C65746520696D6167651A
S21403E5402E004572726F723A204661696C656420CC
S21403E550746F206572617365206F6C642074656DDB
S21403E5607020646174612E00496D61676520626C7A
S21403E5706F636B20726573706F6E7365004F5441E3
S21403E5803A20496D616765426C6F636B5265706FC5
S21403E5906E736520636F6E7461696E7320696E7641
S21403E5A0616C6964206F7220696E636F6D706C6551
S21403E5B074652064617461005570646174696E6784
S21403E5C0204D696E20426C6F636B205265717565D2
S21403E5D0737420506572696F6420746F20256420FD
S21403E5E06D7300446F776E6C6F61642064656C6155
S21403E5F07920627920736572766572202564206DB2
S21403E6007300446F776E6C6F61642061626F72741F
S21403E6106564206279207365727665722E00536591
S21403E6207276657220646F65736E277420737570D7
S21403E630706F72742070616765207265717565739B
S21403E640742C206F6E6C79207573696E6720626C0C
S21403E6506F636B20726571756573742E00536572F4
S21403E6607665722072657475726E65642027756EA2
S21403E670737570706F7274656420636C75737465FC
S21403E6807220636F6D6D616E64272E00556E6B6E20
S21403E6906F776E2025732073746174757320636FB0
S21403E6A064652030782530325800257320686173FE
S21403E6B020646174612073697A65202825642920A3
S21403E6C0736D616C6C6572207468616E206163742F
S21403E6D075616C207061636B65742073697A65205D
S21403E6E0282564292E002573206572726F723A20DE
S21403E6F04578706563746564206F66667365742019
S21403E7003078253038582C2062757420676F742053
S21403E7103078253038582E202049676E6F72696E20
S21403E7206700257320696E666F20646964206E6FC8
S21403E73074206D61746368206D79206578706563F5
S21403E74074656420696E666F2E202044726F707045
S21403E750696E672E004661696C656420746F207766
S21403E7607269746520746F2073746F7261676520B5
S21403E7706465766963652100446F776E6C6F6164C8
S21403E780005570677261646520656E6420726573F8
S21403E790706F6E7365005365727665722061626F83
S21403E7A07274656420757067726164652C20737477
S21403E7B0617475733A20307825303258004572728A
S21403E7C06F723A2025732068616420696E76616CE7
S21403E7D069642025733A200066696C652076657245
S21403E7E073696F6E00416464696E67202564206DEB
S21403E7F0732E2064656C617920666F7220696D6D77
S21403E80065646961746520757067726164652E005E
S21403E810436F756E74646F776E20746F20757067C0
S21403E820726164653A202564206D73002053746119
S21403E83074653A2020202573002057616974696E39
S21403E8406720666F7220726573706F6E73653A2009
S21403E850257300204E657874204576656E742054C3
S21403E860696D65723A202564206D730020437572C6
S21403E87072656E7420446F776E6C6F6164204F66AA
S21403E880667365743A203078253038582028256416
S21403E8902525290025733A206661696C6564207016
S21403E8A0617273696E67204F544120636D64203034
S21403E8B07825303258004F54412044656661756CA4
S21403E8C07420726573706F6E736520746F20636F48
S21403E8D06D6D616E64204944203078253032582CA3
S21403E8E0207374617475732030782530325800496C
S21403E8F06D61676520626C6F636B20726571756509
S21403E90073742074657374206F6E6C7920776F72DE
S21403E9106B73207768656E20737461746520697302
S21403E92020424F4F544C4F41445F53544154455F2C
S21403E9304E4F4E450052616E646F6D2044656C61A8
S21403E94079206265666F7265207374617274004421
S21403E9506973636F766572696E67204F54412053FF
S21403E960657276657200476574204F54412053657F
S21403E9707276657220455549004F627461696E2050
S21403E9806C696E6B206B6579005175657279696E7B
S21403E99067204E65787420496D61676500446F771C
S21403E9A06E6C6F6164696E6720496D6167650056BA
S21403E9B06572696679696E6720496D616765005798
S21403E9C0616974696E6720666F722055706772613D
S21403E9D06465206D65737361676500436F756E7458
S21403E9E0646F776E20746F2055706772616465007C
S21403E9F057616974696E6720746F207570677261FA
S21403EA00646520766961206F75742D6F662D62616B
S21403EA106E64206D656368616E69736D0025733A75
S21403EA20202564252520636F6D706C657465004929
S21403EA306D6167652025640020204552524F523A87
S21403EA4020436F756C64206E6F7420676574206650
S21403EA50756C6C20686561646572210020204865CA
S21403EA60616465722056657273696F6E3A203078FA
S21403EA7025303458002020486561646572204C6553
S21403EA806E6774683A202025642062797465730083
S21403EA9020204669656C6420436F6E74726F6C3A0F
S21403EAA020203078253034580020204D616E75665E
S21403EAB02049443A20202020202020307825303456
S21403EAC058002020496D61676520547970653A20A7
S21403EAD020202020307825303458002020566572B8
S21403EAE073696F6E3A20202020202020203078255E
S21403EAF03038580020205A6967626565205665726B
S21403EB0073696F6E3A2030782530345800202048D9
S21403EB10656164657220537472696E673A202025B6
S21403EB2073002020496D6167652053697A653A2032
S21403EB3020202020256C64206279746573002020D1
S21403EB40536563757269747920437265643A20204D
S21403EB50307825303258002020557067726164651E
S21403EB6020446573743A2020200020204D696E2EC1
S21403EB70204857205665723A2020202030782530CA
S21403EB8034580020204D61782E2048572056657251
S21403EB903A20202020307825303458002020546F27
S21403EBA074616C20546167733A202564002020202A
S21403EBB0205461673A2030782530345800202020CE
S21403EBC02020204C656E6774683A20256C640045E7
S21403EBD072726F723A20436F756C64206E6F742086
S21403EBE06F627461696E2074616720696E666F2058
S21403EBF066726F6D20696D6167652E000A25642055
S21403EC00696D6167657320696E204F544120737484
S21403EC106F726167652E00496D6167652064656C78
S21403EC2065746525732E004572726F723A20204311
S21403EC306F756C64206E6F74207265616420626CFD
S21403EC406F636B3A203078253032582E0A0053749F
S21403EC50617274696E672065726173652066726F90
S21403EC606D206F66667365742030782530385820BB
S21403EC70746F2030782530385800436F756C6420E5
S21403EC806E6F74207374617274204552415345212C
S21403EC9020283078253032582900454550524F4DAC
S21403ECA020457261736520636F6D706C65746500D3
S21403ECB02F686F6D652F72756E6E65722F776F7224
S21403ECC06B2F747579612D7A69676265652D737725
S21403ECD0697463682F747579612D7A6967626565EF
S21403ECE02D7377697463682F73696C6162735F74DD
S21403ECF06F6F6C732F73696D706C69636974795F7A
S21403ED0073646B2F70726F746F636F6C2F7A69679F
S21403ED106265652F6170702F6672616D65776F72BD
S21403ED206B2F706C7567696E2F6F74612D73746FBC
S21403ED30726167652D73696D706C652D656570729C
S21403ED406F6D2F6F74612D73746F726167652D65B8
S21403ED506570726F6D2D706167652D657261736581
S21403ED602E63002F686F6D652F72756E6E65722F3A
S21403ED70776F726B2F747579612D7A696762656533
S21403ED802D7377697463682F747579612D7A696753
S21403ED906265652D7377697463682F73696C616246
S21403EDA0735F746F6F6C732F73696D706C696369CF
S21403EDB074795F73646B2F70726F746F636F6C2FED
S21403EDC07A69676265652F6170702F6672616D651B
S21403EDD0776F726B2F706C7567696E2F6F74612D0A
S21403EDE073746F726167652D73696D706C652D65DD
S21403EDF06570726F6D2F6F74612D73746F726167B8
S21403EE00652D656570726F6D2E63004F54412053F8
S21403EE10696D706C652053746F7261676520454534
S21403EE2050524F4D207761726E696E673A20636F5A
S21403EE30756C64206E6F742067657420736C6F74D2
S21403EE4020696E666F20666F7220736C6F74202560
S21403EE506420286572726F72203078253032582904
S21403EE602E2044656661756C74696E6720746F2026
S21403EE70737065636966696564206164647265734B
S21403EE8073206F6666736574730053746F7261677D
S21403EE9065204472697665723A202020202020205F
S21403EEA02020202020204F54412053696D706C652C
S21403EEB02053746F7261676520454550524F4D204D
S21403EEC0506C7567696E0052656164204D6F6469A6
S21403EED0667920577269746520537570706F727403
S21403EEE03A20206E6F00534F4320426F6F746C6F4F
S21403EEF06164696E6720537570706F72743A202070
S21403EF00202079657300426F6F746C6F616465725D
S21403EF102053746F7261676520537570706F7274D7
S21403EF203A2055736520666972737420736C6F7428
S21403EF3000536C6F7420746F207573653A2020201D
S21403EF402020202020202020202020202025640090
S21403EF5043757272656E7420446F776E6C6F61646E
S21403EF60204F66667365743A20202020307825305B
S21403EF7038580045424C205374617274204F6666BD
S21403EF807365743A20202020202020202020203063
S21403EF90782530385800454550524F4D20537461FC
S21403EFA072743A2020202020202020202020202099
S21403EFB0202030782530385800454550524F4D2094
S21403EFC0456E643A20202020202020202020202068
S21403EFD0202020202030782530385800496D61677E
S21403EFE06520496E666F2053746172743A20202040
S21403EFF02020202020202020307825303858005329
S21403F0006176652052617465202862797465732978
S21403F0102020202020202020202020307825303853
S21403F02058004F6666736574206F6620646F776E4C
S21403F0306C6F6164206F6666736574202020307879
S21403F04025303858004F6666736574206F66204512
S21403F050424C206F66667365743A20202020202079
S21403F06020307825303858004F6666736574206FF5
S21403F0706620696D6167652073746172743A202037
S21403F0802020202030782530385800736C5F7A694A
S21403F090676265655F61665F6F74615F73746F72E5
S21403F0A06167655F6472697665725F726561645FE6
S21403F0B063622829206661696C6564210042616485
S21403F0C0206D61676963206E756D62657220696E77
S21403F0D02066696C653A20307825303258203078BF
S21403F0E02530325820307825303258203078253075
S21403F0F03258004261642076657273696F6E2069C8
S21403F1006E2066696C652030782530345800457269
S21403F110726F723A2072656164416E6456616C69FF
S21403F1206461746553746F726564496D61676528BD
S21403F1302920747269656420746F20726561642087
S21403F1406D6F72652064617461207468616E2069F6
S21403F1507420636F756C6420686F6C642E00736C28
S21403F1605F7A69676265655F61665F6F74615F7327
S21403F170746F726167655F6472697665725F7265E4
S21403F18061645F63622829204641494C4544210057
S21403F1904C617374206F666673657420646F776E54
S21403F1A06C6F616465643A203078253038580053B4
S21403F1B0746F72616765204D6F64756C653A204F96
S21403F1C054412053696D706C652053746F72616788
S21403F1D06520506C7567696E00496D6167657320BD
S21403F1E053746F7265643A20202564206F6620315D
S21403F1F00A00253032583A006570202530325820F0
S21403F200636C75732025303458206174747220251E
S21403F2103034582073767220256300206D6667208D
S21403F2202530325800207265706F7274206D696ED7
S21403F2302025303458206D617820253034582072CC
S21403F24070742D6368672025303858002072656314
S21403F250656976652066726F6D20253034582065A3
S21403F2607020253032582074696D656F75742025BB
S21403F27030345800636C6561720072656D6F766535
S21403F28000636C656172696E67206C6173742072CB
S21403F29065706F72742074696D65206F6620616C8B
S21403F2A06C20617474726962757465730074657337
S21403F2B074696E672074696D696E67206F66207661
S21403F2C06172696F7573207265706F7274696E67A9
S21403F2D0206F7065726174696F6E73002D2D2D2D0E
S21403F2E02D2D2D2D2D2D2D2D2D2D2D2D2D2D2D2D46
S21403F2F02D2D2D2D2D2D2D2D2D2D2D2D2D2D2D2D36
S21403F3002D2D2D2D2D2D2D2D2D2D2D002D2D7461D7
S21403F310626C65207265616473202D2066756C6C63
S21403F320207461626C652D2D00726573756C742094
S21403F3303D202564206D73002D2D696E6974202F82
S21403F340207363686564756C65207469636B2D2D23
S21403F3502D002D2D6C6F616420636F6E6669677573
S21403F360726174696F6E2064656661756C74732D63
S21403F3702D002F686F6D652F72756E6E65722F7711
S21403F3806F726B2F747579612D7A69676265652D67
S21403F3907377697463682F747579612D7A69676208
S21403F3A065652D7377697463682F73696C6162731F
S21403F3B05F746F6F6C732F73696D706C69636974B8
S21403F3C0795F73646B2F70726F746F636F6C2F7AD1
S21403F3D069676265652F6170702F6672616D657708
S21403F3E06F726B2F706C7567696E2F7265706F72B4
S21403F3F074696E672F7265706F7274696E672E63B9
S21403F40000524541445F5250545F4346470072657D
S21403F41061645F7265706F7274696E675F636F6E47
S21403F42066696775726174696F6E005265706F7294
S21403F43074696E673A206661696C656420746F2030
S21403F44073656E6420257320726573706F6E7365C3
S21403F4503A20307825303258004552523A207265A9
S21403F4606164696E6720636C7573746572203078A7
S21403F470253034582061747472696275746520305F
S21403F48078253034583A20307825303258004552A3
S21403F490523A207265706F7274696E67206F6620C9
S21403F4A04C4F4E4720737472696E67206174747292
S21403F4B069627574652074797065206E6F74207345
S21403F4C07570706F727465643A20636C75737465D7
S21403F4D072203078253034582061747472696275EE
S21403F4E0746520307825303458005265706F727416
S21403F4F0696E6720456E7472792046756C6C202D94
S21403F500206372656174696E67206E657720726525
S21403F510706F7274004346475F52505400202D208C
S21403F520646972656374696F6E3A253032582C20AD
S21403F530617474723A253034580020202074797030
S21403F540653A253032582C206D696E3A253034588A
S21403F5502C206D61783A25303458002020206368CB
S21403F560616E67653A0020202074696D656F757457
S21403F5703A2530345800636F6E6669677572655F47
S21403F5807265706F7274696E67002054434C4B202B
S21403F59075706461746520616C7265616479206955
S21403F5A06E2070726F6772657373004D616E75615E
S21403F5B06C2054434C4B20757064617465206661FF
S21403F5C0696C65642E2573005374617274696E6783
S21403F5D02075706461746520747275737420636536
S21403F5E06E746572206C696E6B206B657920707221
S21403F5F06F636573730055706461746520544320AC
S21403F6004C696E6B204B657900204E6577206B65E1
S21403F610792065737461626C69736865643A002067
S21403F6204572726F723A00506172746E65723A2058
S21403F630005A434C20676C6F62616C20636C757371
S21403F64074657220636F6D6D616E647300646972B6
S21403F650656374696F6E00646973632D636F6D2DE4
S21403F66067656E00646973632D636F6D2D726563E2
S21403F670006578706563742D7265706F72742D669D
S21403F680726F6D2D6D6500757772697465006E77A0
S21403F69072697465007265706F72742D7265616449
S21403F6A00073656E642D6D652D612D7265706F72C6
S21403F6B0740043726561746573206120676C6F62C2
S21403F6C0616C20646973636F76657220636F6D6D1A
S21403F6D0616E6420666F7220746865206173736F51
S21403F6E06369617465642076616C7565732E006367
S21403F6F06C757374657249641F617474726962759C
S21403F700746549641F6D61784E756D626572546FDA
S21403F7105265706F72741F0043726561746573205F
S21403F7206120676C6F62616C2073656E64206D6523
S21403F7302061207265706F727420636F6D6D616EE9
S21403F7406420666F7220746865206173736F6369E3
S21403F750617465642076616C7565732E00636C75E1
S21403F7607374657249641F61747472696275746533
S21403F77049641F64617461547970651F6D696E52C4
S21403F78065706F727454696D651F6D61785265702C
S21403F7906F727454696D651F7265706F72746162FF
S21403F7A06C654368616E67651F00437265617465C7
S21403F7B073206120676C6F62616C207265616420E0
S21403F7C07265706F7274696E6720636F6D6D616EBC
S21403F7D06420666F7220746865206173736F636953
S21403F7E06174656420636C75737465722C20617430
S21403F7F07472696275746520616E642073657276CF
S21403F80065722F636C69656E7420646972656374D0
S21403F810696F6E2E00636C757374657249641F613D
S21403F820747472696275746549641F64697265638A
S21403F83074696F6E1F00476C6F62616C207265702F
S21403F8406F7274696E6720636F6D6D616E640065B9
S21403F8506E64706F696E741F636C7573746572493A
S21403F860641F61747472696275746549641F6D619F
S21403F870736B1F0043726561746573206120676C48
S21403F8806F62616C207265616420636F6D6D616E7B
S21403F89064206D65737361676520746F207265619C
S21403F8A0642066726F6D2074686520636C7573746C
S21403F8B0657220616E642061747472696275746522
S21403F8C0207370656369666965642E00636C75737F
S21403F8D074657249641F61747472696275746549EC
S21403F8E0641F0043726561746573206120676C6FE3
S21403F8F062616C20777269746520636F6D6D616EEB
S21403F90064206D65737361676520746F2077726911
S21403F910746520746F2074686520636C75737465F2
S21403F9207220616E642061747472696275746520F6
S21403F93073706563696669656400636C7573746583
S21403F9407249641F61747472696275746549641FD1
S21403F950747970651F646174611F00437265617416
S21403F960652061206578706563742D7265706F72AB
S21403F970742D66726F6D2D6D65206D65737361678B
S21403F980652077697468206173736F636961746552
S21403F990642076616C7565732E00636C757374658D
S21403F9A07249641F61747472696275746549641F71
S21403F9B074696D656F75741F0043726561746520A5
S21403F9C06120446973636F76657220436F6D6D6162
S21403F9D06E64732047656E65726174656420636F39
S21403F9E06D6D616E642077697468206173736F63ED
S21403F9F069617465642076616C7565732E00636C4B
S21403FA00757374657249641F7374617274436F6DA2
S21403FA106D616E6449641F6D6178436F6D6D616ED1
S21403FA206449641F005365747320746865206469B1
S21403FA3072656374696F6E20666F7220676C6F629F
S21403FA40616C20636F6D6D616E64732C20656974E1
S21403FA5068657220636C69656E7420746F207365C5
S21403FA6072766572206F7220736572766572207483
S21403FA706F20636C69656E742E0053657473206122
S21403FA8020666C616720736F2074686174207468E5
S21403FA9065206170706C69636174696F6E2066724D
S21403FAA0616D65776F726B2057494C4C204E4F54EF
S21403FAB020726573706F6E6420746F20746865209F
S21403FAC06E657874205A434C206D65737361676561
S21403FAD0207468617420636F6D657320696E206F90
S21403FAE076657220746865206169722E00536574AA
S21403FAF073206120666C616720736F20746861747D
S21403FB0020746865206170706C69636174696F6ED8
S21403FB10206672616D65776F726B2057494C4C2077
S21403FB20726573706F6E6420746F20746865206EE0
S21403FB30657874205A434C206D657373616765203E
S21403FB407468617420636F6D657320696E206F76C9
S21403FB50657220746865206169722E00536574733C
S21403FB60207468652044697361626C652044656629
S21403FB7061756C7420526573706F6E736520467280
S21403FB80616D6520436F6E74726F6C2062697420BA
S21403FB90746F2075736520666F7220746865206EB7
S21403FBA065787420636F6D6D616E6420696620747A
S21403FBB0686520636F6D6D616E64206973206E6F78
S21403FBC07420616C7265616479206275696C742E49
S21403FBD00064697361626C6544656661756C745232
S21403FBE06573706F6E73651F005365747320746856
S21403FBF06520666C616720746F2075736520746872
S21403FC006520696E6372656D656E746564207365E1
S21403FC107175656E6365206E756D626572206672BA
S21403FC206F6D20746865206672616D65776F726BA1
S21403FC3020666F7220746865206E65787420726122
S21403FC407720636F6D6D616E642E007573654E6508
S21403FC50787453657175656E63651F00436C692020
S21403FC60636F6D6D616E6420746F2063616C6C20CE
S21403FC70736C5F7A69676265655F61665F736574F7
S21403FC805F74696D652066756E6374696F6E206454
S21403FC906F63756D656E74656420696E2061662E8C
S21403FCA0680075746354696D651F0053657473202B
S21403FCB07468652074776F2062797465206D616E51
S21403FCC075666163747572657220737065636966C1
S21403FCD06963206964656E74696669657220746F0A
S21403FCE02075736520666F7220746865206E65786C
S21403FCF07420636F6D6D616E642069662074686539
S21403FD0020636F6D6D616E64206973206E6F74205F
S21403FD10616C7265616479206275696C742E006D1E
S21403FD206667537065636966696349641F006E6F2F
S21403FD30742000534C5F5354415455535F4E4554FF
S21403FD40574F524B5F555020307825303458005467
S21403FD50727573742043656E746572204555492029
S21403FD606861732025736368616E6765642E00534C
S21403FD704C5F5354415455535F4E4554574F524B63
S21403FD805F444F574E00534C5F5354415455535F93
S21403FD904E4F545F4A4F494E454400534C5F5354AD
S21403FDA0415455535F5A49474245455F4E4554575C
S21403FDB04F524B5F4F50454E45443A2025642073BF
S21403FDC0656300534C5F5354415455535F5A494738
S21403FDD04245455F4E4554574F524B5F434C4F5336
S21403FDE045440025733A2025730064697374726969
S21403FDF062757465640063656E7472616C697A65B6
S21403FE006400466F726D002573696E67206F6E20FF
S21403FE1063682025642C2070616E49642030782541
S21403FE20303458004572726F723A204465766963BF
S21403FE306520646F6573206E6F7420737570706FC2
S21403FE407274202573206E6574776F726B20666FED
S21403FE50726D6174696F6E004A6F696E00496E76E3
S21403FE60616C696420536563757269747920507296
S21403FE706F66696C653A2030782530325800704AD0
S21403FE806F696E20666F72202564207365633A205F
S21403FE90307825303258004C696D6974696E672076
S21403FEA06475726174696F6E206F66207065726D1B
S21403FEB06974206A6F696E2066726F6D20666F7252
S21403FEC06576657220283235352920746F203235E1
S21403FED0340052583A205A444F2C20636F6D6D619C
S21403FEE06E64203078253034582C20737461747512
S21403FEF0733A203078253032580053696D706C653C
S21403FF000052583A20257320446573632052657364
S21403FF1070004D61746368002C204D6174636865DE
S21403FF20733A2025640044657669636520416E6EE6
S21403FF306F756E63653A2030782530345800525812
S21403FF403A204945454520416464726573732052DF
S21403FF506573706F6E73650052583A204163746917
S21403FF60766520455020526573706F6E73652C203E
S21403FF70436F756E743A202564004E6F6465002CDB
S21403FF80204D6174636865733A20307825303458A1
S21403FF9000737461636B207665722E205B25642E76
S21403FFA025642E256400202573206275696C642001
S21403FFB025645D005A444F00534500484100436C96
S21403FFC0757374657200476C6F62616C0025737499
S21403FFD078203078253038582C200050726F6669A8
S21403FFE06C653A2025732028307825303458292C20
S21403FFF020436C75737465723A2030782530345814
S2140400002C2025642062797465732C00205A434C96
S21404001020257320436D642049443A20256400500B
S21404002072652D52656C6561736500416C7068611C
S214040030203100416C706861203200416C70686148
S21404004020330042657461203100426574612032B9
S214040050004265746120330047410052657365743D
S21404006020696E666F3A203078253032582028256D
S21404007073290064656C6574652062696E64696ED4
S214040080673A2025303258202530325800010203C2
S2140400900405060708090A0B0C0001010101010109
S2140400A001010101010100575249544520455252AD
S2140400B03A200025736570202530325820636C750D
S2140400C073202530345820617474722025303458D7
S2140400D0206E6F7420737570706F7274656400257B
S2140400E073696E76616C69642064617461207479E6
S2140400F0706500257361747472206E6F7420777255
S214040100697461626C650057524954453A206E6FB3
S2140401102077726974652C206A7573742061207464
S21404012065737400524541443A206174747269627E
S2140401307574652073697A6520746F6F206C6172BC
S214040140676520666F722063616C6C657200636C11
S2140401506E74007372767200525700524F0020205D
S21404016052414D20200020746F6B656E2000657828
S2140401707465726E2000454E44504F494E542025F7
S21404018030325800636C7573202F207369646520C1
S2140401902F2061747472202F206D666720202F74C0
S2140401A0797065286C656E292F207277202F20734E
S2140401B0746F72616765202F2064617461202872F1
S2140401C06177290025303458202F202573202F20CE
S2140401D025303458202F2000202F20253032582058
S2140401E0282530325829202F202573202F202573C8
S2140401F0202F2000556E737570706F7274656400DE
S2140402004F544120524541443A2065703A253032D5
S21404021058206369643A25303458206174746964DC
S2140402203A25303458206D736B3A25303258206D99
S21404023066636F64653A2530345800524541443A43
S21404024020636C757320253034582C2061747472C6
S2140402502025303458206661696C65642025303268
S2140402605800524541443A20636C75732025303457
S214040270582C206174747220253034582C20646104
S21404028074614C656E3A20253032582C204F4B0052
S21404029028256329253032582530325825303258DF
S2140402A025303258253032582530325825303258C9
S2140402B0253032580064697361626C650025736486
S2140402C02C2064726F7070696E67206570203078B9
S2140402D02530325820636C757320307825303458B6
S2140402E020636D64203078253032580047656E658B
S2140402F0726174656400526563656976656400447A
S2140403006973636F76657220436F6D6D616E647397
S21404031020726573706F6E73652028636F6D706CE2
S2140403206574653A202563292C2025732049447377
S2140403303A200030782530325820005F4558540063
S214040340524541445F415454520057524954453A29
S21404035020636C75732025303458206174747220C1
S2140403602530345820004641494C20253032580068
S21404037057524954453A20746F6F2073686F7274ED
S21404038000444953435F4154545200257325733A3D
S21404039020636C75732025303458005376632044EC
S2140403A06973633A2000257357616974696E672020
S2140403B025642073656320666F7220646973636FB7
S2140403C07665727920746F20636F6D706C657465E2
S2140403D000537461746520636F72726573706F6E18
S2140403E064696E6720746F2074686520746865207D
S2140403F072657175657374206E6F7420666F756EA2
S214040400640A002573636F6D706C6574652E0A004C
S21404041025735365727669636520446973636F76E2
S214040420657279205374617465206C696D697473A0
S21404043020726561636865640A002573496C6C659F
S21404044067616C2062726F616463617374206164B7
S21404045064726573732C2072656D617070696E6763
S21404046020746F2076616C6964206F6E652E00259B
S214040470734661696C656420746F2073656E6420CE
S2140404806D6174636820646973636F766572793A24
S214040490203078253032580025735374617274699D
S2140404A06E6720646973636F7665727920666F720F
S2140404B020636C7573746572203078253034580068
S2140404C025734661696C656420746F2073656E6479
S2140404D02073696D706C65206465736372697074EB
S2140404E06F7220726571756573743A2030782530A2
S2140404F032580025734661696C656420746F2073F6
S214040500656E64204945454520616464726573736D
S21404051020726571756573743A20307825303258C8
S2140405200025734661696C656420746F2073656E7C
S21404053064204E574B206164647265737320726541
S21404054071756573743A20307825303258004572D8
S214040550726F723A202573206261642073696D702D
S2140405606C652064657363726970746F72206C6561
S2140405706E6774682E0025734D6573736167652016
S214040580746F6F2073686F72740025734D65737390
S21404059061676520746F6F2073686F727420666F6E
S2140405A072206E756D2E20656E64706F696E74733E
S2140405B00025734D61746368257320666F756E64D9
S2140405C02066726F6D203078253034582E004572C0
S2140405D0726F723A20257320696E76616C696420A6
S2140405E06C656E6774682028256420213D20256488
S2140405F02920666F722041637469766520456E64AF
S214040600706F696E7420726573706F6E7365002503
S21404061073676F7420616374697665204550207231
S2140406206573706F6E7365005554432074696D6509
S2140406303A2025642F25642F25642025643A2564F2
S2140406403A2564202825303858290028556E6B6EC4
S2140406506F776E20636C75732E205B30782530348C
S214040660585D29000D0A54253038583A005258204F
S2140406706C656E2025642C20657020253032582C3D
S21404068020636C7573203078253034582000206D34
S21404069066674964202530345800204643202530B8
S2140406A0325820736571202530325820636D6420DB
S2140406B025303258207061796C6F61645B0042614A
S2140406C0736963004F7665722074686520416972A9
S2140406D020426F6F746C6F6164696E670025735295
S2140406E05820706B7420746F6F2073686F72743A3E
S2140406F0202564203C202564002573525820706B06
S21404070074206D616C666F726D65643A2025642092
S2140407103C2025640020204861766520526F75745D
S214040720657220537570706F7274002020456E6475
S21404073020446576696365204F6E6C7900202045F9
S2140407406E61626C656400202044697361626C6546
S21404075064004572726F7220726574726965766998
S2140407606E6720696E666F20666F72206C696272AF
S214040770617279204944202564002573206C6962DF
S2140407807261727925732070726573656E74005A8F
S21404079069676265652050726F0042696E64696EAF
S2140407A06700536563757269747920436F726500D8
S2140407B05365637572697479204C696E6B204B655A
S2140407C079730043424B45203136334B3100434264
S2140407D04B4520445341205369676E00454343000C
S2140407E043424B452044534120566572696679005E
S2140407F05061636B65742056616C6964617465004E
S2140408005A4C4C0043424B45203238334B3100455A
S2140408104343203238334B310043424B4520636F09
S2140408207265004E4350004D756C7469206E657495
S214040830776F726B00456E68616E6365642042650F
S21404084061636F6E205265710043424B4520323817
S214040850334B312044534120566572696679004D06
S214040860756C74692D50414E002F686F6D652F723C
S214040870756E6E65722F776F726B2F747579612D36
S2140408807A69676265652D7377697463682F747512
S21404089079612D7A69676265652D73776974636813
S2140408A02F73696C6162735F746F6F6C732F7369F7
S2140408B06D706C69636974795F73646B2F70726FA3
S2140408C0746F636F6C2F7A69676265652F737461E2
S2140408D0636B2F636F6E6669672F736C5F7A6967E5
S2140408E06265655F636F6E66696775726174696F6A
S2140408F06E2E63002F686F6D652F72756E6E65724F
S2140409002F776F726B2F747579612D7A69676265BC
S214040910652D7377697463682F747579612D7A69A8
S214040920676265652D7377697463682F73696C6194
S21404093062735F746F6F6C732F73696D706C696329
S2140409406974795F73646B2F70726F746F636F6C06
S2140409502F7A69676265652F737461636B2F66729D
S214040960616D65776F726B2F6165732D6563622E9B
S21404097063002F686F6D652F72756E6E65722F77C4
S2140409806F726B2F747579612D7A69676265652D50
S2140409907377697463682F747579612D7A696762F1
S2140409A065652D7377697463682F73696C61627308
S2140409B05F746F6F6C732F73696D706C69636974A1
S2140409C0795F73646B2F70726F746F636F6C2F7ABA
S2140409D069676265652F737461636B2F73656375EE
S2140409E0726974792F7A69676265652D73656375B4
S2140409F0726974792D6D616E616765722D6E6F2DE7
S214040A007661756C742E63004572726F723A20209C
S214040A104661696C656420746F2072656164206643
S214040A20726F6D20454550524F4D206174203078CA
S214040A302534582C207374617475733A2025640029
S214040A40454550524F4D20496E697469616C697A08
S214040A5065643A20256300454550524F4D20427543
S214040A6073793A202563005061727469616C20576B
S214040A706F72642053746F7261676520436F756E7E
S214040A80743A20256400416464726573733A2030B6
S214040A90782534582C205061727469616C20576F25
S214040AA072643A203078255800636F6E6669726DFA
S214040AB0656400617373756D6564000A454550523C
S214040AC04F4D20496E666F004E6F742061766169E3
S214040AD06C61626C6520286F6C64657220626F6F4F
S214040AE0746C6F6164657229005061727420446589
S214040AF0736372697074696F6E3A20202020202018
S214040B00202020202573004361706162696C69743B
S214040B106965733A202020202020202020202020D1
S214040B202020307825325800506167652045726170
S214040B3073652074696D65202873293A2020202067
S214040B40202025640050617274204572617365200C
S214040B5074696D65202873293A20202020202025DA
S214040B606400506172742045726173652074696D07
S214040B706520286D73293A20202020202025640033
S214040B80506167652073697A652028627974657395
S214040B90293A202020202020202020256C00506187
S214040BA072742073697A6520286279746573293AA9
S214040BB0202020202020202020256C00576F7264DF
S214040BC02073697A6520286279746573293A20202F
S214040BD02020202020202025642028257029004558
S214040BE04550524F4D20696E69743A203078255826
S214040BF0002F686F6D652F72756E6E65722F776F36
S214040C00726B2F747579612D7A69676265652D73C9
S214040C1077697463682F747579612D7A696762657C
S214040C20652D7377697463682F73696C6162735F8B
S214040C30746F6F6C732F73696D706C696369747904
S214040C405F73646B2F7574696C2F706C7567696E4F
S214040C502F706C7567696E2D636F6D6D6F6E2F6583
S214040C606570726F6D2F656570726F6D2E630055BB
S214040C706E61626C6520746F20626F6F7420696D9C
S214040C8061676520617420736C6F7420256C640A38
S214040C9000536C6F74204D616E61676572206661E7
S214040CA0696C656420746F20657261736520736C6B
S214040CB06F740A004D61782072656164206C696DFA
S214040CC069742073657420746F20256420627974B7
S214040CD065730A00416464726573732020202020C3
S214040CE02020202020446174610A00307825346C6A
S214040CF07820202020202020307825780A0046619D
S214040D00696C656420746F20726561642066726F16
S214040D106D20666C6173680A00536C6F7420256CD2
S214040D20640A2020416464726573732020202020A6
S214040D303A20307825346C580A20204C656E677447
S214040D40682020202020203A20307825346C582033
S214040D5028256C64206279746573290A002020545F
S214040D6079706520202020202020203A20004E6F15
S214040D702047424C2070726573656E740A005A6987
S214040D80674265650A005468726561640A00436FC9
S214040D906E6E6563740A00426C7565746F6F746872
S214040DA00A00426C7565746F6F7468206170706CAD
S214040DB069636174696F6E0A004D43550A004F7487
S214040DC068657220283078256C58290A0020205639
S214040DD0657273696F6E20202020203A20307825B3
S214040DE06C580A0020204361706162696C697469FA
S214040DF065733A20307825346C580A0020205072E7
S214040E006F6475637420494420203A2000307825A6
S214040E10582000536C6F74204D616E616765723A9A
S214040E20206661696C656420746F20696E697469F4
S214040E30616C697A6520626F6F746C6F6164657249
S214040E4020286572726F72203078253478290A005B
S214040E5056657273696F6E20202020203A20256420
S214040E600A005061727420202020202020203A207E
S214040E7025730A004361706162696C6974696573FD
S214040E803A20307825780A00506172742073697AA3
S214040E90652020203A20256420420A0050616765B8
S214040EA02073697A652020203A20256420420A00AF
S214040EB0576F72642073697A652020203A2025646F
S214040EC020420A00536C6F747320202020202020B8
S214040ED03A2025640A004661696C656420746F20B4
S214040EE0726561642066726F6D2073746F726167D9
S214040EF06520666C61736820286572726F7220259F
S214040F0064290A00496E76616C696420736C6F7498
S214040F1020256420286D617820736C6F7420256406
S214040F20290A004661696C656420746F20676574DD
S214040F3020696E666F20666F7220736C6F7420254E
S214040F40640A00536C6F74204D616E616765723A73
S214040F5020736C6F74207772697465206661696C9F
S214040F607572652E2041646472657373206F6666BD
S214040F707365742028256429202B2077726974658C
S214040F80206C656E6774682028256429206772655E
S214040F9061746572207468616E20746F74616C206D
S214040FA0736C6F74206C656E6774682028256429DA
S214040FB00A00536C6F74204D616E6167657220770A
S214040FC061726E696E673A20736C6F7420256420B4
S214040FD06C656E6774682028256429206E6F7420FB
S214040FE0616C69676E656420746F20706167652044
S214040FF073697A6520282564292E2054686520653F
S2140410006E7469726520736C6F742077696C6C20DB
S2140410106E6F74206265206572617365642E0A00C3
S214041020536C6F74204D616E616765723A20666119
S214041030696C656420746F2065726173652025642D
S21404104020627974657320696E20736C6F74202532
S214041050642061742061646472657373203078253B
S214041060347820286572726F722030782578290AC1
S2140410700045726173656420256420627974657323
S21404108020696E20736C6F742025640A00466169BB
S2140410906C656420746F2073657420736C6F7420A1
S2140410A0746F20626F6F7420286572726F722030BE
S2140410B078253478290A004661696C656420746F63
S2140410C020736574206C697374206F6620736C6F6C
S2140410D0747320746F20626F6F7420286572726F49
S2140410E072203078253478290A004661696C656474
S2140410F020746F20676574206E6577206C6973743E
S214041100206F6620736C6F747320746F20626F6F29
S2140411107420286572726F72203078253478290A14
S21404112000426567696E6E696E6720696D61676502
S21404113020766572696669636174696F6E2E2E2EF9
S214041140002E6661696C65642120284572726F7290
S214041150203078253478290A002E7061737365640C
S2140411602120426F6F74696E6720736C6F7420253C
S214041170640A00666E692B00666E69006E616E0016
S214041180666E692D006C696273006273656E640036
S2140411907265736574007261770073656E645F6D63
S2140411A0756C7469636173740073656E642D75730E
S2140411B0696E672D6D756C7469636173742D6269ED
S2140411C06E64696E670074696D6573796E63006733
S2140411D065742D7074692D726164696F2D636F6E0A
S2140411E066696700636F6E6669672D6363612D6D5C
S2140411F06F6465006576656E7473007365637572F7
S214041200697479007A69676265655F7072696E747D
S21404121000706C7567696E006E6574006B65797333
S214041220006F7074696F6E00706C75670063686138
S2140412306E67656B6579006368616E67656B007AD7
S214041240646F007072696E742072656C6174656494
S21404125020636F6D6D616E64732E0061747472002A
S2140412605A646F2072656C6174656420636F6D6D7B
S214041270616E64732E00726F75746500706F7765A7
S21404128072006D676D742D6C7169006D676D742DD9
S21404129062696E64006E6F64650073696D706C6578
S2140412A0006965656500756E62696E64006E776BCD
S2140412B02D757064006F75742D636C2D6C69737472
S2140412C000696E2D636C2D6C697374005A646F200C
S2140412D0696E2D636C2D6C6973742072656C617411
S2140412E0656420636F6D6D616E64732E005A646F5F
S2140412F0206F75742D636C2D6C6973742072656C25
S2140413006174656420636F6D6D616E64732E005A3C
S214041310646F206E776B2D7570642072656C6174D3
S214041320656420636F6D6D616E64732E0073636114
S2140413306E2D6368616E2D6D61736B007363616EF1
S214041340006368616E5067006368616E005A646F7C
S21404135020756E62696E642072656C6174656420C3
S214041360636F6D6D616E64732E00756E6963617371
S21404137074006368616E67656B65792072656C617D
S21404138074656420636F6D6D616E64732E006C69A2
S2140413906E6B004F7074696F6E2072656C61746555
S2140413A06420636F6D6D616E64732E007265676989
S2140413B073746572006469736300696E7374616C38
S2140413C06C2D636F64650062696E64696E672D7464
S2140413D061626C65007072696E742D72782D6D731F
S2140413E0677300617073726574727900415053209C
S2140413F0726574727920666C616720666F726365C5
S21404140020636F6D6D616E647300456E61626C651A
S214041410732F44697361626C6573207072696E74AD
S214041420696E67206F66205278206D6573736167F6
S21404143065732E00656E61626C650042696E646950
S2140414406E67207461626C652072656C6174656495
S21404145020636F6D6D616E64732E005365637572E1
S214041460697479206B6579732072656C6174656440
S21404147020636F6D6D616E64732E0064656C6574B5
S21404148065004E6574776F726B2072656C61746567
S2140414906420636F6D6D616E64732E00666F726D8B
S2140414A00072656A6F696E2D646966662D6465767A
S2140414B06963652D747970650065787470616E690A
S2140414C0640069736F70656E0062726F61642D707C
S2140414D06A6F696E006368616E67652D6368616E26
S2140414E06E656C00696E6974006368616E67652D6D
S2140414F06B6565702D616C6976652D6D6F6465002E
S21404150074696D656F75742D6F7074696F6E2D6D6B
S21404151061736B006D756C74692D7068792D7374C6
S214041520617274006D756C74692D7068792D7374AE
S2140415306F700066696E64006E6574776F726B20F8
S21404154066696E6420636F6D6D616E64732E006AE7
S2140415506F696E61626C6500756E757365640073A1
S2140415606C6F742D6D616E6167657200636F756E66
S2140415707465727300656E642D6465766963652DA3
S214041580737570706F72740066696E642D616E6434
S2140415902D62696E6400667261676D656E7461744F
S2140415A0696F6E0067726F7570732D7365727665FA
S2140415B072006E6574776F726B2D737465657269ED
S2140415C06E67006F74612D626F6F746C6F61640078
S2140415D06F74612D636C69656E74006F74612D732E
S2140415E0746F726167652D636F6D6D6F6E006F74D7
S2140415F0612D73746F726167652D656570726F6DAA
S2140416000069646C652D736C656570007570646143
S21404161074652D74632D6C696E6B2D6B657900751E
S21404162070646174652D74632D6C696E6B2D6B65C7
S214041630792072656C6174656420636F6D6D616E8C
S21404164064730074696D6572006E6F7700436F6D26
S2140416506D616E647320746F20636F6E74726F6C4A
S2140416602069646C696E672F736C656570696E6754
S214041670206F662074686520646576696365006615
S2140416806F7263652D6177616B65006177616B6569
S2140416902D7768656E2D6E6F742D6A6F696E65643E
S2140416A0007265706F7274696E672072656C61741F
S2140416B0656420636F6D6D616E64732E00636C6584
S2140416C061722D6C6173742D7265706F72742D74F3
S2140416D0696D6500746573742D74696D696E670051
S2140416E06F74612D73746F726167652D65657072B2
S2140416F06F6D2072656C6174656420636F6D6D61D7
S2140417006E64732E0077697065006F74612D737450
S2140417106F726167652D636F6D6D6F6E2072656C99
S2140417206174656420636F6D6D616E6473007072BE
S214041730696E74496D616765730072656C6F616488
S2140417400073746F726167652D696E666F006461FD
S21404175074612D7072696E74006F74612D636C69A8
S214041760656E742072656C6174656420636F6D6D5C
S214041770616E64732E0076657269667900626C6FBA
S214041780636B2D7465737400706167652D72657183
S2140417907565737400757067726164652D72657122
S2140417A0756573740064697361626C652D646F7724
S2140417B06E67726164657300656E61626C652D6444
S2140417C06F776E677261646573006F74612D626F04
S2140417D06F746C6F61642072656C617465642063F9
S2140417E06F6D6D616E6473006E6574776F726B2DCA
S2140417F07374656572696E672072656C617465647E
S21404180020636F6D6D616E64732E007072652D6358
S2140418106F6E666967757265642D6B65792D736581
S21404182074006D61736B2072656C6174656420630B
S2140418306F6D6D616E642E0073756274726163748D
S2140418400067726F7570732D736572766572207299
S214041850656C6174656420636F6D6D616E64732E70
S21404186000667261676D656E746174696F6E20726E
S214041870656C6174656420636F6D6D616E64732E50
S214041880007365742D72782D77696E646F772D7387
S214041890697A65006172746966696369616C2D6250
S2140418A06C6F636B2D64726F700046696E642061A2
S2140418B06E642062696E642072656C61746564206F
S2140418C0636F6D6D616E64732E00696E6974696111
S2140418D0746F7200656E642D6465766963652D7336
S2140418E07570706F72742072656C617465642063C1
S2140418F06F6D6D616E64732E00706F6C6C2D636F0C
S2140419006D706C657465642D63616C6C6261636B89
S21404191000666F7263652D73686F72742D706F6CDA
S2140419206C00656E61626C655F74797065007374D3
S21404193061636B00617070007A636C006C6567614C
S21404194063795F61665F646562756700636F756E71
S214041950746572732072656C6174656420636F6D60
S2140419606D616E64732E007072696E742D636F758C
S2140419706E7465722D747970650073696D706C652C
S2140419802D7072696E74007072696E742D7468724C
S2140419906573686F6C6473007365742D7468726520
S2140419A073686F6C640072657365742D7468726511
S2140419B073686F6C64730073656E642D72657175FD
S2140419C06573740073656375726974792072656CE7
S2140419D06174656420636F6D6D616E647300736516
S2140419E0742D616C6C6F772D74727573742D6365CA
S2140419F06E7465722D72656A6F696E2D7573696E85
S214041A00672D77656C6C2D6B6E6F776E2D6B6579B5
S214041A10007365742D616C6C6F772D7472757374B6
S214041A202D63656E7465722D72656A6F696E2D75A9
S214041A3073696E672D77656C6C2D6B6E6F776E2D84
S214041A406B65792D74696D656F7574007365742D97
S214041A506B65792D726571756573742D706F6C691D
S214041A606379006D66672D746F6B656E00617073C5
S214041A7000536563757269747920617073207265AA
S214041A806C6174656420636F6D6D616E64732E00A3
S214041A904765742F736574204D464720746F6B65D5
S214041AA06E2E00656E64706F696E742072656C616C
S214041AB074656420636F6D6D616E64732E00656576
S214041AC070726F6D207574696C6974792072656CB8
S214041AD06174656420636F6D6D616E647300536C2E
S214041AE06F74204D616E616765722072656C6174F7
S214041AF0656420636F6D6D616E647300626F6F74EE
S214041B002D736C6F740065726173652D736C6F74DE
S214041B10006578742D666C6173682D696E666F0057
S214041B20736C6F74732D696E666F005072696E7491
S214041B30732074696D652E005072696E747320612B
S214041B4074747269627574652E00436C6561727391
S214041B5020746865205A444F206C697374206F663D
S214041B6020636C69656E742028696E2920636C7521
S214041B7073746572732E004164647320636C7573AA
S214041B807465727320746F20746865206B6E6F774B
S214041B906E20636C69656E742028696E2920636CF8
S214041BA0757374657273206F6E207468697320642D
S214041BB065766963652E00436C656172732074688C
S214041BC065205A444F206C697374206F6620636CDA
S214041BD069656E7420286F75742920636C75737438
S214041BE06572732E004164647320636C7573746548
S214041BF0727320746F20746865206B6E6F776E2026
S214041C00636C69656E7420286F75742920636C751F
S214041C107374657273206F6E2074686973206465CC
S214041C20766963652E0053656E647320616E207555
S214041C307064617465206368616E6E656C2072659D
S214041C4071756573742E006368616E6E656C1F0033
S214041C5053656E647320616E2075706461746520CC
S214041C606368616E6E656C2070616765207265716D
S214041C702E2054686520737461636B2073656E64EC
S214041C8073206E776B20656E68616E63656420757D
S214041C9070646174652072657120666F72206E6F61
S214041CA06E2D7A65726F20706167652E00636861B9
S214041CB06E6E656C1F706167651F00506572666F97
S214041CC0726D7320616E20656E657267792073632A
S214041CD0616E2E007461726765744E6F6465496444
S214041CE01F7363616E4475726174696F6E1F7363EC
S214041CF0616E436F756E741F0042726F6164636138
S214041D0073747320746865204944206F6620746871
S214041D1065206E6577206E6574776F726B206D61D3
S214041D206E6167657220616E6420616374697665AE
S214041D30206368616E6E656C732E006E776B4D67FC
S214041D406549641F6368616E6E656C4D61736B1FD5
S214041D5000506572666F726D7320616E20656E65E5
S214041D60726779207363616E206F6E20676976658B
S214041D706E206368616E6E656C206D61736B2E00F9
S214041D807461726765744E6F646549641F7363613A
S214041D906E4475726174696F6E1F7363616E436F10
S214041DA0756E741F6368616E6E656C4D61736B1F30
S214041DB00053656E64732061206E6574776F726B72
S214041DC020616464726573732072657175657374DB
S214041DD020666F722074686520676976656E204990
S214041DE045454520616464726573732E00696565B4
S214041DF0651F00526571756573747320616E2049A2
S214041E004545452061646472657373206261736539
S214041E1064206F6E206120676976656E206E6F643D
S214041E20652049442E006E6F646549641F0053653F
S214041E306E647320612073696D706C6520646573CD
S214041E4063726970746F722072657175657374203D
S214041E50666F72207468652073686F72742061649C
S214041E60647265737320616E6420656E64706F6956
S214041E706E74207370656369666965642E006465B4
S214041E8073741F746172676574456E64706F696EEF
S214041E90741F0053656E64732061206D61746368FB
S214041EA044657363726970746F7273526571756595
S214041EB0737420746F2074686520676976656E2075
S214041EC064657374696E6174696F6E20776974688B
S214041ED02074686520676976656E2070726F66691F
S214041EE06C652E006E6F646549641F70726F666958
S214041EF06C651F0053656E64732061206E6F6465A5
S214041F002064657363726970746F7220726571758C
S214041F1065737420746F206120676976656E20741B
S214041F206172676574206465766963652E00746102
S214041F30726765741F0053656E64732061205A448B
S214041F404F2042696E6420636F6D6D616E64207409
S214041F506F206120646576696365207370656369C4
S214041F606669656420696E2074686520636F6D6DAC
S214041F70616E6420617267756D656E74732E0044BD
S214041F80657374696E6174696F6E1F536F757263DF
S214041F906520656E64706F696E741F44657374693A
S214041FA06E6174696F6E20656E64706F696E741FFF
S214041FB0636C757374657249441F72656D6F7465DE
S214041FC045554936341F6465737445554936341F80
S214041FD00053656E647320616E2061637469766570
S214041FE020656E64706F696E7420726571756573B2
S214041FF07420746F20746865206465766963652050
S214042000776974682074686520676976656E2073DE
S214042010686F72742049442E0053656E64732061A1
S2140420206E20756E62696E64207265717565737470
S21404203020666F72206120756E6963617374206216
S214042040696E64696E6720746F20746865207461B5
S21404205072676574206465766963652E00746172C0
S2140420606765741F736F75726365206575693634AA
S2140420701F736F7572636520656E64706F696E7426
S2140420801F636C757374657249441F646573746961
S2140420906E6174696F6E45554936341F6465737492
S2140420A0696E6174696F6E20656E64706F696E74B4
S2140420B01F0053656E647320616E20756E62696ED0
S2140420C064207265717565737420666F7220612072
S2140420D06D756C7469636173742062696E64696E8D
S2140420E06720746F20746865207461726765742055
S2140420F06465766963652E007461726765741F7320
S2140421006F757263652065756936341F736F7572F3
S214042110636520656E64706F696E741F636C757397
S21404212074657249441F67726F75704164647265A2
S21404213073731F0053656E64732061205A444F20E6
S2140421404D616E6167656D656E74204C656176657C
S21404215020636F6D6D616E6420746F2074686520F3
S214042160746172676574206465766963652E0074AD
S21404217061726765741F72656D6F76654368696C16
S2140421806472656E1F72656A6F696E1F0053656EB2
S21404219064732061205A444F204D474D542D4269A4
S2140421A06E64202842696E64696E67205461626CAE
S2140421B06529205265717565737420746F20746880
S2140421C06520746172676574206465766963652E3C
S2140421D0007461726765741F7374617274496E6407
S2140421E065781F0053656E64732061205A444F203F
S2140421F04D474D542D4C514920284C51492054618B
S214042200626C6529205265717565737420746F203D
S21404221074686520746172676574206465766963A2
S214042220652E0053656E64732061205A444F205017
S2140422306F7765722044657363726970746F722079
S2140422405265717565737420746F207468652074A4
S2140422506172676574206465766963652E005365EC
S2140422606E64732061205A444F20726F7574652023
S2140422707265717565737420636F6D6D616E64202D
S214042280746F20746865207461726765742E0074B8
S21404229061726765741F696E6465781F00696E6491
S2140422A065781F65756936341F696E7374616C6C66
S2140422B0436F64651F00696E6465781F65756936CB
S2140422C0341F6B65791F005443206C696E6B206B5A
S2140422D06579207265717565737420706F6C6963B7
S2140422E0791F417070206C696E6B206B6579207263
S2140422F065717565737420706F6C6963791F00422D
S2140423006F6F6C3A20616C6C6F772074727573749F
S2140423102063656E7465722072656A6F696E2075D7
S21404232073696E672077656C6C2D6B6E6F776E20A5
S2140423306B65791F0070726F66696C6549641F630C
S2140423406C757374657249641F0074617267657492
S21404235049641F00456E61626C6573207072696E15
S21404236074696E67206F66205278206D657373619A
S2140423706765732E005365747320746865206269FC
S2140423806E64696E67207461626C6500696E64656C
S214042390781F636C75737465721F6C6F63616C452C
S2140423A0701F72656D6F746545701F657569363488
S2140423B01F00436C65617273207468652062696EE1
S2140423C064696E67207461626C652E005072696E73
S2140423D07473207468652062696E64696E6720741D
S2140423E061626C6520746F2074686520636F6D6D20
S2140423F0616E64206C696E652E00436C6561727351
S21404240020616C6C207365637572697479206B65E2
S21404241079732E0044656C65746520746865207352
S2140424207065636966696564206C696E6B206B65AC
S2140424307920696E6465782E005072696E74732014
S214042440616C6C207365637572697479206B657949
S214042450732E005465726D696E61746573207468BA
S21404246065206D756C74692D50485920696E7465C5
S2140424707266616365005573656420746F207374B7
S214042480617274206D756C74692D50485920696E9C
S21404249074657266616365206F746865722074681B
S2140424A0616E206E617469766520616E6420666F65
S2140424B0726D20746865206E6574776F726B2E205B
S2140424C054686520737461636B2075736573207339
S2140424D0616D652050616E4964206173206E61747D
S2140424E069766520726164696F206E6574776F72B1
S2140424F06B2E00706167651F6368616E6E656C1F86
S214042500706F7765721F6F7074696F6E734D617349
S2140425106B20284269742030203D20526F75746504
S214042520727320616C6C6F7765642C20426974202A
S21404253031203D2042726F61646361737420616C64
S2140425406C6F776564291F00417474656D707473CD
S21404255020746F206368616E676520746865206305
S21404256068696C642074696D656F7574206F707427
S214042570696F6E206D61736B20746F2066696C746E
S2140425806572206F757420756E6465736972616216
S2140425906C652076616C7565732028652E672E2021
S2140425A06E6F206D6F7265207468616E20332064D0
S2140425B0617973292E0074696D656F7574206F7068
S2140425C074696F6E206D61736B1F00537769746353
S2140425D0686573206265747765656E2064696666EF
S2140425E06572656E74206B65657020616C697665CE
S2140425F0206D6F64657320737570706F7274656494
S214042600206279206120726F757465722E004B65A6
S214042610657020616C697665206D6F64651F005077
S21404262072696E7473207468652063757272656E61
S21404263074204E6F64652049442C20455549363431
S2140426402C20616E642050616E2049442E00496E31
S214042650697469616C697A65732061206E65747744
S2140426606F726B3B207468697320697320612074F1
S21404267065737420636F6D6D616E64207573656435
S21404268020666F722074632D737761702D6F757476
S2140426902074657374696E672E00536574732074B2
S2140426A06865206E6574776F726B20696E646578F2
S2140426B0207573656420627920616C6C206675747D
S2140426C075726520434C4920636F6D6D616E64734B
S2140426D02E20204265666F72652065786563757482
S2140426E0696E67206120434C4920636F6D6D616E8F
S2140426F0642C20746865206672616D65776F726BF2
S21404270020737769746368657320746F20746869CE
S21404271073206E6574776F726B2E20204166746525
S214042720722074686520636F6D6D616E64206669DF
S2140427306E697368657320657865637574696E671A
S2140427402C20746865206672616D65776F726B20E5
S2140427507377697463686573206261636B20746F52
S214042760207468652070726576696F7573206E656F
S21404277074776F726B2E202054686520434C492072
S21404278075736573207468652073616D65206E6566
S21404279074776F726B20696E64657820756E7469E1
S2140427A06C20746865206465766963652072657359
S2140427B0657473206F72206974206973206368617E
S2140427C06E676564207468726F75676820746869DC
S2140427D07320636F6D6D616E642E00417474656D55
S2140427E070747320746F206368616E676520646517
S2140427F076696365206F76657220746F2061206445
S2140428006966666572656E74206368616E6E656C73
S21404281020676976656E20696E2074686520636833
S214042820616E6E656C20617267756D656E742E00E0
S214042830546865206368616E6E656C20746F2063EF
S21404284068616E676520746F1F0066696E64556EF6
S2140428507573656450616E49640066696E644A6F98
S214042860696E61626C654E6574776F726B00506555
S214042870726D697473206A6F696E696E67206F6E15
S21404288020746865206E6574776F726B20666F724D
S214042890206120676976656E206E756D62657220AC
S2140428A06F66207365636F6E647320414E442062C6
S2140428B0726F616463617374732061205A444F209D
S2140428C04D676D74205065726D6974204A6F696E29
S2140428D0696E67207265717565737420746F206104
S2140428E06C6C20726F75746572732E004120736968
S2140428F06E676C65206279746520696E64696361CD
S21404290074696E6720686F77206C6F6E67207468D2
S21404291065206465766963652073686F756C6420EA
S21404292068617665207065726D6974206A6F696E79
S214042930696E67207475726E6564206F6E20666FAC
S214042940722E20412076616C7565206F6620307883
S2140429506666207475726E73206F6E207065726D75
S2140429606974206A6F696E20696E646566696E694B
S21404297074656C792E1F00436865636B73206E65FF
S21404298074776F726B20706A6F696E2073746174EB
S21404299075732E00577269746573207468652065B4
S2140429A07874656E6465642070616E2049442066A0
S2140429B06F7220746865206465766963652E0065A9
S2140429C0787470616E69641F0052656A6F696E730D
S2140429D020616E206578697374696E67206E65740D
S2140429E0776F726B20696E206120736563757265FC
S2140429F0206F7220696E736563757265206D616EF3
S214042A006E657220776974682061206469666665FD
S214042A1072656E7420646576696365207479706582
S214042A202E00426F6F6C65616E206E6574776F72F0
S214042A306B206B657920617661696C6162696C698B
S214042A4074791F4368616E6E656C206D61736B1FCD
S214042A50416E20656E756D65726174696F6E20696E
S214042A606E6469636174696E672074686520646562
S214042A7076696365207479706520746F2072656A60
S214042A806F696E2061732E54686520737461636B7E
S214042A90206F6E6C79206163636570747320534C89
S214042AA05F5A49474245455F454E445F444556494B
S214042AB0434520616E6420534C5F5A49474245455E
S214042AC05F534C454550595F454E445F444556490F
S214042AD043452E1F0052654A6F696E732061206E4F
S214042AE06574776F726B2E00426F6F6C65616E2033
S214042AF06E6574776F726B206B6579206176616999
S214042B006C6162696C6974791F4368616E6E656C8A
S214042B10206D61736B1F004C6561766573206120C0
S214042B206E6574776F726B2E005475726E732070B8
S214042B3065726D6974206A6F696E696E67206F6E60
S214042B4020666F722074686520616D6F756E7420E0
S214042B506F662074696D6520696E64696361746567
S214042B60642E00412073696E676C65206279746513
S214042B7020696E6469636174696E6720686F772084
S214042B806C6F6E672074686520646576696365207B
S214042B9073686F756C642068617665207065726D05
S214042BA06974206A6F696E696E67207475726E2028
S214042BB06F6E20666F722E20412076616C756520DC
S214042BC06F662030786666207475726E7320706542
S214042BD0726D6974206A6F696E20696E64656669D1
S214042BE06E6974656C792E1F004A6F696E73206176
S214042BF0206E6574776F726B206F6E206120676934
S214042C0076656E206368616E6E656C2C20776974D9
S214042C1068206120676976656E20545820506F7767
S214042C20657220616E642050414E2049442E005443
S214042C306865206368616E6E656C206F6E207768C9
S214042C4069636820746F206A6F696E2074686520F3
S214042C506E6574776F726B1F4F6E652D627974653F
S214042C60207369676E65642076616C756520696E8D
S214042C706469636174696E672074686520545820BB
S214042C80506F77657220746861742074686520726A
S214042C906164696F2073686F756C64206265207365
S214042CA0657420746F1F5468652050414E20494453
S214042CB0206F6E20776869636820746F206A6F6976
S214042CC06E20746865206E6574776F726B1F00469D
S214042CD06F726D732061206E6574776F726B206FF0
S214042CE06E206120676976656E206368616E6E6526
S214042CF06C2C2077697468206120676976656E207D
S214042D00545820506F77657220616E642050414E8F
S214042D102049442E00546865206368616E6E656CB5
S214042D20206F6E20776869636820746F20666F7200
S214042D306D20746865206E6574776F726B1F4F6EB6
S214042D40652D62797465207369676E6564207661A3
S214042D506C756520696E6469636174696E67207456
S214042D60686520545820506F7765722074686174C3
S214042D702074686520726164696F2073686F756C6F
S214042D80642062652073657420746F1F5468652020
S214042D9050414E204944206F6E207768696368204E
S214042DA0746F20666F726D20746865206E65747724
S214042DB06F726B1F005468697320696E6974696169
S214042DC074657320612054434C4B207570646174A1
S214042DD0652070726F6365647572652E0053706546
S214042DE0636966792074686520616D6F756E7420FA
S214042DF06F662074696D6520746F2077616974202E
S214042E006166746572206F6E652054434C4B207562
S214042E107064617465206F7065726174696F6E208A
S214042E20636F6D706C65746573206265666F72653A
S214042E3020626567696E6E696E672061206E6577CD
S214042E402054434C4B20757064617465206F706524
S214042E50726174696F6E2E0054686520616D6F75BB
S214042E606E74206F662074696D652062657477657C
S214042E70656E2073756273657175656E7420747201
S214042E807573742063656E746572206C696E6B204E
S214042E906B6579207570646174657320696E206D46
S214042EA0696C6C697365636F6E64731F0053657435
S214042EB0206F7220636C656172207374617920617F
S214042EC077616B65207768656E206E6F74206A6F15
S214042ED0696E656400536574206F7220636C656167
S214042EE07220666F726365206177616B6500446962
S214042EF073706C61792074686520736C65657020E6
S214042F0073746174757300464F5220544553544984
S214042F104E4720505552504F534553202D2067613D
S214042F20746865722074696D696E67206D65747265
S214042F3069637320666F72207265706F7274696E4F
S214042F4067207461626C65206F7065726174696F66
S214042F506E732E00436C6561727320746865206C12
S214042F60617374207265706F72742074696D652065
S214042F706F6620617474726962757465732E00419D
S214042F806464732061206E657720656E74727920A0
S214042F90746F20746865207265706F727420746133
S214042FA0626C652E00546865206C6F63616C2065E6
S214042FB06E64706F696E742066726F6D20776869D0
S214042FC063682074686520617474726962757465D8
S214042FD0206973207265706F727465641F54686527
S214042FE020636C75737465722077686572652074E7
S214042FF068652061747472696275746520697320EB
S2140430006C6F63617465641F546865204944206F5F
S21404301066207468652061747472696275746520CC
S2140430206265696E67207265706F727465641F30BE
S21404303020666F7220636C69656E742D73696465AF
S2140430402061747472696275746573206F722031BE
S21404305020666F72207365727665722D7369646577
S21404306020617474726962757465731F5468652090
S2140430706D696E696D756D207265706F7274696EB8
S2140430806720696E74657276616C2C206D65617359
S2140430907572656420696E207365636F6E64732E43
S2140430A01F546865206D6178696D756D2072657052
S2140430B06F7274696E6720696E74657276616C2CC3
S2140430C0206D6561737572656420696E207365632F
S2140430D06F6E64732E1F546865206D696E696D7516
S2140430E06D206368616E676520746F207468652060
S2140430F0617474726962757465207468617420778B
S214043100696C6C20726573756C7420696E2061201E
S2140431107265706F7274206265696E672073656E7F
S214043120742E1F0052656D6F76657320616E206580
S2140431306E7472792066726F6D207468652072658D
S214043140706F7274207461626C652E00546865201A
S214043150696E646578206F66207468652072657091
S2140431606F727420746F2062652072656D6F766569
S214043170641F00436C6561727320616C6C20656E1D
S21404318074726965732066726F6D20746865207248
S21404319065706F7274207461626C652E005072697B
S2140431A06E747320746865207265706F7274207410
S2140431B061626C652E00576970657320616C6C20C3
S2140431C06461746120696E207468652073746F721C
S2140431D0616765206465766963652E005072696E62
S2140431E07473206172626974726172792062797490
S2140431F06573206F6620746865204F544120696D9E
S214043200616765206F6E206469736B2E0054686571
S21404321020696E646578206F662074686520696D21
S21404322061676520746F207072696E7420697473A8
S21404323020646174611F546865206F6666736574E4
S21404324020696E746F20746865204F544120696D40
S21404325061676520746861742077696C6C206265A8
S214043260207072696E7465641F005072696E7473A0
S21404327020696E666F726D6174696F6E2061626F2D
S2140432807574207468652073746F72616765206452
S21404329065766963652E0052656C6F616420746898
S2140432A0652073746F72616765206465766963650B
S2140432B02E0044656C657465732074686520696DBA
S2140432C0616765206174207468652073706563693E
S2140432D06669656420696E6465782E0054686520A6
S2140432E0696E646578206174207768696368207401
S2140432F06F20626567696E2064656C6574696E67C5
S2140433002074686520696D6167651F005072696E78
S21404331074732074686520696D616765732E004553
S2140433206E61626C6573204F544120646F776E67DC
S21404333072616465732E0044697361626C65732000
S2140433404F544120646F776E6772616465732E0014
S21404335053656E647320616E205570677261646590
S214043360456E645265717565737420746F20616E62
S214043370204F5441207365727665722E0043616E49
S214043380206265207573656420746F2064796E61AD
S2140433906D6963616C6C79207475726E206F6666F5
S2140433A02073656E64696E67207061676520726558
S2140433B0717565737473206F6E2074686520636C12
S2140433C069656E7420736964652C20696620746868
S2140433D0652073657276657220646F65736E2774F4
S2140433E020737570706F72742074686973206665D4
S2140433F061747572652E00426F6F6C65616E20761F
S214043400616C7565207475726E696E67206F6E20C8
S214043410283129206F72206F666620283029207490
S21404342068652070616765207265717565737420C0
S214043430666C61671F0053656E647320616E206955
S2140434406D61676520626C6F636B2072657175656C
S214043450737420666F7220612066696C65207468D8
S21404346065207365727665722073686F756C642068
S2140434706E6F7420686176652E2020546573742000
S2140434806861726E657373206F6E6C79202874653C
S2140434907374206361736520392E352E36202D20F3
S2140434A04D697373696E672046696C6529005072AE
S2140434B0696E747320696E666F726D6174696F6E7F
S2140434C0206F6E207468652063757272656E742052
S2140434D07374617465206F6620746865204F544168
S2140434E020636C69656E7420646F776E6C6F6164BC
S2140434F02E0053746F707320746865204F544120F7
S2140435007374617465206D616368696E652E00531B
S214043510746172747320746865204F544120636C20
S21404352069656E74207374617465206D616368697F
S2140435306E652E20546865207374617465206D6111
S2140435406368696E6520646973636F766572732059
S214043550746865204F5441207365727665722C201A
S2140435607175657269657320666F72206E65772063
S214043570696D616765732C20646F776E6C6F616428
S214043580732074686520696D6167657320616E6475
S21404359020776169747320666F722074686520737F
S2140435A0657276657220636F6D6D616E6420746FEC
S2140435B020757067726164652E005072696E74734C
S2140435C020746865206D616E7566616374757265D6
S2140435D0722049442C20496D6167652054797065D2
S2140435E02049442C20616E642056657273696F6EA0
S2140435F020696E666F726D6174696F6E207468619F
S21404360074206172652075736564207768656E2022
S21404361061207175657279206E65787420696D61B4
S21404362067652069732073656E7420746F207468F0
S21404363065207365727665722062792074686520E9
S214043640636C69656E742E00506572666F726D7376
S214043650207369676E617475726520766572696633
S21404366069636174696F6E206F6E20746865206983
S2140436706D61676520617420746865207370656386
S214043680696669656420696E6465782E00546865A9
S21404369020696E64657820617420776869636820A1
S2140436A0746F20626567696E207665726966696301
S2140436B06174696F6E206F662074686520696D6139
S2140436C067651F00426F6F746C6F61647320746863
S2140436D06520696D61676520617420746865207370
S2140436E0706563696669656420696E6465782062DE
S2140436F0792063616C6C696E6720746865204F542A
S2140437004120626F6F746C6F61642063616C6C62DD
S21404371061636B2E0054686520696E646578206169
S2140437207420776869636820746F20626567696EC1
S21404373020626F6F746C6F6164696E67207468656D
S21404374020696D6167651F005072696E7473206925
S2140437506E666F2061626F75742074686520696E8A
S2140437607374616C6C656420626F6F746C6F6164F3
S21404377065722E00537562747261637473206120DF
S2140437806368616E6E656C2066726F6D2065697421
S21404379068657220746865207072696D617279203C
S2140437A06F72207365636F6E6461727920636861FB
S2140437B06E6E656C206D61736B206F662074686531
S2140437C0206E6574776F726B2D7374656572696E9F
S2140437D06720636F6D706F6E656E742E0054686537
S2140437E0206368616E6E656C206D61736B20746F08
S2140437F020737562747261637420746865206368EC
S214043800616E6E656C2066726F6D1F54686520630A
S21404381068616E6E656C20746F2073756274726175
S214043820637420746865206D61736B2066726F6DB7
S2140438301F00416464732061206368616E6E656C6A
S21404384020746F20656974686572207468652070DA
S21404385072696D617279206F72207365636F6E642E
S214043860617279206368616E6E656C206D61736B3E
S214043870206F6620746865206E6574776F726B2D92
S2140438807374656572696E6720636F6D706F6E65BD
S2140438906E742E00546865206368616E6E656C20D5
S2140438A06D61736B20746F206164642061206368AB
S2140438B0616E6E656C20746F1F5468652063686162
S2140438C06E6E656C20746F2061646420746F20745F
S2140438D06865206D61736B1F00536574732065699A
S2140438E07468657220746865207072696D61727997
S2140438F0206F72207365636F6E64617279206368EB
S214043900616E6E656C206D61736B2E005468652065
S2140439106368616E6E656C206D61736B20746F20D6
S2140439207375627472616374207468652063686179
S2140439306E6E656C2066726F6D1F546865207661C6
S2140439406C756520746F20736574207468652063D5
S21404395068616E6E656C206D61736B20746F2E1FCC
S214043960005365747320746865207072652D636FE8
S2140439706E66696775726564206B657920736F205F
S2140439807468617420746865206A6F696E696E670E
S214043990206465766963652063616E20656E746570
S2140439A07220746865206E6574776F726B2E005390
S2140439B06574732074686520707265636F6E6669DB
S2140439C06775726564206B65791F0053746F707336
S2140439D020746865206E6574776F726B20737465E7
S2140439E06572696E672070726F636573732E005319
S2140439F0746172747320746865206E6574776F7270
S214043A006B207374656572696E672070726F636588
S214043A1073732E0041206D61736B206F66206F7088
S214043A2074696F6E7320666F7220696E6469636171
S214043A3074696E672073706563696669632062657E
S214043A40686176696F722077697468696E20746835
S214043A5065206E6574776F726B2D73746565726915
S214043A606E672070726F636573732E1F00446973EC
S214043A70706C617973207468652063757272656E04
S214043A807420737461747573206F6620746865207F
S214043A906E6574776F726B207374656572696E6792
S214043AA02070726F636573732E00436C6561727366
S214043AB0207468652067726F757073207461626C19
S214043AC065206F6E20657665727920656E64706F0A
S214043AD0696E74005072696E747320696E666F72D4
S214043AE06D6174696F6E2061626F757420746865A9
S214043AF020636F6E74656E7473206F6620746865D9
S214043B002067726F757073207461626C652E004155
S214043B1072746966696369616C6C792064726F702B
S214043B20732074686520626C6F636B206E756D62BB
S214043B30657220646566696E6564206279207468BF
S214043B40652070617373656420617267756D656E58
S214043B5074206F6E6C79206F6E63652C20616E64C2
S214043B60207468656E20616C6C6F777320697420AE
S214043B7075706F6E20612072657472792E005468B9
S214043B806520626C6F636B206E756D62657220745F
S214043B906F206172746966696369616C6C7920640C
S214043BA0726F7020746F20666F7263652061207276
S214043BB065747279202D2073657420746F203078B4
S214043BC0464620746F2064697361626C651F0053F7
S214043BD0657473207468652072656365697665200C
S214043BE077696E646F772073697A652E2020427930
S214043BF020646566696E6974696F6E20696E2074E8
S214043C00686520536D61727420456E65726779200D
S214043C1070726F66696C65206974206D75737420A4
S214043C2062652073657420746F2031206275742079
S214043C307468697320616C6C6F7773206974207480
S214043C406F206265206368616E6765642E00546841
S214043C5065206D6178206E756D626572206F6620D2
S214043C6074686520626C6F636B7320726563656944
S214043C70766564206265666F726520616E204150C9
S214043C80532061636B2069732067656E6572617487
S214043C9065641F004D616B65732074686973206EDC
S214043CA06F6465207374617274206964656E7469E8
S214043CB06679696E67206173206120746172676536
S214043CC07420666F722062696E64696E6720776915
S214043CD0746820616E20696E69746961746F7220FD
S214043CE06E6F64652E0054686520656E64706F6937
S214043CF06E74206F6E20776869636820746F206224
S214043D006567696E207468652046696E64696E67C7
S214043D1020616E642042696E64696E672074617205
S214043D206765742070726F636573731F004D616BF3
S214043D3065732074686973206E6F6465207374619C
S214043D4072742074686520696E69746961746F7230
S214043D502070617274206F66207468652066696ED0
S214043D6064696E6720616E642062696E64696E675A
S214043D702070726F636573732E0054686520656ED9
S214043D8064706F696E74206F6E207768696368204C
S214043D90746F20626567696E207468652046696E74
S214043DA064696E6720616E642042696E64696E673A
S214043DB020696E69746961746F722070726F6365CE
S214043DC073731F005365747320776865746865722F
S214043DD02074686520434C4920666F7263657320BF
S214043DE07468652064657669636520746F207368FB
S214043DF06F727420706F6C6C2E0054686520766148
S214043E006C756520696E6469636174696E67207792
S214043E10686574686572207468652064657669638D
S214043E20652073686F756C642073686F7274207095
S214043E306F6C6C1F005365747320776865746865CF
S214043E407220746865206465766963657320706F94
S214043E506C6C20636F6D706C657465642063616C54
S214043E606C6261636B2066756E6374696F6E20693D
S214043E707320656E61626C65642E005468652076F6
S214043E80616C756520696E6469636174696E672028
S214043E9077686574686572207468652064657669F9
S214043EA063657320706F6C6C20636F6D706C6574E3
S214043EB065642063616C6C6261636B2066756E6317
S214043EC074696F6E20697320656E61626C65641F29
S214043ED000446973706C6179732074686520737428
S214043EE061747573206F662074686520456E64205F
S214043EF04465766963657320706F6C6C696E672EB3
S214043F0000456E61626C652F64697361626C65203E
S214043F10646562756720606C6567616379206170AB
S214043F2070206672616D65776F726B20646562756A
S214043F306760207072696E7420747970652E00450F
S214043F406E61626C652F64697361626C651F0045FF
S214043F506E61626C652F64697361626C652064656A
S214043F6062756720607A636C60207072696E742074
S214043F70747970652E00456E61626C652F64697392
S214043F8061626C652064656275672060617070604C
S214043F90207072696E7420747970652E00456E61A7
S214043FA0626C652F64697361626C65206465627512
S214043FB0672060636F726560207072696E74207427
S214043FC07970652E00456E61626C652F6469736155
S214043FD0626C652064656275672060737461636BE8
S214043FE060207072696E7420747970652E00536553
S214043FF06E64732061207265717565737420666FD4
S21404400072204F544120636F756E746572732E0070
S21404401052657365747320616C6C20746872657382
S214044020686F6C64732076616C75657320746F209A
S2140440303078464646462E005365747320612074D5
S21404404068726573686F6C642076616C756520664B
S2140440506F72206120706172746963756C6172207E
S21404406074797065206F6620636F756E7465722E42
S2140440700054797065206F6620636F756E74657280
S2140440801F5468726573686F6C642056616C75653E
S2140440901F005072696E74732074686520746872A9
S2140440A06573686F6C6473206F6620616C6C207433
S2140440B0686520636F756E746572732E00436C6555
S2140440C061727320616C6C20636F756E7465722008
S2140440D076616C7565732E005072696E7473206118
S2140440E06C6C20636F756E7465722076616C756592
S2140440F0732E005072696E7473207468652076613E
S2140441006C7565206F6620746869732070617274BC
S2140441106963756C617220636F756E7465722E00C8
S21404412054686520636F756E746572207479706563
S21404413020746F207072696E741F005072696E74FA
S2140441407320616C6C20636F756E74657220766183
S2140441506C75657320616E6420636C656172732090
S2140441607468656D2E00536574204D464720746F41
S2140441706B656E2C2043414E4E4F542042452055CD
S2140441804E53455420425920434C492E00507269E0
S2140441906E74204D464720746F6B656E2E00507209
S2140441A0696E7420616374697665206576656E74DD
S2140441B0732E0044697361626C65207468652065BB
S2140441C06E64706F696E7420666F72205A434C205A
S2140441D06D657373616765732E00456E64706F69F1
S2140441E06E7420696E6465781F00456E61626C6546
S2140441F0732074686520656E64706F696E742066DB
S2140442006F72205A434C206D657373616765732E15
S214044210005072696E7420737461747573206F66CF
S21404422020656E64706F696E74732E0053686F77C2
S21404423073207468652076657273696F6E206F6686
S2140442402074686520736F6674776172652E0053F8
S21404425065742074686520636F6E66696775726539
S21404426064203830322E31352E3420434341206DBD
S2140442706F646520696E2074686520726164696F76
S2140442802E2053656520646F63756D656E74617466
S214044290696F6E20726567617264696E6720524149
S2140442A0494C5F494545453830323135345F4363C0
S2140442B0614D6F64655F742E0041205241494C5F26
S2140442C0494545453830323135345F4363614D6F77
S2140442D064655F742076616C75651F00526574753D
S2140442E0726E732050544920726164696F20636F44
S2140442F06E66696720696E666F726D6174696F6E4B
S21404430020746F2064657465726D696E65207468C8
S21404431065205048592074797065206265696E6717
S2140443202075736564206279205241494C2E2072B0
S214044330657475726E2076616C7565206973206588
S2140443406E756D205241494C5F49454545383032BB
S2140443503135345F507469526164696F436F6E66B9
S21404436069675F7420652E6720205241494C5F4977
S2140443704545453830323135345F5054495F5241F3
S21404438044494F5F434F4E4649475F32503447488F
S2140443905A203D203078303055205241494C5F49F0
S2140443A04545453830323135345F5054495F5241C3
S2140443B044494F5F434F4E4649475F32503447485F
S2140443C05A5F414E54444956203D2030783031558A
S2140443D0205241494C5F49454545383032313534E1
S2140443E05F5054495F524144494F5F434F4E4649DC
S2140443F0475F32503447485A5F434F4558203D2064
S2140444003078303255205241494C5F49454545384D
S21404441030323135345F5054495F524144494F5F1E
S214044420434F4E4649475F32503447485A5F414EE1
S214044430544449565F434F4558203D203078303326
S214044440550053656E647320612072656164206153
S21404445074747220666F72207468652074696D6562
S214044460206F6620746865206465766963652073CA
S21404447070656369666965642E2049742073657483
S21404448073206120666C616720736F207768656EA1
S2140444902069742067657473207468652072657378
S2140444A0706F6E7365206974207772697465732003
S2140444B07468652074696D6520746F206974732050
S2140444C06F776E2074696D6520617474722E00496E
S2140444D0641F737263456E64706F696E741F6465DF
S2140444E07374456E64706F696E741F005768656EEA
S2140444F02073656E64696E67207573696E672061E4
S2140445002062696E64696E672C20737065636966E1
S21404451069657320776865746865722061206D75B7
S2140445206C7469636173742062696E64696E672073
S21404453073686F756C6420626520757365642E00FD
S2140445407573654D756C74696361737442696E64E2
S214044550696E671F0053656E647320612070726510
S2140445602D6275666665726564206D756C74696324
S214044570617374206D65737361676520746F206161
S21404458020676976656E2067726F757020494420CF
S21404459066726F6D206120676976656E20656E644D
S2140445A0706F696E742E0067726F757049641F733E
S2140445B072632D656E64706F696E741F0043726556
S2140445C0617465732061206D65737361676520622D
S2140445D0792073706563696679696E6720746865A7
S2140445E0207261772062797465732E205573652076
S2140445F07468652073656E6420636F6D6D616E64A8
S21404460020746F2073656E6420746865206D65730E
S21404461073616765206F6E636520697420686173D3
S214044620206265656E20637265617465642E20453C
S214044630783A2072617720307830303046207B30EC
S2140446403020304120303020313120323220333394
S2140446502034342035357D2073656E6473206120E4
S2140446606D65737361676520746F20636C7573740E
S2140446706572203135202830783030304629206F56
S21404468066206C656E67746820382077686963688E
S21404469020696E636C7564657320746865205A437C
S2140446A04C206865616465722E00436C757374658E
S2140446B07249641F446174611F00526573657473A4
S2140446C020746865206E6F64652E00577269746581
S2140446D0732061206D6573736167652E00456E6493
S2140446E0706F696E741F436C7573746572204944E9
S2140446F01F4174747269627574652049441F4D6164
S214044700736B1F4461746120747970651F4461740F
S2140447106120627974651F005265616473206120AC
S2140447206D6573736167652E00456E64706F696EA0
S214044730741F436C75737465722049441F41747406
S2140447407269627574652049441F31206966207356
S214044750657276657220646972656374696F6E2C1F
S214044760203020696620636C69656E742064697203
S214044770656374696F6E1F0053656E6473206120F1
S2140447806D6573736167652E0044657374696E6145
S21404479074696F6E1F536F7572636520656E6470FF
S2140447A06F696E741F44657374696E6174696F6EA5
S2140447B020656E64706F696E741F00536F75726344
S2140447C06520656E64706F696E741F004C6973743F
S2140447D073207768696368206F7074696F6E616CA4
S2140447E0206C6962726172696573206F66207468F2
S2140447F06520737461636B2061726520696D706CEB
S214044800656D656E746564206F6E207468697320C8
S2140448106465766963652E005072696E74732069E8
S2140448206E666F726D6174696F6E2061626F757407
S21404483020746865206E6574776F726B207374617C
S21404484074652C20636C7573746572732C20616EAA
S2140448506420656E64706F696E74732E006F66668E
S2140448607365741F005072696E747320696E666F88
S214044870726D6174696F6E20666F7220616C6C2055
S214044880617661696C61626C6520736C6F74732EFB
S21404489000526561647320726177206461746120DC
S2140448A066726F6D20666C6173682073746F7261D4
S2140448B067652E004164647265737320746F20729A
S2140448C06561641F4E756D626572206F662062793D
S2140448D074657320746F20726561641F005072697A
S2140448E06E747320666C6173682073746F7261678C
S2140448F06520696E666F726D6174696F6E2E004511
S2140449007261736573207468652073706563696685
S21404491069656420736C6F742049442E0053746F69
S2140449207261676520736C6F74206E756D62657254
S2140449301F00426F6F74732074686520696D616729
S2140449406520696E2074686520737065636966699E
S214044950656420736C6F742049442E00434C4920D0
S214044960696E7374616E6365206578616D706C65DD
S2140449700064756D6D795F696E7374005A434C20DC
S214044980636F6D6D616E6473006261736963006763
S2140449906C6F62616C006D66672D636F646500758D
S2140449A073652D6E6578742D73657175656E6365B4
S2140449B000782D64656661756C742D72657370007D
S2140449C0746573742D726573706F6E73652D6F6E78
S2140449D000746573742D726573706F6E73652D6FD6
S2140449E06666005A434C20626173696320636C7583
S2140449F07374657220636F6D6D616E647300727498
S214044A00666400436F6D6D616E6420746861742023
S214044A1072657365747320616C6C2061747472695A
S214044A20627574652076616C75657320746F206694
S214044A306163746F72792064656661756C742E00A8
S214044A405241494C006C6F7765722D6D61632D720F
S214044A5061696C2D3830322E31352E342E63006C5D
S214044A6069627261696C2E6100756E636C61696D52
S214044A706564006275666665722D6D616E61676554
S214044A806D656E742E63006576656E742D7175653E
S214044A9075652E63007A69676265652D7570706545
S214044AA0722D6D61632E63006E65696768626F724E
S214044AB02E63006173736F63696174696F6E2E632E
S214044AC00031383231730031343232310031323110
S214044AD00032730031323231313200313232313108
S214044AE0003238310038313100313832313100315A
S214044AF032313131323132323231730031323200B6
S214044B0031323131323231003131313100323238E2
S214044B10006D61632D6D756C74692D6E6574776FA9
S214044B20726B2E63006C65676163792D7061636BCD
S214044B3065742D6275666665722E63000000020059
S214044B400000000000000000BA040000000002009C
S214044B500000000000000000BA0400000001020388
S214044B600E312E312E322D3961326330383739000A
S214044B700100000203030100060000000000060016
S214044B800000000013B779FAC925DDB7ADF3CFE00E
S214044B90F1B614B80102000000000000FFFFFFFF9A
S214044BA001000000010000000000000000000000FA
S214044BB000000000000000000000000000000000EC
S214044BC000000000000000000000000000000000DC
S214044BD000000000033F1F00230F03001F0F030005
S214044BE0FD0E0300CB0E03005B0F03002D0F030026
S214044BF0CD0E03002C000000020202030000000099
S214044C0001020000000801B4AC4C04000008015A7C
S214044C10684C040000080040244C04000000000017
S214044C20000000000000FCFEFFFF00000000000083
S214044C30FFFF000000000000FFFF0000000000006F
S214044C40FFFF00000000000040001806F4D2000039
S214044C502C00B0023DBE00001700F2000C7C0000E1
S214044C600C0041009E4200006400FCFEFFFF0000B2
S214044C7000000000FFFF0000000000005A00F306DA
S214044C80A554FEFF2100A301A1FEFFFF1100A6000C
S214044C90832700000A006100DC26000006003B00B3
S214044CA0F820000003001500AD130000C800FCFE49
S214044CB0B4008B087BC0FBFF4D00E402E756FFFF01
S214044CC02C00A20183EBFFFF1A000301B31A0000B5
S214044CD01100A300552900000A005E005A280000AF
S214044CE006003A0021220000040018007316000093
S214044CF0A6000400E8B30300E8B30300E8B3030027
S214044D00E8B30300E8B30300E8B30300E8B3030022
S214044D10E8B30300E8B30300E8B30300E8B3030012
S214044D20E8B30300E8B30300E8B30300E8B3030002
S214044D30E8B30300E8B30300E8B30300E8B30300F2
S214044D40E8B30300E8B30300E8B30300E8B30300E2
S214044D50E8B30300E8B30300E8B30300E8B30300D2
S214044D60F6B30300E8B303000BB40300E8B3030090
S214044D70E8B3030030B40300E8B30300E8B3030069
S214044D80E8B30300E8B3030058B40300E8B3030031
S214044D90E8B30300E8B30300E8B3030070B4030009
S214044DA0E8B303008EB403000B0000000B00000001
S214044DB002000000000020200000000003000000A5
S214044DC08C8C3C0000000000000000000000000086
S214044DD0000000581200000000000000FFFFFFFF64
S214044DE0FFFFFFFFFFFFFFFF554E4B00474F20001E
S214044DF042544C00474F3200474F3300474F34006D
S214044E00474F3500474F3600474F3700474F380067
S214044E10474F3900474F4100474F4200474F430032
S214044E20474F4400474F4500474F46004A4D500001
S214044E30424452005550520042544D004D534D00CA
S214044E4046544C00554E4B00474F200042544C00ED
S214044E504241440046544C00465243004F544100DD
S214044E6044534C004241500055504700544D4500B1
S214044E7046415500545A4600554E4B0050494E0084
S214044E80454D3400554E4B0048562000554E4B00B9
S214044E90455850004C574D00554E4B005242540056
S214044EA044534C00454D3400554E4B00415354007A
S214044EB0554E4B0056465900494E4800554E4B0039
S214044EC04C434B0058544C004F424600554E4B0042
S214044ED0485244004D454D00425553005553470033
S214044EE044424700444D410056435400554E4B003F
S214044EF0555020005250200041503000415031009F
S214044F00415020004450200044454300E84D04002E
S214044F10EC4D0400444E0400784E0400844E040015
S214044F208C4E0400984E0400A84E0400B04E0400B4
S214044F30BC4E0400CC4E0400EC4E0400554E4B0010
S214044F404649420042544C004558540050575200BB
S214044F5057444700205357004352530046534800D3
S214044F6042414400464C540042524F00010401039F
S214044F7003060105010501090600060B0000070BE0
S214044F80050B000000000000000000000400E40C14
S214044F900A000104100100000005000200000300DE
S214044FA02852040024520400105204000C52040038
S214044FB00852040004520400F2510400E2510400B2
S214044FC0C8510400C0510400B6510400B451040092
S214044FD09C5104009951040091510400805104002E
S214044FE0705104005E510400445104003C51040016
S214044FF0305104002C510400285104001A510400B6
S2140450000F510400F6500400DD50040081500400E3
S2140450108050040070500400485004003D500400C2
S2140450203C5004002850040000000000000000006B
S2140450300000000000000000000000000F00000058
S2140450400000000000000000000000000000000057
S2140450500000000000000000000000000000000047
S2140450600000000000000000000000000000000037
S2140450700100000000000000000000000000000026
S2140450800F00000000000000000000000000000008
S2140450900000000000000000000000000000000007
S2140450A000000000000000000000000000000000F7
S2140450B000000000000000000000000000000000E7
S2140450C000000000000000000000000000000000D7
S2140450D000000000000000000000000000000000C7
S2140450E000000000000000000000000000000000B7
S2140450F000000000000000000000000000000000A7
S2140451000000000000000000000000000000000096
S2140451100000000000000000000000000000000086
S2140451200000000000000000000000000000000076
S214045130FFFFFFFFFFFFFFFFFFFF00000000000070
S2140451400000000000000000000000000000000056
S2140451500000000000000000000000000000000046
S2140451600000000000000000000000000000000036
S2140451700000000000000000000000000000000026
S2140451800000000000000000000000000000000016
S21404519000FFFFFFFFFFFFFFFF9C0000FF00000073
S2140451A000000000000000000000000000000000F6
S2140451B0800000000000FFFFFFFFFFFFFFFFFFFF70
S2140451C000000000FFFF00000000000000000000D8
S2140451D000000000000000000000000000000000C6
S2140451E00000FFFFFF0000000000000000000000B9
S2140451F000000000000000000000000000000000A6
S2140452000000000000000000000000000000000095
S2140452100000000000000000000000000000000085
S2140452200000000000000000FC0301010101010170
S214045230010101010101010101000000000000015B
S21404524000200000000000010100002002041104F8
S214045250040211101A080A021801081110111A087B
S2140452600A04020D0B19195C0110280B0114000026
S2140452700000000000000000000000000001010122
S2140452800101010001010101010101000001010108
S2140452900001000101000000000000000000000002
S2140452A000000000000100000000000000000000F4
S2140452B00000000001FF010023E1010075E4010085
S2140452C063E2010063E5010062E1010079EB01009D
S2140452D064EE010024E1010025E1010026E101005D
S2140452E027E1010028E1010029E101002AE101008B
S2140452F0000001008000010000010100800101009F
S214045300000201008002010020E201000003010007
S2140453100005010080050100000601002C8901003B
S214045320800601000007010001E5010002E5010016
S21404533000080100800801000040010086321010B9
S214045340FFFFFFFFFFFFFFFF1CBD030022BD03009E
S21404535028BD03002EBD030034BD030056777777BF
S2140453607777777777777777777777775A69674234
S2140453706565416C6C69616E636530395A6967426C
S2140453806565416C6C69616E636530394E574B20B8
S2140453905374656572696E670000959695959505D4
S2140453A007090D00000000000001020304060000C7
S2140453B09AD5030035E903004FE9030066E90300C4
S2140453C079E9030089E903009DE90300AFE90300D6
S2140453D0BFE90300DBE90300F0E903000208010D5E
S2140453E00D01010112010000FFFFFFFFFFFFFFFF99
S2140453F00000000000000000010905010002000092
S214045400000000031EF1EE0B1854040031F60300EE
S214045410A6000400FE0000004DF6030078550400C4
S2140454200000000057F60300685504000000000062
S21404543064F60300585504000000000071F60300EB
S21404544048550400000000008FF60300345504009D
S2140454500000000087F6030020550400000000004A
S2140454608EF603000C550400000000009CF60300B2
S214045470FC540400000000000EF50300E854040089
S2140454800000000095F60300D85404000000000055
S214045490A1F60300C4540400000000004DBB030042
S2140454A0B4540400000000000000000000000000E7
S2140454B00000000011270300B2F60300EFF6030015
S2140454C0010100FF79EA000018F703005DF7030006
S2140454D0010100010107FF0035EA0000AAF70300F6
S2140454E015F80300010100FF75E9000036F8030013
S2140454F04FF8030000010100FF000000232703000B
S21404550074F80300CCF803000101FF000B27030026
S214045510E3F803003AF9030001010207FF00000064
S21404552005270300E3F803003AF903000101020724
S214045530FF000000FF260300E3F803003AF9030027
S21404554001010207FF00000029E900005BF90300DF
S2140455509AF90300010101FFC9E80000B9F9030044
S214045560FEF90300010000FF85E80000B9F9030016
S214045570FEF90300010000FF0DE9000025FA030010
S2140455802BF8030000FF0000F92603007AFA030054
S21404559046250400FF000000F3260300EDFA03008E
S2140455A046250400FF00000065E800005CFB0300DD
S2140455B0D1FB030000FF00003DE80000E9FB030008
S2140455C04BFC030000FF0000E52603005CFC030020
S2140455D0A2FC030002FF000005E80000ABFC030089
S2140455E01FFD030001FF0000000000001F00040070
S2140455F0110000002B000400120000003300040019
S214045600130000003B0004002100000043000400D7
S214045610220000004A000400230000005100040099
S214045620AA00000058000400FF000000000000006C
S214045630FFFFFFFFFFFFFFFF000000000000000069
S214045640000001080109020A030B040C050D060EEE
S214045650070F081001180119021A031B041C051D64
S214045660061E071F08200121022203230424052501
S2140456700626072708280129022A032B042C052DB1
S214045680062E072F08300131023203380239043A55
S21404569008E004E104E204E802E902EA04F008F19E
S2140456A01000000000000000040500000C57040071
S2140456B002000F003457040002000F005C57040079
S2140456C002000F008457040002000F00AC570400C9
S2140456D002000F00D457040002000F00FC57040019
S2140456E002000F002458040002000F004C58040067
S2140456F002000F007458040002000F009C580400B7
S21404570002000F00C458040002000F00000000004E
S214045710EC580400030000004000000000000000F5
S214045720190000001059040004000F008000000057
S2140457300000000000000000EC5804000300000015
S214045740400000000000000019000000105904008A
S21404575004000F00800000000000000000000000AD
S214045760EC580400030000004000000000000000A5
S214045770190000001059040004000F008000000007
S2140457800000000000000000EC58040003000000C5
S214045790400000000000000019000000105904003A
S2140457A004000F008000000000000000000000005D
S2140457B0EC58040003000000400000000000000055
S2140457C0190000001059040004000F0080000000B7
S2140457D00000000000000000EC5804000300000075
S2140457E040000000000000001900000010590400EA
S2140457F004000F008000000000000000000000000D
S214045800EC58040003000000400000000000000004
S214045810190000001059040004000F008000000066
S2140458200000000000000000EC5804000300000024
S2140458304000000000000000190000001059040099
S21404584004000F00800000000000000000000000BC
S214045850EC580400030000004000000000000000B4
S214045860190000001059040004000F008000000016
S2140458700000000000000000EC58040003000000D4
S2140458804000000000000000190000001059040049
S21404589004000F008000000000000000000000006C
S2140458A0EC58040003000000400000000000000064
S2140458B0190000001059040004000F0080000000C6
S2140458C00000000000000000EC5804000300000084
S2140458D040000000000000001900000010590400F9
S2140458E004000F00800000000000000000002001FB
S2140458F020000000080000000400422130000000E0
S2140459008459040000FF420030000000000000003C
S2140459100000F00840000000A5590400010023041C
S21404592040000000AD5904000600300140000000AD
S21404593000000000FDFF21024000000001000000FE
S21404594019000004190001011900020419000301DA
S2140459501900050419000601190007040400410093
S214045960E10A010006004100192F03001900810016
S214045970D1270100190084005D3201000080000078
S2140459800000000006435553544F4D00000000002D
S21404599000000000000000000000000000000000FE
S2140459A00000000000FFFFFFFFFFFFFFFFFFFFFFF9
S2140459B0FF000401040104010401040104010401BC
S2140459C004010401040104010401FFFFFFFFFFFFBB
S2140459D0FFFFFFFFFFFFFFFFFFFFFFFFFFFFFFFFCE
S2140459E0FFFF000102030405060708090A0B1F1C33
S2140459F01F1E1F1E1F1F1E1F1E1F07021F012F0014
S214045A0037013F005701DF02E700FF0200000000F5
S214045A10000000000000000000000000000000007D
S214045A20000000000000000000000000000000006D
S214045A30BE06040019000000C4060400FFFF0000B0
S214045A40000000008F0704009A070400A600040064
S214045A50A2070400B0070400A6000400C30704005D
S214045A60CE070400DC070400E0070400F007040087
S214045A70A2D6030000080400040804000F0804006B
S214045A801908040023080400270804003508040045
S214045A90490804005F0804000080000000000000BD
S214045AA00000000000000000FFFFFFFFFF000000F2
S214045AB00000000035B60100000000000000F03FC2
S214045AC000000000000024400000000000005940D0
S214045AD00000000000408F40000000000088C34023
S214045AE000000000006AF8400000000080842E4198
S214045AF000000000D01263410000000084D79741E4
S214045B000000000065CDCD411BDA0300747104006B
S214045B100000000085110400647104000000000009
S214045B208A11040054710400000000008B11040064
S214045B3044710400000000009CF603003071040069
S214045B40000000008FF603001C7104000000000033
S214045B50901104000C71040000000000961104006B
S214045B60FC700400000000009A110400EC700400AD
S214045B7000000000A9110400DC700400000000000E
S214045B80C6110400CC70040000000000CF1104000D
S214045B90BC70040000000000E4110400AC700400B3
S214045BA000000000DDE703009C7004000000000015
S214045BB0F41104005C70040000000000FA150400F0
S214045BC0B867040000000000A70504007867040016
S214045BD000000000FB110400B8660400000000008A
S214045BE004120400BC650400000000001112040046
S214045BF064610400000000002D0804003C600400FA
S214045C0000000000181204003C60040001000000BC
S214045C101C120400FC5F04000000000021120400B3
S214045C20C05E040000000000DAB40300C05E040096
S214045C30010000001112040064610400000000006A
S214045C402812040064610400010000002D12040000
S214045C508C5E040000000000371204008C5E040012
S214045C60010000003F120400BC5C040000000000B9
S214045C7052BC0300885C0400000000000000000022
S214045C800000000000000000985C040043120400BA
S214045C90A6000400FE0000005B1204006068040016
S214045CA000000000CF160400506804000000000046
S214045CB0000000000000000000000000CC5C0400AF
S214045CC060120400A6000400FE0000007612040021
S214045CD0E0690400000000007C120400D06904009F
S214045CE00000000082120400C069040000000000E6
S214045CF08B120400B0690400000000008CB9030095
S214045D00A06904000000000096B703006869040058
S214045D1000000000A4C00300546904000000000052
S214045D2095120400446904000000000091BC0300BE
S214045D3034690400000000009A1204002469040078
S214045D4000000000A1120400146904000000000012
S214045D503DCB03000469040000000000A612040002
S214045D60585E040000000000AD120400005E04004B
S214045D7000000000B5120400CC5D04000000000022
S214045D80C1120400985D040000000000000000003A
S214045D900000000000000000A85D0400CC1204000F
S214045DA0A6000400FE00000016D10300806804006C
S214045DB00000000074F20300706804000000000095
S214045DC0000000000000000000000000DC5D04008D
S214045DD0ED120400A6000400FE00000016D1030025
S214045DE0A06804000000000074F203009068040039
S214045DF0000000000000000000000000000000009A
S214045E00105E04000F130400A6000400FE00000049
S214045E102D130400F0680400000000001E1804009F
S214045E20E0680400000000003C130400D06804008E
S214045E300000000041130400C068040000000000D5
S214045E4048130400B06804000000000000000000CE
S214045E500000000000000000685E04004D1304000B
S214045E60A6000400FE000000D8D003008C690400DD
S214045E70000000006A1304007869040000000000B3
S214045E800000000000000000000000009C5E04000B
S214045E9072130400A6000400FE0000008E13040023
S214045EA0206A0400000000002D080400106A0400A4
S214045EB000000000000000000000000000000000D9
S214045EC0D05E040093130400A6000400FE00000045
S214045ED0AC130400D06A04000000000099CD03004F
S214045EE0C06A040000000000B5130400B06A040091
S214045EF0000000008E130400006A04000000000086
S214045F00BA130400F069040000000000C71304007C
S214045F10BC5F040000000000D5130400885F040082
S214045F2000000000E3130400485F040000000000C3
S214045F30FB110400B8660400000000000000000026
S214045F400000000000000000585F0400EC1304008A
S214045F50A6000400FE000000CE490400A06A040067
S214045F6000000000DF490400906A040000000000FE
S214045F70CAE10300806A040000000000000000007C
S214045F800000000000000000985F04000A140400EB
S214045F90A6000400FE00000034140400F06A0400A6
S214045FA000000000B5020400E06A040000000000DF
S214045FB0000000000000000000000000CC5F0400A9
S214045FC03B140400A6000400FE00000052BC0300BC
S214045FD0246B04000000000074F20300146B040039
S214045FE0000000001E180400006B040000000000FF
S214045FF00000000000000000000000000C60040028
S2140460005B140400A6000400FE00000052BC03005B
S214046010546B0400000000007B140400446B04006E
S2140460200000000074F20300346B0400000000005B
S2140460300000000000000000000000004C600400A7
S21404604082140400A6000400FE0000009C14040051
S214046050886C04000000000064D20300786C04001E
S21404606000000000CF140400686C04000000000068
S2140460708CB90300586C0400000000009DB90300AE
S214046080486C040000000000A1140400386C0400EE
S21404609000000000B9140400286C0400000000008E
S2140460A0C2140400186C040000000000C9140400A4
S2140460B0086C040000000000D5140400D86B04002B
S2140460C0000000001E180400C86B04000000000056
S2140460D0E4140400B86B04000000000089E2030026
S2140460E0A86B040000000000E9140400986B040088
S2140460F00000000000150400886B04000000000087
S21404610014150400746B0400000000002415040039
S214046110646B0400000000003315040030610400C2
S2140461200000000000000000000000000000000066
S2140461304061040038150400A6000400FE000000B8
S2140461404F150400F86B0400000000005815040006
S214046150E86B0400000000000000000000000000DF
S2140461600000000074610400A6000400A6000400F9
S214046170FE0000005F150400F8670400000000003D
S2140461806C1504003C66040000000000751504004D
S2140461907C650400000000008815040048650400BF
S2140461A000000000961504001465040000000000BA
S2140461B0A4150400E064040000000000B215040006
S2140461C04864040000000000C315040020640400B2
S2140461D000000000D01504008063040000000000E6
S2140461E0DB1504002863040000000000EE1504001C
S2140461F0006304000000000080F503009C620400B5
S21404620000000000011604005C62040000000000A8
S2140462100C160400286204000000000000000000C1
S2140462200000000000000000386204001F1604008E
S214046230A6000400FE00000043160400A86C040038
S2140462400000000049160400986C040000000000DA
S2140462500000000000000000000000006C62040063
S2140462604D160400A6000400FE00000086D20300BB
S214046270D86C0400000000007F160400C86C0400FC
S214046280000000008B160400B86C04000000000038
S214046290000000000000000000000000AC620400E3
S2140462A0A1160400A6000400FE00000052BC030071
S2140462B03C6D04000000000074F203002C6D040022
S2140462C0000000007AF203001C6D040000000000C9
S2140462D016D10300086D040000000000BD1604007B
S2140462E0F86C040000000000D4160400E86C0400F7
S2140462F00000000000000000000000000000000095
S21404630010630400E0160400A6000400FE0000006B
S214046310051704004C6D0400000000000000000097
S2140463200000000000000000386304000A170400A0
S214046330A6000400FE0000002E1704009C6D040056
S214046340000000007B1404008C6D040000000000B4
S2140463503A1704007C6D0400000000004117040096
S2140463606C6D0400000000004E1704005C6D040011
S2140463700000000000000000000000000000000014
S2140463809063040059170400A6000400FE000000F1
S214046390C71504004C6E04000000000076170400C5
S2140463A03C6E0400000000001BDA03002C6E0400A0
S2140463B00000000049E903001C6E04000000000011
S2140463C02E1504000C6E04000000000086D20300A4
S2140463D0FC6D0400000000007D170400EC6D040052
S2140463E00000000088170400DC6D040000000000B4
S2140463F095170400CC6D040000000000A5170400E7
S214046400BC6D040000000000B8170400AC6D040066
S2140464100000000000000000000000000000000073
S21404642030640400CA170400A6000400FE0000003E
S2140464301BDA03005C6E040000000000000000008D
S214046440000000000000000058640400E817040080
S214046450A6000400FE00000086D20300CC6E0400F2
S2140464600000000049E90300BC6E040000000000C0
S2140464702E150400AC6E0400000000000B18040087
S2140464809C6E04000000000037130400A06404009F
S21404649000000000000000000000000000000000F3
S2140464A0B064040022180400A6000400FE000000E5
S2140464B01E1804008C6E04000000000016D10300B1
S2140464C07C6E040000000000381804006C6E0400A3
S2140464D000000000000000000000000000000000B3
S2140464E0F064040041180400A6000400FE00000046
S2140464F052BC0300EC6E04000000000074F20300BB
S214046500DC6E040000000000000000000000000034
S214046510000000002465040061180400A6000400BE
S214046520FE000000811804000C6F04000000000048
S21404653094180400FC6E0400000000000000000034
S214046540000000000000000058650400AA180400BB
S214046550A6000400FE000000CA1804002C6F040005
S2140465600000000099CD03001C6F0400000000002A
S2140465700000000000000000000000008C6504001D
S214046580D4180400A6000400FE00000086D203000F
S2140465905C6F040000000000F91804004C6F04004F
S2140465A000000000111904003C6F04000000000005
S2140465B0000000000000000000000000CC6504009D
S2140465C0A6000400A6000400FE0000002219040031
S2140465D0E465040000000000000000000000000065
S2140465E000000000F4650400A6000400A6000400F1
S2140465F0FE0000002E190400AC6F0400000000002A
S2140466001E0804009C6F04000000000034190400F7
S2140466108C6F040000000000381904007C6F04002E
S214046620000000003C1904006C6F04000000000029
S2140466300000000000000000000000004C6604009B
S2140466404C190400A6000400FE00000052BC03001F
S2140466502C70040000000000671904001C7004007D
S214046660000000007A1904000C700400000000000A
S21404667074F20300FC6F0400000000008719040095
S214046680EC6F04000000000098190400DC6F04009E
S21404669000000000A6190400CC6F040000000000EF
S2140466A0B7190400BC6F04000000000000000000DE
S2140466B00000000000000000C8660400C4190400BE
S2140466C0A6000400FE000000DE190400506A040060
S2140466D000000000111A0400406A040000000000D4
S2140466E04C1A0400306A040000000000631A040018
S2140466F044670400000000006D1A040010670400DC
S2140467000000000000000000000000000000000080
S21404671020670400711A0400A6000400FE000000AE
S214046720CE490400706A040000000000DF4904003B
S214046730606A040000000000000000000000000082
S2140467400000000054670400901A0400A600040029
S214046750FE000000B1CD03004C70040000000000F1
S2140467601E1804003C700400000000000000000036
S214046770000000000000000088670400A31A04005C
S214046780A6000400FE00000052BC03008C70040047
S21404679000000000341404007C70040000000000B4
S2140467A0B50204006C700400000000000000000045
S2140467B00000000000000000C8670400BE1A0400C1
S2140467C0A6000400FE0000004E170400A471040096
S2140467D00000000086D2030094710400000000004C
S2140467E01BDA0300847104000000000000000000AF
S2140467F0000000000000000008680400DE1A040020
S214046800A6000400FE000000FC1A0400F471040054
S21404681000000000061B0400E471040000000000F1
S214046820111B0400D4710400000000009CF6030051
S214046830C471040000000000201B0400B4710400AE
S214046840000000000000000000000000000000003F
S214046850D72603002B1B0400A6000400FF0000003C
S214046860D3260300381B0400A6000400FF00000023
S21404687079EF00004A1B0400A6000400FF00000095
S21404688015EF0000771B04003F23040001FF0000FF
S21404689079EF0000B71B0400A6000400FF00000008
S2140468A015EF0000E51B04003F23040001FF000071
S2140468B0ADEF0000261C0400471C040000FF000087
S2140468C0ADEF0000501C0400AD1C04000000FF00E7
S2140468D029F00000BB1C0400D41C0400010001FFC6
S2140468E095F00000F91C04003B1D04000102FF00A3
S2140468F029F00000511D0400801D0400010001025F
S214046900FF000000A5ED0000B11D0400ED1D04000D
S21404691007FF0000C5ED0000F31D0400261E04005A
S21404692001FF0000D9ED00002E1E04007E1E0400A8
S2140469300100FF0035EE0000931E0400E41E040070
S2140469400101FF0009EE0000F41E04002E1F0400DF
S21404695001FF000089EE0000361F04007F1F0400BC
S214046960010000010707FF00C5F00000D11F040066
S214046970261E040001FF0000C5F1000019200400D3
S2140469805D200400010700010700FF00352703000F
S214046990B2200400F82004000107000101FF0000F3
S2140469A04DF10000342104006F210400010000FFB3
S2140469B01DF100008D210400D12104000100FF0018
S2140469C0EDF00000E4210400D12104000100FF00E2
S2140469D095F10000232204002E1F040001FF00008E
S2140469E005F200005E2204008F2204000100FF006E
S2140469F035DB0000A60004009D220400000707FF04
S214046A00D9DA0000A6000400B6220400000707FF37
S214046A10E5DF0000A6000400C222040007FF000011
S214046A20E5DF0000A6000400C222040007FF000001
S214046A3087260300A6000400C72204000000FF0007
S214046A40C1DF0000A6000400B0F9030001FF000047
S214046A5089DF0000A6000400FF22040000FF0000F7
S214046A60B9DA0000A6000400A6000400FF00000037
S214046A70B9DA0000A6000400A6000400FF00000027
S214046A805D260300A6000400A6000400FF00000024
S214046A905D260300A6000400A6000400FF00000014
S214046AA05D260300A6000400A6000400FF00000004
S214046AB089DA0000A6000400352304000101FF0063
S214046AC075DA0000A60004004A23040001FF000053
S214046AD059260300A6000400A6000400FF000000D8
S214046AE03DDA000012140400A6000400FF000000B3
S214046AF03DDA000054230400A6000400FF00000052
S214046B00BDDB0000752304008C2304000001000094
S214046B1007FF000055260300B2230400A600040065
S214046B20FF00000039D90000CC230400A6000400AE
S214046B30FF000000CF260300FA230400A60004008A
S214046B40FF000000C126030014240400962204005B
S214046B5000FF0000B9E2000039240400A600040087
S214046B60FF0000000DD8000053240400A600040013
S214046B70FF000000A1D7000076240400F3240400DC
S214046B8000000310FF0000007DD800004825040024
S214046B90B625040001FF000051D80000CB250400F0
S214046BA00E26040000FF000065D700001F26040020
S214046BB0A6000400FF000000532603004E2604002F
S214046BC0A6000400FF00000041D700009A26040037
S214046BD09622040000FF00000DD70000DB27040007
S214046BE03028040000FF0000F1D600004A28040004
S214046BF0A6000400FF000000D5D600005A280400B2
S214046C00A6000400FF000000432603006E280400CC
S214046C10EC28040000FF0000A5D600007729040035
S214046C20A6000400FF00000061D6000094290400BA
S214046C30BF29040007FF000021D60000C92904006C
S214046C40222A0400000500FFD9D50000D52A040036
S214046C50E82A04000002FF00B5D50000172B040044
S214046C60A6000400FF00000043260300292B0400AE
S214046C70632B040000FF000049D50000E92B040044
S214046C802F2C0400000301FF39D50000CF2C04008C
S214046C90152D0400000301FFD5500100B52D040096
S214046CA0A6000400FF000000DB320300DD2D040014
S214046CB0582E040002FF0000E5F50000AD2E040087
S214046CC04625040000FF0000B1F50000D52E0400A0
S214046CD04625040000FF000061F50000EE2E0400C7
S214046CE0A6000400FF000000E1420100072F040094
S214046CF0A6000400FF000000B9420100542F04005F
S214046D00A6000400FF000000454201007F2F040097
S214046D10A52F040000010100010102FF1D4201002D
S214046D20243104004C31040000FF0000FD41010042
S214046D3073310400A6000400FF0000004541010072
S214046D409D310400A6000400FF000000AD310300DE
S214046D50B6310400A6000400FF000000153601004A
S214046D60DC3104000D3204000002FF000F30030083
S214046D706A320400A6000400FF0000000B30030083
S214046D8097320400A6000400FF000000C935010085
S214046D90B2320400DC32040000FF00008933010034
S214046DA00C330400A6000400FF000000051F0100C9
S214046DB01F330400A6000400FF000000ED1E0100BF
S214046DC037330400A6000400FF000000872F0300EA
S214046DD050330400A6000400FF000000732F0300D5
S214046DE07D330400F733040000FF000095320100F1
S214046DF036340400A6000400FF00000085310100BC
S214046E00AE340400A6000400FF000000A91D010023
S214046E10F2340400A6000400FF0000008D1D0100EB
S214046E200F350400A6000400FF000000051E010044
S214046E30BA350400A6000400FF000000F91D010096
S214046E40483604008D36040000FF0000C51D01000E
S214046E50C43604001537040000FF0000F11B0100CF
S214046E6048370400A6000400FF0000008910010053
S214046E7074370400DD3704000000FF0089100100A9
S214046E8032380400943804000000FF002911010081
S214046E90D93804000C3904000002FF00E12E030078
S214046EA061390400AF39040007FF00005D120100D9
S214046EB0CB390400A6000400FF0000007110010096
S214046EC0EF390400143A040000FF00007D110100AD
S214046ED06D3A0400A6000400FF000000410A010009
S214046EE0AA3A0400A6000400FF000000090A0100F4
S214046EF0D43A0400A6000400FF000000B92D0300E5
S214046F000F3B04007E3B040000FF00006503010005
S214046F10CF3B04004E3C040000FF0000AB2D0300F2
S214046F20943C0400E63C040000FF00008B2D0300A4
S214046F302D3D04007A3D040000FF00002DFC0000F7
S214046F40C43D0400FA3D040003FF000065FC000095
S214046F50353E04007B3E040003FF000015FB0000E2
S214046F60D13E0400A6000400FF000000172D030015
S214046F70013F04003F3F040000FF0000112D030002
S214046F804F3F04003F3F040000FF00000B2D0300AA
S214046F90763F04003F3F040000FF0000052D030079
S214046FA09D3F04003F3F040000FF0000FF2C030049
S214046FB0C53F04003F3F040000FF0000DB2C030035
S214046FC0EE3F0400A6000400FF000000E12C0300CE
S214046FD010400400A6000400FF00000065F800004E
S214046FE038400400714004000001FF0091F80000DE
S214046FF092400400A6000400FF000000DD2C0300FD
S214047000BD400400A6000400FF0000004DF8000088
S214047010D8400400A6000400FF00000009F80000A1
S214047020F34004002041040000FF0000F1F70000D4
S2140470303B410400A6000400FF00000039E0000005
S21404704066410400A6000400FF00000039E00000CA
S2140470508D410400A6000400FF00000029D50000AE
S2140470609E410400A6000400FF000000F5D40000C2
S214047070B3410400DA41040000FF0000F5D4000028
S214047080EA410400DA41040000FF00008DD4000049
S21404709011420400A6000400FF0000003B26030083
S2140470A02C420400A6000400FF000000E9D0000003
S2140470B04F420400B942040000FF0000C9D000009B
S2140470C0DC420400A6000400FF000000B1EC00004F
S2140470D042440400CF440400010000FF95EB000086
S2140470E0EC4404004045040000FF0000C9EB000027
S2140470F055450400A74504000100FF0035EB0000D9
S214047100BD450400AA4604000107FF003F2603000D
S214047110BA460400A6000400FF00000095E4000040
S214047120CB460400DD460400000101000007FF0012
S2140471308DE30000184704002947040000010100FD
S214047140FF000000C9EB00007847040089470400EC
S214047150010000FF05E3000078470400BB47040075
S21404716000FF000075830100CC470400A60004005D
S214047170FF0000001DD1000018480400A60004000B
S214047180FF00000037530300A6000400A600040016
S214047190FF0000003D910100A6000400A6000400C4
S2140471A0FF00000001910100A60004005D480400F1
S2140471B002FF0000AD98010065480400A600040024
S2140471C0FF0000003998010091480400B448040008
S2140471D00200FF00B9530300DD480400A6000400C3
S2140471E0FF00000015980100FF4804001D49040034
S2140471F002FF0000ED970100324904001D49040017
S21404720002FF000001000000004D00200000000006
S21404721000000000FFFF0000BB2C0300000000007D
S21404722003000000FFFF0100992D0300000000008A
S21404723004000000FFFF0100272E030000000000EA
S21404724004000000FFFF0000AB2E03000000000057
S21404725006000000FFFF00001D2F030000000000D2
S21404726019000000FFFF0100B32F030038190400C3
S2140472701C68002000000000000000000000000061
S2140472800000000089490400F072040000000000B9
S2140472908F490400085404000000000096490400C6
S2140472A0D855040000000000CF160400C85504009A
S2140472B0000000009F490400B855040000000000C8
S2140472C0B1490400A855040000000000C0490400A9
S2140472D09855040000000000D149040088550400B5
S2140472E00000000000000000000000000000000095
S2140472F000730400E3490400A6000400FE00000036
S214047300FE4904001873040000000000000000009A
S2140473100000000000000000CB570300034A0400EE
S214047320A6000400FF03010001013F040201003F20
S214047330040202003D040202003D040102000102B0
S2140473400003010002023D040201000202020100E1
S21404735002020000002020202020202020202828B0
S21404736028282820202020202020202020202020FC
S214047370202020202088101010101010101010103C
S214047380101010101004040404040404040404106C
S21404739010101010101041414141414101010101FA
S2140473A001010101010101010101010101010101C4
S2140473B010101010101042424242424202020202D0
S2140473C00202020202020202020202020202020294
S2140473D01010101020000000000000000000000044
S2140473E00000000000000000000000000000000094
S2140473F00000000000000000000000000000000084
S2140474000000000000000000000000000000000073
S2140474100000000000000000000000000000000063
S2140474200000000000000000000000000000000053
S2140474300000000000000000000000000000000043
S2140474400000000000000000000000000000000033
S214047450000000000000000000000000A001000082
S21404746080130020000210009C51002020150020EC
S2140474700000020800000000FFFFFFFFFFFFFFFF01
S214047480FFFFFFFF000000000000000000000000F7
S21404749000000000000000000000000020000000C3
S2140474A085C401001000000065C50100000000014D
S2140474B0000001010001010120C001B80000000025
S2140474C000000000FFFFFFFFFFFFFFFFFFFFFFFFBF
S2140474D0FFFFFFFFFFFFFFFFFFFFFFFFFFFFFFFFB3
S2140474E0FFFFFFFF000102020303040506080C0C5D
S2140474F00C00010203040707C8C8C8C8C8C8C8C81F
S214047500C8C8C8C8030404080808080800B801B8AE
S21404751002B800B0F8900400E090040003040408E5
S2140475200805000000000000000000000000000045
S21404753000000000EA06000048704C0F44700E0E6F
S21404754030707E1302989A173870340F34705A0FBE
S214047550307048102C7048102870D0112470E81130
S21404756020703E0F1C70901218700C1314703A0F93
S214047570B110086001D80A7104B87F78020C7E78CE
S214047580641000C6881F00A01DB8707803B0186089
S2140475900F3027B30F330111C04806987C0229B078
S2140475A0086001D8087109DD047109BB1110166062
S2140475B0A048086004100112FF3221500860D04829
S2140475C0086000880698381400C4441F00A000BA57
S2140475D003DF107109DF0672029836031DB850786F
S2140475E000A04413281441158110086002D81471B1
S2140475F010880698201900C014C000B80698861B88
S2140476000091069892020160B83020D806711EBC1C
S214047610637C784D5412F03240DE0472404804DB3A
S21404762008720DDD0C72044BEF3014480698F20411
S21404763000C4E04000544412086201322140087C31
S214047640811140D91C72B1123032CF4A013AB1DAF4
S214047650107208D8067104D80871804C237C5670C2
S214047660684C441200C4A41E00A04414413AF324F7
S2140476700164415C412A047580B800C4604000542B
S21404768081D8367140D90472237C084B0698F204DC
S21404769004BA1CB9767900C1204001B835797F2137
S2140476A06121007906B906A901D80671029810026C
S2140476B0804C307C0298640208D86A7100C1544039
S2140476C000B8141110D95E71584C441280BDA26DD6
S2140476D0FF25784C4412FC22513A2814104C00C260
S2140476E00CC101B82412281408622814086228144D
S2140476F008622814304C304C00C11C4000B81411E9
S2140477001814086100C5284001B85415FF350471E3
S21404771010491814B04C44120862013206710298DB
S2140477200401804C08D80C7107BA24D8047106BA30
S214047730187004D80C7101BA40D80E7102BA0A70D7
S21404774005BA20D8047203BA204C4411C04C18144D
S214047750086118149111383111429111186110D929
S2140477600472EF3200C1084001B8141110311E61D2
S21404777011422814A1110861181406986C1B1814D9
S21404778000C1084001B814111861FF31181400C173
S214047790448001B81411181408611814308802487B
S2140477A006989403009308DB047101F800A027B040
S2140477B00F3000A01088B111186180D90A7100C179
S2140477C0884000B80811009100A000C4684000B8C2
S2140477D0441000A000C088400050041182610410C8
S2140477E082601050F07200A054155045127106982D
S2140477F002050698920407B8707802B841781EBA53
S2140478005B7A5C7A5D7A00C220C001B824120698BE
S2140478102A1900C5481F00A05415511400C3FF01BF
S2140478200000313D09647F3406989C0201585128B3
S2140478300475015841280E758111086102D9047235
S214047840FF0FCC7007B8727800F8EBBD00C0441F79
S21404785000A00411113D10D91271FF33186300C142
S214047860781002B8381107B97479581000A0069831
S21404787092020D300472044809DC0472084800C100
S2140478801CC101B8141100C3D01E00A09115043504
S2140478901A7218131CBB08D804716C7B04D80471C4
S2140478A06A7B1DBB2F7C5B7B1670044B18131CBBBA
S2140478B008D804716F7B04D804716D7B217C0C306E
S2140478C0026006987E040698C40B00B8B1111861CD
S2140478D040D906720298580401BC00C2084001B898
S2140478E000DC0A7124150265604A0A702C4A2415C5
S2140478F008654C4A043508D90471202400C13C1F8D
S21404790000A0141200DC327120D8067101B80C7085
S214047910F0DA0C720CDB087102B806988604482468
S21404792000C3384101B834138F7B0E7102B991132A
S21404793008DB047203B928707C4914111110FD3059
S2140479400DDC1C7200C0A01E00A0041080D81071AC
S21404795000C0448001B80410E5200475804900C3C3
S214047960884000B8FFB8012011410871014118137E
S2140479700824014200C1284000B8141101411C65C6
S2140479805141911520351E6551411813281348138B
S21404799000C3844000B8341003D81671073005DCE1
S2140479A01071B1108F780A7200C384C40350217B0F
S2140479B01DB8507800B800C13C1F00A014121C600B
S2140479C02150F0300152281100A04024076400C062
S2140479D0FFFF0100013C17B002200158402806753D
S2140479E018AC01EC00A0208800C020C001B8041226
S2140479F017B4211304123052F8711964402400C3DA
S214047A005C1F00A0341014110698F60D196100923C
S214047A1011592129067600BB11590698D60D87629E
S214047A20313B0472215A412A00A000C2686000B8A3
S214047A30B8B91F610D49181200A0308801B9116148
S214047A4000C30000C0FF3110312800BC002D0C75A7
S214047A50115418AC01EC312DF470196451134155CE
S214047A60312C009300A000C3C00FFEFF50B2313A81
S214047A70014250AA00A006983E07FFB08678087117
S214047A805CB86B786E7800C2548001B800C0D81F0A
S214047A9000A004100812B822217A237A52B841783A
S214047AA001B80C6021A809B819604CA800C0FFD121
S214047AB0C1FF4FB2013A00C0002E300001424FAA67
S214047AC024B86E78ACB9FFB004D804714CB923A9B5
S214047AD00698A80500C01390010006982E0500A07D
S214047AE00698020519B81460FFB28C620F32826AD7
S214047AF0214006982E0549BC21B952B849B207DE82
S214047B002A7105DE0871627C607C1D0C61796778D9
S214047B1064786B786278657863786078617C010C49
S214047B20010C6878020C69786C78020C00C22C8010
S214047B3001B8277A287A267A6A78050C41790A0CDD
S214047B40B11040D806710298BA06784A2B7A327A6F
S214047B50584A247A00C400011100404A00C0108428
S214047B6000000812508800C584100100FBAD10BD4B
S214047B7001BB8A6B21B9FAA9C44A1812217A227A5F
S214047B8000C0341F00A00410FCA8826441103030EA
S214047B900129F9A9F8ADFBB08260FBA80330A06503
S214047BA02110044820EC237A0410037A184A24117E
S214047BB0DC4A01580029241004753150F8B11150DC
S214047BC081632A71514031400812FCB18461FCA9DA
S214047BD00F310E7117B0112817B111591028FA7603
S214047BE0C44AF9B11812217A227AA07000950812B4
S214047BF0F8A800C20C8001B8207A844A00B808129B
S214047C00020CA44A087A020C21B84178784A0B7A06
S214047C10127A00C2C81F00A0FFB008D80472184A1F
S214047C20241000DC0A7140A80422241041A80698F7
S214047C309C0200C2481F00A02410015100C4FF018A
S214047C40000041391150081200A006983E0700BCF7
S214047C5000C20C8001B8217A52B84978020C4878E0
S214047C60020C49B8417852AC21AC204A087A067A0C
S214047C70077A49AC00A059B840785AB101D9FC72C9
S214047C80427857B8407858B101D9FC72427800A0BF
S214047C9000C20C8001B8217A227A21B8547852B8EE
S214047CA0BC4A24119979127107B915614CA96178F7
S214047CB000BB03BC0C64147009B919614CA9417863
S214047CC001BB126300C4002E300000C0FFD1C1FF08
S214047CD04FB1013941414FA9E44AC8B8081224AB50
S214047CE04CB823A80698A80500C004900100FFB16C
S214047CF086790471084806982E0500C0800900405D
S214047D0040A809B8FFB108D9047103B853A8B11044
S214047D1004D80C7156BB607B57BA627A607A02D874
S214047D200C7156BB607B59BA627A607A04B86E7876
S214047D303DB8607800C05638000000C1B08001B875
S214047D4014119979087200C0D604000000C124C03A
S214047D5000B814119F79047208484CA82EB8FFB1D5
S214047D6008D906714AA804704BA80FB834A800C0F6
S214047D700C5E000046B2014246AA00C12C4001B87F
S214047D80141108610631087100B906985011069856
S214047D903E14B11101D90E710698921B02D90672CF
S214047DA00698A00C0698381451140698920406985F
S214047DB02A110698641700A006984E1701D80A716F
S214047DC01CB85B7807B8757800B84CA84AA84BA8C6
S214047DD000C0F321FFFF46B1013946A904B86F7805
S214047DE000A0FABC1964415C512C00C0581F00A0C6
S214047DF00410012C0675069892040698780FB110A4
S214047E00186005D8327140BA06980E1404B865781E
S214047E10911004D816711CB86E7800C0684000B87B
S214047E2021780698781101400A721DB8427806989F
S214047E304A1402985E0B1DB8717804B86C7841B881
S214047E40427863784478FFB104D906720298CA0966
S214047E5000C004900100FFB18679047108480698B2
S214047E602E0500C32C1F00A000C274C000B8241442
S214047E70481300BC48121C4B1C4A2414481300BC6C
S214047E804812084B584A2414481301BC48124ABAEC
S214047E90447A427A4BBA447A427AFFB086780472BD
S214047EA0617A4CBA647A657A3DBA607A4DB942B85A
S214047EB03FBB5B7966796179020C6479050C63795A
S214047EC06079050C627965795A7900C2340102B882
S214047ED0241305B819603140081242B86A78020CB7
S214047EE04A78020C40BCFFB208DA06714ABA067039
S214047EF04BBA627A657A677A667A6A79667B02989A
S214047F00A40A00C32C1F00A000C274C000B8241426
S214047F1048131C4B1C4A241448133FBC48121C4AE2
S214047F2000BC4812084B444A2414481301BC4812A7
S214047F304ABA647A627A4BBA647A627AFFB3867B08
S214047F400472617A4CBA647A657A3DBA607A01D969
S214047F504E71647800C1708001B800C080000800CB
S214047F6008110698860B42B861784DB97F797E79F8
S214047F706A7868786278020C7B790F0C7A79140C2C
S214047F807479417860787579050CFFB208DA067161
S214047F904AB804704BB8657801BC1664407002D9C0
S214047FA03C710698860B42B84DB96878407841789B
S214047FB07F797E797B790F0C7A79140CFFB208DA14
S214047FC0087171794ABA067070794BBA7279657A13
S214047FD06A78020C4A78050C01BC1664020C4179D6
S214047FE040790C0C00C04C0102B848100698F20404
S214047FF000C4784000B8007C00C0A01E00A0041195
S21404800080D93271911104D92C727F202120041159
S214048010FD310DDD207200C0448001B80411E52155
S214048020147600C0244001B804118A790871207CB3
S214048030104C207C2AB86278511400C0581F00A047
S2140480400410012C17B001118768015841280E76D8
S21404805005218769415C412D112D0670069892040E
S21404806042B84DBB7C7B6478020C29B868785114FE
S214048070404406750698920442B844782AB8427872
S214048080FFB101D90C7100C1548001B8CBB80811F6
S214048090911004D8147100C0A01E00A0041080D84B
S2140480A0067107B8537800F807B800C1CC1E00A0C4
S2140480B000C220C001B824122811777800F8B11045
S2140480C09478387106989C02E4B9115911280676FA
S2140480D000B80C70A0B9115901290475A0B88260C3
S2140480E000C3C01F00A03413012B341000C3FFFFCD
S2140480F000FF42B13139114042A800A01DB091786A
S214048100FA7142B86478020C00BA29AA00C45480F2
S21404811001B842B84DB900C3C04001B83413977BC8
S214048120047240EC020C44785C7953AA0A0C2814B6
S21404813042B84DB9FFB301DB2671244C00C3FF0FD0
S214048140FF0138145479407841785579020C5B79EC
S2140481505A79140C5F795E794A784278347002DB77
S2140481601471527951795079020C5B795A795F7996
S2140481705E791E7004DB1A7100C4FF07000000C39A
S214048180342102B848133FBB467B020C5B795A790C
S2140481903DBB407B4CBB447B457B00C3301F00A0EB
S2140481A03414403C207100C068C000B8481028133E
S2140481B01C4B1C48341448102813144B44483414DD
S2140481C0481028134AAA4BAA04B86D781DB85178EB
S2140481D05CB84B784E7800A000C074C000B8041198
S2140481E0108800B9181068480411108801B90B618A
S2140481F018102C4804111088008800C1231C0000A5
S21404820018104AB864784BB86478260C28B000C1B5
S214048210FFFF0FF0113871B90B61114028A828B977
S2140482207379747900C21010303045AA54790E0C54
S21404823000C0E84001B8041100C23030101045AA4E
S2140482400E0C0410008810880698620D00910090A9
S21404825020888F618F600698620D0090886A21409E
S2140482600112906A035800C13F3F00001138FFBC5A
S214048270022441281138014245AA28B953794AB83C
S21404828044784BB8447800900091181000912C481C
S214048290181000916848181000A09168436091690E
S2140482A04361115B012B112841603128315B00BA10
S2140482B0302806763128204A41633028067631284D
S2140482C0104A4163302806763128084A416330282C
S2140482D006763128044A4163302806763128024A55
S2140482E0416330280476014A00A0115910D906715A
S2140482F00860086008D90471086004D90471046031
S21404830002D90471026001D90471016000A000BAA8
S21404831001D806710148112A1F61016001D8F6725E
S2140483200138F67200A000C220C001B82412115908
S2140483302129127300210E7100C238C001B824121C
S2140483400121212900A002B020D8147100C0B01E5B
S21404835000A0041002B9457906987613EA7003B0B3
S2140483609F78087200B806A800F806983E0700C56D
S214048370641F00A05088044D1CBC00C0B41E00A09E
S214048380811101D91E71407C009501150C4D508851
S214048390044DFFBB1863315B04110698EE0D3129BA
S2140483A0F8750698681A54150698921B01D908722F
S2140483B00698580706700698F4071CBB547B069864
S2140483C04E1701D8067202981A0FFFB90121103809
S2140483D0F67281129B7AF07100C2448001B82414AC
S2140483E000C0C01E00A0041001130020041040505A
S2140483F00C7200B90698280F18B90A7018B90698AE
S214048400280F00B900B806981E0F704A08B80698D8
S2140484101E0F00C2284000B814B806981E0F00C2EB
S214048420EC4001B80CB806981E0F202210B8069827
S2140484301E0F1088308806985807009300910698F7
S214048440280F00C0C41E00A00412FFB90121214158
S2140484501810009500F8312811280410081200A0FE
S21404846004B831281128F8B1181000A0069880081E
S2140484700E700698C40B0698800806987212069822
S21404848012079112211900C02C4001B80A78097805
S21404849000F810B901BA0698041406982A1106982A
S2140484A0641700C5641F00A081109D78FC7200F854
S2140484B0911203321CB900C3A01E00A0341300C4DA
S2140484C0B04000541DB84278707903DE06714478D3
S2140484D03A707179A11020D806710298541080DB86
S2140484E01C7102D8187205B80814A110103002487E
S2140484F0081400B808149110086008141DB86278AF
S214048500A11000DC0676517900BA06984E1701D8F9
S2140485102272911120311D61911004D80E7200C18F
S214048520501F00A0141101D90A7120880698501112
S214048530009200C1204000B801DB1871084C03DE2D
S2140485400471904C441400C3FF1F0000413BFF23FA
S2140485503811944900C3384101B83413086380DBEA
S2140485600C7103BA186206983C10087018620698D4
S2140485703C100C490879097914102140081100A010
S21404858000BD0698760210B903DC047100B901BA7E
S2140485900698041402D9067100404E7203B118619D
S2140485A00F3106987811FFD82872811008D81871F0
S2140485B006DD0A710698760203DC0C720698BC1176
S2140485C006984A140C7006DD10710698C21148709D
S2140485D020B804A806DD10720698800806981207CC
S2140485E001F840B804A800F800C0A01E00A00413B8
S2140485F0086301DB227191100111186111381DB94D
S21404860010D8087144790298541002DBFA72A11348
S21404861028DBF47203BD06981E11069880081DBA5E
S2140486207F7A0698F20400C5681F00A006987602B2
S21404863000BA03DC1672044DA11002D804711C4D56
S21404864000C10CC101B80698AE045415212D069835
S2140486503E050298AA089110015503355150011998
S21404866000A000C14C1F00A0141001D8427101489C
S2140486700860FE200E75811020D8087100C1501FB6
S21404868000A0141101D9287100C02C4001B80412AE
S214048690215108610F3118611152281000C008409A
S2140486A001B804119112215120311152211900A050
S2140486B0811380DB067201B800A000C314C001B8A1
S2140486C0341006302E726C4B34121C4B3410186067
S2140486D002302072811080D8DE713410014A08629C
S2140486E00460803021508C480A717F234D23341057
S2140486F0013000A000BD06981E111CB847784578C6
S214048700437802B8447800A0069880080698BC11FE
S21404871000C5741F00A0541506983E050298AA08C2
S214048720B1138F7B0A7200C384C40350017B06987E
S2140487303E1400C1384101B814118F790E7100C17E
S214048740B84000B800BA06983C1050BA06980E1402
S21404875006987811FFD84A71911004D8487281108F
S21404876008601CD8407220D938721112FF32215189
S214048770347180218021111400C0D81E00A0041377
S214048780FFBA3151113A215111531DB938107B7972
S21404879040440E7200B900C2AC1E00A01812067047
S2140487A004B860780698381400F800B900C2A440EB
S2140487B000541812644A0AB918121CBA507A517A2C
S2140487C01DB942795F7900A00698760207DC10721C
S2140487D0911000200A75069872120298660F069881
S2140487E0120701B9911004D8047100B910BA06989A
S2140487F0041400BA0040347100C0A01E00A0041186
S214048800086101D9127104D9E2728110086001D896
S214048810DA711DB8647800C11CC101B80698AE04AC
S21404882001B81160002A047600BA00C5781F00A0BB
S2140488305415212D069872120698580700C57C1FF9
S21404884000A000F800BC811108D9167280D92072E5
S21404885001B910BA0698041400400E7101BC1070D9
S2140488600698BC1106984A1420B804A800F806987E
S214048870721281110231127100B900C21440005400
S2140488801812244A02B918120698BC1100C5801F93
S21404889000A054150698F01A0298AA08041101219B
S2140488A014711CBA737A04200412281104200411CB
S2140488B00121F47200A00698F20401F806984E17F7
S2140488C001D81671FFB9012110380E7281109B78F9
S2140488D0087104B9677900F8911010D8287100C59A
S2140488E01CC101B854110698EE0D00C5C81E00A0A0
S2140488F054155129EA7507B876781DB8447801B836
S21404890004A800F8B110186010D82E7100C05040AA
S214048910005400C3084000B83114984C4411341174
S214048920086101D9FA7144122810086228100862F6
S214048930281008622810E8700298B002069892027E
S214048940113804721E6202BB00C1D81E00A01411A6
S21404895020390C72911210DA0672417B00A0069838
S2140489603E1400C2A01E00A0241220DA0472617B0A
S2140489701CBA527A00A01CBA727A811204DAFC720B
S21404898000A01CB86B7800C0684000B82F7800A020
S21404899006984E1701D83A7100C22C4001B824102C
S2140489A00360911120310151383111501D600812B5
S2140489B01DB9457900C2448001B8241200C0C01E07
S2140489C000A00410182000200410205004716579BB
S2140489D010631EB9637900B902EC00CD114502ECB0
S2140489E000CC01DB087100BB0298D61803B841110D
S2140489F00731FA211C760621911210DA087102DD7D
S214048A0010721E7020B80698B20D3038147208B86A
S214048A1006987E0400C02C4000B82978207800F818
S214048A20056020D8067102980C1602EC00CA05B838
S214048A3023DA187104DBDA7120DAD67110DAD2720E
S214048A401EB8617800B801DA067202EC00C891110B
S214048A5010D9267100C1B81E00A014111150FF30A1
S214048A600C720761A110115002300A7180DB0A7281
S214048A700AB89E701DB97C791860911111402111B5
S214048A80C031114001191EB8411108D90471667825
S214048A9020D904726578A11002D80672C0DA1E7155
S214048AA01EB8273123DD087210DB1072607825DDCE
S214048AB00A7121DD087208DB0471627803B841117B
S214048AC007310872A1152035AA7102DD2072A111A2
S214048AD020D9A07102D91672CCDA9872411140D905
S214048AE0927206B8054D5A720298AE142111404986
S214048AF0C0D94C71A031411540350265514104611D
S214048B00086308DA1E7204DA36721049A1150235B3
S214048B10067110DB0E7201340A7108DB22711EB86E
S214048B206778CC3211101A300ADC0872CCDE047175
S214048B30FD3100C00D0F0C0D216001D85C7207B822
S214048B400298D81400BA411108D90C7102EC00CA74
S214048B5005B830DAEC720734F031036101DA0471D7
S214048B60014900C0F300A3E3216001D8D27100C01C
S214048B709814406821604030014440DA0471204C67
S214048B8004320262204A111006301F600142183176
S214048B901D6111420298F614204A00C005170850B9
S214048BA02160113001422088FFBB0DDA507100C1EC
S214048BB0DE1B250180BC04DA107208DA0A7200C1D2
S214048BC020841000E024A02408634143026401DAF0
S214048BD006711E49024B00C0201F00A0086338100F
S214048BE0BC2002DA127101B91159A11380DB087195
S214048BF000C100FCFF0118100298621800C4A01EF1
S214048C0000A0441080D87C710092D0DA06710DDA88
S214048C100C711EBD437DEFBD0698140304620DDA85
S214048C208672A11105D95C7100C24040005424121A
S214048C301424281401D9067202D9327140D91E713F
S214048C4002EC00CA211018320471FA2220D80472E9
S214048C500822FE22087502EC00C8F87001D90E71CD
S214048C6002EC00C802D9067204DC187200C0A01E0A
S214048C7000A004101D6001D806711EB8647807B8F9
S214048C8073780298D61800C0A01E00A00410803086
S214048C900A7100C0C41E00A0041000A006984E1757
S214048CA001D82E71911010D828728110A0D8227283
S214048CB003B084781C7200C12C4001B814100DBA9D
S214048CC0487A697A6B7A08111CB87B7807B8757885
S214048CD000A0641000C6881F00A0C3B806987C02D3
S214048CE000C4441F00A014BA281400B8011AB11016
S214048CF08F780A7200C084C4035001789110103033
S214048D00011905BA06980E1402D9067101B804A80A
S214048D1000C0A01E00A004130698641180DB067130
S214048D20029858141DBA7C7A01DB6A7100C2241FAB
S214048D3000A024111114FF3402EC00C8FF24FA76B4
S214048D4008610698C20D046111380F3004611114CD
S214048D50011141100698C20D01D8087203B8029892
S214048D60D8140C4A01DB227124101128112804128D
S214048D7002300471106200C0FFFF0000213800C2F8
S214048D80204000B8FF200812411008600698C20D63
S214048D9001D87C7120BC1033767100BB00C1201F43
S214048DA000A01415C021112C511218620F320E7136
S214048DB0408851140698FA184143009451120865E5
S214048DC01C620F320E71411151140698FA181C6475
S214048DD041430865513B00C1DC1E00A0141111126A
S214048DE031100F30127100BA056101D804711142B6
S214048DF001600FD8F472311003601E30047201B89B
S214048E00003A087204B80298D8140298C41600C02F
S214048E10384101B804118F7914717F206920041138
S214048E200861303110DD06711DBA637A06981203A4
S214048E3000F830885088FF34087102ECFF24F8707C
S214048E4002EC00CD1410595001440421FF22F272A2
S214048E500F4C0095009300A000C1A81E00A014119A
S214048E6000A030880698421B8111086102D9067258
S214048E700298061A1CBB557B086120D90671029815
S214048E80F6190088A11018600698201908211415F0
S214048E90FC251EBB5C7B5D7B00C1084001B8141139
S214048EA00731FE21307608D82A725113FC23341376
S214048EB004DB20711863FF33315B00C110C000B8B7
S214048EC01411086180490C71FF31302954751EBB9A
S214048ED07B7B10707B7B7C7B00DD04717D7B01BB20
S214048EE03815EC25541300DF5471042505DF54713E
S214048EF05415211120880698EE0D009251293E75CE
S214048F0000C1084001B8141102DB0C710731315B53
S214048F1031292A760C7004DF0872016180D91E722A
S214048F200698201900C010C000B80698861B06983C
S214048F3020191411FFD9607202984C1A00900093FD
S214048F4000A05415A111186110D9A672082508D8D6
S214048F50A071082510D89A71208821110698EE0D64
S214048F60FC255412112AF82554110C2520D8087112
S214048F70F02554111025202904762159181500923D
S214048F800298B81907B97179811010D80A711CB8FB
S214048F90447802B841781CB9747904B9677900F842
S214048FA08110A0D808711CB9497900A0086002D8BD
S214048FB0FA7106982019108806983E14106210DA82
S214048FC0087108211415F025541100C20020FEFF74
S214048FD0202912750698921B01D90A7206988008F1
S214048FE00698120700941CBB41100C2006986413C4
S214048FF041110821141006986413312844111112E3
S2140490000861FF31FF3201221052107218611814E1
S21404901004244413042438140C70186121411814D1
S21404902008240814029838144044147100C1AC1E75
S21404903000A0141551131C630FDB0C7219650698F7
S2140490400205411500A000C3784000B83413807BA5
S21404905006720698120706983E1408BB5114069822
S214049060B01A4415FC25541500C3784000B83413D0
S214049070807B047100A002983E051CB900C3A01EA4
S21404908000A03413086308DB1A718113A0DB067191
S214049090497910706979086302DB087204B9677944
S2140490A000F800A08111086102D910711CB9757905
S2140490B0069820191411FF3100A0FFB900A004106F
S2140490C008211411F421081100A081111061103137
S2140490D00E710698201908211411F821141100A005
S2140490E03893040000000000109104000100000002
S2140490F00000000000F0490238930400000000005D
S21404910034910400010000000000000000F0490251
S214049110589104004063598F404B4C000B000B00E1
S2140491201A00FF7FB068002000000000DA950400F3
S21404913000000000489204004063598F404B4C00E6
S2140491400B000B001A00FF7FB06800200000000030
S214049150D895040000000000FC1F010338950400A5
S2140491601CC0011000F807001CC0013014020800DF
S21404917050C0010087413004244006010700620005
S2140491803870000000000000000000030068010FB3
S21404919040B8244058400101FC00690080400501A5
S2140491A02363E0119BC34A74F003000003800000AD
S2140491B0BE0A0000E040010133000000F040040154
S2140491C0590B0000640483078813C83A90200A00E9
S2140491D028410101001E00003C410B0100148C00D4
S2140491E0141A21282E343B42495043557698BA0C1B
S2140491F028690000010000000721286414171A00DB
S2140492002004C869A1203A093C4201012900000053
S214049210A080020170780300D5C00000A880011168
S214049220F0010000A88001310542CB01AC80011199
S214049230F0010000AC80013105228D00B0800101F0
S21404924000030002FFFFFFFFFC1F010388950400D4
S2140492501CC0011000F807001CC00130F50208000D
S21404926050C001008741300C2440060107C052005C
S21404927000000000000000000000000300000000E2
S21404928000000000584001016402FF008040050110
S2140492904B01A0089BC34A74F003000000000000C2
S2140492A000000000E040010133000000F04004012B
S2140492B000000000640483078813C83A9C200A0050
S2140492C028410101031000003C410B01000000008E
S2140492D00000000000000000000000000000000085
S2140492E00000000001000000000000000000000074
S2140492F000000000000000003C42010100000000E5
S214049300A080020170780300D5C00000A880011177
S214049310F0010000A88001310542CB01AC800111A8
S214049320F0010000AC80013105228D00B0800101FF
S21404933000030002FFFFFFFF0C4002000180140040
S2140493407F400000204002000000000000000000F3
S214049350304007000000000000000000000000008D
S214049360000000000000000000000000A00700004D
S21404937050400100000000005C40020000000000B5
S21404938000000000A840010007000000B4400400EC
S21404939000400000FF4C000000410000FF4D0000AC
S2140493A008C001000000000020C00110FF000000FB
S2140493B020C001300043000024C00400EC80B30346
S2140493C04375A802000000002E02000054C00300EB
S2140493D00E2D09E654060708D1B6020064C008003C
S2140493E00430000040201006C8F248181FE8F600B3
S2140493F0BD4B721511A3180510325476980A000056
S21404940088C00100000000000800010104070000F5
S214049410180001010000000020000101088400007B
S2140494201C4002011000000020F913045C400501F2
S2140494304108000001000000B0070800A700000073
S21404944000000000944007010101103050707F7F37
S2140494500000000000000000000000000000000003
S21404946000000000E440010100000000EC4001019F
S2140494707DA8D98B0041020100612000B756351241
S2140494800C410301F95412002030042988BB400023
S2140494902441010100000000304103016406660C0B
S2140494A00C010000E853FA006841030164048307D2
S2140494B08813820000000000304203010000000010
S2140494C00000000E000000004442010100000000FD
S2140494D010800101030000003880020111491000C9
S2140494E00100000088800101000000009C8001014A
S2140494F0EB400200B480010137000001880002023C
S214049500000C00044C00000094000102000400005B
S214049510D00002020E00000090029608E400010249
S2140495203D094204F4000102000000001801010293
S21404953060005102FFFFFFFF12000000666666002F
S21404954000000000EC950400DC9504000000000018
S214049550001A9A00005A620280841E000420FE004C
S2140495601149500200000000000000000000000046
S2140495700000000000000000B1841E00000000008F
S214049580000000000000000012000000666666008E
S21404959000000000EC950400DC950400000C0000BC
S2140495A0001A9A00005A620280841E0004200000FA
S2140495B011495002000000000000000000000000F6
S2140495C00000000000000000B1841E00000000003F
S2140495D0000000000000000005040000E11900007F
S2140495E0E11900000000000000000000193F010619
S2140495F00410010000010106001027000009000005
S2140496000000000000000000C9CD010079CD010073
S21404961085CD010075CE0100855D03001F63030040
S21404962023630300276303002B6303002F630300F5
S2140496300001030464EE01001000000024E10100B0
S2140496401A00000079EB01001100000075E4010027
S2140496501100000063E511000400000023E111007E
S2140496600400000025E101000800000026E10100D6
S2140496700A00000027E101000200000000000000CC
S21404968000000000E5970400DF97040000000000D7
S214049690E6970400A35A0400000000009D5A040044
S2140496A09F5A040000000000A15A0400BD9704005D
S2140496B0EB970400A45A04009E5A0400000000001D
S2140496C0A25A0400D89604009B5A04009C5A04002C
S2140496D0A05A04009A5A0400000203040508090A62
S2140496E00B0001020304051D2000B4010802020059
S2140496F0AA00FFFFFFFFFFFFFFFFFFFF8D800300B1
S214049700E12A02005D560200ADF302006D59020024
S214049710F3690300F5690300F7690300F9690300B8
S2140497206DBA0200099302004DD4020059ED0200FE
S2140497307D470200ED690300A9950200EF69030066
S214049740813B0200F1690300ED52030075400200FC
S214049750632803000000000000130000000000005F
S214049760000000000100000035990200020000001D
S214049770EB7A0300030000008D980200040000004A
S214049780657A0300050000002D9802000000000022
S214049790000000000023001B2200FF000000000061
S2140497A00C090202000000001C1A0B0303FF060843
S2140497B00402020204020A0B030302030480FF02EB
S2140497C004FF010101010800000000000000005A27
S2140497D06967426565416C6C69616E6365303980A2
S2100497E0008F8E8C80808006080C1080A1
S20C0497ECF0B4FB7F010000004D
S2100497F400980400A0640020CA010000D5
S2140498000000000000000000FFFF00000100000050
S214049810000000000000000000000000000000003F
S214049820000000000000000000000000000000002F
S214049830000000000000000000000000000000001F
S214049840000000000000000000000000000000000F
S21404985000000000000000000000000000000000FF
S21404986000000000000000000000000000000000EF
S21404987000000000000000000000000000000000DF
S21404988000000000000000000000000000000000CF
S21404989000000000000000000000000000000000BF
S2140498A000000000000000000000000000000000AF
S2140498B0000000000000000000000000000000009F
S2140498C0000000000000000000000000000000008F
S2140498D0000000000000000000000000000000007F
S2140498E0000000000000000000000000000000006F
S2140498F0000000000000000000000000000000005F
S2140499000000000000000000000100000000F0015C
S21404991008000000081000200100230104000000D5
S2140499201010002006003001010000001410002072
S214049930FFFFFFFFC0EA2101C0EA2101008000000A
S21404994000F04902E865002000600B00008000007B
S214049950F0350020C8000000FE00000000000000F3
S214049960D84B040018100020FFFFFFFF8C4F0400A4
S2140499703300000031F4000033000000A52C03007F
S21404998021C8030025C8030032C803003FC80300EB
S2140499904CC8030059C803006CC803007EC8030003
S2140499A08BC8030098C80300A5C80300BAC8030000
S2140499B0CDC80300DFC80300F4C8030003C90300CE
S2140499C014C9030023C9030033C903003FC90300B5
S2140499D04CC903005CC903006EC903007DC90300BB
S2140499E08CC9030095C90300AAC90300BFC90300B4
S2140499F0D4C90300F4C9030002CA030021CA030041
S214049A003CCA03004FCA03005CCA030071CA0300C1
S214049A1080CA03008FCA0300A1CA0300B3CA0300A6
S214049A20C6CA0300D9CA0300EFCA03000000000038
S214049A300F00000026CD03003DCD0300FF0000000C
S214049A40000000000000000000000000000000000D
S214049A500000000000000000000000000030E704E2
S214049A6000C818039AD503009FD50300CCD503007D
S214049A70F7D5030025D6030053D6030082D6030089
S214049A80AFD60300DFD603000FD703005FD703006B
S214049A90FFFFFFFF00F80300FFFFFFFF00000400C6
S214049AA000000400005C26054C6700200600000049
S214049AB00C72040000000000010019000100000000
S214049AC0D84100200100190001000000D841002000
S214049AD00100190001000000D8410020010019000F
S214049AE001000000D8410020010019000100000018
S214049AF0D84100200100190001000000D8410020D0
S214049B000100190001000000D841002001001900DE
S214049B1001000000D84100200100190001000000E7
S214049B20D84100200100190001000000D84100209F
S214049B300100190001000000D841002001001900AE
S214049B4001000000D8410020E44500200000000089
S214049B5000000000085B0400004D002000680020A0
S214049B60C04F0020714904000600000000000000F9
S214049B7000000000000000006C7204008472040000
S214049B807C490400A6000400FE00000030680020A3
S214049B9000000000D04F002038500020A0500020C5
S214049BA000000000000000000000000000000000AC
S214049BB0000000000000000000000000000000009C
S214049BC0000000000000000000000000000000008C
S214049BD00000000000000000000000001759030009
S214049BE058740400FFFFFFFF5B5C0300575C030030
S214049BF0FFFFFFFF5F5C0300FFFFFFFFF5F80100B8
S214049C00FFFFFFFFFFFFFFFFFFFFFFFFFFFFFFFF5B
S214049C10FFFFFFFFFFFFFFFF0000000020A107007B
S214049C2000000000C99903000000000000000000C6
S214049C30000000000000000000000000000000001B
S214049C400000000000000000E0550020F1200200A3
S214049C50653A0200A60004000000000000000000B0
S214049C600000000000000000E055002089270200E4
S214049C7000000000A6000400000000000000000031
S214049C800000000000000000E0550020B131020092
S214049C90653A0200A6000400000000000000000070
S214049CA00000000000000000694A0400E05500209F
S214049CB0094C020000000000A6000400000000009A
S214049CC0000000000000000000000000E055002036
S214049CD00D55020000000000A6000400000000006D
S214049CE0000000000000000000000000E055002016
S214049CF06965020000000000A600040000000000E1
S214049D00000000000000000000000000B80B000087
S214049D10E05500204969020000000000A600040087
S214049D20000000000000000000000000000000002A
S214049D30E05500202972020000000000A60004007E
S214049D40000000000000000000000000000000000A
S214049D50E05500209973020000000000A6000400ED
S214049D6000000000000000000000000000000000EA
S214049D70E05500202770030000000000A600040041
S214049D8000000000000000000000000000000000CA
S214049D90E0550020E176020000000000A600040062
S214049DA000000000000000000000000000000000AA
S214049DB0E0550020857B020000000000A600040099
S214049DC0000000000000000000000000000000008A
S214049DD0E0550020EF7C030000000000A60004000D
S214049DE0000000000000000000000000000000006A
S214049DF0E0550020FDD3020000000000A600040089
S214049E000000000000000000000000000000000049
S214049E1037820300E0550020C9ED0200653A0200CF
S214049E20A60004000000000000000000000000007F
S214049E3000000000E055002039F402000000000095
S214049E40A60004000000000000000000000000005F
S214049E5000000000FFFFD007B80B0000FFFFFFFF65
S214049E60CEFAEFBEFFFFFDFFFDFF0C002C01001E27
S214049E702C0140068000FFFF04F8FFFF0C000000E2
S214049E80000000004000FDFF2C019C000000FFFFC6
S214049E90FDFFFFFFFFFF60EA8000800010C1CDAB2E
S214049EA00A013201FFFFFFFFFFFFFFFFFFFFFFFF77
S214049EB0FFFFFFFFFFFFFFFFFFFFFFFFFFFFFFFFA9
S214049EC0FFFFFFFF01FF05FFFFFF0101FFFF020188
S214049ED0FFFF640250FF0F0208031E050216010A64
S214049EE00C052007051001010F080101010104FFFC
S214049EF0030101FF0C01FF405AB47F0150403000BB
S214049F00FFFFFF0B03FF050B01030105020201FF20
S214049F10FFFFFFFFFFFFFF010102FFFFFF0100003D
S20C049F20BD4C0000954C000046
S804007D5529
