S01B00006275696C642F72656C656173652F7A69676265652E73333714
S21400400008100020597D0000EDC40000F7070300EB
S214004010F7070300F5C40000FDC40000F70703001F
S214004020F7070300F7070300F7070300F707030087
S21400403001C50000984B0400F7070300F7070300CC
S214004040F7070300F7070300F7070300717800007F
S214004050F7070300F7070300F7070300F707030057
S214004060F7070300F707030001CA0000F70703007D
S214004070F7070300F7070300F7070300F707030037
S214004080F7070300F7070300F7070300F707030027
S214004090F7070300F7070300F7070300F707030017
S2140040A0F70703002181000005810000F7070300E1
S2140040B0F7070300F7070300F7070300E91D0200F0
S2140040C009630300056303004D1502001F63030028
S2140040D00D630300A91D020011630300DD01020049
S2140040E0291E0200F7070300F7070300F70703007F
S2140040F0F7070300F7070300F7070300F7070300B7
S214004100F7070300F7070300F7070300F7070300A6
S214004110F7070300F7070300F7070300F707030096
S214004120F7070300F7070300F7070300F707030086
S208004130F707030085
S214004134F0B5114A114C124E00F00105E3695F0711
S21400414413D40DB9334213D103EA00078F4207D1C3
S2140041540B4A1A40002A14BF6FF001000020F0BD7D
S214004164013AEBD16FF00200F9E74FF0FF30F6E7C3
S2140041746FF00100F3E700BF80969800000003503C
S214004184020001000B4B70B5D96911F480310DD1D2
S21400419401244FF48072084E084DF46020462C64C7
S2140041A41A61FFF7C5FF3464EC6070BD6FF0010060
S2140041B4FBE700BF0000035000100350002003502C
S2140041C438B541F6713301220C4C0021E569E363EE
S2140041D40B4B05F48035DA600223606121202361ED
S2140041E4FFF7A6FF10B92120FFF7A2FF0122054B17
S2140041F4DA600DB10023E36338BD00BF000003504E
S214004204001003500020035070B5134C6061E3693E
S2140042145B071ED40E4656F8043B8D18A361AE42C7
S2140042240BD10423002121202361FFF781FF58B915
S214004234BDE870402120FFF77BBF08210846FFF742
S21400424477FF10B10423236170BD56F8043BA361C5
S214004254E5E74FF0FF30F7E7000003502DE9F84399
S214004264154641F67132164B8946DF69DA63012238
S214004274064603F58053DFF8508007F48037DA608B
S21400428455B9284601220F4BDA601FB10022A3F568
S2140042940053DA63BDE8F88306F5005404EA08041C
S2140042A4A41BAC4228BF2C46494622463046FFF79C
S2140042B4ABFF0028E6D12644A1442D1BE0E700BF4F
S2100042C4000003500020035000E0FFFF45
S2140042D02DE9F04F4FF0FD0BC9B09A460DF11B09C2
S2140042E09DF8503108AFCDF80C90CDF808B0019786
S2140042F0059303890446009383790E4690464188C9
S2140043008288407812F0BCFA054650B10090A38827
S214004310002062883A4912F0F7FD284649B0BDE809
S214004320F08F99F800002FF041FB38B12846A3889B
S2140043306288344912F0E8FD8D25EEE75A46394684
S21400434099F800002FF0DAFA8346002851D0529BE5
S2140043501BB1BDF84C3198424BD8002399F8009019
S2140043600793A9F14102012A5FFA8BF123D8384658
S2140043700139254ADFF898C05FFA81FE734513DBE2
S214004380059B04210792C3B907AF18221F489FED6B
S2140043901A7B02FB060420460A460830394684ED9E
S2140043A0027B17F0D9FA11E010F8011F01335140D3
S2140043B00CFB01F2E2E7059B33B123464A4638463A
S2140043C0009610F0DFF9A8E70829DED9B8F1000F4B
S2140043D001D088F80090BAF1000F01D0AAF800B01A
S2140043E0529B002B99D05A46184608A917F0B4FAE3
S2140043F093E7012591E700BF0000000000000000E1
S2140044006BF40300A0F40300C59D1C8180100020FF
S21400441093010001000000002DE9F04F93B0CDE9B4
S2140044200A32DDE91C530E9353EC102BCDE908013C
S214004430104619468DED060B1E9E16F017FD80B130
S214004440DDE906014FF0FF32C54B16F037FD40B9E7
S214004450DDE906014FF0FF326FF4801316F010FD11
S21400446070B1DDE908019DED060B0E9B1E96CDE9A9
S2140044701C53DDE90A3213B0BDE8F04F00F088B9EE
S2140044800022DDE90601002316F0FAFC002800F001
S2140044903381DDE906A303F1004BCBF30A5016F493
S2140044A08063A0F2FF3008BF06250F9316F00CFAC3
S2140044B09BA3D3E9002316F071FA9BA3D3E900234C
S2140044C016F0B6F8CBF31304894644F07F518046C5
S2140044D00022A44B504641F4401116F0A7F894A3CE
S2140044E0D3E9002316F05AFA02460B4640464946E0
S2140044F016F09EF816F0ECFC044616F0E5F98EA3CE
S214004500D3E900238046894616F048FA0022964BE7
S21400451016F08EF816F0DCFC89A3D3E900230746D4
S2140045204946404616F03AFA80463846894616F01E
S214004530CBF985A3D3E9002316F030FA02460B46E2
S2140045404046494616F072F802460B46CDE90C2363
S21400455016F024FADDE90C238046894610461946F3
S21400456016F066F80022CDE91001804B4046494619
S21400457016F03EFB00227E4B16F05AF802460B461B
S2140045804046494616F034FB00227A4B16F050F8A7
S21400459002460B464046494616F02AFBDDE90C2348
S2140045A08046894600204FF0804116F03FF80246CC
S2140045B00B464046494616F03BF802460B46DDE9F8
S2140045C0100116F015FB07F2FF3700226A4B16F0B3
S2140045D02FF800223B0516F0E1F952465B4680466E
S2140045E0894616F06BFC002840F08980CDE90C89DE
S2140045F004F16303C62B8CBF0527042731051BD5A2
S21400460053A3D3E900235046594616F04DFC002824
S2140046107FD051A3D3E900235046594616F030FC0C
S214004620002876D00027A542C6BF2C1B04F1FF3514
S21400463000253C4646F480660E9B9F422CBF4FF0FA
S2140046400008A3EB070816F0020903D0002F18BFD6
S2140046504FF000083CB1DDE90C235046594616F0F1
S214004660C7FA82468B46DDE906010022002316F0D3
S21400467007FC10B10BF100439B46DDE9080126F468
S2140046800063CDE90183DDE90A324BEC10AB0095FF
S21400469000F07EF802465FB3DDE9091316F0200F3E
S2140046A000F10105089E0CBF65204520B047DDE9F6
S2140046B008010523002205930A23002CCDE90232C7
S2140046C007F1FF374FEAD473B8BF64422A46019316
S2140046D004970A9B009430F085FF0246B9F1000F5C
S2140046E006D00B9BC41A0B9B1A190E9BA34245D8E7
S2140046F0104613B0BDE8F08FDDE906ABCDE600222C
S214004700404649461A4B16F073FA013CCDE90C01B7
S2140047106EE7002D90D00F9B002B8DD0013D8BE7D0
S214004720FB799F501344D33FB3C8608B288AC63F9B
S21400473061436F63A787D23F71A379094F930A40FD
S2140047401655B5BBB16B0240EF39FAFE422EE63F76
S2140047502D431CEBE2361A3F0000000080842E41F9
S214004760FFFFEF7F0000F83F0000E03F00002C4016
S21400477000002440000018400000F03F2020DDE943
S2140047800913089DA8470134ADE700BF00000000EC
S2140047902DE9F04F5BEC10AB97B0CDE90501DDE9F4
S2140047A02058CDE90723504652465B465946229F7D
S2140047B016F05CFB70B90323CDE902870193AA4B80
S2140047C00093DDE90501DDE9072330F03DFE17B073
S2140047D0BDE8F08F4FF0FF326FF480135046594615
S2140047E016F04EFB28B10423CDE9028701939F4BB8
S2140047F0E6E74FF0FF32504659469D4B16F05EFBFB
S21400480068B19C4A07F00403002B08BF03229A4BAA
S2140048101CBF13460422CDE902870192D0E750461A
S2140048208DA3D3E90023594616F048FB38B98CA36C
S214004830D3E900235046594616F022FB68B1DDE95D
S2140048400723DDE905014BEC10ABCDE92187209568
S21400485017B0BDE8F04FFFF7DFBD0022002350463B
S214004860594616F00DFB002800F091805B46524634
S2140048700020002115F0DAFE012382468B460993BC
S21400488017F4806400F08580092D40F285800024AE
S21400489030210EABA5F109020134202C03F8011BD0
S2140048A0A5EB040901D09442F6D15946504616F0BD
S2140048B00FFB724B054603EBC90393ED007B8DEDB2
S2140048C00A7B16F001F802460B465046594615F08C
S2140048D0ADFEDDE90A2316F061F802460B46CDE987
S2140048E00C2316F01DFB064615F0DEFF02460B46AF
S2140048F0DDE90C0115F09AFE02460B46CDE90C23C5
S21400490000225F4B16F0DAFA002848D0013630460F
S21400491015F0CAFF02460B46DDE90A0116F0BAFAA0
S21400492008B100260135B9F1000F45D1284615F02B
S214004930CBFF02460B465046594615F077FE00223E
S2140049404F4B16F09DFA10B9E90700D501350A213C
S2140049500EAB1A19202C0AD095FBF1F001FB10556E
S214004960303502F8015B013405460028F2D107F025
S2140049700302012A55D1B8F1000F52D0099A12B994
S21400498017F00C0F01D008F1FF38302240E00990F4
S21400499076E74FF0060988E7A946002485E7002257
S2140049A0DDE90C01364B16F06BFA0028BBD10EB1D0
S2140049B0F007B8D50136B6E70A210EAB1A19202C37
S2140049C00DD0B6FBF1F001FB1063092E03F13003A6
S2140049D009F1FF3904F1010402F8013B11D8302136
S2140049E0A1440EAA202CB2D04C4504F101030AD1F2
S2140049F004F158020DEB02042E2204F8202C1C466B
S214004A00A5E70646DBE7A1541C46EBE71A5501343A
S214004A10444506D2202CF9D1CDE9028701940EAB8D
S214004A20CEE6202CF8D0099B3BB12D2204F158038A
S214004A306B4403F8202C0134EEE77A0704D504F122
S214004A4058032B226B44F4E73B07E5D504F15803E3
S214004A5020226B44EDE700BF0000000065CDCD418D
S214004A600000000065CDCDC18E1104009211040037
S214004A70FFFFEF7F851104008A110400D05A04005E
S214004A800000E03F0000000070B58EB02C22002130
S214004A9003A816F0D1FD64234FF002320893CDE947
S214004AA005230B2301218DF834305B4B8DF8101055
S214004AB01D880D4040F0A980084634F0EFFD0A221C
S214004AC0564B574C1A704FF42873ADF812304FF00F
S214004AD0FF332360534B54491B8820460B82534BAD
S214004AE0534A1B68CD828B61524B0D621B884B82EA
S214004AF0514B1B68CB611DF00DFA20B14FF41B71B2
S214004B004E4835F066FE0521206830F05EFF20B185
S214004B1040F27D21494835F05CFE206815F042FDE4
S214004B20474B2068196831F013F80C2535F01EFA4B
S214004B306843099035F01AFA68430DEB05010790B3
S214004B40206817F03BFC20B140F295213B4835F039
S214004B5040FE25681FF016FC00220146284631F06C
S214004B606FF820B140F29721344835F032FE40F21B
S214004B700353344D344E2B80052396F90000AB705A
S214004B807F2801D11DF0BCFA3378EB7035F0EEF9D2
S214004B9000EB80008000A88035F0E8F90023C00014
S214004BA04FF0FF31E880AB604FF0FF3018A3D3E939
S214004BB0002334F0C5FE2549206830F0FAFF20684F
S214004BC002A931F016FC20B14FF434711B4835F0C1
S214004BD000FE042220680DEB020130F08EFF042850
S214004BE004D040F2D721154835F0F3FD01A9012085
S214004BF030F08FFB07F0BEFC01201DF005FF2CF007
S214004C00F2FB1DF02BFF1DF013FA0EB070BD00BFB7
S214004C100A0020FF42030000E65A0020136200202C
S214004C20145500207E740400C468002084740400B8
S214004C30C59603007C74040080740400574A040080
S214004C400C660020085500209A6B00203997030058
S214004C500348044B834202D0034B03B11847704706
S214004C60C86B0020C86B002000000000064B0749F8
S214004C70C91A891048BF0131491003D0044B0BB143
S214004C8001481847704700BFC86B0020C86B00205B
S214004C900000000010B5064C237843B9FFF7D8FF94
S214004CA0044B13B10448AFF300800123237010BDFA
S214004CB0B0150020000000000498040008B5044B5E
S214004CC01BB104490448AFF30080BDE80840CDE7B7
S214004CD000000000B415002004980400A3F5803AF4
S214004CE0704700BF154B002B08BF114B9D46FFF7C2
S214004CF0F5FF00218B460F461148124A121A16F08D
S214004D009BFC0C4B002B00D098470B4B002B00D085
S214004D1098470020002104000D000B4816F0D2FF33
S214004D2016F062FC200029002BF032FA16F0B8FFCD
S214004D30000008000000000000000000081000202E
S214004D4008100020686200202DBD010007B5012173
S214004D5020200DF1070201F03BF858B10223012193
S214004D6020200DF107028DF8073001F041F803B05E
S214004D705DF804FB9DF807100229F8D002220948C6
S214004D8015F048FB022301210DF1070220208DF8C3
S214004D90073001F02DF82BF055F94FF4FA6000F0CB
S214004DA061FEE4E708AC030038B501F0E5FF01F06A
S214004DB0ADF9012805D001F0A9F9022801D001F0CB
S214004DC0CBF9064D2B783BB901F0A0F90128044633
S214004DD002D12BF0C0F92C7038BD00BFC45B002098
S214004DE010B5044600882BF001F9A37884F8440037
S214004DF0834202BF0123E3702371074B04F11C00BA
S214004E00C4E9073401F03AF8224620880349BDE891
S214004E10104000F077BF00BF83FD02004DFD02008A
S214004E2070B5C37804460D461646002B34D1D1B172
S214004E30214815F0EFFA0123E370E36CA6600BB18E
S214004E40E06D9847E368F61A63699E4221D2217E98
S214004E501A480131C9B2217615F0DCFAA36D13B1F8
S214004E60217EE06D9847E5702BF0FFF815B32379A7
S214004E7003BBA268238A801A83421BD801231048EA
S214004E80237115F0C7FA236DA3B1E06DBDE870403D
S214004E90184701232376E6E70029E4D1094815F0F0
S214004EA0B9FA636DE660E5702571002BDBD0E06D26
S214004EB09847D8E770BD00BF30AC030041AC030094
S214004EC06FAC03005CAC030070B51E4683880446D6
S214004ED00D46C18002810BB1868070BD8178008846
S214004EE02AF070FF0123E370064BA680C4E9033462
S214004EF00C34204600F0C2FF29462046BDE870402C
S214004F002BF0AAB8CFFD020010B501790446B1FA1D
S214004F1081F1008849092AF0CCFF21796088B1FA2E
S214004F2081F149092AF0C5FF034B1A68A24204BF63
S214004F3000221A6010BD00BFCC15002070B5437962
S214004F400446A3B100880E4E04F10805336813B179
S214004F500C4B1B786BB121792AF0ABFF64210A4B0E
S214004F603460A3602846BDE870402BF075B84088D2
S214004F70E9E7064815F04EFA054B3221A360F1E743
S214004F80CC150020C55B0020094F000085AC03004F
S214004F903D4F000010B50446E0B10F4815F03AFA50
S214004FA001236371A37953B9217920882AF081FF00
S214004FB0236B7BB1606B0121BDE81040184720468B
S214004FC0FFF7A2FF04F108002BF04BF82046FFF78E
S214004FD0B5FFEDE710BD00BFBBAC030010B504463F
S214004FE0F8B1104815F016FA00236371A3796BB96F
S214004FF021792088B1FA81F149092AF05AFF236BFA
S2140050007BB1606B0021BDE8104018472046FFF7D3
S2140050107BFF04F108002BF024F82046FFF78EFFF4
S214005020EDE710BDC6AC030010B5044668B10748EE
S21400503015F0F0F9637920461BB1BDE81040FFF784
S214005040CDBFBDE81040FFF7A5BF10BDD2AC030032
S21400505010B50E4C0E48214615F0DCF982210D489D
S21400506015F0D8F982210220A21E00F0C1FE0146EA
S21400507030B134F8022C0848BDE8104015F0CAB923
S2140050800648BDE8104015F0C5B900BF5A560020C6
S214005090E1AC0300FCAC030007AD03004BAD03001E
S2140050A038B5124C82212246022000F091FEA51C43
S2140050B0014698B122880E4815F0ACF92A460D4BE9
S2140050C003F1340153F8040B8B4242F8040BF9D178
S2140050D019889B78118093703623238035F8021C3C
S2140050E0054A0648BDE8384015F094B958560020E1
S2140050F056AD0300D6AD03005A560020B4AD0300EB
S214005100034B1B781BB18B4201D82AF09BBF70471C
S214005110406B002010B5044601460E4815F07AF99B
S214005120012C11D10C4B0D481A884FF6FF739A428A
S2140051301EBF0022094B5A742AF0A1FE01F072FF2E
S214005140BDE8104001F044BE0448BDE810402AF017
S21400515098BE00BF0DAE0300F46A002098650020DC
S21400516070B500241A4D1B4E3378A3421BDC002476
S214005170194D1A4E3378A3421BDC0024184D194EE5
S2140051803378A3421BDC00F0C1FF012816481CD16F
S2140051902AF075FE01F046FF01F01AFEBDE87040E9
S2140051A0124800F0D3BF2846FFF71AFE01346035D8
S2140051B0DAE728462AF049FE01343435DAE728468D
S2140051C02AF07CFE01343835DAE72AF05AFEE5E7A5
S2140051D068220020CB5B002088260020CC5B0020C5
S2140051E038200020CA5B002098650020155100007A
S2140051F02DE9F04F87B0FFF753FFB94B05A805938D
S2140052002AF080FE054616F013F9B64CC2B21F2AE5
S214005210627004D9B44815F0FDF800F017FC294672
S214005220A01C16F099FB05A82AF06CFE054616F0A1
S214005230FFF8C2B21F2A84F8212001D9AB48EAE75A
S214005240294604F1220016F087FB05A82AF05AFE2C
S2140052503226044600272578002D40F09F80A44C77
S214005260FFF77EFF2378DFF8C8A2DFF8C882A14FD9
S21400527000939AF8003098F8002039789E4815F088
S214005280C9F83A7898F800109AF8000053180344C2
S214005290DFF894B220782C4603445846DBB2AA4284
S2140052A000F3E682012B38BF0123944E0293324668
S2140052B0002335464FF482714FF6FF74029801338F
S2140052C0984213705180948002F10C02F6DC8C4BED
S2140052D08A498448AB6000F0EFFFE879AB68DFF8F6
S2140052E0449200EB400003EB800000F0BBFDEB793E
S2140052F0B9F800200133A242EB7103D07F49814800
S21400530001F0DCF84FF6FF73B9F800207B49D21A9B
S21400531018BF01227C4801F09BFC4FF00009784C36
S2140053203A784A4500F3CC8200264FF00C09774ABB
S214005330DFF8C8B198F800003978B04200F3D4829C
S21400534046180C21002501FB06B19AF800009423AC
S214005350A8426F4A00F3E6820C253E7898F80030A3
S21400536000274FF070081E44064405FB06B5DFF81C
S214005370C8A15F4B1B78BB4200F3E78202995F48E7
S21400538000F0FEFD059B56491A468B4240F0F0821F
S214005390604807B0BDE8F04F15F03CB8532D0FD16C
S2140053A063784C2B40F04881A378502B40F0448122
S2140053B00122594B1A7005A82AF0A4FD04464AE7B4
S2140053C0442D13D16378303B092BF4D8601C2AF0A7
S2140053D0A6FD524B524A1978002386B2994202F132
S2140053E06002E8DD22F8466C0133F7E7422D0BD168
S2140053F06378542B54D1A01C00F0D2FC494B188083
S21400540018462AF080FCD6E7582D33D8412DD2D93D
S214005410433D152DCFD801A353F825F0DF570000E4
S214005420B7530000B7530000B7530000B75300004F
S214005430B75300008B550000B7530000B753000069
S2140054403D55000087540000B7530000B7530000D6
S214005450B7530000B7530000C1560000395600008D
S214005460B7530000B7530000B7530000B75300000F
S21400547037570000692D9ED1601C2AF050FD80B27F
S2140054802AF0DCFD97E71B4B012019780023264AFB
S214005490994202F1E4028EDD02F8E20C0133F7E7EE
S2140054A0601C00F07DFC0546E01C2AF0B0FD0121E2
S2140054B0024628462AF067FD60211848184C0378F3
S2140054C05943621865524FF4FA6111824FF44871DD
S2140054D05161164956831165013303706BE700BFAF
S2140054E05A560020AC6400202CAE030043AE0300E6
S2140054F0C65B0020C95B002053AE03009816002050
S2140055001017002048160020D01500209C1B0020F5
S214005510E0190020A3AE0300C55B0020CB5B002093
S21400552068220020F46A00209C1C0020EFFE020087
S214005530C75B0020C85B002090180020601C00F0AD
S2140055402FFC00224FF034088146CD4F11462AF03A
S2140055501AFD3878CB4D08FB00F325F80390EA18BF
S214005560E3781046693B18BF012393702AF06DFC60
S2140055700021C54A3B785160012103FB08550B44C6
S2140055803B7015600F46117415E7601C00F008FCB0
S2140055900022114681462AF0F6FC3422B84DDFF888
S2140055A0E482287802FB00F328F8039008EB030156
S2140055B0E3780846693B18BF01238B702AF045FC48
S2140055C0B24A00231046916B31BB00EB83103423A4
S2140055D02A7802FB03838363AD4A00231046D2F881
S2140055E0B410F9B9E42202FB030034232A7802FB44
S2140055F00383C0F8B4305FB9A34A3B46114652F85D
S214005600040BA8B93422287800FB028241F8232034
S2140056102B7801332B70CEE60133042B02F14002C7
S214005620D1D1D9E70133042B02F1E402D7D1E2E766
S2140056300133042BE3D1EBE7601C00F0B1FB80469E
S214005640E01C2AF0E4FC0121024640462AF09BFCBE
S21400565060229048904D0178DFF858C24A43AB1854
S21400566025F802804FF448721A825A618B4A5E838C
S2140056709A65E278E424642A04BF01229A709CF8B2
S2140056800030DFF80CE25C430EEB04020EF8043048
S2140056904FF40074548003241471947101EB410498
S2140056A005EB4415322482F8B04000240133DBB207
S2140056B001315371D560148101708CF800307AE6A0
S2140056C0601C00F06DFB00224FF0380A8146DFF8C0
S2140056D0DC8111462AF057FC98F80030704D0AFB22
S2140056E003F325F803904FF00109EA1882F80490B6
S2140056F0E37873B1E01C00F053FB00220446114629
S2140057002AF041FC98F800300AFB03535C8083F8CB
S214005710069064485D4A03789901535498F800103F
S21400572002EB8314C1EBC10205EBC2054A1C65639C
S21400573088F80020D0E6601C00F032FB8046E01CB3
S21400574000F02EFB0546601D2AF061FC044602466A
S214005750012140462AF017FC2246284601212AF05D
S21400576012FC60204FF4487CDFF828E14A4A9EF895
S214005770003000FB03F422F80480DFF820811119C2
S214005780A1F810C0C1F814C04E83C1F85880591C47
S214005790C9B248431418A4F810C0C4F814C06683ED
S2140057A0C4F85880942415523F4D981C8EF800007B
S2140057B02878DFF804C1444303EB430301EB4101BF
S2140057C00CEB040E02EB431302EB41120CF8040040
S2140057D0CEF80430CEF8082001302870EBE5601CC7
S2140057E000F0DEFA8046E01C00F0DAFA00220546F9
S2140057F0114640462AF0C7FB0022382411462846A8
S2140058002AF0C1FB2948264A03784FF0000E04FB15
S21400581003FC22F80C804FF0010802EB0C0181F823
S21400582006E081F8048003EB0801C9B24C4302EBA2
S214005830040C15539C1C047070241D4D8CF806E057
S21400584028788CF804804443DFF870C0C3EBC303A9
S214005850C1EBC1010CEB040E02EBC30302EBC10269
S2140058600CF80400CEF80430CEF808204044B4E724
S214005870467901358E4284BF04714471E4300EE5EA
S214005880CC5B002088260020986500209C1B00200A
S2140058909C1C0020CB5B00206822002001510000E9
S2140058A038200020C85B0020C75B0020CA5B0020B1
S2140058B0C65B0020C95B0020E0190020901800207D
S2140058C0B9F1000F06D016F8052C02EB420204EBE5
S2140058D08204B4603146584601F0AAFD09F1010978
S2140058E00BF1E40B0C361BE571180AD0481E09FBB9
S2140058F000B0C07900EB400004EB800409FB01B067
S2140059008460104609FB0151039201F01DFB3978B3
S2140059101C48314409FB015101F084F8039A013612
S214005920403207E5F54218BF11F8050C03911EBF7B
S21400593000EB400004EB80048C6003FB052000F0C5
S21400594081FF039901350C31FFE4F74218BF15F8C3
S214005950053C29461CBF03EB430304EB830408FB0A
S21400596007A018BFAC6000F043FE01370C3500E519
S21400597013F8011D00297FF406AD3B2102F8011C37
S21400598001E500BF2C20002007B5012121200DF1E4
S214005990070200F01DFA18B99DF80720024B1A708E
S2140059A003B05DF804FB00BF406B002007B5064B54
S2140059B08DF80700187001210DF10702212000F074
S2140059C017FA03B05DF804FB406B002007B5022110
S2140059D001200DF1060200F0FBF938B9044814F076
S2140059E019FDBDF8060003B05DF804FB0020FAE7D9
S2140059F0C0AE030007B50221ADF806000DF10602A1
S214005A00012000F0F5F9014610B1034814F002FD3C
S214005A1003B05DF804FB00BFE1AE030010B5FFF76E
S214005A20D5FF04460146074814F0F4FC0121064859
S214005A3014F0F0FC24B9BDE810400120FFF7DABFEF
S214005A4010BD00BF11AF030023AF030008B5044824
S214005A5014F0E0FC00F0DCF92AF0F4FA2AF0EFFA91
S214005A6039AF030038B50446084D094B28462B606D
S214005A7000F004FA002C18BF21462846BDE838403E
S214005A8008BF4FF496712AF0E7BA00BF8C270020B3
S214005A903DFF02002DE9F043384D91B008AC0746B3
S214005AA0894690460FCD0FC495E80F00002684E87F
S214005AB00F0001250323324C3248CDE90366CDE9B9
S214005AC005668DF80E300796029534F02BFE2E48AC
S214005AD034F028FE32462D4920468DF8176004F033
S214005AE0E5FD334632462A498DF8190000902046D7
S214005AF08DF82390CDF82C808DF8216004F0F0FD11
S214005B000A9020468DF8097004F052FD204608AA37
S214005B1005A904F00BFE02AA204603A92BF0BFFB42
S214005B204FF400721B4B5A62194BE560626A92058D
S214005B3010D46BB94FF40072164B11485A6204F039
S214005B4037FD114834F0F1FD002011B0BDE8F083B8
S214005B50013BEBE7002BEDD0094908A82BF0D2FB60
S214005B604FF400720B4B06485A6204F021FD0648BB
S214005B7034F0DBFDBDF82000E7E700BF504B040023
S214005B800040005AF84D0400F44D040080841E00C6
S214005B9040420F000060005A0122034B1870034B6E
S214005BA01980034B1A707047CE5B0020FC6A0020F9
S214005BB0CD5B0020F8B5454B1B780BB90020F8BD2F
S214005BC0434B1B78012B03D1BDE8F8402AF0B9B946
S214005BD0404B1C884FF6FF739C42EFD03E4834F093
S214005BE0A1FD0023260AE4B21A462146304604F0F8
S214005BF09FFC012E354604F0010335D015D9B51E9D
S214005C00012DDBD8002B0BBF4FF480754FF080754D
S214005C104FF470614FF070610BBF01274FF480376F
S214005C200F204FF470202D4B11E0002B0BBF4FF4CC
S214005C3080754FF080754FF470614FF070610BBF48
S214005C4001274FF480370F204FF47020244B1A683A
S214005C5002401CD0BA421AD01A680A4032D11A68DA
S214005C6022EA01022A4316E0002B0BBF4FF4807590
S214005C704FF080754FF470614FF070610BBF0127D5
S214005C804FF480370F204FF47020164BDFE71A686A
S214005C9022EA00023A431A602AF053F90546002821
S214005CA08CD0083644EA06102A460321C0B2FFF715
S214005CB0F1FE40F6FF73684300F2FF70B0FBF3F0AE
S214005CC080B27CE795427FF479AFC8E7CD5B0020D1
S214005CD0CE5B0020FC6A0020F84D040028C3035069
S214005CE020C3035024C3035010B5044C237823B9B3
S214005CF0034834F017FD0123237010BDD05B00204D
S214005D00F84D04002DE9F0431F4C85B00746884641
S214005D109146FFF7E9FF23781BB902F0B9F8012393
S214005D2023707BBAADF80C3030220023174E02FBEE
S214005D3003F4315DA51901BB012333554FF0FF3342
S214005D4004F1100012493044AB606F80C5F804803F
S214005D50C5F80C9009F02EFB04F10801042231442A
S214005D600C4B009503A802F069F9A96802460A4898
S214005D7014F050FB05B0BDE8F0830133102BD6D1EC
S214005D80064814F047FBF5E7CF5B0020B427002059
S214005D9067FF020079FF020046AF030074AF0300FE
S214005DA080B10278A2F14103032B0BD8407830383B
S214005DB0C0B2082806D8054B134413F8413C40EA05
S214005DC0032070474FF6FF70704700BF704B04000B
S214005DD008B50B4642B101460448006803F072FA63
S214005DE0BDE808402AF024B9022008BD0466002059
S214005DF008B50B4642B101460448006803F0EAFBCA
S214005E00BDE808402AF014B9022008BD0466002048
S214005E10F0B50026124F8DB0FF2300930A223346BA
S214005E20386802A92AF0F8FFC0B102AB1D4603EBA2
S214005E30800404E055F8043BB34228BF5E1CAC4225
S214005E403868E9D9296803F04BFD0028F2D02D28E0
S214005E50F0D00DB0BDE8F0402AF0EAB80DB0F0BDC5
S214005E600466002028B1034B0360034B4360002305
S214005E708360704719000003AC650020FF2307B558
S214005E800021044A0093083009F018FA03B05DF8C0
S214005E9004FB00BF530003000B4604490246086893
S214005EA00349097808B12AF0FBB87047C02A0020D9
S214005EB0D25B0020F7B50C4618B12921194834F0FA
S214005EC088FC246823685E795F8830463946FFF789
S214005ED0E3FFF0B18568E5B1A089227D394690429E
S214005EE091BF0020801AA36880B294BF03469B1817
S214005EF0E27C00903046A8470138032803D8DFE844
S214005F0000F0080F0B0D002420462EF0B7FA2046AE
S214005F1000E0812003B0F0BD8024F5E79324F3E78A
S214005F208724F1E79CAF0300F8B515460D4A0446F2
S214005F3010680D4A0B46117850B122462AF0B0F888
S214005F40034628B100210C27C678B14201DB0020A9
S214005F50F8BD07FB01F45A681019125BAA42F7D085
S214005F600131F2E7C02A0020D25B002008B5034BBF
S214005F701B6803B19847002008BD00BFBC2A00205C
S214005F802DE9F74F04460D460026454B454F186051
S214005F90454B197033010021F85C013610F05EFAAB
S214005FA00C2EF7D10C2D28BF0C254FF000090195BB
S214005FB03C4EDFF800A13D4DDFF8FC80019B4B45D1
S214005FC002DC03B0BDE8F08F23784FF0000B33708F
S214005FD063887380A388B380A379C6F80880B371FA
S214005FE0E379C8F8005088F804304FF00003A7683B
S214005FF0A8F80630E3795B450ADC012116F8100B99
S21400600010F02CFA08F1080809F101090C34D5E75C
S2140060104FF0000338886B812880FB784FF0000C27
S2140060202B81BA78C5F804A0002A00920CBF802203
S21400603040222A7379680AF10C02634513DC03EBED
S21400604043030AEB830ABB6843B1009A4FF6FF711D
S214006050B2FA82F2164B52092EF0A0F914350BF163
S214006060010B0C37C6E7B1F800E00CF1010C22F882
S2140060700CEC91F802E00C3202F816EC91F804E011
S2140060800C3102F815EC11F809ECBEF1010F14BF43
S2140060904FF0100E4FF0110E02F814ECCDE700BFD3
S2140060A0C02A0020F8410020D25B0020C430002027
S2140060B0B55E0000C42A002044330020014B18605F
S2140060C0704700BFB82A0020014B1860704700BF19
S2140060D0BC2A002070B5128805460E46FFF724FF3E
S2140060E0044670B102790499806815F0F7FA064BF9
S2140060F01B680BB9002070BD314628462288984799
S214006100F8E78620F7E700BFB82A002008B50FF0AA
S21400611041FA022806D0012806D0044B1878400021
S214006120C0B208BD0120FCE70220FAE7D15B0020E0
S214006130054B10B51C682CB1FFF7E8FF2346BDE8F9
S2140061401040184710BD00BFB42A0020014B18604D
S214006150704700BFB42A0020034B1A781AB90122F0
S2140061601A700BF077BA7047D15B00200022024B02
S2140061701A70FFF7DDBF00BFD15B002037B50446BD
S214006180002832D00FF006FA022830D160892EF0AF
S214006190D7FCE079237A003818BF0120012B637AF8
S2140061A008BF40F008000BB140F0100063890BB147
S2140061B040F00400257CA188A2790DB1E36873B98C
S2140061C00C4B10F027FD2178084610F09FFD2DF0AF
S2140061D0E0FF002814BF0320002003B030BDCDE947
S2140061E00035054B10F016FDEDE70220F5E701201F
S2140061F0F3E700BFB800040081D0030008B50DF037
S21400620087FB014630B1044814F004F9BDE80840A5
S2140062100DF022BF08BD00BF0EB00300034B044ABA
S2140062205B7C012103201370FFF7E2BD9865002018
S214006230D35B002010B50446FFF7F0FFB4F57F4FA0
S2140062400BD100240F4B1A8813449C70FEF700FFF6
S2140062502046BDE81040FFF705BC4FF601739C4290
S21400626004D1BDE81040084829F0F1BD4FF602738E
S2140062709C4205D1BDE81040044B1878FFF796BB4A
S21400628010BD00BF5856002098650020406B0020C7
S21400629010B5074C012122460320FFF799FD28B9C7
S2140062A02378044A003B18BF0123537410BD00BF77
S2140062B0D35B002098650020F8B5564B564C1A88DC
S2140062C04FF6FF739A4218BF03234FF0080218BF19
S2140062D02370524B30251A7032225A70DA70DA71F7
S2140062E035229D705D7137251A724FF400129D712C
S2140062F04B4D3626C5644B4D426405654A4D01221A
S21400630085654A4D1E71C565494D86184566494DD9
S214006310C6678566484D494E0567494D80F8482052
S2140063204567202580F8785080F8845000F12105D4
S214006330C0F88850434D80F85420C0F88C5080F840
S214006340602080F86C20C0F8806080F89020C0F84C
S2140063509440C0F8B8303C4B3C4CC0F8BC300223EC
S214006360C0F898403A4C80F8C030C0F8A4400F24DB
S214006370384B80F8A840C0F8C430374B374CC0F8CC
S214006380C8308223C0F8AC40354C80F8CC30C0F81A
S214006390B0400924334B344DC0F8D030334B80F82E
S2140063A0B440C0F8D4302C7C314B80F89C20C0F828
S2140063B0A00080F8D820C0F8DC3044B12D4B80F81F
S2140063C0E420C0F8E03005F11103C0F8E8304FF0E3
S2140063D0000CCA798E6802EB42039F00443006EB3D
S2140063E0830326F807C0586001200D349870DC70CF
S2140063F01318CB71FFF7C8FAFFF74AFFFFF786FEC0
S214006400012806D12B7C23B1BDE8F840164829F0B8
S2140064101EBDF8BDF46A0020416B0020D45B00204E
S214006420894B040001002000884B04000200200075
S214006430874B040003002000864B04000500420042
S2140064400400420007003000FDFF2100120010018A
S21400645000404200844B040000FF4401744B0400DB
S21400646006004200585600209865002002FF2001D2
S214006470406B002001FF100113B504460D4829F0BB
S2140064804DFC6422C0F30F43637083B2B3FBF2F398
S214006490A07823702022012129F024FEA078212252
S2140064A0012129F01FFE0449201D02B0BDE810405E
S2140064B029F0D2BDF46A0020E09304000B7870B592
S2140064C083704CF61E0303804FF02013C362012333
S2140064D080F8303080F83C30C3180364124B044612
S2140064E043640223114A80F84830114B8263C36428
S2140064F04063CA798D6802EB420305EB830004F122
S2140065002C0646600B4E45F8236000238360531C20
S214006510CB71094B201DC4E90134FFF7AFFC2046C0
S214006520BDE87040FFF7A8BFFDFF21002100200056
S2140065308A4B04000100010379640000437B044A8F
S2140065400121137000781130C0B2FFF751BC00BFB4
S214006550DE5B002038B504460078054D11302A462B
S2140065600121C0B2FFF734FC08B92B78637338BD3D
S214006570DE5B0020024B53F8200029F08EBE00BFE1
S214006580A4330020012908B506D0022907D049B94E
S21400659029F07AFE002008BD29F079FEFAE729F0F6
S2140065A079FEF7E7024813F035FF0120F3E700BF56
S2140065B03BB0030010B4054C114654F820001A46B0
S2140065C0BDF804305DF8044BFFF7DCBFA4330020B1
S2140065D0002310B5044683810364A0F84430483095
S2140065E0FFF74CFC014BC4E9123410BD81020300D6
S2140065F038B504460B781A4A43700D4642F8230015
S214006600FFF7E6FF2046FFF7A5FF4FF44013236190
S2140066100123144A2375A261134A84F82030E261EC
S214006620124A84F82C306262114A84F83830A2622A
S21400663004F10C0222630F4A04F10D036263E36364
S214006640EA79A86802EB420300EB830110344C6041
S214006650094C40F82340094B8B60531CEB7138BD46
S214006660A4330020DD5B002008002000426B0020E1
S21400667000FF300001FF100102010104B5650000B3
S21400668010B47024427B0D48013A012904FB020035
S21400669006D0022908D059B95DF8044B29F0F4BD9C
S2140066A05DF8044B29F0F3BD5DF8044B29F0F2BD0C
S2140066B003485DF8044B13F0ADBE00BF90180020F1
S2140066C057B00300B0F85C302DE9F0418B42044629
S2140066D00E4638D0437B077C8BB31C4A12789A420E
S2140066E02DD370251A4A013B05FB032390F80F8033
S2140066F01B7B424629F0DFFDB845054601D1FF2841
S2140067001FD13A463146204694F8903029F0D3FD02
S2140067102F460546552212216078A4F85C6029F0C1
S214006720E1FCFF2F03D039462046FFF7A9FFFF2DD7
S21400673009D029462046BDE8F04129F0FCBDFF25DA
S214006740DFE70746E6E7BDE8F08100BFC65B00204E
S2140067509018002041688268C978D27849B112B191
S2140067600321FFF7AFBF837B002B0CBF0121022163
S214006770F7E72AB1837B002B0CBF02210121F0E74B
S214006780014813F047BE00BF68B00300037BD3B1D7
S2140067904368DA7812B18268D278A2B91B7933B12D
S2140067A0837B002B0CBF04210521FFF78BBF83687A
S2140067B01B792BB1837B002B0CBF05210421F4E74A
S2140067C0014813F027BE70479AB00300084A437B7F
S2140067D005211370837B5370C37B9370037CD37047
S2140067E0037B137100780E30C0B2FFF701BB00BF09
S2140067F0DF5B002038B5044600780C4D0E302A4684
S2140068000521C0B2FFF7E4FA20B1BDE838400848D9
S21400681013F000BE2B7863736B78A373AB78E373C7
S214006820EB7823742B79237338BD00BFDF5B002021
S214006830D6B00300024B53F8200029F0C6BD00BFB7
S214006840CC330020F8B504460B78424A43700D4618
S21400685042F82300404E29F0D6FDFFF7CBFF6268D2
S214006860A3683E483E49D6641165D4655065C3E9C1
S2140068701410DE64DC654FF0987302266361012312
S21400688004F10C01E16137491032216204F10D0177
S214006890A16235492376E16204F10E016163334952
S2140068A084F82430A16304F10F012164304984F890
S2140068B03030616404F11001E1642E4984F83C3004
S2140068C084F84830216584F85460A265E879A968A0
S2140068D000EB400201EB820704F1140CC7F804C079
S2140068E04FF4817C244F41F82270C218D2B202EBDA
S2140068F0420241F822C001EB820700227A601F4A5A
S21400690084F8703022661E4A84F88830A2661D4AD3
S2140069101D4BE2661D4AC4F88C3062671C4A831918
S214006920A26704F15C02C4F88020DBB2194A03EBCC
S2140069304303C4F8842084F8646084F87C6001EB28
S214006940830260345460144A033041F82320E8710F
S214006950F8BD00BFCC330020556700008D03030050
S2140069608D670000010020010200100103003001C5
S214006970040030010500210101FC01064A00210047
S2140069808C4B0400510010008E4B04008F4B04000B
S214006990550021006F0018001200010470B50D4666
S2140069A00646144613460A4601461A4813F032FDB8
S2140069B025B92046BDE87040FFF73CBC072D05D141
S2140069C021463046BDE8704000F0B8BC4FF60143A3
S2140069D09D4205D121463046BDE87040FFF72ABFEC
S2140069E0062D05D121463046BDE8704000F066BA57
S2140069F0B5F5817F05D121463046BDE87040FFF7EA
S214006A00B9BD202D04D12046BDE8704000F0ECB89A
S214006A1070BD00BF05B103000148FFF74FBB00BFC4
S214006A209D6900004FF4C01330B503600123037165
S214006A30074B8C688360CA7902EB420304EB83053C
S214006A406860044844F82300531CCB7130BD00BF77
S214006A50904B0400040001010368064A0C211360F1
S214006A604368536003891381438922205381FFF7CB
S214006A70BFB900BFF433002010B50368044686B0E3
S214006A80FBB1114813F0C6FCA37B104A8DF8043006
S214006A904FF48273ADF806300123CDE902230023BC
S214006AA001A804938DF81430FFF768FB204661892F
S214006AB029F0B9FC2046FA2150F8143B594329F036
S214006AC0CBFA06B010BD00BF38B1030020000001AD
S214006AD010B5064C236843B1054813F09BFC2068AC
S214006AE0BDE81040418929F09EBC10BD003400204E
S214006AF059B1030070B5364910460C68BDF8102031
S214006B00002C5ED003285CD8DFE800F0021E274584
S214006B10002B5AD0022A58D91D78B3F80160291ED6
S214006B2018BF012132462B4813F074FC2DB13146B4
S214006B30204629F078FC002070BDE573FA206368D3
S214006B40584329F010FBF6E7234813F063FCE37B79
S214006B50002B38D00023E373F0E7002B35D0032A50
S214006B6033D91D681D48294613F054FC1C4B2A1FB8
S214006B709A4201D90220DFE723680BB19D42F9D87B
S214006B8023899D42F6D3E37B6560B3B9FA20684358
S214006B9029F0E9FA11E0002BCED0012ACCD91D88C5
S214006BA01048294613F036FC002DE3D063689D425A
S214006BB0E0D8E37B2581002BE8D12046FFF74CFF89
S214006BC0B9E70120B8E70420B6E70320B4E700BF22
S214006BD0003400207CB10300B3B10300D2B103003F
S214006BE0FCFF6D00FDB1030038B5154B1C6834B3CF
S214006BF0F0B92168134813F00DFC23683BB16268B6
S214006C00934204D2104813F005FC6368236004F135
S214006C101405284629F025FA236823B1FA212846C8
S214006C20594329F019FA2046BDE83840FFF714BF4B
S214006C30032804D16189054813F0ECFBF3E738BD5F
S214006C400034002028B2030056B203008BB20300C3
S214006C5070B53E4B0D46044609781860002A6FD181
S214006C6001231A46A1730021E1730121A1814FF48B
S214006C706151C4E900132823354E22810C21324687
S214006C8022206381FFF7A4F860B9D6E900230AB191
S214006C909A4207D3318999429FBFC4E9002373897A
S214006CA0218163812B4B2C4AE363042384F8403014
S214006CB084F84C30E3182365284BA26463650223EE
S214006CC004F10802E265264A84F85830226604F188
S214006CD00A02A266234A84F8643084F8703004F10D
S214006CE00C03E26663676464EA79A86802EB420311
S214006CF000EB830104F13C064E601B4E40F8236017
S214006D00FA261A4B1A488B60531CEB71FFF7DCF916
S214006D10208904F11405704329F025FA618920467C
S214006D2029F081FB134B2846C4E90534FFF7A6F883
S214006D30216849B128467143BDE8704029F08CB9F6
S214006D404FF4F07302228DE770BD00BF00340020C0
S214006D50F43300200000230101002300020021007C
S214006D6003002101FDFF210020000105F56A000057
S214006D70D16A0000796A0000134B10B51C680CB38A
S214006D80E37BEBB129F071F92369C01A002809DB0F
S214006D900E4813F03FFB0023FA20E3736368584362
S214006DA029F0E1F9E37B5BB12489FA235C4329F0FF
S214006DB0E5F9A04206D02046BDE8104029F0D3B938
S214006DC06468F2E710BD00BF00340020B8B20300CC
S214006DD038B50024044D55F8040B08B129F036FBED
S214006DE001340A2CF7D138BD04340020042908B534
S214006DF00AD172B16BB113781BB929F052FB00208F
S214006E0008BD29F044FBFAE7034813F003FB012012
S214006E10F6E70320F4E700BFF2B2030010B4054C17
S214006E20114654F820001A46BDF804305DF8044BAD
S214006E30FFF7DCBF043400200229024608B50ED056
S214006E4004D839B9104629F02CFB06E04029F9D0C1
S214006E50412907D1104629F01AFB002008BD29F069
S214006E602AFBFAE7024813F0D5FA0120F6E700BF3E
S214006E7012B3030010B4054C114654F820001A460D
S214006E80BDF804305DF8044BFFF7D6BF043400208D
S214006E90426B094B52791A7082785A70C2789A708F
S214006EA0826B12B190F83C20DA7000780421093029
S214006EB0014AC0B2FEF79CBFE45B0020024B53F8C9
S214006EC0200029F014BB00BF0434002038B5044667
S214006ED00078084D09302A460421C0B2FEF778FF34
S214006EE030B96B78A370AB78E370EB7884F83C30FD
S214006EF038BD00BFE45B002038B504460078114D6D
S214006F0009302A460421C0B2FEF762FFC8B9A3784A
S214006F102A78022B0CD004D863B9204629F0C1FA8F
S214006F2001E0FF2B0AD02046BDE8384029F08EBA93
S214006F30002AF2D1204629F0AAFAF4E7002AF9D16D
S214006F40EBE738BDE45B0020F8B504460B78284A2A
S214006F500D4642F823004370FFF7B8FF636B254ADF
S214006F605C631A632046FFF7C7FF204629F06EFAD7
S214006F704FF4801363600123626BA66B0532E260F8
S214006F801D4A23722261A21C2375A26166B11B4AA8
S214006F9084F82030E261E21C6262194A84F82C30E0
S214006FA004F13C03A26223630627EA79A96802EB90
S214006FB04203002E21F8237001EB83000CBF02234E
S214006FC00423C370012383700E4B04348360531C68
S214006FD04460DBB20C4C03EB430341F8234001EB67
S214006FE0830000234360094B02328360EA71F8BDD8
S214006FF004340020CB0403000340300101FF3001BD
S21400700002FF1001756E0000080001001D6E0000F2
S21400701028B1034B1B78834234BF00200120704701
S214007020C85B002070B500250A4C0B4E3378AB4287
S21400703000DC70BDD4F8B42042B123791BB160796E
S214007040FFF7E6FF10B9104628F0F2FE0135E434EB
S214007050ECE700BF9C1C0020C95B002008B5427905
S21400706001461046FFF7D4FFA8B1CB780A48013A8C
S214007070042B00EB82100ED8012B08D81BB9BDE8F4
S214007080084029F004BABDE8084029F00ABABDE86D
S214007090084029F010BA08BD9C1B002008B54279AC
S2140070A001461046FFF7B4FFA8B1CB780A48013A6C
S2140070B0042B00EB82100ED8012B08D81BB9BDE8B4
S2140070C0084029F0EEB9BDE8084029F0E0B9BDE86F
S2140070D0084029F0F0B908BD9C1B002010B586B00A
S2140070E00446FFF713F8012830D1E278042A2DD899
S2140070F0DFE802F013323403030061790846FFF735
S21400710087FF58B31648032A00EB811050F80C3C52
S21400711058791DD1003818BF012063784FF480726B
S2140071208DF804304FF48273ADF806300623ADF8C0
S214007130083001238DF80B3000238DF80A0001A8D3
S214007140CDE903238DF81430FFF718F806B010BD0C
S214007150B0FA80F04009E0E70020DEE70220DCE736
S2140071609C1B002010B586B00446FEF7CFFF012812
S21400717030D1E278042A2DD8DFE802F01313320368
S214007180030061790846FFF743FF48B31548032A12
S21400719000EB811050F80C3C5B791DD11A1E18BF0D
S2140071A0012263788DF80A208DF804304FF482733C
S2140071B0ADF806300623ADF8083001234FF4807290
S2140071C08DF80B30002301A8CDE903238DF8143089
S2140071D0FEF7D4FF06B010BDB3FA83F25209E0E71B
S2140071E00222DEE79C1B002010B586B00446FEF7A0
S2140071F08DFF012812D16378094A8DF804304FF4C8
S2140072008273ADF806304FF48073CDE90223002375
S21400721001A804938DF81430FEF7B0FF06B010BD39
S2140072200800070110B586B00446FEF76FFF012878
S21400723020D16278104B8DF804204FF4827294F8B7
S214007240B01094F8B10059701870ADF80620049389
S2140072504FF480720223094901A88DF81430CDE955
S2140072600212FEF78BFF94F8B130013B18BF0123E2
S21400727084F8B13006B010BDE85B002008000501B8
S21400728010B5837804464BB30379022B0AD14279B2
S2140072901046FFF7BDFE28B11148013A00EB8210F8
S2140072A029F009F9A379022B02D12046FFF716FF31
S2140072B02046FFF7B7FF012384F8B83002231221D7
S2140072C055226078A4F87C3028F00CFF218929B17B
S2140072D004F1BC00BDE8104028F0BEBE10BD00BFE3
S2140072E09C1B002038B50D4604460178114813F063
S2140072F091F84FF602739D420ED10F4B1B782BB9B7
S21400730063712046BDE8384029F0B3B962790AB106
S2140073109342F6D20123F3E7B5F57F4FF1D120462D
S21400732029F08FF9A378022B0CBF01220022E36814
S2140073309A70E6E72EB30300C85B0020024B53F8B2
S2140073402000FFF7CFBF00BF2C340020002330B54D
S2140073500446007887B004300C2103AAC0B2CDE9F9
S21400736003330593FEF734FD20BB9DF81610012964
S21400737020D1BDF80C30BDF810206380BDF80E306B
S2140073802648A380E3681A829DF8123084F8B0304D
S2140073909DF81330A371BDF81430238113F03AF82A
S2140073A01F4B61791B7883BB99B12046637129F026
S2140073B060F90EE0002320780821043001AAC0B24C
S2140073C0CDE90133FEF704FD054620B1154813F05C
S2140073D021F807B030BD0121134813F01BF8BDF8A3
S2140073E00430BDF808206380BDF806302046A38030
S2140073F0E3681A829DF80A30258184F8B0309DF83B
S2140074000B30A37129F035F9CAE709B18B42E0D2F7
S214007410064812F0FFFF23780133C6E748B303009F
S214007420C85B00206AB3030093B30300C2B3030033
S214007430F8B504460B78504A0D4642F823004370D0
S214007440FFF784FF4D4B04F1BC00C4E92F34FEF770
S21400745015FDE2684A4BD465D3644A4B0226536551
S214007460494BA11C13654FF44013236101231032CE
S214007470A161216362654549454A6163A265211D94
S21400748004F1B002E163226642484349434AE061A0
S21400749021646266E01C611DA21D6062A164E26652
S2140074A03F484049404A237584F82030A06284F85B
S2140074B02C3084F8383084F84430E16484F8506026
S2140074C084F85C3084F86830226784F8746004F1CD
S2140074D00802A267AA68E87904F1100C00EB4001E4
S2140074E002EB8107C7F804C04FF0060C2F4F42F896
S2140074F02170C118C9B201EB410142F821C002EB6C
S2140075008107002179602A4F84F89030C4F8807093
S214007510284F84F8A830C4F88870274F274BC4F843
S2140075208C70274F84F8846084F89C60C4F8AC3074
S21400753004F17C06831CC4F89470C4F8A060214F44
S214007540214EDBB203EB4303C4F8A460C4F8987082
S21400755002EB83068034746008261C4C42F82340F5
S214007560C31CDBB203EB430302EB8304043042F894
S21400757023606160E871F8BD2C3400201505030017
S2140075807F050300D70503008172000001FF30016C
S21400759004FF20011000300102FF200105FF30012A
S2140075A000FF300103FF210106FF2101070001094A
S2140075B04A002100924B040051001000944B040036
S2140075C0954B0400550021006F00180012000104BE
S2140075D000239B6AB3F5804F03D21968064A91428E
S2140075E003D00023037083607047012202709A68FC
S2140075F09B694260F7E700BF07B0CD5E024B034AC7
S2140076001A602AF064BC00BF0000002002020FF0DF
S21400761073B53F4B04461A781AB102221A7002B0AC
S21400762070BDCDE900220028F9D001261E7032F088
S214007630DBFF384D384B186017F0CEFC2B785BB963
S21400764002F0F2F940B935480823354A3549006852
S21400765001F038FE00B92E70334B5A68E260334AA8
S2140076609A601A6E22605A6E6260D3F87021A26029
S2140076701B6E5C042CD52E4AD368D807FCD42D4B41
S2140076801A68531C29D04FF4801393402A4A136675
S2140076900423294C4FF0804223664FF48063236610
S2140076A0102323664FF400536846236601A922661A
S2140076B0636629F000F8009B2366019B63662B78BF
S2140076C0002BACD0164B1A6822665B686366A6E78A
S2140076D01A4AD368D907FCD4D1E7194B1B78002B7C
S2140076E0D6D1184B5A68144B12B94FF480121A664A
S2140076F0154A526812B94FF400121A66134B5B68AB
S214007700002BC5D14FF480020B4B1A66C0E700BFB2
S214007710EB5B0020EC5B0020643400200466002055
S21400772068340020007108000080004455CEAC008C
S21400773000000440D0650020009000440000045083
S214007740EA5B00200080055000C00550000006508F
S21400775038B5224D04462B78012B02D001232B701E
S21400776038BD0028FCD028F0CBFF013009D028F027
S214007770C7FF40F20113984203D0194AD368DB07CB
S214007780FCD42268174B1A6662685A66A268C3F869
S2140077907021E268D40744BF00229A60124B1A6830
S2140077A0013213D1114A127882B911494968C807C3
S2140077B048BF1A600F4A5268D10744BF01221A60B8
S2140077C00D4A5268D20744BF02221A6017F00CFC1A
S2140077D00A4B186832F003FF0023C0E7EB5B00207B
S2140077E00000044000800044D0650020EA5B0020D2
S2140077F00080055000C0055000000650643400208C
S21400780070B50024A36AB3F5804F23D21A68134BD1
S2140078109A421FD1124E337813F0FD0518D14FF45B
S21400782080341048FFF7F4FE032004F04FFC0E4BA4
S2140078300320DC6004F02EFC0C4B1C61AB6ADB6999
S214007840984704460748FFF783FF0CB901233370B7
S214007850204670BD4FF48174FAE700BF07B0CD5ED6
S214007860EA5B00205434002000A00044009000444E
S21400787013B5204B1B7803B9FEE700231E4CCDE959
S21400788000336A4608231D49206801F01BFDF8B93D
S2140078901B4AD2F84031D2F840211F2B4FF001038B
S2140078A011D9203A9340019A1A43019208236A4656
S2140078B01249206801F08EFE124B134A1A602AF015
S2140078C006FB02B010BD9340009A1A430092EDE703
S2140078D02D28F1D10A4AD2F84031D2F840211F2B88
S2140078E04FF0010385BF203A93409340019398BF21
S2140078F00093DBE7EB5B00200466002000710800C5
S21400790000800044000000200B020FF038B5002570
S214007910AB6A0446B3F5804F10D21B6BB3F5804FAD
S2140079200CD20748FFF774FEAB6A20461B6B5B68F9
S2140079309847BDE838400248FFF70ABF38BD00BF89
S2140079407034002013B50024A36A0190B3F5804F6D
S21400795013D21B6BB3F5804F0FD20948FFF758FEC2
S214007960A36A01211B6B01A89B699847044604483B
S214007970FFF7EEFE204602B010BD4FF48174F9E723
S2140079807034002070B50026B36A0446B3F5804F05
S2140079900D4612D21B6BB3F5804F0ED20848FFF788
S2140079A037FEB36A20461B6B29469B6998470446F8
S2140079B00348FFF7CDFE204670BD4FF48174FAE70A
S2140079C07034002070B50026B36A0446B3F5804FC5
S2140079D00D4612D21B6BB3F5804F0ED20848FFF748
S2140079E017FEB36A20461B6B2946DB699847044698
S2140079F00348FFF7ADFE204670BD4FF48174FAE7EA
S214007A0070340020F8B50027BB6A0446B3F5804FF3
S214007A100D46164611D21B6B7BB10948FFF7F8FDE1
S214007A20BB6A20461B6B324629465B6A984704466B
S214007A300348FFF78DFE2046F8BD4FF40174FAE7C1
S214007A407034002070B50026B36A0446B3F5804F44
S214007A500D4612D21B6BB3F5804F0ED20848FFF7C7
S214007A60D7FDB36A20461B6B29469B6A9847044697
S214007A700348FFF76DFE204670BD4FF40174FAE729
S214007A8070340020F0B50027BB6A0446B3F5804F7B
S214007A900D461646ADF5337D20D21B6BB3F5804FF1
S214007AA01CD21048FFF7B4FDBB6A20461B6B40F2A1
S214007AB0C1225B6A01A99847044630B10948FFF71E
S214007AC047FE20460DF5337DF0BD836A32461B6BBC
S214007AD02946DB6A01A898470446EFE74FF401748D
S214007AE0EFE700BF7034002010B50024A36AB3F59A
S214007AF0804F10D21B6BB3F5804F0CD20748FFF7B0
S214007B0087FDA36A1B6B1B6B984704460348FFF769
S214007B101FFE204610BD0124FBE700BF7034002086
S214007B20F0B58FB0044601A80E461546FFF7EEFEE8
S214007B309DF80C30012B12D1B5F5402F27D8B4F59F
S214007B40402F24D86319B3F5402F20D821462A4663
S214007B50304613F001FF002420460FB0F0BD00278A
S214007B60BB6AB3F5804F15D21B6BB3F5804F11D2AD
S214007B700A48FFF74DFDBB6A2A461B6B3146204676
S214007B805B6B984704460548FFF7E2FDE4E740F2E2
S214007B900244E1E740F20114DEE700BF7034002043
S214007BA0F0B58FB0044601A80E461546FFF7AEFEA8
S214007BB09DF80C30012B1FD1B5F5402F06D8B4F533
S214007BC0402F03D86319B3F5402F13D940F202446F
S214007BD020460FB0F0BDE258013225D104339D4255
S214007BE0F9D82A463146204628F0BAFD0028EDD0BE
S214007BF00024EDE70023F2E70027BB6AB3F5804FC9
S214007C0015D21B6BB3F5804F11D20A48FFF700FD63
S214007C10BB6A2A461B6B314620469B6B9847044638
S214007C200448FFF795FDD3E740F20344D0E740F25F
S214007C300114CDE77034002070B58EB0044601A85C
S214007C400D46FFF763FE9DF80C30012B22D144EA67
S214007C500503C3F30C03002B33D1B5F5402F04D92D
S214007C6040F2024420460EB070BDB4F5402FF7D85F
S214007C702544B5F5402FF3D8204604F5005428F0E7
S214007C8068FDAC4202D00028F6D1E9E70028E7D02C
S214007C900024E7E70026B36AB3F5804F14D21B6BC7
S214007CA0B3F5804F10D20A48FFF7B2FCB36A2946F4
S214007CB01B6B2046DB6B984704460548FFF748FDDC
S214007CC0D0E740F20444CDE740F20114CAE700BF13
S214007CD070340020BFF34F8F0549064BCA6802F484
S214007CE0E0621343CB60BFF34F8F00BFFDE700BFDA
S214007CF000ED00E00400FA0570B5D0B1C9B10E4E33
S214007D00431E013913F8014F2046325D02F003028C
S214007D10012A11F8012F08BF04F12000B55C05F018
S214007D200305012D08BF2032801A01D1002CE9D1AD
S214007D3070BD0120FCE700BF6D7304000348044AD1
S214007D400449121A921028F057BD00BF34410000B3
S214007D50D04200000463002008B5154B83F30A8860
S214007D6000F030F8FFF7EAFF124B13498B4212D3AC
S214007D700020124B12498B4218D3FCF7B3FF186849
S214007D8050F82240586840F82240013298688242F3
S214007D90F5D30C33EAE70022F8E71C6844F8220023
S214007DA001325C68A242F8D30833E4E70022F8E721
S214007DB0080000200C980400189804001898040086
S214007DC018980400124B134A70B59A60D3F88820AE
S214007DD0114D42F47002C3F888206FF0010205F5D9
S214007DE00054226641F2FF7262660222C3F8D02077
S214007DF0BFF34F8FBFF36F8F4FF44036032004F06E
S214007E0065F90320E66004F045F92E6170BD00BFF9
S214007E1000ED00E00040000000800044014B1860C8
S214007E20704700BFD8650020054B1860054B1B6FD8
S214007E3003F00703032B01D130F02EBD704700BFBF
S214007E40E0650020008000502DE9F04104464FF028
S214007E5001080C250D4E0CB9BDE8F08194FAA4F08B
S214007E60B0FA80F00F2808FA00F2C8BF103824EAEB
S214007E700204CABF05FB006205FB0062B432576805
S214007E80002FE8D09168C0B2B847E4E780340020FD
S214007E9008B50C4832F046FC192004F009F928B160
S214007EA0192004F013F9192004F0F4F81A2004F04D
S214007EB0FFF828B11A2004F009F91A2004F0EAF8AD
S214007EC0002008BDF84D04002DE9F0410E46174687
S214007ED0054618B30F2923D80378DBB1013BDBB284
S214007EE0022B19D8104AD35C6A78D340DB0717D523
S214007EF00E4BD3F81043ACB932F076FB80463A46C8
S214007F002846314602F042FE404632F068FB2046E4
S214007F10BDE8F0817F23E7E70023E5E72224F6E7C4
S214007F202124F4E70224F2E7E84B040000C00350E3
S214007F3010B5044610B30378E3B1013BDBB2022B65
S214007F401AD8104AD35C6278D340DB0718D532F0D3
S214007F504BFB0122617823788A4030214B4341F263
S214007F60100103F1A04303F570335A5032F037FB8B
S214007F70002010BD7F23E6E70023E4E72220F8E791
S214007F802120F6E7E84B040010B5044610B303784A
S214007F90E3B1013BDBB2022B1AD8104AD35C6278FD
S214007FA0D340DB0718D532F01FFB01226178237817
S214007FB08A4030214B4342F2100103F1A04303F5FF
S214007FC070335A5032F00BFB002010BD7F23E6E7DB
S214007FD00023E4E72220F8E72120F6E7E84B040038
S214007FE038B50D46044618B311B30378E3B1013B28
S214007FF0DBB2022B1AD8104AD35C6278D340DB0778
S21400800018D532F0F1FA30222378534303F1A04317
S21400801003F570335B696278D34003F001032B707D
S21400802032F0DDFA002038BD7F23E6E70023E4E7E0
S2140080302220F8E72120F6E7E84B04002DE9F0417E
S2140080400D4616469846044600284FD000294DD0C7
S2140080500178002940D04B1EDBB2022B3ED8254AC1
S214008060D25C6378DA40D20701D4FF2940D1022ED1
S21400807001D9042E3CD132F0B7FA23780746FF2BFD
S21400808005D032462046296802F0C6FD28602B68D7
S214008090013309D12378FF2B06D1174B6078D3F82C
S2140080A0241429F084F9286029684B1C18D00C2366
S2140080B0124A03FB0122069BC2F8048093602378D1
S2140080C0FF2B04D001230E4A8B40C2F824343846D6
S2140080D032F085FA002007E07F22C2E70022C0E7E0
S2140080E0384632F07CFA2D20BDE8F0812220FBE7EE
S2140080F02120F9E7E84B040000C00350803400203C
S21400810000D0035008B502F037FD044B00F05530A0
S214008110C3F82004BDE80840FFF796BE00E0035011
S21400812008B502F029FD044B00F0AA30C3F820047D
S214008130BDE80840FFF788BE00E003502DE9F04F89
S214008140144605460E469B46C36B87B001225B6904
S21400815002A960689847EB6B01225B6903A9304669
S214008160984702A828F047FF074648B10023A375A2
S21400817063754FF0FF33A360002007B0BDE8F08FB3
S21400818003A828F045FF0123A375237E04EBC30351
S214008190DE611F846368B3420ED1206003A828F016
S2140081A059FF4FF0FF332075A360237D043B022B5D
S2140081B026D80023A375DFE723681A1A53425341D3
S2140081C0A37503A828F046FF237D834218BFA77532
S2140081D003A828F021FF074602A828F01DFF8742C3
S2140081E018BF002303A818BFA37528F01DFF074675
S2140081F002A828F019FF87421CBF0023A375D4E706
S21400820003A828F009FF80B1EB6B022230465B69B9
S21400821004A9984704A828F00EFF0346207D0328EB
S21400822039D8DFE800F03838040903A8F3E7CC2291
S214008230237E04EBC3031A8401F06EFC109B1870B7
S21400824003A8277E28F0DCFE04EBC70787F8220089
S214008250237E03A804EBC303B3F8209093F82270A0
S21400826028F0DAFE804603A828F0DEFE8246B8F143
S214008270000F15D0EB6B022230465B6904A99847C5
S21400828004A828F09DFE6075637D6BB90023A37576
S2140082904FF0000838E0227E04EBC2021384CBE7DE
S2140082A003A828F078FEEEE794F81680B8F1000FE1
S2140082B0EED0B9F1000F09D1DFB10123E375637E7B
S2140082C0002B4FD1012F42D1677614E06B6C06EB82
S2140082D00A015A4286EA010010421CBF0022A2751B
S2140082E05A1E0A409B1A9945D0D8A37D002BE3D18D
S2140082F0CEE7E37D43B94FF000084B465246314681
S214008300284628F0C3FBA060A27D12B123694B4427
S21400831023611A49237E097899422AD901332376A4
S214008320BBF1000F27D032B3E37D23B3B8F1000FC3
S21400833021D1032F1FD0A1684B1C1CD0109B2246B6
S214008340009328460123FFF7F9FEA07513E095F881
S214008350343063B9EB6A0133CFD1032FCDD101237B
S214008360A376C8E7012FCFD0032FC4D1F7E79846EE
S214008370C3E70023A375A07DFFE600BF0C4C0400F6
S2140083802DE9F04F0E46984600238BB004464FF07A
S214008390FF31104617468DF8133001F0A7FBB6F5EF
S2140083A0801F20D2314605AA04F1080028F075FD8A
S2140083B0451C014603D1237CBBB92D2010E038466E
S2140083C001F094FB0122394620460DF1130328F0F4
S2140083D0AFFB0028EFD09DF8133088F8003000205F
S2140083E00BB0BDE8F08FB01CE5D1E56A691C36D14C
S2140083F02046616A28F090FA0546B31C18BF012390
S214008400DFF8CC900193636A626C0293236805A937
S21400841002FB053AE36B05225B695046984705A8C0
S21400842028F084FE28F0A7FE504628F0AFFE4FF056
S214008430000B824601464B1C05D0636C81EA0A029B
S2140084405B42134211D02946204628F065FA029B6B
S214008450AB422CD0BBF1000F2CD10546D3E72368E6
S214008460ED1A636CB5FBF3F5C7E7484601F03EFB33
S2140084700DF1130349462046019A28F059FB03469E
S21400848090B1B21C03D0D9F80020B2420CD19DF8AE
S214008490132003930D4B88F8002049461A68384687
S2140084A013F05AFA039B9B46D9F80810C3E7BBF1B2
S2140084B0000F82D0B6F5801F91D2314698F8003072
S2140084C07A6804F1080001F03FFA88E7084C0400D7
S2140084D05C3C00202DE9F3410446174698460E46BC
S2140084E0184D816AE36A8B4201D04B1C02D102B060
S2140084F0BDE8F081284601F0F9FA01222946204617
S2140085000DF1070328F014FB38B1434629462046F0
S2140085109DF80720B8470028E9D0A9684A1C04D16E
S2140085206968204628F085FA0146012EDAD16B6884
S21400853081EA0302636C5B421A4218BF4FF0FF31B8
S214008540D0E700BF303C00202DE9F04F4FF0FF335E
S2140085504FF6FF720025044600F10806C0E909231D
S2140085608BB0C362056205633046884628F066FC19
S214008570204628F0A1F960BB2046414628F01CFAA8
S214008580204628F099F960BB5E200BB0BDE8F08F5E
S2140085902368E26B606C576900FB0530052205A96D
S2140085A0B84705A828F0C2FD012807460CD1294681
S2140085B0204628F0D2F9012F024600D10132294682
S2140085C0204628F098F903E028F0DAFD0028EED1DE
S2140085D00135E3699D42DBD3204628F06DF900287B
S2140085E0CAD000254FF0FF394FF6FF73CA46A8469B
S2140085F0C4E90853E36998450AD3A5EB0905012D9C
S2140086002CD84FF6FF72636A93423CD16720BCE7D2
S2140086102368E26B606C576900FB0830052205A9E9
S214008620B84705A828F082FD834605A828F055FD22
S2140086300746584628F09FFD68B1574538BFC4F82E
S2140086402480B94528BFB946BD4238BF3D46BA4624
S214008650236A0133236208F10108CBE74FF6FF7364
S21400866000256362E3699D42CBD2676C2068E36BAA
S214008670052207FB05005B6905A9984705A828F0B1
S2140086802CFD0135EEE7E26B676C2068694607FB58
S214008690030055690522A847684628F01EFD626A51
S2140086A02368606C4B4D00FB023028F06FFD4FF0E6
S2140086B0FF33A062E3622A466FF00101204605AB55
S2140086C0FFF75EFE002846D1AD6829462046E562E3
S2140086D028F0CEF8206320B92046E16A28F0A9F9F0
S2140086E0E0622946204628F0A4F90546A36A9D4282
S2140086F033D1204628F08FF800278046B946E36934
S21400870099453CD3B84559D92046616A28F004F902
S2140087100026054604F1400AB74212D8626C236868
S214008720694602FB0539E36B05225B6948469847B4
S214008730684628F0D2FC534602464946E06B28F0CD
S21400874027FD2946204628F0E7F80136B0450546BD
S214008750E2D1642019E7A56AB7E72946204628F043
S21400876087F8236B2946034407462363204628F0F0
S21400877060F90546002FB9D1C4E90B07B6E7636C6C
S2140087802568052203FB0955E36B05A95B692846A6
S214008790984705A828F0CAFC28F0EDFC58B12846F2
S2140087A028F0F4FC0146204628F062F8636C143B7F
S2140087B0984208BF013709F10109A0E7304628F0C2
S2140087C03DFB002320461946034AFFF783FE0020A0
S2140087D0DBE600BF883C00201F0B03002DE9F041BC
S2140087E0036B9046826B07689A4288BF8363426C2D
S2140087F0436A90B002FB0377C36B0E46052201A9BD
S2140088005B6904463846984701A828F08FFC012883
S2140088100146307057D0656CE26B2368606AD2F808
S21400882014C005FB0030052206A9E04706A828F07C
S2140088307DFC01284FF0000523D0D4E90A3201213F
S2140088409342CDE90B458DF834800E958DF83C109B
S2140088502AD11946204628F0ECF8236B626C1433B4
S2140088609B1AE06223630C9B53B99DF83C303BB1E6
S214008870626A616C2368E06B01FB023128F00EFC33
S2140088800C9DE36B05225B6901A93846984701A851
S21400889028F04CFC30702846236BA26B9A4288BFA7
S2140088A0A36310B0BDE8F081237C33B91C490BAA42
S2140088B004F1080001F096F8D5E72046194A0BABFC
S2140088C0FFF708FECFE7237C23BB2246164904F1B8
S2140088D0080001F087F8616A204628F03EF8616AD1
S2140088E0421C204628F007F8054620B9236B626C28
S2140088F01344143B23632046A16A28F09AF82368A1
S214008900A062C01A636CB0FBF3F06062204628F0E9
S214008910D3F8B6E700232046044AFFF7DBFDDAE784
S21400892081900000FD8F0000B90B0300550B03007B
S21400893073B50D46D11E4A421C461B7E4A419A42DA
S21400894026D129682368994222D3636899421FD8A2
S214008950114E0DF107033246FFF712FDC0B97268DB
S2140089606B689A4214D19DF80730DA1E5342534181
S214008970227E93420CD1636901336361D4E90323F9
S214008980934205D22968A26842F823100133236176
S214008990012002B070BD00BF883C00202DE9F04FDA
S2140089A09B4689B09DF848309046514A019313691A
S2140089B007465B450D46C0F09580D9465368009340
S2140089C0B9F1000F7BD0FB6B01225B6905A900980B
S2140089D0984705A828F01CFB454B1B68984240F0BA
S2140089E0848005A828F020FB0428064615D105A893
S2140089F028F021FB009B04461E44019B002B3ED121
S214008A00804512D91C46A8EB00083846009928F085
S214008A1010F8A9EB04090090D2E7FB6B02225B6911
S214008A20009806A9984706A8E2E7A0EB08045C456C
S214008A3028BF5C46032C4644ABEB040B1DD9FB6BEE
S214008A40294630465B69A208984724F0030304F0E1
S214008A50030A1E441D44DDF80480BAF1000FD4D08A
S214008A60FB6B012206A930465B69984752462846AA
S214008A7006A912F071FF5544C7E7A246EBE7824607
S214008A8000F0030302932B1803930644039BA6EB04
S214008A900A00A3EB0A05029B9A4514D1BAF1000F0F
S214008AA0B3D0FB6B012206A95B699847524628465D
S214008AB006A913F00DF90028DDD04FF03609484618
S214008AC009B0BDE8F08FFB6B012206A95B699847E9
S214008AD00422284606A913F0FBF80028EDD1AAF1D7
S214008AE0040AD3E74FF06309E9E74FF06F09E6E7BA
S214008AF0B43C00202DE9F0410F4616469846044641
S214008B0088B060B390F83450FDB1012127F0C9FE5B
S214008B1000210E9BCDE90511CDE902379DF83C30CA
S214008B20CDF804808DF81C30237C04968BB90D4953
S214008B3001AA04F1080000F055FFDDE90553E06BDB
S214008B40002E08BF1D4628F045F8284608B0BDE8A8
S214008B50F0812046044A01ABFFF7BCFCEDE7054672
S214008B60F3E700BF830B0300318900007FB590F860
S214008B704260044601920DF10B030A463046114945
S214008B8028F030F8012E0546E36B17D132465B69B4
S214008B9003A998479DF80B10039B019A59B19BB205
S214008BA043EA0243012228460393E36B03A99B6929
S214008BB0984704B070BD62F30F03F3E701229B6988
S214008BC001A9F5E7B43C00202DE9F04F99B00E4618
S214008BD00D920A69416C0B931439D31DB3FBF1F364
S214008BE0013302EBC302036B04469342C0F00182DA
S214008BF00023DFF804940893E36A48461946059371
S214008C0000F074FFD6E9033707930B9B022B4DD178
S214008C10CC2F40F0D7810D9B3BB13146204628F043
S214008C2037F8656C1490012044E00120079B656CC2
S214008C301B68149300F0010000280CBF04230823CF
S214008C40782F0E9349D8059A6B1E1340ED1A3B1DDC
S214008C509D423CD2002F3DD0082D3ED8002304254F
S214008C6006934FF0040A336806990B98C9F800304B
S214008C70C9F8107028F0F2F94FEA9A030F93059B93
S214008C8089F814000393002309930C9304930A9322
S214008C90616C039B4A1E1A408B1A27B35544AB429D
S214008CA023D8236B5B1A134423632FE1782F656C5C
S214008CB0B9D8F07D0D9B002BBCD0E36B01225B691D
S214008CC0706816A9984716A828F0A6F9B4E70025F4
S214008CD00695C6E704250697C3E7012300254FF04F
S214008CE0080A0693BFE75345DBD3A3EB0A02974275
S214008CF0039BB84628BF90469742534428D9012282
S214008D00D9F8101089F817208F4226D10399C9F890
S214008D100410049299F817200AB399F818100398CB
S214008D20CA1C09EBC202506004980131A2F8088000
S214008D30907289F81810B8F1000F07D00B9A022A23
S214008D4040F08180099A72B1012209929B46ABE0FD
S214008D50049A002A18BF0322DBE70222D9E7039A07
S214008D60C9F80420E7E70C9A4244032AEED9E26BDE
S214008D701846956914A901220993A847099B054638
S214008D800028E1D03D2D40F01E8104F10803039336
S214008D902368059A606CA2EB030ABAFBF0FA00FBA4
S214008DA00A3028F0F3F9E16A8046204627F041FEB3
S214008DB0A26A824200F00F81626CD9F80830511E18
S214008DC00B40216B2768891A0B442363089BE062DB
S214008DD0DF1BB7FBF2F7BA4540F0FA80059BB3EB12
S214008DE0080A12D0E36B4FEA9A0241469B699847FD
S214008DF08346E36A059A5344E362236B03989B1AFF
S214008E004344236328F01AF8DA462368616CE06B63
S214008E1001FB073128F02FF9204627F04DFD2046AC
S214008E2027F04AFE2063BAF1000F00F0D4803269C2
S214008E30616CD31D1439B3FBF1F3013302EBC302AB
S214008E409042A5D2BFE00D9A002A77D1B8F1030F61
S214008E504FEA98026ED9E16B18468D690799109310
S214008E60A847109B0546C0B918F0030515D0079A09
S214008E7028F0030B02EB0B019B444FF0FF3215A8C2
S214008E8015922A46109312F067FDE26B58469569D4
S214008E9015A90122A8470546109B9B46079A4244FF
S214008EA00792002D40F08B80049B16A80193069B2A
S214008EB0009399F814204346316800F0CDFDE36B2B
S214008EC00F9A9B69039816A99847039A051E089B54
S214008ED018BF13460893434652462046039927F088
S214008EE0D5FD236B08F10302A3EB0A0322F003026D
S214008EF09B1AC9F808002363002D7FF443AF0C9B30
S214008F00A7EB080743440C93CDF80CB02046039912
S214008F1027F08FFD00250390002F7FF4B9AE364A68
S214008F203168936804F10800E36252680B9B00F016
S214008F300BFD49E09B46454607999EE79B4606F192
S214008F4020021092F27D7068A2B1002296F818C036
S214008F500A99D5B2AC4511D9109D02F1010E35F82B
S214008F6032508D4228D90E9806EBC2020144D069D1
S214008F70084403E00E9A0A990A441044E26B15A9C5
S214008F80556901221193A847159A0A9B1392E26B22
S214008F90043395695846012213A90A93A847119BE2
S214008FA0054603EB0802A2EB0B02042A7FF679AF14
S214008FB028B90BF1040BC5E77246491BC9E7CDF883
S214008FC020B088E770252F46384619B0BDE8F08FE8
S214008FD04FF0000A19E73269616CD31D1439B3FBF0
S214008FE0F1F3013302EBC302236B9342BFF404AEEA
S214008FF0E9E71C27E8E700BF5C3C0020032A2DE9D0
S214009000F34106460D4617461C4606D1237A012B29
S21400901023D0012002B0BDE8F081DFF86080096847
S21400902042460DF10703FFF7ABF960600028EDD16B
S2140090309DF80720237A032AE8D0D8F804106A6837
S2140090409142E3D1012B2969D4F80CC007D172698B
S2140090500CEB0103934202D92074207CDAE7083136
S2140090606144E1603B46012229463046FFF7ACFDED
S21400907060600028CAD00020CCE700BF883C0020F3
S2140090802DE9F341089C032A1746266806D1237A61
S214009090012B24D0012002B0BDE8F081DFF89080DB
S2140090A0304642460DF10703FFF76AF96060002874
S2140090B0EDD12568D8F80400A96AD5F844C0484020
S2140090C0CCF100031840227AE1D1012A09D1E268E6
S2140090D0D8F8103013447269934202D92074207C69
S2140090E0D9E72868EB6A1B1A081AB3FBFCF3B0FB37
S2140090F0FCF083420BD1706CF36A421E1340326B55
S214009100121A13442846336327F093FCE862D8F813
S2140091101020E36808321344E36001223B4604490A
S2140091202068FFF751FD60600028B0D00020B2E74D
S214009130883C00202DE9F0410025604B0E46D3F810
S214009140008004461D6018B921252846BDE8F08138
S21400915090F8347007B30A6803689A4240F0A38018
S2140091604A6843689A4240F09E808A6883689A42BA
S21400917040F09980CA68C3689A4240F094800A69B1
S21400918043699A4240F08F808A69C36B9A4240F0E6
S2140091908A804B698361D8E768223946856B12F06E
S2140091A04BFAD6E90212336804F1080023607368AC
S2140091B0A5636360336963617369A36127F050FE3A
S2140091C0B36904F14000E3639B68984720B9676C75
S2140091D017B16368B3FBF7F794F84330E761002BE9
S2140091E0B2D00023656C2366002D64D0002F62D0B9
S2140091F02368B3FBF5F205FB1233002B55D16668E6
S214009200B6FBF5F305FB1363002B4ED1204627F083
S2140092101FFBA369043303449E4248D340F63472CE
S2140092206369CC3B934244D8B5F5805F43D30321B2
S214009230204627F036FBD4E90001E36B1B6898470D
S2140092400546E36B0220DB689847CDB941462046C9
S214009250FFF77AF96428054604D141462046FFF711
S21400926073F90546666C5DB9236A2046143E5E4374
S21400927027F0EEFAA369043303449E4238BF5A250A
S214009280002D0CBF0123002384F8343007D1D4E925
S21400929000010B4A13680133136027F07BFEE06B76
S2140092A027F098FC51E75D254FE759254DE75A25ED
S2140092B04BE75F2549E75B2547E700BFEC35002015
S2140092C0E83500202DE9FF410C4616461F460546A8
S2140092D080B390F834307BB3B1F5801F2ED2DFF820
S2140092E06080012127F0DDFA2146424628460DF12E
S2140092F00F03FFF745F8044670B99DF80F30012BB1
S21400930011D1D8F81030BB4212D102460090314637
S2140093102846FFF743FB0446E86B27F05BFC204635
S21400932004B0BDE8F081022B14BF2D246024F3E7BF
S2140093306324F1E72124F2E71124F0E72924EEE77D
S214009340B43C00202DE9F04385B00C4617461E4677
S2140093500546DDF8308098B390F8343093B3B1F515
S214009360801F31D2DFF86490012127F09AFA214657
S2140093704A4628460DF10F03FFF702F8044688B95F
S2140093809DF80F30012B14D1D9F8102006EB0803F6
S2140093909A4213D300904346324639462846FFF792
S2140093A0FDFA0446E86B27F015FC204605B0BDE83C
S2140093B0F083022B14BF2D246024F3E76324F1E727
S2140093C02124F2E71124F0E72924EEE7B43C00203C
S2140093D073B50C461646054630B390F834302BB3BA
S2140093E0B1F5801F24D2012127F05BFA21462846DA
S2140093F0104A0DF10703FEF7C3FF044680B99DF837
S2140094000730032B0CD0022B0CD12846094927F035
S2140094103FFC3060E86B27F0DDFB204602B070BDF5
S2140094202D24F7E76124F5E72124F6E71124F4E775
S2140094302924F2E7B43C00202DE9F3411E46002320
S2140094400C4617460546336050B390F834304BB39D
S214009450B1F5801F28D2DFF85480012127F021FAC9
S2140094602146424628460DF10703FEF789FF0446CB
S214009470A0B99DF80730032B10D0022B03BF0123A1
S2140094803B600423D8F8103018BF38603360E86BB0
S21400949027F0A0FB204602B0BDE8F0812D24F6E7B9
S2140094A02124F7E71124F5E72924F3E7B43C00204C
S2140094B073B50446056B27F0CBF9636E03449D42F3
S2140094C02CBF00230123854294BF00252D1A207C43
S2140094D084F85030656584F85800A8B100230C4E17
S2140094E01A4619462046009627F096FC00230546A5
S2140094F01A4619462046009627F097FCE36828444B
S214009500984294BF0020C01AE06502B070BD00BF4C
S214009510FFFF0F002DE9F3471E4643690446B3429A
S214009520884617469DF828904ED300258DF807509C
S214009530204627F08DF9D4F830A082450AD2236A57
S214009540B5EB430F06D2002220460DF10701FFF7C8
S21400955045F9B8B39DF80730012B05D10022204607
S2140095600DF10701FFF73AF9B9F1030F06D03146BE
S214009570204627F05DF9256B854227D3144D4FF022
S214009580FF31284600F0B2FA4B4629460022204614
S214009590C5E90376C5F80080FFF716FB236E05467F
S2140095A063B12046FFF784FF94F8503013B994F85F
S2140095B058301BB1236E04F150009847284602B07D
S2140095C0BDE8F0870135B3E76225F7E71C25F5E728
S2140095D0883C00202DE9FF410F4690461E46054672
S2140095E098B390F8343093B3B1F5801F31D21A4C4B
S2140095F0022127F056F92246394628460DF10F0378
S214009600FEF7BEFE024678B1012342460093394675
S21400961033462846FFF77EFF0446E86B27F0DAFA63
S214009620204604B0BDE8F0819DF80F30012BEBD149
S2140096302169B142E8D10093414633462846FFF7F8
S214009640ADF904460028DFD1E7E72124E8E7112436
S214009650E6E72924E4E700BFB43C00202DE9F04704
S21400966090F8423086B0012B05460391A1EB020725
S21400967040F0AA80FF2F03D81E464FF0640807E08C
S2140096800226012B14BF4FF032084FF06408013653
S21400969000244FF6FF79DFF844A195F84230012BFD
S2140096A014BF322364239C4202D35FFA88F40DE091
S2140096B005AB22465146284627F0C8FA95F84230B0
S2140096C0012B059B34D14B452DD1E4B295F84230A1
S2140096D0012B14BF32226422121BB24217D3012E72
S2140096E039D10022012B05978DF8132027D10822A7
S2140096F005A90DF1130027F065FD9DF81330059AB6
S21400970042EA032221462846FFF730FA40B10223F8
S214009710324900932846CC23096803AAFFF7FAFECD
S21400972006B0BDE8F087DBB203B902340134B4E713
S214009730591CCAD09BB2002BF8D10134F6E7102290
S21400974005A90DF1130027F03DFD9DF81330059A8D
S21400975042EA0342D6E7039A012B059223D1082357
S214009760202205A90DF113008DF8133027F02AFDED
S2140097709DF81320120221462846FFF7F7F995F8C0
S2140097804230611C012BC9B21AD10028BFD128462D
S214009790BDF81420FFF7EAF90028B8D10234BDF866
S2140097A01620E1B2AFE71023202205A90DF1130021
S2140097B08DF8133027F006FD9DF813201204DAE723
S2140097C00028A4D1059A9EE7B7F5803F4FF0010622
S2140097D0BFF457AF4FF032085AE700BFB43C002042
S2140097E070B586B00E4605460392A0B390F83430A6
S2140097F09BB3B1F5801F32D2022127F052F83146D2
S2140098002846184A0DF11703FEF7BAFD044618B9A4
S2140098109DF81730032B0ED10223314600932846BD
S214009820CC2303AAFFF776FE0446E86B27F0D2F9AE
S214009830204606B070BD022B0BD10A49284627F0F9
S21400984027FA039902468142EFD02846FFF706FF23
S214009850EAE76124E9E72124EAE71124E8E7292476
S214009860E6E700BFB43C0020F7B50C4616460546B2
S21400987068B390F8343063B3B1F5801F2BD2022161
S21400988027F00FF821462846144A0DF10703FEF785
S21400989077FDC0B99DF80730032B14D0022B14D1E6
S2140098A00E49284627F0F4F9471C02463946284652
S2140098B0FFF7D4FE044606B13760E86B27F08AF956
S2140098C0204603B0F0BD2D24F7E76124F5E72124F8
S2140098D0F6E71124F4E72924F2E700BFB43C0020A1
S2140098E030B50C46054685B028B390F8343023B31F
S2140098F0B1F5801F23D2022126F0D3FF0DF10F030E
S214009900214628460F4AFEF73BFD034688B99DF8D8
S2140099100F20032A0DD00322214600920246284635
S214009920FFF7F8FD0446E86B27F054F9204605B02B
S21400993030BD2D24F7E72124F8E71124F6E7292483
S214009940F4E700BFB43C00202DE9F043466886B338
S214009950056898464FF0000CA946AE4655F83C40C0
S2140099600CF1010CC4F31307013401D0B94217D02F
S214009970B4450EF1080EF1D12F46002403E0B442A0
S21400998007F1080712D055F8343001340133F6D108
S214009990C1F3130141EA0851C7E90012BDE8F0839C
S2140099A041EA0851CEE90012BDE8F083B8F1030F92
S2140099B003D101230372BDE8F083002303E0B34222
S2140099C009F10809F5D055F833400133C4F30754BC
S2140099D0032CF4D1C1F3130343EA0853C9E9003258
S2140099E0BDE8F0832DE9F0410646406882B0B8B184
S2140099F00F4690460024336853F8345003EBC403F4
S214009A00C5F30752C5F31301013506D05B6830462F
S214009A10CDF80080B84718B1706801348442EAD3A4
S214009A2002B0BDE8F08100BF024B1968024B18680F
S214009A30FFF780BBE46500200466002008B530F020
S214009A40C6FD014B186008BDE03C0020014B1868BD
S214009A5030F0B8BDE03C002073B504462248012A29
S214009A6000EAC1119DF8185023F07C4007D9961ED5
S214009A70012E28D9073303F07F03194308E09DF829
S214009A801C300A43DB0603F0C053134343F0604127
S214009A900023C4E900108DF80730B5B12022214616
S214009AA00DF1070027F08EFB1A220DF10700211D8D
S214009AB027F088FB082063689DF8072043EA826346
S214009AC0636002B070BD1143E2E71B220DF1070090
S214009AD0214627F077FB23689DF80720042043EAF9
S214009AE0C2632360EDE700BF80FFFF0738B5094B70
S214009AF00D461A680021044611F09EFD00234FF023
S214009B00FF322383C4E900252361A260E382A376A3
S214009B1038BD00BF084C04000138C0B205289ABF03
S214009B20014B185C012070470D4C04002DE9F041F4
S214009B300746154600240E46596888B0490A01298A
S214009B4022464FEA510104F10104F8D8DC789978EE
S214009B5024031B88C90201F4006104F480540C43FA
S214009B60C3F30A035203234492B24FF000089C1832
S214009B70274B6FEA0444039325F07843ED4302A98C
S214009B800DF107001B2202938DF8078027F01AFBC1
S214009B909DF80720029B02A943EAC2630DF1070065
S214009BA01B2225F07845049302958DF8078027F050
S214009BB009FB9DF80720029B6FEA144443EAC26340
S214009BC005934FF0FF330794069307A9BB6901225C
S214009BD006F110009847BB6905A90446012206F164
S214009BE008009847BB69404518BF044604A90122EF
S214009BF0301D98470122404518BF0446BB693046D1
S214009C0003A99847404508BF204608B0BDE8F08144
S214009C1001009AB238B5104B0546D3F800310C4611
S214009C2003F00303022B0BD0032B0DD0012B0FD117
S214009C302EF04CFE032305B1286004B1236038BD26
S214009C402EF08EFE0723F6E730F0D4FC0623F2E76C
S214009C5001230020EFE700BF0080005038B5134B0B
S214009C600546D3F820010C4600F0070004281AD851
S214009C70DFE800F003090D111500012305B1286087
S214009C8004B1236038BD2EF0E7FD0423F6E72EF07E
S214009C901DFE0323F2E72EF01FFE0523EEE72EF04F
S214009CA011FE0223EAE700231846E7E7008000508B
S214009CB038B5104B0546D3F840310C4603F0030385
S214009CC0022B0BD0032B0DD0012B0FD130F094FCC0
S214009CD0082305B1286004B1236038BD2EF040FE8D
S214009CE00723F6E730F08BFC0923F2E70123002078
S214009CF0EFE700BF0080005038B5104B0546D3F89C
S214009D0060310C4603F00303022B0BD0032B0DD05F
S214009D10012B0FD130F070FC082305B1286004B188
S214009D20236038BD2EF01CFE0723F6E730F067FCF4
S214009D300923F2E701230020EFE700BF0080005070
S214009D4041F6713210B5104C104BA04294BF00245F
S214009D500124D969DA639A6801F4803122F440124A
S214009D6042EA04529A600A4A90420A4AD2F8180214
S214009D708CBF40F0020020F00200C2F8180209B1C1
S214009D800022DA6310BD00BF005A620200000350D2
S214009D9080F0FA0200C007502E4B98424AD022D8D4
S214009DA02D4B984240D014D82C4B984239D00AD824
S214009DB02B4B984232D02B4B98422FD02A4B9842AE
S214009DC02CD000207047294B9842FAD1284B186FA8
S214009DD07047284B98422AD0274B9842F1D1244B03
S214009DE0D3F880007047254B98422BD009D8244BD7
S214009DF0984223D0234B9842E3D11D4BD3F88C00D6
S214009E007047214B984221D003F5740303F5105395
S214009E109842D6D1164BD3F898007047144B986DDD
S214009E207047134B586E7047114B586F7047104B66
S214009E30986F70470E4BD3F8840070470C4BD3F8DE
S214009E40880070470A4BD3F890007047084BD3F849
S214009E50940070470048E8010024F400C0CF6A0070
S214009E6080841E0000093D0040420F00405DC60091
S214009E700080E00FC0EA210180BA8C01007E560304
S214009E8080D54302006CDC020090D00337B50C4648
S214009E900021114B0191D3F88031054603F00303EE
S214009EA0022B0ED0032B11D0012B03D101A8FFF7F4
S214009EB0D5FE0D210DB1019B2B6004B1216003B0CE
S214009EC030BD2EF009FD05210190F3E72EF0FAFCD7
S214009ED002210190EEE700BF0080005038B5104B1D
S214009EE00546D3F840320C4603F00303022B0BD092
S214009EF0032B0DD0012B0FD130F07EFB082305B1CC
S214009F00286004B1236038BD2EF02AFD0723F6E74B
S214009F1030F075FB0923F2E700231846EFE700BF91
S214009F200080005038B5144B0546D3F800020C46A6
S214009F3000F0070004281BD8DFE800F003090D1125
S214009F401500012305B1286004B1236038BD30F048
S214009F5053FB0823F6E72EF003FD0723F2E730F065
S214009F604EFB0923EEE72EF097FC0C23800AE9E768
S214009F7000231846E6E700BF0080005038B5144BB3
S214009F800546D3F808020C4600F0070004281BD844
S214009F90DFE800F003090D111500012305B1286064
S214009FA004B1236038BD30F027FB0823F6E72EF017
S214009FB0D7FC0723F2E730F022FB0923EEE72EF06A
S214009FC06BFC0C23800AE9E700231846E6E700BF8F
S214009FD000800050032814D005D8012805D0022898
S214009FE009D0002005E00F28FBD1084B186FC0F3FE
S214009FF0013001307047054BD3F89000C0F3046081
S21400A000F7E7024B186FC0F38020F2E7008000509D
S21400A0101FB500230193252817D8DFE800F0131A90
S21400A0201D272C363B51565B60656A78161A40161B
S21400A03016561A272C27361A5127783B3B3B3B27C8
S21400A04027275B602EF00EFC0190019805B05DF8A6
S21400A05004FB2EF021FCF7E72EF004FC024602205B
S21400A060FFF7B8FFB2FBF0F20192EEE72EF014FC19
S21400A07002460320F4E72EF00FFC02460320FFF70B
S21400A080A9FFB2FBF0F25208EEE7002101A8FFF7A5
S21400A090FDFEDAE7002101A8FFF7E0FDD5E7029311
S21400A0A04FF0E0231B695B0705D52EF0F5FB029009
S21400A0B0029B0193C9E703A902A8FFF7F9FDF7E79A
S21400A0C0002101A8FFF7F4FDBFE7002101A8FFF774
S21400A0D013FEBAE7002101A8FFF724FFB5E7002129
S21400A0E001A8FFF74BFFB0E7002101A8FFF792FD9C
S21400A0F0ABE7094BD3F8803003F00303022BA8D05C
S21400A100032B01D000209FE72EF0E6FB9CE7002102
S21400A11001A8FFF7E3FE98E70080005008B501208D
S21400A120FFF776FFBDE808400349884294BF012147
S21400A1300221032000F002B880F0FA02032810B5CE
S21400A1400C4627D004D8012804D0022817D010BD0A
S21400A1500F28FCD127F054F827F05AF8124A013C91
S21400A160136F23F4405343EA043313672EF094FB33
S21400A1700021FFF7E5FDBDE81040FFF7CFBF0A4A14
S21400A1804C1ED2F8903023F0F85343EA0463C2F82A
S21400A1909030DCE7044A4C1E136F23F4806343EAD6
S21400A1A084231367D3E700BF008000501FB5002349
S21400A1B00193252821D8DFE800F013202020202A4C
S21400A1C02F454A4F54595E7120203420204A2020C3
S21400A1D020202A204520712F2F2F2F2020204F545B
S21400A1E0314B1B6F03F00703013B032B05D8DFE859
S21400A1F003F00C02080A04230193019805B05DF8E9
S21400A20004FB0323F8E70623F6E70223F4E700201F
S21400A21001A9FFF73BFEF0E7002001A9FFF71EFDAE
S21400A220EBE702934FF0E0231B695B0705D52EF0A2
S21400A23033FB0B230393039BDEE703A902A8FFF778
S21400A24037FDF8E7002001A9FFF732FDD5E700202B
S21400A25001A9FFF751FDD0E7002001A9FFF762FE34
S21400A260CBE7002001A9FFF789FEC6E7002001A979
S21400A270FFF7D0FCC1E70C4BD3F8803003F00303A4
S21400A280022B03D0032B05D00023B5E72EF004FBEA
S21400A2900B23B1E72EF020FB0523ADE7002001A934
S21400A2A0FFF71CFEA9E700BF0080005008B503209A
S21400A2B0FFF790FE034B187026F0A2FFBDE808409B
S21400A2C026F0A6BFED5B002010B504462EF0E4FA9B
S21400A2D00021FFF735FD1CB1BDE81040FFF71EBF9B
S21400A2E0034B0320BDE810401978FFF727BF00BFD7
S21400A2F0ED5B002038B50546FFF74EFD204B0446C3
S21400A3005A68012A04D11F494A609A699207FCD10B
S21400A3100020FFF74BFF042803D126F071FF26F03C
S21400A32077FF194A24F0407395421FD0174A95428A
S21400A3301FD0174AD16811F0060FFBD190689360C2
S21400A34091684B4013F4F81F16D12846FDF766FDBA
S21400A3500020FFF72BFF042810D12EF09DFA0021D5
S21400A360FFF7EEFCBDE83840FFF7D8BE43F00073B9
S21400A370DFE743F08073DCE79060E9E738BD00BFB5
S21400A38000C0015000E0015040420F0080841E00D3
S21400A3900000015070B504460020FFF707FF0328B1
S21400A3A07CD045F60E030221414AC2F88030414B6C
S21400A3B09962012103F580539962936DD903FCD409
S21400A3C0D4E900131B0543EA0163E17B94F82350AC
S21400A3D00B43217B43EA0143617B43EA0133A17BC4
S21400A3E043EA811313619169D4E904031B0643EA27
S21400A3F0806301F000410B43A17EE07E0B43217E8B
S21400A40043EA0143617E43EA01239361E169136AEB
S21400A410002923F00D0343EA010314BF01210021A4
S21400A42043EA800343EAC103136294F8203094F8A9
S21400A4302200916A4FEA431331D194F8216021F04B
S21400A440330143EA06130B4343F0010393621A49B0
S21400A450174A936D31EA0303FBD10221154B99622B
S21400A460936D5B00FCD41369A16823F4700343EA80
S21400A470015313614FF000420E4B9A6118B9022245
S21400A48003F580539A6215B901220C4B9A6294F830
S21400A49024301BB1064B0A4AC3F8802070BD21F059
S21400A4A0330129430B4343EA40039362EFE700BFBF
S21400A4B000C0005000D000500300014000E00050F3
S21400A4C0F1A7FFFF014B93F900007047EE5B0020F9
S21400A4D0014B1880704700BFFE6A00200C4A10B57A
S21400A4E01369044643F0040313612EF045FD26F07D
S21400A4F093FE084B084AC3F8202430BF26F08DFE92
S21400A50002F066F91CB9BDE810402EF0C5B910BDC2
S21400A51000ED00E000E003500000FFFF034A017971
S21400A520D36E23F030030B43D366704700400050D1
S21400A530F8B504460D461F4616464AB101238B4021
S21400A5403021184A01FB0022F7B141F210015350A6
S21400A55004EB4403072D4FF00F014FEA031316D800
S21400A560A80006FA00F281400F48184426F058FE6C
S21400A5704EB9012330210B4AAB4001FB042277B1D0
S21400A58041F210015350F8BD42F21001DFE7A5F189
S21400A5900800800006FA00F281400448E5E742F22F
S21400A5A01001EFE700C0035004C003500CC0035076
S21400A5B0012200F5805310B55A60244B244AC3602C
S21400A5C043691340FCD18361C0F89830436913F4A3
S21400A5D0401FFBD14369DA052CD4836F53BB436914
S21400A5E09B0529D4D0F8883033BB0121C26FD0F840
S21400A5F08C2000F500525160302183600361C362F5
S21400A60003620167C0F880101249884208D142F2FE
S21400A6106004114984640165436584650166436688
S21400A6200C49884202D10020102B08D10B4B5362F4
S21400A630936210BD436FCDE7D0F88430CFE703F1C7
S21400A640280441F824000133EEE700BF12000200A0
S21400A650520001000040005A00C002808F330F8075
S21400A660084608B569B91820FFF7D2FCB0B10C4B04
S21400A670984206D90B4B9B68C3F302730133B0FBB9
S21400A680F3F0094B00F5742000F23F20B0FBF3F026
S21400A69001387F2828BF7F20C0B208BD0120F0E720
S21400A6A0005A62020040005A40420F000B4B10B5A1
S21400A6B0994228BF19460C461AB91820FFF7A8FC7D
S21400A6C00246631E1344B3FBF4F0A34228BF00F116
S21400A6D0FF30032828BF0320C0B210BD005A620214
S21400A6E010B51048104C002B08BF04468C4228BFFB
S21400A6F00C461AB91820FFF78BFC02469DF8083066
S21400A70040F2FF300133B2FBF3F2631E1A44B2FB91
S21400A710F4F3A24228BF03F1FF33984228BF18463D
S21400A72010BD00BF80969800404B4C002DE9F04FBE
S21400A7302DED068BB64D0C4616462946002285B0F2
S21400A7400746FFF7B3FF94F805800122804538BF1F
S21400A750804607F500535A6020795FFA88F850B9AA
S21400A7601820FFF755FCA842014628BFB0FBF8F1B9
S21400A7703846FFF775FF4FF00009E37822781B0193
S21400A780524202F0020203F03003134362780004E0
S21400A790524202F004021343A27800F4FE00524232
S21400A7A002F0080213434FEA087202F0E042134335
S21400A7B01843E3882289B8603B616389DFF85CA2AE
S21400A7C043EA02433B62574502D1B9F1020F08D172
S21400A7D0012307F580577B6005B0BDEC068BBDE80E
S21400A7E0F08F002235788B488B49B468954218BFA5
S21400A7F001462B468948CDF80080FFF771FF07EB2E
S21400A80009118B6CA2B223F0405323F4EE2323F0FD
S21400A8101F0305F003041C43737882424FEA830348
S21400A82003F01C0344EA0304B37838BF02461B0354
S21400A830F07803F4E0432343040404F4E0242343C1
S21400A84034794FEA091C240704F0405423438B64F0
S21400A8508C6C09F1050BC4F30234013C7049042CDE
S21400A86026D8DFE804F0252503101A00D1F8804129
S21400A870240C2DB3C2F309020AEB0B135A6009F13C
S21400A880010910369FE7D1F88441002DF2D1D1F8A6
S21400A8908C11A4B20914490015E0D1F88441002DAA
S21400A8A0E8D1D1F88C11240C091401EB41010AE01F
S21400A8B0D1F88041A4B2002DDCD1DFED5A7A06E053
S21400A8C0D1F88C11091407EE901AF8EEE77A0121F8
S21400A8D00CF1B44C0CF5804C2304DCF8483024F41E
S21400A8E0C045C3F3820C0CF1010C01FA0CF107EE23
S21400A8F0101A4FEA854548BF45F0004513F01C0F77
S21400A900B8EEC79AF6EE008A454B55D1D3F88C11AF
S21400A9100BB208EE103AB8EEC88A38EE278A9FEDDA
S21400A92042AAF7EE049A00285DD1039226F0F2FCC4
S21400A93007EE900AF8EE677A87EE8A7AC9EE877A8B
S21400A94027EE888A039A9FED397AC7EE097A9FED3B
S21400A950387A67EE877AB1EE007AB5F1004F48EEA6
S21400A960077A0BD09FED337A06EE104A77EE876AA9
S21400A970BAEEE86AF0EE477A56EE267AF5EEC07A38
S21400A980F1EE10FACBBFF1EE677A78EEE78A77EE53
S21400A990E87AFDEEE87AC8BFFDEEE77A17EE901A81
S21400A9A0B1F5003F2ADB6FEA55456FEA45451B487F
S21400A9B04FEA0B1145505DE7D3F8901169EE286A0F
S21400A9C009B207EE101AB8EEC77AD3F8881177EEF8
S21400A9D0677A0BB208EE103A87EEA67AB8EEC88A07
S21400A9E038EE078A9BE7D6ED037AF8EE677A87EEAD
S21400A9F08A7AC9EE877A27EE888AA4E711F5003F9F
S21400AA00AABFC1F3110145F400350D43CFE700BFDF
S21400AA10005A6202404B4C00809698000040005A54
S21400AA200080E00F0000000000007A440000804331
S21400AA30000020440000004941F67132034BDA63FF
S21400AA40012203F50053DA60704700BF0000035090
S21400AA5041F671320121044BDA6303F50052D160EE
S21400AA600022DA63704700BF00000350044B1868EA
S21400AA70421C02BF034AD2F894001860704700BF19
S21400AA800866002000400050CB784A7810B55B017D
S21400AA900C7843EA82030A79234343EA02130C2222
S21400AAA0424302F1B0421363012C02BF8A78024B84
S21400AAB043F8202010BD00BFD080035008B54FF0EB
S21400AAC0B0435A6802B960B15B680BB126F04AFC25
S21400AAD04FF0B04130B10120074B586026F042FCE1
S21400AAE0C86008BD26F03EFC0223CB6026F03AFC88
S21400AAF00122024B5A60F4E700100058002000586C
S21400AB004FF0B0414B6810B50BB126F02BFC01227C
S21400AB100B4BC4785A608378934043EA84034478A6
S21400AB202343047943EA0413447943EAC4038B605D
S21400AB30044B5A600378C3F10203CB6010BD00BF1C
S21400AB400020005800100058054B5B69C3F38512BF
S21400AB50827003F03F021B0B42700370704700BF09
S21400AB6000C007500120034B9B680A3303F01F0305
S21400AB70984070470080E00F034BD3F82424D3F8A6
S21400AB8020041040704700BF00C003502DE9F84372
S21400AB901E4B0546D3F810334B1E0E2B0E4617469B
S21400ABA090F8009044781DD909B34FF00008284665
S21400ABB0D7B12FF027FD09EB4903072C4FF00F0103
S21400ABC04FEA031315D8A400114808FA04F2A1406E
S21400ABD0184426F0CFFBBEB928468FB1BDE8F8432F
S21400ABE02FF010BD8846E2E726F0D3FBE3E7884661
S21400ABF0E1E7083CA400074808FA04F2A140E7E7AA
S21400AC00BDE8F84326F0C5BBBDE8F88300C0035096
S21400AC1004C003500CC003502DE9F041204B1646EB
S21400AC20D3F810234A1C05460C46407804D1D3F8C6
S21400AC30241426F0BCFB0446002C2EDB072C14DC68
S21400AC4003274FEA84082A7807FA08F73946154892
S21400AC5002FA08F226F08EFB6A78394602F0030202
S21400AC60114802FA08F226F085FB012316F0050FBC
S21400AC700E4A18BF0E4903FA04F30CBFC2F810348C
S21400AC80C1F8103416F0060F18BF094AC2F814347B
S21400AC900123064AA340C2F820342046BDE8F081CE
S21400ACA000C0035000C4035008C4035000E0035023
S21400ACB000D0035070B504462AF05BFF064630B954
S21400ACC00FCC044D0FC594E80F0085E80F00304602
S21400ACD070BD00BFE43C002047F6FF739A42F0B513
S21400ACE070D0022970D8394B5B5C022B6CD8384D7B
S21400ACF0DE0005EBC304A77815F83330012F39467C
S21400AD0038BF0121012B16D1E078401A0021884275
S21400AD1005D8012F2CBFC0190130C0B2F0BD431AB0
S21400AD206568A0EB530335F913509542D4BF194616
S21400AD3003F1FF30EBE760680028EFD0B0F9004081
S21400AD40944204DBB0F902409442B8BF14468388AC
S21400AD503544FF2B19BFC8232827B0F90630B0F9B1
S21400AD600870A3EB04030CBF0122002293FBF7F349
S21400AD706E7813441BB29E4201DD002B01DA731E6F
S21400AD801BB24FF47A7C00EBC305EA88AD685F1C03
S21400AD9014FB02521D4622EAE2723BB25C329E422D
S21400ADA0B2FBFCF204DD00EBC307BF889742EAD291
S21400ADB000EBC5039888904228BF1046884238BFEB
S21400ADC00846AAE7FF20A9E70020A7E7134C0400DF
S21400ADD0E43C00200229F0B560D8314B595C0229CA
S21400ADE05CD8304B13F83100012816D103EBC103B1
S21400ADF09C78D878012C214638BF0121904294BF18
S21400AE00C1EB0001C1EB0201001BCAB28242C8BFFF
S21400AE1000225B6833F91200F0BD002A3CD003EB39
S21400AE20C1035968002939D09878904202D3B1F905
S21400AE300200F1E7DC78B1F900009442ECD95C78C6
S21400AE408B88013CA3F1FF06734201F10405E4B2CE
S21400AE50734101F10C07DEB2B44216D805EBC3030A
S21400AE604FF47A756A43B3F902405B68D21A04EB72
S21400AE70D47302EB630292FBF4F29042CCDBB1F99E
S21400AE8002009042C8DC10B2C6E737F833C05E1C3A
S21400AE909445E3D33346DEE70348BDE70348BBE704
S21400AEA0134C0400E43C00200CFEFFFF0080FFFF74
S21400AEB008B50448FFF7FEFEBDE8084001202AF06A
S21400AEC05EBE00BF184C04007FB51422002101A806
S21400AED010F0B2FB044B01A94FF0FF3002932AF0AA
S21400AEE094FE07B05DF804FB006A18002DE9F041F7
S21400AEF08CB08846DDE912761D460446002847D009
S21400AF00002945D0002F43D0002E41D013F00F0368
S21400AF103ED120482049A360002A08BF014623628C
S21400AF20C4E90013404609A926F0D3FA68BB2046B8
S21400AF3009992FF0C2FB294620462FF0BEFB694632
S21400AF40404626F055FB00BB6946204626F080FBAF
S21400AF50404603A926F057FBB8B9204603A926F0B9
S21400AF6077FB06970127204645F0005506A9079768
S21400AF70089526F06DFB204609A909960A970B95B9
S21400AF802FF0C1FB20462FF07BFB0CB0BDE8F08114
S21400AF902120FAE700010004000101042DE9F04F2A
S21400AFA097B0894690461F460546DDF880A00028E3
S21400AFB000F0BB80002900F0B8803AB1229B002B3D
S21400AFC000F0B380239B002B00F0AF80BAF1000F97
S21400AFD000F0AB80219B002B00F0A78067B13C6897
S21400AFE00026229B43440293464507D307B13C60A4
S21400AFF0002017B0BDE8F08F3C46F1E75CB1229B1D
S21400B000219A9B5D125D01345340239A04F00F048D
S21400B01093550136E8E7A8EB060BBBF10F0F58D99E
S21400B020434B4846C5E90034AC602C6213A926F0B1
S21400B03050FA0028DDD1284613992BF00F0B2FF07D
S21400B0403CFB594628462FF038FB484604A926F014
S21400B050CFFA0028CDD1284604A926F0F9FA4846AA
S21400B06007A926F0D0FA0028C3D1284607A926F05B
S21400B070EFFA012322992F4ACDF828A00B930C92C1
S21400B0808A190D9228464BF000520AA90E93039295
S21400B0900F9226F0DDFA28460DA926F0D9FA239B52
S21400B0A0039A99190123109111931292214A284666
S21400B0B010A9CDF84CA0149315922FF024FB284627
S21400B0C013A92FF020FB28462FF0DAFA5E4400285A
S21400B0D08FD1229B03EB060B239B1E44029B9B45B2
S21400B0E001D1464680E7ACB9219B2246CDE900A3B4
S21400B0F0494610232846FFF7F9FE00287FF479AF6B
S21400B1000AF1100212F8013D0133DBB213700BB9DD
S21400B1105245F7D1219A1BF8013B125D013453408A
S21400B12006F8013B04F00F04D8E7212061E700BFD2
S21400B13003030004100000207FB50E461D4604469B
S21400B140F0B102B9E3B901230192029345F000532E
S21400B150039300230B4AA360C4E90023236220461E
S21400B16001A926F075FA314620462FF0A6FA2046A9
S21400B17029462FF0A2FA20462FF082FA04B070BDBE
S21400B1802120FBE700000943084B984202D0084BF9
S21400B190984207D10B88B3F5105F14BF6FF0850097
S21400B1A0002070476FF08500704700BF00444004E1
S21400B1B00013C0041038102808D8064BC34013F0FC
S21400B1C0010F0CBF6FF08600002070476FF08600FE
S21400B1D0704700BF010101002DE9F04FA7B008AF8E
S21400B1E0CDE90501DDE93295DDE9346A00210792F3
S21400B1F0384610229846DDF8D8B010F01DFA102216
S21400B20000210CA810F018FA069B2BB96FF08604E4
S21400B210204627B0BDE8F08F079B002BF6D0B9F18B
S21400B220000F01D1002DF1D1309B13B9319B002BBB
S21400B230ECD116B9BAF1000FE8D1BBF1000FE5D09A
S21400B24040460599FFF7A0FF04460028E0D10146D6
S21400B25028221CA810F0F0F92022214614A810F08D
S21400B260EBF91CA82FF01FFA002840F0AF80DDE9AC
S21400B2700612059814AB26F037FA04460028C7D104
S21400B2801498FFF797FF04460028C1D115B9CBF8EC
S21400B2900000BDE7B14518D209EB05039E4214D263
S21400B2A05545B3D82A464946304610F017FA554B4E
S21400B2B0984526D006D3544B984524D003F54073C2
S21400B2C0984520D06FF08504A2E74F4B98451BD0D9
S21400B2D003F54073984517D04A4B9845F2D155452B
S21400B2E094D815F00F0291D12B46CDE9009614A9FB
S21400B2F01CA8FFF7FBFD814600285CD1CBF8005068
S21400B30086E7B146EDE7B1461022002110A810F0FE
S21400B31093F955453FF67AAF3C4B9845319B39D16A
S21400B3200D2B7FF473AF01238DF84030309B0DF169
S21400B330410203F10C0153F8040B8B4242F8040B54
S21400B340F9D11B78137001238DF84F3015F00F08D4
S21400B35042D025F00F034B440DF1300C03F1100ED4
S21400B360624618685968083303C273459446F7D195
S21400B3700F2D33D825F00F03334403930CABCDE9E0
S21400B380017310AB00934246002314A91CA8FFF7D4
S21400B39005FEB0E7102B7FF439AF309B10AA03F1FF
S21400B3A0100E9446186859680833ACE803007345D5
S21400B3B06246F6D1CAE752460021304610F03CF904
S21400B3C00023B9F1010FCBF8003002D06FF09204E1
S21400B3D01EE76FF08B041BE70F2D8FD910ABCDE95E
S21400B3E0029600930197002325F00F0214A91CA8CB
S21400B3F0FFF7D4FD81460028DDD1B8F1000F3FF4F9
S21400B4007DAFB7E7004440040010C0040013C0043A
S21400B4102DE9F04F8A46A1B00021DDE92A56DDE984
S21400B4202C790590934606A81022984610F004F949
S21400B430102200210AA810F0FFF8BAF1000F05D17B
S21400B4406FF08604204621B0BDE8F08FBBF1000FF8
S21400B450F6D00DB9002EF3D117B9B9F1000FEFD120
S21400B4602E9B002BECD040460599FFF78DFE044638
S21400B4700028E7D10146282216A810F0DDF8202281
S21400B48021460EA810F0D8F816A82FF00CF90028C0
S21400B49054D15A46514605980EAB26F025F9044677
S21400B4A00028CFD10E98FFF785FE04460028C9D1A4
S21400B4B016B92E9B1860C5E7BD4216D2AB199F423F
S21400B4C013D24E45BCD832462946384610F006F907
S21400B4D03A4B98455BD003F54073984531D0384BCE
S21400B4E0984511D06FF08504ACE7344B98454FD0A3
S21400B4F003F54073984525D0314B9845F2D14E451B
S21400B50003D96FF089049DE73D46330798D133464B
S21400B5100122CDE900570EA916A8FFF7E7FC2E9BDF
S21400B52005461E6000288DD04A460021384610F099
S21400B53083F800232E9A012D13603BD06FF09204FF
S21400B54080E73D460D3E4E45DBD801238DF828307A
S21400B5502B460DF1290205F10C0153F8040B8B4222
S21400B56042F8040BF9D11B780D3513704FF4807335
S21400B570ADF8363006AB01930AAB00933246002393
S21400B580CDE902570EA916A8FFF708FDC7E73D4606
S21400B590103E4E45B5D82B460DF1280C05F1100E81
S21400B5A0624618685968083303C273459446F7D153
S21400B5B01035DFE76FF08B0444E700BF0010C004CF
S21400B5C00044400410B54FF42F720021044610F0DA
S21400B5D033F88023C4F88C30054B04F19C00C4F883
S21400B5E08430012384F88830BDE8104025F0C8B8C0
S21400B5F0F7B3030010B5D0F8A0400A468CB926F081
S21400B60089FA044610B90024204610BD2D2896BF9E
S21400B610064B074953F82010064A074826F0C0FB99
S21400B620F2E7D0F8A4101046A047ECE7044D04005B
S21400B630FAB3030044AF03002AB50300F8B590F848
S21400B6408060044616B100263046F8BD26F095F810
S21400B6500028F8D1012384F8803094F8883033B17C
S21400B660D4F884101F4884F8886026F099FB4FF0C1
S21400B670FF37D4F8B402421C1FD0C4F8B47210F0DE
S21400B680FF052CD0204626F075F82946204600F007
S21400B690A7FB0028EDD0204626F07AF894F88830EC
S21400B6A03BB1D4F884100F4826F07AFB002384F8C8
S21400B6B08830002384F88030C6E726F056FB431C0B
S21400B6C0DDD1D4F88C30D4F89420013B9A4204DBC8
S21400B6D0054A0649064826F063FB0126E9E70126E7
S21400B6E0C7E700BFCCC6030044AF030008B403009E
S21400B6F02AB50300F8B50B780446302B0D461646DF
S21400B70004D14B7803F0DF03582B11D0284F6A1E64
S21400B71012F8011F002934D128460A220FF07CFEB9
S21400B720202C03460D4631D1B1FA81F040091AE0CB
S21400B7304A1C1F4912F8013F8BB928460FF078FEC5
S21400B7401C4B02382340032B12D10134A410844230
S21400B7500AD1A87837288CBF0020012003E0CB5CF4
S21400B76013F04400E6D1F8BDCCBF01200020FAE774
S21400B770002CB8BF0334B0EBA40FD4BF01200020C8
S21400B780F1E77B5C13F00400C2D1ECE726B1084376
S21400B79002D0013B61F100050122A240013A1A40A5
S21400B7A0002D08BF9A420CBF01200020DBE700BF37
S21400B7B06D73040003000080F0B5037801467B2B10
S21400B7C017D10646022400220B4F16F8015F7D2D86
S21400B7D005D10B5D6BB9D24302F0010008E07B5D3A
S21400B7E013F0440002D001320134EEE7202DFBD0E6
S21400B7F0F0BD0020FCE700BF6D73040070B5064680
S21400B8000D460FF015FE0446304626F0C9FA044EE3
S21400B810AC4200D370BD304626F0C2FA0134F7E7DA
S21400B820A4BD03002DE9F84F044602215148FFF756
S21400B830E5FF1E212068FFF7E1FF6368586826F0E1
S21400B840AFFA4D4826F0ACFA67683B7BFD2B12D862
S21400B850D7F808804FF0FF3640460FF0E9FD054662
S21400B860DFF81091DFF870A1DFF84CB10C3717F84D
S21400B870013BFF2B01D1BDE8F88F212B18D8212BD7
S21400B88036D8DFE803F0377274111B1D1F213535DB
S21400B890353535353535232527292B2D2F313535AB
S21400B8A03535353535353D33344C002D2BD12EE02E
S21400B8B0334C344AFE2B08BF1446F6E7324CF4E706
S21400B8C0324CF2E7324CF0E7324CEEE7324CECE723
S21400B8D0324CEAE7324CE8E7324CE6E7324CE4E733
S21400B8E0324CE2E7324CE0E7324CDEE7324CDCE743
S21400B8F0234CDAE7314CD8E726F046FA01362AE040
S21400B900002DB4D02E4C202B06F10106AFD002211C
S21400B9104846FFF773FF1E214846FFF76FFF504665
S21400B92026F03EFA5946204610F0DCF82549002855
S21400B93018BF2146244826F033FA3B78202B02D144
S21400B9402B2026F021FA214826F02AFA4DB118F8C5
S21400B95006301F2B05D018F806001F2801D0AE426F
S21400B960CADB054826F01CFA81E7194C9DE7194CFE
S21400B9709BE700BFB800040044AF0300B2B4030066
S21400B980C4B40300EAD003000FB5030016B50300E5
S21400B99007B5030003B50300FAB40300F0B40300D0
S21400B9A0E6B40300FBB40300F1B40300E7B40300FD
S21400B9B0DCB40300D5B40300CCB40300B1B4030078
S21400B9C0B7B40300C2B40300CCC603003BB8030000
S21400B9D00EB5030015B50300D2D103002DE9F04FD4
S21400B9E09BB005468B460024009203930FF020FD83
S21400B9F0249F039B04901C6028463C600AAA09A961
S21400BA0026F0F0F9064658B90A980FF011FD3446AC
S21400BA10B046039B1860D5F89C300293029B1BB976
S21400BA2020461BB0BDE8F08F029BD3F80890B9F112
S21400BA30000F6CD02E4416F8013B202B11D00026A8
S21400BA400C23734309EB030A59F803300193002BC8
S21400BA5058D0099B434555DB9AF808202AB1721C3A
S21400BA6039E03B6801333B60E5E73968D5F8942058
S21400BA700793039B521A1A601AAB03EB880151F81E
S21400BA80403C0199184605930FF0ECFF06900028FD
S21400BA90E5D101980FF0CCFCDDE906230146DAF883
S21400BAA00400D7F800A090F80CC0BCF1FE0F16D129
S21400BAB003F1FF3EC64512D0D0F8009005980192DB
S21400BAC00FF0B6FC0AF1010A019A50442B5C23B130
S21400BAD0386008F101081646B2E70130F6E7D5F8F7
S21400BAE094200591A2EB0A028A4220DC58460FF009
S21400BAF09FFC059901447B290DD958461F4A009999
S21400BB0024F065FE2B46049A2A4493422CD1029BCD
S21400BB101B68029382E7DDE90012584624F057FEC0
S21400BB205846174A0099013424F051FE97E7BCF1B5
S21400BB30FE0F94D1013B434591D1D0F800A0DFF829
S21400BB4040905AF80C2B22B9049B3B60039B1A606A
S21400BB50D8E75846009924F03AFE4A4658460099D7
S21400BB6024F035FE0134ECE713F8011B0029CCD194
S21400BB704FF0200103F8011CC7E700BF1CB5030007
S21400BB80A4BD03002DE9F047002486B01C60DDE963
S21400BB900EA8064689468AF800401168154888F8B7
S21400BBA0004017461D468DF81740FCF7A5F818B953
S21400BBB001242B6801332B600020D6F89C6036B930
S21400BBC014B1012388F8003006B0BDE8F087B068ED
S21400BBD068B14B460021CDE902A8CDE900750DF10C
S21400BBE0170225F036FF9DF81730002BE8D136688F
S21400BBF0E5E700BF21B503002DE9F0470446ADF5A3
S21400BC00447D8022002104A802AF0FF015FD80229B
S21400BC102046009703AB04A9FFF7E0FE01283DD1BC
S21400BC2004A80FF005FC03993B68461A0B4426EA65
S21400BC30E6762344054604A83246014418460FF02B
S21400BC408BFE00228255D4F89060039B3968D4F8A6
S21400BC5090201944B14212DCD4F89410E81A024439
S21400BC60C4F89020014404AAC4F89410D4182518E7
S21400BC702B1B002B0DDC0DF5447DBDE8F087A05C8A
S21400BC8026F082F8D4F8903001360133C4F89030AC
S21400BC90DBE714F8010B26F077F8E9E7EBDD24ADD7
S21400BCA08022002128460DF5887A0FF0C5FC0DF19C
S21400BCB010094FF40072002150460FF0BDFC4FF003
S21400BCC001084A46002312F8016BA6B904A84AF8F0
S21400BCD028300FF0ADFB2946334698451CDB19F893
S21400BCE0016B0DF5887C5CF8042B82420CD101F8C0
S21400BCF0016B0133F1E7202E03F1010304BF4AF87C
S21400BD00283008F10108DEE70DF1100E7244D25C0F
S21400BD10B242E8D00022EA54D4F89060039BB342C3
S21400BD202FDC23462C4A04A92C4826F039F828464E
S21400BD300FF07EFB0646039B3F68F61A1F4426EA72
S21400BD40E672E01917441D44E11904F19003994284
S21400BD503CD904F19803984238D26A1E81190B1A0E
S21400BD60002B27DD12F8013F00F8013BD4F8903095
S21400BD700133C4F89030D4F894300133C4F89430CA
S21400BD80EDE7D4F890300136E05C25F0FDFFD4F8FE
S21400BD9090300133C4F89030C0E7D4F89020013BCF
S21400BDA00132C4F89020D4F894200132C4F89420CC
S21400BDB0002BF2DC00232E44E355731B002B7FF789
S21400BDC05AAF15F8010B25F0DFFFF6E729460FF00E
S21400BDD0C3FD3346ECE700BFF7B3030026B5030008
S21400BDE02DE9F843D0E9245604460F46002294F87D
S21400BDF09830012B07D10A2F07D1002384F89830FA
S21400BE000020BDE8F88300F29F801B2F01D102239B
S21400BE10F4E70D2F0DD1012384F898300D2025F07E
S21400BE20B3FF0A2025F0B0FF00230120C4E9243325
S21400BE30E7E74FF00008082F84F8988034D145458E
S21400BE4030DDB5420FD1384625F09EFF202025F084
S21400BE509BFF013D384625F097FF013E04F805801C
S21400BE60C4E92456CCE7FBDA05F1FF39384625F05D
S21400BE708BFF04EB0903A6EB0902611918460FF0C5
S21400BE802DFC04F806800146013E484825F088FF50
S21400BE9035464D4501DC4D46E2E7082025F074FFA7
S21400BEA0013DF6E7ACD0DBE77F2F1CD1002EA7DDE7
S21400BEB0B542A5DA6319691C21441846721B0FF0B7
S21400BEC00DFC04F806800146394825F069FF082075
S21400BED0013E25F059FFB542F9D1D4F89430013B24
S21400BEE0C4F894308CE70A2F98D0092F03D1204647
S21400BEF0FFF782FE84E7D4F88C30013BB3427FF72D
S21400BF007FAFB54204EB050805F101090CDB3846A6
S21400BF1088F80070D4F89430C4F890900133C4F8D0
S21400BF20943025F031FF6BE74146721B04EB0900A5
S21400BF300FF0D4FB404625F033FF0820013E25F0E5
S21400BF4023FFB542F9DDE2E7022B06D15B2F01D1D4
S21400BF50032353E784F8982049E7032B7FF450AF78
S21400BF60413F84F89820032F3FF64AAFDFE807F0FA
S21400BF7002070A160121204625F0B7FE40E74FF0DB
S21400BF80FF31F8E7B542BFF63BAF605D25F0FCFE3B
S21400BF90D4F890300133C4F8903031E7002D7FF7A5
S21400BFA02FAF013D0820C4F89050BAE72FB5030024
S21400BFB029B9030008B50248FEF79CF9002008BD21
S21400BFC000B4C40430B58BB06C46174D0FCD0FC40B
S21400BFD00FCD0FC495E8030084E80300134BD3F895
S21400BFE04C2112031CD5A3F5FE431C884FF6FF73A5
S21400BFF09C4208BF8C248DF81940FEF763FA204453
S21400C00080F308008DF818000948FBF70DFF684616
S21400C010FEF7C0F93220FEF75BFA00200BB030BD09
S21400C020D3F85041E4B2E6E7BC4D04000080E00FD0
S21400C03000F049020028ACBF00F16040064B4FEA12
S21400C0400111C9B2ABBF00F5614000F00F0080F8E7
S21400C05000131954704700BF14ED00E008B52EF029
S21400C060C3FA0B4B1A7872B901221A702EF0B7FA7F
S21400C0706FF0040210460132052152B2FFF7DAFFD4
S21400C0803D2AF7D108BDBDE808402EF0A8BA00BF8B
S21400C090EF5B0020002807DB01234109034A00F07C
S21400C0A01F00834042F82130704700BF00E100E0E7
S21400C0B0054B421153F8223000F01F0023FA00F01F
S21400C0C0C04300F00100704700E100E0002808DBF4
S21400C0D001224309034900F01F008240603341F803
S21400C0E02320704700E100E010B504462EF06FFAFA
S21400C0F0024B1C602EF066FA002010BD0C3D00209E
S21400C10010B52EF064FA034B1C682EF05BFA20463E
S21400C11010BD00BF0C3D002038B50C461546014644
S21400C12010B9FFF7EDFF01462B46224603480EF0F6
S21400C13093F90028D4BF3720002038BD3B1F0300EA
S21400C14008B500F0E3FB18B16A2102482EF041FB67
S21400C150002008BD34B5030008B500F049F80C4AC5
S21400C160536A43F470235362EFF308834FF0CD31E4
S21400C170084A043B934208D200F070FAFFF7E0FF4B
S21400C180BDE808400448FEF795BD43F80419F1E7FA
S21400C19000ED00E008000020184C040007B504225B
S21400C1A000200DEB020129F0A8FC042803D0D721BB
S21400C1B004482EF00EFB019800F0DCF903B05DF8A1
S21400C1C004FB00BF34B50300082310B50C0A414039
S21400C1D00648C9B241F30002013B024013F0FF03D8
S21400C1E082EA5101F6D184EA010010BD2083B8ED41
S21400C1F038B5FEF73BFC044625F0AEF8E3072AD434
S21400C20001221046114600FA01F3234002F1010212
S21400C21023D01D4B33F811301C48062B0288448867
S21400C2201B4920D14FF20F039C4219D1B2F5406F43
S21400C23028BF4FF4C0624CF23C330A80438040F281
S21400C24001730A889A4201BF124B134AD2E90001D1
S21400C250C3E9000115E00021DBE7102AD2D1DBE7B5
S21400C2604FF4C062E7E740F20725AB420AD14FF22F
S21400C2700F05AC4206D19A4204D14CF23C320B80F8
S21400C280428038BD0B80DAE7804F04000063002050
S21400C290DA560020103D0020F8620020014B188876
S21400C2A0704700BFDA560020014B1888000A704716
S21400C2B0DA560020044B05481B881A0AB3F5406F6F
S21400C2C038BF00EB82007047DA560020504F04005B
S21400C2D0044B1888044B020A53F82230C0B203EB12
S21400C2E080007047DA560020204F040010B5044640
S21400C2F02EF071F94FF20F02044B1C805A80BFF3E8
S21400C3005F8FBDE8104025F0E2BD00BF006300204F
S21400C3106D4A2DE9F0416D4B55686D4C5D65516A6F
S21400C32099656C49D1F80002D865D1F80412586BAB
S21400C3301966916A10F0040F5966D16A4FF0000032
S21400C3409966116BD966516B1967D26BD8645A67B8
S21400C350D3E90E1218BF11465F4A91421A655DD3A3
S21400C36001F12000A04259D88869C5F30805186471
S21400C370CE69062D5E6455D1584DA84252D3584D0D
S21400C380A8424FD205884DF6426085424AD11868C9
S21400C390C3F890005868C3F8940040F20170A242B7
S21400C3A0154604D22E680432B6F1CD3FF7D00022EF
S21400C3B0C3E91E22C3E92022C3E92222641BDFF858
S21400C3C01CC1434DDFF818E19C648D422DD8D3E99B
S21400C3D01EC7D3E92065D3E922414FF0000E013A8B
S21400C3E0D2B2FF2A3CD1BEF1000F05D0C3E91EC76A
S21400C3F0C3E92065C3E92241B3F85430C3F3080308
S21400C4000C2B3BD8022B54D9DA1E092A51D8DFE868
S21400C41002F03157404350505050504D0021C3E970
S21400C42010112D494FF42060B9E755F8044D6445C6
S21400C430CBD37445C9D2E607C7D50026294F57F88F
S21400C440048FA045C1D00136062EF8D132B1013A8C
S21400C450D2B202F11E0643F82640B6E70522F8E7F8
S21400C460E0464FF0010EBC4637462E4625460C46A3
S21400C4704146B4E740F60120BDE8F0813B2B18D1D9
S21400C480194B9B6913F0020F40F2025318BF18466F
S21400C490F2E740F60320EFE740F6042240F201738D
S21400C4A0B0F5206F0CBF10461846E5E740F60520AD
S21400C4B0E2E740F60722013B4B2B98BF1046DBE72E
S21400C4C040F60220D8E700BF00ED00E068620020DA
S21400C4D00810002000E100E008000020D042000024
S21400C4E0E0AB0300DC6200200080015A00F00CB8CC
S21400C4F000F00AB800F008B800F006B800F004B87B
S21400C50000F002B800F000B872B61EF0080F09D0AE
S21400C5101EF0040F0DD0DFF850E0AEE8FF1F6FF0FE
S21400C52002000CE0DFF840E0AEE8FF1F6FF00E0000
S21400C53005E0DFF834E0AEE8FF1F6FF0060069465E
S21400C540EFF309828EE8070086460848084C8545C2
S21400C55001D3A54501D384F30888FFF7D9FE84F3F9
S21400C5600888FFF7C3FE000068620020480000202D
S21400C570081000204BF6EF6283B2002B08BF13466C
S21400C580044A000C13804FF6CE2308BF1846024B11
S21400C59018807047026B0020006B00200B4BB3F92D
S21400C5A000201888002AB8BF80F0620042001A8077
S21400C5B0074AB2F9001013880029BCBF83F48053E1
S21400C5C083F00B035900118058407047026B00201F
S21400C5D0006B002007B5684600F01AF8DDE9000198
S21400C5E00022034B03B05DF804EB25F06CBF00BFE0
S21400C5F0183D002007B5009313460A460146034837
S21400C60025F015FD03B05DF804FB00BF183D0020C3
S21400C6100249034A0160521A42607047C86B002004
S21400C6200000012000487047183D002038B54160E2
S21400C63004462DF0CCFF05462146044824F0A3F816
S21400C6402846BDE838402DF0BDBF00BF403D002065
S21400C650014824F095B800BF403D00200222014B5F
S21400C6601A6770470040005070B52DF0B0FF174EA7
S21400C670054617482EF056F83378CBB900F046F941
S21400C680044620B128462DF09DFF204670BDFFF7DA
S21400C690DFFF2EF011F90F4B1C602CF0E9FD0E4B5E
S21400C6A00E4A1860536F43F00103536725F027FFC7
S21400C6B000F028F825F03AFF094B00241860012303
S21400C6C0284633702DF07EFFDFE700BFFB5B0020BF
S21400C6D0F84D0400443D00206C3D00200040005012
S21400C6E0483D0020054B1B685843054B00F5742059
S21400C6F000F23F20B0FBF3F0704700BF6C3D002017
S21400C70040420F00294B2A4AD3F8003170B503F097
S21400C710030313602CF042FB4FF4C870FFF7E2FFF0
S21400C7200022244B24491860244C0B680132D2B2F4
S21400C7300A2A44F8040BF9D1034400EBC000034472
S21400C7400B601F4B1F4D1B7813B3184BD3F80031EB
S21400C75003F00303022B22D0032B23D0012B17D187
S21400C7602CF0B4F8024698B1174B184EDC6800233C
S21400C7701946C4F30B04013404EB84040138E4FBCB
S21400C78006010EF0EDFBFFF7ADFF2B6803442B60B0
S21400C7901F20FFF7A7FF2B6803442B6070BD2CF00B
S21400C7A0DFF8DFE72DF026FFDCE700BF0080005053
S21400C7B0AC3D0020703D0020743D0020783D0020F8
S21400C7C0FF5B0020A43D002000C0015040420F0047
S21400C7D00122154B10B55A67144B154C1B7813B332
S21400C7E002202EF05AF8F0B12CF0C8FDD8B1A36D97
S21400C7F0D90302D5E36D9A0715D40D4B9B6DDB0765
S21400C80011D401220B4B1A702EF03BF8BDE81040F5
S21400C810094B0A4A1860136F23F0070343F003031B
S21400C82013672CF039B810BD00D00050005C002013
S21400C83000C00050FD5B0020A03D0020008000509E
S21400C8400122014B1A707047005C002007B5FFF705
S21400C850C1FE01A8FEF778F99DF80530012B25D119
S21400C860234B9A6DD20311D45A6B6FF3162242F4FF
S21400C870BC1242F4A0625A631A6B22F4704242F46D
S21400C88040421A631A6B42F4E0621A639DF8043061
S21400C89063B94FF000531B68164B1B68164B1B689A
S21400C8A0164B1B68164B1B68164B1B68164AD2F8AD
S21400C8B0803043F00303C2F8803025F03FFEFFF7D8
S21400C8C0CDFBFFF777FBFFF77DFB0DF00FFEFFF7C5
S21400C8D0CBFE00F01BF825F032FEFFF73DFC25F0FE
S21400C8E03DFE28F03AFF03B05DF804EB25F028BEC5
S21400C8F000C00050004000200080002000C0002043
S21400C90000000120004001200080005070B52DF08E
S21400C9106BFE144E05463478FCB9134B1C60134B63
S21400C9201C60134B1C6000F031F801202CF014FE44
S21400C9302CF006FE0F4B0246186020B928462DF054
S21400C9404EFE232070BD234640F2E7310A480EF023
S21400C95007FB0A4B18600123337028462DF03FFE74
S21400C9600020EFE7035C0020BC3D0020B83D00201F
S21400C970C43D0020C03D002018FCFFFFB43D002051
S21400C980014B1868704700BFB43D00201FB5002457
S21400C990184B18689A880290D3F806009B7A009085
S21400C9A01548ADF80C208DF804302DF0BBFE02A81B
S21400C9B08DF808408DF80C40FEF7A2F86946012075
S21400C9C08DF80040FEF760F81F220C4B9A615A6102
S21400C9D04FF0B042936A13F00803FBD113620120B4
S21400C9E0FEF76CF80A20FFF771FB0A20FFF752FBF0
S21400C9F004B010BDA94F0400F04D040000200058FC
S21400CA0010B52DF0F1FD4FF0B04304465B691A07F0
S21400CA10074A03F0010003F00D0348BF40F0020090
S21400CA2053612CF0C1FC2046BDE810402DF0D7BD68
S21400CA300020005821282DE9F341054604D82C464D
S21400CA40204602B0BDE8F08100240B4E0B4FDFF805
S21400CA5030800023CDF800801A461946386824F046
S21400CA60DBF98442EBD2222CE9D056F8043BAB42E9
S21400CA70E6D00134EDE700BFC8520400046600208B
S21400CA80FFFF0F002DE9F04F644E654D89B025F08D
S21400CA90B1FD31682868FCF74DFB0446002827D016
S21400CAA033680024D3E900019A6912689047336816
S21400CAB004A89B699B689847336802209B69DB68DB
S21400CAC09847326805985368E7B2B3FBF0F3BB4269
S21400CAD0916904F101044ED8CB680020984733686A
S21400CAE09B695B68984731682868FCF723FB044617
S21400CAF00027DFF844A1DFF84481DFF84491F4B959
S21400CB00484B2868DB5D002B00F08380D8F8006077
S21400CB1002AB314603AAFCF78FFC2D2807D070B96C
S21400CB20039B012B0BD031462868FCF7D9FEDAF8B8
S21400CB30003031461A682868FCF752FE0446013772
S21400CB40222F0AF1040A08F1040809F10109D6D1D6
S21400CB50B4FA84F3344A5B0913702B681B7C33B138
S21400CB6025F014FD18B1DB2130482DF032FE2046AA
S21400CB7009B0BDE8F08F12680B6907FB00209847E4
S21400CB809FE7D8F8003003AA194402AB0191FCF7DE
S21400CB9053FC2D28034601992BD0286813B30BF1BC
S21400CBA0010B5FFA8BF18E422868EAD8204BDB5DDA
S21400CBB0002BC4D0F3B27E2B2868C0D8D8F800303B
S21400CBC003AA06EB030B594602ABFCF735FC2D28EF
S21400CBD0B5D059462868FCF783FE0136044600287F
S21400CBE0E8D0ACE7039B7BB999F80020029B9A42F9
S21400CBF0D5D099F80030DAF800202868FCF7EAFC6F
S21400CC000028CCD00446D1E70191FCF769FE0199D3
S21400CC10EFE7084BA346DE5DC3E700BFE4650020F0
S21400CC2004660020A4520400055C0020BBB5030087
S21400CC30825204003E520400B44F0400C85204005E
S21400CC4060520400F8B51F46214B04461B780D467B
S21400CC50164623B100F47E23B3F50E2F2BD02046C4
S21400CC60FFF7E8FE2128044614D81A4B53F8201084
S21400CC70194B1B78ABB1194B212C18681DD8184BD3
S21400CC801B5DD3B13268FCF7ABFD044650B125F00E
S21400CC907CFC07E0FF2807D93A46314680B225F0EB
S21400CCA088F900242046F8BD4FF4A9710D482DF0F0
S21400CCB090FD0021DCE70146DAE77F2D08BF00255E
S21400CCC03B46324651FA85F1FCF784FCDDE700BFAF
S21400CCD0045C0020C8520400055C002004660020A6
S21400CCE0A4520400BBB5030030B5134600F07E62C4
S21400CCF0B2F17E6F8BB00DD10A46C0F30B016846C9
S21400CD00FEF71AFA20B140F2931109482DF061FDA2
S21400CD100BB030BD5A0825F03BFC0028F8D04FF485
S21400CD209C7103480BB0BDE830402DF052BD00BFEB
S21400CD304CB603002DE9F743C70705460E461446D2
S21400CD4004D540F2E31149482DF043FDE10704D530
S21400CD504FF4F27145482DF03CFD454B93F80080AA
S21400CD60B8F1000F20D043F260239D4208D122463E
S21400CD70314640480EF0F0FD002003B0BDE8F083D9
S21400CD80C5F30B0705F44055B5F5805F14BF4FF4A7
S21400CD900F204FF40E20234632467F21384303B03F
S21400CDA0BDE8F043FFF74EBF05F47043B3F5805F70
S21400CDB03FD1C5F30B05304A05F17E65631E2B4453
S21400CDC0934230D82F46DFF8A49007EB0408474577
S21400CDD042D1AA070ED04FF6FF7336F8022BA81ED4
S21400CDE043EA024304220DEB02010193FFF77CFFA6
S21400CDF00235023CA3070ED0023C24F00103F35A8E
S21400CE0004226FEA03436FEA13430DEB020128196D
S21400CE100193FFF769FF002CAED022463146284624
S21400CE20FFF762FFA8E740F2FD1110482DF0D1FC95
S21400CE30C8E705F46043B3F5005F04D1C5F30B05FE
S21400CE4005F53E25BEE740F2052108482DF0C1FC59
S21400CE506FF00F074546B6E717F8013BFF2BB6D035
S21400CE604FF4047148462DF0B4FCB0E74CB603000E
S21400CE70045C0020046B0020FF03E00F10B500F0F8
S21400CE8077F825F0D1FB044618B100F079F8204673
S21400CE9010BD00F07BF804460028F6D10122014BB5
S21400CEA01A70F2E7065C0020054B1B7833B1054B81
S21400CEB0C0F3130100221868FCF7D6BC1120704797
S21400CEC0065C002004660020144B2DE9F0411B7818
S21400CED005460E461746FBB125F08DFB012805D901
S21400CEE0841EE4B2012C09D9212412E03B463146C7
S21400CEF02846BDE8F041002200F052B800F038F8AD
S21400CF003B4600223146284600F076F8044600F0FC
S21400CF1037F82046BDE8F0811124FAE7065C0020C9
S21400CF20124B70B51B7804460D461646E3B125F045
S21400CF3062FB012805D9831EDBB2012B08D9212408
S21400CF4010E0324629462046BDE8704000F040B862
S21400CF5000F00EF820463246294625F067FB0446C8
S21400CF6000F00EF8204670BD1124FBE7065C00209A
S21400CF7008B52DF02CFB014B186008BDC83D0020FD
S21400CF80014B18682DF01EBBC83D0020024B1968E7
S21400CF90024B1868FCF7CEB8E46500200466002053
S21400CFA037B505460C46C0F313010848ED02006885
S21400CFB005D5224603B0BDE83040FCF709BA009319
S21400CFC013462246FCF7BEF903B030BD04660020C7
S21400CFD030B405461346074A0C46C0F313011068E2
S21400CFE0EA0203D5226830BCFCF7FABB224630BC06
S21400CFF0FCF7F0BA04660020F7B505460F4614465F
S21400D0001E461BB92125284603B0F0BD0029F9D0DD
S21400D01025F0F1FA4BF23462ABB2934220D14FF0D6
S21400D020FF3322466946CDE9003325483346FFF7ED
S21400D030E3FF08220546234968460EF049FE38B944
S21400D04033462246694641F2F010FFF7D5FF054603
S21400D050002DD8D13246694638460EF07DFCD2E720
S21400D06041F2F01293420FD1174B311908299A6CEE
S21400D070DB6CC7D8CDE9002332460DEB04013846F9
S21400D0800EF06AFC0025BEE702280BD1C5F30C4360
S21400D09032199342B6D3C5F30B0104F17E643246CF
S21400D0A02144ECE7032809D1C5F30C433219934217
S21400D0B0A8D3C5F30B0104F53E24F0E70125A2E74B
S21400D0C0021008C0545304000080E00F10B527F08B
S21400D0D00DFD28F0A4FDBDE8104003460121022006
S21400D0E0014A02F00BBC00BFE3B6030013B5D0E95B
S21400D0F0023253F822301C78204627F009FD2346DA
S21400D100009001210220024A02F0F8FB02B010BD96
S21400D110F7B60300014B187827F0E2B8075C00204A
S21400D120FF232DE9F04F8FB01122002108A88DF8BB
S21400D13013300EF081FA08A826F092FA0121022098
S21400D140B04A08AB02F0DAFB41F24903AE4A0121CD
S21400D150022002F0D3FB06A826F0B1FB08A90DF1C9
S21400D160130026F0B7FB02200021A84A02F0C6FBF7
S21400D170002027F0E6F810B106A809F047FE9DF952
S21400D1802A3001210220A24A00939DF82B3002F09B
S21400D190B5FB27F0A7FC831EDBB2FC2B054631D877
S21400D1A0012102209B4A02F0A9FB01249A4E9B4FC4
S21400D1B0DFF8D082234632460021022002F09EFB92
S21400D1C005A9E0B227F090FC034650B1A0F1160284
S21400D1D0012A40F2AA8042460121022002F08EFB7C
S21400D1E00CE09DF914303A4601939DF81630012163
S21400D1F0009302209DF8153002F080FB0134E3B264
S21400D2009D42D7D8BDF8284008F0ECF92346002107
S21400D210834A0090022002F071FB02200021814A1E
S21400D22002F06CFB002027F08CF810B108A809F07B
S21400D230EDFD01217C4A022002F060FB27F0AEFBE8
S21400D240044627F0A9FB23460121784A00900220D5
S21400D25002F054FB08F09EFE00210220744A02F001
S21400D2604DFB9DF81330FF2B65D000210220714A3C
S21400D27002F044FB01216C4A022002F03FFB26F03C
S21400D2802EFB012103466C4A022002F037FB08F011
S21400D29081F900210346694A022002F02FFB26F09E
S21400D2A024FB044626F023FB23460121644A009013
S21400D2B0022002F023FB2DF099FA08F013FF01215B
S21400D2C00346604A022002F019FB0025DFF8B88109
S21400D2D008F008FFECB2A04233D82DF087FA0123FD
S21400D2E0594A1946022002F009FB002026F0F8FFF2
S21400D2F0564B574C0093012100230220554A02F05A
S21400D300FDFA236863B1012102201B78524A02F01D
S21400D310F5FA2368012102205B78504A02F0EEFA03
S21400D32026F0E3FF0FB0BDE8F08F012102204C4A43
S21400D33002F0E4FA62E7002102204A4A02F0DEFA2E
S21400D34098E7494B204603EB0416D6F8089008F0F9
S21400D35083FF8246204608F0CBFE444F00280CBFD1
S21400D360C346BB46204608F077FF0AF031FD00288A
S21400D37008BF4746534600210220CDE900B73C4A85
S21400D38002F0BCFAB37901210293B388022001931C
S21400D3907388384A0093337B02F0B0FA0026DFF831
S21400D3A0ECB099F80430F4B2A34203D82DF01EFA7C
S21400D3B001358DE714235C43D9F8007002203A5BF0
S21400D3C007EB040A9AF90C3000922B4A002132EA45
S21400D3D0230228BF5A461346284A02F08FFA002036
S21400D3E026F0AFFF38B150463C5B26F0E7FA014620
S21400D3F020460AF03BFD01210220214A02F07EFA77
S21400D4000136CEE738B7030047B7030063B703001B
S21400D4108FB703006AB7030080B7030087B703001F
S21400D420BCB70300DCB7030026B80300E5B703006B
S21400D43007B8030069D8030012B8030028B8030031
S21400D4403EB8030054B80300CDB80300E5B80300A7
S21400D450C4420020D9B80300F3B8030007B903009C
S21400D460A4B70300C4B40300F84100200FB70300BC
S21400D4705FB803007FB803002CB70300B5B80300FD
S21400D480B8000400AFB7030017B7030020B70300C7
S21400D4902DE9F7430025134EDFF8588008F022FEEA
S21400D4A0ECB2A04202D803B0BDE8F08327012046C4
S21400D4B016F8079008F01CFE0B4A4B46002808BFDB
S21400D4C04246002102200092084A02F017FAF05D58
S21400D4D026F011FA01210220054A02F00FFA013562
S21400D4E0DCE700BFF84100205107040022B9030022
S21400D4F0B80004005B07040008B583685A68117812
S21400D500C26853F82230A1F16502514251411878A1
S21400D51008F0A4FF30B9BDE8084001210220024A05
S21400D52002F0ECB908BD00BF2DB9030000210220AF
S21400D530014A02F0E3B900BF47B903000021022008
S21400D540014A02F0DBB900BF75B9030010B5044606
S21400D55086B01822002168460EF06EF8684626F05F
S21400D5603FFED4E9022052F8203002EB80021B78FE
S21400D5708DF80B30516891F900108DF80A109168FB
S21400D5800988ADF808106168091A032907DDD26812
S21400D59003F01F03127843EA42138DF80B306846F7
S21400D5A008F0CEF800210346024A022002F0A6F94F
S21400D5B006B010BD91B9030007B5002027F056FA53
S21400D5C000210090034B0220034A02F097F903B0B3
S21400D5D05DF804FB9EB90300A4B9030013B5D0E9B7
S21400D5E0023253F8221003EB82035B68087819684E
S21400D5F00023094CA222994208BF2146C01A18BF30
S21400D600012027F027FA01210090044B0420044A49
S21400D61002F074F902B010BD00F8FF07AFB90300BE
S21400D620BDBA030013B5D0E9023203EB820153F80A
S21400D6302230D1E901141878FF22003818BF0120E3
S21400D6402378096827F006FA01210090034B04208E
S21400D650034A02F053F902B010BD00BFB6B903008A
S21400D660BDBA030008B5002101230C4A27F077F85D
S21400D6700A4826F0D7FD0020094909F05FFC002083
S21400D68026F05FFE10B1054809F0C0FBBDE8084073
S21400D69001210420034A02F031B900BF396100209D
S21400D6A0CBB90300B800040010B526F022F90346F3
S21400D6B030B1BDE8104001210420054A02F01EB931
S21400D6C00121BDE810400420024A02F017B900BF4D
S21400D6D0D9B90300EAB9030010B526F0A5FDBDE8E8
S21400D6E01040034601210220014A02F007B900BF9C
S21400D6F0F5B9030010B526F069FDBDE810400346F5
S21400D70001210220014A02F0F9B800BF0BBA03005B
S21400D71037B5D0E90232012453F822304FF6FF70B5
S21400D7201D78FE2204FA05F1002327F0FFF92B46A8
S21400D730009021460420024A02F0E0F803B030BD13
S21400D7401FBA0300D0E9023253F822301B7823B107
S21400D75001210220024A02F0D1B8024A1370704733
S21400D7603EBA0300075C002007B5684626F0A7F817
S21400D77007F038FF01210346084A022002F0BEF8EF
S21400D780684609F043FB08F0A1F901210346044A64
S21400D790022002F0B3F803B05DF804FB54BA0300AD
S21400D7A06EBA030037B5D0E90245406854F8253014
S21400D7B0401B0328D8BF002004EB8504C8BFE068E0
S21400D7C019786368C8BF00781A78A36893F90030A0
S21400D7D00090012027F02EF938B901210220084ACE
S21400D7E003B0BDE8304002F089B8064B01900093C4
S21400D7F001210220044B054A02F080F803B030BD38
S21400D8007FBA030087BA03005BE903009BBA0300F4
S21400D81007B5012027F016F948B90090012102202B
S21400D820084B094A02F06AF803B05DF804FB054BA2
S21400D8300190009301210220044B054A02F05EF895
S21400D840F2E700BF87BA0300B2BA0300401504002F
S21400D8509BBA030008B5D0E9023253F82230187894
S21400D86027F0A2F830B9044A0121BDE80840042098
S21400D87002F044B8014AF7E7C7BA0300E3BA030068
S21400D88008B5D0E9023253F82230188827F08AF813
S21400D89030B9044A0121BDE80840042002F02EB841
S21400D8A0014AF7E702BB030032BB030073B50378F7
S21400D8B0044613F0050F0ED04588062D17D1836851
S21400D8C001215B68174A1B78019383880420009324
S21400D8D0154B02F013F82378012B20D001210420E9
S21400D8E0114B124A02B0BDE8704002F007B835B9D5
S21400D8F08388012104200E4A02F000F8EBE7012D90
S21400D900E9D186680B49002009F018FB304609F07B
S21400D9107DFA29460420084A01F0F0FFDBE702B052
S21400D92070BD00BF68BB03005FBB0300BABB03004B
S21400D93085BB0300A2BB0300B80004002DE9F04F2E
S21400D94000268FB0364D09AC0FCD0FC42B680121D1
S21400D9500220344A236001F0D1FF3446DFF8DC9021
S21400D96025F0C1FFF5B2A8420BD825F0BCFF234630
S21400D9700090012102202C4A01F0C0FF0FB0BDE844
S21400D980F08F284605A926F0F9FF0346002841D166
S21400D9909DF81430032B39D904238DF814302B4608
S21400D9A000210220214A01F0A9FF9DF814300EAA9A
S21400D9B002EB830300214A4653F8143C022001F090
S21400D9C09DFF28469DF821A09DF815B09DF818707B
S21400D9D0BDF8168026F0D4FF5346CDE9028000211C
S21400D9E00220CDE900B7124A01F088FF013400207A
S21400D9F0E4B226F0A6FC18B10DF1190009F006FAFB
S21400DA00002102200B4A01F079FF01E0002BC6D16D
S21400DA100136A5E700210220074A01F06FFFF7E76D
S21400DA205C530400CCBB030045BC030082B7030074
S21400DA30F9BB030044AF030020BC0300CCC60300C0
S21400DA40C3688268013BDBB252F8233002201B78A1
S21400DA50652B14BF00220121044B1BBF01211A7045
S21400DA60034A044A08BF197001F048BF6B6B0020D8
S21400DA705CBC03006ABC0300D0E9023253F82230D3
S21400DA801A88014B1A807047066B002007B5D0E94C
S21400DA90023103EB810253F8213052681988054B96
S21400DAA00548128800930088012309F0A3FE03B0FE
S21400DAB05DF804FBADD80000066B0020C3688268E2
S21400DAC0013BDBB252F823305B78A3F16602534287
S21400DAD05341014A137070476E6B002030B5D0E991
S21400DAE0023253F8223089B01D78012302AA194663
S21400DAF0044626F034FE01230093102302210DEB8A
S21400DB000302204626F00CFE284604AA02A927F0A7
S21400DB1027F80446002026F014FC18B121460448D5
S21400DB2007F0F0FD0020034909F0EEF909B030BD1A
S21400DB3079BC0300B8000400002330B58FB0022182
S21400DB40009309AA1223054626F0EAFD05AA014617
S21400DB5009A807F0B5FB044698B1232805D1134A57
S21400DB600121042001F0CAFE09E0212801D1104A53
S21400DB70F6E70346012104200E4A01F0BFFE0FB06F
S21400DB8030BD01232846194603AA26F0E8FD05A95C
S21400DB9003A826F0E7FF0546204626F0D2FB18B17C
S21400DBA02946054807F0AEFD044AD9E786BC0300BF
S21400DBB0A9BC0300E4BC030005BD0300B8000400D4
S21400DBC0F0B5D0E9023253F8221003EB82039B68CB
S21400DBD005461F7887B038460E7826F092FB044636
S21400DBE008BBD5E9022101238DF80830194452F804
S21400DBF0210002EB810200888DF809709268ADF86A
S21400DC000A00127804218DF80C2028460DF10D022A
S21400DC1026F0A5FD304602A98DF8154026F0B2FE86
S21400DC20044626F062FB334601210420024A009493
S21400DC3001F064FE07B0F0BD1ABD03002DE9F04107
S21400DC4001218EB00220274A01F058FE002005ABC5
S21400DC5001AA09A926F07EFF00250446224E234F7E
S21400DC60DFF898801CB128460EB0BDE8F08102208F
S21400DC702B463246214601F041FE204626F061FB47
S21400DC8010B10AA809F0C2F83A46002102209DF811
S21400DC90303001F033FE424600210220079B01F09F
S21400DCA02DFE00210220BDF82030114A01F026FE8C
S21400DCB0BDF8143000210F4A022001F01FFE013586
S21400DCC001A826F039FBEDB2012102200A4A01F034
S21400DCD015FE284605AB01AA09A926F03BFF044617
S21400DCE0C0E700BF4CBD030092BD03009ABD030011
S21400DCF088D80300AFBD0300B8000400A6BD03002B
S21400DD002DE9F047064698B0C0B925F0EAFD07466B
S21400DD1000250EA826F028FF01210220384A01F02F
S21400DD20EDFD2C46DFF8E080DFF8E090DFF8E0A0BD
S21400DD30BC4205D3284618B0BDE8F0870127E7E7C0
S21400DD4013A826F011FF002E4CD0022306A913A814
S21400DD508DF84C30FE2426F0F9FE00283FD102A9AB
S21400DD6013A826F0F9FE9DF8593043F001038DF80C
S21400DD705930002E3DD1234631460220214A01F07B
S21400DD80BDFD9DF859300AA943F0010313A88DF88C
S21400DD90593026F0E1FE002026F0D3FA10B114A880
S21400DDA009F034F80C9B42460021022001F0A6FD43
S21400DDB0BDF82820002112F4007F0CBF4C2341231D
S21400DDC012F0100F0CBF6E227922022000924A46F3
S21400DDD001F094FD06A826F0AFFA0135EDB2013445
S21400DDE0E4B2A5E720460AAB06AA13A926F0B0FEC1
S21400DDF0B3E752460021022001F080FDC1E700BFD4
S21400DE00B9BD030092BD0300A6BD0300F5BD030027
S21400DE10EEBD030030B5012499B00EA826F0A4FE8E
S21400DE2013A88DF8384026F03DFEC0B9BDF84C105A
S21400DE3011EA040513D121460220444A01F05EFD92
S21400DE4029460220424A01F059FD214602203F4A57
S21400DE5001F054FD214602203C4A01F04FFD06A980
S21400DE600EA826F073FE20B11022FF2106A80DF0A2
S21400DE70E3FB04A826F072FE059B01210220354A2A
S21400DE800093354B01F03AFD9DF812300121022037
S21400DE90324A0093304B01F031FD00212E4B304AC0
S21400DEA0022001F02BFD06A826F046FA13A826F05D
S21400DEB05BFE02230AA913A88DF84C3026F04CFE10
S21400DEC000283FD10B9B009301210220254B264AB8
S21400DED001F014FD0121234B244A022001F00EFD1F
S21400DEE00120FFF70DFF01211E4B214A022001F001
S21400DEF005FD0020FFF704FF044625F0F2FC23464C
S21400DF000090012102201B4A01F0F8FC01211A4B67
S21400DF10174A022001F0F2FCFFF790FE174902288C
S21400DF2003461748174A28BF0A46084928BF01462D
S21400DF300092CDE9013102200121134A01F0DEFCF6
S21400DF4019B030BD4FF0FF33BDE700BFB800040086
S21400DF5008BE030046BE03003EBE030056BE0300D6
S21400DF60E5E7030012F6030069BE030079BE03006E
S21400DF7080BE030089BE03009DBE030004BE0300EE
S21400DF804FDD0300A1DD0300ABBE030010B5D0E9F2
S21400DF90023253F822301C78201E18BF012026F0CB
S21400DFA06DFD054A054B0020002C18BF1A46BDE83B
S21400DFB01040034908F0A8BFD8BE0300D3BE030034
S21400DFC0E1BE0300D0E9023210B553F822301C88B7
S21400DFD0204626F055FD2246BDE8104000200149A7
S21400DFE008F092BF22BF030037B5044607F0D2FA06
S21400DFF0014638B100200D4A0D4903B0BDE8304057
S21400E00008F082BFE368A268013BDBB252F8233017
S21400E01008481D780123084A00936C2D08BF024665
S21400E0201023204626F07CFB03B030BD70BF0300F3
S21400E03078BF0300546B0020446B002013B5836840
S21400E0409A681278672A22D101A826F02BFD04468A
S21400E050A8B9BDF80420174908F056FFBDF80430EB
S21400E060DA070AD413F0020F134B144A18BF1A46E5
S21400E0701349002008F048FF19E0124AF8E7024664
S21400E0801149002008F040FF22461049F1E7C26817
S21400E09001A953F8220003EB82035B6800681B6843
S21400E0A0ADF8043026F004FD04460028ECD102B09A
S21400E0B010BD00BFABBF03009EBF030042E90300D4
S21400E0C0CCBF03008EBF0300DEBF03000AC0030000
S21400E0D0034A04491388C85401331380704700BFAD
S21400E0E0EA5600200D5C002073B5154D01242B78F0
S21400E0F0144E13F0040F0CBF02230423124A2146C9
S21400E1001470328802200192EB5C104A0093104B88
S21400E1105B8801F0F3FB002102200E4A01F0EEFBC3
S21400E1200D4B2946009332882346022001F02CFC32
S21400E13021460220094A02B0BDE8704001F0DEBB6D
S21400E1400D5C0020EA5600200C5C002019C003007D
S21400E150DC5600203EC0030060C00300B800040088
S21400E16070B516464FF48A52114B124DDA8059801C
S21400E170114B1B881A1E18BF012240EA82000F4A64
S21400E1801278003A18BF012240EA0210287063B1E4
S21400E19003246B701B0AAB7009F088FE631C2855BD
S21400E1A0EE54074B02341C8070BD0124F4E700BF18
S21400E1B0DC5600200D5C0020E85600200B5C00209A
S21400E1C0EA56002038B5D1E902320C46054653F827
S21400E1D02230024619880C4B1878FFF7C1FFE36817
S21400E1E0A268013352F82330188824F061FA4DB142
S21400E1F0E368A268023352F823301878BDE8384046
S21400E200FFF766BF38BD00BF085C0020F0B50546C6
S21400E210EB68AA68023352F8233008461C78294671
S21400E22085B0FFF7CFFF204625F0B4FB204E214FE8
S21400E23078B3204625F0BAFB0321441C03AA2846DF
S21400E24023F09DFA3288E4B2C2F1FF0303991B1B48
S21400E2509BB28B4222443CBFC2F1FF0303930123CF
S21400E260032100933A449DF80C30284626F058FACD
S21400E270039A022C338804BF0F48110AFA5408BFC9
S21400E280C15413441C44348005B0BDE8F040FFF789
S21400E2902BBF204607F086FE0123328804460093F3
S21400E2A0032103463A44284626F03AFA3388E9E73B
S21400E2B0EA5600200D5C00200E5C0020052307B502
S21400E2C0012100930220044B044A01F017FB03B01F
S21400E2D05DF804EBFFF79EBD47C003004EC0030089
S21400E2E013B5044626F0DAFB38B1CDE9004001212B
S21400E2F00220034B034A01F001FB02B010BD00BF31
S21400E30070BF030065C00300194B37B51B783BB9D7
S21400E31001210220174A03B0BDE8304001F0EEBAF2
S21400E320D0E90232144C53F8223001211D7863885C
S21400E33002200093114A2B4601F0E0FA104B25719B
S21400E3401B78104D63B1012102200F4A01F0D6FA66
S21400E35020460E4A298803B0BDE8304025F0BBB8F9
S21400E36020460A4A298803B0BDE8304025F075B932
S21400E3700C5C00207CC00300DC5600208AC0030032
S21400E380095C0020EA560020A1C003000D5C0020B6
S21400E3902DE9F041D0E9023253F8221003EB820354
S21400E3A05A680C7817889A68DB68B2F80080C6B09E
S21400E3B01D780021304B0220304A0094CDE90178C8
S21400E3C001F09CFA002D0CBF6E2379230121022058
S21400E3D02B4A01F093FAFF23002D0DF1170606AD28
S21400E3E0019320460CBF80234023424639460296BE
S21400E3F0009525F015FE0446002835D1307825F026
S21400E400CFFA0746B0B1284625F05AFF1D4BFD2827
S21400E410A8BFFD200093234682B20DF11901022009
S21400E42001F0B2FA01210220174A01F067FA46B05D
S21400E430BDE8F081307825F0B9FA60B1284625F0BD
S21400E44044FFFD28A8BFFD200E4B82B200930DF1BD
S21400E4501A013B46E3E7307807F0A4FD0B4B024673
S21400E460009329460123DAE7009001210220084B99
S21400E470084A01F043FADAE7AEF60300BBC0030031
S21400E480E0C00300660A0400B800040060C0030091
S21400E49068C90300EAC00300D0E9023253F822102C
S21400E4A003EB82032DE9F04F5A680F78B2F800802C
S21400E4B09A68C7B0B2F80090DA681B6992F800A0B4
S21400E4C01E7800212F4B304A0446CDE901890220F0
S21400E4D0009701F013FABAF1000F0CBF6E237923F0
S21400E4E001210220294A009606AD01F007FAFF2214
S21400E4F0002128460DF0A0F8304625F051FA834654
S21400E50008B30023052100932046FD230DF11902D0
S21400E51026F006F92870BAF1000F0CBF80234023BE
S21400E5204A4641463846CDE9005625F044FD0146A8
S21400E530144807F0E7F801210220154A01F0DEF939
S21400E54047B0BDE8F08F304625F030FA60B1FD23C5
S21400E55005212046CDF800B00DF11A0226F0E0F8AD
S21400E56085F801B02870D6E70590304607F01AFD0A
S21400E570059A0346009205212A46204626F0D0F842
S21400E580C9E700BFA1F60300BBC00300FBC0030041
S21400E590B80004002DE9FF471C465B68E5685B1B76
S21400E5A000255FFA83F803952E46FFF7D9FDEBB2F8
S21400E5B098450BD90C9B9B5D282B39D8202B00F255
S21400E5C0CB800136F6B2002B40F0C980FFF78CFDF9
S21400E5D004B0BDE8F087132A2FD801A151F822F025
S21400E5E0A7E60000B9E60000CBE60000FFE6000064
S21400E5F0CDE50000CDE50000CDE50000CDE500004E
S21400E6003BE600003BE600003BE600003BE6000081
S21400E6103BE600003BE600003BE600003BE6000071
S21400E6203BE600003BE600004BE6000025E7000066
S21400E630A3F13102D1B21329CDD90136F6B2A3F136
S21400E6404102032AC2D8422B6CD06C4F00213A8874
S21400E650DFF8B0A1C2F1FE039BB2FF2B28BFFF2359
S21400E66001320091DBB22046524469B226F034F8FB
S21400E6703B880AF8030001331844388011E04FF055
S21400E6800409E368A2682B4452F823301F68F8B2E6
S21400E69009F1FF39FFF71CFD19F0FF094FEA1727AC
S21400E6A0F5D1013583E7E368A2682B4452F823309E
S21400E6B01878FFF70DFDF4E7E368A2682B4452F8DC
S21400E6C02330188823F0F4FFEBE7E368A2682B44B6
S21400E6D052F823301F68B7F1807F09D2F8B2FFF7EF
S21400E6E0F7FCC7F30720FFF7F3FCC7F30740E0E7A4
S21400E6F02B4601210820424A01F000F966E74FF058
S21400E7000409E368A2682B4452F823301F68F8B265
S21400E71009F1FF39FFF7DCFC19F0FF094FEA17276C
S21400E720F5D1BEE7294603AA204623F028F80021A3
S21400E730324F344A3B88DDF80C9002EB030CCAB229
S21400E740914501F1010102D84B443B80A9E710F83E
S21400E75002A00CF802A0F2E7242B3FF670AF013BB4
S21400E760232B3FF633AF01A252F823F0A7E60000B2
S21400E770B9E60000CBE600007FE60000CDE500002D
S21400E780CDE50000CDE50000CDE50000CDE50000BC
S21400E790CDE50000CDE50000CDE50000CDE50000AC
S21400E7A0CDE50000CDE50000CDE50000A7E60000C1
S21400E7B0B9E60000CBE60000FFE60000CDE500006D
S21400E7C0CDE50000CDE50000CDE50000CDE500007C
S21400E7D0CDE50000CDE50000CDE50000CDE500006C
S21400E7E0CDE50000CDE50000CDE50000A7E6000081
S21400E7F0B9E60000CBE600007FE60000EA560020FF
S21400E80014C103000D5C0020094B1B7823B10121C5
S21400E8100820084A01F072B8D0E9023253F82230D4
S21400E820054A1B88012113800820044A01F066B8B7
S21400E8300C5C00203AC10300E85600207CC10300AF
S21400E840D0E9023253F82230054A1B780121003BFA
S21400E85018BF012308201370024A01F04FB800BF0A
S21400E8600A5C0020A2C10300D0E9023253F822302D
S21400E870034A1B78012113700820024A01F03EB8B3
S21400E8800B5C0020D1C1030010B5D0E9023204466B
S21400E89053F82230132219880B4B1878FFF760FCC8
S21400E8A0E368A268013352F823301878FFF710FCAB
S21400E8B0E368A268023352F823301878FFF708FCA2
S21400E8C0BDE81040FFF710BC085C002010B5D0E98A
S21400E8D00232044653F82230112219880B4B18785E
S21400E8E0FFF73EFCE368A268013352F8233018783D
S21400E8F0FFF7EEFBE368A268023352F8233018787D
S21400E900FFF7E6FBBDE81040FFF7EEBB085C002013
S21400E910D0E9023253F82230034A1B78003B18BF76
S21400E9200123DB0013707047085C002010B5D0E9A7
S21400E930023253F82230044619880E4B0622187805
S21400E940FFF70EFC0120FFF7C3FBE368A268034451
S21400E95052F82330188823F0ABFEE368A26802332F
S21400E96052F82330188823F0A3FEBDE81040FFF7C6
S21400E970BBBB00BF085C00202DE9F043D0E90232A3
S21400E9804FF0FD09013253F8221003EB82035A6858
S21400E990C7B017889A68B1F80080147853F8043C1A
S21400E9A0002C0DF1170506AE18783A4614BF402322
S21400E9B0802341460295CDF80490009625F030FB62
S21400E9C0034638B1184A0121082000F097FF47B0E7
S21400E9D0BDE8F083201E18BF01200A224146C00071
S21400E9E0FFF7BEFB384623F063FE2878FFF770FB80
S21400E9F04A463146287824F081FF044628B10B4F5A
S21400EA003D88C5F1FF03984202DD2346084ADAE74F
S21400EA10024608483146284425440CF09DFF3D80B8
S21400EA20FFF762FBD3E700BF07C20300EA560020E9
S21400EA3023C203000D5C002010B5D0E90232044664
S21400EA4053F82230082219880B4B1878FFF788FBFA
S21400EA50E368A268023352F823301878FFF738FBD1
S21400EA60E368A268013352F82330188823F020FEAA
S21400EA70BDE81040FFF738BB085C002073B5D0E94E
S21400EA8002320546023253F8221003EB820353F893
S21400EA90042C53F8083C0C781988234B16881878F1
S21400EAA00622FFF75DFB0020FFF712FB304623F03F
S21400EAB0FFFD2046FFF70CFBEB68AA68033352F80D
S21400EAC02330188823F0F4FDEB68AA68043352F864
S21400EAD02330188823F0ECFD204609F0E7FBE8B960
S21400EAE0204607F05FFA05210446019001AA284651
S21400EAF022F045FE019B01469C4206D02246314646
S21400EB000A480BF087FC02B070BD094D09482E88F4
S21400EB102246304434440CF0E1FD2C8002B0BDE8BF
S21400EB207040FFF7E1BA00BF085C00204FC2030048
S21400EB30EA5600200D5C002073B5D0E902324FF48F
S21400EB408A5153F82230104D1A88104BD9805A80BB
S21400EB5000232A4600930121FF2325F0E1FD2B78B0
S21400EB60044613F0040F0A4B08BF01261B7818BF93
S21400EB70032613B109F09AF9A855064B1C8002B07B
S21400EB80BDE87040FFF7B0BA0D5C0020DC560020F0
S21400EB900A5C0020EA560020D0E9023253F8223000
S21400EBA0034A1B78003B18BF01231370704700BF51
S21400EBB0095C002010B50C4608B908F003F9024BB2
S21400EBC018715C7110BD00BFDC56002002462DE9AE
S21400EBD0F341D0E90253526855F82310D21A0C8834
S21400EBE005EB8301013BDBB255F82380294D022A51
S21400EBF04868C8BF8A682B78D8BFFF210078C8BF8E
S21400EC0011783BB901210220234A02B0BDE8F04149
S21400EC1000F074BEFFF7CEFF06F0E4FC1F4F204E58
S21400EC203B880146224600931E48334625F0E5FA07
S21400EC300246C8B998F804103B885F2917D1CDE979
S21400EC4000364FF6FF712046164B24F038FC28B1EC
S21400EC50034601210220144A00F050FE0023134A06
S21400EC602B701380124A137002B0BDE8F0814FF685
S21400EC70FB718C4208D9CDE900362146094B4FF688
S21400EC80FF7024F07AFCE2E72146064A009624F05C
S21400EC90A6FCDCE70C5C00209AC20300EA560020C3
S21400ECA00D5C0020DC560020A1C20300E8560020C0
S21400ECB00B5C0020002210B50A2104461046FFF720
S21400ECC04FFA002023F0F4FC0122044B1A70FFF7E1
S21400ECD00BFA2046BDE81040FFF778BF36610020EB
S21400ECE038B51C4615460123224625F038FD60B986
S21400ECF02146284625F0FCFE044620B101210420CA
S21400ED00034A00F0FBFD204638BD0024FBE700BFA9
S21400ED10C8C203002DE9F0430C4615461F46D0E94D
S21400ED20022352F8231002EB830293680E8893F8AE
S21400ED300080D3688BB0B3F800903246012106AB52
S21400ED40FFF7CEFFF0B90DF1200CF4B101232A88AD
S21400ED504021CDE902C2CDE90471CDE9009322211C
S21400ED60434606AA304625F031FD0B4B0B4A00936E
S21400ED700B4B0190002C08BF134601210420094AC2
S21400ED8000F0BCFD0BB0BDE8F083624628686968F9
S21400ED90032303C22246DBE727C303000CC303009A
S21400EDA006C3030014C3030007B501236A46002107
S21400EDB025F0D5FC6846034908F0C8FD03B05DF8A9
S21400EDC004FB00BFADD80000D0E9023253F8223071
S21400EDD00149188808F08CBDADD8000010B5D0E900
S21400EDE0023203EB8201496853F8223009784FF467
S21400EDF08A52188825F0DAFCBDE810400346012147
S21400EE000420014A00F07ABD31C30300D0E9023283
S21400EE1053F8223002214FF48A5210B5188825F094
S21400EE20B7FCBDE81040034601210420014A00F06B
S21400EE3065BD00BF4AC303001FB5D0E9023203EB2D
S21400EE40820153F82230496818884FF48A5309889B
S21400EE500293094B094A0193094B1B7800931278D9
S21400EE60084B25F00BFD012103460420064A05B099
S21400EE705DF804EB00F042BDEC5600200D5D00206E
S21400EE800C5D0020F656002061C303002DE9F04318
S21400EE90D0E9023253F8221003EB82035A680E8838
S21400EEA017789A68DB688BB092F80090B3F8008009
S21400EEB03246042106AB0446FFF712FF28BB08AD16
S21400EEC001232A460521204625F049FC38B90420AE
S21400EED001210F4A00F012FD284624F0F0FC4FF402
S21400EEE08A53CDE904930023CDE90253032321215D
S21400EEF0CDE9008306AA3B46304625F067FC012193
S21400EF000346044A042000F0F9FC0BB0BDE8F08389
S21400EF1079C30300A8C3030038B5D0E9024303F160
S21400EF208043023B02220F4954F823009D000CF058
S21400EF30CFFE60B90C4B0D491A78042A0BD82C4426
S21400EF40A068008821F8120001321A7038BD084BFC
S21400EF5008491A78F1E70121BDE838400420064A3E
S21400EF6000F0CCBCD6EE03000D5D0020F656002067
S21400EF700C5D0020EC560020BAC3030008B5C36839
S21400EF80806803F18043023B0222064950F82300C2
S21400EF900CF09EFE10B9044B187008BD0022034BFF
S21400EFA01A70FAE7D6EE03000D5D00200C5D002017
S21400EFB037B5D0E9023153F821208C001578426825
S21400EFC0521A012AC5BF1B195B686C091C78DCBF86
S21400EFD044F0180405F01F052946204625F012FBCC
S21400EFE0034640B12346012104200E4A009500F056
S21400EFF085FC03B030BD0121A94074B92346FE222A
S21400F0004FF6FF7025F092FD012103460420064AC4
S21400F01003B0BDE8304000F071BCFE2241EAC46196
S21400F020EEE700BFD0C30300F0C3030070B5D0E91D
S21400F030021551F8253001EB8501044618884B6807
S21400F0401A788B68052A1B8802D85E1E072E0BD9F5
S21400F050012104200C4A00F051FCBDE8704001215B
S21400F06004200A4A00F04ABC6468641B032CCABF2A
S21400F070C9680749096825F059FDBDE87040024691
S21400F0800449002007F05ABF0EC403002EC4030034
S21400F09000F8FF074BC4030008B5D0E9023253F866
S21400F0A0220003EB82035968FF22038809684FF6A3
S21400F0B0FF7025F03BFDBDE80840024601490020F0
S21400F0C007F03CBF5EC4030008B5D0E9023253F82F
S21400F0D0223005214022188825F05AFBBDE808405A
S21400F0E002460249002007F029BF00BF7FC4030084
S21400F0F008B5D0E9023203EB8201486853F82210C3
S21400F100027840230988312025F095FBBDE80840A9
S21400F11002460249002007F011BF00BFA0C403004A
S21400F12008B5D0E9023203EB8201486853F8221092
S21400F130027840230988332025F07DFBBDE808408F
S21400F14002460249002007F0F9BE00BFBAC4030019
S21400F1501FB5D0E9023253F8221003EB82039B68F6
S21400F16008881A780023D21A18BF0122CDE9023384
S21400F17002A94023D20125F06DFB01210090044B2B
S21400F1800420044A00F0BAFB05B05DF804FB00BF9B
S21400F19027C30300D8C4030007B5D0E9023253F8EA
S21400F1A0223003214022188825F0F2FA012100902F
S21400F1B0034B0420034A00F0A1FB03B05DF804FBF8
S21400F1C027C30300E7C4030037B5C3688268053366
S21400F1D052F8233004211D786A460123044625F0A0
S21400F1E0BEFA38B904200121064A00F087FB6846BB
S21400F1F024F065FB2B466A4600212046FFF78AFD71
S21400F20003B030BD01C5030007B5D0E9023203EBF9
S21400F2108201486853F82210027840230988322079
S21400F22025F009FB01210090034B0420034A00F05F
S21400F23065FB03B05DF804FB27C3030032C503007B
S21400F24070B585690446EA0705F0020605D476B16E
S21400F250C5F3072025F055F809E01EB1B2210F4886
S21400F2602BF0B7FAA069C0F3810025F039F8E369FE
S21400F2701BB9BA2109482BF0ACFA204614F00EFC54
S21400F280E3693EB1607E9847AB0706D0BDE87040A4
S21400F29025F02BB820469847F6E770BD47C5030013
S21400F2A008B514F0EFFE28B1BDE808404721024833
S21400F2B02BF08FBA08BD00BF47C503002DE9F0410B
S21400F2C0FF2B04460F4690461D469DF8186005D055
S21400F2D0FF2E03D0D52111482BF07BFA0023FF2DFB
S21400F2E018BFAD000E4A1CBF45F00105EDB2226006
S21400F2F00C4AC4E9063818BFA561FF2EC4E90123ED
S21400F3002361E76007D0A36943F0020323F47F4339
S21400F31043EA0623A361BDE8F08100BF47C50300AA
S21400F320CC3D002041F20000002310B5054C0361DF
S21400F3300460054CC261C0E901430123C1608361DA
S21400F34010BD00BFCC3D002041F2000070B58669BC
S21400F350044606F00303032B0D4603D1FC21144894
S21400F3602BF037FAFF2D16D0B20704D440F2011165
S21400F3700F482BF02EFA284624F061FCFF2805469D
S21400F38004D14FF482710A482BF023FA2DB204EB15
S21400F3904514204670BDF307FBD5A36913F00C0F88
S21400F3A0F7D040F20B1102482BF013FAF1E700BF3A
S21400F3B047C503000023054AC0E906310361026021
S21400F3C0C360034A034B426083607047CC3D002015
S21400F3D041F20000693A0200014827F06BBA00BF0C
S21400F3E0CC3D0020014827F071BA00BFCC3D00207C
S21400F3F013B50E4827F038FA23F0DDF926F001FAA7
S21400F40026F023FA26F02DFAFCF748FF0446FCF710
S21400F4105FFF2346009001210420054A00F06EFAA3
S21400F42002B0BDE81040FCF73FBF00BFCC3D002057
S21400F430DAC50300022808B503D12BF0C3F9014B47
S21400F440186008BDFC3D002008B50DF05BF90122F0
S21400F450044B1A702BF03FFABDE8084002490348F7
S21400F460FDF7E4B80F5D002010660020003E002087
S21400F470014B1870704700BF0E5D0020024B1878D5
S21400F48008B106F093B87047646B002008B5074BC8
S21400F4901B780BB1002008BDFFF7F0FF0028F9D15C
S21400F4A006F05EFC023818BF0120F4E70E5D00206F
S21400F4B070B5FFF7EBFF174D20B1FFF78DFF04285F
S21400F4C0044613D82B781BB92BF005FA01232B70B2
S21400F4D023F07FF90446D8B12B781BB9F7210E48E4
S21400F4E02BF077F9BDE87040FFF776BF23F073F98D
S21400F4F00028E7D02B785BB12BF069F80646002190
S21400F500012029F0CFFA30462BF05CF800232B7050
S21400F510204670BD0F5D0020FBC503001FB5FFF73A
S21400F520C7FF0446FDF72CFAA04228BF204688B144
S21400F53003A929F0A3FE034638B9CDE90000064A20
S21400F540039906482BF05AF918B18E2104482BF07F
S21400F55040F9012004B010BDD1270300DC3D002097
S21400F560FBC503000D4B70B51B780D4D0D4C0121EE
S21400F570002B0CBF2B46234602200B4A00F0BEF998
S21400F5800A4B01211B780220002B0CBF2B4623467A
S21400F590BDE87040064A00F0B1B900BF646B0020B9
S21400F5A0F5EE030014EF030091C603000E5D002085
S21400F5B0B0C6030010B5D0E9023253F8223002205C
S21400F5C01B780121002B15BF01240024044A054A9C
S21400F5D000F094F92046BDE81040FFF749BF00BF91
S21400F5E0CFC60300ECC60300D0E9023253F822303F
S21400F5F0034A1B78003B18BF01231370704700BFF7
S21400F600646B002038B50125084B1D702AF0DFFF1B
S21400F61004462946284629F045FA20462AF0D2FF15
S21400F620BDE8384002490348FDF700B8105D0020E9
S21400F63018660020283E002070B514F0A9FD10F0D2
S21400F640070F1D4D11D02B785BB901262E702AF0BE
S21400F650BEFF04463146304629F024FA20462AF0FA
S21400F660B1FFBDE8704014F063BB25F043FA0228F2
S21400F67003D1124B1B78032BE5D914F089FD18B97A
S21400F6800E4B1B78032B14D814F052FB04460028AC
S21400F690D9D02B785BB100262E702AF098FF05464D
S21400F6A03146012029F0FEF928462AF08BFF204635
S21400F6B070BD4FF0FF34ECE7105D0020976100202E
S21400F6C01FB5FFF7B9FF0446FDF75AF9A04228BF59
S21400F6D0204688B103A929F0D1FD034638B9CDE903
S21400F6E00000064A039906482BF088F818B18C21CA
S21400F6F004482BF06EF8012004B010BDAB2C0300BC
S21400F700083E00200BC7030010B5094C094900202D
S21400F71007F0FAFB23681B68587924F0C6FA2368BA
S21400F7201B68587923F0CAFA05F066F9002010BD68
S21400F7308843002099C7030008B525F0CBF9024698
S21400F74028B1BDE808400020014907F0DDBB08BD30
S21400F750BCC7030008B525F0D3F9024628B1BDE8BA
S21400F76008400020044907F0CFBB5422BDE80840FB
S21400F770FF2102480BF060BFD4C7030000570020EB
S21400F78038B504460D4625F0BFF9024628B1BDE857
S21400F79038400020034907F0B7BB034B23F814504A
S21400F7A038BD00BFF2C70300005700202DE9F34123
S21400F7B000240C4E0C4DDFF838800C4F56F8043BF6
S21400F7C00BB9D8F8003035F8022B394600920020E5
S21400F7D02246013407F098FB2A2CEFD102B0BDE890
S21400F7E0F08100BF24660020545700200EC8030096
S21400F7F02066002008B52A21034825F07DF9BDE8DB
S21400F8000840FFF7D3BF00BF5457002007B5D0E924
S21400F810023253F822301A78292A0DD8084B53F8AA
S21400F82022300BB9074B1B680749002031F812102D
S21400F8300091064907F068FB03B05DF804FB00BFC3
S21400F8402466002020660020545700200EC80300BF
S21400F85008B52A21034825F051F9BDE80840FFF70E
S21400F860A5BF00BF5457002038B5D0E9023253F880
S21400F870221003EB82035B680C781D880020044985
S21400F88007F042FB29462046BDE83840FFF778BF20
S21400F89019C803002DE9F34100240C4E0C4DDFF887
S21400F8A038800C4F56F8043B0BB9D8F8003035F8C2
S21400F8B0022B3946009200202246013407F024FB32
S21400F8C02A2CEFD102B0BDE8F08100BF24660020EC
S21400F8D0005700200EC803002066002010B5024620
S21400F8E023F002FA20B9044C236811B113432360B5
S21400F8F010BD23EA0203FAE7D06600200CB413B565
S21400F90002460C4623F0F0F960B9094B1B681A4210
S21400F91008D005A9049801910AF090FD14B1054895
S21400F92025F0FBFE02B0BDE8104002B0704700BFF5
S21400F930D066002018CB0300034610B5D3E9023288
S21400F94053F8223008461C78211E18BF0121FFF705
S21400F950C5FF014648B9084A084B0220002C08BFDC
S21400F9601346074AFFF7CAFF10BD00210220054ACA
S21400F970FFF7C4FFF8E700BF17B703000FB7030091
S21400F9801ACB030030CB03002DE9F04105461F4695
S21400F9900C46DFF82C808E18B44201D1BDE8F08109
S21400F9A00021284614F8013B069AFFF7A7FF002F10
S21400F9B0F2D0424600212846FFF7A0FFECE700BF42
S21400F9C0A4BD03000021024A0248FFF7ADBC00BFF9
S21400F9D059FA0000303E0020FF21014822F0DDBE2B
S21400F9E0303E00200022034BFF2103481A7022F00D
S21400F9F0CDBE00BF115D0020303E002013B5114C77
S21400FA002378032B13D8009300230F4A18460F4978
S21400FA1007F07AFA237842F21072002B08BF002211
S21400FA20FF210B4802B0BDE8104022F09EBE002227
S21400FA300849104607F068FA02B0BDE81040FFF724
S21400FA40D1BF00BF115D002041CB030053CB0300A4
S21400FA50303E00205DCB0300F0B52B4D8FB02B78E9
S21400FA6023B309A825F080F8022309A88DF82430CE
S21400FA7025F068F801AA06469446244B03F11007C1
S21400FA80144618685968083303C4BB422246F7D1A7
S21400FA9005AA17461E4B03F1100E1446186859683F
S21400FAA0083303C473452246F7D1E6B1012409A8FA
S21400FAB024F0F6FF28B9BDF8243013F0020F18BF63
S21400FAC001242B781349002B4FF000034FF0A002BF
S21400FAD008BF1946204624F0BDFF90B92B780133A5
S21400FAE02B700FB0F0BD614609A825F02DF8002850
S21400FAF0DCD1394609A825F027F804460028D6D0D8
S21400FB00D4E7FFF77BFFECE7115D0020705304009D
S21400FB108053040000F8FF0710B50020324907F0B4
S21400FB20F3F908220020314907F0EEF9304B314A4C
S21400FB301978314B0020002918BF1A462F4C30493F
S21400FB4007F0E2F9002024F0CBFB2368002B47D017
S21400FB501B78022B44D900222A4B10462A4907F06C
S21400FB60D3F923F008F929490246002007F0CCF91A
S21400FB7000F0D0F826490246002007F0C5F92368B1
S21400FB801B78032B2CD900F0D5F82249024600201A
S21400FB9007F0BAF900F0DEF81F490246002007F029
S21400FBA0B3F900F0DFF81D490246002007F0ACF973
S21400FBB000F0A4F81A490246002007F0A5F900F064
S21400FBC0D7F8184C184954F82020002007F09CF964
S21400FBD000F024F9154954F82020002007F094F985
S21400FBE0BDE8104024F081BB7FCB03009BCB030015
S21400FBF0125D0020F5EE030014EF0300C44200205F
S21400FC00BECB0300E5B80300D9B80300DACB030087
S21400FC10FECB030022CC030046CC03006ACC0300D4
S21400FC2091CC0300D4660020B8CC0300DBCC0300E4
S21400FC3008B5D0E9023253F82230187840B10020D7
S21400FC40074907F061F9BDE80840802000F034B8A5
S21400FC50044907F059F9BDE80840802000F046B88E
S21400FC60FECC03001BCD0300D0E9023253F822304D
S21400FC70034A1B78003B18BF01231370704700BF70
S21400FC80125D002018220021094BC3E900121A7BDE
S21400FC900AB9084A9A601A7C12B94FF47A72DA8165
S21400FCA040F6B8325A8200229A829A75704700BF90
S21400FCB0503E0020E09304000A4B10B51B687BB151
S21400FCC01B78032B02D8B0F5007F09D1064C2368B9
S21400FCD0034323606368184202D02AF06EFDA082B8
S21400FCE010BD00BFC4420020503E0020024A1368E8
S21400FCF023EA000313607047503E0020014B18684B
S21400FD00704700BF503E0020014B9868704700BF08
S21400FD10503E0020024B9868FA23B0FBF3F0704781
S21400FD20503E00200122024B98601A73704700BFB5
S21400FD30503E0020024BD889FA23B0FBF3F0704700
S21400FD40503E00200122024BD8811A74704700BF33
S21400FD50503E0020024B588AFA23B0FBF3F070475F
S21400FD60503E0020014B5868704700BF503E0020B0
S21400FD702DE9F84300244FF00C08104B104F9D7DE2
S21400FD80104E3988E3B28B4202D32846BDE8F8838A
S21400FD9008FB03F3F05C06EB030924F0A8FA50B95D
S21400FDA0FF21D9F8080022F0F8FC20B199F80530B8
S21400FDB09D4238BF1D460134E3E700BF503E002099
S21400FDC00A6B002058670020124B10B51B68124CB7
S21400FDD0EBB11B78032B02D823689B0517D52AF0B6
S21400FDE0ECFCA38AC01A638A80B283423EBFD4E981
S21400FDF000329343236024F0F7FD08B1E08910BD7C
S21400FE002368002BFAD1FFF7B3FF0128F6D0A068CD
S21400FE10F5E700BFC4420020503E0020014B987D0D
S21400FE20704700BF503E002038B504460D462AF005
S21400FE3075FD244B1B7813B1204622F097FF402C0B
S21400FE4027D006D884B13F2C18D0BDE8384024F01F
S21400FE504CBA4C3C0C2CF8D81B4B2341DB07F4D493
S21400FE600220FFF743FFF0E74FF40070FFF73EFF76
S21400FE700220FFF721FF154B1C71E6E74FF40070D8
S21400FE80FFF734FF0220FFF731FF00220F4B1A71F5
S21400FE90DBE724F0ADF90028D7D10C4C02202379FB
S21400FEA001332371FFF722FF4FF40070FFF704FFC2
S21400FEB02379AB42C9D322F05AFF0028C5D122F0DD
S21400FEC02FFFC2E7125D0020FEEEFFFF683E002017
S21400FED010B505F05FFB02280AD124F061FD034649
S21400FEE030B1BDE8104000220249104607F00CB8B9
S21400FEF010BD00BF67CD03000021024A0248FFF78D
S21400FF0013BA00BFD1FE0000703E002038B50020B6
S21400FF1024F0E6F9124B1B6893B11B78022B0FD91D
S21400FF2005F038FB022816D10E4C2568FFF74CFF6B
S21400FF30A842206008D0FF2122680B4822F015FC5A
S21400FF40BDE8384024F0D1B9FF21074822F025FC4F
S21400FF500028F5D1EFE7FF21034822F017FCEFE772
S21400FF60C4420020683E0020703E0020024602493F
S21400FF70002006F0C9BF00BF7BCD030010B5234CA0
S21400FF802348FF2122F002FC207802281ED00328F6
S21400FF902ED0012804D02120BDE81040FFF7E6BF90
S21400FFA01C4B19780029F7D002231B4A23701378BC
S21400FFB0052B0EBF00230133DBB29942137003D129
S21400FFC0052313700020E7E7052BFBD0124B1B78A8
S21400FFD0052B02D103232370DDE7104A104932F8BF
S21400FFE0230007F085FC032323700028D4D110BD1E
S21400FFF0094B0C4A1878094B03EB8001897833F8D3
S214010000200007F045FC0123EEE700BF135D00204A
S214010010903E00201C5D0020666B0020A857002043
S21401002005020100B10101002DE9F04F0D4614460D
S21401003095B00490112200210FA89946DFF86C8133
S2140100400BF0FAFA04EB45030393D9F800301C2BA6
S21401005002D0039B9C4202D115B0BDE8F08F01236C
S214010060DFF844A18DF81C3023884C4AADF81E30C9
S2140100709AF800304A4D08EB83039B7828788DF870
S214010080203013688DF81D00CDF821305368CDF867
S214010090253024F02CF9049B8DF829002188287836
S2140100A0002B4AD123F0F2FD002844D09AF8003004
S2140100B00FAA38F8230007A922F067FE00283AD0D5
S2140100C023F011FC4FF0000B074606461C255FFA8D
S2140100D08BF2974234D8B7422BD99DF81C30032BAC
S2140100E01AD10FAB0193BDF82130002204210093F1
S2140100F001202C4B06F08EFD9AF8003008EB8303A6
S2140101009978274B187806F001FE9AF800300020FF
S21401011038F8231024F040F85DB107A9304624F0E2
S21401012031FC214B05461B78304638F8231024F065
S2140101302BFCC9F80050023487E723F09EFDB3E795
S21401014010460BA9059224F019FC30B99DF82C1025
S21401015031B9059AB74208BF16460BF1010BB6E74F
S214010160BDF82E00BDF81E209042F6D19DF8300055
S2140101709DF820209042F0D19DF81C208A42ECD1B7
S214010180032A14BF082202220DF121010DF13100CC
S2140101900BF09EFD002808BF0025DEE7145D002059
S2140101A0656B0020F8CF0300666B0020A85700207F
S2140101B013B503460020114A9C6812780190052A5F
S2140101C003D01B78032B00D12CB9012002B0BDE867
S2140101D01040FFF7CBBE6268217801ABFFF724FF22
S2140101E0217A0120E26801ABFFF71EFFFF210448D8
S2140101F002B0BDE8104022F0C1BA00BF666B002015
S214010200903E0020094B1B78052B02D00378032B68
S21401021002D00120FFF7AABE8168054A0B6805488F
S21401022013604B68FF21536022F0A8BA666B00206A
S214010230145D0020903E002038B50024114B124D6D
S2140102401870124BFF211C702C7006F05FFD012206
S214010250032110460E4B06F0DDFC4FF6FF712246D9
S214010260084623F09CFF044648B940F6B832FF2101
S214010270084822F07AFA01232B70204638BDFFF792
S21401028075FEFAE7656B0020135D00201C5D0020FB
S214010290B8000400903E0020144BF0B51A681449CB
S2140102A013680978587988420BD11249D7880846CD
S2140102B00022114D1E792B78D4B2A34203D8052C07
S2140102C00AD10020F0BD0C88BC4202D18C78B44221
S2140102D0F7D001320431EFE7A342F2D120F82270C1
S2140102E0013300EB820086702B70EAE7884300201A
S2140102F0656B0020A85700201C5D0020FF2307B572
S2140103000021044A04480093FEF7D8FF03B05DF8C5
S21401031004FB00BF7DFF0000903E00201FB5B42304
S21401032003210446ADF80E3023F0A7FC98B1212333
S21401033020460093002203210DF10E0323F04CFE0C
S21401034004460020054B064A0649009406F0DCFDEB
S214010350204604B010BD8624F3E700BFA5CD0300F8
S214010360B2CD0300C7CD0300D0E9023253F82230E4
S214010370034A1B78012113700220024AFFF7BEBA16
S2140103807E6B0020D6CD03000122014B1A70704708
S2140103907E6B00200A4B90F805111B7890F8082117
S2140103A019448A42BCBFB2FBF3F103FB11234FF0A1
S2140103B0FF32B8BFDBB202FA03F380F80A317047A6
S2140103C07E6B00202DE9FF410446057F867EDFF81F
S2140103D070806E43237F98F8002013449D4212DB01
S2140103E0607F60B9238B029363690193237C00933A
S2140103F06288A31D217805F095FDFF232370002058
S21401040004B0BDE8F081E37EAB42E9D9A77E228B3A
S214010410F1199142A4BF921BD7B205EB0323E381E6
S2140104203A4633462946204622F0C9FC0028E7D141
S214010430637F3744013301356377BEB2EDB2C9E756
S2140104407E6B002037B5054624F0CAFA0D4B0446EC
S2140104501B6869461B78032B82BF0B4B1B881B1836
S214010460284688BF9CB224F043FB38B9684624F07E
S214010470B9FA18B9044B1B8823449CB2204603B032
S21401048030BD00BFC44200200E6B0020084B1B7815
S214010490FF2B0BD1074B1B78FF2B07D1064B1B7885
S2140104A0022B03D04FF48070FFF720BC704700BFCB
S2140104B0DC660020E03F0020B03E002010B5044678
S2140104C0FF2122F063F9054B9C4202BF0023A4F5ED
S2140104D088742370BDE81040FFF7D8BFC03F0020E6
S2140104E02DE9F0479A462A4B81461B7888461646E0
S2140104F0BDF82050002B49D0FF2D3ED9382528467F
S214010500BDE8F087234B0C223146A01D636184F8B9
S2140105100090A4F802800BF0E1F8A289414642F46B
S214010520004242F040022046A28122F05AFC2A46AE
S214010530514660690BF0D2F841464846A21D258314
S21401054023F0A2FFA0760028D8D00544013DB5FBD4
S214010550F0F0FF28D2DC0023E0762046A383FFF7E5
S21401056031FF054680B923794FF48070B372FFF7E7
S214010570A3FB227C099B1A80C1E7074C2778FF2F33
S214010580C0D040F60345BAE72770F2E70225B6E782
S2140105907E6B00201E5D0020E03F0020B0F9063093
S2140105A010B5002B25DA144C2278237CFF2A02D0C2
S2140105B0827A9A4207D0114C2378FF2B17D0827A81
S2140105C0237C9A4213D169B9637F013BDBB263771F
S2140105D05BB90B4A237F1278204613442377FFF733
S2140105E0F1FE0146204622F00BFCFFF74FFF0120EB
S2140105F010BD0020FCE700BFE03F0020DC660020C5
S2140106007E6B00202DE9F04F9A46B1F9063091B085
S214010610002B0D461746DDF86880049080F229818C
S214010620B8F80030FF2B04D94FF4B871A6482AF069
S214010630D0F8A64B00241A7893F80401B3F80211F7
S214010640002A40F0A5802E7AA14A1278B24240F2E2
S214010650AF800222A3F802711A70AA7AFF2483F8E7
S21401066004210022A3F8084183F80521A3F80621F6
S214010670B8F80020954883F80C21FFF78BFE384622
S214010680FFF7E0FE214600EB4002924822F06DF8AB
S2140106904FF48070FFF710FB8C4C94F80A91B9F177
S2140106A0FF0F20D18A4A94F8053112781344B342D9
S2140106B019DC94F80C1184F80531B4F8063120469B
S2140106C001FB0233A4F80631FFF764FE0122824BD8
S2140106D038461A70FFF7B6FE494600EB400204F5AD
S2140106E0887022F042F894F80531B34260D8DFF8FA
S2140106F0E0B19BF800C00CEB0302964258DA76494B
S21401070094F808210878013A002853D0964205DA71
S214010710B8F8002084F80C2100220A70B6FBFCF918
S21401072001220CFB196994F80A015FFA89F902FAA9
S21401073009F2D1B2024076B92889000A844584F8C4
S214010740080108D92046CDE906210593FFF722FEC8
S214010750DDE90621059B94F80A01014384F80A1194
S21401076082B994F80921B4F806C1013284F8092146
S214010770B8F80020DAF800100CEB0200FF2826DD9E
S2140107800323237094F80831013B9E4230D138E0B0
S214010790AE7A864202D18F4200D11C462E7A002CB8
S2140107A07FF47BAF002A3FF44FAF012A3FF44CAFF2
S2140107B001205FE09642B1DA94F80C1198F8002017
S2140107C09142ABD004F58870FFF778FEF0E794F815
S2140107D00CE1F31A0EFB03C3A01C10FA83F005927A
S2140107E00AF07CFF94F80831059A013B9E4244D0FA
S2140107F0012394F80A2103FA09F3013B1343FF2B63
S21401080004D122462946384622F0ECFA94F80831FB
S21401081094F809219A42CBD19BF80030B2FBF3F150
S21401082003FB112212F0FF0218BF13462278022A98
S21401083026D1264A023410785178012804BF0131A6
S2140108405170012224F8022CEA88B4F8041122F02F
S2140108504002EA8094F809210A44591E94F80A31A4
S21401086013FB01F31344A8F80030CAF80040FFF761
S2140108700DFE002011B0BDE8F08F84F80B21C0E713
S2140108806979002994D0032A92D1B4F8062194F804
S2140108900B1108AE11445A1E94F80C31284613FB6E
S2140108A002F30B4400219BB2A21CA8F80030CAF840
S2140108B00020CDE900710296049907F005FD892113
S2140108C0304623F0DEFD7DE7FDCD0300B03E00207F
S2140108D07E6B0020C03F00201D5D002013B504463E
S2140108E018B101280BD002B010BDFF2301460093BA
S2140108F0064A0748FEF7E2FC064B1C70F3E7FFF7D3
S21401090043FDFF22044B1A70EDE700BFBD04010052
S214010910C03F0020B03E0020E03F002013B501A9F3
S21401092009F04AFE044648B9BDF806309DF8042091
S214010930034906F0E9FA204602B010BD8120FBE724
S21401094094CE030013B5694609F042FE044688B901
S214010950BDF802309DF80020074906F0EFFA204660
S214010960019906F043FA2046044906F0CDFA2046DE
S21401097002B010BD8120FBE7B8CE0300DECE030037
S21401098037B5694609F048FE044618BB9DF80130A4
S2140109909DF80020104906F0D1FA104D9DF801206F
S2140109A0E3B29A4206D800200D4906F0ADFA0020BF
S2140109B003B030BD0198630003F4FF7302220021E7
S2140109C0184423F077FC29460246002006F0B6FAC2
S2140109D00134E3E78120EBE7E0CE03000FCF03000D
S2140109E0B800040013B501A909F0ECFD044648B9A6
S2140109F0BDF806309DF80420034906F085FA204626
S214010A0002B010BD8120FBE719CF030030B50024EA
S214010A100B4D85B06946E0B223F0B0FF50B99DF8A2
S214010A200030032B06D12946BDF805309DF801207C
S214010A3006F06AFA0134202CECD105B030BD00BFB7
S214010A4040CF030008B50020034906F05DFABDE873
S214010A500840FF2000F0DEBA52CF03002DE9F04F28
S214010A6085B006460D46174622F00AFA044640B1FE
S214010A7030463A46294622F0EDF9002005B0BDE899
S214010A80F08F4FF003094FEA15285FFA84FA69469A
S214010A90504623F073FFB8B99DF800B0BBF1000FC4
S214010AA012D1694650468DF800908DF805508DF8A4
S214010AB006808DF8016023F065FF02460028D7D036
S214010AC05846064906F020FA0134202CDDD10020D4
S214010AD0034906F019FA8920D0E700BF67CF030063
S214010AE08ECF03001FB5002304468DF80F3022F089
S214010AF0B2F928B19DF80F3063F07F038DF80F30FF
S214010B00182301930DF10F030022009304214023C3
S214010B10204623F050FA024618B10020024906F09A
S214010B20F3F904B010BD00BFA9CF03001FB502A999
S214010B3009F060FD044688BBBDF80820184906F098
S214010B40FDF92046039906F051F92046154906F0AD
S214010B50DBF94FF6F672BDF80810134C4B1E9BB22C
S214010B60934219D82368039A1B685879FFF776FFD2
S214010B7023681B79012B0BD8BDF808300022CDE97C
S214010B8000030421094B092006F044F823F073FC06
S214010B906FF0FF0004B010BD8720E9E78120F9E778
S214010BA0C8CF0300DECE030088430020DFCF03005A
S214010BB070B504468AB005AD1122002128460AF018
S214010BC03BFD204604A909F009FD044600283AD158
S214010BD01E4EBDF810201E4906F096F932681379AC
S214010BE0012B28D84FF6F670BDF810104B1E9BB29D
S214010BF0834224D81368587922F042F908B333683F
S214010C002A461B68BDF81010587922F022F9BDF863
S214010C10103001220421CDE9004309200D4B029535
S214010C2005F0F8FF23F027FC034620B100200A4A0E
S214010C300A4906F069F96FF0FF000AB070BD872413
S214010C40E5E78B24E3E78120F7E700BF8843002030
S214010C50E2CF0300F7CF0300FBCF030006D003006B
S214010C602DE9F0479AB004A909F0D0FC0446002803
S214010C7040F0B5809DF810205B4906F05FF92546E7
S214010C805A4E9DF81020EBB29A4254D8002058498B
S214010C9006F03AF99DF81050002D40F099802C4648
S214010CA02E46544F06A9F0B223F068FEC8B99DF847
S214010CB01830032B15D13B689DF819201B685B790A
S214010CC09A420ED19DF81D2005F168036B4403F886
S214010CD0402C9DF81E200235013403F83F2CEDB25E
S214010CE0E4B20136202EDDD19DF810300BB1002C78
S214010CF077D00AABCDE90143FF23022204210093FA
S214010D0009203D4B039505F085FF23F0B4FB034610
S214010D1060B19DF81020002A5FD0384A3849002C6F
S214010D2008BF0A460020374906F0EEF86FF0FF00CC
S214010D301AB0BDE8F08705986B0003F4FF73022232
S214010D400021184423F0B6FA31460246002006F088
S214010D50F5F8013595E70598730003F4FF73022251
S214010D600021184423F0A6FA002780465FFA80FA8D
S214010D7006A9F8B223F002FE00BB9DF81830032B3B
S214010D801CD1D9F800309DF819201B685B799A426E
S214010D9014D19DF81D30534510D19DF81E30C8F36F
S214010DA007229A420AD105F168036B4402350134E1
S214010DB003F840AC03F83F2CEDB2E4B20137202F24
S214010DC0D6D101369DF81020F3B29A42C3D88BE7EC
S214010DD00025DFF820902E46F4E7084AA2E7812096
S214010DE0A6E78B20A4E700BF60D003000FCF030067
S214010DF0B8000400884300207FD0030031D00300F0
S214010E004FD0030083D003002DE9F04389B002A937
S214010E1009F0EAFB0446002867D1BDF808203449EA
S214010E2006F072F84FF6F672BDF80850DFF8D49067
S214010E306B1E9BB2934254D8D9F8003029461B68E2
S214010E405F79384622F01CF800284CD026465FFA17
S214010E5086F8404603A923F091FD28B9294638466D
S214010E6003AA21F0FAFF20B90136202EEFD14FF068
S214010E70FF08404623F080FD014658BB112203A817
S214010E800AF0DAFB2946384603AA21F0E3FFD9F82F
S214010E9000301A79012A18D81B68BDF8081058794D
S214010EA023F0C9F9BDF8083003220421CDE9004337
S214010EB00920104B05F0AEFE23F0DDFA034620B103
S214010EC000200D4A0D4906F01FF86FF0FF0009B02B
S214010ED0BDE8F08302460A49002006F015F8012411
S214010EE0D5E78724D3E78B24D1E78120EFE700BF3E
S214010EF0A5D00300DFCF0300E3D0030006D0030034
S214010F00BCD00300884300202DE9F043DFF894802D
S214010F100020D8F8003021491B688BB05E79002587
S214010F2005F0F2FF01275FFA85F9484601A923F08B
S214010F3025FD044690B99DF80430032B0ED19DF88B
S214010F400530B3420AD1484623F016FD0146A0B14A
S214010F5002461349204605F0D7FF27460135202DC6
S214010F60E1D1D8F8003000211B68587923F063F9E5
S214010F7087F001000BB0BDE8F083112205A80AF046
S214010F805BFBBDF809403046214605AA21F062FF09
S214010F902146304623F04FF9E0E700BFF0D00300CA
S214010FA0BCD003008843002037B5694609F028FB0A
S214010FB0044638BBBDF80020134905F0BFFF134DAA
S214010FC02046019905F012FF2046114905F09CFFC5
S214010FD02B681B68587923F03DFA70B14FF6F6720C
S214010FE0BDF800104B1E9BB2934209D82B68019A9C
S214010FF01B685879FFF732FD0446204603B030BD22
S2140110008724FAE78120F9E704D10300884300200A
S214011010DECE03007FB505460024E6B269463046BB
S21401102023F0ACFCA8B99DF80030032B11D19DF834
S2140110300130AB4204D0FF2D0BD19DF80D3043B9E2
S214011040304623F099FC024618B10020034905F00A
S2140110505BFF0134202CE0D104B070BDBCD003008E
S214011060034B1B681878012808BF0220704700BF91
S214011070C4420020D0E9023253F822301A78024BDB
S2140110801A7000F0E7BA00BF1D5E002070B5D0E907
S21401109002456B1EDBB254F8230003221B490AF0FB
S2140110A017FE54F8253004EB8504197863681A781E
S2140110B0A2F10B030F2B05D915490020BDE870409E
S2140110C005F022BF01290FD1124C9140236840B987
S2140110D00B43114A23600020BDE870400F4905F01C
S2140110E013BF23EA0103F4E702290CD101230C49BB
S2140110F003FA02F20B6818B913430A4A0B60EAE7CF
S21401110023EA0203F9E70A460749D6E728D103008E
S2140111102CD103000067002042D103004AD103000E
S214011120FC6600205DD1030067D1030007B5D0E956
S214011130023103EB810253F821300B491B785268C8
S214011140012B0A4B08BF0B4612684FF000001A60CD
S2140111500092074A074B084918BF1346074A05F08D
S214011160D3FE03B05DF804FB00670020FC66002098
S21401117082D103007AD103008CD10300A05304006E
S21401118038B5254A254B264C0020264905F0BCFEDD
S2140111900020254905F0B8FE22682449002005F004
S2140111A0CDFE2068224C234D05F088FE2146002006
S2140111B005F0AAFE2A682049002005F0BFFE28682F
S2140111C005F07CFE2146002005F09EFE1B4B1C49C7
S2140111D01A781C4B002053F8223005F095FE00F0DB
S2140111E00DF919490246002005F08EFE174B002026
S2140111F01A78174905F088FE164B17491A78002009
S21401120005F082FE04F0C6F9BDE8384002461349EF
S214011210002005F079BE00BFA0530400A6D103004C
S21401122000670020ADD10300B5D10300C3D1030090
S21401123026B80300FC660020D4D103004B5E0020D4
S214011240E5D1030004670020F8D10300305E0020DA
S2140112500CD203002F5E00201ED2030030D2030002
S21401126007B500F071F8054B0090054A00200549C6
S21401127005F04AFE03B05DF804FB00BF46D203004A
S214011280A0530400C7CD0300F8B504460B4F0C4E1F
S2140112900C4D00200C4A0D4905F036FE20463B78E1
S2140112A029783278F4F762FF00233B7033702B7095
S2140112B0FF21BDE8F840064821F068BA4B5E0020E1
S2140112C02F5E0020305E0020A05304004BD20300A6
S2140112D00040002037B51248FF2121F057FA114B84
S2140112E0187810F0100505D0002003B0BDE8304096
S2140112F003F01CBF0121B42004F0C6FA04460A4BD1
S2140113000A4A0B490090284605F0FEFD2046FFF7E5
S214011310BBFF4FF4806003B0BDE83040FEF7E6BC8B
S214011320004000204B5E002062D20300A053040060
S214011330C7CD03000021024A0248FDF7F5BF00BFF2
S214011340D51201000040002008B5054B1B7823B1DB
S2140113501720FFF799FF002008BD0220FCE700BF19
S2140113604B5E002010B550B1054B00F1100250F84D
S214011370044B904243F8044BF9D1024B197010BD4F
S214011380315E0020415E002037B5174D04462B78AC
S214011390DB0626D50090154B0020154A154905F0A9
S2140113A0B3FD1E2C0BD0652C09D0032C19D00020C0
S2140113B023F05CFB40F61C40FFF766FF0DE023F0D0
S2140113C07DFB4FF4FA63B0FBF3F202FB1300C21885
S2140113D0FF21094892B221F0C8F92B7823F01003B7
S2140113E02B7003B030BD00BF4B5E00207BD20300E4
S2140113F0A0530400C7CD030000400020014B18791C
S214011400704700BFBC57002070B54C4E8EB0337885
S21401141003F0FB02A3F10905022AEDB258D0042B12
S21401142041F6041257D0A3F108014B424B415B0031
S21401143013434348ADF80C3021F052FD48B9414BF7
S2140114403F4A03F1100153F8040B8B4242F8040B98
S214011450F9D13D4B1B78002B3FD03C4B0DF10E02D2
S21401146003F1100153F8040B8B4242F8040BF9D137
S21401147003A823F01BFB2328044610D1012D49D8CD
S2140114800020334A334905F03FFDBDF80C3003A870
S21401149023F40053ADF80C3023F008FB0446002C6F
S2140114A041D14FF40C7023F0FFFA044600283AD1DC
S2140114B003F0FAFE012D36D8274A01AB10685168B1
S2140114C003C3264901A823F04DFB78B319242AE06B
S2140114D043F60412A7E70223AAE73378042B0DD0BC
S2140114E0082B0BD01E4B0DF10E0203F1100153F821
S2140114F0040B8B4242F8040BF9D1B9E7104A0DF1FF
S2140115000E0302F1100152F8040B8A4243F8040B51
S214011510F9D1ADE7337803F0FB03022B03D10020AA
S214011520104905F0F1FC20460EB070BD044901A833
S21401153023F018FB04460028C8D1F4E74B5E0020D0
S2140115401F5E002048D30300415E0020315E00206C
S214011550A05304009FD2030059D303009053040004
S21401156062D30300FAD2030070B5002686B00446A3
S214011570252023F081FA1622002116480AF05CF88D
S214011580154B1E60154B1878FFF76AFD022814BF2D
S2140115900123042303208DF8083023F0BBFA04232B
S2140115A08DF810300E4B02A80593039403F030FD1E
S2140115B005460C4B0C4A19680C4B3046A14208BF35
S2140115C0134600940A4A0B4905F09EFC284606B0CD
S2140115D070BD00BFBC570020204000204B5E00209D
S2140115E0C9180100006700207AD1030082D10300E8
S2140115F0A053040073D3030008B5134A1378042BD1
S21401160009BF124B01331B78C3F10603DBB213701B
S21401161003F0FD02092A04D11720FFF735FE172033
S21401162008BD0A4A1278002A14BF052206229A42E9
S21401163007D1074B18680028EED0FFF795FF4D201D
S214011640EEE70020ECE700BF4B5E0020415E002085
S214011650FC66002073B51E4C1E4E23683268134389
S21401166034D01D4B1B6853B31C4D2B783BBB03F08A
S21401167091FFF8B94FF48060FEF71EFB184B246803
S2140116801B7894B1C3F102032B7003F047FD20468B
S214011690FFF76AFF04460020124B134A13490094D1
S2140116A005F032FC204602B070BDC3F10603346873
S2140116B02B70EAE70121B42004F0E6F8EAE70020FF
S2140116C0094A0B4905F020FC0224E4E70224E9E775
S2140116D000670020FC660020C44200204B5E00200C
S2140116E0415E0020BBD30300A0530400C7CD030016
S2140116F0A1D303002DE9F347384D394E00202A794E
S2140117002B88384905F000FC3268287922FA00F067
S21401171010F0010002D1344905F0F6FB334F3C7856
S2140117203CB10822324933480AF0D2FA041E18BFE7
S2140117300124DFF8DC80DFF8A490DFF8B4A014E021
S21401174098F8000049460130C0B288F8000023F03E
S21401175085F9002835D13C783CB108225146254808
S2140117600AF0B6FA041E18BF01242A793368D3405A
S214011770DB07E5D5002CE3D100922B881E4A1F49D2
S214011780204605F0C1FB1E4B1878FFF769FC0123C4
S2140117900322124923F068F91A4A054613780133E1
S2140117A0137010B902B0BDE8F08720462B46124AE6
S2140117B0154905F0A9FB284602B0BDE8F047FFF73A
S2140117C063BD0020114905F09FFBFFF715FF0028B8
S2140117D0E8D102B0BDE8F04700F01CB8BC570020C5
S2140117E020400020C1D30300F2D303004A5E00204C
S2140117F0425E0020CA570020A0530400C1D4030053
S2140118004B5E00202F5E002062D403008BD40300C1
S2140118101E5E00202DE9F041214C224D2378002048
S21401182055F82330204A214905F06EFBFFF7ECFD01
S21401183003461D4E1E4FDFF874802BB92378042B08
S21401184015D8B3B91B4B15E032463946002005F0D2
S2140118505BFBFFF7D1FE00BB2378324655F82330F9
S214011860414605F051FBFFF7CFFD0346E5E7092B9F
S214011870E8D1114B00201B68104A11491360114B27
S214011880187023F0EBF820B1BDE8F0410120FFF716
S214011890FBBCBDE8F041FFF72DBFBDE8F08100BFFE
S2140118A04B5E002004670020A0530400E1D403002F
S2140118B0EED40300FC6600200067002020400020D4
S2140118C0BC5700201E5E002070B51C4C23789BB3CD
S2140118D0838913F4407F2FD0056835B12A46BDE8C9
S2140118E070400020164905F00FBB23F0B5F8154EE1
S2140118F003463070144A2846144905F005FB337830
S2140119001BB1BDE87040FFF785BF2378082B0CD8C4
S214011910042B0CD80E4B1B78C3F1060323700D4B1A
S214011920BDE870401868FFF71FBE0A2BF2D1BDE86C
S21401193070401820FFF7A8BC70BD00BF4B5E0020AA
S21401194019D50300305E0020A053040046D50300DD
S214011950415E0020FC66002030B5464D0346044635
S214011960454A0020454987B005F0CEFA2B782BBBB7
S21401197001A823F0F9F8022301A88DF8043023F01A
S214011980E1F8B0B93E4901A823F0DEF888B1152C7C
S2140119900FD123F093F847F23153B0FBF3F202FB79
S2140119A0130000F51C50103080B203F0BFFB07B0E7
S2140119B030BD162CFBD103F0F3FBF8E7152C2AD12A
S2140119C000202D4A2F4905F09FFA2B78042B11D0C1
S2140119D0082B0FD02C4B1B78DA070BD401A823F069
S2140119E05FF818B9BDF804309B0703D42B7843F091
S2140119F010032B7023F062F84FF4FA63B0FBF3F296
S214011A00FF2102FB1300C218204892B207B0BDE8BE
S214011A10304020F0AABE23F083F804460028C6D141
S214011A202B78013B092B1ED8134A194905F06CFA8D
S214011A30184A194913780133D8B2107023F00EF8FA
S214011A4060B12046154905F05FFAFFF7D5FD00287D
S214011A50ADD107B0BDE83040FFF7DCBE07B0BDE84A
S214011A603040FFF747BE40F61C4007B0BDE83040A7
S214011A70FFF70ABC4B5E0020A05304006AD50300A2
S214011A809053040081D503001D5E00200040002015
S214011A9094D503001E5E0020BC5700208BD40300A3
S214011AA02DE9F0410B4686B004460E4617463A49E4
S214011AB00246002005F028FA4FF000080123CDE980
S214011AC001380DF1160300934246402306212046B5
S214011AD022F0A6FA054640B102463049404605F0D6
S214011AE013FA284606B0BDE8F0819DF816202AB9FB
S214011AF036B900202A4905F007FAF2E7012EF8D098
S214011B0082F00103002027498DF8173005F0FCF913
S214011B109DF817300DF1170633B310230022CDE9D7
S214011B20006306214023204622F045FA064630B1DE
S214011B30324600201C4905F0E7F93546D1E74FB992
S214011B400821204622F099F820B120469DF817106A
S214011B5022F072FB0521204622F08FF80028C0D023
S214011B60204622F066FBBCE74FB90821204622F04A
S214011B7084F820B120469DF8171022F05DFB102353
S214011B800022CDE9006306214023204622F013FA05
S214011B9006460028DED0CBE7C3D70300DFD7030015
S214011BA0F8D7030018D8030038D80300002208B578
S214011BB0034B11461B681B685879FFF771FF08BD78
S214011BC08843002008B5044B00221B6801211B68CE
S214011BD05879FFF765FF08BD8843002008B5044B18
S214011BE000221B6802211B685879FFF759FF08BDC0
S214011BF08843002010B50123002488B001A88DF881
S214011C000430CDE90244F5F7E3FC20469DF80420B4
S214011C10124905F079F92046039A114905F074F93D
S214011C202046029A0F4905F06FF910220E4B0DEB74
S214011C300201188840F0604040F48010FBF744F938
S214011C4020460A4905F07AF904A822F075FB2046D9
S214011C50074905F059F908B010BD00BF51D8030077
S214011C6070D803008FD8030050530400AED8030089
S214011C70B800040008B521F064F90020024905F017
S214011C8043F9012008BD00BFCBD803000023054A55
S214011C908360C360044BC0E9002311B14FF6FF73A4
S214011CA00B807047491043AA1730021110B504463D
S214011CB060B10020064905F027F9052C06D002F090
S214011CC0CBF904490246002005F01EF9012010BD9B
S214011CD0DFD80300F0D8030037B500216A4601AB10
S214011CE0054621F0EFF9044668B100220F49104677
S214011CF005F00AF902F0B0F90D490246002005F098
S214011D0003F903B030BD0B4905F0FEF8012020F0C1
S214011D102EF901F099FF431C02D007F09DFFF0E772
S214011D2021462846FFF7A6FFEBE700BF19D90300B7
S214011D30F0D8030061D9030038B5054601F084FFE9
S214011D40044622F042FA4DB100200E4905F0DCF8B7
S214011D50631C14BF2046002007F040FF21F0FFF867
S214011D600228044605D0012805D10020064905F0C1
S214011D70CBF8204638BD0020044905F0C5F80024FC
S214011D80F7E700BF7ED9030098D90300B1D9030055
S214011D9008B50020034A044905F0B6F8BDE8084036
S214011DA000F050BD5BE90300CAD9030008B5002066
S214011DB0034A044905F0A8F8BDE8084001F0CAB98D
S214011DC0E9D90300CAD903001FB5D0E9023253F896
S214011DD0223068461C78214601F0D0FB684601F0A7
S214011DE073FC28B92246044905F08EF804B010BDEC
S214011DF06846FFF771FFF9E7EFD9030000200149B4
S214011E0005F082B80BDA03007FB50DF1060102A8D2
S214011E10FFF73CFF0020264905F076F80020BDF8C4
S214011E200820244905F070F80020BDF80A20224950
S214011E3005F06AF8039A0020204905F065F80020AD
S214011E401F4905F07BF84FF6FF73BDF806209A424E
S214011E5029D000201B4905F057F800201A4A1B49D3
S214011E6005F052F800201A4A1A4905F04DF80022EA
S214011E701949104605F048F80020154A174905F09B
S214011E8043F80A220020164905F03EF80A220020EF
S214011E90144905F039F80A220020134905F034F8F0
S214011EA007B05DF804FB0020104905F02DF8D4E7D3
S214011EB01ADA030032DA03004BDA030064DA0300AD
S214011EC07DDA030088D80300E093040093DA030068
S214011ED0C0270900B2DA0300D1DA0300F0DA030002
S214011EE00FDB03002EDB03004CDB030090DA03005C
S214011EF008B50020034905F007F8BDE808400120B1
S214011F0001F0FAB96ADB030008B50020034904F0C2
S214011F10FBFFBDE80840002001F0EEB983DB0300BB
S214011F2030B5104B104D1B5C85B08DF80F302B78FB
S214011F300446834206D00D4B0D4953F8202000205D
S214011F4004F0E2FF30232C700A4801930DF10F03D1
S214011F500093062280231921007822F02CF805B080
S214011F6030BD00BFB7530400535E0020C4530400C5
S214011F709BDB0300686B00201FB5232303900193AE
S214011F80064803AB0093012280231921007822F032
S214011F9012F8039805B05DF804FB00BF686B0020DB
S214011FA073B5164D04462B78154ECBB120F0F8FFCD
S214011FB0012815D0346040F6B244124B1B78072B2B
S214011FC017D02D78C5B920F0EBFF031E18BF0123EB
S214011FD00D48009522461921007821F070FB03E098
S214011FE000233360002CE8D1201E18BF012002B068
S214011FF070BD02250123EBE70025FBE7505E0020BC
S21401200024400020535E0020686B002008B5044879
S214012010FFF7C6FFBDE808400220FFF781BF00BFFB
S214012020C027090010B5064C208822F006F9608802
S21401203022F003F96068BDE8104022F00DB900BF38
S214012040284000207FB523238DF813300DF11303AC
S214012050029304230648019305AB009301228023D3
S2140120601921007821F0DCFF059807B05DF804FB24
S214012070686B00202DE9F047DFF84C91044699F88B
S214012080000090460F4621F0DAFD0B2899F8002053
S21401209005D9BDE8F04700203F4904F035BF0026CA
S2140120A03E4B3F4D1E803F4BDFF820A103EB001354
S2140120B05B8801202B802A7104F04EFE05F0F6FEA7
S2140120C004F04AFE204604F047FE0123042C8AF859
S2140120D000300BD8022C45D89C4216D02346BDE8CA
S2140120E0F0470020304A314904F00EBF062CF5D1E6
S2140120F030462F4904F008FF384604F02DFEFFF75E
S21401210091FF97B18AF800600FE04FF6FF76294FEE
S2140121103888801B18BF012004F01EFEFFF782FFDF
S2140121203888B04201D022F088F819236B8099F8DC
S214012130003000202B71204B1B786B71EB8843F02D
S2140121404003EB801D4B198822F026F8034620B188
S214012150224600201A4904F0D7FE4046BDE8F04763
S214012160FFF71EBF304604F0F7FDFFF75BFFFFF7F2
S21401217069FF22F071F8134B1B78002B0CBF3F2030
S214012180202004F0E9FD042CCFD14FF4806022F02A
S21401219054F83220C7E700BFAEDB0300E05700204B
S2140121A0E4570020F841002068C90300FADB030069
S2140121B0DDDB0300D4570020676B0020086B00208E
S2140121C013DC03004F5E0020686B0020505E002089
S2140121D038B5044605200D46FFF7A2FE184B1A88AF
S2140121E04FF6FD739A4207D10020164904F08CFE83
S2140121F0BDE83840FFF70ABF65B1134A13780133CB
S214012200DBB2092B137014D90A2200200F4904F0FF
S2140122107BFEEDE7012C0ED10B4B1D700C490D48D2
S214012220FFF734FDBDE83840002101200A4AFFF7D8
S21401223021BF012CF2D0BDE838400748FFF7B0BEF9
S214012240086B00204DDC0300525E002078DC0300A2
S214012250D457002028400020E093040008B5064922
S214012260002004F051FE0548FFF736FDBDE80840A2
S21401227000210846FFF7ACBFBCDC03002840002065
S214012280814237B50346154608D2002000910F4A11
S2140122900F4904F039FE002003B030BD0C1A224667
S2140122A000200C4904F030FE40F6BB5322460020C5
S2140122B0094904F029FE4FF47A735C43074B012069
S2140122C09C4294BF2C602B60E6E700BF68C9030000
S2140122D0CDDC03000ADD030025DD030080EE3600B9
S2140122E010B504460820FFF71BFE0D4B3CB91C70C9
S2140122F00021BDE8104006200A4AFFF7BBBE1B7846
S214012300092BF5D90A220020074904F0FDFD00201B
S214012310064904F0F9FDBDE81040FFF79FBF00BF76
S214012320525E0020C027090051DD030092DD030044
S21401233073B51F4D2C7834B100201E4902B0BDE89C
S214012340704004F0E1BD0220FFF7EAFDFF221A4EBD
S2140123501A4B30781A7021F072FC0B2807D92046E8
S2140123603278174902B0BDE8704004F0CDBD154B78
S2140123701549009301EB0011012319224FF6FD7058
S214012380498805F037FA70B12046104904F0BCFDC3
S21401239000220F4B0F481C700F4B1A7002B0BDE89D
S2140123A07040FFF7FDBD01240C492C70EEE700BF1D
S2140123B0515E0020A3DD0300686B0020676B0020E0
S2140123C0AEDB0300C1260100F8410020E4DD030076
S2140123D0505E0020C0270900525E00200ADE03007E
S2140123E038B5144D04462B78052B21D91249FFF731
S2140123F05DFC24B918B9114904F086FD0424104B7C
S214012400195D21B9BDE838400846FFF769BF032CBE
S21401241006D02B78052B03D006200A4AFFF72AFEA2
S2140124200021094B08461970BDE83840FFF7D0BEB9
S21401243038BD00BF535E0020284000202CDE03007C
S214012440AD530400C0270900505E002030B5044695
S21401245089B00720FFF764FD052C0AD100222A4B1C
S21401246003A91A7002A804AA01F0FEFD30B10220E9
S21401247045E09CB90122244B1A700224224D28788B
S21401248078B1421E504221495041FFF755FC0223C4
S21401249004462B70022C0ED10A200FE0022CE6D146
S2140124A0EBE7631F5A424FF0050018495A4120F0E6
S2140124B07EFD0446EEE7032C04D10020FFF770FDF5
S2140124C009B030BD062C06D10020114904F01CFDD0
S2140124D001232B70E0E70F4A0F4B2878002C18BF1A
S2140124E013460E490E4A0094002808BF0A460020EB
S2140124F00C4904F009FD201E18BF0120400009B058
S214012500BDE83040FFF76CBF4E5E0020284000203B
S21401251067DE030060DE030059DE030048DE0300C9
S21401252052DE0300A2DE030013B51F4C0620FFF7A0
S214012530F7FC2278092A09D900201C4904F0E4FC9A
S214012540042002B0BDE81040FFF74ABF184B1B78C5
S2140125502BB300201FF02FFD20F022FD68B9FFF7F6
S21401256071FD144B196820F012FD0246042000216B
S21401257002B0BDE81040FFF77DBD01A820F00EFDBA
S214012580FF2809D14FF4FA6023780133237002B093
S214012590BDE81040FFF704BD0198FFF7EDFC4FF4CE
S2140125A0FA620320E3E700BF525E0020BDDE0300AF
S2140125B04F5E002038400020F023F0B589B0CDE909
S2140125C0000334488023002219210078324E334F0D
S2140125D021F0F1FC0020324904F096FC32463946DF
S2140125E003A801F041FD032804462E4D1CD1062602
S2140125F0039A2D49002004F087FC0398FFF7BCFCE2
S2140126000020396800F0ACFE2E7001F09FF9002220
S2140126100446264B30461A70FFF782FC84BB09B08D
S214012620BDE8F040FFF780BF28BB7268204904F080
S2140126306BFC214604A8FFF729FB059B72689342B1
S2140126400BD020461B4904F05FFC072305202B70A6
S21401265009B0BDE8F040FFF7F9BE1A462046164914
S21401266004F052FC0523002101202B7009B0BDE8BF
S214012670F040FFF7ADBD0020104904F045FCF1E73E
S214012680042C05D0042009B0BDE8F040FFF7A8BE31
S21401269009B0F0BD686B00202840002038400020BB
S2140126A0F5DE0300535E002026DF0300525E0020A5
S2140126B061DF03009ADF0300EEDF03002AE0030078
S2140126C0F7B50446876800202378364D012B28701D
S2140126D004D0354B3549187004F016FC26785EBBDD
S2140126E0334B1B78FF2B04D103B0BDE8F040FFF756
S2140126F08DBC304B1B78032B11D82F4C0320FFF7D2
S2140127000FFC6946208822F0F3F9002843D02B49B4
S214012710208805F0EDF820B12E70FFF777FC03B0A6
S214012720F0BD0124204B26491C7004F0EDFB03206C
S214012730FFF7F6FB2C70F2E7012E25D13B78002B34
S214012740EDD01B4D2B78FF2BE9D1A68802F04AFF6E
S214012750864206D100201B4903B0BDE8F04004F0D4
S214012760D3BB194BA2881B783BB132B11749002065
S21401277003B0BDE8F04004F0C7BB7B6814491B7882
S2140127802B700D4B1A80F2E7032E08D108226846FB
S214012790A16808F0A3FF6846FFF70EFFBFE7002316
S2140127A02B70A1E7505E0020515E002045E003003B
S2140127B0676B0020535E0020086B0020C1260100D5
S2140127C00ADE030065E003004D5E00208BE0030097
S2140127D0B6E003007FB5094B1A78FF2A0AD11870B4
S2140127E001F088FB0022064B0DF1060102A81A80B3
S2140127F0FFF74CFA07B05DF804FB00BF686B0020DA
S214012800D2570020152838B517D10C4B1D78A5B91D
S21401281022F054F9C4B2012C38BF01240120FFF77D
S2140128207FFB28462246064904F06EFB4FF47A7079
S2140128306043BDE83840FFF7B3BB38BD535E0020A8
S214012840D3E00300034B1B78022B01D8FFF770BDC2
S214012850704700BF535E002070B5284C20F09BFBEC
S2140128602578274EBDB10020264904F04DFB264AA7
S214012870137801331370002323703378062B0AD1A3
S214012880BDE87040214B1868B0F5FA6F38BF4FF4B9
S214012890FA60FFF785BB3378013B082B2CD8DFE8BD
S2140128A003F005090D2B13191D222700BDE8704002
S2140128B0FFF7C8BFBDE87040FFF73ABD002323709D
S2140128C0BDE87040FFF7A2BB2946BDE87040012075
S2140128D0FFF77EBCBDE87040FFF726BE0220BDE8CC
S2140128E07040FFF7B3BD0120BDE87040FFF7F8BCAC
S2140128F0BDE87040FFF7B2BC70BD00BF505E00205F
S214012900535E002002E10300525E002024400020B6
S21401291010B90520FFF764BD034B1B78062B01D1C8
S214012920FFF79ABF704700BF535E00202DE9F047BE
S2140129308E68054633189A780C46092A8EB008D94F
S2140129400020A34904F0E0FA852420460EB0BDE835
S214012950F08750B98B899F49895C8B4205D20091DB
S2140129609D4904F0D1FA8024EFE79C4BE7881B8849
S2140129709F4236D09A490978012932D932B13A466E
S2140129800020984904F0C0FA7E24DEE7964B1A70C0
S214012990934B26791B78052B03D0012B3AD8FFF7EA
S2140129A051FF5EB93146204621F06BFD03460028F3
S2140129B051D030468D4A8E4904F0A6FAD4F80880E4
S2140129C0A48998F8037098F80450002E4CD130462C
S2140129D0884A894904F098FA00210120FFF7F8FB9C
S2140129E04FE00021804B1970072A00F28A8301A369
S2140129F053F822F0912901003F2B01003F2B0100E3
S214012A00512D0100512D0100512D0100E72F01002C
S214012A10E72F0100022B17D102F0E4FD8742B3D065
S214012A200020764A764904F06FFAFFF781FC46BB30
S214012A303146204621F025FD034610B36B4A6C490A
S214012A40002004F061FA1CE06E4A00206E4904F092
S214012A505BFA012479E7A3681B78DA06AED432461E
S214012A606A4904F051FAA9E700210AA8FFF70EF90E
S214012A70032F08D95F4B664A66490097002004F089
S214012A8043FA002461E76B1E632B04D9594B604A55
S214012A9061490095F2E7614BE4B2DB5D9C4209D0E7
S214012AA0CDE901430020534B594A5D49009704F094
S214012AB02BFAE6E757B3A4B222460521404621F099
S214012AC0F9FBBDF82830834203D04A4B554A564994
S214012AD0B6E7012F1AD022460721404621F0EAFB2D
S214012AE0BDF82A30834203D0424B4E4A4F49A7E7EE
S214012AF0032F0BD122460921404621F0D8FB0B9B20
S214012B00984203D13B4B474A494999E7642D3FF424
S214012B1063AF21F0D3FF6423C0B2B0FBF3F203FB33
S214012B2012030133DBB29D42BFF456AFCDE9005329
S214012B300020304B3B4A3F4904F0E6F9A1E7284B19
S214012B401B78052B01D03C4A7FE7EB1CDBB2277BC9
S214012B50F45C44B123460020374A384904F0D4F9DE
S214012B6000210C460BE00F2F0DD8102320463449C8
S214012B700093314A3B4604F0C7F980240121002026
S214012B80FFF726FBE1E60435EDB220462A4A2D4939
S214012B9004F0BAF97A1B7119D2B206A820F00EFA1F
S214012BA005443A46E9B2304621F081FB264D069AA5
S214012BB02B68264F9A42386001D100284AD1244911
S214012BC000201D4A04F0A0F985240121D7E700BFA3
S214012BD01FE10300F053040037E10300086B0020F7
S214012BE0535E002066E10300505E0020DCE1030036
S214012BF0E4E103006CE2030081E20300AAE10300C2
S214012C00B7E103000CE2030019E2030036E2030019
S214012C1096E203009EE20300B8E20300B353040009
S214012C20D6E203002BE7030010E303003AE30300B8
S214012C3062E3030089E30300BDE30300D7E3030077
S214012C4006E403001DE4030028400020384000206D
S214012C5046E4030000F08EFF3E68B0420AD200F060
S214012C6089FF9D4903463246204604F04DF98924E2
S214012C70012184E7079A6B689A4205D12046974A54
S214012C80974904F041F96BE79649097859B19A4298
S214012C9009D22046944904F037F996210620934A32
S214012CA0FFF7E8F95CE7924A924905A801F0DCF9DA
S214012CB0079E48B96A68964206D88F4904F024F9F7
S214012CC00520FFF7C3FB40E6324600208B4904F09F
S214012CD01BF939680027002000F042FB00206E60D7
S214012CE0FFF74AF9864B06201F80FFF719F9854B37
S214012CF01F7001F0B1F90646F8B94FF6FF73824A24
S214012D000AA81188994214BF13463B466A88298847
S214012D1001F012F90AA800F0D7FC58B10AA801F090
S214012D20DDF938B13046794904F0EEF80420FFF7B2
S214012D3057FB0AE6FFF7F8FB07E6042805D1744BB4
S214012D401921187820F0D2FCFFE538467149EBE7E7
S214012D50714B1B78062B01D0704A76E6DFF8A0A1EE
S214012D60EB1C94F80C90BAF80080DBB22EB9304612
S214012D706B4904F0C9F88724E7E5F75C2C1D972F0B
S214012D80E4B22FD025D8812F71D0952F67D017BBED
S214012D90B9F1100F7FF6E7AD31194A460AA820F0BF
S214012DA00DF90444E4B221464A46304621F07FFA42
S214012DB0231DDBB2053416F803A0E4B2A9EB040325
S214012DC05345054666DA009338465346534A5549F5
S214012DD0C7E5982F43D03B460020504A524904F09D
S214012DE093F8C8E7B9F10A0F7FF6BDAD1FFA89F768
S214012DF021463A46304621F05AFA05F108010446C2
S214012E003A46C9B2304621F052FA0AAA014620468D
S214012E10FFF736FA08B9454B0A93B9F10C0F12D9E8
S214012E2005F10C013A46C9B23046DDF8288021F09A
S214012E3041FA044602463E49002004F065F8AAF825
S214012E40004044440A940A9C3A492246002004F071
S214012E505BF82046FFF7A4F820F0A8F811E63649FB
S214012E60002004F051F80320FFF7BAFA09E6334CC4
S214012E7023786BB120F08DF850B10020304904F072
S214012E8043F80023237020F091F8FFF74DFBF8E597
S214012E902C49E5E7DFF8A49099F8003043B9FFF72D
S214012EA0D1F88542034607D01C4A27490095E5E537
S214012EB020F076F80128F2D110220D480AA908F070
S214012EC007FF10B9BAF13F0F42D9144A1F49002033
S214012ED004F01AF84FE700BF65E40300BDE3030002
S214012EE09DE403004C5E0020D2E40300C0270900E5
S214012EF0284000203840002061DF030013E503006E
S214012F00D2570020525E0020D457002035E503003A
S214012F10686B002054E50300535E00207AE5030049
S214012F208FE50300BCE603009EE60300E093040081
S214012F30CAE50300F5E5030014E603004F5E002032
S214012F4030E603006FE60300F8E6030034E703000B
S214012F506D4B187099F800304BB120F01AF830B16B
S214012F60284620F019F8042807463FF48AAD514652
S214012F702846321920F053F928B10020634903F09E
S214012F80C3FF042070E799F80030554463B120F080
S214012F9000F848B1FF2FF4D0012F3FF472AD032F94
S214012FA016D120F001F805462846FEF7E5FF04464F
S214012FB002460521564820F028F8564B1B689C42CD
S214012FC00AD3204620F026F90520FFF73FFA58E5F8
S214012FD01FF0E8FF8046E7E74046FEF7E1FF0028DE
S214012FE07FF44FAD51E74C4B1B7803F0FD03082BE4
S214012FF001D04A4A29E5A48935B1F27822B10020E8
S214013000474903F081FF2EE7E4B22246F11C0AA8E5
S2140130101FF0D4FF434BBDF828201988054691427E
S2140130200DD04FF6FF718A4209D03C4A00203E4B34
S2140130303E4903F083FFBDF828203D4947E7BDF828
S2140130402A20598891420CD04FF6FF718A4208D047
S214013050324A0020374B354903F070FFBDF82A206D
S214013060EBE70B9A5B689A420AD0013208D02B4AEA
S2140130702E490020304B03F061FF0B9A2F4926E7BB
S214013080A4B2E91C2246C9B2304621F010F9E91D66
S214013090C9B207462246304621F009F9431C0146CB
S2140130A006D10820FEF73CFF2548FEF779FFE8E445
S2140130B0384606AAFFF7E4F8A8B9214B0693214B38
S2140130C000221978204B18781FF054FF069C2046E2
S2140130D0FEF766FF224600201C4903F015FF092073
S2140130E0FEF71EFFCDE440F6B733069A9A42E6D8BD
S2140130F040F6B8320020164903F006FF40F6B83312
S214013100DCE7812421E400BF525E002067E703006C
S2140131108AE7030038400020535E002093E703004F
S214013120A8E70300284000202AE30300CFE70300B6
S21401313088D8030054E30300EAE70300E7EF03003F
S21401314080EE3600676B0020686B002022E80300E3
S214013150F7E7030008B50420FFF742F90020FEF761
S214013160DFFE0023054A19211370054A1370054B2B
S2140131701878BDE8084020F0B9BA00BF505E0020BC
S214013180515E0020686B002010B5164B164C1A785D
S214013190164B002053F82220154903F0B5FE21787E
S2140131A0144B154A0020002918BF1A46134903F08C
S2140131B0ABFE23782BB1124B00201A68114903F09D
S2140131C0A3FEFEF73FFF0446FEF73CFF0E4B1968D1
S2140131D01FF00EFF2246BDE8104003460B490020B3
S2140131E003F092BE535E0020505E0020C4530400DC
S2140131F03EE8030014EF0300F5EE03004BE803007E
S2140132002440002065E80300384000207EE80300E3
S21401321038B5014604460020FFF788FB054698B1FD
S214013220E37C00200A4A0B4903F06EFE2379042B47
S2140132300AD02946204621F024F9034620B1002071
S214013240054A064903F060FE6FF0FF0038BD00BF77
S21401325068C90300A6E80300DCE10300E4E103001B
S21401326010B51346094A127882420DD163B1084A55
S214013270002014680A46074903F046FE2146BDE8C9
S21401328010400120FFF752BB10BD00BF686B002045
S21401329088430020C8E8030010B50D4B1C782CB1FC
S2140132A0BDE8104000200B4903F02EBE6420FEF757
S2140132B063FE4FF6F0716FF00F02074B0320C3E970
S2140132C0001222462146BDE81040FEF7D3BE00BFDD
S2140132D0535E002001E9030028400020014B1870CE
S2140132E0704700BF4F5E002000210620014AFEF70E
S2140132F0C1BE00BFC0270900014B1870704700BF50
S2140133004C5E0020114B2DE9F04107460D4618682A
S2140133100F49101A09681FF06BFEDFF840800D4E4A
S21401332098F800400346FF2C307004D0A8420AD318
S2140133302C44A04207DB3A460020074903F0E4FD8F
S214013340337888F800303078BDE8F08140400020BE
S2140133503C400020545E00202FEA0300696B0020E9
S21401336050EA010208D0FF22054B091A1A70054BD4
S2140133701860054B1960704711461046FFF7C2BF2B
S214013380696B0020404000203C4000202DE9F04FB2
S214013390AFB006AD284600F0FDFD0026624FDFF80F
S2140133A0D091284600F090F9044648B900F0BEFDD9
S2140133B05E490246204603F0A7FD2FB0BDE8F08F18
S2140133C039460020F2B203F09FFD284616A900F008
S2140133D0FFFD044620B15649002003F095FD8FE01D
S2140133E0BDF85820534903F08FFD49462046BDF8E5
S2140133F05A2003F089FD2046BDF85C204E4903F0B3
S21401340083FD2046BDF85E204C4903F07DFD204635
S214013410BDF860204A4903F077FD2046199A4949CC
S21401342003F072FD2046BDF86820474903F06CFDA5
S214013430204646490DF16A0203F066FD44492046DE
S214013440239A03F061FDBDF85C30D90705D5204607
S2140134509DF890203F4903F057FDBDF85C309A0770
S21401346014D500203C4903F069FDBDF85830B3F58A
S214013470807F4FD1002020F064FF18B10DF191003C
S21401348003F0C4FC0020354903F03EFDBDF85C3076
S2140134905B070BD50020BDF8B220314903F034FD9F
S2140134A00020BDF8B4202F4903F02EFD0622284641
S2140134B00DF116030AA91FF0CAFD044690BBBDF81C
S2140134C01620294903F020FDDFF8A8A0DFF8A8B0F0
S2140134D00DF12808BDF81610A2B2914210D9B8F81D
S2140134E000205146002003F00FFD0134D8F80420D7
S2140134F05946002003F008FD062C08F10808E9D11A
S2140135006C46204600F05AFD94E80F00013685E827
S2140135100F0046E70123202200200DF1910103F060
S21401352057FCAFE7114957E741EA03000EEC0300E9
S2140135304AEA03006EEA0300A2EA0300BBEA0300BC
S214013540D4EA0300EDEA030006EB03001FEB0300D9
S21401355034EB030050EB030069EB0300B8000400F2
S2140135607CEB030095EB0300AEEB0300E1EB0300FD
S21401357087EA0300BFEB0300CFEB03002DE9F04120
S21401358088B004AD044628468846002700F002FDB0
S2140135906E46474507D195E80F0084E80F002046A0
S2140135A008B0BDE8F081304600F008FD96E80F004F
S2140135B085E80F00284600F087F801370028E8D193
S2140135C0014B0FCBE9E700BF445604001FB5D0E915
S2140135D0023253F8223068461978FFF7CFFF684663
S2140135E000F07CFD48B1042809D1074A00200749AC
S2140135F003F08AFC05B05DF804FB054AF6E70020F7
S214013600044903F081FCF5E7B0F5030029EC03005B
S21401361060EF030035E5030010B5D0E9023203EB95
S2140136208201496853F8223098B00C6804A81978CA
S214013630FFF7A4FF03AB40220093214608AB04A882
S21401364000F0E2FC024628B100200E4903F05CFCC3
S21401365018B010BD039808A900F007040122C0F3B2
S214013660C70003F0FBFB039908A8091B01440648A1
S21401367001232246008803F0ABFB044803F0E4FB79
S214013680E6E700BF39EC0300F0570020B80004005D
S214013690F0B504460D460B4BEF880FCB84E80F00C0
S2140136A0AB882E899B0741BFD5F83900D5F83D1068
S2140136B004F1080303C3EA68204627806680626037
S2140136C0F0BD00BFFC530400102208B5034908F002
S2140136D0FFFA003818BF012008BD00BF4456040099
S2140136E008B521F049FEC288FF219208012A38BF99
S2140136F0012202481FF039F8012008BD5040002081
S21401370038B5134690B10120274A1070274A002089
S2140137101160274A13600A46264903F0F5FB02F0BA
S21401372043FB254B1870022002F044FB21F03FFEBC
S214013730E8B91D4D1D4C2B782BB921F01DFE2268D2
S214013740C368134423601A4B24681B689C4229D221
S21401375021F012FEC168204606F022F80024024637
S2140137602C7050B921F023FEFFF7BAFF03E0FFF7F4
S214013770B7FF0028DDD0012038BD20460F4903F0F1
S214013780C3FB0D4B187802F015FB00200C4903F023
S214013790BBFB00F091F908B900F0AEF92046FFF73F
S2140137A0B7F8E8E70124ECE7565E00204840002021
S2140137B04440002060EC0300555E00208CEC0300C2
S2140137C0ACEC030038B500F04BFA044600F042FAC0
S2140137D0241A21F0D1FD054618B9B1211B4826F05F
S2140137E0F8FFAB8803F00303032B03D0B22117487D
S2140137F026F0EFFF00F02EFA05461FF09BFC012392
S2140138008340013B2B4203D0B421104826F0E1FF50
S2140138101FF090FC01238340013B234203D0B521D6
S2140138200A4826F0D6FF05F091FD05461FF082FCFA
S2140138304FF48063B3FBF5F3C440A34205D2BDE861
S2140138403840BA21014826F0C4BF38BDC2EC030097
S214013850FF2108B504481EF099FFBDE80840002284
S21401386011461046FFF74CBF50400020F7B50446FE
S2140138700E4600F089F8054621F07EFDC3682B440C
S2140138809C4220D31FF056FC2C44C440013C114FEF
S2140138903B68DEB1A34219D101340023ADF80430F0
S2140138A000F0E4F9054605F051FD103504FB00541F
S2140138B005F04CFD01A90246204605F099FD1FF0D2
S2140138C049FC386004E04FF0FF34E0E7A342E4DB54
S2140138D003B0F0BD306700204FF0FF320A4B10B541
S2140138E01A600022094B1A7000F0B4F9044600F081
S2140138F0B7F9214602460120FFF702FF00280CBF58
S2140139000120042010BD00BF30670020575E002054
S21401391038B500F0D1F808B9002038BD094D0A4C79
S2140139202B7823B91FF016FC012320602B70246826
S2140139301FF000FC01348440EED000F025F820444E
S214013940EBE700BF575E00203067002070B50D4CD6
S2140139502368002B01DA012070BD00F07BF90546D3
S21401396021F00AFD2468C6681FF0E4FB013404FA5E
S21401397000F1294401208A19FFF7C2FE0028EAD087
S2140139800420E9E730670020024B18680C301FF06E
S21401399011BC00BF34670020FF2307B50021044A8D
S2140139A004480093FBF78AFC03B05DF804FB00BFF4
S2140139B051380100504000200E4B70B51C6805467A
S2140139C0036804F582641C440E46FFF7DDFF2B688E
S2140139D0834208D232681A44824208D9C31A0120A7
S2140139E033602C6070BD044A126813441C1A002010
S2140139F0F7E700BF346700204C4000202DE9F04F68
S214013A00B3F5803F87B00F469846019003D3002058
S214013A1007B0BDE8F08F03A904A8CDE90332FFF78C
S214013A20CBFF0024824600F10109DFF888B05FFA77
S214013A3089F9019BDDE90356AAB27BB1304610999C
S214013A4021F0A1FC0028E2D1B9F1020F2BD1DBF85D
S214013A5000300493019B03BB2F4421E039463046D6
S214013A6005F0C6FC0028D2D1BAF1000FECD0002C2C
S214013A70EDD105F06BFC2E44B6FBF0F303FB1060B2
S214013A800028E4D005F062FC05A9024630460594FC
S214013A9005F0AEFC0028DAD0B9E7109B2B44109352
S214013AA0A8EB05050395631C4B454FF00104C0D3F5
S214013AB02046ADE74C4000207FB56B460C4A1068A7
S214013AC0516803C390680C2218600A4B0DEB020183
S214013AD0186821F058FC0C2268460DEB020108F02C
S214013AE0F7F8B0FA80F0400907B05DF804FB00BFB4
S214013AF00C540400346700201FB5084A01AB106857
S214013B00516803C3906801A91860054B0C22186818
S214013B1005F06EFC05B05DF804FB00BF0C54040014
S214013B2034670020F7B5044615460E4681B9072AC4
S214013B3003D80024204603B0F0BD0D4B80791968E8
S214013B40E379063000EB03200C3180B21FF03CFB1A
S214013B50002721462B46324638460097FFF74EFF90
S214013B6004460028E5D039467019FFF77FFEE1E7E5
S214013B7034670020024B1868A0F50060704700BF4C
S214013B804067002010B58AB0684606F015F810F0B8
S214013B90FF0027D1009BFBB1174C01A9206005F05F
S214013BA083FF10F0FF001DD12268009B9A4204D3C8
S214013BB04FF4DD71114826F00CFE019B104A1149A5
S214013BC01360029A13440B600F49A3F500630A6061
S214013BD00E4A1360009B63B940F2CF11074826F0E6
S214013BE0F8FD06E0044A034612680020084903F07F
S214013BF08BF90AB010BD00BF3867002075ED0300D1
S214013C004C4000203C6700204067002034670020BD
S214013C101DEE030008B5FFF7B5FF21F0ADFB50B16F
S214013C2021F0AAFB064B02691B689A4203D2B32114
S214013C30044826F0CEFDFFF7C5FD012008BD00BFF4
S214013C404067002075ED0300014B1868704700BF00
S214013C5038670020014B1868704700BF4C400020B1
S214013C60014B1868704700BF3C670020014B18687D
S214013C70704700BF3467002010B5FFF749FE0446C1
S214013C802849002003F040F90020274903F03CF9B9
S214013C900020264903F038F90020254903F034F9BD
S214013CA0244B00201A68244903F02EF922462349A2
S214013CB0002003F029F9FFF767FE2149024600209C
S214013CC003F022F91F4B00201A681F4903F01CF964
S214013CD01E4B1F4C1A6800201E4903F015F9226876
S214013CE000201D4903F010F94FF4806200201B49A3
S214013CF003F00AF9226800201949103203F004F98A
S214013D002268002017490C3203F0FEF822680020D2
S214013D10154902F5826203F0F7F8BDE8104005F098
S214013D2049BA00BF9CEE0300D9EE0300F8EE03008B
S214013D3018EF03003867002043EF030062EF03002B
S214013D4085EF03004C400020A8EF03003C670020ED
S214013D5034670020CBEF0300EEEF030011F0030001
S214013D6034F0030057F003007AF003002DE9F04128
S214013D7094B004460D460020482102AA1FF035FAE9
S214013D8018B9534903F0C0F819E060220021204613
S214013D9007F052FC04224F4902A807F099FF90B1A0
S214013DA06DB19DF80B30002001939DF80A309DF807
S214013DB00820009348499DF8093003F0A5F8012032
S214013DC014B0BDE8F081BDF80C20B2F5807F2280EA
S214013DD003D0424903F098F8F1E7BDF81420BDF886
S214013DE00E102281DDF816206180E2600499BDF88C
S214013DF01A206160228284F8320007AD04F11202B3
S214013E000FAE2B4603CBB342106051601D4602F144
S214013E100802F6D10F9B324A63631360314B1022BE
S214013E201846002107F008FCE288A3880280228950
S214013E304280E26842600BB90020C1E700263546A1
S214013E40A388D90709D536B105F150026A4412F89C
S214013E50482C84F838200135EDB29A0714D520880D
S214013E601FF0D9F807466EB102AB03EB0508024610
S214013E70414604F1390007F06FFD3A4641461A48BB
S214013E8007F06AFD2F44FDB2A3885B070DD556B136
S214013E9005F150036B4433F8482C33F8463CA4F83C
S214013EA05A20A4F85C300435EDB2002EC4D1482D5A
S214013EB002D930460D4965E72946382002AA1FF087
S214013EC094F908B90A495DE738250126B8E700BF25
S214013ED09DF0030018540400CFF0030005F1030021
S214013EE070400020744000207C40002020F1030038
S214013EF070F1030030B50B4C99B025786DB9FFF71A
S214013F0089FE68B129466846FFF730FFB0FA80F0AF
S214013F10054B4009187001232370002019B030BDED
S214013F200120FBE7585E0020595E0020014B1878FF
S214013F30704700BF595E002070B51E46134B0446FD
S214013F4018881D46884298B002D15B88934206D0F5
S214013F500F4B0FCB84E80F00204618B070BD96B10A
S214013F6000216846FFF702FF0028F1D1BDF80430B2
S214013F705B0708D53388BDF85A209A42E8D8BDF8C1
S214013F805C209A42E4D395E80F00E3E774400020F2
S214013F9044560400064B10B51B7804462BB9054B56
S214013FA00FCB84E80F00204610BD034BF8E700BF97
S214013FB0595E0020445604007440002010B50446A3
S214013FC0024B0FCB84E80F00204610BD4456040078
S214013FD00B4B10B51B78044608467BB10021FFF752
S214013FE0C5FE48B910222146064807F071FE003882
S214013FF018BF0120C0B210BD0120FBE70120FAE77F
S214014000595E0020744000202DE9F0410E4690468E
S2140140100E4910221F4607F05BFE044670B90C4B92
S2140140203A461D683046AD1B454528BF45462946DC
S2140140301FF0DBF828B9074902F066FF0120BDE84A
S214014040F081069B20461D60F9E700BF7440002002
S2140140507040002070F103000022024B1A70FFF737
S2140140603BBC00BF595E00202DE9F0419CB00F46D5
S21401407016468046FFF74CFC0546024615490020C9
S21401408002F042FF382D20D9012104A8FFF76EFE69
S2140140900446D0B9119B04A93B606F463846FFF72A
S2140140A0F7FA97E80F0086E80F00119BAB4297BF1F
S2140140B001210324084AC8F8003094BF1170C8F8DB
S2140140C0005020461CB0BDE8F0810022024B0124BE
S2140140D01A70F6E7A2F10300595E002070B5084D8C
S2140140E000262B7853B1FFF7F7FB04461022002178
S2140140F004482E7007F0A0FA204670BD3446F5E756
S214014100595E00207440002008B50020064902F0E0
S214014110FBFE064B00201A78054902F0F5FEBDE8C5
S2140141200840FFF7A9BD00BFC1F10300595E00209A
S214014130EBF1030003460120024AC3E903200022F3
S2140141401A7070470100FEFF2DE9F0410024264E4B
S214014150264FDFF8A88088B000F0D4F9A5B28542D2
S21401416002D308B0BDE8F081284603A91FF073F812
S214014170A2B23146002002F0E1FE9DF80D2012B3F6
S2140141809DF81210BDF81030402914BF6E21792118
S2140141900020CDE900313946BDF80E3002F0CEFEE2
S2140141A0BDF814201AB10020114902F0C7FE9DF88F
S2140141B00C00BDF8182070B9079B0E490093BDF896
S2140141C01A3002F0BBFE00200B4902F09DFE0134BE
S2140141D026F00CFBC0E7BDF81C30414600930020DA
S2140141E09DF81A30EDE700BF04F203000AF203005F
S2140141F02DF2030037F20300B80004005EF203005C
S21401420010B500F0ABFABDE810400346024A0020A4
S214014210024902F079BE00BF86F20300BDBA030070
S214014220D0E9023253F8223010B5188800F086FA29
S214014230BDE810400346024A0020024902F064BE6F
S2140142408CF20300BDBA030010B5D0E90232002497
S21401425086B08DF8044053F8221003EB82030978E8
S21401426001A88DF805105A681288ADF806209A68DC
S2140142701288ADF80820DA681278ADF80C40A24230
S21401428014BF402280228DF80A201A691288ADF8E0
S21401429010205A699B691288ADF812201B68059395
S2140142A000F0D0FB034A03460349204602F02CFEE9
S2140142B006B010BD28D10300BDBA030038B50024EE
S2140142C0064D26F07FFA45F824000634C02CF8D1B6
S2140142D00020BDE83840024902F016BE80100020DA
S2140142E093F2030030B5002087B0204902F00CFE9F
S2140142F000201F4902F008FE00201E4902F004FEBD
S21401430026F060FA00240546A0B201A901341EF089
S214014310A2FF202CF8D126F055FA1749421B00209F
S21401432002F0F2FD1549002002F0EEFD26F04AFAF1
S2140143300446012000F09EF826F044FA0E49021BBE
S214014340002002F0E1FD0E49002002F0DDFD26F01E
S21401435039FA04461EF070FF26F034FA021B0020DC
S214014360054907B0BDE8304002F0CEBDBFF20300FC
S214014370EEF203001EF303003BF303004AF30300CF
S21401438064F3030010B50C4603F022FD08B9032CB4
S21401439012D101F0FFF804280ED001F0FBF8052831
S2140143A00AD0064802F060FC1C2801D11FF0F1FE7D
S2140143B0BDE8104002F068BC10BD00BF43320300E8
S2140143C02DE9F04F00274FF0FF36DFF8A4B0264C5A
S2140143D087B0BBF80030B8B2834209D8731C3BD013
S2140143E03246FF21214807B0BDE8F04F1EF0BDB9A7
S2140143F001A91EF030FF9DF8050001F001FFF8B19C
S2140144009DF80480B8F1000F1AD1BDF810A0BDF8D0
S214014410129026F0D7F918210246BBB24B43E0189A
S214014420E158007C4FF47A73A2EB010C50B103FB08
S2140144300AF363450ED30B44981A864228BF0646F4
S2140144400137C6E74D466B43FAD06345F5D31944A9
S214014450881AF2E74046F0E7FF21044807B0BDE8B6
S214014460F04F1EF093B900BF80100020844000205A
S214014470D65700202DE9F041014688B058B10228F0
S21401448010D01EF002FF78B3D221194808B0BDE85B
S214014490F04126F09EB9FF23164A17480093FAF713
S2140144A00DFFEEE700244FF001082746134EA5B294
S2140144B0284603A98DF80D701EF0CDFE9DF80D005F
S2140144C068B101F09DFE20B19DF80C300BB986F85D
S2140144D010800134202C06F11806E8D12546084B39
S2140144E01D80FFF76DFFCCE708B0BDE8F08100BF87
S2140144F084F3030029480100844000208010002036
S214014500D6570020014B1888704700BFD6570020A9
S2140145102DE9F04F634A077D89B0044662490020C1
S21401452002F00CFD00201FF00CFF20B12368218A49
S214014530588803F09BFC00205C4902F0E5FC637D93
S214014540DFF87491002B236808BF08205988574B61
S21401455018BF00200093228A4FF0090314BF4FF0C2
S21401456080084FF0400802F02FFBA289BB1C934243
S2140145700CDB1FF080FF034620B100204C4A4D495A
S21401458002F0C2FC012009B0BDE8F08FA068791CDA
S21401459089B2C55D1FF08EFE0337012D0646BFB2F8
S2140145A013D82368324659885879238A009343469C
S2140145B01FF0CAFA824600283ED1862002F0CCFBC4
S2140145C0284602F0C9FB304668E08520F6E703A9D5
S2140145D01EF041FE9DF80C30AB4223D123689DF8B6
S2140145E00D105A7991421DD1BDF80E105A8891428C
S2140145F018D1BDF81020B24214D19DF812204245C0
S21401460010D1BDF81410228A91420BD1002D38D05A
S214014610BDF81810E288914204D19DF81A201B7942
S2140146209A422ED00BF1010BB9F800305FFA8BF0ED
S2140146308342CCD88B20C1E74FF0000BF4E79AF801
S214014640020002F089FBBDF818001FF0F6FDBDF868
S2140146501A001FF0F2FD9AF8020003F027FE002868
S21401466083D19AF8020001F09DFC0546079E002DB5
S2140146703FF47BAFF0B2013D02F06EFB360AEDB2BD
S214014680F5E7002002F068FB284602F065FB30469D
S2140146901FF0D3FD012DD2D1BDF81C001FF0CDFDBA
S2140146A063E700BF13F40300E5E70300B800040066
S2140146B020F403003DF40300D65700202DE9F04313
S2140146C091B0694680461EF0C6FD0023194F8DF84D
S2140146D001303888431E98B28045388009D1694632
S2140146E040461EF0C0FD68461EF0A4FD11B0BDE8B0
S2140146F0F0834FF0180905A91EF0ADFD0E4C3E885B
S2140147000AAD09FB06460FCE0FC596E8030009FB66
S214014710084485E803000AAE404605A91EF0A3FD3D
S2140147200FCE0FC495E8030084E803006946388875
S214014730D7E700BFD65700208010002008B5064BEB
S2140147401B88834205D9FFF7B9FFFFF739FE002022
S21401475008BD2720FCE700BFD657002038B5074D17
S2140147602C882CB9FF2106481EF010F8204638BDCB
S214014770601E80B2FFF7A2FFF2E700BFD657002007
S214014780844000202DE9F3479A4618239DF8289087
S214014790244FCDE9001203FB09731446D3E9022323
S2140147A01FF048FF064620460D4603F07FFD04F045
S2140147B0FD03382B80460FD1009432462B4600214C
S2140147C0DAF810001EF072FDB8F1010F1BD1354367
S2140147D01ED102B0BDE8F087392CDAF810300BD1C3
S2140147E007EE906A07EE103AF4EEC77AF1EE10FA89
S2140147F0ACBF01200020E7E79E4275F100032CBF05
S21401480001200020E0E7B8F1000FE2D10028E0D057
S214014810182303FB097701233B7402B0BDE8F04778
S214014820FFF7CEBD801000202DE9F04F00252E4663
S214014830A846AA462C46DFF8BC91D1B0694BA8B26F
S2140148401B88834209D81CB161882079FFF79AFD3D
S214014850FFF7B6FD51B0BDE8F08F0BA91EF0FBFCCB
S21401486025F0B0FF1823AFB27B4309EB030B59F8D1
S214014870033005909DF82D00049301F0C1FC00283B
S21401488000F0AE809DF82C10002940F0A980DDE9EB
S2140148900432D01A4FF47A72BDF83830534383424B
S2140148A000F29E809BF8103043B9BDF83A30002BD9
S2140148B000F096805343834200F29280FD2300224B
S2140148C0CDE9013210AB00930DF119020DF11A0377
S2140148D0E9B20BA8EFF7FCFC002877D1BDF81A3037
S2140148E0DA1C0493D2B214B33F4B9DF82D101B88EB
S2140148F013442279914214D1BDF82E106288914258
S2140149000FD19DF83220B8EBD21F0AD1BDF8342062
S214014910524506D1B3424DDD0020344902F0F4FA87
S21401492001E0B342F8DC61882079FFF72BFD02F045
S214014930E7F904469DF932002D4BC043C00F0093A2
S214014940BDF834200A23BDF82E10C0009DF8328031
S21401495002F03AF99DF82D304FF0000B23714FF419
S2140149608A53FF26BDF834A04FEAD818E38007A97A
S2140149705FFA8BF020F002F8C0B2B0B99DF81D10B6
S2140149809DF82D20914210D1BDF81E10BDF82E20A5
S21401499091420AD122469DF829109DF81C001FF06D
S2140149A073FDB04228BF3046C6B20BF1010BBBF116
S2140149B0200FDCD1BDF830001FF03FFC9DF8190038
S2140149C002F0CAF9049910A802F0DAF918230022B5
S2140149D05F4309EB07031A7425F0F4FE49F8070054
S2140149E001352BE7D6570020E0570020FCF40300E2
S2140149F0B80004008010002070B500240126104D78
S214014A008AB02B88A0B2834204D80AB0BDE87040B1
S214014A10FFF7D6BC05A91EF01EFC9DF8150001F097
S214014A20EFFB50B19DF814303BB91A46CDE901367B
S214014A300093E1B205A8EFF74BFC0134E1E700BFB4
S214014A40D65700202DE9F0430389DFF858818BB053
S214014A50B8F80090009304468379828841884078AC
S214014A601FF072F8002800F09580E78927B1A38926
S214014A70BB4200F291800027B8F80030BDB2AB42CD
S214014A8014D84D4601264FF6FF73E2899A4226D185
S214014A9046B9B8F80030AB4202D92846FFF70EFEF9
S214014AA0FFF78EFC00200BB0BDE8F083284605A971
S214014AB01EF0D1FB9DF814307BB92268059B53404C
S214014AC0FF2B0AD86368069E5E4036F07F4604D107
S214014AD0BDF81C2023899A42D5D00137CCE7E2687D
S214014AE09A422BD0002E53D1D4E90323CDE90823D3
S214014AF005A81EF09FFB0028D5D1B8F80030AB42C0
S214014B0004BF6B1CA8F8003025F05CFE18236B432D
S214014B10234AE9B2D050D418002305A81A46CDE995
S214014B2001330093EFF7D4FB18B100220023C4E948
S214014B300223284605A91EF096FBB1E7234605AADF
S214014B4004F1100C174618685968083303C7634503
S214014B503A46F7D11868386005A81EF06EFB0028A3
S214014B60C0D01F2D1AD800238DF8143063788DF825
S214014B7015306388ADF81630A388ADF81830A379E0
S214014B808DF81A302389ADF81C300028B0D1ABE778
S214014B900020E6E7862086E7872084E7892082E7EB
S214014BA080100020D65700202DE9F04FB04A90F82B
S214014BB014908DB00446AF49002002F0BFF90020E2
S214014BC01FF0BFFB20B12368218A588803F04EF9F5
S214014BD00020A94902F098F9637DDFF8B8A2002BFE
S214014BE014BF802340230293236808BF08205988F6
S214014BF0A14B18BF00200093228A072301F0E4FF8F
S214014C0000230393A28909F10305954211DB039B57
S214014C1013B9184602F0A0F81FF02DFC034620B188
S214014C200020964A964902F06FF901200DB0BDE8C2
S214014C30F08FA06809F1010189B210F809601FF030
S214014C4039FB3246804603468E490020ADB202F05B
S214014C505BF98EB1012E00F08A808527384602F076
S214014C607BF8304602F078F840461FF0E6FA852FCA
S214014C70D2D00123039376E0A06809F10401A2894A
S214014C8089B2475D1FF016FB09F10601A28904905F
S214014C9089B2A0681FF00EFB3A4605900090049B6F
S214014CA03046794902F030F909F1080938461FFA09
S214014CB089F503F0FBFA002857D1384601F072F95E
S214014CC0294603468146A289A0681FF0E4FA6F4987
S214014CD08346304602F032F9A1684A4629443346F3
S214014CE0304602F075F83046634902F00DF9A944E2
S214014CF01FFA89F52368424659885879238A009312
S214014D00029B1EF021FF18B18378BB4240F0AC80B5
S214014D10483FFFB2092F05D840F21133FB40DB07AD
S214014D2000F1A48000238DF81C30236807A85A7967
S214014D308DF81D205B88ADF82080ADF81E30029BF3
S214014D40CDF82CB08DF82230238AADF82430049BA0
S214014D50ADF82830059BADF82A30FFF773FE0746FD
S214014D6000287FF47BAFA9464CE7B346C2E7294645
S214014D70A289A0681FF09EFA4FF0000B0246074674
S214014D804349002002F0C0F809F10509BAF80030DD
S214014D901FFA89F5BAF800201FFA8BF94A4503D89D
S214014DA01F2B31D9892759E7484607A904931EF0D6
S214014DB052FA9DF81C20049B012A22D122689DF8F4
S214014DC01D00517988421CD1BDF81E0051888842C9
S214014DD017D1BDF82010414513D19DF82210029835
S214014DE081420ED1BDF82400218A884209D1BDF83E
S214014DF02800E188884204D19DF82A101279914250
S214014E001BD00BF1010BC5E7012299468DF81C203A
S214014E10226851798DF81D105188ADF82080ADF8C3
S214014E201E1002998DF82210218AADF82410E1880F
S214014E30ADF8281012798DF82A2007A8ADF82C7045
S214014E401EF0F8F9074600287FF408AFBAF80030DC
S214014E504846994508BF09F1010307A908BFAAF802
S214014E6000301EF000FA7EE78D27F7E68C27F5E680
S214014E7027F50300E5E70300B800040088F5030002
S214014E803DF403002FF503004CF503006DF5030018
S214014E9078F50300D65700202DE9F04F07468846DF
S214014EA09146002589B09A46BDF848B09DF84C60F9
S214014EB0149C224B1A88A8B2824235D903A91EF047
S214014EC0CAF99DF80C201D4BB2BB9DF80D10B942D6
S214014ED032D1BDF80E1041452ED1BDF8101049450E
S214014EE02AD19DF81210514526D1BDF81410594506
S214014EF022D13046029201F055F8A6F14103012B6A
S214014F0001460AD820461FF0DBF90D4B0D4A204416
S214014F1084420CD10421029302ACEDB23246204603
S214014F20009503ABFFF72EFC09B0BDE8F08F14F82F
S214014F30011F4B405343EBE70135BBE7D657002033
S214014F40C59D1C81930100011FB50F4C2478C4B187
S214014F5042EA03229DF818308DF8051042EA4322F2
S214014F600A4BADF80C201A78094B8DF806100799F4
S214014F7003EB021300908DF80400DB68684602918B
S214014F80984704B010BD00BF5A5E00205C5E00204A
S214014F90A440002073B51A4DFF211A481DF0F6FBF8
S214014FA02B7853B3184C194E2378180106EB0313CC
S214014FB01A7A5968305C1FF065FD4D281DD0E0B1A6
S214014FC0012300212278CDE900311201B25CC0B282
S214014FD0FFF7BAFF0A2223780A480133DBB2B3FB94
S214014FE0F2F102FB1133FF2123702B78013B2B706A
S214014FF002B0BDE870401DF0C1BB02B070BD00BF7D
S2140150005A5E0020444100205C5E0020A44000203F
S214015010F8B5104F3E780A2E1AD00FC8DFF840C0F8
S2140150200D4D9CF80040013605EB041585E80F0090
S2140150300A230134E4B2B4FBF3F203FB124407483B
S214015040FF218CF800403E701DF098FB0020F8BD53
S2140150500120FCE75A5E0020A440002044410020C5
S2140150605B5E00200021024A0248FAF75DB900BFE4
S214015070954F010044410020002337B50C46124DE0
S21401508012492A78CDE9003312018A5C01230146D0
S214015090E0B2FFF759FFA4B90D490A788AB10A2090
S2140150A02B78013A0133DBB2B3FBF0F40A70FF212F
S2140150B000FB143307482B7003B0BDE830401DF0E9
S2140150C05DBB03B030BD00BF5C5E0020A440002085
S2140150D05A5E00204441002008B500F0BDF850B1EA
S2140150E0054B064A0649052808BF1A46BDE808408A
S2140150F0002001F009BF08BD9CF50300B8000400BC
S214015100BDF5030008B503201FF0D6FC10B9012237
S214015110014B1A7008BD00BF5D5E00200022024BE5
S21401512018781A70704700BF5D5E00200246FF21A6
S21401513001481DF01ABB00BF64410020114B37B572
S2140151401D78C5B9FF2110481DF020FBFFF7DAFFD7
S214015150044600900D4B28460D4A0E4901F0D4FE38
S2140151604CB10D4B1B78DB0605D528461FF07EFC9F
S21401517020461DF0D0FE094B186803B0BDE830404C
S214015180FFF7D4BF5D5E002064410020DAF503001E
S21401519008F60300C7CD03004B5E002044670020DD
S2140151A0FF2101481DF0F2BA6441002070B51A4E85
S2140151B0054633780C466BB30020184A184901F0AF
S2140151C0BDFE032C01D0652C20D11649002001F02C
S2140151D0B5FE22460020144901F096FE0020134930
S2140151E001F0ACFE012329460822002001F0F0FD63
S2140151F000200F4901F088FE032C88BF00232046BB
S21401520088BF3370BDE87040FCF7BEB8012CE0D013
S2140152100849DBE770BD00BF5D5E002008F60300AD
S214015220B1D103001BF6030068D8030039F603006A
S214015230B800040031F60300014B1860704700BF48
S214015240446700200021024A0248FAF76DB800BF01
S2140152503D51010064410020054B10B51C782CB966
S2140152600448FF211DF08AFA204610BD0520FCE700
S2140152705D5E002064410020F8B50024074B084E0F
S2140152801D68084FE3B29D4204F1010400D8F8BD41
S214015290394656F823001CF030FCF3E71C72040074
S2140152A0207204001068002010B5044C23780BB15E
S2140152B01FF0F2FB0123237010BD00BF6A6B0020B4
S2140152C02DE9F743254B0D4616460446019350B18A
S2140152D04AB1042301AA12F8011BA94235D0013BA9
S2140152E013F0FF03F7D1212003B0BDE8F08317F8D0
S2140152F0010F90FAA0F0000E1CF03BFE014608EBF1
S21401530007039945F3DCCAB2C1F30F2392FAA2F25E
S21401531093FAA3F3120E1B0E03EB0223DB4362196F
S21401532012F8020C99B2DBB298420CD112F8013C89
S214015330B3EB112F07D132462146284603B0BDE80C
S214015340F0431FF011BB2320CEE74FF6FF71671E17
S214015350A5F10209C4F10108D1E700BF080A0E123F
S214015360014B1870704700BF5E5E0020024B1A6842
S21401537018608260704700BF48670020024B1868BB
S21401538000B14068704700BF4867002070B504460A
S21401539000250A4B1B687BB100211E8807E05A686E
S2140153A002EB0110013145B9021B554255418AB243
S2140153B09642F4D89B68EEE7184670BD4867002011
S2140153C02DE9F04F1E46002393B0022E074688466D
S2140153D01446DDF870909DF874A0ADF81A3040F2CE
S2140153E0C08099F800305A0729D5042E40F2B980BA
S2140153F099F804B000255F4B33F83520002A00F0F9
S214015400B68001350A2DF7D1209B002B40F0AD80E8
S214015410FF250023207908AA0DF119018DF819300E
S2140154201EF0DCFE70B1BDF82C309DF8190023800B
S2140154301EF056FF0790C0B113B0BDE8F08F99F883
S21401544002B0D7E720791EF0FAFB0B28059000F290
S2140154508A8020791EF055FF07900028ECD1464A35
S214015460059B02EB03135B8823804FF6FF73002F27
S21401547008BF434662880021CDE9002358465246BC
S214015480238802F0FDFD18B1E38843F02003E38092
S214015490209B07A90DA8CDE90D34CDF83C90ADF8B9
S2140154A04080ADF842608DF844708DF845A01EF03E
S2140154B0A8FE08B10798BFE7484602F025FDA01DE3
S2140154C002F010FD2246414638461EF0DDFFB0428E
S2140154D027D3E3882246C3F30E03E3809DF87C308E
S2140154E041460393BDF87830384602930DF11A030E
S2140154F0CDE90093F3B21EF015F9209B079003B394
S214015500F8B9BDF81A2042B1092D06D81B4B03EB9A
S214015510C5018A80209A43F835201120FAF7CCFB82
S2140155201CE0BAF1000F0AD10DF11A03CDE90063B0
S21401553022464B4641463846FAF7D2FFDDE7382089
S214015540DBE7052807D1E388DB0607D50023012022
S2140155500793FFF705FF079B002BDED01EF0C5FE65
S214015560A8E7012068E7212066E71C2064E7EDB282
S2140155704FE700BF8C410020F84100208841002001
S2140155804FF6FF72024B1A805A809A80704700BF0E
S214015590D857002010B5044C2379FF2B02D11FF0F9
S2140155A0A9FA2071207910BDD857002010B50C4CEF
S2140155B02379FF2B08D100201EF092FE20B91FF0A0
S2140155C099FA20711EF091FE2079022805D0043840
S2140155D0012894BF0020012010BD0020FCE700BF79
S2140155E0D85700204FF6FF7310B5044C22889A4214
S2140155F002D11FF075FA2080208810BDD8570020F0
S21401560010B5FFF7BDFF40F61D439842044607D884
S214015610B0F5416F05D2182826D8152848D829D0C4
S21401562010BDA0F541630D2BFAD801A252F823F064
S21401563075560100755601002156010021560100DC
S2140156402156010021560100215601002156010074
S214015650C5560100D756010071560100715601006A
S214015660715601007156010040F606439842D7D1A3
S2140156701C4920E0FFF7B6FF1B490246002001F057
S21401568043FC152C05D11FF015FABDE810401EF09D
S214015690C1BD164B164A1749B4F5416F08BF1A46E5
S2140156A0002001F031FC1EF0B4FD1EF0B3FDECE766
S2140156B01628DDD11049002001F026FCBDE8104077
S2140156C01EF0CABE1EF015F9BDE8104002460B4991
S2140156D0002001F019BC0020BDE81040084901F087
S2140156E013BC00BF98FD030045FD0300B80004008D
S2140156F040FD030061FD030081FD0300ADFD0300D5
S214015700D5FD030007B5094A0346108831B9084A92
S214015710084903B05DF804EB01F010BC0091064A9D
S214015720064901F00BFC03B05DF804FBF0570020BE
S214015730C4C80300F5FD030068C90300C7CD030014
S2140157400D4B37B51B68044693B11D780389012DAF
S21401575008BF02250093C37A084A0020084901F0D1
S214015760D3FB2146284603B0BDE830401FF07AB986
S214015770022003B030BD00BFC44200206AFE030011
S21401578019FE0300002010B51EF0AAFD0D4B1B6884
S21401579063B15A78052A03D862B1052402220AE0C9
S2140157A0FF2AFAD00020084901F0AEFBBDE8104000
S2140157B01EF09BBD144610461FF0B0F920461FF0A0
S2140157C0ABF9F3E7C44200206FFE030013B5134C98
S2140157D000201EF085FDFFF7D3FE23689BB101A8CC
S2140157E01EF07AF878B923681A789DF804309A4240
S2140157F009D0D91E032906D9D11E012903D9012AA8
S21401580007D1022B05D1032301A8ADF804301FF000
S2140158102FF902B0BDE810401EF067BDC44200205B
S21401582000231946034A01330A2B918042F8081BCC
S214015830F9D17047884100207FB50E4605461FF016
S21401584019F92A46044603460D49002001F05CFB7F
S21401585096B10C4B36211A889B78ADF80C208DF842
S2140158600E300323002200934FF6FC7003AB8DF835
S2140158700D501FF053F80446204604B070BD00BF1B
S21401588090FE030054560400FF2810B50C4604D1C0
S2140158900020044901F038FBFE202146BDE81040F7
S2140158A0FFF7CABFA9FE0300F8B51E460B880746D8
S2140158B00C461546002B64D14A88B1F90210002027
S2140158C00029B8BF6B78304901F01EFB6288132AA5
S2140158D01DD002F5FF437F339BB2052B23D8A2F5DB
S2140158E00042013A052A1ED8DFE802F0193F1D03DF
S2140158F03C09264A2649002001F006FB13E0254A0A
S2140159002349002001F01AFB2A792349F3E7022EE6
S21401591094BF4FF6FF72B5F801202049EBE700204F
S2140159201F4901F0F1FA33462A46214638461FF050
S214015930EBFF70B933462A46214638461FF0E6FF8C
S21401594048F2210362889A4203D1384669781EF0EC
S2140159504EFC6388B3F5004F02D90820FAF7C6F962
S2140159600120F8BD2A790F49C5E70F4A08490020EA
S21401597001F0E4FA032E94BF4FF6FF726A880B49D2
S214015980B9E70020EDE700BFE4FE03000CFF0300CB
S21401599013FF030024FF03002AFF030038FF030060
S2140159A050FF03006AFF03008CFF030091FF030012
S2140159B02DE9F04116888AB0DFF88C80ADF80E30FC
S2140159C00DF10E03C8F8002015460093324610ABC1
S2140159D007460C46FAF716FE90BB109B8DF824007E
S2140159E00693BDF80E3004A8ADF81C30AB898DF8CF
S2140159F01070ADF820306B890594ADF81E60ADF8D7
S214015A0022301EF0FCFBD8B921463046BDF80E30D8
S214015A10109A01F0C9FF98B921463046BDF80E30FC
S214015A20109AFFF741FF58B9CDE900603946204684
S214015A30BDF80E30109A02F049FB08B9C8F800000C
S214015A400AB0BDE8F08100BF84410020F0B585B002
S214015A5004AB03E9030000231C469DF80D609DF886
S214015A600E70154AD9B202EBC1004568EDB99DF832
S214015A700C30284600939DF80A209DF80B300F49FC
S214015A8001F05CFA26B1324628460D4901F056FA75
S214015A900C4A0020002C18BF2246BDF808300A49DF
S214015AA005B0BDE8F04001F02FBA12F8311001330D
S214015AB0B94208BF2C46D5E7FC550400A3FF0300F6
S214015AC0B4FF030033C80300B8FF03004FF6FF73AB
S214015AD010B5084C88B062889A4207D102A90DF128
S214015AE007001DF0F7FEBDF810306380608808B02F
S214015AF010BD00BFD85700202DE9F04F85B089466C
S214015B0092461C460746BDF83850BDF83C80109EAC
S214015B10002833D00346464A0020464901F00EFAD3
S214015B202388002B76D040F20912934274D0424A61
S214015B304249B3F5827F08BF0A46CDF804806188E2
S214015B40002000913E4901F0F9F9238893B1B8F19C
S214015B50020F0FD933783B4913F0010F3A4A18BFA9
S214015B600A4659074FF000004CBF3379B3783749DE
S214015B7001F0E4F90020364901F0C6F90023354961
S214015B8031F83320AA4249D1334A52F833B00023C0
S214015B9031F83300DA00A84246D100202E490A44E3
S214015BA0908041F8330047B9238833B9B4F90230FD
S214015BB0002B02DB0820FAF77FF80120FAF796F8A7
S214015BC09EB13578EB0710D515F0040004D0424697
S214015BD0012130461EF06EFBCDE901704346224698
S214015BE05146484600961EF087F8BBF1000F06D0D6
S214015BF04346224651464846CDE90067D8474346C4
S214015C00224651464846CDE900671DF03BFD05B0EA
S214015C10BDE8F08F114A90E7114A8EE701330A2B4F
S214015C20AED14FF0000BB2E701330A2BB0D1BAE781
S214015C3070BF0300DFFF030034C80300CDFF03007D
S214015C40EDFF0300D0FF0300D8FF03001E00040091
S214015C50B80004008C41002088410020C6FF0300E4
S214015C60CAFF03000D4BF0B54FF00C0C1F8805461C
S214015C7000230B4EDCB2BC4201D30020F0BD0CFB6E
S214015C8004F43019345DAC4205D144888C4202D10B
S214015C9004799442F2D00133ECE700BF0A6B00208E
S214015CA05867002073B501262B4D2C4C2A462046FA
S214015CB0FF2300210096F9F701FB2A462046FF2321
S214015CC000210096F9F7FAFA2A462046FF2300211A
S214015CD00096F9F7F3FA2A462046FF23002100969C
S214015CE0F9F7ECFA2A462046FF2300210096F9F739
S214015CF0E5FA2A462046FF2300210096F9F7DEFA48
S214015D002A462046FF2300210096F9F7D7FA2A46AD
S214015D102046FF2300210096F9F7D0FA2A462046AE
S214015D20FF2300210096F9F7C9FA2A462046FF23E9
S214015D3000210096F9F7C2FA2A462046FF230021E1
S214015D400096F9F7BBFAFF232A4600212046009663
S214015D50F9F7B4FA02B070BDB32F0300D8410020A2
S214015D602DE9F84300244FF00C090C4B0C4F1E781C
S214015D70DFF830803A88E5B2954202D33046BDE876
S214015D80F88309FB0585FF21A8681CF00DFD18B9ED
S214015D90AB799E4238BF1E460134EBE75F5E0020BA
S214015DA00A6B002058670020014B1878704700BF27
S214015DB05F5E0020014B1870704700BF5F5E0020D9
S214015DC0F8B506460C461EF007FA0546C8B9304631
S214015DD01DF035FF0B2815D80B4B03EB00131F7B6B
S214015DE087B95A88012122809A88304662809B7939
S214015DF0237100F037FA39466071304600F032FA06
S214015E00A07101252846F8BDF841002070B504466A
S214015E100E4615461DF013FF0B2802D94FF6FF70EC
S214015E2070BD094B03EB00131A7B002AF6D146B965
S214015E3001222946204600F03DFA0028EED00088CF
S214015E40EEE7012EEAD1F4E7F8410020FF2313B56F
S214015E500DF1070104468DF807301EF0BBF918B1A5
S214015E609DF8070002B010BD074B03EB04131B7B24
S214015E700BB1FF20F6E7204600F03AF90028F8D0EB
S214015E80204600F0E9F9EDE7F841002013B5F6F7F2
S214015E900BFA0446F6F70EFA22460346124900208C
S214015EA001F032F800F084FFFFF7BAFC00F0A6F824
S214015EB00221084602F046FDFFF764FC41F2490064
S214015EC01EF03EFE4FF0FF130093FF2368468DF849
S214015ED004301EF01BFE4FF400401EF0F9FD0020BA
S214015EE01EF016FE02B010BD6D00040038B5054662
S214015EF01EF092F990B928461EF03EFD044628B1E0
S214015F0040F60443984214BF88248D2423462A462B
S214015F100020034900F0F8FF204638BD8D24FBE73A
S214015F20850004002DE9FF4705460E4617469846AC
S214015F30BDF83090DDF834A0BDF83840CDF80090BB
S214015F40CDE9014AE4B2FFF7D7FD43463A4631466A
S214015F502846CDE90094CDF808A01FF09EFCFF214D
S214015F60034B044A044804B0BDE8F04700F01ABEEB
S214015F70E4570020E057002037600020044B01461C
S214015F801888102240F0404040F48010F6F79CBF7D
S214015F9052530400024B18685968FFF757BD00BFFB
S214015FA0029704000123064AD15C814202D1054AC8
S214015FB0D05C704702335F2BF6D10020704700BFDC
S214015FC0565604005756040070B500220446094B85
S214015FD01D78094BD0B2854201D8FF2070BD1E78CE
S214015FE0A64204D10029F9D05E7BF607F6D4013229
S214015FF01033EFE7605E0020F84100202DE9F04104
S21401600098B06B46304A1068516803C390680CAA72
S21401601018602E4B14469C4603F118061546186860
S2140160205968083303C5B3422A46F7D112AA174660
S214016030274B03F11806154618685968083303C537
S214016040B3422A46F7D1234A03AB106851684FF092
S214016050010E03C3906871681860DCF830000022F6
S21401606006AB03C30C21EC46B068CDE909221860E3
S214016070194BDFF86C801970184B0DEB01060B926B
S21401608006AD09A91CF8010B0132187034F8020B91
S2140160900C2A588037F8020B83F80DE0988016F822
S2140160A0010B03F1100303F80A0C15F8010B08EBBA
S2140160B0C00043F8080C11F8010B03F8040CE1D1F9
S2140160C018B0BDE8F08100BF9F000400C659040067
S2140160D0DE590400AC000400605E0020F841002098
S2140160E0C0560400014B1878704700BF605E002060
S2140160F0034B03EB0013587B00F00100704700BF11
S214016100F8410020F0B504460846D9B100220E4BEE
S21401611011461F780D4B1D46D6B2B74201D8002056
S21401612010E01E78A64206D09E68F688314489B2F1
S21401613001321033F0E75E7BF607F9D505EB021561
S2140161400180A868F0BD00BF605E0020F841002015
S2140161502DE9F347894690461D46074618B90020A3
S21401616002B0BDE8F0870029F9D0002AF7D0002B4D
S214016170F5D0002400780DF10601ADF80640FFF7D2
S214016180C1FF0028EBD039460DF10602BDF80660C6
S2140161901DF04AFC07460028E1D00DF10602BDF8C5
S2140161A006A01DF068FC0028D9D0C9F80070C8F810
S2140161B00000037913F0200219D1DB0614D4BDF8D0
S2140161C006300C4A564413FA86F612FA86F20BE0AB
S2140161D01A790C33920642BF13F8092C891889B232
S2140161E09842F5D8044A0A4401202A60B8E72146B5
S2140161F0024BF5E7835F0020615E00200059040032
S21401620008B50021FFF7E0FEFF2817BF044B08463C
S21401621003EB0013587B18BF00F0010008BD00BF58
S214016220F84100202DE9F0410D4616461F461DF0A7
S21401623006FD0B280AD8074C3B4604EB00103246F5
S2140162402946BDE8F04180681DF0C6BC0020BDE8C7
S214016250F08100BFF8410020014B0001185C704737
S214016260F841002070B50C461DF0E9FC0B281BD840
S2140162700F4B03EB00139A68C2B10023142618468D
S2140162801579D9B28D4200D870BD116806FB03118D
S214016290097B34B911F0800F1CBF0130C0B2013345
S2140162A0EFE711F0400FF7E70020EDE71046EBE7C8
S2140162B0F8410020F8B50D4616461DF0C0FC0B2827
S2140162C00BD80F4B4FF0140C03EB00139A68002306
S2140162D01C461779D9B28F4201D80020F8BD106844
S2140162E00CFB0300017B46B911F0800F03D0AC42D2
S2140162F0F4D00134E4B20133ECE711F0400FF5E7D6
S214016300F84100202DE9F04F064600243A4B87B0AD
S2140163101B783A4F0093009B9C4207D2FF2E08D071
S21401632030461DF08CFC0B28044606D907B0BDE8A4
S214016330F08F07EB04131B7B2BBB23014FF00008E8
S214016340019307EB041A14E014221B6802FB0535BF
S2140163502B89B3F5967F01D924F048FA4FF000094E
S2140163604FF00C0B29891FFA89F291420ED808F1D9
S2140163700108019B5FFA88F5FB189B681A79AA4207
S214016380E2D8FF2ED2D10134E4B2C4E71FFA89F075
S2140163900BFB00F06B6819180A7912F0100F23D165
S2140163A09AF800E012F0400F8DF80CE0B5F800E026
S2140163B0185AADF80EE00CBF4FF0400E4FF0800EAD
S2140163C0ADF8120028468DF810E01DF0F9FA5307D3
S2140163D0ADF81400C8780AD50228896800D909687A
S2140163E0002203A81DF0C8FB09F10109BAE702283B
S2140163F08CBF89680831F3E7605E0020F841002011
S214016400052370B5094A06881488B44208D19578E0
S214016410047B2C403F2C03D90D4201D0506870BD3F
S214016420013B02F10802EFD11846F8E77059040063
S21401643070B50024074D084E2B78E0B2834200D891
S21401644070BD06EB0010437BDB0701D51DF0D6FCC3
S2140164500134F1E7605E0020F8410020F8B50C46F3
S21401646000210546FFF7B0FDFF2829D0154A060191
S21401647002EB00135B7B03F001016CB143F00103F7
S2140164801644A142737305D0C4B100B202EB0010EA
S2140164901DF0B4FC0120F8BD2346F1E77B431168EB
S2140164A02846CA18127BC95AD2091DF013F90134BD
S2140164B0B268E3B211799942F0D8EBE71427F7E70F
S2140164C00846E8E7F8410020F0B59446497D20B338
S2140164D039B3012918BF042100254FF6FF702F4656
S2140164E02A46144E3488644511D196F803E01EEA14
S2140164F0010F0CD0B4789C4209D30AB1BC4206D82D
S2140165001EF0100F03D08AB1BC420CD370B901350E
S214016510072D06F10406E5D1F0BD002908BF0821C4
S214016520D8E70221D8E727460020F0E727460122D0
S214016530FAE700BF545904002DE9F04F0A9FBDF851
S21401654024E09DF82C809DF830904C7D78B394B370
S214016550012C18BF04240025194800F11C0C0688DC
S21401656096421ED190F803B01BEA040F19D0867824
S214016570464516D31BF0100F91F80FA004D0BAF1C0
S214016580000F0ED0B1F810A0BAF1000F09D1A9453D
S21401659013D0AE4511D95E553E88013501363E8091
S2140165A0ADB204306045DAD10120BDE8F08F002C91
S2140165B008BF0824CDE70224CDE70020F5E700BF99
S2140165C0545904002DE9F04F0024B1F57C4F0E46D6
S2140165D038BF4FF0010BA246A1464FF6FF781F4683
S2140165E028BF274B85B028BFB3F800B000900192B2
S2140165F05C4503D3404605B0BDE8F08FB6F57C4F49
S2140166000CD3204B3A4603EB840331465B88009853
S214016610FFF708FE054680B300232AE03A463146D6
S21401662000981DF03CFBF5E70C229CB254436A68C7
S2140166300199105B02EB040C884219D3B9F1000FE3
S21401664001D0504514D861462846CDE902321DF0E6
S214016650B7F9029B60B1039A125BB9F1000F03D040
S214016660524501D3804503D9924680464FF0010931
S21401667001332A899CB2A242D6D80134A4B2B7E724
S214016680B6560400B85604002DE9F04F91461A4656
S21401669000238BB08DF82020BDF850208DF81C000B
S2140166A0ADF81E10ADF8242005460F461A4604A97B
S2140166B007A8159C9DF858609DF85CA09DF860B0F1
S2140166C09DF864800493ADF822901DF001FA0498B9
S2140166D050B92B46CDE90079644A654900F014FCAF
S2140166E086200BB0BDE8F08FBAF1000F14D1837885
S2140166F0B34206D050465D4A5E4900F005FC8D2047
S214016700EFE7037913F0010306D11846574A5A49B1
S21401671000F0FAFB8820E4E703795B072CD5836851
S2140167205A689B680592069380781DF065FF049B66
S2140167300546DF782146022F03463A4610D805A8BB
S2140167401DF016FF81462B463A46214606A81DF047
S2140167500FFFB9F1010F01D001300DD18720C0E73D
S21401676005981DF005FF0128F8D02B463A4621462C
S21401677006981DF0FDFEEFE7BBF1000F6FD1049FF9
S2140167804FF6FF722146B8781DF0B8F800286BD096
S214016790BDF82430C5B20093CDE902549DF82030EF
S2140167A0BDF82220BDF81E109DF81C0001961DF0B4
S2140167B022FD002895D1BDF82430CDE9025400937E
S2140167C0BDF822209DF82030BDF81E109DF81C0053
S2140167D001961DF0EDFA002883D121469DF8682028
S2140167E007A81DF0C9F900287FF47BAFB8F1000FA8
S2140167F007D03B462046BDF81E209DF81C101DF014
S2140168005EFABDF82430BDF82220BDF81E109DF8B2
S2140168101C000093CDE901649DF82030FEF73CFB97
S214016820BDF82430BDF82220BDF81E109DF81C00CE
S2140168300093CDE902549DF8203001961DF0DAFC54
S214016840BDF82430BDF822200093BDF81E109DF837
S21401685020309DF81C001DF083FA002041E700203F
S214016860064900F051FBF8E701203AE7B9000400B9
S214016870C5000400F100040005010400190104002C
S2140168807FB500258DF80830BDF820308DF804005E
S214016890ADF80610ADF80A20ADF80C306946BDF823
S2140168A02830099A01A80B9E00951DF011F904469F
S2140168B030B916B1009B9B783370204604B070BD8A
S2140168C08928FAD12846024900F01EFBF5E700BFE9
S2140168D0360104002DE9F04F4FF0000AC7B0FFF76C
S2140168E001FC5FFA8AF6B04202D847B0BDE8F08FE5
S2140168F05B4B36019A5D00205A4900F005FB0020EB
S214016900594900F001FB00230593554B9DF81440AF
S21401691033449B681A79A24202D80AF1010ADEE7DB
S21401692014224FF000091B6802FB043422891FFA67
S21401693089F39A4202D8059B0133E5E70C231FFA37
S21401694089F803FB08F8D4F804B023F04FFF0BEBEB
S21401695008052B79454913F0400F3BF8083022888B
S2140169604FF000000093424B18BF0B46414900F020
S214016970E5FA294620461DF023F8074600283CD1B3
S2140169803D4900F0DBFA2979DFF814C111F0010F57
S2140169903A4818BF604611F0020FAA78EB7832D158
S2140169A0DFF800C111F0100F354918BF6146CDE977
S2140169B000010020334900F0C1FA2B793BF808208A
S2140169C013F0400F4FF0000B4FF0FD030DF11808C8
S2140169D02188CDE9023BCDE9007821480CBF402350
S2140169E08023805DFFF74CFF86280ED126490020C4
S2140169F000F08AFA09F1010998E7024623490020C6
S214016A0000F09CFABFE72249D1E7A8781CF0C8FF3E
S214016A10D8B140461DF054FC421C92B201234146B7
S214016A20002000F0D5F93946208801F001FA4FF62A
S214016A30FF73984207D0174B174903EBC0035A68F8
S214016A40002000F061FA1549D1E7A8781CF0AEFFE6
S214016A5020B140461DF039FC821CDEE7EA78DDE70E
S214016A60F84100208801040096010400600104003A
S214016A7065010400D601040019F303006D0104004A
S214016A8070010400EA01040006020400A7060400DF
S214016A9078010400405A0400F3D10300B800040052
S214016AA06A010400800104002DE9F04FC7B0BDF86B
S214016AB044A10646BAF1040F0D4614461F46BDF81A
S214016AC040B163D9CDE9013B00920B4602463049FD
S214016AD0002000F019FAFD230DF117090DF1180831
S214016AE03046029322463B462946CDE900B8CDF80A
S214016AF00C90FFF7C5FE0646B8B9FD22414699F847
S214016B0000001CF0FBFE0746C0B1AAF10403834255
S214016B1038BF892620461DF090FB8EB1304600F026
S214016B201BF9304647B0BDE8F08F009023462A4651
S214016B300020184900F0E8F90027EBE78926E9E785
S214016B40DFF85CA0BA1CBAF80030C3F1FF039A4222
S214016B5019DA304600F000F999F8000000F0FCF868
S214016B60BAF800900C483A4641464844B94404F005
S214016B70F3FEAAF8009023462A46304607490097B6
S214016B8000F0C2F9CDE7892000F0E6F88926C8E7CB
S214016B90120204004D020400376000207402040053
S214016BA0E057002010B5044C2060044801800449D9
S214016BB00A60044A136010BDC0420020DE57002060
S214016BC0BC420020B842002030B587B00AAC0D4662
S214016BD054F8041B0093CDE90114134609490246F3
S214016BE009480988006805941DF029FA4FF48A526D
S214016BF0064B1B681880064B1B685D80DA8007B061
S214016C0030BD00BFDE570020C0420020BC4200203D
S214016C10B842002008B410B587B009AB0C4653F84B
S214016C20041B0092CDE9011302460B490B4805935C
S214016C300988002300681DF002FA4FF48A52084BB7
S214016C401B681880074B1B685C80DA8007B0BDE8BC
S214016C50104001B0704700BFDE570020C042002040
S214016C60BC420020B8420020044A0346116804488A
S214016C70044A0988126800681CF0BABCBC420020AD
S214016C80B8420020C0420020044B054A1B68126827
S214016C901988044B18681CF01EBC00BFBC420020BB
S214016CA0C0420020B842002007B5074B1B681B886E
S214016CB00192064A12680092054A12681CF06CFCA2
S214016CC003B05DF804FB00BFBC420020C0420020B8
S214016CD0B84200201FB51446064A12681288CDE94C
S214016CE001430091044B05491B6809681CF030FC00
S214016CF004B010BDBC420020C0420020B8420020B3
S214016D00014B1868704700BFB8420020024B1B6851
S214016D1018715971704700BFB842002010B50024A1
S214016D20084B1C70FEF75EFC074BFF2218802146BD
S214016D30064804F081FC064B1C80064B1C605C6018
S214016D409C6010BD41610020E257002037600020A2
S214016D50E0570020E457002007490B88FE2B9FBF11
S214016D60064AD054581C80B29DBF088000F1FF30FF
S214016D7080180020704700BFE057002037600020D1
S214016D80F8B5094F0D463B885C18FE2C0ADC074E09
S214016D900A46A4B20146F01804F0A0FC3C80641B2D
S214016DA0A019F8BD0020FCE7E0570020376000205E
S214016DB0024B034A00201A60704700BFC4420020FD
S214016DC0BC560400014B1878704700BFF8410020FC
S214016DD030B4044D044C002B0CBF2B46234630BC6C
S214016DE01DF097BA60C003004703040070B505465E
S214016DF008460C461DF064FA611C0246024B284602
S214016E00BDE870401DF085BA660A040000B5037837
S214016E1089B0069343783E22059383780849049304
S214016E20C37803930379029343790193837900939B
S214016E30C3790448008800F081F809B05DF804FBC6
S214016E40A2020400F0570020024B024602491888AD
S214016E5000F05AB8F0570020CCC603002DE9F047E1
S214016E6005460E4617460024DFF84480DFF844A0A6
S214016E70DFF84490AC4201D1BDE8F087B8F80000D5
S214016E8006EBC401534608221DF043FA0134B8F854
S214016E9000003FB9044AA54208BF4A46034900F02C
S214016EA04DF8E7E74A46F9E7B8000400CBC6030009
S214016EB0F05700204703040043AF03002DE9F041DB
S214016EC00E4E044630881DF03CFAA8B100250C4F42
S214016ED0DFF83080E3070AD518B94146308800F05C
S214016EE02DF830882A46394600F028F8002001356A
S214016EF01B2D4FEA5404EDD1BDE8F081F057002078
S214016F005FEF0300EAFF03000EB417B505A90446B8
S214016F1051F8040B019103F091FA01210220054A70
S214016F20F8F7ECFC044B1C8003B0BDE8104003B03E
S214016F30704700BFB8000400F05700200EB417B524
S214016F4005A9044651F8040B019103F077FA034BA7
S214016F501C8003B0BDE8104003B07047F057002016
S214016F6013B503680446587900F032FF90B92368D8
S214016F705A88032A0ED0E17C5B79CDE900211649B7
S214016F80164AFFF7C1FF012120461DF07AFA0120BB
S214016F9002B010BD637D012B0AD0637D33B923682F
S214016FA0228A598858791CF056FE48B9C3200AE04F
S214016FB02368228A598858791CF056FE0028ECD09E
S214016FC020461DF0C0F9064B1B78002BDFD110F5CB
S214016FD0807FDCD0C1B2D7E7CF020400C70204002D
S214016FE038610020002970B50F491D460F4B144625
S214016FF00CBF6E227922002808BF0B4600200C49E0
S214017000FFF79CFF0B4E2544AC4205D1BDE870400E
S21401701000200949FFF778BF3146002014F8012BFC
S214017020FFF78CFFF0E700BF08030400FE02040030
S21401703011030400450304009CE603002DE9F04F0C
S214017040C27C8BB00592427D0368002A14BF802261
S2140170504022077D0446856886895879B846B3F884
S2140170600290069200F0B4FEA0B9059B052B05D848
S2140170706FF02D03059A1341DB070BD5B9F1030F0A
S21401708008D0AB490020FFF73FFF012120461DF045
S214017090F8F976E0E37B1BB1228A002A00F0B7817B
S2140170A0607D0022B0FA80F05B4203F00403DFF853
S2140170B08CB2400943EAC000ABF80020FFF74CFE53
S2140170C0E37B1BB3208A1DF0B8F88246A07CFFF74D
S2140170D043FE059A162A00F29A81DFE812F019009B
S2140170E09E016C005600D2016C009201D9019A01F2
S2140170F0E001E701EE0139010202980198019801C9
S2140171001402580214027002390102029A46DDE79F
S21401711000204B46874A8849FFF7F6FE0120FFF715
S2140171201BFE08F10207B74229D8414632462846D7
S2140171301DF0C0F88046236842465879BBF80030F7
S2140171404946C3F1FF039BB20193238A0093069B32
S2140171501EF0DDFB10B11FFA87F8E2E7236842460E
S2140171605879BBF800304946C3F1FF039BB201933F
S214017170238A0093069BFFF797FC8928EBD11DF025
S2140171807AF901200BB0BDE8F08F4FF0000B042018
S214017190FFF7E2FDF31E0893089B984552D3BBF117
S2140171A0000FECD1E37B94F81480002B0CBF022275
S2140171B00422624B1A804FF0000B0420FFF7CCFD2F
S2140171C05F4608F1030A564540F29D803246414625
S2140171D028461DF06FF805EB08039B78F21EAA44BB
S2140171E0A2EB080207905146184692B209931CF08A
S2140171F085FB0890002879D02268099B5079CDE953
S21401720001A3238A49460093DDE906321CF0A5FE58
S21401721082464A460020079B4949FFF78FFEBAF18E
S214017220000F55D10BF10103504646495FFA83FB27
S214017230FFF76AFE089B08F1030813FA88F81FFA9D
S21401724088F8BEE73246414628461DF033F805EB7E
S21401725008039F78089B08F10301A3EB0802294461
S214017260824692B2384609911CF048FB079068B3F3
S21401727023680999587902970191238A5246009307
S2140172804946069B1CF0B9FE0746B8B10BF101034F
S21401729038465FFA83FBFFF75FFD50461CF0CDFFD3
S2140172A053464A4600202649FFF72EFE3A4600205E
S2140172B02549FFF729FE802F3FF471AF079B08F1A0
S2140172C0030813FA88F81FFA88F865E78027DDE7D0
S2140172D05046FFF741FD07981CF0AFFF01375246B5
S2140172E000201949FFB2FFF70FFEA3E78720FFF73B
S2140172F033FD07981CF0A1FF013787221249089831
S214017300FFB2FFF701FE059B052B3FF43AAF002FB6
S2140173107FF435AFBBF1000F05D10C495846FFF796
S214017320F3FD8021B2E63846FFF716FD27E700BFDA
S21401733017B70300520304009F030400E057002020
S2140173405C0304009F020400780304008203040027
S2140173500599A84AA84B0020152918BF1346CDF851
S2140173600090A64AA649FFF7CFFD059B0C2B14BF3C
S21401737016200D20FFF7F0FC3246284639461CF051
S21401738099FF059B3D440C2B0646AD7835D1192D4A
S21401739028BF1925E37BB3B14FF6FF73278A9F42B7
S2140173A011D1206832464946069B4079FFF70AF913
S2140173B0B84208D0BAF1000F05D020828AF8000042
S2140173C0000A8AF801000020BBF80070FFF7C4FC31
S2140173D0236832465879059B4946A3F1150CDCF122
S2140173E0000343EB0C03CDE90153238A0093069B6C
S2140173F01CF027FD834BD855C1E6132D28BF132556
S214017400C8E72046FDF7D0FB00287FF4BAAE8121FD
S2140174103CE62046FDF77CF8F6E7B9F10A0F05EBE6
S2140174200708A6EB070A21D1DFF8DCB19BF800308C
S214017430E3B1E37BD3B9BAF1080F17D13246394627
S21401744028461CF037FF88B998F8023073B998F8C7
S2140174500320E22A0AD13246391D284605931CF03C
S21401746026FF1CF0F3FF059B8BF80030414648468B
S2140174701FFA8AF21EF04DFA00287FF482AE002130
S21401748004E6F21B484692B2E9191CF0D0FEF3E777
S214017490F21B484692B2E9191CF08DFEECE7F21B8E
S2140174A0484692B2E9191CF0B2FEE5E7F21B4846DF
S2140174B092B2E9191EF02FFADEE72368EE5D5879DD
S2140174C0238A0137ED5D0193069B324649460093B8
S2140174D02B461CF0F5FB2A46314648461CF06DFE4D
S2140174E04FE605987A1CE95DB31AA0F116067042BC
S2140174F070410039009018BF012148469BB22A44CA
S2140175001CF05DFEB8E7059BEE5D112B3D446F78E0
S21401751038D11220FFF720FC0025E37BB3B14FF6EC
S214017520FF73B4F81080984510D133464A46214679
S2140175302846FEF7C9FF404508D0BAF1000F05D02E
S21401754020828AF80000000A8AF80100BBF8008051
S214017550DFF8B0A0C8F1FE0292B208F10103009272
S21401756053444A4621462846CDE90267CDF804B081
S214017570FEF7E2FFBBF800300AF808000133ABF86B
S2140175800030FCE51420FFF7E7FB0125C5E77B1C6F
S2140175909E422CD3EF5D1D44003F18BF0127F31A0E
S2140175A09EB233462A4639460020FFF71BFD009659
S2140175B02B463A464846218A1CF005FE5CE77B1CB2
S2140175C09E4214D3EF5DF61A003F18BF01271D44F3
S2140175D0B6B233462A4639460120FFF703FD009628
S2140175E02B463A464846218A1CF0EBFD44E700202C
S2140175F0C8E500BFB80004004D030400930304006F
S2140176009D030400376000203661002038B54FF630
S214017610FB750446A9424FF001019DF8100098BF82
S21401762043F40043217023816260A072022300208C
S214017630084A0949FFF768FCE07A084B40F6CA0297
S21401764003EB4010FF211BF090F8BDE83840042002
S214017650F8F732BBAD030400B8030400084300206A
S21401766030B5054685B028B91D4905B0BDE830409E
S214017670FFF74ABC0024007B1CF032FE2046194A64
S21401768019492C70FFF740FC184BE87AFF2103EBF1
S21401769040101BF07BF82046154B02019A5C22B97C
S2140176A001300428F9D1F8F721FB696899B1B5F9D9
S2140176B008302A899B1303F002038DF80430C2F3C5
S2140176C00E03ADF806304FF6FF73ADF80830002311
S2140176D001A80393884705B0BDE830401CF005BEFD
S2140176E0E3030400AD03040015040400084300206E
S2140176F0C84200200948037873B91946084AD3726C
S2140177000133042B1173117051601181917202F1D2
S2140177101002F4D101230370704700BF37610020C7
S214017720C842002008B5FFF7E5FF002305491A0106
S2140177308A5C01EB03101AB10133042BF7D1002048
S21401774008BD00BFC842002070B50D460646FFF7CB
S214017750D1FF0023094800EB0514A17AB14205D1F7
S214017760217819B12B4400EB031070BD0133042BB3
S21401777004F11004F1D10020F7E700BFC842002051
S21401778010B50446FFF7B6FF0E4B9C4212D003F12C
S2140177902002944210D003F1400294420ED060338E
S2140177A09C420DD10323084800EB0310BDE81040AE
S2140177B0FFF756BF0023F6E70123F4E70223F2E7BB
S2140177C00020F3E708430020C842002070B50024DB
S2140177D0064D074E2846324600210134F7F7A4FD30
S2140177E0042C05F12005F5D170BD00BF084300202B
S2140177F0817701002DE9F34105460C461746984668
S214017800FFF790FF064640B91C4A1D49FFF77CFB6F
S2140178100224204602B0BDE8F0814FF6FB739D427C
S2140178200AD94FF6FD739D4204D00020134A15492C
S214017830FFF76AFB4FF6FD75434621463A46284652
S2140178401CF0ECFD044600F02FFE804634B12346C2
S21401785000200A4A0C49FFF757FBDAE73B46204669
S214017860064A0A49FFF750FB062329463046089A7E
S214017870CDF80080FFF7CAFECBE700BFAD030400DA
S214017880220404004C04040081040400AA04040039
S214017890F7B506460C461746FFF744FF054638B9C6
S2140178A0104A1149FFF730FB0224204603B0F0BD11
S2140178B021464FF48A5230461CF078FF044600F009
S2140178C0F3FD34B123460020064A0849FFF71CFBA6
S2140178D0EBE7009004233A4631462846FFF796FE2A
S2140178E0E3E700BFAD03040022040400D204040051
S2140178F0F7B506460F46FFF715FF054638B9104A95
S2140179001049FFF701FB0224204603B0F0BD002218
S2140179104023114630461DF00DF904461DF008F9C6
S21401792034B123460020064A0749FFF7EDFAEBE794
S214017930009001233A4631462846FFF767FEE3E703
S214017940AD030400220404000505040073B50446D3
S2140179500E46FFF7E7FE054638B9104A1049FFF70D
S214017960D3FA0224204602B070BD002220461146FA
S2140179701DF0E2F804461DF0DBF834B12346002082
S214017980064A0849FFF7C0FAECE70090234632465C
S2140179904FF6FC712846FFF739FEE3E7AD03040016
S2140179A022040400330504002DE9F04188461078CE
S2140179B000219EB014461D46FFF7C6FE0646002867
S2140179C000F0FD800778002F7BD0B8F80010002962
S2140179D040F0F5800389B8F8022043F40040824263
S2140179E040F0ED80617800296BD1A2F50042062AAD
S2140179F000F2E580DFE812F0A100A100E300E30059
S214017A000700B8006900E3880D3DADF824302389EE
S214017A1015F00105ADF8263063798DF82830E37A44
S214017A2003F1060214F812208DF814308DF81C208C
S214017A3042D10BA98E46069104F10C005FFA85FC33
S214017A409C4500F1020009D210F8018C10F802CC16
S214017A5001350CEB082C2EF802CBEFE701EB4301C6
S214017A601A440891D2B2590001F10D009A42C0B2EF
S214017A700BD025186D78205C7831694400EB052021
S214017A80013321F84C0CDBB2EDE7B6F90820338957
S214017A90002AACBF01220322C3F30E038DF808208F
S214017AA06288ADF80A3005ABADF80C20049302A944
S214017AB030461CF09EFC04E0424A43490020FFF792
S214017AC023FA38461EB0BDE8F081042D02D83D4A9F
S214017AD03E49F3E72379053DADB29D42B4F80280F5
S214017AE002D0384A3A49E9E73A4A3B4B0020002D92
S214017AF008BF13463949334ACDF80080FFF704FA28
S214017B0005348DF81450B6F90830069485B1002B6B
S214017B10ACBF012303238DF82C303389ADF83080B8
S214017B20C3F30E03ADF82E3005AB0D930BA9BFE7DB
S214017B30002BACBF06230523EDE70B2DC7D9D4F8E0
S214017B400200D4F8061013F4004F05AA03C20CBFB6
S214017B50042203228DF82C206289C3F30E03ADF8AC
S214017B603020ADF82E30DFE7042DB0D96388ADF8AC
S214017B70303023790533DBB29D4206D00020114A0E
S214017B8017490095FFF7C0F99BE70E4A00201549F3
S214017B90FFF7BAF9B6F908203389002AACBF0122EB
S214017BA00322C3F30E03ADF82E3005AB0D93631D10
S214017BB0069323798DF82C208DF81430B6E700272C
S214017BC07FE700BFAD0304006005040088050400DC
S214017BD09C050400DCBE0300B8000400C3050400D5
S214017BE0E005040021060400304BF0B5B0FBF3F2CB
S214017BF04FF4616503FB1200B0FBF5F3DCB205FB45
S214017C0013033C25B3FBF5F3DBB2A0EB04104B7179
S214017C10C3EB0313A0EB83004FF4FA630B8040F22F
S214017C2001134B8001230C711F4600246425204E4E
S214017C308871944200D1F0BD91F802C013B1BCF135
S214017C40020F2BD006EB0C0010F801ECC87870453B
S214017C500BBF012001300CF1010CC0B208BF81F846
S214017C6002C0C87088780D2816D10B888F70013332
S214017C709BB298070B8014D1B3FBF5F005FB1030CF
S214017C8080B280B94FF4C870B3FBF0FC00FB1C3324
S214017C909BB2B3FA83F35B090134CAE74FF01D0EBA
S214017CA0D4E70023F8E70123F6E700BF805101007F
S214017CB0025A040010B5044688B006A9FFF794FFDF
S214017CC09DF81E300A4803939DF81D3004940293D4
S214017CD09DF81C309DF81A200193BDF8183005490F
S214017CE0009300889DF81B30FFF70EF908B010BD11
S214017CF0F05700203A060400026808B51188154BB3
S214017D0019805188598051791971117959714FF437
S214017D108A51D980D28812F0200F0CBF0A464FF440
S214017D208B528169DA800C4A137831B9C0880B49C5
S214017D3023F002030880137008BD43F0020313709A
S214017D40074B15221846013103F0C8FC002200F843
S214017D50012CF1E7E457002041610020E2570020A2
S214017D60F357002010B5184C236858791BF067FFAD
S214017D700B2822D8154B03EB0010027B237F9A4277
S214017D801BD12368428819888A4205D04FF6FF70B6
S214017D90814212D1120410D42279023A012A06D95C
S214017DA0A37B63B9BDE810400748FFF747B91989B7
S214017DB058791BF07AF80028F2D1002010BD02484D
S214017DC0BDE81040FFF7CCB88C430020F8410020F6
S214017DD008B51BF034FF0B2896BF024B0020185C39
S214017DE008BD00BF4661002008B500201CF078FAE7
S214017DF0FF201BF057FF1CF078FA1CF01FF9FEF766
S214017E0071F901210246064803F016FC054BFF21D5
S214017E10054A0648FEF7C6FEBDE80840FEF708BB61
S214017E2046610020E4570020E0570020376000201C
S214017E30F0B5002204464FF6FF750B4F90B237F8A7
S214017E4030600346AE4201D12846F0BDA64209D1B4
S214017E50B4F57C4FF9D307EBC3035B888B42F4D0B0
S214017E600029F2D00132E9E7405A040010B5044671
S214017E70FFF7DEFF094A034610884FF6FF7293426A
S214017E8014BF074A2246BDE8104017BF02EBC303E2
S214017E9004495A680449FFF751B800BFF05700205B
S214017EA0405A04005D060400F3D10300034B187822
S214017EB00130C0B2187000F07F0070476C6B002074
S214017EC0044A137818B143F001031370704703F0A6
S214017ED0FE03FAE741610020014B1870704700BFAE
S214017EE04461002038B1074B1B78012B04D103886D
S214017EF043F0400303807047022BFCD1038823F034
S214017F004003F7E74461002068B1074A1378012B64
S214017F1007D1064B1B781370037843F010030370E8
S214017F2001E0022BF8D07047436100204261002037
S214017F307FB50121264B274E197033780246D907A3
S214017F4044D42549096881B10868C1888D0641BFB6
S214017F50224CE18841F02001E180C1884C0641BFF6
S214017F601E48C18841F04001C1801D4D1D49287839
S214017F70097840074CBFE97069701B4913F0020489
S214017F80098809D0164A19481CF02DF9337823F0D0
S214017F900203337004B070BD154B18884FF6FB739F
S214017FA0984208D80B46CDE9005201460B4A2046B6
S214017FB01BF0F2FAEEE74FF6FF73CDE901420093AC
S214017FC00A46074B05491BF0C3FAE3E70020E1E741
S214017FD0386100204161002088430020E4570020DA
S214017FE0376000206D6B0020E0570020F25700201C
S214017FF0E257002070B503790446012B0D4616465C
S21401800031D883681B78DB0600D561B3A37B13B92F
S214018010E37C0B2B27D00022144B1A80637DB3FA26
S21401802083F35B09D800E37BABB9FEF795FEA07C32
S214018030FEF792FE0B20FEF78FFEE07CFEF78CFE2D
S2140180402846FEF789FE2046FFF756FE3046BDE875
S2140180507040FFF76DBF40F00400FEF77DFE208AFA
S2140180601CF0EBF8E3E7002070BD00BFE0570020EE
S214018070024B0A4601461868FFF7BCBF884300203A
S214018080F0B4054618460F4B0C461B78BDF8101089
S214018090012B0D4E01D0377827B100233370002015
S2140180A0F0BC70470CB9002AF9D143B14FF65743DB
S2140180B0994204D02B462246F0BC1CF07AB8012027
S2140180C0EEE700BF6E6B0020456100202DE9F04F02
S2140180D0684C4FF0000A25468446964698460F4659
S2140180E0654B664E83F800A00FCE0FC596E80F00CD
S2140180F085B085E80F00DDF83C90BDF83830724653
S2140181000093394643466046CDE9019400F0DCF819
S214018110DFF89081064670B90025FEF7FFFD1622AE
S2140181200021574803F088FA00232846C8F8003093
S21401813005B0BDE8F08F534BA27CC8F800401A701A
S214018140514B1B78002B36D01CF082F94F49024662
S2140181505046FEF7F3FE22685046537952884C4942
S2140181600092A289FEF7EAFE50461CF0EAF820B11A
S2140181702368218A5888FFF779FEE37B23B1002024
S214018180228A4449FEF7DAFEA36800201A78E37CC7
S21401819041490093A37CFEF7D1FE207DA289A16808
S2140181A0121A01440123002092B2FEF711FE0020AC
S2140181B03A49FEF7A9FE2F48FFF79EFD2D481DF010
S2140181C0A1FB054630BBB9F1000F25D12168E08837
S2140181D00B8801904988BA1E032A00918CBF0022A1
S2140181E001220121E07CFFF74BFF38B923685B7958
S2140181F0FF2B3AD0FFF7B6FD05468EE72368DB88EE
S2140182009A06F3D40121264C1A4821701CF039F93C
S21401821084F80090354680E7B9F814309B07E5D41A
S2140182207AE75846FEF718F882465846FDF760FF8B
S21401823088B123685046228A59881BF003FD50B145
S2140182403846FFF759FD236889F804A083F805A08E
S214018250FFF788FD00B9284605460136FDF742FFBF
S2140182605FFA86FB5845DCD857E70026014FDFF852
S2140182703890F3E78C43002038610020205A040030
S214018280F25700206D6B00206B6B00207606040011
S2140182907F060400A0060400AC06040026B803000E
S2140182A04561002088430020E45700200023054A4A
S2140182B0D15C814202D31A44507870470233DBB254
S2140182C0F6E700BF0E5A040073B515462E781A4617
S2140182D016F0040F0CBF032605269E42089C08D9FB
S2140182E0224A234900960020FEF70EFE002002B027
S2140182F070BDBDF8183021712060E380A560A281B1
S2140183002B7803F00103A3732B7803F00403002BEF
S21401831014BF01210021E1732978C1F3C001617501
S2140183204FF00101217518D028461BF0C3FF237DAD
S214018330208202332375227D531CDBB22375A95C90
S2140183400232D2B2A1742275EB5CE374A3899A421D
S21401835005D900920749054AC5E72382EBE7079B43
S2140183600120A36100232377C1E700BF70BF03008C
S214018370EF0604000B0704002DE9F7430024204F05
S214018380DFF89C80DFF89C90E0B21CF00FFBFF2822
S21401839005460FD12346012102201A4AF7F7AEFA05
S2140183A0194B0134187819F0E2FD152CECD103B005
S2140183B0BDE8F08346B238EA260328BF4B460121C2
S2140183C00093022057F82430104AF7F797FA002E48
S2140183D0E6DA0923E340DB070AD50D4A0D4B15F013
S2140183E0010F18BF1A4601210220F7F787FAD7E7CF
S2140183F00A2CD5D1084A094B15F0010FF1E700BF49
S214018400585A0400640704006F6B00208C070400B0
S2140184103D07040027070400590704004F0704001E
S214018420DCBE0300B800040008B55422002102484F
S21401843003F002F9002008BDE058002008B55422D8
S214018440FF21024803F0F8F8002008BD8C580020F0
S214018450024B23F810100020704700BF8C580020F4
S214018460002310B4074ADCB2A14203D85DF8044BDE
S214018470FFF7DABF2A2BF9D032F8024B20F8134067
S2140184800133F0E7E0580020002310B5054A994271
S21401849001DD2A2B00D110BD32F8024B20F8134023
S2140184A00133F4E7E0580020024B187800F07F0013
S2140184B0704700BF52610020034B18780130C0B2EC
S2140184C0187000F07F0070475261002030B51C46DE
S2140184D000238BB0ADF82220021D92B2012A0E9D18
S2140184E0ADF82030ADF81E10ADF81C3003D94FF6AC
S2140184F0FF7290420FD10022CDE90352CDE901244B
S214018500094B01461B784FF6FF70009307AB1CF032
S2140185106DFA0BB030BD0146CDE901531846009403
S21401852007AA1CF07FFAF4E7706B002038B5054601
S2140185304FF480500C4603F085FA4FF480532860C0
S214018540236030B940F2A511BDE83840014822F059
S21401855040B938BD7B080400004870479E5A002089
S214018560014B1878704700BF896B0020014B1888B3
S214018570704700BF126B0020014B1878704700BF90
S214018580826B0020014B1878704700BF56610020AF
S214018590014B1878704700BF7D6B0020014B1870A7
S2140185A0704700BF59610020014B1870704700BF2B
S2140185B058610020014B1888704700BF106B0020DF
S2140185C02DE9F74F4FF00008394B3A4F93F80090DA
S2140185D0394B3A4E3A4D3B4C3B483C49DFF8F4C0E8
S2140185E0DFF8FCE0DFF810A1DFF810B10193019B82
S2140185F02037203301935FFA88F3994506F1200668
S21401860005F1200504F1200400F1200001F120010C
S2140186100FD8002211462E4B2E4D1C782E4E2F4B76
S2140186202F4FD0B2844203F1200338D803B0BDE8FF
S214018630F08F2C4B2C4A47F81C3C002346E90723B5
S2140186402A4A47E9063E45E90723294A46E905E35A
S21401865044E90723274A45E905E340E90723019A48
S21401866044E905E340E905E341E908CA41E9063E74
S21401867047F820CC47F8103C46F820CC45F820CCEB
S21401868044F820CC40F820CC41F8103C08F1010811
S21401869042E908CB42E9063E42F8103CA7E743E927
S2140186A0085643E9061743F8101C0132B9E700BF24
S2140186B08D6B00206447002064460020444700205C
S2140186C024470020C4460020A446002084460020FB
S2140186D0876B0020E0550020D5B10200E44600205B
S2140186E0B800040027700300FF6E0300117A020031
S2140186F0B19302006749030085F70200156902007D
S214018700002208B5074B1A605A601CF01EF9064B8A
S21401871018701CF01AF9054B1870054B1A78054BA2
S2140187201A7008BD825500209461002093610020D4
S2140187307B6B002092610020002100B593B00846B3
S2140187406A460AF0E7F90146C8B90E4B0E4A099384
S2140187500E4B0D920A930E4A0E4B0E920B930E4A37
S2140187600E4BCDE90F230C930D4B6A4611930AF07D
S21401877087FC003818BF012013B05DF804FB012008
S214018780FAE700BF916A0300AD750200956C03001D
S2140187906D4A020095490300D9840200F56C030076
S2140187A0DD710200084B1878112806D8012809D96E
S2140187B0064BC34003F001007047A0F14303584243
S2140187C0584170470020704796610020340002002F
S2140187D008B5064B1B78013B022B05D80020FFF796
S2140187E0E1FF0138C0B208BDFF20FCE79761002019
S2140187F0044B00F1100250F8041B904243F8041B8E
S214018800F9D1704798610020044B03F1100253F828
S214018810041B934240F8041BF9D17047986100206D
S21401882030B5002491B0114B0546214614220BA801
S214018830CDE9094302F000FF102209ABCDE900445F
S2140188400693CDE90452CDE90252094B09490AA81B
S21401885018F08CFF04460AA81CF0F1FD1CB1A021FB
S214018860054821F0B6FF11B030BD00BF00248000DE
S21401887000444004986100200609040070B50024F5
S21401888090B0154B05460E46142221460BA8CDE99D
S214018890094302F0D1FE102209ABCDE9004406934C
S2140188A03146CDE90452CDE902520C4B0AA818F024
S2140188B05DFF04460AA81CF0C2FD1CB1BA21084897
S2140188C021F087FF099B102B03D0BB21044821F020
S2140188D080FF10B070BD00BF00248000004440043B
S2140188E00609040030B50D4600218FB0124B044630
S2140188F0142209A8CDE9071302F09EFE102207AB49
S214018900CDE90242CDE90042049329460B4B08A863
S21401891018F02EFF044608A81CF091FD1CB1D121C9
S214018920074821F056FF079B102B03D0D22104489D
S21401893021F04FFF0FB030BD0024800000444004FA
S214018940060904000022034B1870034B1970034BF1
S2140189501A707047A9610020AA610020A861002052
S2140189602DE9F04FDFF89080064698F800300D4666
S21401897085B0002B3AD04FF6FB73984236D84FF0AD
S214018980000B1C4FDFF874A03C7898F800305FFAB3
S2140189908BF94B459AF8000011D9484402AA0DF10B
S2140189A00601C0B214F00CFB082229460DEB0200AA
S2140189B003F08EF90BF1010B0028E6D14C463B780B
S2140189C0A34208D198F80020631CDBB29A423B70A0
S2140189D004BF00233B70324629469AF800301C44F7
S2140189E0E0B205B0BDE8F04F14F0D8BB05B0BDE865
S2140189F0F08F00BFA8610020AA610020A9610020B5
S214018A002DE9F74F06460D4614461F464FF0010B5B
S214018A10DFF8789003F10C0A15B903B0BDE8F08FC2
S214018A20102DA84628BF4FF010083A46164B5FFA9D
S214018A3088F152F8040B524543F8040BF9D1019121
S214018A409AF8002011481A70002389F80F4089F817
S214018A5000B089F80E30FFF7E3FE324601340B48CA
S214018A600199E4B212F801CB10F8013B83EA0C033A
S214018A7002F8013C931BDBB28B42F3D3A5EB08084B
S214018A8016461FFA88F5C7E7AC610020AB610020E7
S214018A902DE9F04F9046914685B00090981A0293C2
S214018AA083B20193009B0F46354903F10C0453F83A
S214018AB0045BA34241F8045BF9D11B78314E0B707D
S214018AC049233370019BF0731B0A3046B373FFF7DB
S214018AD0A7FE0221BB460D46737888EA030373702E
S214018AE04FF0000A1DE0C5F11004A9EB0A039BB282
S214018AF0A4B29C4228BF1C4600231FFA83FCE81838
S214018B006445C0B21FD82544EDB2A344102D544489
S214018B101FFA84FA05D1002530460391FFF780FE3F
S214018B200399D145DFD807EB080B25B1154803910A
S214018B30FFF776FE039901294FF000050DD00121BC
S214018B40DDF80490CCE71BF803C016F800E001330B
S214018B508CEA0E0C06F800C0CFE7029B09491F44B9
S214018B60094B38461C78224602F0F6FE2A46214674
S214018B703846009B05B0BDE8F04FFFF741BF00BF88
S214018B80AC610020AB6100208E6B002030B54078D0
S214018B900C4601284FF0110387B001F1100516D1DC
S214018BA0144A01A90AF0F4FF234601AC22461868CC
S214018BB05968083303C2AB421446F7D111230D4A54
S214018BC0002001A90AF0E4FF002007B030BD012013
S214018BD0094A01A90AF0DCFF234601AC22461868BF
S214018BE05968083303C2AB421446F7D11123024A2F
S214018BF0E6E700BF75E4010079EB010030B50C46ED
S214018C00407887B001284FF011030DBF0B4A0C4A7C
S214018C10012001A918BF01A90AF0BAFF234601AA3B
S214018C2005AD144603CCAC4218605960224603F1E8
S214018C300803F6D1002007B030BD00BF75E401007F
S214018C4079EB010010B50C4688B01A230C4A01A92D
S214018C5001200AF09DFF21460DF10E0304F11002DA
S214018C6051F8040B914243F8040BF9D11A23002062
S214018C70034A01A90AF08CFF002008B010BD00BF0E
S214018C8024E10100F0B58BB004460D461DF0C5FE8B
S214018C90A8B101A812F044F988B1667B271D16F029
S214018CA0020F05D00822384601A903F011F8D0B901
S214018CB001AB46F0020603CB6060796066731A2347
S214018CC00A4A03A901200AF063FF29460DF116039B
S214018CD00DF1260253F8040B934241F8040BF9D127
S214018CE000200BB0F0BD2D20FBE700BF24E1010002
S214018CF0F0B50546071D00220C463846082193B0FC
S214018D001DF019FE6A7B0646D0070BD5687808A9C0
S214018D101CF0C6FADDF83D306B60DDF841307B6053
S214018D2080B10BE0910709D5D2000121384602F047
S214018D3080021CF0C0FAFF28687002D12D2013B003
S214018D40F0BDD6B1687801A91CF047FA9DF81C3031
S214018D505B0604D54FF4C6710A4821F03AFD234656
S214018D6003AD07AC2A4603CAA242186059601546ED
S214018D7003F10803F6D10020E1E708A91CF090FAF8
S214018D80CEE700BF840904002DE9F04106468AB00B
S214018D901F480F4615460024FFF736FD002C01A993
S214018DA014BF4FF05C0C4FF0360C10238846184A5F
S214018DB012F8010B013B8CEA000013F0FF0301F8E7
S214018DC0010BF5D105A81EF0F1FB4246102105A8BE
S214018DD01EF0F0FBC4B93946324605A81EF052FC17
S214018DE02A460DF1140C0DF1240E634603CB734590
S214018DF0106051609C4602F10802F6D114B10AB027
S214018E00BDE8F0810124C9E72A461021E5E700BF45
S214018E10DB6100202DE9F04791460D46C0B09DF874
S214018E202041DDF828811E46DFF87CA09DF824311C
S214018E3007462246494640468AF8003002F08CFD35
S214018E409DB12346324641463846FFF721FEB442DD
S214018E5007D9A11B3B46012289B208EB0600FFF7A2
S214018E60CFFD002040B0BDE8F087A11B3B460122A4
S214018E7089B208EB0600FFF7C3FD22464146684665
S214018E8002F06AFD3246694638462346FFF700FE81
S214018E909AF800200DEB040109EB040002F018FF1C
S214018EA00028DED02C20DDE78E6B002038B5034687
S214018EB0104601F1100451F8045BA14242F8045B2C
S214018EC0F9D104491BB1FFF7D9FC002038BDFFF7E3
S214018ED009FDFAE7DB61002030B5054689B0694631
S214018EE01BF0FFFF6B8804ACABB1224629466846EF
S214018EF01BF097FF0E4A08AD234603CBAB4210602A
S214018F0051601C4602F10802F6D10948FFF770FCD1
S214018F10002009B030BD6B46054D1A4603CAA24271
S214018F2028606960134605F10805F6D1EDE700BF34
S214018F30DB61002050B10B4B0B4A03F1100153F8D3
S214018F40040B8B4242F8040BF9D17047064B054AD5
S214018F5003F1100153F8040B8B4242F8040BF9D1CC
S214018F60704700BFDB610020BB61002008B51022FE
S214018F70024802F0B3FB002008BD00BFCB61002011
S214018F8008B508461022024902F0A8FB002008BDD9
S214018F90CB61002010B5044686B001A9114A112301
S214018FA001200AF0F5FD9DF8143001A8E3701EF0CB
S214018FB0C4FE80F001000C4A01A960701123012053
S214018FC00AF0E6FD9DF8143001A8A3701EF0B5FE68
S214018FD080F00100207010F03DFB6060002006B0BC
S214018FE010BD00BF75E4010079EB010010B5044621
S214018FF086B01123134A012001A90AF0C9FDA378FE
S2140190009DF814209A4207D08DF8143000201123C1
S2140190100C4A01A90AF0BCFD11230B4A012001A943
S2140190200AF0B6FDE3789DF814209A4207D08DF831
S214019030143000201123044A01A90AF0A9FD06B044
S21401904010BD00BF79EB010075E401002DE9F04188
S21401905086B0064603A80C4612F000FF0546002817
S2140190604AD1BDF80C30980646D51022294620462E
S21401907002F0E2FA01A811F053FFC0B1777B06F1C6
S214019080040817F0020F06D00822404601A902F094
S2140190901FFE00282ED101AB47F0020703CB7060FC
S2140190A0C8F804107773238843F0080323802388C5
S2140190B043F00203238011F00DFB60601DF0ADFC50
S2140190C030B10E4B1B68A360238843F00403238052
S2140190D00B4B1A68D1035EBF238843F0100323802D
S2140190E0130203D5238843F400632380284606B081
S2140190F0BDE8F0812D25F9E72425F7E79447002000
S2140191009847002010B5D0E9023253F8223090B0CB
S2140191101C684022694620461CF035F9034630B1EA
S214019120224600200549FDF7EFFE10B010BD0122D2
S21401913069460820FDF792FEF7E700BF1A0A040009
S21401914070B500F0B1F800280CBF6E22792200201D
S2140191501349FDF7D9FE00F0A7F8F0B11CF027F986
S21401916000280CBF6E22792200200E49FDF7CCFEA6
S214019170082200200C49FDF7C7FE00250B4C0C4EBB
S214019180234654F8042C314600200335FDF7BCFE77
S214019190182D04F10C04F3D170BD3F22E4E700BFA3
S2140191A0520A0400690A0400790A0400BC48002037
S2140191B0980A040070B51CF0DFF804462149002027
S2140191C0FDF7A2FE2CB92046BDE870401E49FDF70A
S2140191D09BBE00F0BBF805461C4B62690020002AC6
S2140191E008BF1A461A492668FDF78EFEA288002097
S2140191F01849FDF789FE1849E2880020FDF784FE2C
S214019200A388228913F010001ABF002013491449BD
S214019210FDF77AFEE26800201249FDF775FE226925
S21401922000201149FDF770FE104A114B0020B6F5DB
S214019230817F38BF13460F492A46BDE87040FDF7C7
S21401924063BE00BFCD0A0400DA0A040090DA030008
S214019250FB0A0400190B04003A0B0400570B040028
S214019260740B0400920B0400B00B0400C50A040042
S214019270BB0A0400CE0B040038B5014600230C25BA
S214019280084A05FB03F4A0181459013404D10C2232
S21401929002F024FA002038BD0133082BF1D1012059
S2140192A0F9E700BFB8480020034B1878012894BF9F
S2140192B000200120704700BFED61002038B504464C
S2140192C0044D2878A04203D021461CF035F82C70B6
S2140192D038BD00BFED61002000B58FB034220021FB
S2140192E001A802F0A9F901A8EEF710FB0598D0B184
S2140192F082680E4BB2F5803F34BF92B2C2F38F2222
S21401930041881A81028828BF41F010011A6042681C
S2140193109980DA80C268DA6002691A6142695A6124
S214019320027E18461A760FB05DF804FB3C48002012
S214019330054B1B7820B1012B04D80220FFF7BEBFD6
S214019340012BFBD8704700BFED61002010B5084C1B
S214019350237853B91CF010F80123237028B1036851
S214019360B3F5817F24BF037E2370207810BD00BF34
S214019370EC61002070B5184B1B78012B2BD81BF025
S214019380DEFF164D024616490020FDF7BDFD012001
S214019390FFF7CEFF2E78FF2E1DD1FFF79DFFC8B138
S2140193A0848860223146C4F340040E482C7002F0D3
S2140193B043F9602231460C4802F03EF95CB1FFF7F2
S2140193C0C5FF042807D9BDE8704040F22B110748B5
S2140193D021F0FFB9287070BDED6100208F6B002071
S2140193E0F10B0400B848002058480020030C040084
S2140193F02DE9F04FDFF884928DB003AB074688461F
S214019400144699E8070083E80700FFF7B3FFFFF764
S2140194109DFF944B06461D784B46012D40F070810A
S214019420012840F27281B7FBF0F200FB1272002AAB
S21401943000F06B818C4900228B46D1F800C0BCF14C
S214019440FF3F04D0087A6044874200F01981013258
S214019450082A01F10C01F0D193E8070006AE0DF1E0
S214019460240A86E807008AE80700FFF76FFFB7FBC4
S214019470F0FB00FB1B7BA0EB0B094A464146064668
S2140194800AA809978DF82C9002F066FA00224FF090
S2140194900C0E764902E00132082A0ED00EFB02F0CD
S2140194A000EB010C08580130F5D19AE807008CE86A
S2140194B007006F490A7801320A70A14504DD4FF4AE
S2140194C0E2716C4821F085F9A41B5C444F44A1B2BB
S2140194D017FA84F4B4FBF6F206FB1242C8448E1A5D
S2140194E091B1A41A08EB060107A88DF8202006946E
S2140194F002F032FA06A8FFF7BFFEFF2804D140F2B9
S214019500D9115C4821F065F9B6B2B6B10320FFF770
S214019510D5FE802E0AD832464146574802F01CFA3C
S2140195203246384654491BF012FF05460220FFF723
S214019530C5FE28460DB0BDE8F08F0025F9E74FF4CB
S2140195400E714C4821F045F9464B1B78012B00F073
S214019550E380002C36D00320FFF7B0FE802C2FD8F6
S21401956022464146444802F0F7F922463846424927
S2140195701BF0EDFE05460220FFF7A0FEDFF8F09097
S21401958099F8003093B1039CFFF7E0FE374B0027B4
S21401959098461A68511C04D0197A411A521A9442F4
S2140195A024D00137082F03F10C03F2D1002DC0D1CE
S2140195B0039B0133C1D003A8FFF75EFE0546B8E75B
S2140195C00125D8E72546D9E740F26D21294821F043
S2140195D000F9012524E0012D30D0802E2FD8324607
S2140195E0254903981BF0B3FE054628E0002DA0D1BF
S2140195F00C247C4308EB04039DF814A093F808B0F0
S2140196000AEB0B03802BDFDC1B4B524604A91846E2
S21401961002F0A2F9211D5A464144504402F09CF939
S2140196200C2303FB07839DF814201B7A13449E42E8
S214019630D1D040F273210F4821F0CBF8012502204A
S214019640FFF73CFE99F8003013B1013B89F8003072
S2140196504FF0FF3308EB040248F80430C2E9013347
S21401966067E700BF8F6B0020B848002058480020ED
S214019670EB610020030C0400BC470020BC5A040028
S2140196804FF00C0A0AFB02B3187AA6EB00095FFA40
S21401969089F9A14501D35FFA84F90AFB02FA0AF1B6
S2140196A0040528444A464146584402F055F90BEB56
S2140196B00A031A7AA4EB09044A44D2B2B242A4B20B
S2140196C01A7219D103200193FFF7F8FD32460BEB0E
S2140196D005015BF80A001BF03AFE05460220FFF77B
S2140196E0EDFD4FF0FF32019B4BF80A20C3E9012242
S2140196F0002D7FF41EAFC844002C3FF41EAF4F442C
S214019700104B1B78012B7FF424AFB7FBF6F306FB57
S2140197101373002B7FF413AFE319B3FBF6F506FBC7
S2140197201535002D3FF415AF641B5B1B08EB0401D8
S2140197302A4604A80393A4B202F00EF98DF8145039
S21401974007E700BF8F6B002070B5134B1B78012B0A
S2140197500CD1FFF70FFE0026104D55F8043C0133DF
S21401976006D10336182E05F10C05F6D1002411E0BA
S2140197700320FFF7A3FD55F8044CFFF7E7FD294644
S214019780024620461BF0E3FD04460220FFF796FD45
S214019790002CE6D0204670BD8F6B0020BC48002010
S2140197A070B505460C46FFF7E5FD0520FFF786FD7B
S2140197B0214628461BF0D9FD06460220FFF77EFD0E
S2140197C000220A4B2C441968481C08D0A94206D32B
S2140197D0A1423EBF4FF0FF31C3E900119960033249
S2140197E0182A03F10C03EED1304670BDB8480020AC
S2140197F0D0E9023253F8223010B51C68204600F03A
S21401980095FA28B12146BDE81040024800F002BE94
S21401981010BD00BF810C040008B5D0E9023253F830
S2140198202230186800F06CF920B1BDE80840024803
S21401983000F0F0BD08BD00BFA30C04002DE9F04107
S214019840D0E9023253F8221003EB82035B680F68FB
S2140198501D789AB0642D04D96421114800F0DAFD10
S21401986064252A46384601A900F002F9044698B94B
S2140198700C4800F0CFFDDFF8348001AE013DA54273
S21401988002DC1AB0BDE8F0813919404616F8012B02
S21401989000F0C0FD0134F2E7034800F0BBFDF0E73D
S2140198A0C60C0400E60C0400100D0400FD0C0400B8
S2140198B02DE9F04700252D4FDFF8E080DFF8E09036
S2140198C08CB0284603A900F0EFF810B10CB0BDE843
S2140198D0F087049B2946039A0093384600F09AFDC8
S2140198E0404600F097FD059910290CD810290CD890
S2140198F0DFE801F00F14320B340B0B0B360B0B0B9E
S2140199000B0B0B0B3A0020292CD0194800F082FDD6
S21401991007E0184800F07EFD0135D2E7164800F052
S21401992079FD0699484600F075FD0799134800F041
S21401993071FD134800F06EFD1024DFF868A00DF1EC
S2140199401F06504616F8011F013C00F063FD14F097
S214019950FF04F6D10B48DDE70B48E0E70B48DEE7EE
S2140199600B48DCE70B48DAE70B48D8E72B0D040079
S214019970D00D0400800D0400900D0400F60D0400C7
S2140199800E0E040044AF0300980D0400A00D040061
S214019990A90D0400B40D0400CB0D04006F0D0400E6
S2140199A0DF0D04001F0E040010B50B4C8EB023789B
S2140199B05BB9EDF725FF014650B9012301A82370D5
S2140199C0EDF7A4FF054B049A1A6020780EB010BD7F
S2140199D0034800F01FFDF8E7EE610020FC4B002075
S2140199E0250E040000B58FB0FFF7DEFF002829D052
S2140199F001A8EDF78BFF059B1448198800F00AFDB6
S214019A00059B13485969134B002908BF194600F0F6
S214019A1001FD059B1048598800F0FCFC059B0F488A
S214019A20196900F0F7FC059B0D48D96800F0F2FCB7
S214019A30059B0C48197E00F0EDFC0B4B0B48196892
S214019A4000F0E8FC0FB05DF804FB00BF620E0400F6
S214019A50740E040090DA0300860E04009A0E0400C9
S214019A60AE0E0400C20E0400FC4B0020D60E04000D
S214019A7070B5064615460C4679B172B1FFF794FFEC
S214019A8068B121462A463046EEF74AF8014618B133
S214019A90044800F0BFFC012070BD2120FCE7112026
S214019AA0FAE700BFE80E040037B505460C46FFF797
S214019AB07BFFE0B1114B1B68AB421AD9CCB1002138
S214019AC02422204601F0B8FD2146284616F00AFE5B
S214019AD088B9284601AA04F10801EDF7D3FF20B1A1
S214019AE040F20643C01A18BF012003B030BD112052
S214019AF0FBE72120F9E70120F7E700BFFC4B002038
S214019B00F0B593B00546FFF74FFF002845D0254B2B
S214019B101A68AA4207D829462348013A00F07AFC77
S214019B20212013B0F0BD05A8EDF7F0FE284603A9E5
S214019B3016F0D8FD98BB049A22F4FF57C2F30C0323
S214019B4027F01F072BB14FF400532946174800F0A2
S214019B5061FC039E7FB120F049FE30464FF4005170
S214019B60EEF76AF83346044606F5005650B9039BED
S214019B70F31ABB42EFD32A4639460D4800F04AFC99
S214019B80002406E000902A464FF40051094800F0F0
S214019B9041FC201E18BF0120C3E71120C1E70120A8
S214019BA0BFE700BFFC4B0020160F0400C40F0400E3
S214019BB0831004003210040010B5044638B1FFF7D4
S214019BC0F3FE30B10020044B1B68236010BD21203A
S214019BD0FCE71120FAE700BFFC4B002010B5044655
S214019BE0FFF7E2FEB0B10C4B1A68A24206D8214636
S214019BF00A48013A00F00EFC212010BD20F0F6FDC7
S214019C0040F2C12220460649EDF7FCFE003818BF97
S214019C100120F2E71120F0E7FC4B0020160F0400AC
S214019C203849002010B50446FFF7BEFE70B1214644
S214019C300848EDF707FF40F20323984208D040F2A8
S214019C40012398420CBF0520012010BD1120FCE71E
S214019C500020FAE7384900202DE9F0412D4D044651
S214019C602F68FFF7A1FE002851D02968A14207D826
S214019C704A1E2948214600F0CDFB2120BDE8F0818F
S214019C802648EDF79FFEDFF894800246B0B94346BA
S214019C902E68964222D1BE4214BF3A4606F1FF32E2
S214019CA012BB31461D48C8F80040EDF76BFE014671
S214019CB000B31B4800F0AEFB0120DFE72046EDF7BE
S214019CC041FE044638B10146164800F0A3FB201EAB
S214019CD018BF0120D2E7EDF791FCF8E753F8041B13
S214019CE08C42DDD00132D4E70C499200081D01F008
S214019CF0F5FCD6E729680948EDF764FE044610B17D
S214019D0001460948D6E7EDF779FC2046B6E711206B
S214019D10B4E700BFFC4B0020160F040018490020D2
S214019D20C91004009F100400FC100400F8B5044696
S214019D30FFF73AFE002845D0234B1A68A24207D8FF
S214019D4021462248013A00F065FB21242046F8BD51
S214019D501F4800F05FFB20F049FD40F2C1221D497B
S214019D602046EDF74FFE40F20327054620F03EFD64
S214019D70184E65B140F203239D421AD02946164873
S214019D8000F048FB0124154800F044FBDEE720F014
S214019D902DFD29463046EDF755FEB84209D040F272
S214019DA00123984203D10E4800F034FBE1E7054653
S214019DB0DFE721460B4800F02DFB2046FFF74CFF5E
S214019DC00446E0E71124C1E7FC4B0020160F04000F
S214019DD033110400384900205311040044AF030036
S214019DE09CE603006B11040010B50A46044619B13F
S214019DF0024B00211B68984710BD00BFC85A0400DB
S214019E0010B5114C2378580744BF23F00403237080
S214019E102378990705D500F05DF8237823F002032F
S214019E20237063781BB10023084A636053600023E4
S214019E30082106486370FFF7D7FF2378DA0744BF87
S214019E4023F00103237010BD004C0020044C0020B9
S214019E5038B51A4C62782378022A01D1072B11D023
S214019E60DD0712D52378980707D400F02BF823785E
S214019E70054643F00203237080B96278237882B1E5
S214019E805A0716D50025284638BD17F0EDFB23786E
S214019E90054643F0010323700028E3D0FFF7B0FF27
S214019EA0F1E7D907ECD5064962604A600222627082
S214019EB0E6E743F004032370E4E700BF004C00200C
S214019EC0044C00200122024B002083F8F02070474A
S214019ED00C4C00202DE9F0410A4C002526464FF097
S214019EE0010803272046C4F81C80277601351BF09D
S214019EF089FA062D04F12804F4D1002386F8F030FF
S214019F00BDE8F0810C4C00202DE9F04F984691B049
S214019F100B1E0A93B44B914614BF83469B460025FD
S214019F201A9E98F8000070B94D4538BF2A464B4630
S214019F304FF000000A9928BF09F1FF32D84728469A
S214019F4011B0BDE8F08F252808F1010806D02A4691
S214019F504B460A996C1CD8472546E2E70023414642
S214019F6011F8012B2B2A16D00AD8202A16D0232A1C
S214019F7017D0A2F13000092834D800270A2418E0A7
S214019F802D2A05D0302AF4D143F001038846E6E7AE
S214019F9043F00203FAE743F00403F7E743F008034C
S214019FA0F4E743F01003F1E7884604FB0722A2F129
S214019FB03007414611F8012BA2F130000928F3D9E8
S214019FC098F800202E2A52D198F8011008F10102C3
S214019FD0A1F13000092843F480633ED800244FF0F5
S214019FE00A0E11E02A2A08D156F8047B8846002F6B
S214019FF0BCBF43F002037F42E2E70027E0E70246E8
S21401A0000EFB0411A1F13004104610F8011BA1F15A
S21401A010300CBCF1090FF2D99046424612F8011BEA
S21401A0206C292DD025D8682933D06A293BD04246E1
S21401A030904618F8010B672860D8572836D8452867
S21401A04008D084D9462800F0188147287FF47FAFCE
S21401A05043F4006343F0200327E12A2906D156F88A
S21401A060044B08F1020824EAE474D6E7904600247B
S21401A070D3E7742901D07A29D9D143F48073D7E77D
S21401A08098F801106C29F8D143F4407308F10202E4
S21401A090CEE798F80110682902D043F08003C7E79D
S21401A0A043F0C003F2E743F40073C1E7A0F158029E
S21401A0B00F2A3FF64CAF01A151F822F05DA1010035
S21401A0C04F9F01004F9F01004F9F01004F9F0100CE
S21401A0D04F9F01004F9F01004F9F01004F9F0100BE
S21401A0E04F9F01005DA10100C9A201005DA1010011
S21401A0F09FA201007FA201009FA20100A0F16901B9
S21401A100C9B20F293FF623AF012249F2410C8A401A
S21401A11012EA0C0218D10A2900F0158107297FF4EA
S21401A12016AF43F0210305930823CDE9034310231B
S21401A130CDE9012356F8043B2A46009358464B4680
S21401A1400A991BF04FFAA8E06F2800F05E8110D93B
S21401A150782808D1102223F00C0310E0582839D0B3
S21401A160622800F054810A2223F01003642806D0E6
S21401A170F1E769284FF00A0223F01003F6D15905DA
S21401A18048BF23F00103692803F4007101D0642855
S21401A19040D111B3073626F00706B24670685AF862
S21401A1A0081BCDE9077300230593C30F002802930C
S21401A1B006940B46049202DA4B4260EB4000CDE96E
S21401A1C000304B462A4658460A991BF04DFA05467A
S21401A1D05646A6E643F02003BCE7D90506F1040A75
S21401A1E004D5316805E000BF4754030058060CD576
S21401A1F03178CDE90224CDE9047300294FEAD17301
S21401A2000193B8BF4942009120E01906E9D5B6F995
S21401A2100010EEE779B1CDE907730023CDE90423F9
S21401A22006F1070A2AF0070A06940293FAE80223BF
S21401A230CDE90023C5E7D80506F1040A0DD5CDE919
S21401A2400473CDE902240191336800934B462A46F4
S21401A25058460A991BF0C6F9B9E7590607D5317869
S21401A260CDE904730023CDE902240193CBE73168DD
S21401A27013F0800F18BF89B2F2E743F02003CDE94F
S21401A2800173073626F007060094B6EC020B4B4620
S21401A2902A4658460A99EAF77BFA054641E600F04F
S21401A2A0DF00472801D143F40063CDE90173073687
S21401A2B026F007060094B6EC020B4B462A46584693
S21401A2C00A99EAF7A9F8E8E713F0020426D04FF056
S21401A2D0010A6B1C0B932A464B460A9916F8040B87
S21401A2E0D84774B354460B9A21E04B4620200A996E
S21401A2F0D8470AEB05020AF1010A5745F5D83A1E76
S21401A30018BF0122002A07F1FF3308BF002307F117
S21401A310010A1D4408BF4FF0020ADAE7A246E8E741
S21401A320551C4B4620200A99D8472A460134BC4280
S21401A330F6D3A7EB0A03574538BF00230B9A1A44F6
S21401A3400B920B9DEDE53246002C52F8046B14BFC0
S21401A35021464FF0FF310B9232463144107808B156
S21401A360914211D1A2EB060A13F480620C9202D03C
S21401A370A24528BFA24613F002030D931BD1AAEBF8
S21401A38005032A460F9308E00132E7E7531C0E93B4
S21401A39020204B460A99D8470E9A0F9BD318BB42EA
S21401A3A0F4D3A7EB0A03574538BF00230AF101028D
S21401A3B01D4403EB020AAB1B0E9304E01C464B46FE
S21401A3C02A460A99D8470E9BF51816F8010B28B1AC
S21401A3D00C9B002BF3D0631E002CEFD10D9B93B189
S21401A3E02A46AAEB050405E0561C4B4620200A998E
S21401A3F0D84732461319BB42F6D3A7EB0A03574593
S21401A40038BF00231D440B9E8BE50822A3E60222DB
S21401A410A1E600BF0FB41FB506AA52F8043B02A975
S21401A4200392009204484FF0FF32FFF76DFD05B02E
S21401A4305DF804EB04B07047095703001FB50346E7
S21401A44000914FF0FF3203A90248FFF75DFD05B00A
S21401A4505DF804FB095703001FB5CDE9020100931F
S21401A46002A9134603484FF0FF32FFF74DFD05B032
S21401A4705DF804FB115703001FB5094B094A18681C
S21401A480094B01A91860094B1360094A0192094A50
S21401A4901268CDE9022317F08EF905B05DF804FBCA
S21401A4A0F8670020043D0020083D0020EC670020EE
S21401A4B06E490400BC4F0020014B186817F08FB995
S21401A4C0F867002038B5F1F71BFE0446064D2B68E9
S21401A4D0D3F8B002F1F708FE286817F093F9204682
S21401A4E0BDE83840F1F700BEF867002010B51F4CF4
S21401A4F0EFF7DCFE236F012023F0070343F002038E
S21401A5002367EFF7E1FED4F82031002023F007039C
S21401A51043F00103C4F82031D4F8403123F003039B
S21401A52043F00103C4F84031D4F8603123F003034B
S21401A53043F00103C4F86031D4F8403223F003033A
S21401A54043F00103C4F84032D4F8003223F0070385
S21401A55043F00103C4F80032D4F8083223F00703AD
S21401A56043F00103C4F8083210BD00BF008000505C
S21401A570064B1B681A7A022A01D81AB97047032AB1
S21401A58000D070471B68024A13607047FC670020C2
S21401A590BC4F00200022024B5A60DA601A607047F6
S21401A5A0C04F002008B501F037FF0022014B1A709A
S21401A5B008BD00BFEF6100200A4601491BF012B931
S21401A5C0657304000A4601491BF00CB96073040068
S21401A5D00A4601491BF006B9597304000A460149A7
S21401A5E01BF000B9567304000A4601491BF0FAB87D
S21401A5F0537304000A4601491BF0F4B84E73040075
S21401A6000A4601491BF0EEB8497304000A4601499F
S21401A6101BF0E8B8447304000A4601491BF0E2B88F
S21401A6203D73040081F0004102E000BF83F0004367
S21401A63030B54FEA41044FEA430594EA050F08BFD7
S21401A64090EA020F1FBF54EA000C55EA020C7FEA9B
S21401A650645C7FEA655C00F0E2804FEA5454D4EB18
S21401A6605555B8BF6D420CDD2C4480EA020281EAE2
S21401A670030382EA000083EA010180EA020281EA1A
S21401A6800303362D88BF30BD11F0004F4FEA01316C
S21401A6904FF4801C4CEA113102D0404261EB41017B
S21401A6A013F0004F4FEA03334CEA133302D0524201
S21401A6B063EB430394EA050F00F0A780A4F10104BD
S21401A6C0D5F1200E0DDB02FA0EFC22FA05F28018F7
S21401A6D041F1000103FA0EF2801843FA05F35941DD
S21401A6E00EE0A5F120050EF1200E012A03FA0EFC5C
S21401A6F028BF4CF0020C43FA05F3C01851EBE37186
S21401A70001F0004507D54FF0000EDCF1000C7EEBA2
S21401A71000006EEB0101B1F5801F1BD3B1F5001FE0
S21401A7200CD349085FEA30004FEA3C0C04F10104FF
S21401A7304FEA445212F5800F80F09A80BCF1004F28
S21401A74008BF5FEA500C50F1000041EB045141EAAA
S21401A750050130BD5FEA4C0C404141EB0101013C73
S21401A76028BFB1F5801FE9D291F0000F04BF014662
S21401A7700020B1FA81F308BF2033A3F10B03B3F134
S21401A78020020CDA0C3208DD02F1140CC2F10C02C4
S21401A79001FA0CF021FA02F10CE002F11402D8BF22
S21401A7A0C2F1200C01FA02F120FA0CFCDCBF41EAEE
S21401A7B00C019040E41AA2BF01EB0451294330BDBD
S21401A7C06FEA04041F3C1CDA0C340EDC04F114049A
S21401A7D0C4F1200220FA04F001FA02F340EA030071
S21401A7E021FA04F345EA030130BDC4F10C04C4F1B7
S21401A7F0200220FA02F001FA04F340EA0300294697
S21401A80030BD21FA04F0294630BD94F0000F83F4E0
S21401A810801306BF81F480110134013D4EE77FEAC3
S21401A820645C18BF7FEA655C29D094EA050F08BF0F
S21401A83090EA020F05D054EA000C04BF19461046F0
S21401A84030BD91EA030F1EBF0021002030BD5FEA34
S21401A850545C05D14000494128BF41F0004130BD5C
S21401A86014F580043CBF01F5801130BD01F00045B0
S21401A87045F0FE4141F470014FF0000030BD7FEA23
S21401A880645C1ABF194610467FEA655C1CBF0B461E
S21401A890024650EA013406BF52EA033591EA030F35
S21401A8A041F4002130BD00BF90F0000F04BF00212D
S21401A8B0704730B54FF4806404F132044FF0000560
S21401A8C04FF0000150E700BF90F0000F04BF0021D9
S21401A8D0704730B54FF4806404F1320410F000453F
S21401A8E048BF40424FF000013EE700BF42004FEA3A
S21401A8F0E2014FEA31014FEA02701FBF12F07F43B7
S21401A90093F07F4F81F06051704732F07F4208BF6D
S21401A910704793F07F4F04BF41F40021704730B574
S21401A9204FF4607401F0004521F000411CE700BFC0
S21401A93050EA010208BF704730B54FF000050AE043
S21401A94050EA010208BF704730B511F0004502D544
S21401A950404261EB41014FF4806404F132045FEA46
S21401A960915C3FF4D8AE4FF003025FEADC0C18BFEF
S21401A97003325FEADC0C18BF033202EBDC02C2F1E1
S21401A980200300FA03FC20FA02F001FA03FE40EA73
S21401A9900E0021FA02F11444BDE600BF70B54FF077
S21401A9A0FF0C4CF4E06C1CEA11541DBF1CEA135555
S21401A9B094EA0C0F95EA0C0F00F0DEF82C4481EABD
S21401A9C0030621EA4C5123EA4C5350EA013518BFDD
S21401A9D052EA033541F4801143F4801338D0A0FBCA
S21401A9E002CE4FF00005E1FB02E506F00042E0FB77
S21401A9F003E54FF00006E1FB03569CF0000F18BF7D
S21401AA004EF0010EA4F1FF04B6F5007F64F5407424
S21401AA1004D25FEA4E0E6D4146EB060642EAC621B7
S21401AA2041EA55514FEAC52040EA5E504FEACE2E24
S21401AA30B4F1FD0C88BFBCF5E06F1ED8BEF1004F27
S21401AA4008BF5FEA500E50F1000041EB045170BDA3
S21401AA5006F0004646EA010140EA020081EA0301E7
S21401AA60B4EB5C04C2BFD4EB0C0541EA045170BDE3
S21401AA7041F480114FF0000E013C00F3AB8014F15D
S21401AA80360FDEBF002001F0004170BDC4F10004A6
S21401AA90203C35DA0C341BDC04F11404C4F1200527
S21401AAA000FA05F320FA04F001FA05F240EA020082
S21401AAB001F0004221F0004110EBD37021FA04F6B8
S21401AAC042EB06015EEA430E08BF20EAD37070BD72
S21401AAD0C4F10C04C4F1200500FA04F320FA05F0D1
S21401AAE001FA04F240EA020001F0004110EBD370D3
S21401AAF041F100015EEA430E08BF20EAD37070BD43
S21401AB00C4F1200500FA05F24EEA020E20FA04F31B
S21401AB1001FA05F243EA020321FA04F001F00041CA
S21401AB2021FA04F220EA020000EBD3705EEA430E3B
S21401AB3008BF20EAD37070BD94F0000F0FD101F06A
S21401AB400046400041EB010111F4801F08BF013CA3
S21401AB50F7D041EA060195F0000F18BF704703F0E1
S21401AB600046520043EB030313F4801F08BF013D68
S21401AB70F7D043EA0603704794EA0C0F0CEA135524
S21401AB8018BF95EA0C0F0CD050EA410618BF52EADE
S21401AB904306D1D181EA030101F000414FF00000E4
S21401ABA070BD50EA410606BF1046194652EA4306F2
S21401ABB019D094EA0C0F02D150EA013613D195EA66
S21401ABC00C0F05D152EA03361CBF104619460AD1AE
S21401ABD081EA030101F0004141F0FE4141F47001B8
S21401ABE04FF0000070BD41F0FE4141F4780170BDA8
S21401ABF070B54FF0FF0C4CF4E06C1CEA11541DBF0D
S21401AC001CEA135594EA0C0F95EA0C0F00F0A7F80E
S21401AC10A4EB050481EA030E52EA03354FEA01313B
S21401AC2000F088804FEA03334FF0805545EA13134E
S21401AC3043EA12634FEA022245EA111545EA106516
S21401AC404FEA00260EF000419D4208BF964244F1AD
S21401AC50FD0404F5407402D25B084FEA3202B61ACC
S21401AC6065EB03055B084FEA32024FF480104FF4A0
S21401AC70002CB6EB020E75EB030E22BFB61A754614
S21401AC8040EA0C005B084FEA3202B6EB020E75EBA7
S21401AC90030E22BFB61A754640EA5C005B084FEA0F
S21401ACA03202B6EB020E75EB030E22BFB61A7546DC
S21401ACB040EA9C005B084FEA3202B6EB020E75EBE7
S21401ACC0030E22BFB61A754640EADC0055EA060EA8
S21401ACD018D04FEA051545EA16754FEA06164FEAEB
S21401ACE0C30343EA52734FEAC2025FEA1C1CC0D197
S21401ACF011F4801F0BD141EA00014FF000004FF024
S21401AD00004CB6E711F4801F04BF01430020B4F1E4
S21401AD10FD0C88BFBCF5E06F3FF6AFAEB5EB030C9C
S21401AD2004BFB6EB020C5FEA500C50F1000041EB99
S21401AD30045170BD0EF0004E4EEA113114EB5C0466
S21401AD40C2BFD4EB0C0541EA045170BD41F4801139
S21401AD504FF0000E013C90E645EA060E8DE60CEA41
S21401AD60135594EA0C0F08BF95EA0C0F3FF43BAF5E
S21401AD7094EA0C0F0AD150EA01347FF434AF95EA15
S21401AD800C0F7FF425AF104619462CE795EA0C0FF9
S21401AD9006D152EA03353FF4FDAE1046194622E7C6
S21401ADA050EA410618BF52EA43067FF4C5AE50EAA0
S21401ADB041047FF40DAF52EA43057FF4EBAE12E790
S21401ADC04FF0FF3C06E000BF4FF0010C02E000BF71
S21401ADD04FF0010C4DF804CD4FEA410C7FEA6C5C54
S21401ADE04FEA430C18BF7FEA6C5C1BD001B050EAF7
S21401ADF0410C0CBF52EA430C91EA030F02BF90EAE2
S21401AE00020F0020704710F1000F91EA030F58BFA0
S21401AE10994208BF90422CBFD8176FEAE37040F002
S21401AE20010070474FEA410C7FEA6C5C02D150EAA0
S21401AE30013C07D14FEA430C7FEA6C5CD6D152EA5B
S21401AE40033CD3D05DF8040B704700BF8446104620
S21401AE5062468C461946634600E000BF01B5FFF71F
S21401AE60B7FF002848BF10F1000F01BD4DF808EDEF
S21401AE70FFF7F4FF0CBF012000205DF808FB00BFC0
S21401AE804DF808EDFFF7EAFF34BF012000205DF81A
S21401AE9008FB00BF4DF808EDFFF7E0FF94BF012067
S21401AEA000205DF808FB00BF4DF808EDFFF7CEFF68
S21401AEB094BF012000205DF808FB00BF4DF808EDA7
S21401AEC0FFF7C4FF34BF012000205DF808FB00BF78
S21401AED04FEA410212F5001215D211D56FF47873BC
S21401AEE0B3EB625212D94FEAC12343F0004343EA5F
S21401AEF0505311F0004F23FA02F018BF404270473A
S21401AF004FF00000704750EA013005D111F00040C3
S21401AF1008BF6FF0004070474FF00000704700BF59
S21401AF204A0011D212F5001211D20DD56FF47873C2
S21401AF30B3EB62520ED44FEAC12343F0004343EA17
S21401AF40505323FA02F070474FF00000704750EA62
S21401AF50013002D14FF0FF3070474FF000007047CC
S21401AF6053B94AB9002908BF00281CBF4FF0FF316A
S21401AF704FF0FF3000F08CB9ADF1080C6DE904CE4E
S21401AF8000F006F8DDF804E0DDE9022304B07047BE
S21401AF902DE9F04F099D0E4604460F46002B47D17A
S21401AFA08A429446B2FA82F35AD943B102FA03FCB2
S21401AFB0C3F120029F409C4020FA02F217434FEA59
S21401AFC01C461FFA8CFE220CB7FBF6F106FB117726
S21401AFD001FB0EF042EA0742904208D91CEB02023E
S21401AFE001F1FF3702D2904200F23C813946121A33
S21401AFF0A4B2B2FBF6F006FB102200FB0EFE44EAFA
S21401B0000244A64508D91CEB040400F1FF3202D223
S21401B010A64500F22A81104640EA0140A4EB0E0440
S21401B02000211DB1DC400023C5E90043BDE8F08FD7
S21401B0308B4205D90DB1C5E9000100210846F5E7A7
S21401B040B3FA83F100294FD1B342C0F002818242A4
S21401B05040F2FF800846002DE8D0C5E90047E5E745
S21401B060002B40F0AF808A1A4FEA1C4E1FFA8CF76D
S21401B0700121B2FBFEF60EFB1620220C42EA00422C
S21401B08007FB06F090420FD91CEB020206F1FF38CF
S21401B0902CBF4FF001094FF00009904203D9B9F1D6
S21401B0A0000F00F0DC804646121AA4B2B2FBFEF096
S21401B0B00EFB102200FB07F744EA0244A7420FD911
S21401B0C01CEB040400F1FF322CBF4FF0010E4FF0D1
S21401B0D0000EA74203D9BEF1000F00F0C98010464A
S21401B0E0E41B40EA06409CE7C1F120048B4006FAC7
S21401B0F001FC00FA01FE22FA04F7E6408A401F43EB
S21401B10020FA04F34FEA174843EA0C031FFA87FCB8
S21401B1104FEA1349B6FBF8F008FB106649EA064603
S21401B12000FB0CF9B1450ED9BE1900F1FF3A2CBF50
S21401B1304FF0010B4FF0000BB14503D9BBF1000FE7
S21401B14000F0A2805046A6EB09061FFA83F9B6FB6B
S21401B150F8F308FB136603FB0CFC49EA0646B44504
S21401B1600ED9BE1903F1FF382CBF4FF001094FF07D
S21401B1700009B44503D9B9F1000F00F082804346B7
S21401B18043EA0040A6EB0C06A0FB028C664543464C
S21401B190E14602D307D1C64505D2B8EB02036CEBF4
S21401B1A0070C0138E1465DB1BEEB030266EB09060A
S21401B1B006FA04F422FA01F3CE401C43C5E9004620
S21401B1C0002133E702FA03FCC3F1200299409C40B8
S21401B1D0D6404FEA1C4E20FA02F21FFA8CF7B6FB55
S21401B1E0FEF00A430EFB1066110C41EA064100FB15
S21401B1F007F68E420ED91CEB010100F1FF382CBF79
S21401B2004FF001094FF000098E4202D9B9F1000F43
S21401B21034D04046891B92B2B1FBFEF60EFB1611E6
S21401B22042EA014206FB07F191420ED91CEB0202EB
S21401B23006F1FF382CBF4FF001094FF0000991428B
S21401B24002D9B9F1000F16D04646521A46EA004115
S21401B2500FE7841A66EB030201201746FBE6023E5F
S21401B260624421E702396244C1E664440238D3E607
S21401B2706444023834E7023E6244E6E70238614439
S21401B280C8E7023B3E447BE702383E445BE700BF2B
S21401B290704700BF2DE9F04F924685B089461E469D
S21401B2A00D46554A0390294615F8014B135D13F0D8
S21401B2B00803F8D12D2C7CD02B2C4ED04FF0FF312B
S21401B2C002936FF00043CDE9001336F0100851D019
S21401B2D037464FEAE6783A464346DDE90001FFF78E
S21401B2E03FFE002383468E4618461946A44613E0C1
S21401B2F0ACF13704A6421FDD002B09DB83457EEB4C
S21401B300010305D38E4508BF83453BD1A24239DAF6
S21401B3104FF0FF3315F801CBACF13004092CE9D915
S21401B320ACF14104192CE3D9ACF16104192C03D812
S21401B330ACF15704A642DFDC5A1C2FD0029A12B198
S21401B340404261EB4101BAF1000F03D0002B48D116
S21401B350CAF8009005B0BDE8F08F4FF0FF300293B9
S21401B36036F010086FF000432C7801F10205CDE9A4
S21401B3700003ADD1302C25D0002E3AD10A27B04695
S21401B3803E46A8E700FB08F307FB0133A0FB0701D5
S21401B3900B44201843EBE4710123BBE72223039AF5
S21401B3A01360BAF1000F17D005F1FF39DDE900018E
S21401B3B0CEE74FF00047009301232C788D1CCDE992
S21401B3C0017382E72B7803F0DF03582B0CD086B984
S21401B3D00827B0463E467EE7DDE9000105B0BDE838
S21401B3E0F08FCDE90001DFE710276C7802353E4685
S21401B3F071E710273E466EE76D7304004AE700BF0B
S21401B40010B4044C13460A46014620685DF8044B06
S21401B41040E700BF2C68002010B4044C13460A46CF
S21401B420014620685DF8044B34E700BF2C68002015
S21401B43020F0030110F00300C0F1000051F8043BB6
S21401B44000F1040C4FEACC0C6FF000021CBF22FA8C
S21401B4500CF213434FF0010C4CEA0C2C4CEA0C4C4A
S21401B460A3EB0C0222EA030212EACC1204BF51F843
S21401B470043B0430F4D0C2F1000102EA0102B2FA40
S21401B48082F2C2F11F0200EBD20070472DE9F047AD
S21401B49080460C464548264614F801EB10F80EC0C7
S21401B4A01CF0080CF7D1BEF12D0F5BD0BEF12B0FAF
S21401B4B03AD0654633F010003ED04FF0FF379A463B
S21401B4C0B7FBF3F703FB07F96FEA090900263046D5
S21401B4D00EE0AEF1370C63451DDD002E04DBB842ED
S21401B4E002D833D1CC4531DD4FF0FF3614F801EBED
S21401B4F0AEF1300CBCF1090FEDD9AEF1410CBCF147
S21401B500190FE6D9AEF1610CBCF1190F03D8AEF1F3
S21401B510570C6345E1DC731C1CD005B140420AB1EF
S21401B520F6B91160BDE8F08733F0100094F800E03A
S21401B530654606F10204C0D1BEF1300F17D06BBBD1
S21401B5400A234FF005091A4F9A46BFE700FB0AC0C7
S21401B5500126CBE722233046C8F80030002AE1D086
S21401B560611EDEE794F800E00125B41CA2E720780E
S21401B57000F0DF00582807D083B908234FF00709E9
S21401B5806FF060479A46A1E7102394F801E04FF068
S21401B5900F0902346FF070479A4697E710234FF071
S21401B5A00F096FF070479A4690E700BF6D7304006D
S21401B5B0999999196AE700BF10B4044C13460A46D4
S21401B5C0014620685DF8044B60E700BF2C68002048
S21401B5D010B4044C13460A46014620685DF8044B35
S21401B5E054E700BF2C6800200F4B70B50F4DAB42DF
S21401B5F0A3EB050607D0B6100024013455F8043B2A
S21401B6009847A642F9D80A4D1FF0EAFA094B5E1B85
S21401B610AB424FEAA60606D00024013455F8043B97
S21401B6209847A642F9D870BDC06B0020C06B0020B9
S21401B630C06B0020C46B002070B5860747D0541E2F
S21401B640002A3ED0CAB2034601E0013C39D303F8D2
S21401B650012B9D07F9D1032C2CD9CDB20F2C05EB6C
S21401B660052505EB054535D9A4F1100C03F1100E9F
S21401B6701A462CF00F064FEA1C1CB644C2E90055C8
S21401B680C2E9025510327245F8D10CF1010214F0EC
S21401B6900C0F04F00F0C03EB021213D0ACF10403F1
S21401B6A023F003030433134442F8045B9342FBD1B3
S21401B6B00CF003042CB1C9B21C4403F8011BA342CD
S21401B6C0FBD170BD64461346002CF4D1F9E703465E
S21401B6D01446C0E71A46A446E0E700BF88420ED9E2
S21401B6E08B1883420BD900EB020C002A6ED06246FF
S21401B6F013F801CD994202F801CDF9D170470F2A0E
S21401B7000FD8034602F1FF3C002A5FD00CF1010C72
S21401B710013B8C4411F8012B614503F8012FF9D147
S21401B720704740EA01039B0751D1A2F1100301F1D2
S21401B730200C70B523F00F0501F1100E00F1100476
S21401B7401B09AC445EF8105C0EF1100E103444F880
S21401B750205C5EF81C5C44F81C5C5EF8185C44F8DF
S21401B760185C5EF8145CE64544F8145CEAD10133D3
S21401B77012F00C0F02F00F0C01EB031100EB031398
S21401B78029D0ACF1040C1C1F8E462CF003064FEAA0
S21401B7909C0C1E445EF8045B44F8045FB442F9D185
S21401B7A00CF1010402F0030203EB840301EB8401B4
S21401B7B002F1FF3C4AB10CF1010C013B8C4411F83B
S21401B7C0012B614503F8012FF9D170BD704702F1D5
S21401B7D0FF3C03469AE76246EAE700BF2DE9F04FD1
S21401B7E082468E463F4875461EF801BB10F80B4050
S21401B7F014F00804F7D1BBF12D0F5BD0BBF12B0F72
S21401B8006FF0004904BF9EF800B005F1020E33F058
S21401B810100010D1BBF1300F04D0002B5ED10A23EB
S21401B8201F4609E09EF8000000F0DF0058284ED0C1
S21401B830002B53D108231F460025B9FBF7F62846EF
S21401B84007FB16980EE0ABF1370C63451DDD002DA6
S21401B85004DB864202D321D1E0451FDA4FF0FF35E3
S21401B8601EF801BBABF1300CBCF1090FEDD9ABF101
S21401B870410CBCF1190FE6D9ABF1610CBCF1190F03
S21401B88003D8ABF1570C6345E1DC6B1C0AD004B15D
S21401B89040420AB1CDB91160BDE8F08F07FB00C088
S21401B8A00125DDE72223CAF800305AB10EF1FF3137
S21401B8B04846F0E79EF800B04FF0004905F1020E49
S21401B8C00124A4E74846BDE8F08F8146EEE7102341
S21401B8D09EF801B00EF1020E1F46ADE710231F467B
S21401B8E0AAE700BF6D730400242B02D8012B00D0F9
S21401B8F074E710B500F02EFA16230360002010BD81
S21401B90010B5242A084C1346246807D8012A05D006
S21401B9100A4601462046BDE810405FE700F01AFAE5
S21401B92016230360002010BD2C68002010B5242AC1
S21401B930084C1346246807D8012A05D00A46014652
S21401B9402046BDE8104049E700F004FA16230360DC
S21401B950002010BD2C680020844641EA000313F045
S21401B960030349D1403A23D30B6803604B68436015
S21401B9708B688360CB68C3600B6903614B69436165
S21401B9808B698361CB69C3610B6A03624B6A43624D
S21401B9908B6A8362CB6AC3620B6B03634B6B436335
S21401B9A08B6B8363CB6BC36340304031403ADBD251
S21401B9B030320BD30B6803604B6843608B6883603F
S21401B9C0CB68C36010301031103AF3D20C3205D375
S21401B9D051F8043B40F8043B043AF9D2043208D04B
S21401B9E0D2071CBF11F8013B00F8013B01D30B88BD
S21401B9F003806046704700BF082A13D38B07B1D077
S21401BA0010F00303AED0C3F10403D21ADB071CBF48
S21401BA1011F8013B00F8013BA4D331F8023B20F8B2
S21401BA20023B9FE7043AD9D3013A11F8013B00F8EB
S21401BA30013BF9D20B7803704B7843708B78837097
S21401BA4060467047024B0146186816F09ABC00BF64
S21401BA502C680020024B0146186816F095BC00BF02
S21401BA602C680020CAB384460B4630B5044608430A
S21401BA70800719D09CF800000C78A04212D150B370
S21401BA80012A28D0E64603E01CEB030F23D010B3AF
S21401BA901EF8010F11F8014FA2EB0E03A04203F1AD
S21401BAA0FF33F1D0001B30BD032A07D8E2E7043A82
S21401BAB011D01EF0803F0ED1032A10D920681946F6
S21401BAC053F8045BA446A0F1013E0434A8422EEAD2
S21401BAD0000EECD0CEE7002030BD10467047A446DD
S21401BAE01946C7E780EA010C1CF0030F37D110F0A6
S21401BAF0030C20F0030021F0030150F8042B08BFCB
S21401BB0051F8043B0ED08CF0030C6FF07F434FEAE4
S21401BB10CC0C23FA0CFC51F8043B42EA0C0243EA33
S21401BB200C0300BFA2F1013C9A4201BF2CEA020CB1
S21401BB301CF0803F50F8042B51F8043BF2D04FEA3A
S21401BB4002604FEA1222012828BFB0EB036F08BF3C
S21401BB501B0AF4D003F0FF03000EC01A704710F062
S21401BB60030F0AD010F8012B11F8013B012A28BF58
S21401BB709A42F4D0A2EB030070474DF8045D50F8EA
S21401BB80042B01F0030521F0030151F8043B022DBB
S21401BB9026D04DD822F07F45B5EB132FA2F1013CFC
S21401BBA02CEA020C0DD11CF0803C08BF51F8043B76
S21401BBB00AD185EA0205B5EB036F0CD150F8042BC8
S21401BBC0E8E74FEA13235BE03CF07F4C54D10B7857
S21401BBD04FEA126554E04FEA126503F0FF034FE0A7
S21401BBE04FEA0245A2F1013C4FEA15452CEA020C48
S21401BBF0B5EB134F18D11CF0803C08BF51F8043B3D
S21401BC0007D185EA0205B5EB034F09D150F8042B9D
S21401BC10E6E75FEA0C4C2FD10B884FEA12452FE07E
S21401BC204FEA03434FEA12454FEA134328E000BFA9
S21401BC3002F0FF05B5EB136FA2F1013C2CEA020CF2
S21401BC400DD11CF0803C08BF51F8043B0AD185EAAF
S21401BC500205B5EB032F0AD150F8042BE8E74FEAAB
S21401BC6013630DE012F0FF0F06D051F8043B4FEAC4
S21401BC70122523F07F4303E04FF0000020BC7047FD
S21401BC8005F0FF0203F0FF00012828BF904204BF21
S21401BC902D0A1B0AF4D0A2EB000020BC704700BF9F
S21401BCA008B5064B044613B1002100F0AFF8044B6B
S21401BCB01B6803B19847204614F09CFD0DBE010099
S21401BCC008510020002301461A46184600F048B8DD
S21401BCD0032A30B415D941EA000484460B46A4076A
S21401BCE004D0541E0FE0043A032A08D919466046C8
S21401BCF053F8044B5CF8045BA542F4D0F1E76046C8
S21401BD001946541E7AB1431E0139021901E09A42BE
S21401BD1009D013F8010F11F801CF6045F7D0A0EB59
S21401BD200C0030BC7047002030BC704738B5074D5A
S21401BD30074C2C1BA41005D0013C55F8043D984730
S21401BD40002CF9D1BDE838401EF050BFC86B00206A
S21401BD50C46B0020014B1868704700BF2C68002098
S21401BD60F0B5264C83B006460F46256805B36C68C9
S21401BD701F2C3FDCA6B1D5F8880048B3D0F80011D7
S21401BD804FF0010C40F82420022E00EB84020CFA3E
S21401BD9004FC4CEA0101C0F80011C2F8803010D052
S21401BDA0631C002002346B6045F8247003B0F0BDBC
S21401BDB013491448216010B10068C1F88800104D7D
S21401BDC0D5E7D0F8043143EA0C03C0F80431E7E7BD
S21401BDD00D49CDE9002369B14FF48470FFF732FEB7
S21401BDE040B100216C68C0E94011DDE90023C5F8C7
S21401BDF08800C5E74FF0FF30D8E700BF9851002014
S21401BE000C5100200000000045BA01002DE9F04F5A
S21401BE10DFF8B49083B0D9F8006096B388460190F5
S21401BE207568D6F888706C1E2BD4013507F1800B27
S21401BE3006EB8505B8F1000F26D173682A68013B29
S21401BE40A3423BD000232B60BAB1D6F804A05FB35F
S21401BE500123D7F80011A3400B4225D0D7F80401DF
S21401BE6057F8241003422BD1019890477368D9F8EC
S21401BE70002053451ED1B2421CD1013C043D631C37
S21401BE80D8D103B0BDE8F08F4FB15BF824304345FD
S21401BE90D3D0013C043D621CF3D0002FF5D1013C08
S21401BEA0EFD3013CFBD2ECE790477368D9F800204A
S21401BEB05345E0D0002AE4D01646B1E77460C3E7E4
S21401BEC008469047D2E700BF98510020431E03332F
S21401BED006D8044B984228BF1846642838BF642009
S21401BEE0704700BF40420F0038B5194B05461B6826
S21401BEF00C4603B1984744B1236833B11B6801333C
S21401BF0003D0E3680BB1A3684BB91AF031F90020EE
S21401BF104FF4C172412100F0FFF9212038BD2046BF
S21401BF2002F04AFC00230B4A85F83C31C5E9374349
S21401BF30C2E9003363694BB1074A422110684FF4E6
S21401BF40D272C31A5842584100F0E6F90020E5E7DC
S21401BF5008540020A06400206C540020F8B5044664
S21401BF601EF035FB002607460E4B1B6893B19E68F4
S21401BF70AEB196F82420D20711D435460FCC0FC5A2
S21401BF800FCC0FC523682B6096F8243043F00103CD
S21401BF9086F8243038461EF015FB3046F8BD1B687F
S21401BFA0E4E700BF8068002010B5044618B9054BC9
S21401BFB0054A136010BD00F0D9FCD4F8E830002B18
S21401BFC0F6D1F4E71B5903007C680020014B186882
S21401BFD0704700BFA064002008B502460868FFF756
S21401BFE075FF08604868FFF771FF48608868FFF7CB
S21401BFF06DFF8860C868FFF769FF0B69C860581C49
S21401C00003D00B48834228BF03460B614B69581C7B
S21401C01003D00748834228BF034688694B61FFF770
S21401C02055FFBDE808408861104601F07BBC00BFA3
S21401C03040420F00D0F8E0302DE9F04105460C46AD
S21401C04013B1C38D8B424CD0D5F8DC30002B4BD0CE
S21401C0509E68002E48D0D868002845D0013800B226
S21401C06000281ADB002106E0128A591CA24217D2C8
S21401C07009B2884211DB0B1803EBD3735B1003EB99
S21401C080C30206EB8202B2F80EC003F1FF3EA445DE
S21401C090EAD90FFA8EF08842EDDA2120BDE8F08168
S21401C0A04FF6FF7299B29142F7D09BB203EBC303EE
S21401C0B006EB83062846B6F9122095F83011D5F816
S21401C0C0F080EEF709FE0746B8F1000F04D0002312
S21401C0D0324628461946C047EC85C5F8E06085F823
S21401C0E039710020BDE8F0810E20BDE8F08100BF67
S21401C0F02DE9F04782B004460F46164601F086FE4B
S21401C100002863D14F4D2B68D4F8DCA0D4F8E0802A
S21401C1100BB1534576D04FF00009AF6001F09EFE9B
S21401C1200128074665D1204619F061FF002851D144
S21401C1302B68DAF80010D8F8002013B11868884286
S21401C1406BD0204619F005FFC5E900A8D4F8F050D9
S21401C1508DF80760002D67D00022204611460DF1AC
S21401C1600703A847204600F0EDFF0546B9F1000F8A
S21401C1700FD076B9D4F88C300BBB012F05D025B182
S21401C180314B002103205B689847284602B0BDE882
S21401C190F087B5FA85F040F207523321400900F0E6
S21401C1A0BBF83146204601F00BFA284B05461B68C2
S21401C1B0414620469847D4F88C30002BDDD000222B
S21401C1C04FF40073204600F0E1FBD6E700231D4D37
S21401C1D06B6098E794F82530DA07A9D5D4F894303F
S21401C1E05B05A5D51A4B0122002120461B689847FE
S21401C1F09EE70021012000F001FC01F02FFE01283E
S21401C200FBD190E76B68002B85D0434583D1AB68A3
S21401C2109F4215D04FF001097FE7696811B109689F
S21401C220914291D059688CE794F82A1094F83931E4
S21401C2303246994228BF1946204600F0D1FE91E7C2
S21401C2400025A2E7A0640020886800207C68002002
S21401C2500C540020F8B50F4605461EF0B8F93946CD
S21401C26006462846FFF7E6FE044620B130461EF095
S21401C270A9F92046F8BD01F0A7FD22463946284611
S21401C280FFF736FF04460028F0D1284619F0AFFE26
S21401C2900028EBD095F8253013F001030DD0D5F822
S21401C2A0942052050DD5B5F82A21BA4205D0B5F825
S21401C2B02C31DB1BB3FA83F35B09034A82F8C430E3
S21401C2C0D4E72346F9E700BF001E00B013B50446C5
S21401C2D0694619F050FC204619F094FDFF280246E5
S21401C2E006D020469DF80010EEF774FD02B010BD92
S21401C2F00048FBE70080FFFF38B5044D044C054BB2
S21401C300286021601A601DF05DFE38BD9C53002038
S21401C31084680020A053002010B550B90548064B8C
S21401C3200160064802601868054B18601868FFF738
S21401C330E3FF10BD84680020F8540020A0530020BD
S21401C3409C5300202DE9F0418AB001AC05460B460E
S21401C3502746194A02F1200C264610685168083211
S21401C36003C662453446F7D1002B08BF3B4600277B
S21401C37010681C463060384603F10C0690B95FFA27
S21401C38087F842462846218819F034FE50B94246BD
S21401C3902846E18819F03FFE20B942463146284634
S21401C3A019F04BFE0137032F06F1080604F10204CB
S21401C3B0E4D10AB0BDE8F08190740400F0B589B00C
S21401C3C005460E4619F048FE044600BB01AC06F1D0
S21401C3D00C070FCF0FC497E8070084E8070001A9F0
S21401C3E02846FFF7F9FD2846311D1AF00FF80446D6
S21401C3F048B92846074901F057FA044618B92846AD
S21401C40001F0C6FD044628463168FFF79BFF20462B
S21401C41009B0F0BD88740400014919F0FFBB00BFE4
S21401C42061DF010070B5164E032804460D463378C9
S21401C4301ED023FA04F202F00102AA421DD053B123
S21401C4400122A240A54023EA02032B43DBB233704C
S21401C4504BB1012070BD2DB10A4B01201B689847D6
S21401C4603378EDE73570074B00201B689847F0E7F7
S21401C4709A07DED003F0FC03E9E7002070BD00BF99
S21401C480F0610020E053002038B504460D4605F063
S21401C49077FD60B101F0C6FC48B9012D07D801202F
S21401C4A019F085FD0D4B1B6823B15B6898470C4B53
S21401C4B01C7038BD1EF0E5F90A4B1A68801A186020
S21401C4C01CF0FAFE4FF47A72074B1B6802FB003031
S21401C4D019F0A2FB012001F0ADFCE8E704540020AE
S21401C4E0916B0020D8530020DC530020F8B5054698
S21401C4F00C461EF06CF8104F06463B7833B1012D02
S21401C50004D01CB90D481CF029FE3C702146284673
S21401C510FFF788FF0A4B04461B783BB93B782BB9DB
S21401C52019F039FD10B1074B1B68984730461EF0CD
S21401C53049F82046F8BD00BFF1610020B453002041
S21401C540F061002088680020054A0B46117831B159
S21401C55000211170034A012152681878104770476C
S21401C560F161002088680020124B0239012910B5BC
S21401C57018701ED805F004FDD8B101F053FCC0B107
S21401C58001F034FAA8B90C4B1C6834B123689847FB
S21401C590BDE81040002019F00ABD19F03BFB074B1F
S21401C5A018601EF06EF9064B1860204601F042FC3A
S21401C5B0EEE710BD916B002004540020DC530020F0
S21401C5C0D853002038B5044680B11EF000F801218A
S21401C5D0044608461CF066FA01210B4A084615F087
S21401C5E0A4FF2046BDE838401DF0ECBF1DF0EFFF6C
S21401C5F00546214601201CF055FA01202146024A33
S21401C60015F093FF2846EDE7524A0400F0B585B0D1
S21401C6101DF0DDFF344D04462B7823B133481CF062
S21401C6209DFD002852D11CF023FE02AA03A919F091
S21401C6309CFC0346002838D019F0ABFC029B9842BC
S21401C6401CD100202A4B03991B682A4E9942307050
S21401C65020D90027C91A012324482B70264A3346BD
S21401C660CDE900771EF0E9F8002837D1234A137880
S21401C670D90701D53178F9B1204611E019F087FCC8
S21401C680029B984228D0002318461949194A09687E
S21401C690137003910121FFF7C5FE002320462B707E
S21401C6A01DF090FF002005B0F0BD20462B701DF058
S21401C6B089FF212005B0F0BD03F0FE031370002BA7
S21401C6C0DAD10F4B1B6898472046E9E720461DF054
S21401C6D079FF0E2005B0F0BD0220B3E70323204604
S21401C6E02F703370F3E700BFF1610020B4530020D0
S21401C6F0D4530020906B002049C50100F061002052
S21401C700E053002038B51DF062FF0F4D04462B782C
S21401C7109BB90E4A0E4913700E4B0F4A0F481A600A
S21401C7200F4A5A60EFF782FF0E490F48EFF77EFF78
S21401C7300E4B0F4A1A6001232B70F0F781F8204642
S21401C7401DF040FF002038BDF2610020F16100209D
S21401C750B4740400886800200DC60100A4530020AC
S21401C760EDC40100BC740400AC530020E05300206B
S21401C770C5C501002DE9F0438F7880460F2F0C4682
S21401C78085B003D9212005B0BDE8F08327B9012380
S21401C790374A00201370F6E70D784E78EDB9002E73
S21401C7A0F0D194F90310E08803F00AF82128E9D0C3
S21401C7B055EA0603A088DFF8C89013D003F064F8A2
S21401C7C04FF60403B9F8002001469A424BD1AE4217
S21401C7D0334638BF2B4600262DE0082DD2D8082E2A
S21401C7E0D0D8DEE703F050F84FF6040501464FF6C1
S21401C7F00500204A136E9BB2AB4208BF0346B1F553
S21401C800803FA9F800300FD902230825136680233C
S21401C8100126C2F880302B4649084FF6FF720139CF
S21401C820914228BF114608E0802301260825166696
S21401C830C2F880302B460029EFD100220292012255
S21401C840013FFFB2009201972A4608F1F80002F074
S21401C850B7FE1EB14FF48012074B5A65074BA2680C
S21401C8601A60022394E703480266A9F80030AEE78F
S21401C870F361002000C001B800D001B8EC530020DD
S21401C880186B002010B50446D0F818210B4B4FF456
S21401C8900061C3F8A82090F82420D20102F40062B7
S21401C8A005F0D2FA94F8243013F0100F4FF4007309
S21401C8B014BF034A034A136710BD00BF001E00B031
S21401C8C0001002B8002002B8431C07D06FF0FF0228
S21401C8D0034B10401A62A3F580531862704700BFDD
S21401C8E000E000B8F8B504460F4616461DF06FFE88
S21401C8F00546A047044620B128461DF063FE2046A3
S21401C900F8BD04F07FFC04220549D1F8D83E23EA9D
S21401C91007033343C1F8D83E024B1A67ECE700BF62
S21401C920001000B0002002B800F01803182B0AD03F
S21401C93003070AD440F2011310F0100018BF18467E
S21401C940034B186570470020FAE70120F8E700BF9F
S21401C950001F00B0044B1868830654BFC0F30F20B5
S21401C9604FF6FF70704700BFD454002038B10368FB
S21401C970044A002B08BF1346034A13607047014B55
S21401C980FAE700BF635C03009468002010B4D0E9A6
S21401C990544122400B4052EA030104D003495DF89A
S21401C9A0044B096808475DF8044B704794680020FB
S21401C9B00F2938B505460C460ED801F04FFA012866
S21401C9C00CD1074A2846D36B23F00F032343D363C6
S21401C9D019F051FB002038BD2120FCE70220FAE7C0
S21401C9E0001F00B0014B186C704700BF001F00B05D
S21401C9F0014B002019647047001F00B003282DE981
S21401CA00F347884655D82C4B13F800902B4B1E5CE9
S21401CA102B4B13F800A01DF0DAFD074604F03EFB91
S21401CA20054640B100230022CDE900330120002352
S21401CA30002104F079F904F039FB48B10023002203
S21401CA40CDE90033002000234FF4004104F06CF9D7
S21401CA506EB31C4BDC6C04F008041B4B3146DC64E3
S21401CA60484604F02DFC52463146484604F092FCF6
S21401CA70164BDC646DB1164B1868D0F89410F8307C
S21401CA8003F06EFA13490868FFF71EFF4FF0FF33F5
S21401CA900B60B8F1000F04D00F4B002103205B6838
S21401CAA09847384602B0BDE8F0471DF08BBD3446C6
S21401CAB0D3E702B0BDE8F087CC740400C874040064
S21401CAC0C4740400004000B8006000B8005000B80C
S21401CAD0F854002090680020886800200F4A136FE1
S21401CAE013F0A00F15D1506F10F0040013D10C4BAA
S21401CAF0D3F8D83E23F07F4323F0FF035BB1D3681E
S21401CB00C3F30362092A07D0B2F10C0018BF012053
S21401CB107047002070470120704700BF000002B830
S21401CB20001000B070B50D46064620B91A4B1B68BA
S21401CB30A3B10E2011E001F091F9012829D1174B7C
S21401CB4093F90040C4F11C04641BC4F11C03002BC0
S21401CB50B8BF5B42232B0CDD212070BD81EAE17357
S21401CB60A3EBE173DBB2232BF6D80C4B1970002034
S21401CB70F3E786F828501DF02AFD094AE402D36936
S21401CB8004F4FF2423F4FF231C43D4611DF01AFD93
S21401CB90EDE70220E1E700BFF8540020F461002031
S21401CBA000C000B818B9034B93F90000704790F91C
S21401CBB028007047F461002010B5044619F017FAF2
S21401CBC010B1012001F0D4F92046FFF75BFE1DF0FD
S21401CBD0FEFC0A4A0121D2F8A030044623F02003C5
S21401CBE0C2F8A0300222064B08469A60054B5B68E5
S21401CBF0984720461DF0E6FC002010BD001E00B040
S21401CC00001002B888680020064B5A6A920207D4C0
S21401CC10D3F8803013F4706F14BF012000207047E2
S21401CC2001207047004001B8F8B50E46D0F89430A0
S21401CC3002EA010423EA01032343C0F89430464A7A
S21401CC4001F00B0323EA0401D1642340A2F58052CC
S21401CC50D3647207054610D50121FFF7D5FF60B1F1
S21401CC6004F0D0FA4FF4007314F0040F14BF3B4ADB
S21401CC703B4A536204223B4B1A67F30606D514F06F
S21401CC80100F14BF00221B22374B5A6537061DD5DD
S21401CC90200616D54FF40012304B1A62012203F516
S21401CCA08053C3F800211DF092FC0E210746032095
S21401CCB003F09EF840F201222B4B3846DA621DF053
S21401CCC081FC214605F1F80003F04AF9F10503D588
S21401CCD0E2052AD503F05CF8B30503D5A70527D5E9
S21401CCE003F062F816F48C6F1DD014F4806224D021
S21401CCF095F82530DC070CD5EA8DB5F82A31934234
S21401CD0019D0B5F82C31981A43424341174A82F894
S21401CD10C430D5F8E410284618F0A4FF8022144B3E
S21401CD20D864144B1A610020F8BD03F02BF8D3E742
S21401CD3003F034F8D6E70123E8E77105E9D595F85D
S21401CD402530DB07E5D5094B114683F8C4200A4B8D
S21401CD5028461B689847DCE7006000B8005001B819
S21401CD60006001B8002002B8004000B8001E00B004
S21401CD70001F00B0000002B80C540020014B1868D8
S21401CD80704700BFF853002037B51DF020FC002483
S21401CD9001230022CDE9003400230546194610463A
S21401CDA003F0C2FF022002F0E7FA064B21461C60A0
S21401CDB0054B02205B68984728461DF003FC204679
S21401CDC003B030BD00540020886800202DE9FF41E3
S21401CDD002290D4616469846039004D1FFF7D4FF64
S21401CDE004B0BDE8F0811DF0F2FB1E4F04463B681F
S21401CDF03BB1B34205D01DF0E5FB002321203B608B
S21401CE00EEE7194B0022C3F800803E60002301269E
S21401CE104FF0000810461946CDE9006603F084FF7E
S21401CE20124B022083F8008002F0A6FA43462A46F7
S21401CE30022003A902F0BEFA0D4B039A1A6008B944
S21401CE402046D8E70B4D2B689847212804D020466A
S21401CE501DF0B8FB0020C3E731466B6802209847F7
S21401CE60F5E700BF00540020FC530020F6610020C7
S21401CE70F853002088680020044B5B6E5B054EBFAC
S21401CE800120034B187800F00100704700C001B87C
S21401CE90F66100200A78022A11D0101F4242424150
S21401CEA052004B781201022B0BD0191F4B424B41FB
S21401CEB05B000549054842EA8312FFF713BD0122CC
S21401CEC0EFE70123F5E700BFF0FFFF00A5DE010055
S21401CED00B78022B10D0181F434243415B004A785F
S21401CEE0022A0BD0111F4A424A4152000F21044820
S21401CEF043EA8202FFF7F6BC0123F0E70122F5E7D9
S21401CF00D1DE01002DE9F8430E780446042E0D46C5
S21401CF1090F830810BD100275FFA87F9484601F077
S21401CF207DFD08B14E4602E00137042FF4D13046AC
S21401CF3001F074FD002849D094F83031B34209D18C
S21401CF40AA88D4F8A8309A4204D16A88B4F8323153
S21401CF509A4238D084F83061AB883046A4F8343130
S21401CF606B88A4F83231AB8804F59875C4F8A830FC
S21401CF70FF2384F82B3019F02FF984F82A0028466D
S21401CF8001F078FC18BB284601F03EFDF8B9D4F84C
S21401CF90E03053B194F83011414506D02046B3F93C
S21401CFA01220EDF799FE84F83901204601F09AFE29
S21401CFB00949A4F834010123084AD1F8FC1004F108
S21401CFC0F80003F0AFFC0020BDE8F88321200C2315
S21401CFD084F83031F8E700BF001F00B0581F00B0DA
S21401CFE0F8B5054690F830010C460C28164623D0B5
S21401CFF0FF2923D01AB14FF0FF32114B1A6019F0F6
S21401D000EBF8074695F8300101F068FD844228BF29
S21401D0100446E4B2BC4238BF3C46E0B285F82B0079
S21401D02001F002FEFF280CBF2124002416B9284671
S21401D03001F068FD2046F8BD0224FBE72124F9E74C
S21401D0409868002010B590F8303104460C2B43D078
S21401D050D0F8E03080F82A10D3B3D0F8F020CAB95F
S21401D06090F839318B421BD300222046FFF7B8FFD8
S21401D07040BB1A4B1B78022B23D8204601F032FE08
S21401D08017490123174AD1F8FC1004F1F80003F000
S21401D09049FC16E0B0F94220B3F912309A42E3DDBA
S21401D0A00022204694F83911FFF79AFF50B9C4F8C8
S21401D0B0E000204618F0D9FC4FF6FF73984201466F
S21401D0C001D1002010BD2046BDE81040FFF7C2B8D0
S21401D0D0FF2380F82B30F4E70220F3E71C6B0020D7
S21401D0E0001F00B0581F00B0F0B51D46144B044693
S21401D0F01B780F46164685B05BB1D0F8E030E3B139
S21401D10002AAB3F912300092002214F070F905B0A9
S21401D110F0BD02A918F02FFD9DF808103A462046EA
S21401D120EDF7DAFD014626B92A462046FFF758FFF5
S21401D130EDE72046FFF786FFE9E71846E7E700BF79
S21401D140164C0400D0F89C30012B01D1002070470A
S21401D15070B5044665498CB019F073F8D4F8E060F0
S21401D1600146E58DC4F8E40026B1336813B15B6867
S21401D170002B71D11DF02BFA1DF024FA0123D4F8EF
S21401D180E4108DF80630B389D6E90120EB1A9BB27C
S21401D19000FB03225648ADF80430036800928B4228
S21401D1A007D0204618F05EFD80225249524BC864D3
S21401D1B01A61514D00F052FE0128FBD1AB689E0664
S21401D1C0F8D420469DF80620009906AB03F0E6F851
S21401D1D000283ED100F042FE0128FBD1464A136FDB
S21401D1E0D801FCD493689906F9D4684606A903F0D9
S21401D1F08DFA054668BBE28D404B5A6494F824309C
S21401D20060F3410384F8243000F0EEFFD4F8E030F8
S21401D2105969431E0E68DBB2FD2B029622D9F31C18
S21401D22034D84B68FF2803935ED10126DA1C25D833
S21401D230024602A9204618F02DFFE6B9D4F854316B
S21401D24099053FD494F8243043F0020384F824303F
S21401D25011E002200CB070BD1A68032A8AD99B6AB5
S21401D2605B0E8EE74B6801280393DED0024620460C
S21401D27002A918F00FFF00200CB070BD0133204B3F
S21401D2805B6816D0DA1C23D80393D1E71C4B013612
S21401D2901B6818BF0126DD1C06D802934B68FF28C1
S21401D2A00393C3D00020C3E7FF284B6819D003932C
S21401D2B0C3E7DD1C0FD80246204602A9039318F0E7
S21401D2C0E9FEBBE720464FF4803119F06BF8D2E750
S21401D2D0FF28B2D1E6E7FF28B0D10022204602A9F6
S21401D2E0EDE701200393A1E72A46C0E7FC1F00B043
S21401D2F0E8530020001F00B0000002B8008001B80B
S21401D300A068002010B50C4619B118F070FE00B1E7
S21401D3100434204602F0B8FA024B4042C3F8C80E65
S21401D320002010BD001000B0838E70B593420C46ED
S21401D33015461CD3836C8B4208BF00241DF047F9A9
S21401D3404FF49C530B490646CA68C2F30362D340A6
S21401D350DA0702D50B6F9B0304D401222946204627
S21401D36001F016F830461DF02DF9002070BD212081
S21401D370FCE700BF000002B82DE9F84F0646154647
S21401D3800B4611B92120BDE8F88F002AFAD00329EF
S21401D39005D8002201F05EF903460028F2D01C8869
S21401D3A09978B4F5804F01F0070080F0C580A0F1B0
S21401D3B0070C1A7993F805A0DF88DCF1000343EB2C
S21401D3C00C0305282B7394BF0023C1F30013C1F38C
S21401D3D0801C6B738B0985F810C003F00203C1F340
S21401D3E0C00C43EA0C03C1F340116B74A974AF82FD
S21401D3F0002A40F0828096F81E31013BDBB2EB74C6
S21401D400D6F89430DF0600F18380063801287FD8ED
S21401D410B6F81280F76908F1FF38484B083C04EA71
S21401D42008045B6D3B5D0134802B0EBF6FF07F03FC
S21401D430323B5BB2AB730023AB6096F8279004EAED
S21401D4400804B9F1000F61D1631D03EA08035A1CF1
S21401D45002EA0802BA5CFB5C43EA0223D9040FFA2B
S21401D46083FB4CD5D6F8E43013B11B68022B05D8E4
S21401D47041F24D724C210020FEF74EFFD6F8E42013
S21401D480CBF30B0392F82420DB000AB1B3FBF2F3D3
S21401D4909A4508D83BB1CAEB0A2ABAFBF3FA6FEAF7
S21401D4A00A0A5FFA8AF9D6F8EC3023B1484695F9AC
S21401D4B00E1098478146631C85F80F9003EA08030F
S21401D4C0F95C013303EA0803FA5C013303EA080353
S21401D4D041EA0221FA5C013303EA0803F85C41EAF7
S21401D4E00241002341EA00616A7C304603F0D8FA23
S21401D4F006232860AB71002045E7531E7EE717F828
S21401D50004904FEA49095FFA89F9CCE79946D2E7D0
S21401D51000230020EB730A4B5A69C2F30723120457
S21401D52048BF63F0FF035AB212F1800F1CBF323BB3
S21401D5305AB2AA730346DCE7022024E7004000B88B
S21401D54000C000B838B5148811F003054FEAC404CA
S21401D55022D13F2C20D9B4FA84F4C4F11903DBB2EA
S21401D560052B01D8192C15D0052B28BF052301241E
S21401D5700633DBB29C40C4F3CF0313800382816180
S21401D580448700F02DFF054A631E2343C2F8A430EA
S21401D590284638BD2B46EAE72125F9E7001E00B0EC
S21401D5A011F5004F1FBF01F30E01044BC1F30E012D
S21401D5B0002014BF99642120704700BF008001B885
S21401D5C0F8B504460E4619B990F824305A063FD4E9
S21401D5D04FF6FF73618ED4F8E470994204D0314B54
S21401D5E01B680BB1204698472F4D2B68BB424DD088
S21401D5F02E4B1B683BB11FB13A68002A48D0BF6862
S21401D6003946204698470727204601F06BFB002E37
S21401D61032D006270126264B94F9282093F90030AC
S21401D6202449C3F11C039B1ACA69DB0222F4FF22B8
S21401D63003F4FF231343CB61D4F8E4301E4A2B6076
S21401D6401E4B976720461E7018F015FD0020F8BD8A
S21401D6504FF6FF71144DD0F8E4702A6866F386130E
S21401D6609742418680F8243017D0104B1B68002B58
S21401D670C1D101F037FB072711493B46114AD1F8C2
S21401D680FC1004F1F80003F04DF9C2E70127BBE7EF
S21401D6901746204639469847B5E701F023FB012790
S21401D6A0EAE700BFF4530020E8530020F0530020BF
S21401D6B0F461002000C000B8006000B8F5610020E9
S21401D6C0001F00B0581F00B0054A12681AB190F842
S21401D6D01E1119B91047084602F0AABB0148704747
S21401D6E0E453002000FEFFFF344B2DE9F7431C688E
S21401D6F001F4007900F00103174653EA09020646D1
S21401D7000D4635D04FF000083BB300230022002120
S21401D7100120CDE9008803F007FB042001F02CFE70
S21401D72041462046FFF7D0FF01224146208610469B
S21401D73018F04DF9D4F8941004F1F80002F010FC3A
S21401D7401F490868FFF7C0F84FF0FF330B6094F8E5
S21401D750243043F0040384F82430B9F1000F07D0D5
S21401D7600121204618F01EFE25F4007506430D43E0
S21401D7702B4632462046FFF709F9FB070FD511491C
S21401D780114A086800211368116001210F4A1170BF
S21401D79003B198470E4B002102205B68984717F0AB
S21401D7A00E0F08D04FF409723B21002003B0BDE8EC
S21401D7B0F043FEF7B1BD03B0BDE8F083F854002096
S21401D7C090680020FC53002000540020F6610020E1
S21401D7D08868002008B5482200210248FDF72CFF82
S21401D7E0002008BDDC1E00B073B578216422A0F8C5
S21401D7F0141182210C23C0E94112C0E94322C0F86A
S21401D800002107224FF0FF35002680F830314FF611
S21401D810FF730446C28700F14C0282641E4AC38528
S21401D820A0F8403080F82C3043864263038780F8A6
S21401D8302860C0F8A850458580F8265003F03EFCC5
S21401D8402046FFF7C7FF94F928102046FFF76AF92C
S21401D850602340F6FF71114A2046D36402F11C4250
S21401D860D162D1650E4A2946D36440220D4B1A6710
S21401D870D4F89420FFF7D8F90E230022CDE900331F
S21401D88040F202231046194603F04EFA01F0E2F880
S21401D890304602B070BD00BF4000FFFF004000B838
S21401D8A0005000B8002002B810B50C46FFF792FFF2
S21401D8B0BCB1A378082B16D8E278082A13D843EA15
S21401D8C0021313F0FF030CBF19466168074AC2F83A
S21401D8D0DC10217882F82011617882F8233182F8F1
S21401D8E02111002010BD2120FCE700BF001E00B062
S21401D8F0012A10B512D8032B10D803EB820201239C
S21401D900074C934094F82201DBB221B10343002077
S21401D91084F8223110BD20EA0303F8E72120F9E755
S21401D920001E00B0034670B50C68B0F8342101340F
S21401D93008BFD3F800418D6808BF0C604C68F8300A
S21401D940013404BFD3F80C414C606E1C3CD1D3F8B3
S21401D9500841CE688C60751C3CD1D3F804510E6921
S21401D960CD60013604BFD3F8F8600E614E6901360A
S21401D97004BFD3F8FC604E618E69013604BFD3F84C
S21401D98010618E618E695EB35A32B24238BF32463A
S21401D9900E688A6116B15A2E38BF5A26C3F8084156
S21401D9A04C68C3E94065C3E943420A69C3F8F820F5
S21401D9B04A690C49C3F8FC20D1F8FC1007230A4A2F
S21401D9C002F0B0FF002070BD02F15A04AC4238BF2D
S21401D9D02C46BEE702F17805B54238BF3546BEE7AC
S21401D9E06422D5E7001F00B0581F00B070B51CF0C8
S21401D9F0EEFD04460B4E00F031FA012805D0204614
S21401DA001CF0E0FD0225284670BDF36813F0706F28
S21401DA10C3F30365EFD1B36ADB06ECD520461CF0F1
S21401DA20D1FDF0E7000002B838B51CF0D0FD4FF686
S21401DA30FF710A4A13888B4203D11CF0C3FD0E20E6
S21401DA4038BD074C074D1B046566A4F58054636614
S21401DA5011801CF0B7FD0020F2E700BF1A6B002012
S21401DA60006001B80000FFFF2DE9F74304460F46AA
S21401DA7015461E46FFF732F830B3A38A23B3204675
S21401DA8018F0BBF878B9002E40F0F280794BD3F845
S21401DA90D83E03F03002102A00F0EA8003F0C003FB
S21401DAA0402B00F0E580DFF80082D8F81430D90763
S21401DAB040F1DE801CF08BFD0646032001F058FD88
S21401DAC030B130461CF07EFD022003B0BDE8F08385
S21401DAD0D8F8142012F00608F3D130461CF072FD77
S21401DAE0644B4FF400612046D3F8D89ED3F8AC6E51
S21401DAF004F0BEF940B14FF4007201215E4B0846B6
S21401DB001A67424617F063FF94F82530DA0707D5FF
S21401DB10D4F894305B0542BF4FF40022574B1A6786
S21401DB2039462046FEF796FB524BC3F8D89EC3F8FB
S21401DB30AC6E0028C9D194F82430980601D4002D83
S21401DB4057D0C5F3400003F023FB022315F4807F72
S21401DB501BBF0021494A484A136717BF484A136743
S21401DB605161136303F04EFB4FF4806315F0040F0D
S21401DB7014BF444A444A15F0400F53624FF0040262
S21401DB803D4B28461A674FF0400314BF3F4A404AB0
S21401DB90C2F88830FEF7C8FE204618F058F938B1AA
S21401DBA04FF4807315F0010F14BF344A324A1367DD
S21401DBB0A90647D54FF6FF72B4F8403093420FD00E
S21401DBC0344A3549526E100CC2F301120132B3FBCE
S21401DBD0F2F308802B4A2C4930481B0448665366EA
S21401DBE0003D18BF012594F8243065F3451384F8E9
S21401DBF02430204618F0FBF9F0B1204618F027F93A
S21401DC00D0B14FF40031204604F032F9431C032210
S21401DC109BB2234801A918F0A2FA9DF8042002F04D
S21401DC200703052B9DF8053015D112070DD443F4D3
S21401DC3080731C4AC2F8B830002003B0BDE8F04338
S21401DC4018F09ABAFFF7F0FECAE713F0040F09D1ED
S21401DC509DF80630EBE703F03002202A05D113F0D9
S21401DC60010FF4E74FF48073E3E79DF80630E0E731
S21401DC700E202AE7001000B0002002B8001002B8FB
S21401DC8000400054005001B8006001B800D000B850
S21401DC9000E000B8004001B81A6B00200000FFFF4A
S21401DCA008400054001E00B000C001B82DE9F34141
S21401DCB00646884615461F461CF089FC0446032086
S21401DCC001F056FC38B120461CF07CFC0E242046A0
S21401DCD002B0BDE8F081042001F04AFC0028F2D130
S21401DCE020461CF06FFC01232A4641463046FFF7CA
S21401DCF0BBFE04460028EAD1DFF8C8805FB388F887
S21401DD00000039463046FEF735FD00284CD198F81C
S21401DD100030012B1CD02022244B1A67244BDB6CCD
S21401DD20B3F5817F1FD2012018F067FA1CF04FFC73
S21401DD30204B06461B680193CBB901F093FC15F006
S21401DD40800526D101F0E0FC284603F0F5F925E030
S21401DD5003F008FABBE798F80030012BF8D0002B47
S21401DD60D9D12124B3E78022134B1A61DBE70420C3
S21401DD7001F002FB00230122042001A901F01AFB95
S21401DD800028DAD103F056FA212430461CF01AFC9A
S21401DD909DE70022094B9A6701F0B6FC084B01216A
S21401DDA05B6800209847F0E7044690E7001002B849
S21401DDB0001F00B0EC530020000002B800C001B8FC
S21401DDC088680020F361002008B50C4BD3F84C118D
S21401DDD04B1C12D011F080410FD1094B1B6813B1B7
S21401DDE00320FEF70BFE4FF080624FF40071054BE7
S21401DDF0DA67054AD16201225A6108BD0080E00F48
S21401DE00F8540020001002B8004000B84FF4002279
S21401DE10034B186F03F500531A67C0F3C0407047F1
S21401DE20000002B8024B586900F00100704700BFBD
S21401DE3000C001B8084B5A69D10707D508B901F0E7
S21401DE4077BA5B69DA0706D401F064BA5B69DB0767
S21401DE5001D40028F8D1704700C001B80F4BDB6829
S21401DE60C3F30363013B0B2B0FD8DFE803F0060671
S21401DE700C06060606080A08080802207047042051
S21401DE8070470520704703207047054B5B6913F008
S21401DE90060F0CBF01200420704700BF000002B827
S21401DEA000C001B8094AD368C3F303630B2B08D03B
S21401DEB06FF49050184100F0010080F0010040001E
S21401DEC07047106F10F48030EDD17047000002B833
S21401DED00C4AD368C3F30363062B07D8042BD8B2C6
S21401DEE00BD8C31E5842584140007047072B06D135
S21401DEF0D2F830010028ECD170470220704700208C
S21401DF00704700BF000002B8094BDB68C3F3036328
S21401DF109A1E012A8CBF00220122012B02701EBF0D
S21401DF204FF4026222FA03F303F001030B70704709
S21401DF30000002B8094AD368C3F30363032B01D078
S21401DF40072B08D1536FDB0605D4906F80F00800CD
S21401DF50C0F3C00070470020704700BF000002B841
S21401DF60024B0022196818F023B800BF3075040070
S21401DF70024B1B6803B11847704700BF18540020B6
S21401DF80024B1B6803B11847704700BF14540020AA
S21401DF9010B5FF224FF6FF71044618F02BF868B94A
S21401DFA0FF224FF6FF71204618F035F830B92046AB
S21401DFB0BDE81040FF22024918F03FB810BD00BF6F
S21401DFC0D47404002DE9F0411C46184B05461E6822
S21401DFD00F46904646B1306801F01CFEF3681BB14F
S21401DFE0B368186801F016FE114B1B682BB1DA688E
S21401DFF01AB19B68186801F00DFE9DF81830640789
S21401E00044EA08425B0503F0BC6342EAC7621A436E
S21401E0102846084942F4C87203F016FF0022284633
S21401E0201146FFF781F90020BDE8F0812C75040048
S21401E030307504009007E12D08B5FFF77BFF88B126
S21401E040094BDA6912030DD5186F10F4003009D1A7
S21401E0509B6F13F0100F4FF010030CBF034A044AD6
S21401E060936708BD0220FCE7000002B8001002B862
S21401E070002002B838B50446F8B1124AD3691B032A
S21401E0801DD5556F104BC5F38115032DB3F8B4306C
S21401E0900DD10822083B9BB221460C4818F05FF8C8
S21401E0A00020084B25729B6F1B0A637238BD022D38
S21401E0B005D1023B2A469BB2EEE72120F6E7022075
S21401E0C0F4E700BF000002B8001E00B0384000545C
S21401E0D0431EDBB2FD2B14D9FF280B6801D14A6819
S21401E0E0134313F0802F1EBF42F20102074BC3F801
S21401E0F0282251F82020054BC3F85022C3F8542299
S21401E10070470128F5D10023E9E700BF004001B8B8
S21401E110F0B585B06D460E460F4B074614460FCB3D
S21401E12085E80F000D4BD3F848020090D3F84C2237
S21401E13001923EB1631EDBB2FD2B0AD93060FF2C83
S21401E14000D1726022462946384617F0A3FF05B073
S21401E150F0BD012CF4E700BFDC7404000080E00F82
S21401E160F0B585B06E460D4B07460D460FCB86E8DB
S21401E1700F0000F039F8314604460246384618F0DA
S21401E18002F94DB140B9FF2C1BBF04AB03EB84046D
S21401E190009B54F8103C2B6005B0F0BDDC74040005
S21401E1A030B50C4B0546187085B0082380B90A4A6D
S21401E1B0C2F8FC3351B96C46084B0FCB84E80F000C
S21401E1C0074B2A4621461868FFF7A2FF05B030BD67
S21401E1D0044AEDE7926B0020001002B8EC740400CC
S21401E1E0F8540020002002B8014B1878704700BF91
S21401E1F0926B0020124BD3F8E020D2031ED54FF4C9
S21401E20080321049C1F8E020A1F58051C1F8EC2018
S21401E2101A6CD1B2C2F30722C3F88010C3F880206B
S21401E2200422C3F880200022C3F88020C3F880208F
S21401E230C3F88020C3F88020C3F88020704700BF51
S21401E2400040005400600054F0220A4B01219A64F9
S21401E250A022A3F580539A64074B826CC3F8C010C2
S21401E260FC21C3F89810C3F89C204FF40052C3F861
S21401E270BC207047006000B800400054F8B50D4659
S21401E280174606461CF0A3F901230421084C094A47
S21401E2902363A760E6602561C2F8E010064AC2F86B
S21401E2A084311CF08FF90DB102232363F8BD00BF42
S21401E2B0004000540060005400E100E00222024BDE
S21401E2C058611A63704700BF004000540122044B96
S21401E2D01A6640F6FF729963D863DA65704700BF25
S21401E2E0004000542DE9F04F042A05460B4683B042
S21401E2F039D901260978141F81615A7803F1040976
S21401E30082619A788261DB7883610368D0F808B00D
S21401E31003F0070306339E4006F1FF3A0AEA0B08AC
S21401E3204768A6EB0802944247F000570ED84946C4
S21401E330224607EB0800FDF70FFB46EA0A0604EB48
S21401E3400B023240AA6003B0BDE8F08F494607EBE6
S21401E35008000192FDF700FB019A384609EB02011D
S21401E360A21B4244E7E7013A032AECD8DFE802F0B1
S21401E3700B08050213F8012B826113F8012BAA6121
S21401E38013F8012BAA611B78AB6103B0BDE8F08FCF
S21401E39038B50C46154601460F4B60B101220F48B1
S21401E3A0C3F8C0202246FFF79DFF1DB104220A4B89
S21401E3B0C3F8C02038BD64B1D3F8A420A24284BFFC
S21401E3C00122C3F8C0200222C3F8A040C3F8C0202F
S21401E3D0EBE70122FAE700BF0040005498400054E2
S21401E3E038B504461CF0F3F801211A4A638F054636
S21401E3F011663BB3B3FA83F3C3F11903DBB2A06929
S21401E400C2F8901093660723D066C2F88C304FF49A
S21401E410A02302F50052C2F8E030A2F58052C2F8FD
S21401E420EC3000220C4B1A600C4B1B6F5B0209D5BB
S21401E4304FF480020A4B04F1F8001A67D4F89410DE
S21401E44001F08EFD4FF4E0232846E363BDE8384033
S21401E4501CF0B8B8004000541C540020000002B85C
S21401E460002002B82DE9F84305460C46B1B1D0F8B4
S21401E4701880478F1CF0ABF8B5F83CC0791E01EA4E
S21401E4800C0323F00702032C0646DFF8F8E04244AB
S21401E4905CD1DEF8004024B91CF094F80E20BDE8EB
S21401E4A0F88324F00104DEF8000020F00100A04209
S21401E4B051D10023CEF80030238894426FEA4343BB
S21401E4C06FEA534323803CD1EB8F08EB07091846CC
S21401E4D0083880B202F108044C4528BF4446082893
S21401E4E004D9B4F800E0BEF5804F3ED263440F4332
S21401E4F01B1A3B409BB2AB87E887118894781C4A6D
S21401E500C1F30C0151645367C2F88C004FF48022AA
S21401E510184B04F00704C3F8E0200122164BC3F899
S21401E5208421FFF767FE042C0BD14FF48002134BB6
S21401E53005F1F8001B6F124B1A67D5F8941001F01D
S21401E5400FFD30461CF03EF80020A8E7601E0128AB
S21401E55098BF1446A7E7E88F4344E31A48BFDB1980
S21401E56008389842A8DC304696E72246B0E700BF56
S21401E570004000540060005400E100E0000002B8D2
S21401E580002002B81C540020144B10B51968CA8F1D
S21401E5908B8F488F13440138073B8C69034023F067
S21401E5A007031C4402F108030D4A9BB2CB87C2F84D
S21401E5B08C304FF480220B4BC3F8E02001220A4B2B
S21401E5C0C3F88421A07800F00700042803D1074A85
S21401E5D0D3681B03FCD4064B1C6010BDF854002006
S21401E5E0004000540060005400E100E0000002B862
S21401E5F01C54002010B5064C216839B1CB0703D452
S21401E600044B1868FFF72EFF0023236010BD00BFE0
S21401E6101C540020F85400204FF480320B4B0C4958
S21401E620C3F8EC20A3F50053C1F8E020D3F8881016
S21401E6309A6E012302F0070206329340C1F30C01E1
S21401E640083B994201D8FFF7D5BD704700600054DA
S21401E650005000542DE9F04780460C46164687695F
S21401E660458F1BF0B4FFB8F83C2005F1FF3C02EAE9
S21401E6700C0323F00701032C82463944B8F83E0008
S21401E68019D1494C24689CB90244073A02EA0C02A3
S21401E69022F00702BC183B44E31A48BF5B198342C9
S21401E6A010DB50461BF08EFF00242046BDE8F087A5
S21401E6B024F00104EFE7012C02D0022CEBD108383C
S21401E6C00C46E8E7002E3DD08C423FD1374AD2F8BF
S21401E6D044903649B8F81270D1F88820C2F30C027B
S21401E6E0934247DA2588B5F5804FDAD2A378C5F389
S21401E6F00C0503F007037A1EA5EB09053A43052B23
S21401E700337005EA02052DD82DB2E84340F24142A6
S21401E7100421C00FFDF700FE7580E3783374D8F846
S21401E7201C207B1E03EA0903D118B160A9B213FAB3
S21401E73085F5AF422FBF0023FF1AB780F26024BFD2
S21401E740B180F36050461BF03DFFAEE7A4F108022E
S21401E750974284BFED0802EBC502B2F80090C9F3F8
S21401E7600C09B6E7124B5B6D003B18BF0123A5EB06
S21401E770C305C9E70B6C7A1EA3EB09033A431A409B
S21401E7800C4915B2002DCB680BDCC3F30363D81E0E
S21401E79043424341DB0033708B6F72801B0A337434
S21401E7A0BDE70823F7E700BF1C54002000400054D3
S21401E7B0004000B8000002B8054BA822D3F84C016F
S21401E7C03121431C0CBF0120C0F38070FDF7A4BDAE
S21401E7D00080E00F38B5094D0446286840F69702D8
S21401E7E0003818BF01202B21FDF796FDFA235C4364
S21401E7F02B680A20B4FBF3F4604338BD5054002064
S21401E800174B30B51A68431C164B22D0B2F1407F25
S21401E8101FD3154D00F03F04D5F8002122F03F022A
S21401E8201443C3F8C84001F03F042243C3F8D02084
S21401E830D5F804310D4A1A400D4B03EA500003EA9D
S21401E840510110431143074BC3F8CC00C3F8D41051
S21401E85030BD00200146C3F8C800C3F8D000F2E777
S21401E8600080E00F001F00B0000002B81FF087E133
S21401E870E0FFFF7F73B5574E0446317819B91C2265
S21401E8805548FCF7D9FE2378544A618813705180A5
S21401E8904FF0FC62524CFF21C4F8FC204FF47F027B
S21401E8A0C4F808214F4A022B4F4D117033D104236F
S21401E8B007224E49C4F8FC23C5F8FC33C4F80011FE
S21401E8C04FF4C071C5F80011C4F8FC234FF4805210
S21401E8D0C5F8FC33C5F870214FF40052C4F8702116
S21401E8E0C4F808314FF4FF13C4F8FC304FF4BB13DF
S21401E8F0C5F8FC308023C4F8703148F2C8023C4B9E
S21401E900C3F8D8203B4B3C4A0020C3F8C02F012354
S21401E910337002B070BD394A012BC4F80021384B60
S21401E92027D14FF4C072C5F80021D3F83802D3F8C6
S21401E9303C12FFF765FF0723C4F8FC330223C5F832
S21401E940FC334FF48053C5F870314FF40053C4F8CC
S21401E95070310423C4F808310DEB0300ECF7F4F82A
S21401E9609DF80530023B012B9CBF8023C5F8703112
S21401E970C3E7244AC5F80021D3F83002D3F834128D
S21401E980FFF73EFF0723C4F8FC330123C5F8FC3329
S21401E9908023C4F870314FF4805301A8C4F8703155
S21401E9A0ECF7D2F89DF80530012B05D19DF804301F
S21401E9B053B948F25D1309E0FBD9023B012B9CBF1A
S21401E9C04FF40053C5F8703148F25813084AC2F89C
S21401E9D0D83097E7F7610020C41F00B01C6B0020F9
S21401E9E0002002B8966B0020001002B8C0F10F009C
S21401E9F0001F00B0001000B024540020C0F70F0024
S21401EA000080E00FC0F60F00034B1A6802609B8877
S21401EA1083800020704700BF1C6B002010B50446A1
S21401EA2001F026F80A4BD3F8F83724B983F400230B
S21401EA30C3F3C04010BD012C05D113F4C02F0CBF89
S21401EA4001200020F6E7A31E58425841F2E700BF16
S21401EA50000002B86FF07F42154BD3F8FC379342A3
S21401EA6008D0144A03F03F031370F123124A1370BF
S21401EA70124A13701249134B09781A68A9B1B2F1F8
S21401EA80A06F12D3D3F850120F4A104BB1F1FF3FCB
S21401EA9018BF13460E4A136041F66A020D4B1B68F7
S21401EAA0B3FBF2F30C4A13607047084BF2E700BF62
S21401EAB0000002B8976B0020986B0020996B00202D
S21401EAC0956B00200080E00F5082E00F1075040067
S21401EAD0205400206C54002050540020012807D0F8
S21401EAE0022802D030B100207047034B18787047D7
S21401EAF0024BFBE7024BF9E7976B0020986B00206F
S21401EB00996B00200023F0B590F8304185B002469D
S21401EB102046CDE90133CDF80B30FFF7DFFF92F841
S21401EB202B30411EC9B28B4228BF0B46002C3CD06D
S21401EB30012C38D1042418464FF00F0C384E0DEB3B
S21401EB400405B0FBFCF7F75D013CC01BC0B2814277
S21401EB5038BF00206055002CF3D105240F278DF80F
S21401EB600830B3FBF7F0305C0344DBB28B4228BFBE
S21401EB700B462B5501340B2CF3D10F2602F1A800BE
S21401EB80D43215F8013BB3FBF6F14C1CC1EB011175
S21401EB905B1A0133DBB2E4B21B0443EA045340F8C8
S21401EBA0043F8242EDD105B0F0BD042418464FF073
S21401EBB00F0C1C4F0DEB0406B0FBFCF5EDB27D5DB2
S21401EBC0013C401BC0B2814238BF0020A055002C3A
S21401EBD0F2D105240F258DF80830B3FBF5F0385C2B
S21401EBE00344DBB28B4228BF0B46335501340B2C52
S21401EBF0F3D10F2502F1A804D43216F8013BB3FB7A
S21401EC00F5F1481CC1EB01115B1A0133DBB2C0B24E
S21401EC101B0443EA005344F8043FA242EDD1C2E785
S21401EC2009750400FC74040038B5284B05461A78AB
S21401EC3027490C2A02D1FF20087038BD104617F06C
S21401EC40CBFA04461046FFF749FFA84228BF2846DC
S21401EC50C0B2A04238BF20460B78C0B28342ECD087
S21401EC60087088B1431EDBB2022A1A490ED14FF052
S21401EC70FC62C1F8FC20A1F50051D1F8FC2042EA63
S21401EC804353C1F8FC30D8E70346EDE7124A134C6C
S21401EC901268AC32C4F8C02F4FF47F02C1F80821C5
S21401ECA00F49CA6FD202C8D40F22B3FBF2F2551C29
S21401ECB0C2EB02129B1A0133D1F808411B0443EA46
S21401ECC005532343C1F80831B7E700BF1C6B00208A
S21401ECD0966B0020002002B8F8540020001000B007
S21401ECE0000002B82DE9F04F90F830510646D0F8F2
S21401ECF0A82087B035BB1F2A38BF1F22093A4C24EB
S21401ED00844B85481B6A96F82B10C3F38213DC40AC
S21401ED100368DFF82CA29342DFF828827F4B04F0C9
S21401ED20010414D11F78A74211D19AF80070AF429E
S21401ED300DD17B4F3F788F4209D1B8F8040007B058
S21401ED40BDE8F08F032A38BF0322023AD7E70260F4
S21401ED5098F800001C70FFF7C1FEFF2924D1284651
S21401ED6017F03AFA07466F493CB3D6F8E4702FB16C
S21401ED703B68082B40F2CB8097F838701DBB0B68B8
S21401ED8040F27121B3FBF1F353431922B3FBF2F3C3
S21401ED9039462A4605A8059317F0F4F902023C0401
S21401EDA0059842F0110988E0471E8F4228BF0F469A
S21401EDB0012F38BF0127FFB2D5E7012D29D0022D3B
S21401EDC001D0B5B327460B6840F27121B3FBF1F3CE
S21401EDD053431922B3FBF2F33946012207EB07240A
S21401EDE005A8059307EB042417F0CCF97F00032F41
S21401EDF038BF0327020242EA001242EA0009033F33
S21401EE0000F01F0007FA00F0FFF7E4FC00F5FA67D0
S21401EE1058E00F23B7FBF3F3581CC3EB0313FB1A9D
S21401EE200133DBB2C0B21B0443EA0053C3F3074706
S21401EE30C9E70C6840F27121B4FBF1F40F23544387
S21401EE401922B7FBF3F3B4FBF2F43748374A0068EC
S21401EE50A2FB0412013350FA83F313F8013C039228
S21401EE60A3F140012A4603A8019317F08BF9039FEB
S21401EE702F4AE41BA2FB041200903021049204A83E
S21401EE802A4617F07FF9DDF810B08146A4EB0B0493
S21401EE9001220594102144F2100405A817F072F916
S21401EEA0009B1A02019B42EA091244EA0344059BAD
S21401EEB042EA000907EB0B001844FFF78BFC00F54C
S21401EEC00C57283740F6FF711A4B3846C3F8C01066
S21401EED0A3F58053C3F8C090A3F58053C3F8C4408C
S21401EEE0154C276001F0B0FC4FF47A72134B404288
S21401EEF0986523680A49B3FBF2F3A8F8043096F83C
S21401EF002B30B7FBF2F08AF800500B7017E700279A
S21401EF1034E700BF004001B898680020F86100207F
S21401EF20936B00206C5400202054002069C2F568C1
S21401EF30911E856B006001B854540020001F00B07C
S21401EF40946B00201C6B0020014B1870704700BFAB
S21401EF50956B002010B5044603F012F878B1174BF4
S21401EF601B786BB964B1164B1B784BB1154B1B78EC
S21401EF70013B012B04D84FF40042134BDA6710BD56
S21401EF80124BDB6F1B04FAD41BF021FB4FF400423B
S21401EF900F4B0446DA67A3F5A0435B682BB1FEF777
S21401EFA041FF10B1022017F028F90222094B204632
S21401EFB0BDE81040C3F884241BF004BBF9610020AF
S21401EFC0FA61002058540020002002B8000002B860
S21401EFD0001002B800D003500122024B00201A7024
S21401EFE0FFF7B8BFF96100200022024B01201A701A
S21401EFF0FFF7B0BFF9610020F7B50646504C00F0A8
S21401F00037FD504B2578504F1E7085BB2846FFF7BD
S21401F010A1FF2378013B012B19D8E37B01A88DF8CA
S21401F0200430237C8DF80530E8F7AEFFC7F884542A
S21401F0304FF6FF72454BC3F88420F822A3F58053A0
S21401F040C3F884200022404BC3F884240DE04FF619
S21401F050FF723E4BC7F88454C3F88420F822A3F508
S21401F0608053C3F88420C7F88454394B5BE00020F2
S21401F070FFF770FF2378013B012B08D8E37B01A83B
S21401F0808DF80430237C8DF80530E8F77DFF0023EA
S21401F090C7F88434002ECBD062685AB32D4B1B6858
S21401F0A003EB5203B3FBF2F3013B1B0243F0F803FD
S21401F0B026782649022E284A1ED0032E4FF6FF75C3
S21401F0C0214826D0012E34D143F00203C1F88450E2
S21401F0D0C2F884300723C0F88434E37B01A88DF896
S21401F0E00430237C8DF80530E8F722FF0120FFF776
S21401F0F031FF17E0F823DBE74FF6FF7043F001031B
S21401F100C1F88400C2F8843006220F4BC3F8842469
S21401F110E3E743F00503C1F88450C2F884300423C2
S21401F120C0F884340D4B4FF080420020DA6703B0FC
S21401F130F0BDC1F88450C2F884300023F0E700BF68
S21401F14058540020FA61002000C00350006000B847
S21401F150002002B86C540020005000B8001002B81D
S21401F160F0B5294F06463D4604460FCE0FC5336817
S21401F17085B02B6000F07CFC0022244BC3F884246D
S21401F180A17A627A42EA0142C3F89024217CE27BAA
S21401F19042EA0142C3F88C24217B627B41EA0240A9
S21401F1A0C3F888043B78032B2AD8DFE803F0220251
S21401F1B00C178DF8041004218DF805200DEB0100C5
S21401F1C00022E8F781FEE37B00228DF80830237CDD
S21401F1D0042102A88DF80930E8F776FE637A012249
S21401F1E08DF80C30A37A042103A88DF80D30E8F7CA
S21401F1F06BFE074B187805B0BDE8F040FFF7FCBE84
S21401F200212005B0F0BD00BF5854002000C00350B7
S21401F210FA610020034BDB6F002BBCBF024BC3F827
S21401F22088007047000002B8004000B82DE9F0479A
S21401F23017F047F84FF47A762D4BB0FBF6F61860C8
S21401F2404FF4FA73734307462A48190E1B0218181F
S21401F250294A4FF0000341F10001FBF781FE274BDD
S21401F260A0F5807205461A6320B948222B21FDF7C6
S21401F27053F801254FF47A724FF0000A6A43534659
S21401F28050083102FBF76CFE1C4B1D4AB7F57A7F1E
S21401F2909A601C4B4FEA056819601B4B8946044669
S21401F2A018604FEA152505D29B222B215046FDF703
S21401F2B033F801264FF47A73A8FB030103FB05110B
S21401F2C07308C01841F1000100233246FBF748FEDF
S21401F2D00E4B023419600E4B49F10009A408186060
S21401F2E044EA8974054B013C9C63BDE8F08700BF86
S21401F2F06C54002020A1070040420F0000C001B856
S21401F300021101007C54002078540020745400201F
S21401F310705400201022044BC3F884215A60012245
S21401F320024BDA60704700BF00E100E000C001B8A0
S21401F3301022064BC3F88421C3F88420BFF34F8FF5
S21401F340BFF36F8F0422024BDA60704700E100E0E2
S21401F35000C001B810B50446A242A2EB0000A3EB20
S21401F360010104D2034B01399B6B0133184401F0B0
S21401F370030110BD00C001B838B501250A4B0201D2
S21401F3809D504FF480730446084A834053661BF031
S21401F3901EF9074AA540137823EA05031370BDE852
S21401F3A038401BF00FB900BF00E101B800E001B81A
S21401F3B0036200202DE9F84F164605468A461F4689
S21401F3C01BF005F9022E00F0908080461BF00CF928
S21401F3D0594B5A4AD3F82090147D5A6EE4B252071C
S21401F3E044BFD3F82090013404F003041BF0F7F86F
S21401F3F04846214600F036FA8446DAF80000012E27
S21401F40004BF01306044ACEB000C08BFCAF8000032
S21401F410BCF1804F7DD300F037FA8145A1EB0401A2
S21401F42088BF454BDFF834C188BF01F1FF3101F0D9
S21401F430030188BF9B6BA0EB090E0CF80510A1B168
S21401F440F90742BF41F61F723D4B5A67BA0742BFE2
S21401F4503B4B3C4A5A677B0742BF0022364B9A67B2
S21401F4603C0742BF0022344B9A6511244FF0010A33
S21401F470314B05F11002120103EB051BCBF80C0111
S21401F48031499C501A6A0AFA05F4586E0B78A2EBB9
S21401F4900902E4B2234372450B7025D34FF48073FF
S21401F4A0AB40034220D11CF80520002A40D10EB300
S21401F4B0264AF807536607D541F61F7140F2011038
S21401F4C01F4B596750675967B90706D51C4B1D4A2C
S21401F4D01E491F485A6748675A677A0742BF012282
S21401F4E01C4B1A613B071AD440461BF06BF80120EF
S21401F4F0BDE8F88F184A2D0142F805A042F89C3C59
S21401F5001BF065F810490B7823EA04030B701BF017
S21401F51059F840461BF056F80020BDE8F88F212028
S21401F520FFF778FE4FF48032034B4046DA60DCE7A3
S21401F530064A40465366D8E700C001B8DC540020AE
S21401F54000E001B800001F1F0362002000D001B8D0
S21401F55000000101000002B800E101B8FB610020D3
S21401F560024B1878003818BF01207047036200204C
S21401F570034B10300001185800F00100704700BF1F
S21401F58000C001B870B50646FEF74CFC044608B14B
S21401F590FFF7CEFE0023084D3046AB61EB612B62D0
S21401F5A000F072F9054BC9B2197528620CB1FFF764
S21401F5B0B1FE002070BD00BF00C001B8DC540020C1
S21401F5C02DE9F0419DF818800D46B8F1000F08BFEF
S21401F5D00022214EB5F5803FB168074621F470013F
S21401F5E041F4A001B1609DF820409DF81C104FEA3F
S21401F5F0042444EA016444EA031444EA084444EA5D
S21401F60002044FF0180140F2E9222CBF002001202D
S21401F6107465FCF781FE3564B8F1000F1AD00F4B04
S21401F620BC68D3F888305A2C38BF5A245B0606D5F6
S21401F63000F0F0FB18B10A4BB3FBF0F31C44204674
S21401F64000F022F90130854238BF0022024B34BF58
S21401F6505A645864BDE8F08100C001B800C000B823
S21401F66000093D00214B10B51A6E1A66596C59B146
S21401F6701F49C96800292EDB596D4FF0FF3301F091
S21401F6800F018B409A4326D110242020FFF7C2FD9C
S21401F690184B9C6002F088FB2022174BC3F884218C
S21401F6A001F0F4FC48B1002200200821FEF71CF806
S21401F6B0124B5C66A3F580531C670D4AD36803F0B2
S21401F6C07063B3F1807FF9D9084B0D4A5A6741F24E
S21401F6D001429A6710BD01F0D9FC0028F4D0094B0D
S21401F6E0064A5366A2F580521367EDE700C001B8DB
S21401F6F0000002B8001002B800E100E000E001B826
S21401F700011B01181000002008B52120FFF782FD1B
S21401F7104FF48032014BDA6008BD00BF00C001B86B
S21401F720F8B5184D04462B6A1B0426D500F0E6FBF7
S21401F7302B6AA0FB044613F0787F4FEA9367C3F366
S21401F7404450C3F3044505D140F25A422B21FCF73D
S21401F750E3FD0120AD01B5FBF0F010EB871005D1FC
S21401F76040F25F422B21FCF7D7FD01200246002321
S21401F77020463146FBF7F4FBF8BD00F04BFBA0FB3F
S21401F7800401F9E700C000B80246012030B50B4C71
S21401F790A0F12003C0F1200524FA05F504FA03F3CD
S21401F7A02B4304FA00F595428B4100D330BD0F2858
S21401F7B001D00130ECE7FF20F8E700BF40420F0020
S21401F7C010B50C46FFF7ACFFC30943EA4163C01A04
S21401F7D061EBD111FFF7D8FFFF2814D00F220C4B95
S21401F7E040F01000C3F88820A3F58053C3F88800C2
S21401F7F0A3F580531B6ADBB2802B06D02046BDE8FA
S21401F800104000F067BB212010BD0220FCE700BFBE
S21401F81000E000B838B51AF0E7FE084B084A1D6A42
S21401F820147D5A6EE4B2520744BF1D6A01341AF0C1
S21401F830D6FE284604F0030138BD00BF00C001B85B
S21401F840DC5400200346064A103302EB00111B016C
S21401F850D1F80C01D158C1F3400116F0D9BC00BF54
S21401F86000C001B8064B1B68434303EB8171054B8F
S21401F8701B68A3FB003013F1004341EB0000704707
S21401F88074540020705400200C4A20F04043014676
S21401F89010B5002014684FF00042E4FB0320084A2C
S21401F8A0890F126802FB0300064B9B6B984204D932
S21401F8B001330131C01A01F0030110BD7854002054
S21401F8C07C54002000C001B8044B01F0F0711030E8
S21401F8D041F0030100011950704700BF00C001B894
S21401F8E008B52220FFF796FC4FF48022014BDA6020
S21401F8F008BD00BF00C001B808B5064B4FF0304048
S21401F9001A6805499200FCF727F8BDE8084001F09F
S21401F910E3B800BF4C7504005075040070B50C6860
S21401F920651C15D0C4F302669E42C4F3074530D168
S21401F930A4B294422DD804EB8506B24229D2141BF8
S21401F940A50824F003040E59340F04D0012C08D066
S21401F9500022212402E06B1C51F82320C0E9002478
S21401F96070BD0E4C34F8133042EA03431A686B1C20
S21401F97051F8234001EB83014B6822405E4036F08C
S21401F980704404D11B0F032B04BF8B681A43002459
S21401F990E4E7013501EB8501C1E700BF24750400EA
S21401F9A007B501A8EBF7D0F84822164B5A65164A58
S21401F9B0D2F8D43023F4FC33C2F8D430134B1B688E
S21401F9C09DF80530023B012B19D84022104BC3F895
S21401F9D0FC23104BD3F85C32DBB2FF2B00D106239D
S21401F9E0094A1B03D2F8FC139BB20B43C2F8FC3343
S21401F9F0D2F83021084B1A6003B05DF804FB00F022
S21401FA00E7FEECE7008001B8000002B8002000B075
S21401FA10001002B80080E00F1054002000224FF4BE
S21401FA2000710F4B10B51A675A679A670D4AD16273
S21401FA30012102F5E8325161DA6812F0706FFBD1EC
S21401FA404FF0304201245A6602F5FC5208329C6699
S21401FA50DA64054B1B689847044B5C6110BD00BF18
S21401FA60000002B8004000B89C680020002002B8E0
S21401FA7001230F4A0F49C2F880328A6A22F0020235
S21401FA808A620D4A53600D4A53600D4A5360A2F5CF
S21401FA9080425360A2F54042536002F5C032536083
S21401FAA002F580425360A2F500425360704700BFE2
S21401FAB00080005000C0005000D000B80050005434
S21401FAC0005001B808B5FFF7D3FF0E4B0E4ADA67B0
S21401FAD000F076FEFFF764FF03220C4BC3F8E0202C
S21401FAE0012203F54043DA674FF460725A614FF41E
S21401FAF00072DA67FEF778FBBDE808400021FEF7E2
S21401FB004FBB00BF000002B80048F000005001B82B
S21401FB102DE9F04F054687B002900F4657F8044B83
S21401FB20631C06D1029B2C60E81A801007B0BDE862
S21401FB30F08F5FEA147B18BF0123344AC4F30161D6
S21401FB4008BFC4F3074332F81120A4B24FEAC30A30
S21401FB502F4844EA02440AF104022A4482421BD294
S21401FB600722CA4002F0010201929A0004EB8303C5
S21401FB7003930123B94603FA0BF808F0940305F141
S21401FB80080604920593039B09F10409A34208D1D0
S21401FB90049955443944C0E71D4A9542E0D80020EF
S21401FBA0C4E7059B53B918F0420F19D118F0280F76
S21401FBB00BD146F8084C59F8042C21E04FF420628A
S21401FBC032210020FCF7A8FBF3E740F6042232219D
S21401FBD00198FCF7A1FB04F5805246F8082CEAE7E9
S21401FBE040F60D2232210198FCF796FB04F50052EF
S21401FBF0BBF1010F46F8082CDDD159F8042CD2438D
S21401FC0046F8042C04340836BDE700BF247504000A
S21401FC10003000B0F8B50546F0B10026154B344665
S21401FC201F46154953F8042BBAB9A00000F130401D
S21401FC30294600F50150FFF76BFF30B940F6AE32AA
S21401FC403621BDE8F840FCF767BB0C4B0134044491
S21401FC5047F8265023F81640F8BDAA42FCD00136D4
S21401FC600C2E02D031F81640DCE740F6C8323621B9
S21401FC700020E6E780540020CA5A0020CC5A002013
S21401FC8070B50446A8B1C1B1384A52F8043B98424F
S21401FC9015D1002336498A689206FCD49B00354A62
S21401FCA003F1304303F50153C2F8B0302022324B42
S21401FCB09A6070BD01330C2B02D1304D12E0012346
S21401FCC052F8041BA142F5D12D4A32F81330E1E770
S21401FCD004D16268C3E90012083403E0012A01D1A5
S21401FCE0043419602268531CE3D0C2F3016335F86B
S21401FCF01300110C93B211F0FE0F43EA0043606843
S21401FD000DD00434CAB2022A2168E1D9D4E90160CF
S21401FD10033AC3E9001698600C340C33F3E7120F6C
S21401FD20072AD9D8DFE802F00704090D1013181DB9
S21401FD30C04303F500531860CEE71A6842401A60C4
S21401FD40CAE703F58053F6E716F057FAC4E701222F
S21401FD5003F580538240F2E7012203F50053824007
S21401FD60EDE71A6830EA0202FBD1B5E780540020BD
S21401FD70000002B8001E00B0001002B8247504008E
S21401FD80CA5A00200122014BDA677047001002B8F8
S21401FD900122014BDA677047002002B84022014B6E
S21401FDA0DA677047002002B84022014BDA677047D5
S21401FDB0001002B80B4B1B68D3F8E43023B11A6865
S21401FDC0022A01D9186A7047074B9A6D90B238B16A
S21401FDD0064BC2F307421B68DB085343B3FBF0F044
S21401FDE0704700BFF8540020004001B86C54002052
S21401FDF0064BDB68C3F30363984206D1044AD36B10
S21401FE0023F0F00343EA0111D1637047000002B802
S21401FE10001F00B0054B1B68D3F8E43013B11A6815
S21401FE200A2A01D8FFF7C6BF186C7047F85400209D
S21401FE302DE9F743064616F0D9F900248046DFF887
S21401FE4090901AF0C4FB0DF1070105460DF106006E
S21401FE50FEF75AF89DF806308BB9721C29D016F0B9
S21401FE60C5F9A0EB080428461AF0ACFB9DF806304D
S21401FE7013B99DF807303BB3A642E2D824E0D9F87F
S21401FE800C3013F4603FE8D0D9F8100016F01BFAD6
S21401FE90731C074603D016F0A9F9A0EB0804284600
S21401FEA01AF090FB17F5007FE0D0384603B0BDE8A6
S21401FEB0F08328461AF086FB9DF80630002BC0D149
S21401FEC09DF80730002BBCD1004FEEE700FEFFFF88
S21401FED000C000B810F1800F04D04D28CEBF7F209F
S21401FEE0323040B2FF22044BC0B21A62A3F58053EF
S21401FEF018620020704700BF00E000B80B4A10B53A
S21401FF00136E0B4C116E03F00703E35CC1F3CD01D6
S21401FF1001FB0333126E0748C2F3454202FB03336B
S21401FF2000688001B0FBF3F010BD00BF004001B8CF
S21401FF301C7504006C540020084910B5D1F89C309B
S21401FF4040B11C46CA68D1F89C309C42F9D1C2F334
S21401FF500362027003F00F0010BD00BF000002B87C
S21401FF60094B01F080011B6F03F480030B4309D199
S21401FF704FF40012054B1A62837F1BB10122044B1A
S21401FF80C3F80021704700BF000002B8006001B846
S21401FF90005001B82DE9F04F404F804685B03868D3
S21401FFA00C4615F02AFE20B90024204605B0BDE80F
S21401FFB0F08F224600214046FBF73EFB384B5D6939
S21401FFC015F00105F0D1FCF701F806460028EBD044
S21401FFD03F68384615F049FD4FF6FF73984234D016
S21401FFE04FF060512F4E304B304AD3F82090D6F860
S21401FFF08C3011624FF00061A2F58052116224220A
S2140200000421C6F88C202A4A4FF4804B91604FF4A4
S21402001080520027DFF8A4A0CAF868B0F262A742AE
S2140200201ED30421234A9160A2F5F032C2F88C3026
S2140200304FF060521D4B1A6209EA02031E4A13620F
S2140200404FF480421D4B9A66AFE73146384615F0AC
S214020050B0FC01463846FCF7FDF80028C0D0A3E7FE
S214020060B26E5104FCD5B268D205F9D5CAF868B0AA
S214020070D6F890200135012D0392D0D9E21B042A2E
S214020080A8BF042208EB070003A901930092FBF71E
S21402009063FC009A019B3A4497B2C0E7F8540020EA
S2140200A0000002B8004000B8004001B8006001B885
S2140200B0001002B8002002B8005001B8006000B874
S2140200C04FF604014FF60502044B01201B6C9BB24F
S2140200D08B4208BF1346024A136670470080E00F41
S2140200E000C001B82DE9F74F81460F464FF0FF35A5
S2140200F0FFF790FB002601908A462C463046DFF832
S214020100D8B006F110031B015BF8033003F00308B6
S214020110B8F1010F15D13046FFF794FB02460B46A5
S21402012001985146FFF716F9DBF8643006F108022B
S214020130D340DB0739D5002F40D000252C463E6041
S21402014040460136082EDCD160B3234A0027D2F897
S21402015008C0916B0CF440330131A4FB01416419D1
S21402016041F10001B3F5003F30D1536B0CF4405C13
S214020170013347F10006BCF5805F22D1156B15F5F9
S214020180807505FB06F647F1000203FB0266A5FB37
S21402019003323244594304FB0212A3FB04341444D0
S2140201A0C9E9003403B0BDE8F08FA84271EB04033E
S2140201B0C6D207B13E6005460C46C1E73D463C4600
S2140201C0BEE7320242EA13621B02E3E7136B13F541
S2140201D0807347F10002DDE700C001B808B516F0EB
S2140201E086F8044B5A7C012302329340024A53613A
S2140201F008BD00BFDC540020002000582DE9F34162
S21402020005460F4668461146FFF76CFF0646B0B134
S214020210AFB1DDE900321B0A43EA0263A5FB0384A1
S214020220094B120A05FB02441A6812B916F049F87D
S2140202300246002340462146FAF792FE38603046D0
S21402024002B0BDE8F08100BF6C54002037B504460A
S214020250FFF70EFCE17822791B4841EA0243C0F818
S214020260CC34E579A37943EA0543C0F8D034237841
S2140202704BB18DF8041004218DF805200DEB01001A
S2140202800022E7F721FE63785BB10421A3790022FE
S2140202908DF80430E3790DEB01008DF80530E7F7B1
S2140202A013FE227801235AB1084AC2F8C83462788B
S2140202B002233AB1054A0020C2F8C83403B030BD62
S2140202C0034AF2E7024AF6E700C0035000D00350A2
S2140202D000E0035070B52C4B0C461A7812B92B4A24
S2140202E0926D1A702A4AD26F52054AD51D78294B4A
S2140202F005F00F06B0FBF3F040434FEA151505D1A3
S21402030040F27C622B21FCF707F80120224A0A21E0
S2140203107243B2FBF0F34843B3FBF1F602EB500232
S214020320B2FBF0F201FB1633042BD2B207D8C3EBB2
S2140203308310C3EB80035BB283B96DB217E0C3F1DF
S2140203400B0303EB8303DBB2B3FBF1F32B44DDB207
S2140203500F2DF2D9013AD2B2053DEEE7053B5BB26C
S21402036093FBF1F31D44EBB26DB2002D04DB0020CB
S21402037042EA0512226070BD01320533D2B25DB286
S214020380F5E70220F7E700BF04620020008001B80C
S214020390000002B8403B2500809698004FF0000C03
S2140203A02DE9F84FA2FB017BC84EDFF85CE3BE19CD
S2140203B099466BF10003B6457CEB030308D240F284
S2140203C03E220E216046FBF7A7FF0220BDE8F88F0B
S2140203D0D0F8E4A00C461546BAF1000F04D0DAF8BD
S2140203E00030032B00F21B81B94BBA4A9B6BD2F842
S2140203F0FCA0C3F31408B84BD3F8EC305E00B64B3F
S21402040048BF48F400181B6E48EA456858074EBFB6
S2140204104FF440039B0503F0E07348EA030818F024
S21402042055FA012D0646D0D10028CED0AB4B9842C5
S21402043000F0048103F5122303F5F863984200F0F6
S2140204400381A74B984200F02F81002502462B46D7
S21402045000204FF00071FAF783FD2B46013007FBB0
S21402046003F3C8F3130100FB0B33A1FB0662A7FBE1
S214020470007001FB0522034420339B09C9F80030B3
S214020480F60C984B46EA423618F4801F1C6008BFEA
S2140204907642954B954DC9F8144034441E602C6044
S2140204A0BAF1000F00F0B98000239149C8F38152D7
S2140204B08A5C194618F0807F18BF6408002EB8BF01
S2140204C0764292066008C2FB06012246FAF748FD0B
S2140204D0DAF800300E2B08D97F4B7D4A926BD96929
S2140204E0D3F80C31C90600F1D68018F4001814BFF0
S2140204F0C42240F207127F49C0F31300A1FB046135
S2140205004FEA511102FB01F1C9F80400DAF81800AB
S2140205104FF4FA73B1FBF0F118BF4FF0000801FB7D
S21402052003F3A4FB0262FA33A3FB003004FB0822A7
S214020530B342904138BF0131C9B241F4006CC9F8E8
S21402054008C000297ED0DAF81C00A1FB003624B1D0
S214020550B4FA84F20E2A40F38880E203002E77D1A2
S214020560B2FBF3F2530003FB0113A3FB00764FEA40
S214020570044EBE454FEA144474EB060609D34E00F9
S2140205803344A0FB0371BE4574EB010102F1010284
S214020590F6D2C2F30E024CEA023C4CF00063C9F8F3
S2140205A0083018F093F92B68002B00F08880B3FA15
S2140205B083F4D4F102044CBF1C4623FA04F44E4BD7
S2140205C09C4288BF6408002846D0B4FBF0F364213E
S2140205D000FB134201FB02F2904244D85A1E520814
S2140205E05B08013B120242EA0313C9F80C3018F00A
S2140205F039F900285CD0B4FBF0F2642100FB124407
S21402060001FB04F4A0425ED8531E5B085208013A6E
S2140206101B0243EA0213C9F810300020D6E6042B68
S214020620DAF828807FF4FBAE18F0807F0CBF08F063
S214020630E0734FF4400328F0E078EEE600232F48FC
S2140206401D460CE72120C1E600232D481D4606E77D
S2140206500B46002289E7044640F2C2422B210020C4
S214020660FBF75AFE2346013BB8E7C2F10F0702F139
S214020670110E06FA0EFEFB4043EA0E03A7F1200E09
S21402068026FA0EFE43EA0E03FE40013304FA02F295
S21402069046F1000662E702F4801203F400131A43DE
S2140206A008BFC0F5801020E7002316481D46D6E690
S2140206B040F2E5422B21FBF72FFE621EA4E700283C
S2140206C0C9D01C46CFE71446F7E700BF006CCA88BD
S2140206D0008001B8001F00B0004001B800F04902D7
S2140206E0005A6202B8540020B4540020B0540020CD
S2140206F034750400D34D62103FBE40250A3BB2DF7C
S214020700313641DCD694BFD6807C814A10B50B4682
S214020710044686B039B98279016821486B4600687A
S214020720FFF73CFE6B461F4A196851631E4AD2F811
S214020730FC2062B35A6842B11C4A1D49C2F80C1129
S2140207405968A2F58052C2F80C119A6842B1174A4B
S2140207501849C2F8EC109968A2F58052C2F8EC105B
S2140207601549D868D1F8642122F4EE620243C1F832
S2140207706421D1F85C21186922F4EE620243C1F8C2
S2140207805C21A1F5FF4158692839FFF7A3FD002037
S214020790A2880A4B9A6203F5A033186406B010BD0D
S2140207A0F8540020008001B8001F00B0006001B8B5
S2140207B0FFFF0F00FFF8FF0F000002B8004000B86E
S2140207C04FF48062014BDA67704700BF001002B830
S2140207D04FF48062034BDA67034B1B780BB1034A74
S2140207E093657047002002B804620020008001B8BA
S2140207F040B10368012B05D90069034B002808BFE6
S21402080018467047004870473C75040010B590B112
S2140208100468012C0FD902696AB11168094B102CC1
S214020820196051685960916888BFD268996094BF10
S214020830D960DA6010BD102200210248FAF7FCFEE9
S214020840F8E700BFC0540020084BC1171A68A2FB85
S214020850000302FB013310F1807043F10003400EE7
S21402086040EAC310803820EAE0707047D054002077
S2140208700722164B70B5DA66154B164A1D68164BDC
S214020880EC08E005C0184FEA153141F100010023DB
S214020890FAF766FB114B124E18604EF66020FFF711
S2140208A0D3FF4042C6F884000E48FEF7EDFF02462C
S2140208B058B1E301500818184FEA15714FF00003BB
S2140208C041F10001FAF74CFBF06570BD000002B87A
S2140208D06C54002065CD1D00B2E60E00D0540020F8
S2140208E0001F00B040420F0010B5044698B10B4BF3
S2140208F0D3F8FC00FFF78AFF4FF47A7303FB04F089
S214020900074BA0F6AC50DA689B681044C01ABDE8E4
S2140209101040FFF799BF4EF66020F8E7001F00B0C0
S214020920C05400202DE9F8430546084614461E46E4
S214020930FFF76CFF0DB306F0020716F004061ED191
S214020940DFB14FF47A706B685843002B40F08C800E
S214020950FFF77AFF60626B69002B00F08C804B4ACF
S214020960D0684FF47A7202FB0300A0F503501038E9
S214020970FFF76AFF2062002E57D1BDE8F883286988
S214020980002868D04FF47A735843404BA0F6AC5018
S2140209909B68C01AFFF758FFE061A88B00285DD05D
S2140209A04FF47A735843394BA0F6AC509B68C01A82
S2140209B0FFF74AFF2061364BE968D3F8008000292A
S2140209C04FD04FF47A735943304BA1F6AC519A6824
S2140209D05B68891AC91A2F4BC8171A68DFF8BC90C9
S2140209E0A2FB011302FB003311F1807143F10003F5
S2140209F0490E41EAC3118039274B6161DB6EA36160
S214020A00D9F8003053B1404615F0F1FA30B122461B
S214020A10D9F800301D49D8F8D80098470021A869AF
S214020A20FFF762FFA062002F8BD1A86830BB47F2A7
S214020A303050FFF709FFA0604FF47A702B685843D6
S214020A402BB1124B1B6803F51C5310331844FFF7E7
S214020A50FBFEE06091E74EF660209BE74EF66020D4
S214020A60A6E74EF66021B6E7084B1B6803F51C5353
S214020A70103318446CE747F2305079E74FF47A7334
S214020A805843A0F503501038D3E700BFC0540020E7
S214020A90F8540020D0540020001F00B0BC540020A0
S214020AA038B5054608461C4615F0C3FB0246D5F87F
S214020AB0E400FFF79DFE4368A018002B044AA8BF77
S214020AC04FF4FA721A44034B92FBF3F2104438BD09
S214020AD00CFEFFFF18FCFFFF70B5124C88B001AD8C
S214020AE00FCC0FC594E8070085E807008C2200218A
S214020AF00D48FAF7A1FDD42200210C48FAF79CFD16
S214020B000B4B0C4A5A6301F04DFA0B4B1B783BB168
S214020B10044E01AD0FCD0FC695E8070084E8070026
S214020B2008B070BDC41F00B0A01E00B02C1F00B0DD
S214020B30001F00B010111111F761002008B519F05E
S214020B4046FD0E4B1A78A2B90D4A126812F4843F7B
S214020B500FD10C4A1021D1671B7863B9084B1B686A
S214020B60DB0508D4074B2022DA67BDE8084019F0F7
S214020B7029BD054AEEE7044BF5E700BF0A620020EE
S214020B80A0150020002002B8001002B80A4B1978FF
S214020B9001F0FF0229B10021197008499202C1F83A
S214020BA0B420597801F0FF0229B10021597093024E
S214020BB0024AC2F8B830704705620020005000B8FA
S214020BC0064BD3F8D80E064B5B6F1A0103D4054BBF
S214020BD09B6E1B0401D500F580707047001000B0B4
S214020BE0000002B8004000B810B519F0F0FC0E2163
S214020BF004460320FFF7FCF840F20122034B20468E
S214020C00BDE81040DA6219F0DDBC00BF004000B853
S214020C1008B519F0DCFC4FF00042224BC3F88020E6
S214020C20BFF34F8FBFF36F8F0122C3F88420BFF349
S214020C304F8FBFF36F8F0222C3F88420BFF34F8F0C
S214020C40BFF36F8F0422C3F88420BFF34F8FBFF326
S214020C506F8F0822C3F88420BFF34F8FBFF36F8FC6
S214020C601022C3F88420BFF34F8FBFF36F8F20226A
S214020C70C3F88420BFF34F8FBFF36F8F4022C3F8B1
S214020C808420BFF34F8FBFF36F8F4FF48072C3F889
S214020C908420BFF34F8FBFF36F8FBDE8084019F073
S214020CA091BC00BF00E100E008B519F090FC4FF0DF
S214020CB00042094B1A6001225A6004225A60082236
S214020CC05A6010225A6020225A6040225A60BDE8BA
S214020CD0084019F077BC00BF00E100E0012370B5C0
S214020CE0074C2370074B1E68074B3240D3E900536C
S214020CF019402840FCF7F8FC0023237070BD00BFA3
S214020D0008620020D8540020A01500200022044BC0
S214020D101A70044B197811B11A70FFF70FBF70479B
S214020D20096200200A6200202DE9F047DDF820A0C3
S214020D3003EA0108099B06460C4602EA000703EA94
S214020D400A09BAF1000F40F04E81031F0B4300F070
S214020D500E81052871F1000380F0E48050EA010359
S214020D6000F06081431E0B4300F02481FFF750FF22
S214020D70AD4AD2E9005323EA040325EA06053D43B9
S214020D8043EA0807A94BC2E900571E68DFF8F48257
S214020D9026EA0A0646EA09061E60FFF7CFFE15F0A7
S214020DA02A4F14BF48F202034FF40043A04AB0078A
S214020DB0D26EA04848BF43F4005383EA020122EAF7
S214020DC00302C2669C4A0B408166D366C5F3804224
S214020DD01203290348BF42F48072EB0648BF42F46E
S214020DE00052964BAC0648BF42F400726806D3F82F
S214020DF00C3248BF42F48062290648BF42F40062C1
S214020E008F4882EA030123EA0203C0F80C328D4BB4
S214020E100A40C7F34024A404C0F80812C3F80C2200
S214020E20EA0448BF44F48034AB0348BF44F4801459
S214020E30A80748BF44F4800415F4001F06D0D8F86B
S214020E40000015F02AFB08B944F40024E90248BF62
S214020E5044F40034FA0648BF44F4000473077A4B9D
S214020E6048BF44F004041A6A44F4001484EA0203F5
S214020E7023F0010375491A400A621C40CB61744B89
S214020E8016F0010F1C62734B734A18BF1A46734B57
S214020E907C071B6F48BF42F00062714882EA03017A
S214020EA023EA020303676F4B0A4041661A676E4ADB
S214020EB005F00103516CA0F5803081EA030221EAB5
S214020EC00301416482631A40684B28025A64D8F8C8
S214020ED0002048BF664B92F8F62058BF654B69075C
S214020EE048BF43F4806322B115F4C06F18BF43F4C1
S214020EF080733207604A48BF43F00043D2F8EC10D2
S214020F005E4883EA010222F4A0221140C0F8EC10E7
S214020F101340C0F8E0205A4ABDE8F047C2F8EC3069
S214020F20FFF7C2BEA0F580630B4306D020F48063B1
S214020F30A3F500730B437FF419AF19F048FB3A4947
S214020F40D1E9003223EA060322EA040242EA080250
S214020F503B43C1E900324B4A126892F8F610474A00
S214020F6009B313F4C06F1ED04FF4807311E019F06A
S214020F702EFB2D4AD2E9003123F004033B4341EA1B
S214020F80080157EA0807C2E900314FF480633B4A7A
S214020F900BD0C2F8E030A2F58052C2F8EC30BDE8C1
S214020FA0F04719F00FBB4FF48073C2F8EC30C2F86A
S214020FB0E030F4E719F00BFB1B4AD2E9003123F0CC
S214020FC001033B4341EA0801C2E9003101232E4AEC
S214020FD057EA08071BBF9363A2F580525364536413
S214020FE008BF9363DBE750EA01037FF4BFAEBAF1B2
S214020FF0010F7FF4BBAE19F0EAFA0C4A136823F02D
S214021000010343EA090313604FF48063144AB9F1FB
S214021010000F04D05366A2F580521367BFE713672A
S2140210205366BCE7BDE8F087A0150020D854002020
S214021030004000B8006000B8005000B8004001B898
S214021040006001B8005001B8000002B8002002B8E3
S214021050001002B8041C00030418000300C001B804
S21402106000E001B800D001B800C000B800D000B857
S2140210700D0A0A09090A0A090040005400600054D1
S21402108000500054F854002000E000B8024B5868A4
S214021090C0F3C000704700BFA0150020024B1868BE
S2140210A000F00100704700BFA0150020024B5868F0
S2140210B0C0F3C030704700BFA015002010B504462C
S2140210C0FEF700FDFFF7A4FD2046FDF7BDF8FEF78C
S2140210D0A5FCFEF7ABF8FEF71DF9FFF7C9FB1349AF
S2140210E00723134AD1F8FC1004F1F800FFF71AFCA4
S2140210F04FF080710020FEF7E7FB4FF000720D4BB9
S2140211004FF400110120C3F80021FEF7DDFBFEF7C5
S214021110D7FF20B940F292321421FBF7FDF815F002
S214021120EFF8BDE810400120FDF766BF001F00B0D3
S214021130581F00B000D001B88023074A136708235F
S21402114040B11367054AD2F8A03023F02003C2F854
S214021150A0307047024AF4E7001002B8001E00B042
S214021160002002B810B519F032FA01210446002018
S214021170FFF7E2FF044B1961044B5B689847204671
S214021180BDE8104019F01EBA000002B888680020B8
S214021190F8B5194C0546207840F2E442B0FA80F0E1
S2140211A03E214009FBF7B8F855B9607840F2E442B0
S2140211B0BDE8F840B0FA80F03E214009FBF7ACB833
S2140211C04FF440660D4F0E4DD7F8B43040F2E4426D
S2140211D0C3F381232370C5F8B46060783E21B0FA69
S2140211E080F04009FBF798F8D7F8B830C3F38123AC
S2140211F06370C5F8B860F8BD05620020004000B80C
S214021200006000B8F8B5084C084D236F0423084F59
S2140212102B67236F5B0300D4F8BD042602203E67CB
S21402122014F0EBFF2E67F4E7000002B8001002B8D5
S214021230002002B8A82238B51A4B1D6F03F50053DA
S2140212401A6710229A60A3F5804302F100521A67C9
S2140212505A66FFF79BFC144B1B7813B90320FEF764
S2140212608BF80024114B9C67FFF7CCFF104A114BFA
S214021270D2F8D81E0B40C2F8D83E04220E4B1A678C
S2140212800E4BAA06C3F8AC4008D503F58073DB6C98
S214021290B3F5817F22BF8022024B1A61BDE8384037
S2140212A0FCF7C2BB000002B80762002000C001B80B
S2140212B0001000B0DF0000FF002002B8001E00B0E1
S2140212C010B549B930B3164AD3681B0E13F00E0F89
S2140212D020D193689A061DD4FFF786FC104C002096
S2140212E0FEF72AFE032801D0092805D1636FDB0327
S2140212F0F5D4E36D0C2BF2D9FFF784FF4FF400729E
S214021300084BDA62012203F5E8335A61042203F538
S21402131080531A674FF4C062034BDA6210BD00BFF7
S214021320000002B8004000B8006001B808B503210A
S2140213300920FEF75DFD2022014B1A6108BD00BFA1
S214021340000002B838B5054619F041F90E4B0446BE
S2140213501868FDF745F835B1FFF7D8FC2046BDE81A
S214021360384019F02FB9094B1B78002BF6D0084BE2
S2140213701D78002DF2D1FFF7C9FC2A464FF48040B3
S2140213800021FFF7ABFCE9E7F854002009620020D1
S214021390086200202DE9F84F5C4B06460D461446BF
S2140213A01B6F002A40F0AE8013F0A00F14BF4FF060
S2140213B001094FF00009FCF737FBA0234FF0000AA3
S2140213C0DFF868810320C8F87030FDF7D5FF0420E7
S2140213D0FDF7D2FF4E4FFFF799FC4E4B4FF0040B32
S2140213E07B67C7F878A0FFF70DFF4B4B4FF4807171
S2140213F0D3F8A020494842F02002C3F8A020FF22DA
S214021400C8F80820414A1161D0F8D82E4449114044
S214021410C0F8D81EC8F870B0C3F8ACA07B6913F049
S214021420060F04D0FEF75CFA5846FDF7A5FFB9F1A1
S214021430000F08D04FF400623A4B1A674FF400428E
S214021440A3F5E0339A6666B1374BDB6C180701D416
S214021450FFF7CAFBFFF76AFF0420FDF78DFFFFF7D1
S21402146095FB2A4B5A69D10747D5DA6812F0706F96
S214021470FBD12E4B2E4A1A672E4AD36B23F0F0036B
S214021480D36315B12046FFF75DFF2B4BD3F84C31E3
S2140214905A1C01D05B0002D50122244B5A6164B368
S2140214A0214BDA6E03F500539A6603F5D0331B6AB6
S2140214B01E4A23F00103D361204BD3F80C1203F526
S2140214C00053C3F8081203F50053D3F8841003F54B
S2140214D0005399671A4BD3F8EC1003F50053C3F880
S2140214E0E010184B596C03F500539963164903F53F
S2140214F0803359664FF6084313670020BDE8F84F5D
S214021500FCF736BD4FF0000955E700BF000002B8F1
S21402151000C001B800000101001E00B0001000B0BB
S214021520DF0000FF001002B8004000B8002002B83A
S21402153010003000001F00B00080E00F004001B82D
S2140215400040005400C000B85000002F9B4B2DE90D
S214021550F04F9F6EDB6E85B01F40994B9F66994B8E
S214021560D3F8E050D3F8EC301D40974BC3F8E05068
S214021570964BD3F80822D3F80C3202EA0309944BAE
S214021580C3F8089203F52043DA691B6A02EA0308E5
S214021590904B08F47702DA618F4BD3F80422D20616
S2140215A005D4D3F80431C3F30016DB0651D519F07F
S2140215B00EF88A4B5A695E6E1B6F12F0060F06EA29
S2140215C00306874A26F0007314BF4FF0010A4FF055
S2140215D0000A23F400637407536604D5814A137D18
S2140215E00133DBB2137518F0EDFF002F00F0E28036
S2140215F017F4004300F0D38018F0E9FF0146FFF726
S214021600DFFA0446784BD3F800B0DBF80020DBF8AC
S21402161000309A42FBD0DBF800209A42FBD0FFF75C
S214021620CFFAA04217D1084618F0CCFF6F4B1C60C9
S2140216306F4BD3F870B01BF4E0520ED124F07F4407
S21402164024F0DF040CB9FFF7F5FD4FF0807B002491
S21402165014E0B246C9E70446D7E70192FFF7EAFD6F
S2140216605C4B019A1BF480541A6740F09A801BF474
S214021670806F0CBF4FF0805B4FF0806BB80715D5BC
S2140216805B4A5448126F02F460410167002900F079
S2140216908B80110400F18B8012F4005F0CBF4FF0B8
S2140216A000524FF0006200244BEA020BC7F34037A9
S2140216B07F00504A2A40002A4AD015F4206F0AD0EA
S2140216C040F6A31206210020FAF726FE0020FFF7B6
S2140216D039FE25F48025EB0506D5FF213D4A4BF45D
S2140216E0C06B9160FFF780FA15F0090F0AD040F63A
S2140216F0B81208210020FAF70FFEFFF717FE0121A5
S214021700304A116315F0106F0CD040F6C112092151
S2140217100020FAF701FEFFF709FE002211461046E6
S214021720FCF736FE15F4202F0AD040F6C912072120
S2140217300020FAF7F1FD0020FFF704FE25F48025CD
S214021740E80301D5FCF768FF002DB8BF47F008078D
S21402175069070DD51B4AD26A12F4005F4FF4005295
S21402176017BF19492449CA624BF4000B08BFCA6264
S2140217706A0548BF4BF0040B15F48023019300F072
S214021780A480FCF701FF0138062837D8DFE810F0FE
S21402179028012B0128012E013101340134019B4618
S2140217A055E74FF0804B52E74FF000727BE74FF061
S2140217B0004278E7BB463C467BE700BF004000B8E5
S2140217C0006000B80040005400600054004001B8B9
S2140217D0006001B8002002B800E100E000C001B8D5
S2140217E000E001B8DC540020D0740400D454002079
S2140217F0000002B8090B0B890050005440F6FA129A
S21402180003210020FAF788FD01218548826ED0F870
S214021810883002F00702063201FA02F2C3F30C0C19
S214021820A2EB0C0292B2072A12D97E4A126F530218
S2140218300ED47D4B826B806D5B6D5BB102F007024E
S21402184006329140C0F30C00091A89B2072901D862
S2140218504BF4007B754A1278002A36D0704AD2F8CA
S214021860E02012F4A02F30D1714A724912789AB948
S214021870F20411D40A787AB14FEADB026E4842EAE1
S214021880447282F00102D0F8D80E02F00102520031
S21402189020FA02F2930718D10420FDF76DFD674A7D
S2140218A067485067FFF732FA62490A784AB9654ACA
S2140218B0127832B1644A654912680BEA02020A4299
S2140218C001D14BF4804B26F48056B9F1000F1DD09F
S2140218D019F4805F18BF4BF4802B19F4807F18BF71
S2140218E04BF4002B19F4005F18BF4BF0100B19F4E1
S2140218F0007F18BF4BF0200B19F4806F18BF4BF017
S214021900400B19F4006F18BF4BF0800BB8F1000FB4
S21402191048D018F4001F0AD04D4A13683BB1414A1A
S2140219204C48116F00680022C1F3C061984718F452
S214021930802F18BF44F4007418F4803F18BF4BF48D
S214021940805B18F4801F18BF4BF4003B18F4800F1E
S21402195018BF4BF0020B18F4003F18BF4BF4801B65
S21402196018F4000F18BF44F0100418F4002F19D012
S214021970394AD2F8A02012F0C00F13D02949CA68FB
S214021980C2F30362032A01D0072A05D14A6FD006A2
S21402199002D48A6F120732D54FF400212F4A28F458
S2140219A00028D161002E00F01B81330540F18F80A4
S2140219B02B48DFF88890C2782A49002A58D04FF47C
S2140219C00063013AD2B24B66C27032B9264A127826
S2140219D0C2B140F60141254A51670022002173E058
S2140219E04BF4803B10E74BF4006B0DE74BF4806B37
S2140219F00AE74BF4807B07E74BF0080B04E74BF44F
S214021A00001BCFE7D9F8782012F4A05F15BF4FF479
S214021A10807240F60142C9F85820C9F87820DCE7FF
S214021A2000400054000002B8004000B80A620020DD
S214021A30096200200C620020001000B000C001B84D
S214021A40000001010B620020A0150020088D010095
S214021A500C540020F8540020001E00B0002002B8EB
S214021A60FB61002000E001B80762002000D001B848
S214021A700320FDF781FCD9F81420A84B12F0060FBC
S214021A8004BF41F61F72A649A64808BF4A674FF42C
S214021A900061A34A5166D9F8142012F0060208BF64
S214021AA0C9F878205A8A12F4006162D022F40062E1
S214021AB05A82027802F0FF09002A5ED1FDF710FF73
S214021AC0FFF7B8FB4A4620214BEA020B0C43B00054
S214021AD009D52E20FDF79EFB4FF00051904A44F0A8
S214021AE0080411675166F10606D52B20FDF792FB16
S214021AF010218B4A1167516616F0306F05D1F20439
S214021B0063D5BAF1000F00F0C080330117D5292043
S214021B10FDF780FB844A526C12B11021834A916011
S214021B20FFF7B4FA48B1824A82487D494A6602679C
S214021B3000F54050C068400422D444F0040416F075
S214021B40007A28D00420FDF717FC2720FDF762FB59
S214021B50FFF770FB4FF00071714A5166764AD2F871
S214021B60D82E520679D40221704A916044F00204BB
S214021B7028E002784FF40052A6E74FF400422DE721
S214021B800A6720204A66FDF745FB2D2044F00C0428
S214021B90FDF740FBD3E716F0807FDFF88C9147D045
S214021BA00420FDF7E9FB2820FDF734FBD9F878205E
S214021BB0002A3AD1FFF73EFB594A5D4944F0010438
S214021BC0116751660021584A9165720508D55B492E
S214021BD08A78002A00F0D880013A8A7000221743D9
S214021BE0574AD2F8A020130603D558462146FCF7DA
S214021BF0C7F93A4658462146FFF770F8019B0BB1E3
S214021C00FCF7F8FC01224F4B05F00435C3F8E05010
S214021C104D4B18F4002FC3F884211EBF4FF4002248
S214021C20424BDA6105B0BDE8F08FC9F878A0C3E789
S214021C30F104C7D50420FDF79FFB444AC9F8742077
S214021C40FDF74EFED9F8642012F0407FBAD12A2062
S214021C50FDF7E0FAFFF7EEFA80E7394AD2F8A0106D
S214021C608B0683D402203A4988603A49096891F87B
S214021C702510C8077FF57AAF92F8C420002A3FF4F1
S214021C8075AF8021344A116170E7344A1268013216
S214021C9002D04BF0010B98E728490A7952B1013A73
S214021CA0D2B20A7112B9234A2D49516700224BEA71
S214021CB0020B8AE70420FDF75FFB0320FDF75CFBBF
S214021CC0194A2249516718F082FC81460DF10F002D
S214021CD0FEF732F9234A824612780AB1FEF784FFEB
S214021CE0BAF1030F0ED1DFF870A00020FEF724F938
S214021CF0032807D1DAF87420D103F6D4DAF85C2088
S214021D000C2AF2D99DF80F20032A2FD10121164A58
S214021D104846117018F056FCC8E700BFDC54002095
S214021D2000E001B80762002000C001B8002002B837
S214021D301000002000D001B8001000B0FB610020A7
S214021D40001E00B00060005400E100E00000010147
S214021D50001002B8F8540020000002B89068002074
S214021D600000010D0D62002009620020094AD2F827
S214021D70E02012F4A02FC9D1FEF7C8FF484618F09B
S214021D8021FC4FF4804292E70220FDF7F5FA012289
S214021D9025E700BF004000540122024B1A62DA61B6
S214021DA0704700BF002002B80D4B10B5DC691A6AF6
S214021DB014400C4A24F47F01D161E20706D5D968A3
S214021DC04FF0FF30C1F3036114F0A4FA630706D59F
S214021DD0BDE81040042200200021FEF77FBF10BDA0
S214021DE0000002B8002002B80C4A08B5936B526C89
S214021DF013400B4A9363DB070FD50A4B40F6634248
S214021E001878122100F00100FAF786FABDE80840B9
S214021E10002201200021FEF761BF08BD00C000B805
S214021E2000E000B8A0150020054AD2F88430DB078F
S214021E30FBD4936FD2F884201340024A936770470C
S214021E40008001B800A001B870B514460D4618F01F
S214021E50BEFB064BD3F8A06074402C407440C3F817
S214021E60A04018F0AFFB06EA050070BD001E00B0E9
S214021E70034BD3F8A03099430CBF012000207047D3
S214021E80001E00B02DE9F04117460A43012A1D46FE
S214021E909DF818409DF81C60DDF8208029D8B442D1
S214021EA027D2082E25D8032B23D8B8F1000F20D02E
S214021EB00A460021FBF71CFDFF21EB009940C943AF
S214021EC0DFF834C008F1FF38FF00E2B2964202D8CB
S214021ED00020BDE8F0813D190CEB8505D5F8E02021
S214021EE018F8010F0A4098401043C5F8E000013484
S214021EF0EBE72120EDE700BF001E00B0034B186899
S214021F00034B002808BF1846704700BFF454002051
S214021F10209604002DE9F843DFF860900646D9F8CB
S214021F20008008461746B8F1000F03D00E2420465C
S214021F30BDE8F88306B3336801331DD1E1B1FAF781
S214021F400DF805460028F1D0C9F80000FAF72CF87B
S214021F50284613F0F3FC044640B14046C9F8008018
S214021F60FAF722F8284613F0E4FCE0E73560002F83
S214021F70DDD02846B847DAE72124D8E7F85400200F
S214021F80024B1868003818BF01207047F85400202A
S214021F90002108B5024B08465B689847002008BD3A
S214021FA0886800200523064AA2F84A3092F849308B
S214021FB003F0010363F0730382F84930704700BFF1
S214021FC0001F00B00023F0B585B0CDE901330393BE
S214021FD0124B134D1B78134E8DF8043018F004FB89
S214021FE02A78337804469A420F4F0CD031783868F4
S214021FF001AA297014F0C3F950B140F608210B4823
S21402200018F0E7FB04E0386814F099F90128EDD0DF
S214022010204618F0E4FA05B0F0BD00BF716B002050
S214022020A26B0020A36B002014550020574A040020
S214022030F8B52B4B1B7823B140F6FC31294818F033
S214022040C8FB18F0D1FA284B07461C8814F0060481
S21402205009D001214FF4807017F020FB3846BDE806
S214022060F84018F0BCBA21464FF4807017F016FB01
S214022070204600F09DFF022808D180221B4B8021BB
S214022080186813F025FDFFF79DFFE7E7204600F0EE
S2140220908FFF054638B1012807D040F63141114876
S2140220A018F097FBDAE70246E8E7FF220F4E104BDE
S2140220B030681A70FFF76CFF306814F040F9012898
S2140220C0CCD02A462946306814F03BF921462C200B
S2140220D017F010FB21460A2017F00CFBBEE700BFE4
S2140220E013620020574A0400E65A002014550020C6
S2140220F0A26B00200021014818F016B908690020DA
S2140221007F2837B5044610D14FF6FF7302221748D0
S2140221100DF10601ADF80630EAF7D6FEBDF8064028
S214022120E2054CBF6FF04A0464B218F05DFA104B39
S21402213005461C700F4B1B88DB0710D50E4B1B7811
S214022140002B0E4B0CBF21466FF07F01186813F070
S214022150E4FC20B140F67861094818F03AFB2846BC
S21402216003B0BDE8304018F03ABA00BF641002C0AF
S2140221709A6B0020E65A00201462002014550020B4
S214022180574A040010B50FF02EF960B10FF02DF982
S2140221900B4A80B141F20D03BDE8104041F20D0139
S2140221A0074817F0CDBB074B1A781B799A4204D121
S2140221B000220023F0E70D23EEE7034AF9E700BF0B
S2140221C0400D0300716B0020488D0100F8B5164ED5
S2140221D00D46337802F0010423B140F2C5311348AC
S2140221E018F0F7FA124B134F1D60134DA4B1134BA0
S2140221F0997801B10121202017F050FA2B783B7014
S2140222000F4B1C780F4B00211C70042333700E48B2
S214022210BDE8F84018F088B82146202017F03EFAAC
S2140222202B783B70EEE700BF13620020574A04008B
S2140222300455002010620020A46B002008550020E0
S2140222401162002012620020086900202DE9F8437E
S21402225018F0CAF9DFF8A0810546B8F80030614CDC
S21402226013F4807F03D0237873BBFFF7E1FE0021CF
S214022270084617F03FFA5C4B1A78FF2A13D01A78F2
S21402228002F0FF0632BBFF221A702378052B0AD112
S21402229000232846237018F0A2F9304614F0FFF8FF
S2140222A018F0A2F905462378504E062B09D133784A
S2140222B0FF2B06D03378022B15D100214C4818F09C
S2140222C033F8FF2333702BE000214FF4807017F0B1
S2140222D0E5F9CCE71A78012A4FF0FF0214BF33263D
S2140222E04C261A70D4E7337813B13378012B22D1F7
S2140222F017F074FA07463E4896F8009001F0CEFBB7
S214022300FF235FFA89F9337077B1B9F1010F44D12F
S2140223106421374884F8009018F006F8FFF752FE5A
S214022320284618F05CF906E02846277018F057F998
S214022330384614F0B4F8B8F800301B0605D500216C
S214022340802017F0ABF912F0BDFB01F0E3FA294E3C
S214022350308000B32778012F42D117F0F9FE0546E8
S21402236010B3013018F013FB00F44060B0F5006FB4
S2140223701AD104223946284617F02AFE284418F0B5
S21402238006FB4FF6FF7398420ED10020318800F00C
S214022390F1FC00233380BDE8F8830023284623702F
S2140223A018F01DF93F20C4E7114801F077FB002121
S2140223B008462170012500F08FFC23780BB9FFF741
S2140223C037FE0020318800F0D5FC00233380002D34
S2140223D0E1D020780028DED1BDE8F84314F097B9A2
S2140223E00025EAE713620020A16B0020A06B002004
S2140223F008690020E45A0020E65A002008B5134671
S2140224000A461946064B186813F014FC30B1BDE8AC
S214022410084040F2F441034818F0DBB908BD00BF9B
S21402242014550020574A040008B513460A461946B2
S214022430064B186813F0F8FB30B1BDE8084040F2CE
S214022440FB41034818F0C5B908BD00BF145500206B
S214022450574A0400024B1878431E584258417047A8
S2140224601362002008B5064B1B7823B140F22551B3
S214022470044818F0AEF9FFF7DBFD002008BD00BFE8
S21402248013620020574A040008B5054B01EB810190
S2140224901868490013F043FB002818BF212008BD26
S2140224A01455002008B5044B1868F9F70FFF0A23E5
S2140224B090FBF3F040B208BD14550020014B18788B
S2140224C0704700BFA36B002008B5044B186813F0D2
S2140224D091FAB0FA80F0400908BD00BF14550020FA
S2140224E038B5124D0C462B78012B04D940F24651D2
S2140224F00F4818F06EF921460020FFF7E5FF90B16D
S2140225000C4B1C702B785BB9FFF792FD0A4B93F9C4
S21402251000100A4BC901186813F0D5FA002038BD1E
S214022520FFF750FDF2E72120F9E700BF1362002013
S214022530574A0400A36B00201562002014550020A1
S21402254008B5074B186813F053FA30B1054BB3FBC6
S214022550F0F083B20BB1184608BD0120FCE700BFBD
S2140225601455002040420F002DE9F3475C4E01202F
S21402257018F02CF93388990704D440F63F4159489D
S21402258018F027F9DFF8808198F80030053B012B18
S21402259004D940F64141534818F01BF9524F3B68A4
S2140225A023B940F644414F4818F013F9348814F022
S2140225B0200478D00121222017F09CF84FF47A7478
S2140225C0FFF7BEFF3B681B780933434304EBC304A3
S2140225D098F80030A5B2062B0BD117F0C7FC0446BC
S2140225E0FFF7AEFF602358430C2303FB0400284486
S2140225F085B2D7F800903D4B99F800801C7808F118
S214022600FF381FFA88F8002C52D133885A0505D4B1
S21402261009F1010018F0BBF9C0F340143449354AF9
S214022620887812784B7812FB00F2334F93423B7055
S214022630A4BF9B1A3B703B78CA78BD60934238BFF2
S21402264013463B700EF0D7FE002833D00EF0D1FEB4
S214022650012814BF1025082525430023DFF8ACA067
S2140226600093802243464946DAF8000013F089FABE
S21402267020B14FF43B611B4818F0ABF81F4BDAF859
S214022680000019781E4B197033889B0614D52A460B
S2140226901C4B009713F071FEC0B9002002B0BDE8D3
S2140226A0F04718F093B82146222017F023F887E760
S2140226B00024B3E72546D0E72A460F4B13F05BFE0D
S2140226C0014618B9252017F015F8E6E72146262018
S2140226D017F010F840F6F431024818F07AF8DCE702
S2140226E0E65A0020574A04000455002016620020CD
S2140226F0716B002010620020B8680020A36B0020D7
S214022700A26B0020085500201362002014550020FA
S214022710184B10B51B889B0704D440F6A6611648D2
S21402272018F057F8154B1B78053B012B04D940F6D9
S214022730A761114818F04DF8114B1B6823B940F6F3
S214022740A9610D4818F045F800240E4B0E492120C9
S2140227501C7016F0CFFF014618B9BDE81040FFF70F
S21402276003BF022804D12046BDE8104017F058B82F
S21402277010BD00BFE65A0020574A0400136200202C
S214022780045500200E62002029290200F8B55A4C92
S21402279023889A0704D54FF43E71584818F019F862
S2140227A0574801F07BF917F01FFF238805465B07A1
S2140227B00DD54FF0FF3013F02BFA524B1B68C01AA0
S2140227C0B0F5717F03D90021042016F067FF284672
S2140227D04D4D17F004FF2B78042B32D117F004FF6F
S2140227E0238806465F0708D54548002117F09CFD5A
S2140227F03046BDE8F84017F0F2BE17F0F0FE17F0CC
S214022800F3FE424B06461B78414F13B923885905FF
S2140228100FD50523012102202B7016F03FFFFFF78C
S21402282077FF304617F0DBFE3B68DA78394B1A70D2
S214022830F8BD3868013018F0AAF88206E9D50623F2
S214022840E8E7062B4DD1344B1B78FF2BF0D1334EE5
S2140228500EF0D3FD3378002B3DD017F0C5FE23884B
S21402286005465B0705D52648002117F05DFD28467C
S214022870BFE717F0B4FE3378013B337017F0B4FEAF
S21402288004460121022016F009FFFFF741FF204609
S2140228901F4C17F0A4FE2068013018F078F800F4F8
S2140228A04060B0F5006F13D124680121042220464F
S2140228B017F08EFB204418F06AF80146184B0420E5
S2140228C01A783378D21AD2B2BDE8F84018F028B88F
S2140228D04FF6FF71F2E740202B70BDE8F84013F088
S2140228E0DEBD012BA4D100232B700E4B1868FFF718
S2140228F04FFB3F20F1E700BFE65A0020574A04008C
S214022900086900200055002013620020166200208D
S214022910045500200F620020A06B002010620020E9
S214022920A46B00201455002008B50A4B1A7882B909
S214022930012210281A7004D040F69D61064817F04E
S21402294048FF0021202016F0A9FEBDE80840FFF748
S2140229500BBE08BD0E620020574A040008B5094B9C
S2140229601B88DB0604D440F2C351074817F031FF38
S2140229701020002116F092FE044B1868BDE80840AD
S21402298013F0F2BCE65A0020574A04001455002001
S214022990012208B5074B1146186813F0D2FC002135
S2140229A02C2016F0A7FEBDE8084000210A2016F0EB
S2140229B0A1BE00BF14550020014B4008185C7047AA
S2140229C09C6B002008B513460A461946064B186843
S2140229D013F036F930B1BDE8084040F6E941034845
S2140229E017F0F7BE08BD00BF14550020574A040072
S2140229F008B5044B186813F0A2FC013818BF012072
S214022A0008BD00BF1455002070B5054617F0ECFD52
S214022A100E4B0F4E1B880446DA07357008D50D4B51
S214022A200D4D1B78012B08D90121286813F031FDC2
S214022A302046BDE8704017F0D2BD1BB10EF0D1FCA7
S214022A40C305F1D4317881F00101EEE7E65A0020A1
S214022A509B6B002014620020145500200C4B10B50E
S214022A601B880446DB0711D5FFF78CFB094B84F065
S214022A70010208211868D20013F02AF830B1BDE826
S214022A80104040F63671044817F0A3BE10BD00BFD2
S214022A90E65A002014550020574A040008B5044B95
S214022AA00146186813F0D7F8003818BF012008BD91
S214022AB01455002010B50A4C23787BB1FFF768FF47
S214022AC00021042016F0EAFD0021022016F0E6FDA1
S214022AD000232370BDE81040FFF7AABA10BD00BF5E
S214022AE01362002038B5094800F0E8FC0024084DBF
S214022AF095F84430E0B2834200D838BD05EBC000FA
S214022B00043000F0DBFC0134F2E700BFB8550020C9
S214022B101855002008B5104602494822F8F71CFF4F
S214022B20002008BD7055002008B5054817F0C1FF03
S214022B30014620B9BDE80840014817F0F5BB08BDBC
S214022B4028690020002238B51C4B15461C461A7010
S214022B500132082A5D609D8043F8085FF8D148225A
S214022B6000211748F8F768FD4FF6FE73A4F86830A0
S214022B706FF48033E365134B00211A88124B1868F2
S214022B80F8F75AFD114BC4E91255C4E9283584F802
S214022B90445084F85050656584F8A850E9F7FEFC66
S214022BA0FF220B4B012118700A4B00201A70E1F726
S214022BB06BFF0020FFF7B8FF002038BD1855002035
S214022BC070550020146B0020E86700200000FFFF0D
S214022BD0176200205D62002010B5AC24084B04FB8F
S214022BE00030836C53B990F850403CB931B1C0E91B
S214022BF012122046FFF798FF204610BD2120FCE760
S214022C0018550020AC2370B503FB00F5094E731966
S214022C1093F850405CB920460BF022FF735D2046C5
S214022C2043F002037355FFF77FFF204670BD012075
S214022C30FCE700BF18550020AC235843024A135C39
S214022C4023F00303135470471855002070B5164638
S214022C501F4A04461278C2BBAC211E4D01FB00512E
S214022C608A6C92BB91F850203AB1022B2DD191F882
S214022C704410072907D91C2026E091F8441007299A
S214022C80F9D8012B08D0AC2000FB0450CA00011D65
S214022C900C30F8F723FD0021AC2303FB04F00024DC
S214022CA09DF8143000EBC1012944CB71049B8E8041
S214022CB08B602B1893F84420204601328C7183F8DF
S214022CC04420FFF731FF204670BD0120FCE700BF1D
S214022CD01662002018550020F8B5234B04461B78D0
S214022CE00F46002B3ED1AC23204D03FB0053B3F816
S214022CF0A03023B940F245311D4817F06AFDAC22D8
S214022D0002FB0452D2F8A46036B192F8A3303946D8
S214022D100020B2F8A020B047AC2300216343EA1893
S214022D20A2F8A010C2F8A410482192F8A82001FB2D
S214022D3002322A44D2F89820964213D0EB5C9B07C4
S214022D400CD5AC226243AB5C204623F0020343F070
S214022D500103AB54BDE8F840FFF7E6BE0BF0A2FE57
S214022D600028EED1F8BD00BF1662002018550020DC
S214022D70AE4A04002DE9F04F89B0059008460D468C
S214022D8017F0E6F9044618B9212009B0BDE8F08F1D
S214022D90284617F0F9F9C0B20838215C221892F8D2
S214022DA002A00491D1785268277803920022B4F8E0
S214022DB00130ADF81E20434A029192F800B0BBF1F2
S214022DC0000F08D0404B1B681BB120464FFA8AF210
S214022DD098470020D9E703F00703022B70D001348E
S214022DE009225946204617F0F3F8023F3F1A3B06DF
S214022DF006465FFA87F8C7D4344FD7F89090B9F1F1
S214022E00000F27D100210DF11E0B4346224608462D
S214022E10CDF800B00BF05CFDC3B20546002B4BD1DB
S214022E20BDF81E0013F07FFBE0B9BDF81E0013F0DC
S214022E3063FC8146BDF81E0013F075FBF0B906EB85
S214022E40080201232146584692B200F07BFDD0B11B
S214022E5019209AE75B465A4601212846C8470028A9
S214022E60D0D191E7D7F89430BDF81E00002BDCD005
S214022E70A11998470028D8D1022086E7424648463C
S214022E80A119F8F769FDBDF81E0017F061F9029B5B
S214022E90059A0372049B80F809A08372039B1BBAEF
S214022EA0C360AC2303FB027393F85020BDF81E00E8
S214022EB022B1DB6C03B19847E8B266E7BB6FF9E76D
S214022EC0012062E716620020FC54002018550020FC
S214022ED02DE9F84308460F46164602F1010913F09B
S214022EE010FC8046384613F017FB042856D13846A5
S214022EF013F036FB48F661054FF6FF7248F64103BB
S214022F00294C904208BF1D46B4F85C10301D17F0DD
S214022F1040FD384613F024FB0146B01D17F039FD7C
S214022F20B4F85E1006F1080017F033FD06F10A0445
S214022F30384615F0A9F810B145F01005ADB229468D
S214022F40484617F026FD384613F0D6FB42460146A1
S214022F502046F8F701FD3846012117F031F94444BE
S214022F60074660B117F010F90546384617F0F0F834
S214022F70EDB201462A462046F8F7EEFC2C440B4AF0
S214022F80A41B13780134591C1170F3703470304648
S214022F90BDE8F8430922012117F01AB8484617F08F
S214022FA0F6FC4C460546C3E718550020176200207B
S214022FB0AC2210B548245043094B1A1892F8A810B0
S214022FC004FB0100034493F87700022806D092F827
S214022FD050301BB9032818BF012010BD0020FCE7A3
S214022FE01855002070B508B1012070BD234C94F826
S214022FF0A850002DF8D12946B4F85C20FFF714FA41
S21402300029462846B4F85E20FFF7F8F929462846EE
S21402301004F16002FFF7D6FC94F87730002BE3D079
S214023020284694F85860FFF749FA864215D10020E0
S21402303094F95A50FFF736FA854216D10020FFF768
S214023040B7FF0446002016F079FF0028CDD02146AF
S214023050BDE870400020FFF705BA284694F85810DD
S214023060FFF73EFA0028E2D0BFE7002094F95A1094
S214023070FFF70AFA0028E1D0B7E700BF185500208C
S2140230800346AC2010B51446164A00FB032292F8FB
S214023090770002280CD1E07F022809D141B11249FB
S2140230A00978012913D992F85810227891420ED144
S2140230B018462178FFF708FA90B1482221460B48B5
S2140230C0F8F74AFC002016F039FF08B9002010BDB8
S2140230D0044B93F8A8000028F8D1FFF783FFF5E722
S2140230E02120F4E718550020546100207055002076
S2140230F038B5AC230D4C054603FB004300205A6D41
S214023100D86483F8500012B15865FFF727FCF5F72C
S2140231105FFBFF281EBFAC2303FB054484F8A80010
S2140231200020FFF75FFF002038BD00BF18550020C3
S2140231307FB51D4C94F8A83023B1002084F8A8006F
S214023140FFF750FF94F85A30B4F8A0608DF80F30AD
S21402315026B940F2FD21154817F03BFB144B3146C9
S2140231601D6800202A46FFF7B3FEE46F02469CB1B4
S2140231700DF10F0301930023294630460093A04722
S21402318002462C7854B920462146FFF7A5FD204674
S214023190FFF7CAFC04B070BD0122F2E72946002000
S2140231A0FFF714F8F6E700BF18550020AE4A0400F1
S2140231B0E867002038B5494B1C78002C58D148489F
S2140231C000F06CFC204616F0B9FE002850D0454CA4
S2140231D02378D90733D594F850201AB123F0030385
S2140231E0237045E023F0010323700BF043FC2378A1
S2140231F005469A0701D50BF033FC294600200BF052
S21402320049FA40B92378284643F001032370BDE803
S21402321038400BF025BC0023482284F8A33094F8EB
S214023220A83084F8A25002FB0343D3F89830A4F8DF
S214023230A000C4F8A430BDE83840FFF779BF94F880
S2140232404400B0B104F1A003251D95E8030083E80D
S2140232500300FFF76DFF94F844202846D20004F1DD
S2140232600C01F8F73BFA94F84430013B84F84430FA
S21402327038BDA26C62B99B0711D52378002023F0D3
S214023280020343F001032370BDE83840FFF74CBC4D
S2140232900123A06484F85030904723789EE70BF011
S2140232A001FC0028E9D194F8A83073B1F5F790FA3A
S2140232B094F85030002BDBD1FF2818BF84F8A80002
S2140232C0BDE838400020FFF78DBED4F88C30002BC6
S2140232D0ECD098470028CBD1E8E700BF1662002062
S2140232E0286900201855002070B50446002016F004
S2140232F025FEAC235C430B4E351995F850300BB1C6
S214023300002070BD0028FBD0074817F0D2FB00282B
S214023310F6D1335D002BF3D195F84400B0FA80F075
S2140233204009EEE7185500202869002010B5084A23
S214023330034613F0F4F914684FF6FF7203EB4003EA
S2140233409C42184603D9018802339142F8D010BD38
S214023350D45500202DE9F047204F05463B88A3B3FD
S214023360B0F90230002B30DBDFF87C801C49D8F83D
S2140233700000F8F7B7FB20B94FF4EA71194817F0C6
S21402338028FA0026DFF85CA0DFF860903A88B3B22D
S2140233909A4204D84FF4EB71504617F01AFAD9F84D
S2140233A00030B2B253F83200D8F8001003EBC20471
S2140233B068B943F83210A38828460133A38013F075
S2140233C0AEF9E38803EB4003E380BDE8F087F8F745
S2140233D089FB01360028D9D1EDE700BFE85A002064
S2140233E07B4A0400854A040048690020C85500202C
S2140233F038B5094C094D22682B689A4204D94FF415
S2140234008771074817F0E5F928682368C01A20F084
S214023410010080B238BD00BFD4550020DC55002024
S214023420854A040038B5124C124D21462846F5F757
S2140234307DF823680BB12B681BB9DE210E4817F006
S214023440C8F92A680D4B0E491A60236823F0010357
S21402345013440B600B4B1A602AB9BDE83840F821BA
S214023460054817F0B6B9FFF7C3FF6428F5D938BD8B
S214023470CC550020D0550020854A0400D85500209F
S214023480DC550020D455002038B5094C094D226879
S2140234902B689A4204D34FF48A71074817F099F9B9
S2140234A028682368C01A20F0010080B238BD00BF29
S2140234B0D8550020DC550020854A04002DE9F0414D
S2140234C01D4B04461B78012B24D1008816F022FEE1
S2140234D00546D8B10426DFF864802C4617F084F837
S2140234E007462046FFF736FF638843EA08036380F1
S2140234F0A05B16F00FFE0446384617F070F81CB1B3
S214023500B4F90230002BE9DA062E01D1BDE8F081CB
S2140235100626E2E7022BF9D117F066F80246208863
S21402352016F0F8FD18B10388C3F30E032380104685
S214023530BDE8F04117F053B8186200200080FFFF84
S2140235402DE9F04F0024BA4B97B006461C8017F0C0
S2140235504BF80123DFF8EC82B64F3B70B8F8003028
S214023560A8F80040ADF81630B34B1B68019317F06D
S21402357036F8B24B21461A88B14BD2001868F8F7D3
S2140235805BF80DF11600FFF799FF002E3CD1DFF82D
S214023590B8924FF0000B0125D9F80040019B9C42DF
S2140235A039D3BBF1000F39D1002DF2D0D9F8004043
S2140235B0DFF898A225462246019B9A4273D302233D
S2140235C00DF116003B70FFF779FF002E40F08F805A
S2140235D0D9F800603246AA4280F0A280908816F09F
S2140235E099FD18B10388C3F30E039380D08816F0B2
S2140235F091FD18B10388C3F30E03D3801046FFF77C
S21402360095FE0246E7E79847E3B256F823300134C0
S214023610002BF8D1BBE7BBF1000F3ED00BF1FF3316
S2140236205FFA83FB16AB03EB8B0252F8402CB2F91F
S214023630020051880028B1DA4B04AFD4924641F416
S2140236408040931D2AF8020F02933AF8020F16F0F2
S21402365061FDF0B1B0F902E0B0F802C0BEF1000FB1
S21402366017DB6FEA4C4C6FEA5C4CA0F802C0039082
S214023670FFF770FEBBF10F0F8FBF002516AB039A44
S21402368003EB8B009EBF0BF1010340F8402C5FFA60
S21402369083FB029B9A45D8D180E72046FFF746FE79
S2140236A022460446C3E7104613F039F88346B2F9B9
S2140236B00200118800280AEA010108DA204616F0FC
S2140236C01FFD084381B204EB4B0402EB4B05104688
S2140236D01180FFF72BFE02466EE798475FFA8AF3E1
S2140236E056F823300AF1010A002BF6D170E74FF0A4
S2140236F0000AF3E73046FFF719FE82467EB1B6F9B6
S21402370002307188002B0ADA3088C0F30E0016F0F9
S21402371001FD864203462DD1C1F30D017180564646
S214023720AE42E7D3DFF81CA116F05EFF0021064684
S214023730504613F045F816F0EDFC0546002800F05A
S2140237408780304616F04BFF284612F0E8FF064602
S214023750204616F0D5FC814676003246294620469B
S214023760F7F7BCFF002249460DF1160017F079F96B
S2140237703444D9E71BD9304612F0D1FFC1F30D010C
S214023780420071801846314692B2F7F7A7FFC6E7A5
S2140237905046FFF7CBFDD146854203D9B0F9023039
S2140237A0002B01DA824603E0FFF7C0FDF4E7B146DC
S2140237B0554507D9BAF80000C0F30E0016F0AAFC69
S2140237C08245E5D3B9F1000F30D0B9F80000C0F356
S2140237D00E0016F09FFC034638B93346CB46994591
S2140237E013D8B1459BD0D946ECE7484612F097FF6E
S2140237F0B9F802204946C2F30D02A9F80220420097
S21402380092B21846F7F76AFFE7E718460193FFF702
S2140238108DFD019B9B46854203D9B0F90230002BF1
S21402382001DA0346DBE7FFF781FDF4E7CB46DAE78A
S214023830EA5A002018620020D4550020E85A0020D8
S214023840C8550020EC5A0020D85500200080FFFF03
S214023850BDF816303870A8F80030044B30461C60AD
S21402386016F0BDFE17B0BDE8F08F00BFD45500209D
S2140238702DE9F041054616F04DFC0F460446D8B138
S21402388017F0D9F820B940F2FB41204816F0A1FF04
S214023890284616F079FC05462046FFF747FDBD424E
S2140238A0064609D004D840F20351184816F091FF94
S2140238B02588ED0B02D02781BDE8F081678020467F
S2140238C012F02DFF074604EB400816F08DFE104B53
S2140238D01A68B2420AD1C3F8008016F080FE2A4661
S2140238E04046BDE8F041FF21F7F7A6BEA6EB080664
S2140238F0B5B216F074FE072DF1D90023083D44F840
S2140239001730C8F80430A8F80250D5E7854A0400F4
S214023910D455002038B516F067FE00210546044847
S21402392012F04EFF0446284616F059FE204638BDD1
S214023930EC5A0020024B1888B0FA80F04009704713
S214023940EC5A00202DE9F74F044600881F4616F071
S214023950E1FB88461546064617F06DF820B940F298
S214023960FE613F4816F035FF3388DB0B009306D026
S21402397033892B443381002003B0BDE8F08F2088C2
S21402398016F002FC82463046FFF7D0FC019016F095
S2140239902BFEDFF8D0B0019BDBF8002081469A426E
S2140239A01DD1FFF725FDA84204D2484616F017FEA1
S2140239B01A20E1E70AEB050373803FB1208816F070
S2140239C0C7FB2A4641465044F7F7C6FF3046FFF784
S2140239D0ADFCCBF80000484616F001FECBE716F029
S2140239E0FEFD208816F0D0FB2844009980B216F01F
S2140239F023FC06460028DBD016F0AAFB8146208868
S214023A0016F0A6FB8246208816F0BEFB51460246FA
S214023A104846F7F7A1FF3046AFB116F099FB0746C6
S214023A20208816F0B1FB2A4641463844F7F794FF41
S214023A300121208816F0C4FB01210246304616F00A
S214023A40D3FB268097E716F083FB8046208816F085
S214023A509BFB2A4639464044F7F7EEFDE8E700BFEF
S214023A60854A0400D45500203421014816F0B1BE20
S214023A70994A0400036910B55BB18268064B9A4204
S214023A8001D1002010BD446916F09CFE201AF9D51B
S214023A90F7E74FF0FF30F5E7693A020082681C4B01
S214023AA070B59A420446056819D116F09DFD236941
S214023AB023B1A34206D100222A601A61BDE87040F3
S214023AC016F08DBD1A4611461269A242FBD12A682B
S214023AD0A24208BF29600B6100232361EEE7036957
S214023AE093B198426E6803D19D210A4816F071FE82
S214023AF02B46B44209D122699D4218BF1A614FF083
S214023B00000308BF6A60236170BD33463669F0E77A
S214023B10693A0200994A04002DE9F0470746002553
S214023B204FF0010A154EDFF858808AB0347914B97E
S214023B300AB0BDE8F087D6F8009087B900972A4603
S214023B40B8F80010234603A817F01AF8224648468B
S214023B5003A9E9F7E5F92544EDB20836E6E7224679
S214023B6003A94846E9F7B0F9CDF800A023462A464D
S214023B70B8F8001003A817F003F8ECE74C96040018
S214023B80EE5A00200148FFF799BC00BFEE5A00200B
S214023B909C46174BF7B5054608461988164611B1D6
S214023BA0144B1C78CCB1014662463046BDB103B018
S214023BB0BDE8F040E9F788B91C44E4B208373B791F
S214023BC0002BF0D03A689642F6D185F001052246DF
S214023BD0009516F0D5FF03B0F0BD074FEFE7E9F703
S214023BE09FF9B0B203B0BDE8F04010F06FBF00BF5F
S214023BF0EE5A0020A56B00204C96040010B5074C28
S214023C00238843B10020FFF787FF0020FF22044BE2
S214023C1020801A7010BD0220FCE700BFEE5A00207A
S214023C20A56B0020142810B518D8082805D110F066
S214023C30B6FFC401E4B2204610BD0E2802D110F031
S214023C40B1FFF6E7064B53F82040002CF3D00A28C3
S214023C502478F0D105F0A0FE0443EBE7FF24EAE760
S214023C609C960400014BB3F8680070471855002074
S214023C700048704782550020014B1878704700BFF5
S214023C8092610020014B1870704700BF92610020BD
S214023C90194B022810B5187002D0043801281BD818
S214023CA0164B1B78042B03D00021154816F03CFB5C
S214023CB0144B1B689A001BD513F0805F40F6114424
S214023CC018BF4FF44164204611F003FB90B920461A
S214023CD0BDE8104010F0F8BE0948FFF7DFFE0A48BC
S214023CE0FFF7DCFE162412F097FF11F0ECFAEAE773
S214023CF01524E8E710BD00BF9661002097610020FA
S214023D004C6900209847002004470020024B187890
S214023D1000F00F00704700BF96610020034B187832
S214023D2000F00F00831E58425841704796610020EB
S214023D3008B512F05CFFC0B112F072FFA8B10AF02B
S214023D40A7FF90B90A4812F004FD70B1094812F0B4
S214023D5000FD50B110F02BFF38B111F0BCFA20B9BB
S214023D60BDE80840044812F0A5BD002008BD00BF0B
S214023D70F05A0020225B0020E055002030B50546B0
S214023D800C4693B081B910B9002013B030BD102391
S214023D90214A69460120FFF7FBFE9DF805305A1EB0
S214023DA0052A28D91720F0E7182200212046F7F71F
S214023DB043FC002DEBD1FFF7B1FF30B310F0C2FD8C
S214023DC06A4601460020FEF7A5FEBDF804302046EE
S214023DD023819DF80230A3729DF80030E37213F03F
S214023DE0A5F8002304F11401237304F1100003F074
S214023DF0CBFDE081C8E7094A9DF80410127891428B
S214023E00D0D12B70002CD6D1BEE7054B1B78033BD6
S214023E10022BD3D9C6E700BF64EE01007C6B0020FC
S214023E209661002030B593B005460C46FFF776FF44
S214023E3020B90C4B1B78033B022B10D810F082FDE6
S214023E406A4601462846FEF765FE00209DF80230C7
S214023E50607023709DF80030A37013B030BD172039
S214023E60FBE700BF96610020054B1878012805D0B5
S214023E7000F0FD00A0F1310358425841704700BFE0
S214023E80966100201FB50146002201A816F01CFB11
S214023E90064801A916F042FE20B116F059F94089EB
S214023EA0C0F3400005B05DF804FB00BF226B0020A3
S214023EB030B585B00D460022014601A816F004FB77
S214023EC0084801A916F02AFE50B116F041F9044638
S214023ED0014608222846F7F701FC6089C0F3400035
S214023EE005B030BD226B0020F8B50546F8B10021BA
S214023EF00F4816F0B0FD0446A8B10D4F204616F046
S214023F0027F9064616F0CCFA830705D40822294676
S214023F103046F7F7DDFE38B12146384616F0BFFDCB
S214023F2004460028EAD10024201E18BF0120F8BD4E
S214023F30226B002010B50C460146064816F0EEFD30
S214023F4030B116F005F943891C4214BF0120002047
S214023F5010BD00BF226B00201FB51446024601A802
S214023F6016F0B2FA074801A916F0D8FD40B134B1EE
S214023F7016F0EEF8142201462046F7F7AFFB0120B2
S214023F8004B010BD226B00201FB50146002201A816
S214023F9016F09AFA094801A916F0C0FD58B116F0B3
S214023FA0D7F84389024613F0020004D0507B80F013
S214023FB00800C0F3C00005B05DF804FB226B0020C9
S214023FC0F7B59DF824400D4601949DF8204006461C
S214023FD000941F4614F047F84FF6FF7188420446D5
S214023FE010D0BB0711D4284600F056FF204616F024
S214023FF0BCFDFF281FBF084A32F8103023F4804366
S21402400022F81030204603B0F0BD0246294630465C
S21402401012F0E6FCEAE700BFC05A002073B50E466F
S2140240200146144816F07AFD0546D8B116F090F807
S21402403043890446334012D09B0736B20BD5002E76
S21402404009DAA17B437B0289007B01910121009161
S2140240502146FFF7B5FF638923EA06036381628977
S21402406012B1012002B070BD2946024812F0C7FB09
S214024070F7E700BF226B00200148FFF71FBA00BF18
S214024080226B002013B53E4C0DF06FFFD4F8FC31C6
S2140240901020C3F307430193FFF7C4FD000650D573
S2140240A00020FFF7BFFD01064BD5019B802B3ED1BA
S2140240B0236A9A0704D440F61544204602B010BD7F
S2140240C0E3699B07F7D52F4811F031FC012012F067
S2140240D001FA0DF05DFF04460028EED100F042F929
S2140240E0294812F0C1FB00F099F9E8F757F80DF0ED
S2140240F03BFF08F003FF08F055FFF4F761FAF4F708
S214024100FFFAF4F719FB03F0DBFD10F04AFD10F09E
S2140241104BFD11F0E3F81D4813F0AEFF06F08CFAE3
S21402412011F09FF80028C8D011F09DF8C5E7019B52
S214024130812BC0D1D4F80C315B00BCD5D4F80C313D
S214024140BFE71020FFF76EFD0006BCD40020FFF785
S21402415069FD0106B7D5019B802B05D1084B1A6A6B
S214024160D207A8D5DB69ACE7019B812BA3D1044B10
S214024170D3F80C21002A9EDAD3F80C31A1E700BF4F
S2140241800080E00F690345ECE0550020853E020002
S21402419010B512F03EFD70B301F0E0FA80F00104B3
S2140241A0E4B20020FEF724FC44EA800424B212F0B3
S2140241B01EFD10BB02200443164816F07AFC44EAA1
S2140241C04014154816F075FC24B244EA001413484D
S2140241D016F06FFC24B244EA8014114816F069FC0B
S2140241E024B244EA40240F4816F063FC24B244EAA0
S2140241F0C02080B210BD0124D3E70B4812F0A9FA02
S2140242000028D7D0094812F0A4FA80F00100C0B204
S2140242104000D0E78C690020706A00209C4700208E
S214024220F0690020506A0020F05A0020225B00202D
S21402423008B501F07FF8FEF709F8144812F089FA7B
S21402424008B904F025FF124812F083FA08B906F0FE
S214024250DDF902F095FF0F4812F038FB0E4B1B7883
S214024260043B022B09D80D4816F023FC28B1FFF7B1
S2140242708FFF102801D107F0E1FC10F09AFC12F033
S214024280BEFBBDE808400648FFF75AB9F05A0020C0
S214024290225B0020E055002097610020706A002013
S2140242A014970400014B1868704700BF145500208D
S2140242B04FF6F77370B5984204460D4686B043D85B
S2140242C012F0ABFBA04207D1082220492846F7F796
S2140242D005FA002006B070BD1D4EB6F86830A3423F
S2140242E00AD10022082106F16A0012F024FB18B94E
S2140242F0082206F16A01E9E784B100230122194681
S2140243002046009308F05CFDFF2811D1294620467E
S21402431008F000FF80F00100C0B2DBE70D4B1B681F
S2140243209B07EAD4284606F0FBFD0028E5D0D0E736
S21402433002A913F043FD0028E8D1DDF80D302B600A
S214024340DDF811306B60C4E70120C3E71962002074
S2140243501855002098470020014B1870704700BF80
S2140243607C6B002010B5054C082221460448E8F76D
S214024370ABFD204612F08BFB10BD00BF1962002079
S21402438034B608C00048704719620020082208B5F3
S2140243900349F7F79DFCB0FA80F0400908BD00BF5C
S2140243A019620020014B1870704700BF8A61002016
S2140243B0F7B50D46044616461F460021284601F06C
S2140243C061FD0B4B002183F859402A4633462046AE
S2140243D000970AF03FF9014630B10222204603B0A8
S2140243E0BDE8F04000F006B8012003B0F0BD00BF03
S2140243F01855002013B513460C461AB1022A0CBFF4
S214024400134601230021044A019100922246FEF738
S2140244101DFC02B010BD00BFF56C030000B5002005
S21402442093B0FEF78FFB1E4B188813F026FE1D4B2B
S2140244301D491A7800200AF091F9342200216846B4
S214024440F7F7FAF80B238DF800306FF480330193F8
S2140244504FF6FE73ADF8103003238DF81D30134B64
S214024460134A0893134B10680993134B51680D9324
S214024470124B6A460E93124B0F93124B1093124B2B
S214024480119302AB03C300210846FEF7F9FD6A4604
S21402449001210020FEF7F4FD13B05DF804FB00BF17
S2140244A00E6B00208B6B0020AC5A0400C54802003D
S2140244B019620020916A0300AD7502006D4A02007F
S2140244C0D9840200F56C0300DD710200014B1878F6
S2140244D0704700BF21620020014B1888704700BF5A
S2140244E0266B00202DE9F74F814610460E46904671
S2140244F016F04DFADFF840B105469BF8003033B9A6
S2140245004A4B1B681BB94A4B1B68002B7FD015F41D
S214024510406A05F040071BD19FBBB5F5804F61D2BC
S2140245204FF48074B9F1400F73D0B9F1800F63D0A5
S214024530B9F1100F6BD100239BF800003D4AD9B2A7
S214024540884264D932F8021B0133A142F7D166E0F1
S21402455008F1030016F01BFA4FF6FF73984214BFD9
S2140245600124022487B1052705F44043B3F5004F22
S21402457044F0080425D0B5F5804F24D244F4807464
S21402458021E054460327EFE7B5F5804F4FF00507C5
S214024590F4D3BAF5406F14BF0220082038444044D2
S2140245A016F0F5F9019012F055FA019B05F4404514
S2140245B098420CBF44F0080444F00404B5F5004FDA
S2140245C001D144F08004BAF5006F0FD108EB070062
S2140245D016F0DDF9054612F020FAA842A2D144F000
S2140245E010049FE7544603270220D7E7BAF5406F28
S2140245F008BF44F0200495E70C4B1B683BB1002231
S214024600D1B233F8110033F91110002903DA002071
S21402461008E0074BF1E7A04202F10102F0D106B131
S2140246203480012003B0BDE8F08F00BFF0550020B3
S214024630F4550020405B00205A620020034B1A7893
S214024640022A04BF09221A70704700BF22620020A5
S2140246500C22034B1A211A700320002201F090BD8F
S214024660226200200C2208B5054B1A211A7000227D
S214024670104601F085FD0022024B1A6008BD00BFFD
S21402468022620020FC5500200C2270B50D4B054618
S2140246901E781A7030B93046BDE8704000221A21E2
S2140246A001F06EBD084B1C78E1B21A29F3D825FA40
S2140246B004F3DB0703D54422304601F061FD0134E2
S2140246C0F2E700BF22620020A76B00200C22024BFA
S2140246D01A7010F0F9BD00BF22620020F0B50C88F7
S2140246E005460E468BB0E4B94FF6FF77ADF8247058
S2140246F010F0FFFD10B902200BB0F0BDCDE903406B
S214024700CDE90544134A0294B2F85C306032019354
S21402471000923B464CF60101FF2009AA13F0C8FCA2
S2140247203080284612F0BFFA0B4C70B1237863B182
S214024730013BDBB22846237012F0B5FA38B1207876
S214024740B0FA80F04009C0B2D6E70523F2E70120AE
S214024750F9E700BF18550020A66B0020034B114650
S2140247601B6803B1184710F06FB900BFFC55002054
S2140247700C22024B1A7008F039BF00BF22620020DA
S2140247800148FEF79BBE00BFF25A00207FB50546E1
S2140247900C46164615F006FF00286BD1062D03D8E8
S2140247A05223EB40DB071AD4B4F1006F05D3E30EB5
S2140247B01C3B032B18D94F202EE000222F4B1A60E9
S2140247C02F4B1D7012F0DDF803460A2D54D8DFE891
S2140247D005F02D183E49182518535341360002F0AD
S2140247E0A3F8B4F1006FE2D20022244B042D1A6023
S2140247F0234B1D70E6D1022001F0B6F912F0C1F883
S2140248000346012202921F4A01921F4A00921F4A41
S214024810314620460AF078FA04B070BD314620468A
S2140248201B4A04B0BDE870400AF056BA314620462C
S214024830184B194A04B0BDE870400AF031BA00229B
S2140248400292164A0192104A0092154AE0E70222A4
S2140248500B4B1A7000221046124904B0BDE8704095
S214024860FEF7BAB9002202920F4A0192064A009255
S2140248700E4ACDE74D20CFE70120CDE7FC550020BC
S2140248802262002089460200C5480200E16C03004D
S21402489071470200654602005D470200CD460200EF
S2140248A0DD4602003D46020051460200A36C0300AC
S2140248B008B50AF059FA0C22014B00201A7008BDFE
S2140248C022620020F0B585B0ADF8060018B9762150
S2140248D0644815F07EFFBDF8060011F01DFE044682
S2140248E0BDF8060011F018FE082846D00C2CBDF8BC
S2140248F0060042D111F000FF074616F048F80DF107
S2140249000F010646BDF8060010F03CF9002879D0E3
S21402491009220021384615F05BFB9DF80F30103354
S214024920C518BDF8060015F02FFCEDB2854269D217
S2140249302946BDF806000AF025FB06F44C4416F498
S2140249404066054614D0F81C16F021F84FF6FF73A1
S214024950984208BF44F04004B6F5006F08D1781DAF
S21402496016F015F84FF6FF73984208BF44F010048D
S2140249709DF80F305BB3072D44D1BDF8060011F049
S214024980C1FD0446BDF8060011F0C6FD082817D082
S214024990A30615D524F0200189B2BDF8060011F051
S2140249A09CFDBDF8060011F0A7FE0021092215F0B5
S2140249B00FFB00F1100189B20DF1060013F0A1FC05
S2140249C00022BDF80610284816F04BF81AE0082D0B
S2140249D016D8BDB1013D072D14D801A353F825F012
S2140249E03D4A0200494A0200054A0200094A0200FC
S2140249F0054A0200554A02007B4902005B4A020051
S214024A007C2D24D005B0F0BD24F48844A4B2B4F5BD
S214024A10084FF7D1BDF8060011F079FDBDF8061073
S214024A2013F030FB0028A8D0BDF8060011F0C7FD31
S214024A3000220146022015F073FFE3E724F48064A7
S214024A40A4B2B4F5484F97E7B4F54C4F94E7B4F5E3
S214024A504C4F92D04CF6500301E04CF640439C4239
S214024A608AE700BFA74A0400F05A00202DE9F74360
S214024A700F4690469946064615F06AFB04463046AF
S214024A8015F082FBC5B2083D2C44E178094BA278AA
S214024A901970094B31461A70002043463A46CDF843
S214024AA000900DF0EDFE003818BF012003B0BDE8FF
S214024AB0F08300BF3C6200203B6200202DE9F04FED
S214024AC0DFF84081DFF8409198F8002099F800302E
S214024AD006469A4285B004D340F21911424815F0B0
S214024AE078FE30460DF10F0115F006FD20B14FF4A9
S214024AF08E713D4815F06DFE98F800709DF80F40D7
S214024B003D1B15F0FF0530D04FF0FF3C374B01211F
S214024B101B78A140184699F800304FF6FF790CFA38
S214024B2003FC0023324A01F1FF3E0193C1F1000A61
S214024B309DF80430984243D8122004FB00002D4B07
S214024B40A0F1120105EBC5025200194404F1010955
S214024B501844F6F7C3FD4FEA89092748A9F104016C
S214024B600144AA004844F6F7B9FD224904EBC40200
S214024B7001EB420321F81260204A013712784FF601
S214024B80FF71DA731A745A7412025A801C4A0D2084
S214024B9012781A7110225A7100229A73C3F80620EC
S214024BA0C3F80A20144B43F8242088F8007015F046
S214024BB0B7FE0EB913F0C5F8204605B0BDE8F08F73
S214024BC013884B450AD053680AEA030B03EA0E031E
S214024BD00B4403EB4B0343EA0C035360019B08327E
S214024BE001330193A4E700BFBA4A0400886B002091
S214024BF0684500208C5A0020644500203C62002054
S214024C002362002090610020866B002010B5074CBE
S214024C102046FEF743FF04F06BFB02F0DDFE204663
S214024C20BDE810404FF47A5115F07EBB4C69002067
S214024C302DE9F041074600250A4B0B4E93F80080FB
S214024C40ECB2A04503D8FF242046BDE8F081082236
S214024C503846B11DF7F73CF801350028F4D0123675
S214024C60EEE700BF906100208C5A002007B50DF1D8
S214024C70070115F041FC30B19DF80730034803EBFD
S214024C80C30300EB430003B05DF804FB8C5A00201C
S214024C902DE9F843294E044633785D1E2D1A8342C9
S214024CA0EDB204D84FF4A171254815F092FD012308
S214024CB0A3404FF0FF305F1E3B4400214FF6FF7EBD
S214024CC06FEA03081F4A92F800C01F4A1278904003
S214024CD01E4ACBB29C4523D8BDB127B204EBC4040E
S214024CE01B48640005EBC50204F1120101445200A0
S214024CF02044F6F7F3FCBF001648AA00391D01440B
S214024D0002F0FC023844F6F7E9FC33780022013B55
S214024D1033704FF6FF71BDE8F8430E2015F000BE63
S214024D201388734507D0536808EA03093B4003EB30
S214024D3059030343536008320131CAE790610020E9
S214024D40BA4A0400886B0020866B00206845002063
S214024D508C5A00206445002010B50A4C207858B9B9
S214024D60094B1B781A2B03D99921084815F031FDF7
S214024D700322074B1A7010BD0138C0B2FFF788FF36
S214024D80ECE700BF90610020866B0020BA4A040060
S214024D908C6100202DE9F047054615F0D5FEFF2868
S214024DA0044624D1DFF884901E4B99F800201B7825
S214024DB09A422BD22846BDE8F047FFF77FBE3888D6
S214024DC03B79504518D86F2B4FEA131214D85B075D
S214024DD010D0123708F1010899F800105FFA88F629
S214024DE0B142ECD80023104ADEB28E4214D32046DB
S214024DF0BDE8F087022AECD913F014F90028E8D1AE
S214024E0029463046BDE8F04711F08EBF4FF0000845
S214024E104FF6F77A044FDFE7107901338F28EFD881
S214024E201232E1E7866B00208C5A00209061002047
S214024E304FF6F773984210B514D8FFF7ABFFFF286A
S214024E4010D0134C00B200EBC00004EB40040DF08F
S214024E5029FF104938B962880B7802EB0313A3EBDB
S214024E601213638010BD227C637C09789A42E27337
S214024E702374617407D98B4203D213468B4228BF30
S214024E800B461B02EDE78A42F8D31346F9E700BF4A
S214024E908C5A00203C6200202DE9F04106460F465F
S214024EA000240E4DDFF8388098F80030A34201D86F
S214024EB0BDE8F081082229463046F6F709FF40B9D8
S214024EC035F8063CBB4204D02046FFF7E1FE013C23
S214024ED0E4B20134E4B21235E6E700BF925A00208B
S214024EE090610020F8B5054608460E46FFF7A0FE7C
S214024EF0FF2830D01D4B294653F820703046FFF766
S214024F00CBFF2846FFF746FFFF28044625D113F0BD
S214024F10A4F8FF280AD1164C207838B10FF015FDF8
S214024F202378B0FBF3F202FB1300C0B2294611F05D
S214024F30FBFE044623B20F4D03EBC30305EB43050A
S214024F4008223146A81DF6F7C9FB2B79204603F046
S214024F500F032B71F8BD0027D3E7074B1B78002BF6
S214024F6018BF0027014B43F82070E3E76445002092
S214024F70866B00208C5A0020A86B002038B50B4B9D
S214024F8004461B780D46834204D840F25A2108484C
S214024F9015F01FFC074804EBC40400EB4400294646
S214024FA0BDE8384008220630F6F798BB866B00202C
S214024FB0BA4A04008C5A002070B5044608460E46CB
S214024FC015F0C2FDFF28054610D02046FFF730FE3A
S214024FD0FF2807D0084B1B7823B9084B53F820202C
S214024FE043F8252021462846FFF7C8FF31462046CB
S214024FF0BDE87040FFF750BFA86B00206445002054
S2140250002DE9F8430024804601272646114DDFF895
S2140250104C9099F80030A34210D83E430134E4B2D3
S2140250201A2C4FEA470705F11205F2D14FF0FF306E
S214025030094B1B7898403043BDE8F8832B884345DC
S214025040EBD0284611F0B9FE0328E6D82B796F2B51
S214025050E3D8E3E78C5A0020866B0020906100209C
S21402506010B5084C00EBC00004EB400423795B0744
S21402507007D1204611F0A1FE237923F00703184337
S214025080207110BD8C5A00200022084B1878084B5D
S214025090D1B2884203F1120300D8704713F80D1CF0
S2140250A0013221F0100103F80D1CF1E79061002097
S2140250B08C5A00202DE9F04702261227DFF85C9072
S2140250C0DFF85C8099F8004000250CE007FB05F34A
S2140250D038F803A00021504611F084FE10B15CB1EE
S2140250E0013CE4B2013599F80030EAB29342EDD8B9
S2140250F0A34204D14FF6FF7A5046BDE8F0870FF080
S21402510024FC99F80030012EA3EB040390FBF3F283
S21402511002FB1300C4B2EDD00126D5E79061002051
S2140251208C5A0020034B00211A7803489200F6F7A7
S21402513083BA00BF866B00206445002010B5134B6F
S2140251400C461B7886B0834212D9114900EBC00088
S21402515001EB4001082220460631F6F7BFFA00228C
S2140251600821204611F0E7FB80F00100C0B206E0FD
S214025170C01A01A9C0B212F079FF10B1002006B021
S21402518010BD01AB03CB20606160E8E7866B0020B0
S2140251908C5A002008B5074B024653F820308B4243
S2140251A006D915204FF6FF7115F0BAFB002008BD90
S2140251B00120FCE764450020024B013143F8201031
S2140251C0704700BF644500202DE9F34781460C4630
S2140251D000272A4EDFF8ACA09AF80030FDB2AB42A8
S2140251E010D86946204612F05AFFC0B30822694614
S2140251F04846F6F76DFD90B34946204612F098F8F9
S214025200FE2537E006F10608082241464846F6F72C
S2140252105FFD90B94FF6FF739C422BD03388A342B2
S21402522028D0204615F0A1FCFF2814D14946204676
S21402523002B0BDE8F047FFF755BE14B91236013783
S214025240CAE73388A342F9D100220821404611F06A
S21402525072FB0028F2D12846FFF71AFDCCE7494632
S214025260002015F080FCFF28054603D0044B1B786F
S2140252700344DDB2284602B0BDE8F0878C5A00200F
S214025280866B0020906100200F4B1B7883420CD85F
S214025290C01A0E4AC0B232F81030D90411D443F400
S2140252A0805322F8103001207047094B00EBC000F3
S2140252B003EB40035A79D10603D442F010025A7126
S2140252C0F1E70020704700BF866B0020C05A00201E
S2140252D08C5A0020F0B5134B06461B78FBB100250E
S2140252E01148DFF84CC090F800E0104807781F44D9
S2140252F0E8B2864501D80020F0BD7C1B94FBF3F093
S21402530003FB10440CEBC4003CF83440B44204D116
S214025310002AF1D184788C42EED00135E8E71846AF
S214025320EAE700BF886B0020844700208E610020D9
S2140253306845002070B50CF009FE14250F49104E82
S2140253400B78328830809B1A03449BB2B3FBF5F489
S21402535005FB14330B700B49E2B20B78934292BFF3
S21402536000239B1ADBB2032A0B7088BF0023064970
S2140253709EBFD2000B68D3400B6070BD2562002032
S214025380F45A00208D61002084470020084B1868DC
S214025390084BC2B21B789A4208D2074BC0F30720CA
S2140253A01B78984234BF00200120704701207047C6
S2140253B084470020886B002024620020F8B505464A
S2140253C01746FFF7E3FF064610B9184B1A783AB9A4
S2140253D0212001224FF6FF7115F0A2FA0020F8BD37
S2140253E01348DFF854C003780133B3FBF2F402FB30
S2140253F0143303700F48DCF8002000EBC30420F8D7
S214025400335002F10132A1703846CCF80020FFF783
S214025410F7FDE670606011F000FBA84201D10120A2
S214025420DDE7E3780133E370F9E700BF886B00201D
S2140254308E610020684500208447002010B50B4C82
S2140254400B4A2378063B13700CF080FD0022094BB2
S214025450FF211880084B09481A602278D200F6F716
S214025460EBF80422064B1A7010BD00BF886B0020B2
S21402547024620020F45A0020844700206845002059
S2140254808D6100202DE9F843074615F09BF9054685
S2140254901A4815F00EFB1A4B48B31C683C1B2C44EA
S2140254A0A4B20022174BDFF864901B78164D99F8C9
S2140254B0006005EB03155FFA82F8464509D9AB880A
S2140254C005F11000A34215D9B21A29461201F6F7C1
S2140254D005F9013689F80060AC80B8F1000F03D1F7
S2140254E03946064814F020FF2846BDE8F8833C46B5
S2140254F01D60D6E705460132DDE700BF6C69002075
S2140255000056002027620020644400202862002003
S2140255102DE9F74F15F056F94FF0000E284D294F9A
S2140255202978294C97F800A004EB011303EB0A1222
S2140255300092F3465246DFF898801FFA80FC064631
S214025540B8F80000ACEB0009A0EB0C001FFA89F9D2
S21402555001900098984217D1BEF1000F00D0297032
S214025560524503D200203A70FDF7DEFA3B7823B3A9
S2140255702B78164804EB0314A188C8F8006003B021
S214025580BDE8F04F14F0D0BEB3F804C0CC450FD837
S2140255904FF0010E93F802C001310CF1FF3C013AC4
S2140255A0A3F804B083F802C0C9B2D2B21033D0E76F
S2140255B001988444A3F804C0F8E703B0BDE8F08F6E
S2140255C02762002028620020644400206C690020C4
S2140255D0005600207FB56C461E4B1F4D1E78013EBE
S2140255E0F6B21E7095E80F0084E80F001B4B2846A3
S2140255F01A7805F1100132441201F6F76FF89DF899
S214025600026016F00F0511D1BDF8080009F02CFE55
S214025610360918BF29464FF00002BDF8000008BF41
S214025620039904B0BDE8704002F022BDBDF8040044
S214025630FFF728FF0346828804ADADF80420224611
S21402564003CAAA4218605960144603F10803F6D149
S21402565004B070BD27620020644400202862002047
S214025660F8B50024084D094F094E3B783178E2B26E
S2140256700B449A4204F1010400DBF8BD2846FDF70C
S2140256801DFF1035F1E700BF6444002028620020A9
S2140256902762002070B5134B06460D461046124987
S2140256A01A78124B09781B780B44934206DB1F20AC
S2140256B04FF6FF7115F034F9002070BDFFF7E2FED9
S2140256C0013506808570044615F077F8E08009F00B
S2140256D0D1FD40F602432081E3600020FDF724FA64
S2140256E00120EAE7856B002028620020276200205E
S2140256F02DE9F84386460023144FDFF85C803E7897
S21402570098F8005012497219DCB294421CDA4FEA39
S214025710041C31F80C900133F14501EB0410F3D16F
S214025720631CD21A0CF1100C12016144F5F7D6FF75
S214025730A5428BBF05F1FF3506F1FF3688F800500B
S2140257403E700CB9034B1C70BDE8F883286200203B
S214025750644400202662002027620020044B054A8B
S2140257601B781278D3420CBF01200020704700BF7E
S2140257702762002028620020024B1878003818BFE3
S2140257800120704727620020002108B5084B09480F
S2140257901970094B1970094B1970094B1A781201C6
S2140257A0F5F74AFFBDE808400648FEF777B900BF9E
S2140257B0286200206444002027620020266200201F
S2140257C0856B00206C69002010B50B4C23784BB11A
S2140257D00A4802F03BFD58B1084B0121188811F027
S2140257E00EFA08B9002010BD0122054B1A70FAE71E
S2140257F0FFF7F0FEEAE700BF2762002064440020BD
S2140258002662002010B50E4B1B78BBB10D4C2388C8
S21402581083424FF0000311D10B4AE160137049B97D
S214025820A3781033A37011F0B4FC18B9A37823F050
S2140258300F03A370FFF7CEFE012010BD1846FCE74B
S21402584027620020644400202662002070B592B0D1
S2140258500C4606460FF076F8E17A05460020FCF77D
S21402586033FE28B394F90A0011F070F810BB134BFC
S214025870E27A294683F85820A27A83F85A206A46A2
S214025880FDF748F94FF6FE739E420CBF4FF6FF73C4
S21402589023896A4629460020ADF80660ADF8043032
S2140258A0FDF7EEFB40B92289054B5A8012B070BD57
S2140258B05520FBE75620F9E72120F7E71855002088
S2140258C00456002010B50446014608220948F5F79A
S2140258D005FF237B022B0AD8002B14BF312201229C
S2140258E005490B7017234B61044B1A7010BD002339
S2140258F00122F5E708560020045600209661002093
S214025900014610230120014AFEF742B964EE010067
S214025910014B5861704700BF04560020014B1878AF
S214025920704700BF0456002010B5054C2378112B93
S21402593003D0E221034814F04CFF4123237010BD2C
S21402594096610020C54A0400064B01461B78042BCC
S21402595004D1054A137E053313767047034814F0C4
S214025960E3BC00BF97610020045600208C6900202B
S21402597008B50648FDF7A2FD0548FDF79FFD0FF0A6
S2140259800DF9BDE8084000F0EBBF00BFF05A00205A
S214025990225B0020064B1878332806D000F0EF0072
S2140259A0A0F143035842584170470120704700BF98
S2140259B096610020002208B5074B4FF6FE701A705B
S2140259C011F037F84FF6FF7011F050F8034B586994
S2140259D0BDE808400FF078B8966100200456002013
S2140259E008B5064B187838B10548FEF743F84FF469
S2140259F07A73B0FBF3F0C0B208BD00BF8B61002023
S214025A00444700202DE9F0438BB0074615469846DA
S214025A100E469DF8489049B9104605AC15F0A5F813
S214025A20214612F023FB172818BF2646B9F1000FAD
S214025A300AD1124B1B781BB9284612F034FBD0B998
S214025A402846FEF7A1FA02E0284612F02CFB80F068
S214025A500104E4B29DF850302A4602939DF84C3079
S214025A603146CDE9009338464346039411F00BFACB
S214025A700BB0BDE8F0834C46ECE700BF9261002015
S214025A800022014B1A7670470456002008B5002003
S214025A90FEF788FC0023024AC2E90133538008BDA0
S214025AA00456002010B5144B1B78033B012B16D866
S214025AB0124BB3F868204FF6FF739A420FD10320B9
S214025AC0FEF7E6F801F052FFFFF7E0FF002014F0C1
S214025AD035FA78B1BDE81040002010F01BBEFEF784
S214025AE0C7F80446FEF7BEF80146204607F01AF845
S214025AF00220E5E710BD00BF976100201855002080
S214025B0008B5114A114B58611378032B1BD0D3B139
S214025B10332B01D0432B10D10D4B1B78033B012BAB
S214025B2005D803231370BDE808400EF0CDBF0EF073
S214025B30CBFFBDE80840FFF7B5BF21231370BDE8D1
S214025B40084001F07DBD08BD966100200456002085
S214025B509761002008B50348FDF7A0FFFFF796FF00
S214025B60022008BD4447002038B5114D04462B7864
S214025B70834218BF28700FF0B4FB80B124B92046C8
S214025B800FF0B1FB02220DE001200FF0ACFB2B78E8
S214025B901A1F012A05D9062BF4D1032202E0002C93
S214025BA0F5D10122BDE838400021084611F0ABB815
S214025BB09761002030B5044685B068460D46FFF76B
S214025BC09FFE94B100212846144A01F0F3FE144BBE
S214025BD020681B7861688DF80430124B1B788DF8AC
S214025BE0053002AB03C305F071F90F4B93F858204A
S214025BF093F85A308DF803208DF8023010F02AFF01
S214025C00ADF8000010F009FF1023ADF80600694653
S214025C100020064AFDF7BCFF05B030BD00F8FF07BE
S214025C207C6B0020976100201855002064EE01006E
S214025C3010B5104B04461A780F4B002083F85820F4
S214025C4014F07CF910B1002010F064FD0021084623
S214025C50FFF7B0FF0FF037FB2046FDF749FA40F694
S214025C6017400EF031FF0023044A1380044A1380C3
S214025C7010BD00BF2962002018550020CA5A002015
S214025C80C85A00201FB504466846FFF739FE54B1CD
S214025C9000238DF80530102369460020064AFDF7DA
S214025CA077FF04B010BD10F0B8FEADF8060010F095
S214025CB0D1FEADF80000EEE764EE010010B5014635
S214025CC004460020FCF700FC90B10C4B1B78023B0C
S214025CD0032B0FD80A4B1C7014F064FC60B9094AF7
S214025CE00949FCF779FF003818BF0120800010BD73
S214025CF05520FCE70220FAE74D20F8E796610020DF
S214025D002962002081850200315C0200F8B5064651
S214025D1014F048FC044668B914F010F950B1064D68
S214025D20204695F8587085F8586010F0F3FC10B1CC
S214025D3085F858704D20F8BD185500202DE9F04121
S214025D4080461846033B012B0E46174602D918B169
S214025D50212438E0FFF708FF274B1D78022D08D0D4
S214025D60032D46D1B8F1000F03D1244B1B689B07C5
S214025D703FD43320FDF78CFF01F096FAB6F1006FA0
S214025D8034BF1F4B052231464FF0060038BF1A7843
S214025D90FEF7FCFC044628BB1A4D2873012000F0CF
S214025DA017FE10F057FE68802846B8F1000F0DD097
S214025DB0022300F8043B11F0B9F86C732F613946E0
S214025DC030460EF0C5FD2046BDE8F081012300F8FE
S214025DD0043B11F0ABF86C732F61394630460EF077
S214025DE0B6FDF0E72846FDF753FFB8F1000FF4D0F2
S214025DF0E5E70224E7E700BF966100209847002007
S214025E00A96B002004560020034B187818B9034BE0
S214025E10034A1B78D05C704795610020976100208A
S214025E20F897040038B5437B0446DB0703D590F9A0
S214025E3009000FF047FA00250F4B83F859502079D6
S214025E40FFF764FFFFF7E0FF6188248803462246D7
S214025E502846FEF7ADFA044620B11720FFF750FE9B
S214025E60204638BD1723054DC82105486B6114F03E
S214025E705BFA03232B76F3E718550020045600201E
S214025E808C690020F0B51A4D06460C4693B0A5F86C
S214025E90680005F16A0729BBC5F86A1079600EF03A
S214025EA051FD6A4601460020FCF734FED5F86A30FA
S214025EB0ADF81060CDF812307B68CDF816300EF0D3
S214025EC041FD6A4601460020FDF7DAF84FF6FF73F9
S214025ED0B5F86800984203D014B106490EF03BFDAF
S214025EE013B0F0BD08223846F5F7F8FBD7E700BF37
S214025EF018550020825500202DE9F041DFF8B880C1
S214025F001F4698F8003005460C4616461BB1022579
S214025F102846BDE8F081531E052BF8D814F042FB44
S214025F200028F4D13B7B032B14D14FF6FE739C4220
S214025F3012D1012E09D0022EE9D110F06EFD4FF6D5
S214025F40FB73984203D810F068FD044604E011F093
S214025F50BFF9FAE7012EDAD0EDB939462046FFF747
S214025F6075FC05460028D3D198F80030332B03D0B1
S214025F70532B1CBF0E4B18613046FFF7F5FD002170
S214025F804FF6FF70FFF77EFF0A4B1B78002BBFD041
S214025F9012F06FF8BCE7397B721ECB1E594259418C
S214025FA05042504105F07CFF05460028D5D0AFE7A9
S214025FB004560020AA6B0020966100202DE9F041CD
S214025FC005460F46904610F028FD6B7B0446DB071D
S214025FD003D595F909000FF075F910F01EFD384B40
S214025FE0384E188010F036FD374B1880FDF73AFE13
S214025FF0364B1880FDF73CFE082201463448F5F77A
S2140260006DFB10F0CCFC334B18702879FFF77EFE40
S21402601000216888FFF736FFFDF726FF60B14FF6CE
S214026020F672631E9BB2934206D911F051F9B6F886
S214026030683004468342F8D0204610F0FAFC2888DE
S21402604010F014FD4146B6F86800B847044628B971
S2140260501920FFF755FD1920BDE8F081B6F8681043
S21402606010F094FA00231C4D86F859302B7803F072
S214026070FB03022B02D0204610F0F5FE002220463B
S2140260801146FFF707FB0446B0B117236B61134BAB
S2140260901B78042B09D1C821114814F045F90323B3
S2140260A02B7684F00100C0B2D6E74FF416710C4886
S2140260B014F03AF90023F3E71720FFF721FDF0E783
S2140260C0FA5A002018550020F85A0020F65A0020E6
S2140260D02A620020326200200456002097610020C7
S2140260E08C690020F0B50C461E460B462049074632
S2140260F089B004F1140053F8045B834241F8045B50
S214026100F9D11B8802AD0B80D4F80E00D4F8121019
S214026110238803C5ADF8103023798DF812208DF848
S214026120133000233A468DF814304FF6FE710120E4
S21402613002ABFFF7E1FEC8B902A8FFF7C3FB237B59
S2140261404BB10C4D0C4B01AA2946012001930FF0CE
S21402615097F82A781AB92046FFF764FE03E020462D
S2140261600199FFF72BFF08B9044B1E7009B0F0BD6A
S214026170FC5A002004560020436F030033620020BE
S21402618001232DE9F341304E05460F4600202F49E4
S2140261901446737300F0EAFB0FF096F8DFF8AC8053
S2140261A038B9012D01D9042D0FD1214638460EF0FB
S2140261B04FFC1020002111F074FF00283CD0002074
S2140261C002B0BDE8F041FCF7AFBC002CF1D1204B89
S2140261D01B78212B03D0062B01D0532B02D101F0C2
S2140261E02FFAE6E7FDF740FE0028E2D000F0EAFBD1
S2140261F028B9307BC0F11800FFF782FCD9E7154BAF
S21402620041462046019300F0B1FB20B140F6190149
S214026210114814F0DEFA01AA0B4998F80C000FF0A8
S2140262202FF832781AB90948FFF7FCFDC1E7019941
S2140262300648FFF7C3FEBCE7FFF79EFA0028BED16A
S21402624002B0BDE8F08100BF04560020FC5A0020D0
S21402625096610020436F0300C54A04001FB5144B25
S21402626004461B88DB0707D44FF6FF700021FFF7B2
S21402627009FE002004B010BD0A230E4A012001A91F
S214026280FDF786FC4FF6FF73BDF80C209A42EBD062
S2140262900822FF2101A810F04EFB0028E4D10CB919
S2140262A00120E7E7BDF80C0001A9FFF7EBFDF7E7D1
S2140262B0145B002026E1010038B50C46154610F0A6
S2140262C0B8FB02F053FF29462046FFF7DBFD00F03D
S2140262D079FB48B1054BDB790E2B28BF0E23013321
S2140262E0DBB2034A137038BD0123FAE7FC5A0020DA
S2140262F03F62002038B51D46FFF7FEFD0446C8B9CA
S2140263002B7B2846032B03D1BDE8384010F02DBE68
S214026310FFF7D8FA084B25469C8110F040FB012176
S214026320064B81401A780620FEF730FA044608B17A
S214026330034B1D70204638BD04560020A96B002072
S2140263409661002030B5012087B0FFF787FF6B46C5
S2140263500446144A1068516803C384B904F0C4FDA5
S21402636002A8FFF7CDFA4FF6FF752246BDF80E00DB
S2140263702946FFF7A1FF0EF0F2FA07B030BD6B46D2
S214026380094AD2F86A00D2F86E10B2F8685003C30F
S21402639004F0AAFD02A8FFF7B3FA6A46BDF80E009B
S2140263A0E6E700BF59D303001855002037B5324B35
S2140263B004461B781BB10224204603B030BD14F0FD
S2140263C0F1F80028F7D100F00DFB14B122882B4B10
S2140263D01A8000210DF10700FDF7D0FC002848D1F5
S2140263E010F095FD04460028E6D1254D9DF80700DD
S2140263F0FFF7BAFB2B78033B012B27D82046FFF783
S2140264002DFF18B3FFF79EFF00F0FCFEFFF74AFBD6
S214026410012010F08EFA48B9184B1B889A0707D548
S2140264202346052201201749FFF788FC0446C3E7E6
S214026430154D022329460120144AFDF7A9FB2B8895
S2140264405B07B9D5204600F0F1FEB5E72B78053B91
S214026450012BB1D8FFF776FFFFF724FB2B78052B2D
S2140264600CBF04200520FDF713FC012010F061FA92
S214026470DCE71724A0E700BF96610020145B00202B
S2140264809761002000F8FF07C65A002027E10100A6
S2140264907FB50024184E194D3278E3B29A4201D8DD
S2140264A004B070BD4FF6FF73B5F868209A421AD052
S2140264B0134B1B88DB0714D5124AB5F868301068F0
S2140264C05168ADF80C3001AB03C30F4A0A23002013
S2140264D001A9FDF75DFB022300200C4A0C49FDF7DB
S2140264E057FB0134D8E700220821064810F023FAA9
S2140264F00028F6D1DCE700BF876B00201855002085
S214026500145B00208255002026E1010027E10100ED
S214026510C65A002010B500F0C7FE01F013FCD8B131
S2140265200E48FDF7BBFA0E480E4C017A0E30FFF706
S21402653041FB23781BB100F0F7F9002323700022F9
S214026540094B1A73FFF7AEFA07F0B8F900F012FF1C
S214026550BDE81040FFF79CBF10BD00BF8C6900204D
S214026560FC5A0020336200200456002010B525484D
S214026570FDF794FA01F0E6FB30B1234B1B781BB90A
S214026580BDE81040FFF7C6BF01F0DCFB78B11F4C38
S214026590237E83B1C8211B4813F0C6FE0021237E4A
S2140265A00846013B2376BDE81040FCF72BBBFDF7FF
S2140265B05BFC0028EBD1FDF757FC154B1B7858B94E
S2140265C0112B03D003F0FD03412B19D1BDE8104077
S2140265D00E4B5869FFF794BA332BF7D10D4B188838
S2140265E010F027FA0C4B188810F040FA0B4B0C49A7
S2140265F01888FFF747FC0B4B1878FFF787FBE5E791
S21402660010BD00BF8C690020926100200456002055
S21402661096610020FA5A0020F85A0020F65A002006
S2140266202A620020326200202DE9F04F0F4685B024
S21402663002AD044629463846914611F0C4FF4FF093
S214026640000B82463846CDF804B010F055F846786E
S214026650022C804606F0020609D85CB1FDF704FC5F
S2140266600446002848D1754B01241B7865E0043C9B
S214026670022C3AD9FDF7F8FB38460FF0B6FF002495
S2140266800546A046DFF8D8A1384610F035F850F88F
S21402669009300DF10500019314F079F99DF807B061
S2140266A00746B8F1000F4DD1BBF1000F5BD0DFF803
S2140266B08C9199F800300BB1002E63D0002C61D07B
S2140266C05F4B1B78022B5DD1BBF1000F53D13846CE
S2140266D010F0AFF958465946FFF76CFA07F0EEF895
S2140266E040F607400EF0F0F934E010F004FCFDF737
S2140266F0BBFB0446F8B15C464EB1524B1B78012BED
S21402670002D0043B012B0BD805B0BDE8F08F4B4BF3
S2140267101B782BB14B4B1B7803F0FB03022BF3D0F9
S214026720BAF1000F404608BF002511F03FFF4FF0B8
S21402673001088246A8E7414B1B78002BF0D0002EBA
S214026740EED1E1E7BAF1000FAED05046FDF71EFEDD
S2140267500028A9D1002013F0F1FB0028D4D0002095
S2140267600FF0D8FFD0E74FF6F7739F429FD9172056
S214026770FFF7C6F9EEE7FDF777FB48B13248FDF7BB
S2140267808DF9F4E7FDF770FB10B1BBF1000FF5D100
S214026790FDF76AFB0028DDD02846FEF749FAFF28F7
S2140267A0DFF89CA0294C03D09AF80030012B04D1C4
S2140267B02946B4F86800FEF795FBFEF751FC2A4618
S2140267C03846B4F86810FFF777FD214B214A93F953
S2140267D006301B0213809AF80030012B19D0312B99
S2140267E014BF432311238AF800301B4B164819683E
S2140267F013F09AFD00F006FD0023124C99F80010E3
S214026800237641B9104813F08FFD40F61B436361AF
S214026810A0E71123E7E7B8F1000F03D016B1FFF7A0
S21402682079FEF2E70D4B1B78042BEED105210648C4
S21402683013F07AFD09232376E7E700BF9261002072
S21402684096610020045600208C690020185500200E
S214026850FC5A0020125B0020AC69002097610020E1
S2140268601962002070B508468CB00D460FF044FF42
S21402687009220021064613F0ABFB044628460FF019
S214026880B4FE052228460DF10F0304A90EF06EF998
S21402689002281BD09DF80F3029461C440023E4B280
S2140268A004F11002365D01200093D2B20BF0E8FF2D
S2140268B060B1022E0AD1064B1B78012B06D1054B7E
S2140268C0187818B922462946FFF7AEFE0CB070BDFE
S2140268D0966100200456002008B5084B187050B187
S2140268E0074B1B883BB14FF47A710648594313F0A5
S2140268F01BFD002008BD0120FCE700BF89610020C7
S214026900286B002064460020014B18800020704748
S214026910286B002008B5FDF7C1F80022014B1A705B
S21402692008BD00BF8961002010B50024044B05484D
S2140269301C80054B1C70FDF7B1F8204610BD00BF49
S214026940165B0020B06900203462002008B50348B8
S214026950FDF7A4F8BDE80840FFF7E6BFB0690020DF
S2140269600148FCF7ABBD00BF165B0020F7B5134B22
S21402697004461B780E46EBB183421DD9002110480F
S21402698014F069F8002501460D4F09B9012009E007
S214026990AC4209D10024162322463046009414F055
S2140269A0EFF8204603B0F0BD384614F078F801350B
S2140269B00146EAE71820F5E72720F3E734620020CD
S2140269C0165B0020014B1878704700BF3462002027
S2140269D025289DBF024B187000202120704700BF5B
S2140269E0AB6B0020012307B51846064A0DF10701D6
S2140269F0FDF7CEF89DF80720034B1A7003B05DF83A
S214026A0004FB00BF29E101002A6B002084B010B508
S214026A1002AC84E80F00082224480DF11601089CF7
S214026A20F5F756F938BB9DF815309B0705D4204B71
S214026A301B7803F0FD03312B23D11E4963780978B6
S214026A4003F00F028A4203D0012928D1022A18D164
S214026A502278B2B91B09022B13D194F90230002B0B
S214026A6021DB154BB3F86820BDF80A309A4208D1EC
S214026A70FEF790FF06E0002208210C480FF05BFFAD
S214026A8020B90020BDE8104004B070470B4BBDF89B
S214026A9008205B889A42C6D0002BC4D0F1E70229B0
S214026AA0EFD1012AD3E70120ECE700BF0856002009
S214026AB0966100207C6B00201855002004560020AA
S214026AC084B02DE9F0478EB016AC84E80F00DFF8EC
S214026AD068C1564BBCF802009DF85D9010F00104A8
S214026AE09DF96220BDF870E09DF875A09DF976705C
S214026AF09DF878509DF97A109DF95E809DF8606049
S214026B001B782FD09DF87D00C0F34004C0F38000B0
S214026B10002B44D0464B1B78012B02D1002C00F0F0
S214026B208280C0B19CF800301E335BB2BB42ACBF61
S214026B30002701279845D4BF00230123BB4209D171
S214026B408A4208DB0CD1A81BC0B280288CBF00206A
S214026B50012000E038460EB0BDE8F04704B07047AA
S214026B600020F8E710F0020F18D0C3B1490814BF8E
S214026B7001200020520814BF012300238342EAD1D9
S214026B80AB1BDBB2802B0AD9AE42E9D1B84506DB95
S214026B9049D1CA4594BF00200120DCE70BB9012089
S214026BA0D9E7AE4216D002AC1CAF0FCF0FC497E89F
S214026BB0030044F8040B2180DDE91A0116AB0090AD
S214026BC0ADF804100FCB0EF054FB0028E7D1AE420E
S214026BD0B9D1C0E7BDF8583073451ED008AC0DF1E8
S214026BE0700CBCE80F000FC49CE8030044F8040BCA
S214026BF02180104C638873450FD10822211D0DF1A8
S214026C002E00F5F765F8024638B90821201D0FF068
S214026C1092FE10B96388002BC1D1B845BFDBC2D142
S214026C20CA45BCD8BFE7204695E700BF34620020BD
S214026C3096610020045600202A6B002084B02DE9BD
S214026C40F04F8FB06A4E18AC08AD84E80F001622DB
S214026C5000212846F4F7F0FC33783BB90024654B54
S214026C6032781B789A4239D2002726E00021624801
S214026C7013F0F1FE00270446B846DFF87C91002C9C
S214026C8045D13FB1224639465B480FF0B8FD33780E
S214026C90013B33703378002BE0D0002156484FF08A
S214026CA0000913F0D8FE4F468046CA46DFF848B1C0
S214026CB0B8F1000F6CD1002FD1D01621002218A8EF
S214026CC00FF035FD014648B1002F00F08B802246BA
S214026CD049480FF04CFD337801333370454B327818
S214026CE01B789A4207D94448002201880FF087FD94
S214026CF03378013B33703378012B03D13F49404848
S214026D0013F012FB0FB0BDE8F04F04B0704700223C
S214026D10214616232846CDF8008013F031FF1622AE
S214026D20294618A8F4F7D4FF0028EBD09DF8642073
S214026D309DF824309A4225D1BDF86020BDF8203057
S214026D409A421FD108220DF12E010DF16E00F4F7C2
S214026D50BFFFB8B902AF0DF1600CBCE80F000FC759
S214026D609CE8030047F8040B39800EAB13E90300D6
S214026D700090ADF8041095E80F00FFF7A1FE00287A
S214026D80C0D027462146484613F089FE044676E7D9
S214026D901623002241462846CDF800A013F0F0FE46
S214026DA002AF0DF1600CBCE80F000FC79CE80300B1
S214026DB047F8040B39800EAB13E903000090ADF8D8
S214026DC0041095E80F00FFF77BFE074620B1B9F1E5
S214026DD0000F04BF444681464146584613F05FFE04
S214026DE0804665E73A46044813F03BFE73E700BF69
S214026DF034620020AB6B0020165B002020BF02002E
S214026E00B06900202DE9F04F002104469FB00DF135
S214026E104008162240460E91CDE90C11CDF83B10E3
S214026E20F4F70AFC052220460DF11F0316A90DF001
S214026E309DFE0228074600F0F28020460FF05CFC1A
S214026E40064613F0A4FD8146F01C13F0A0FDADF833
S214026E504000701D13F09BFD012FADF84200204646
S214026E6040F0E0800FF048FC0546204613F070F92B
S214026E700D3502232D1A0093214643460820EAB216
S214026E800BF0FEFC002800F0CA8020460FF039FC0A
S214026E90012F83469DF84D3040F0DC8000252F46BA
S214026EA043F001038DF84D3016AE3388022B4DD1D8
S214026EB0F1782046023108F065F81B2846D1F178B1
S214026EC02046033108F05EF819283FD1F1782046B3
S214026ED0043108F057F84A2838D14FF0050AF178FD
S214026EE020460131514408F04DF8F178059051449E
S214026EF0204608F047F8059B00EB032083B200F01B
S214026F003F02932B059240F095800023F7782146A6
S214026F1002375744FFB23A4600930CA80F2313F0E9
S214026F202FFE07F10F01204611F026FA07F1110194
S214026F300546204611F020FAADF84200059B0233C2
S214026F4053445FFA83FA33795345C8D806360DF1AF
S214026F507603B342A9D19DF84D20C5F3C03363F33F
S214026F60410220468DF84D200FF05DFB8DF844005F
S214026F7020460FF04DFB8DF8450020460FF04DFBE6
S214026F809DF83230BBF1190FC3F3C3028DF84720C8
S214026F90DDF833208DF84600CDF84E20DDF8372098
S214026FA0CDF8522094BF00229DF83E208DF848204E
S214026FB003F003028DF84A209DF84D20DB0963F3A7
S214026FC08202694B8DF84D201B78022B56D1BDF8F4
S214026FD040600FF03FFD864250D108A80FF0A6FF92
S214026FE0BBF1190F47D908220DF14E0108A8F4F794
S214026FF06FFE00283CD1B9F5004F02D0B9F5624FBA
S2140270000DD140F6FF7325F440459D4207D100227C
S21402701008210DF14E000FF08EFC00283ED01FB066
S214027020BDE8F08F0FF068FB0546204613F090F897
S21402703007351EE7412B81D1F178204602315144B3
S21402704007F0A0FF494B1B78C3F1B30318448DF831
S214027050490073E76FF30003F01D8DF84D3013F00F
S21402706096FC0CA9054620460FF0B2FF0B2772E7E6
S21402707000F058FDBFE700F055FDD0E7B9F5004F28
S21402708002D0B9F5624FCAD140F6FF7325F44045E7
S2140270909D42C4D1BBF1190FC1D9B8E7BBF11A0F93
S2140270A006D007F11F0142462046C9B20EF0E7F8A5
S2140270B02F4C304D637BDBB12B78012B1DD1012386
S2140270C023730CAB029314AC94E803000090ADF863
S2140270D0041098E80F00FFF799FC90B194E80300BB
S2140270E00090ADF8041098E80F00FFF7A7FD08E03F
S2140270F0FCF7BAFE0028DFD0E1E703F0FD03042B1D
S214027100DDD02B78012B01D0042B88D11A4BDDF869
S2140271104E001B78DDF852108DF82230BDF8403054
S214027120ADF820309DF84D30C3F340038DF8233080
S2140271309DF8313003F00F038DF82C309DF848305F
S2140271408DF82D3009AB03C30C4B1B681BB14146AF
S21402715008A8984763E79DF946209DF8451008A8B9
S2140271600DF074FC5BE700BF966100203B620020D6
S21402717004560020226200203A620020F8550020C1
S21402718010B513F01FFB114B1B78022B1CD1104AB3
S2140271901468A04218D00F4910600A68121B1044E7
S2140271A00D4A086012786AB1013A93403C22534372
S2140271B04FF47A725343984206D9BDE81040032032
S2140271C0FCF766BD0A23F3E710BD00BF96610020F8
S2140271D0904700208C470020786B0020064B1B88C7
S2140271E0DB0708D50022054B43F82020044A135C2F
S2140271F063F00F0313547047185B0020E04500202D
S2140272005B61002008B513F0DDFA0022024B18601D
S214027210024B1A6008BD00BF904700208C47002032
S214027220014B1868704700BF8C47002008B50C4811
S214027230FCF734FCFCF772FD80B10A4B0322B3F86C
S214027240681001200EF03BF84FF47A71064B0448A2
S2140272501B885943BDE8084013F066B808BD00BF56
S214027260D0690020185500200C6B0020014B1880B6
S214027270002070472E6B0020044A054B18701388B6
S21402728023F003031843108000207047185B002089
S214027290796B0020034B1888C0F30E00003818BF25
S2140272A001207047C65A002008B5FFF7F3FF30B139
S2140272B0002004490223044A0880FCF769FC0020E7
S2140272C008BD00BFC65A002027E10100024B1888FD
S2140272D0C0F30E00704700BFC65A00200023084ABB
S2140272E001201370074A08491370084B084A1B7896
S2140272F043F0040313800223064AFCF749BC00BF8E
S2140273003762002036620020C65A0020796B0020C1
S214027310185B002027E1010030B5012100240B2371
S21402732085B0104D019400918DF80C308DF80D004B
S2140273300323B5F8680003AA8DF80E4011F0D5F8BD
S21402734068B1B5F868100FF000FF40B10522064B91
S21402735064211A70054B06481C7012F0E5FF05B052
S21402736030BD00BF1855002036620020376200206C
S214027370F0690020064B1B78033B012B06D8054B11
S2140273801B781BB9044B1878FFF7C6BF704700BFBF
S2140273909761002035620020786B002010B51548F2
S2140273A0FCF77CFB144B1978F9B9144A13787BB1B5
S2140273B0013B1370124B1B78042B02D10846FBF7D5
S2140273C021FCBDE810404FF496710A4812F0ACBF9B
S2140273D00C4A128802F00302022A0AD1BDE81040C3
S2140273E0032201200849FEF7A9BCBDE81040FFF7BA
S2140273F0C1BF10BDF069002037620020366200204F
S21402740097610020C65A002000F8FF07084B1A783A
S2140274105AB10223013A93404EF6602253430321A7
S2140274200448B3FBF1F112F07FBF42F21073F6E7A5
S214027430786B0020F069002070B505461748FCF707
S2140274402DFB0122164B28461A7011F072F8411CC9
S214027450044689B2284607F095FDA11C064689B265
S214027460284607F08FFD0F4C02232080214600207D
S2140274700D4AFCF78DFB86B9238803F00303022B23
S21402748003D1FFF7BFFEFFF7C1FF23885B0704D5D2
S214027490BDE870400548FFF7C9BE70BDF069002020
S2140274A037620020C65A002027E10100D06900207A
S2140274B02DE9F0431F4C0546238889B0002B33D0B4
S2140274C01D4E00214FF4807010F0CBFD3378DB07A1
S2140274D028D50121208812F073FE074620880FF077
S2140274E00BF9023013F053FA05A98046208811F0F2
S2140274F007F93378384613F0020F104B18BF0025F1
S214027500B3F8009012F040FE0646384612F020FE0F
S214027510F6B20290424606212846CDE9009605AB11
S2140275200DF050FA00232380054809B0BDE8F04369
S214027530FCF7B4BA1E5B0020386200201C5B0020F9
S214027540106A002010B5044640F62140FFF7B0FF4F
S21402755001214FF4807010F084FD78B10022084BB0
S2140275601C80084B1A7007F085FEBDE81040064BDB
S2140275701880064B0648198812F0D6BE10BD00BF0A
S2140275801E5B0020386200201C5B00200E6B002071
S214027590106A0020044A137818B943F001031370E6
S2140275A0704743F00303FAE738620020044B1B7867
S2140275B01BB9044A1380FEF707B90020704700BFC4
S2140275C0266200201A5B0020042230B501F0400338
S2140275D087B0002B054614BF012400248DF80C202A
S2140275E08DF80D1004D004A910F059FD10B304ABA9
S2140275F0CDE9004301210223284603AA10F075FFB5
S2140276000446C8B10D4BB3F868100EF0BFFF4FF634
S214027610F7739D4209D9322202212046FEF73AF834
S21402762080F00100C0B207B030BD294620460FF0F8
S2140276308CFDF5E70120F6E71920F4E7185500203F
S21402764010B5FFF731FE04F031FA0FF00AFC002005
S21402765010F01DFD12F0A6FF08B1FDF729F9204C27
S2140276602378532B12D1032323700023FF221946BB
S2140276700120FEF763FB002012F060FC10B1002030
S2140276800FF048F8BDE810400DF01DBE062B01D0E5
S214027690212BF0D10120FEF7F5FA4FF6FE700FF01F
S2140276A0C8F94FF6FF700FF0E1F90020FEF752FA24
S2140276B00020FEF759FAFEF7E9F900F029FB0DF073
S2140276C005FE2378212B02D1FEF774F9D3E70020BA
S2140276D0FCF7DEFA00214FF4004010F0B2FACAE7D7
S2140276E09661002010B50A4C0A48FCF7D7F92378B1
S2140276F0062B02D10120FEF7C5FA2378062B01D00D
S214027700532B03D1BDE81040FFF79ABF10BD00BF50
S21402771096610020306A00202DE9F047DFF8C0802D
S21402772004460E461746FFF7BFFD98F8005015B9F7
S2140277300220BDE8F087212DFAD0284813F0B9F9C7
S2140277400028F5D114F0200439463046DFF894A01C
S214027750DFF8949005F00F051BD00DF0FBF8012D15
S2140277608AF80070A9F8006029D1212388F8003031
S214027770FFF766FF0020DCE7212388F80030FFF7DA
S2140277805FFF00214FF6FE70FEF77CFBFEF780FEE1
S214027790F0E70DF0DEF8012D8AF80070A9F8006017
S2140277A0EAD0062321464FF6FD7088F80030FFF730
S2140277B00BFF40F22621094812F0B6FDE1E75323FB
S2140277C021464FF6FD7088F80030FFF7FDFE40F2C6
S2140277D02621024812F0A8FDCCE700BF306A00203E
S2140277E09661002039620020306B0020F8B50D4605
S2140277F00646511C284607F0C5FB044628460EF0EE
S2140278007BFF0546023013F0C2F8154B07461B787D
S214027810022B02D0043B012B21D8124B1B685802C4
S21402782001D5A1061BD5620619D50F4BB3F86830F1
S214027830B34214D16B781B070DD5284610F0B6FE5E
S214027840FCF7A4FD58B1314604F020000122BDE841
S214027850F840FFF761BF0FF0E0F8B842F3D0F8BD8A
S21402786096610020984700201855002073B50446FC
S2140278700D4613F07AF9FF28034625D0134A1278EC
S2140278804AB1134A32F81020520404D510F0F0FB25
S214027890002002B070BD184610F0FBFB6946064693
S2140278A010F0FDFB40B1FCF7E7F928B100230222F5
S2140278B06946304605F0DCF8204645F0400102B045
S2140278C0BDE87040FFF780BE0120E2E7926100202B
S2140278D0C05A002038B505460EF00EFF044628466C
S2140278E010F027FE411C89B2284607F04BFB4206E1
S2140278F00DD563781B070FD5204610F057FE0146BC
S214027900002013F030F9BDE8384010F0B1BB034850
S214027910BDE83840FFF7E6BE38BD00BF306A00203B
S21402792038B54FF6FF75A842044617D00FF092F806
S214027930A04213D04FF6FD72094B198891420DD919
S214027940084A1288AA4201D0A24207D11C804FF4EC
S2140279507A71BDE83840044812F0E6BC38BD00BF74
S214027960166B0020326B00202447002008B504481E
S214027970FCF794F84FF6FF72024B1A8008BD00BF60
S21402798024470020166B002037B505460C46082310
S21402799069460120064AFCF7FBF815B19DF8063049
S2140279A02B700CB1009B2360BDF8040003B030BD01
S2140279B025E1010007B508238DF80600ADF804108E
S2140279C0009269460020034AFCF7E2F803B05DF82D
S2140279D004FB00BF25E10100024A13780BB1013B0C
S2140279E0137070478761002008B50FF03FF800213A
S2140279F04FF6FF72054B08461A80FEF7DBF8BDE825
S214027A00084040F616400DF05FB800BF166B002027
S214027A1008B5FCF743F80A4B1B78023B032B08D841
S214027A204FF6FE73074A108898424FF6FF7301D14D
S214027A30138008BD9842FCD0BDE80840FFF7D4BFCB
S214027A4096610020166B002010B5084B1B78042B9D
S214027A500AD00EF0E2FF002104460846FFF794FF24
S214027A60231A5842584110BD0020FCE797610020B7
S214027A70F0B5002689B00546CDE90566ADF81C606E
S214027A8010F057FD0A23024604462946009605A82A
S214027A9013F076F89DF815309DF814701F2B27D832
S214027AA003A80FF043FA08220DF1160103A8F4F713
S214027AB00FF90646E0B9092F1CD1FFF7C5FFB8B18A
S214027AC0144B1B78A3B1144B1A884FF6FD739A42D7
S214027AD00ED9124C124A23780433DBB22370127882
S214027AE0013AB3EB820F03DD58B20BF0A7F826700B
S214027AF009B0F0BD0A34E4B22146284607F042FA3D
S214027B000FF0A7FA611C284610F036FCFFF708FFB4
S214027B10EEE700BF8C6B0020166B0020876100200A
S214027B20776B002038B5134B1B78033B012B20D90B
S214027B30114B4FF6FF711B78ABB1104D2B888B4261
S214027B4017D10EF087FF4EF6602104460C4812F05D
S214027B50EBFB4FF6FE7322462B800021BDE8384031
S214027B6009200FF084BA074A13888B421CBF0133E0
S214027B70138038BD976100208C6B0020166B0020A6
S214027B8024470020C25A002008B50448FBF786FFA7
S214027B90BDE8084000210846FBF734B8506A0020CA
S214027BA010B5044661B1FF210EF047FD00212046C4
S214027BB00EF049FD0EF08AFC014620460EF049FD05
S214027BC02146BDE810400022014812F04ABF00BF1D
S214027BD0225B00202DE9F0410D46174604460EF0C2
S214027BE08BFD06782846FCF74DF929468046204646
S214027BF00EF0CCFC0EF011FFA84206D12046012161
S214027C00FFF7CEFF0120BDE8F0812846B8F1000F4D
S214027C100AD0FCF7B9F950B9144B3A462046BDE8EB
S214027C20F0411978FDF736BD10F03DFAF3E706F09D
S214027C300306012E08D00EF0F0FE00232246294647
S214027C4002F042FA0028D9D120460EF05BFC43052A
S214027C5005D52046BDE8F04100210EF0D0BF2046F3
S214027C6010F00CFAB0FA80F04009CCE7766B0020F0
S214027C7010B586B0044610F05CFC104B024618683D
S214027C8019790290D3F805005B7A01328DF8143028
S214027C9000238DF80C1004902146009392B205231F
S214027CA004A812F06DFF052204A902A8F4F710F842
S214027CB0B0FA80F0400906B010BD00BF709704000D
S214027CC008B511480EF0D5FD104B1B78012B06D8CF
S214027CD0FF2010F0A6F9FDF7B1FB10F0C1F9FDF791
S214027CE03BF801F091FCFFF7F9FA10F09AFD07F065
S214027CF0F1FDFDF749FD07F03DFB0CF02DFEBDE85A
S214027D00084002F0D3BC00BFE055002054610020BA
S214027D1008B5F0F75DFDFF2803D0094B1B78012B51
S214027D2006D9002010F07DF9FDF788FB10F098F9CF
S214027D30FDF712F801F068FCBDE8084002F0B6BC98
S214027D4054610020064B1878112806D000F0FD007A
S214027D50A0F141035842584170470120704700BFC6
S214027D60966100202DE9F8430446FDF70FFB18B193
S214027D7000263046BDE8F8834FF6FF78184BB3F876
S214027D8068104145F4D020460EF000FC154B022147
S214027D9020461A88FDF77EFC06460028E8D02046D4
S214027DA00EF0AAFC90F807900546043012F0EFFD9C
S214027DB007460EF032FE494602463846FDF7FEFA00
S214027DC0A81C12F0E4FD404502D12046FFF7BAFB9C
S214027DD02B789B07CDD101212046FFF7E1FEC8E7AD
S214027DE018550020205B0020F8B507460EF084FCEC
S214027DF00546043012F0CBFD0646A81C12F0C7FD5D
S214027E000446304612F0B1FE3046FCF73BF82B78BB
S214027E109B0701D10EF001FEAB790BB90320F8BD2A
S214027E200EF0FBFDA0420CD10EF0F7FD0446094B06
S214027E30214638461A78FFF7CDFE0028EED00020FD
S214027E40EDE7054B1B78052B1CBF044BB3F86840C7
S214027E50EDE700BF205B0020976100201855002048
S214027E602DE9F041064610460D4610F062FBA0F1E1
S214027E701004E7B256FA84F42146EA1B04F10E0017
S214027E80F3F72CFC2823DFF84480F35598F80030EB
S214027E90637301F0CDFB611C024601200DF02BFA44
S214027EA008220949601DF3F719FC98F800000FF044
S214027EB024FF05F10E0130463B460022C9B201F00E
S214027EC069FC1220BDE8F081196200209161002051
S214027ED02DE9F04F87B004460EF00EFC064620460B
S214027EE00EF06DFB0746301D12F051FD8146B01CA8
S214027EF012F04DFD384696F807A012F03FFE337892
S214027F009A075FD12146042001F04CFD002859D083
S214027F10204610F00EFB0146204607F033F8830792
S214027F2050D1204610F005FB0146204607F02AF8FD
S214027F3010F00303039345D12046FFF799FE00286D
S214027F4040D0204610F0CBFB451C204612F01CF910
S214027F50EDB205F10A0B83455DDA304A04AB1068D0
S214027F60516803C3691C204607F00CF82946804670
S214027F70204607F007F800EB082059461FFA80F85B
S214027F80204606F0FFFF8346039B2146AA1C009369
S214027F9004A8082312F0F4FD20460EF010FB5A4601
S214027FA041460DF09AF90122404604A90FF0DBF98A
S214027FB088BB022007F032FC013003D1404604A9F8
S214027FC0F0F7CEFC0EF029FD48453A46514607D159
S214027FD00EF02BFFF8B907B0BDE8F04F0FF077B9F7
S214027FE048460EF022FFB0B90D4B1B781BB9394636
S214027FF048460FF082F83A4651464846FDF7DEF903
S21402800048B1317811F0030105D1204607B0BDE82A
S214028010F04FFFF7C5BD07B0BDE8F08F59D3030098
S2140280208D61002038B5114D2B78023B012B18D8F4
S2140280300DF055F90446B0B9FFF7A2F82B78032BDA
S21402804007D12346FF2221460120FDF777FE0120B5
S21402805038BD21462046FAF7D5FD003818BF012064
S214028060F6E71720F4E70220F2E700BF9661002049
S2140280702DE9F74305460E4614460EF04DFA0C2837
S21402808028464AD10EF038FB0922002111F0A0FF43
S21402809000F11001C9B2284606F074FF042813D076
S2140280A07C282BD0012840F0AC8046B91321284604
S2140280B010F062F903B0BDE8F0430EF0D7BC03B08F
S2140280C0BDE8F043FDF7DCBC5B4B1B78022B40F0AF
S2140280D0988046B9FFF7FAF8C3070AD5FFF792F871
S2140280E0002C08BF3F26304603B0BDE8F0430CF034
S2140280F04FBCFFF7CFF80028F0D0F1E7284612F081
S21402810043F80446284612F023F802463046E1B207
S21402811003B0BDE8F0430CF039BC0EF0EDFA804631
S214028120043012F034FC074608F1020012F02FFC6D
S2140281304FF6F773984204460CD8404A1388013328
S2140281409BB213800BB93E4A13801EB13C4A138879
S2140281500133138098F8009009F00309B9F1010F72
S2140281601DD1284610F0E5F90146284606F00AFF1A
S2140281700B2809D00D2807D0042842D1284603B080
S214028180BDE8F043FFF7A6BB2E4B1B78042B38D175
S2140281900021084603B0BDE8F043FAF733BDB9F153
S2140281A0000F2ED13146284603F05EFD4EB34FF641
S2140281B0F7739C4225D898F80160204616F004060C
S2140281C022D10FF03EFF054620467DB10FF06BFF31
S2140281D0034600BB0C220090214638460FF05BF99E
S2140281E00C22002339462046009308E00FF05BFF7E
S2140281F00346C8B9144A00901278214638460FF052
S2140282004AF903B0BDE8F0830FF04DFF034678B994
S2140282100B220090F1E706223346214638460096A6
S2140282200FF039F90622DCE72B4600950622E4E732
S2140282304B46CDF80090F9E796610020CA5A002016
S214028240C85A002097610020AD6B00202DE9F04F40
S21402825005888BB0044628460EF04EFA07460430D0
S21402826012F095FB8146B81C12F091FB05A98046D8
S214028270284610F0A8F9284610F05BF90146064693
S214028280284606F07FFE3B78824603F00303012B66
S2140282900CBF83464FF0FF0B12F08FFAE388019073
S2140282A002930EF0BAFBFB7900904846039300F067
S2140282B081FF002876D1404600F07CFF002840F07F
S2140282C08880FDF72BFB8046FBF7CEFD10B9FFF743
S2140282D039FD30B1A8F104085FFA88F8B8F1020F48
S2140282E01BD90BF0FD03042B00F0B380FFF72AFD29
S2140282F020B10AF0030ABAF1010F0ED0FBF70EFD09
S21402830028B9714B1B7803F00F03062B68D16F4B0D
S2140283102846B3F868100EF039F9BBF1010F63D1A5
S21402832028460EF01DF94FF6FF73984240F09180F2
S21402833000233146284607AA0FF08BFE0746002880
S21402834042D042799DF82530934209D9711D2846BC
S21402835089B206F02BFEA37823F00F030233A37034
S2140283600CF0F3FA7E23B0FBF3F202FB130303F5E1
S2140283708073A3809DF8263013F0180F0AD0A378D6
S2140283801B0707D1009B4B4504D048467A7905A9BE
S2140283900CF010FB9DF82700003818BF01200BB028
S2140283A0BDE8F08F28460EF0A7F9023012F0EFFA79
S2140283B04FF6F773984207D9039B2BB92846FFF767
S2140283C057FC00287FF477AFA37823F00F03A3703F
S2140283D008E0404612F0D2FB00287FF472AFF3E7C3
S2140283E02823A3800020DAE7BBF1020F54D1012331
S2140283F0314607AA28460FF02CFE80460EF00DFBEB
S214028400BDF8223098421FD1B8F1000FDCD001220D
S214028410B8F80230314628460FF019FE2C4A137877
S2140284200133DBB2FB711370B8F80230BDF81E20C0
S2140284309A421FBFA37823F00F030233A3704FF4B0
S214028440C873A3800120AAE7184612F097FB0028FB
S214028450DAD128460EF084F812F030FB012808BF65
S2140284601C4BA27809BF1B78FA2303EB830303EBAA
S214028470830302BF9B00FA339BB21209A4D1DDE943
S2140284800121521A92B293429ED30CF05EFA00F089
S2140284901F001030A080D5E7BBF1030FD9D1009B97
S2140284A04B45D6D1711C284689B206F06BFD0C28C6
S2140284B0CFD1FCF7FFFD4FF6FF7398420146C8D0B6
S2140284C028460EF063F8C4E796610020185500208F
S2140284D094610020856B00202DE9F04105460C468C
S2140284E00EF01AF8082802D10120BDE8F081201DFE
S2140284F012F04DFA0646284694F807800EF05FF80A
S214028500074628460DF0FEFF010612D5184B1B78CB
S214028510042B0ED1174B1B78022B0AD1164BB3F83D
S21402852068204FF6FF739A4203D000210846FAF7F6
S21402853069FB124B1B78002BD6D1A01C12F027FA2F
S2140285404FF6F773984202D86378DA070DD5237888
S2140285509B070AD13A46414630460EF066FC80F04A
S2140285600100C0B200F00100BFE70120FAE700BF39
S2140285709761002096610020185500203E62002078
S2140285802DE9F04F9DB004460DF0C6FF0546204685
S2140285900DF0C2FF082869D14FF400432046ADF81B
S2140285A05030ADF85C4011F0EFFDBDF85C20A0F154
S2140285B01005EDB210461023002100950FF0C9FEFB
S2140285C0294617A80FF09DFE204611F0C1FD0AF0BD
S2140285D04BFB002321461A460C2000930AF050F962
S2140285E098B3204611F0B4FD14A902461020FBF7FA
S2140285F079FF0501204611F0ABFD14A90246402082
S214028600EDB2FBF76FFF10B120460CF0A7F920463B
S21402861011F09EFD14A902468020FBF763FFB8B94D
S2140286209DB1102517A805F067FF2046BDF85070CB
S21402863011F0AAFD0646204611F08AFD2946009052
S214028640F3B2384617AA0CF01FFA1DB0BDE8F08F39
S214028650BDF8503017A8ADF85E40ADF85C300CF0AF
S21402866036FE0028DCD145F08005DBE720460DF01B
S21402867093FFB0F5006F40F0058120460DF09FFF96
S2140286800646042D40F0018120460DF03BFF80F4A3
S2140286900060C0F3C02000223146400012F040F9CC
S2140286A0944B1A78022A0DD0FFF74CFB50B902F011
S2140286B0FD03312B06D0043A012A03D98E4B1B78D0
S2140286C0002BC2D02146022001F06CF9059000284A
S2140286D0BBD02046ADF846400EF00EF80446BDF874
S2140286E046000DF06CFF0646201D12F050F9A31C42
S2140286F083461846039312F04AF912A90746BDF8B4
S21402870046000FF060FF63780690BDF8460094F8C6
S214028710008008930FF00DFF6378054608F0030803
S21402872030460C93FBF7AEFBB8F1010F0CBF0323E8
S21402873002230E93714B08BF4FF00B091E8023785D
S21402874018BF4FF00A0903F03C03082B0D907FF484
S2140287507CAFBDF8460011F017FDA8427FF675AF54
S214028760B8F1010F03D023789B077FF46EAF644BFA
S214028770B3F86830B3420DD1624A634BB2F90010C7
S21402878093F90030002900F0A58001EB0313A3EB58
S214028790211313804FF0010AA5F11003DBB20A93EE
S2140287A08DF8453010224846BDF84610CDF800A098
S2140287B00DF145030AF064F800283FF446AF089B23
S2140287C013F00203099300F00981504B1B78002B2B
S2140287D03FF43BAFBDF8469048460FF0AAFE002392
S2140287E007904846CDE917331993ADF868300DF077
S2140287F0E6FE079B039003F10E01484689B20FF08E
S2140288006BFE002870D000234946079A009317A8EB
S2140288100E2312F0B5F950460DF15D010CF079FD0C
S2140288209DF869300B9004939DF85C30282B5BD141
S2140288300DF16100FBF7AAFD0F90002854D10498B1
S2140288400FF05BFA0F9B002866D1314B049A1B7817
S214028850D31A1C0648D404F059F950453CD111F0FD
S214028860B1FF2C4E0546346824B104F055F92C1B92
S214028870844239D30023FF2219461846FDF75EFAD2
S214028880356031E04FF6FD76FBE64FF6FF70301AA4
S21402889018BF012000223146400012F041F80C2D8C
S2140288A00DD12146012001F07DF800283FF4CDAE1F
S2140288B0214600201DB0BDE8F04FFDF7D3BF2DB90D
S2140288C020461DB0BDE8F04FFEF79CBA042D7FF49B
S2140288D0BCAEE5E61B025CE704F018F9022803D1F9
S2140288E004F0F6F80028BAD000221920039912F0F4
S2140288F017F8AAE6966100203E6200203E5B002042
S21402890018550020125B00203B6200209261002076
S214028910916100202856002010214846079ACDF87B
S21402892000A00FF03AF80028DED0BB4B049A1B7862
S214028930934240F0AA8003990DF1610214A811F047
S214028940C3FD012114A8FBF7F5FA824648F203019B
S21402895014A8FBF763FBBAF1000F03D0082114A892
S2140289600CF07AFC48460FF002FE03990DF1610006
S214028970FCF72AFCFE288246B6D0FF280AD10398C6
S21402898012F0E2F8FF28824600F087800DF16101BE
S214028990FCF7F4FAA04B049A1B78934200F0A380EB
S2140289A050460B99FCF7F6FB00283FF44EAE5046B5
S2140289B00B99FCF701FC237898070FD148460FF075
S2140289C0B8FD0146484606F0DDFA00F0030001282D
S2140289D004D103980DF16101EFF7C2FFBDF846001E
S2140289E00DF090FD010440F18580204611F0CFFF86
S2140289F040F4007189B2204611F0CBFF00224FF4FA
S214028A000041BDF846000DF06EFDDDF8149001231E
S214028A1010220093BDF846100E980DF1450309F09A
S214028A202FFF00283FF411AE032866D1204611F02E
S214028A30AEFF40F4007189B2204611F0AAFF30461C
S214028A4012F09CF8002840F0B680DDF81490B8F1D9
S214028A50010F40F0B6800320BDF8461000F0A2FFDA
S214028A60002840F0AE802946BDF8460006F08AFA95
S214028A700F2801467FF6E9AD4FF6F7739F423FF6A1
S214028A80E4AD30460EF0A6FBDFE55046049903F04F
S214028A9085FA00287FF44FAF26E7237803F0030316
S214028AA0012B08D148460FF044FD0146484606F021
S214028AB069FA082892D0594B1A78594B1B789A4271
S214028AC009D20DF161010398FCF70CFA039812F033
S214028AD03BF882465EE7A01C11F059FF4FF6F7738B
S214028AE09842EED900E75046FCF7CEFB00283FF44A
S214028AF057AF5CE74FF0000989E7304612F03EF8C0
S214028B000028A4D0099B002B57D1B9F1000F52D1EF
S214028B10B8F1010FBDF846009DD0294606F032FA9C
S214028B208246DFF8089199F80030002B54D00DF0F9
S214028B3074FF87427FF489ADB8F1010F7ED1BAF196
S214028B40070F75D8BAF1050F7FF67FAD354B1B7848
S214028B50022B02D0043B012B03D899F80030002BDD
S214028B6041D00C9B9A0640F1B4800D9B002B40F03E
S214028B70AC80304611F0F9FFFF2840F0A6805E4533
S214028B807FF463AD069B002B00F09D8012AB46F28D
S214028B9004020124ADF85C200193214602233046EC
S214028BA0009417AA0FF0A1FC00283FF44EAD214610
S214028BB00EF025F849E5DDF8149030460FF05BFA22
S214028BC045E72946BDF8460006F0DCF9099B8246D1
S214028BD013B9B9F1000FA4D0124B1B78022B02D0A6
S214028BE0043B012BBDD8304600F0E4FA814600284B
S214028BF07FF42BAD0DF011FF864225D10A4BB3F858
S214028C0068400DF00AFF4B4601460D222046CDF87D
S214028C1000900EF040FC18E5916100209061002063
S214028C20866B002096610020185500209261002075
S214028C30AAF10E03DBB2012B88D906E50AF003037C
S214028C40012B7FF402AD81E7304611F097FF58B949
S214028C500DF000FF4FF6FF73984205D011F0A2FC0C
S214028C6010B93046FCF7E4F8304611F087FF88B1B9
S214028C700DF0F0FE4FF6FF7398420BD011F092FC07
S214028C8040B9B8F1010F02D1BAF1060F02D0304650
S214028C900FF0F0F9069BA3B91946012258460EF0CA
S214028CA062FB814600287FF4D0AC20460FF07EFCA3
S214028CB04A46014638460EF056FB00283FF451AFAE
S214028CC0C3E412A9E9E7069B61E7637823F0200371
S214028CD063704FF6FC739F423FF4B7AC4FF6FD73DA
S214028CE09F4204D1B34B1B78042B3FF4AEACA3795E
S214028CF00BB1013BA37163785B0727D50023584667
S214028D0017AA14A917930FF096F91798F0B10FF057
S214028D108BF98146384611F028FF179A01461379D7
S214028D2003F03000102806D003F00C0008281CBF01
S214028D3023F00C031371137903F03303202B05D1B0
S214028D40FF2903D0012248460FF07DF9304611F084
S214028D500CFFFF281EBF0022974B43F82020089BDB
S214028D6003F001094FF6F7739F4200F2F980B9F15A
S214028D70000F40F00181314658460EF0BEF90DF064
S214028D804CFE874200F0C680384611F0F7FE0028F7
S214028D9041D0B8F1010F27D1BAF1010F17D14A46D7
S214028DA02946BDF846000FF051F9384611F0E6FEA6
S214028DB0824B1B78002B72D1584611F0DFFE00283A
S214028DC066D1384611F0DAFE002861D13DE4384615
S214028DD011F0D4FE50B3BAF1030F27D12946BDF8DD
S214028DE046000EF090FB30E4384611F0C7FE3846D7
S214028DF00FF059F9002847D0002339465846BDF8E7
S214028E00462001F061F900283ED00021BDF8460058
S214028E10FEF7C6FE19E4384611F0B0FE18B1B8F1F6
S214028E20010FD8D0E3E7B8F1010FE0D1634B1B780E
S214028E30002BC1D0BAF1050F31D10DF0EEFD8DF841
S214028E405C000DF0EAFD000A8DF85D0001230222A7
S214028E5017A90DF14600FAF775FD00287FF4F5AB69
S214028E60691C89B2BDF8460006F07AF80378013329
S214028E7003706378590715D40DF0CFFD834522D0D1
S214028E80002239461C2032E54C4B1B78002B93D02F
S214028E90B8F1010FCED063785A0714D502E0637892
S214028EA0580718D5BDF8464020460FF004FB411C73
S214028EB089B2204606F054F80378B8F1010F03F1A0
S214028EC0FF33037004D0BDF84600FEF78DFF09E0BD
S214028ED0BAF1050FD0D0BDF84600FEF785FFBAF10D
S214028EE0030FCDD00228CBD10021584617AA0FF087
S214028EF0A5F830B10379468003F03C0343F0400303
S214028F00037100232E4A00933946584612780EF013
S214028F10C2FAB5E7B8F1010F7FF477AF0AF1FF3373
S214028F200C2B00F2868001A252F823F08D8F0200ED
S214028F308D8F0200DD8D0200A38F0200C58F020016
S214028F404B860200E98F0200F98F020005900200AC
S214028F50059002004B8602001B900200279002003A
S214028F60B8F1010F71D0B9F1000F08D1BDF8460073
S214028F70FEF7AEFFFFF769BBB8F1010FCED0237A3A
S214028F8003F00303012B7FF460ABEFE7AAF10203C1
S214028F905A422946BDF846005A410FF057F8FFF7E5
S214028FA054BB2A465846BDF84610FEF71FFCFFF78C
S214028FB04CBB00BF97610020E04500208A6B002072
S214028FC0AD6B0020691CBDF8460089B205F0DAFFD9
S214028FD00235EDB20246BDF846305846009512A953
S214028FE006F0D4FDFFF731BB01200A9ABDF8461001
S214028FF0FDF71AFBFFF729BBBDF846000FF02CF869
S214029000FFF723BBBDF84600FEF732FDFFF71DBB98
S214029010BDF84600FEF72CFDA8E7BDF84600FEF7B1
S2140290200BFAFFF712BBBDF846000CF04AF9FFF741
S2140290300CBB2B4622465046BDF846100CF017F9DC
S21402904000287FF402AB51461BE50AF1FF330C2BD6
S2140290503FF6FBAA01A252F823F000BF8D8F020052
S2140290608D8F0200DD8D0200A38F0200C58F0200E5
S2140290704B860200E98F0200F98F0200119002006F
S214029080119002004B8602001B90020027900200FD
S21402909010B5002111480DF093FB0446E8B10DF01F
S2140290A0B7FA0F4B187020460DF0B7FA0D4B187032
S2140290B020460DF0B8FA0C4B187020460DF0B8FAA0
S2140290C00A4B1860012011F081FB2046FFF758FA80
S2140290D0BDE81040002011F079BB10BDF05A002008
S2140290E03C6200203B6200203A62002020560020AC
S2140290F070B5144E044633680D46BBB10DF00CFA3B
S2140291000C2813D120460DF0F7FA09220021044656
S21402911010F05EFF235C042B08D10B4C25B10B4BE1
S21402912022781B789A4203D300232370002070BD56
S2140291300748316811F0F8F82378012001332370CC
S214029140F5E700BF245600203D620020AC6B0020ED
S214029150506A0020014B93F901007047125B002011
S214029160014BB3F8680070471855002070B500240C
S2140291700D4D2C70EFF706FAE6B2B04208D8002280
S2140291800A4B1A700A4B198801B11A80012070BD69
S214029190304611F0F0FCC30748BF2B7804F10104F7
S2140291A044BF01332B70E5E78F6100208861002001
S2140291B0C45A002038B50B4B05461B7873B10133F1
S2140291C05C08094B188810F0C3FF002330F8132000
S2140291D0AA4205D00133DAB2A242F7D3002038BD44
S2140291E00120FCE788610020C45A002030B50546FD
S2140291F085B008460C4611F0BAFCFF280CD00EF0DB
S21402920067F8012200210346CDE9011200922146A9
S2140292102A460720FCF7F6FB284611F0A6FCFF2894
S21402922004460FD011F0A7FCC2070DD5204611F058
S214029230A2FC830708D40B4A32F8143043F4806346
S21402924022F8143005B030BD0EF042F8012200219B
S2140292500346CDE90112009207202A46FCF7D2FB0C
S214029260F0E700BFC05A00204FF6FA72431E9BB2C8
S214029270934270B504462AD8FFF79CFF38BB194BB9
S2140292801B78042B23D0204611F05EFCFF2801D069
S214029290FBF7FEFC20460EF0C9FE08B10EF0C0FE3B
S2140292A02046114E03F0ACFE20460BF081FB3178CF
S2140292B00E4D69B1288810F04BFF054601461E2266
S2140292C00230F2F70BFA2C8033781E2B07D970BDCA
S2140292D0202010F0B1FF28800028EBD1F7E70233F8
S2140292E03370F4E79761002088610020C45A00209A
S2140292F0044A13782BB1013BDBB213700BB9024A56
S2140293001380704788610020C45A00200148FAF78B
S214029310D5B800BFC45A00202DE9F047804617464C
S2140293200D468CB061B903AE00211B4811F093FBC9
S2140293304FF000090446DFF860A01CB920461DE085
S2140293400E46F1E70022214624233046CDF800904F
S21402935011F016FC082241463046F2F7B9FCA8B9CD
S214029360337C9BB96FB945B92A4621460A480DF0A7
S21402937046FA0A4A1388013B138001200CB0BDE866
S214029380F0873B88B28953405B06ECD521465046AF
S21402939011F085FB0446D0E7265B0020245B002004
S2140293A0024B1888003818BF01207047245B002043
S2140293B02DE9F04330488DB0FAF770FB11F002FA4F
S2140293C02E4D2B68C41A4FF47A73B4FBF3F4A4B28E
S2140293D014B111F0F7F92860294F4FF6FF763B8853
S2140293E0DFF8A080ADF80A3000233B8000210DF1A3
S2140293F00A000DF0E5F9054658B9224B1B882BB139
S2140294004FF47A711C48714310F08EFF0DB0BDE820
S214029410F0834FF0000924234A462946CDF80090EF
S21402942003A811F0ADFBBDF81A30A34294BFDB1AB5
S2140294301B1B9BB2ADF81A3063B9BDF818301B0679
S21402944002D508980BF021FDB8F80030013BA8F8C9
S2140294500030CBE79E4228BF1E4601234A462946D5
S214029460009303A8242311F08BFB4A46294638466C
S21402947011F0F7FABAE700BFC44600202C560020C7
S214029480265B0020245B0020F0B504462E4A8DB0F1
S2140294901068516801AB03C3A378012B4FD1162283
S2140294A000210DF11A00F2F7C7F8D4F82110D4F80B
S2140294B01D0003AB03C32388190644BF62680892E3
S2140294C0DA050BD5221D08AE04F1140735461068DE
S2140294D05168083203C5BA422E46F7D1ADF81830A5
S2140294E013F0040318BFA3690593EFF763F800238C
S2140294F0ADF81A00082201A903A88DF81C30F2F76D
S214029500E7FB18B106A903A80EF07DF90022242174
S21402951003A80DF00CF9044698B10020FFF748FFA7
S21402952000222146094811F09CFA094A00201388B5
S21402953001331380FFF73CFF00200DB0F0BD022080
S214029540FBE71920F9E700BF59D30300265B00208A
S214029550245B0020F7B5044600200E46FFF728FFDE
S214029560104B1B88A34202D8212003B0F0BD002175
S2140295700D4811F070FA002501460B4F0029F3D072
S214029580A54208D10024242322463046009411F036
S214029590F7FA2046E9E7384611F081FA0135014626
S2140295A0ECE700BF245B0020265B00200148F9F7A9
S2140295B085BF00BF265B0020014B1888704700BF9E
S2140295C0245B002070B50C4611460E4A23781278AA
S2140295D0064613F0200542EA0302227018BF611DF8
S2140295E00822F2F77BF8002D0CBF05200D20D4F8D8
S2140295F00130B3602378337303F01803082B08BFD7
S214029600013070BD92610020042307B501200DEBE6
S2140296100301054AFAF7BCFA019B044A1B031360CE
S21402962003B05DF804FB00BF63E511008847002025
S21402963010B5064C2368C3F30B0313B90448E3F7CB
S21402964033FC2068431C236010BD00BF88470020FF
S21402965063E51100014B1868704700BF8847002079
S21402966007B50020054B064A186004230DEB0301DC
S2140296700190FAF78DFA03B05DF804FB88470020E4
S21402968063E511007FB511230A4A012001A9FAF702
S2140296907FFA094B9DF814201A70084B1B780BB101
S2140296A0052B05D10BF050F9012007B05DF804FB3D
S2140296B00020FAE779EB0100916100209261002018
S2140296C02DE9F04F0646CBB08846008801211746A2
S2140296D010F076FD2E4B3A463188ADF8160006A8F5
S2140296E00EF030F90DF1280B5A464146C41930885F
S2140296F00EF0B2F8E4B208EB0003A34208BF044639
S21402970005464FF004091CBFA4EB0804E4B2234646
S2140297105A460121CDE900090BEB050ACDF808B03F
S2140297202D1B06A8EFF776FBEDB20BEB04030093B6
S214029730019523465A46414630880EF0BBF83488D7
S2140297403946204605F01EFC394600F0F80220464F
S21402975005F02CFC0121308810F032FD01234A4628
S214029760514680B10DF11600FAF7ECF801210446D5
S214029770BDF81620308810F037FDB4FA84F04009A0
S2140297804BB0BDE8F08F3046FAF7DCF80446F4E753
S214029790196200202DE9F04FC9B004468846924669
S2140297A0C118224A04A81F46FFF70CFF4FF004090F
S2140297B0C519EDB208AB0293A5EB0A0BA8EB0A0398
S2140297C05FFA8BFBA8EB0506DBB2F6B204EB0A02E5
S2140297D0009301215B46CDF8049004A8EFF71AFB2C
S2140297E006F590730DEB03025A44A2F580721368D5
S2140297F008A844F80830E35D324623F00703E35531
S2140298002C442146F2F7A8F808ABCDE9019308AA42
S21402981000230121009604A8EFF7FCFA3246204600
S21402982008A9F2F799F849B0BDE8F08F196200204E
S214029830F8B506460EF053FF811C054689B230463F
S2140298400EF04AFEF0B1EDB12946304605F09AFB1D
S2140298501228074616D80C4B691C1C5C89B2304687
S21402986005F090FB2C44052FE4B205D1052809D853
S214029870064B1B5C1C44E4B221463046BDE8F84069
S2140298800EF02ABE0020F8BDB2970400AC97040082
S214029890F8B505460EF04DFE044628460CF02CFFA1
S2140298A0A11C074689B228460EF016FE00283ED0B6
S2140298B0002C3CD02146284605F064FB0646611C77
S2140298C0284689B205F05EFB0F2E30D8194B9B5DF9
S2140298D0E118731E89B2092B0ED8DFE803F00905DA
S2140298E00D0D120D0D181E1EC40644BF083189B296
S2140298F0820601D5083189B22846BDE8F8400EF046
S214029900EBBD7B78DB0612D501EB4001F3E700F0F6
S2140299101F0000EB40000144EDE71F2805D8092E82
S2140299200ABF4000022080B2F5E7C828E4D0002033
S214029930F8BD00BFC5970400F8B506460CF0DCFE7D
S21402994009220021054610F043FB00F110042846C8
S21402995011F01DF8E4B207462146304605F012FB28
S2140299600546304610F010FCBA05A0EB0403DBB245
S2140299700AD47C2D0AD0082D0AD8064A505D984291
S2140299808CBF00200120F8BD1220F8E70320F6E77E
S214029990FF20F4E7D6970400014B1878704700BF03
S2140299A0AE6B002038B5114B04461B7808469BB9AF
S2140299B0012038BDA24205F101050FD103EBC10318
S2140299C05B6898470028F3D11E2022464FF6FF71A7
S2140299D010F0A6FF0020ECE70025054BE9B213F8CD
S2140299E03120002AE6D11446EEE700BFAE6B002017
S2140299F07C9704004FF6FF7307B502220DF10601AD
S214029A000348ADF80630E3F78BFA03B05DF804FBC3
S214029A10603202E0002307B5ADF80430134B9842DB
S214029A2021D10B88DA0703D5232003B05DF804FBA7
S214029A309B0748BF4FF47F434FF002020C480DF1DC
S214029A40060148BFADF80430E3F73EFA4FF6FF735F
S214029A50BDF806209A42E7D10222054801A9E3F79B
S214029A605FFA0020E1E72120DFE700BF1FD1BACA74
S214029A70603202E0002313B50222038004460DF191
S214029A8006010F48E3F720FA2D2801D0112805D148
S214029A904FF6FF73ADF80630FFF7ACFF9DF80630C1
S214029AA0BDF806201BB1238843F001032380002063
S214029AB0FF2A82BF238843F00203238002B010BD30
S214029AC0603202E0034B1B78002B14BF4420562062
S214029AD00E307047926100202DE9F04F8DB0179C32
S214029AE006468946CDE90223BDF85870D588ADF8FA
S214029AF016103CB9EC0605D500970BF056F80DB0DB
S214029B00BDE8F08FC5F380242B054FEA043448BF26
S214029B1044F40064A80511D544F080040A2E00F22D
S214029B206981DFE816F09A002F00170037006701F8
S214029B306701370010009A0037009E00E90548BF0B
S214029B4044F04004EAE74FF001084FF0020B4FF0F2
S214029B50000A14E008A95FFA89F00EF02FF9DDF882
S214029B602500DDF8291006AB03C3A44B33F81930E1
S214029B70ADF816304FF00008C3460DF1180A002F54
S214029B805DD125E006AA0DF116015FFA89F003F011
S214029B9017FAEFE74FF6F773994540F22B8115F463
S214029BA0026F40F02781964B1B78022B03D0043BB2
S214029BB0012B00F2218147BB032E4FF001080CBF98
S214029BC04FF00C0B4FF0080BBA4624F4C074A4B244
S214029BD08C4B18884FF6FF73984206D08A49FAF7DC
S214029BE067FB10B124F48054A4B2039B384600935A
S214029BF0BDF81620534644F4027105F0EBF9ADF8B1
S214029C002000002838D1192079E7384610F0BCFA2F
S214029C100246FFF757FF032E08BF0138824201DDD6
S214029C2038206CE7032E4FF001080CBF4FF00C0BE8
S214029C304FF0080B4FF0000A24F4C074A4B2029B43
S214029C401B889BB91A4639460620009308F03BFE4D
S214029C500028BDD140F6014051E74FF00008C34648
S214029C6075E74FF001084FF0030B70E70023394603
S214029C701A4607200093E9E74FF6FF73614A1188F8
S214029C8099421CD00CF038FD03465E4A0430118817
S214029C90039310F07EFE5D49039B097814F4805FFF
S214029CA0D9715949574A1FBF086898604868D860F2
S214029CB04FF6FF7313804FF0FF330B604B6059462D
S214029CC0029A08A805F03AFA00289CD0504C23784D
S214029CD0002B3CD1A7B1384610F056FA0746BDF81D
S214029CE0200010F051FA23780744002B14BF1222EA
S214029CF00022EB1003F0040317443B44842B8FDC52
S214029D0015F400570AD0BDF8204020460CF0FAFBA6
S214029D1040F4806189B220460CF0DFFBA6F108030E
S214029D20012B05D801221021BDF820000CF0DBFB28
S214029D30179BBDF8204043B32046BDF816100CF022
S214029D4025FCBDF82030179A00201380D7E6AA0615
S214029D50C0D56B0103F020030A2E14BF43F00103A3
S214029D6063F07E03DBB2B8F1000F08D00021524642
S214029D70009108A800F082FE0028ABD0BFE61A4683
S214029D80514608A80DF009FFF6E720460EF0D1FB73
S214029D90179B024621460420009308F094FD0028F3
S214029DA03FF458AF0A2E18D84FF4D963F340DB07B6
S214029DB013D5072E0AD00A2E08D0BDF820000DF0C3
S214029DC0ACF980F00100C0B2800098E608A80BF05B
S214029DD05BFA0028F1D0042091E617B125F0400581
S214029DE0ADB22B463146BDF820005FFA89F201F08B
S214029DF07DFE84E6012082E6162080E6F4590020E5
S214029E0096610020346B0020AF6B00204962002070
S214029E1092610020F7B50F469DF828100446DDE94A
S214029E200B061D46F1B94FF6FF739C421CBF174B3B
S214029E301C804FF000041CBF154B1A70BDF824009E
S214029E4005F012FA00232A46CDE9004339460620D9
S214029E509DF82030FFF740FE10B90EB1AB7A337092
S214029E6003B0F0BD78B14FF6FF739C421FBF074B9D
S214029E701C80074B1A7000220CF059FC044600287E
S214029E80DCD11920ECE72120EAE700BF346B002082
S214029E90496200202DE9F04788469DF828100746BB
S214029EA016461D469DF820A0BDF824900B9839B1A1
S214029EB058B300220CF03BFC044610B9192025E0EA
S214029EC00C464FF6FF739D421FBF114B1D80114B70
S214029ED083F800A04FF6F7739E4208D80E4B4FF653
S214029EE0FD761A784FF6FF73002A18BF1E464846BC
S214029EF005F0BAF900233A46CDE90843314643460F
S214029F00BDE8F0470320FFF7E7BD2120BDE8F08754
S214029F10346B002049620020536100202DE9F0478F
S214029F2086B09DF838600546DDE90FA80C46174650
S214029F309946B6BB374B1B78022B1DD125BB4FF675
S214029F40F7739C4214D80026484605F08DF9002384
S214029F503A46CDE900632146FF232846FFF7BCFDBB
S214029F6038B9B8F1000F04D0BB7A88F8003000E0A8
S214029F70012006B0BDE8F087043B012BDED9084677
S214029F800BF07FF910B31DB3022D31D1EEF7F4FAC0
S214029F90A042EDD9204B33F814204FF6FD739A42B7
S214029FA019E0BAF1000F32D01A4B1B78022B05D1FA
S214029FB0FFF788FDB042E6D23820DAE7043B012BF1
S214029FC0F6D908460BF05DF90028F1D11620D0E745
S214029FD04FF6F7739C42CBD8002EB4D031460022FF
S214029FE050460CF0A4FB06460028ADD11920C0E767
S214029FF0012DBDD104AA0DF10E01E0B202F0E0FF80
S21402A000064B1B78A342B3D9BDF80E20C5E7212024
S21402A010AFE700BF96610020F4590020806B002055
S21402A02030B5104B87B005460C461868596803AA27
S21402A03003C298680C4910609A88DB8852BA23F0EB
S21402A0404003ADF812300023CDE90043ADF81020EE
S21402A050FF23098803AA0720ADF80E50FFF73CFD40
S21402A06007B030BD325B00203E5B002038B50C46A0
S21402A0701146124A124D108022682A6062686A608F
S21402A080A268AA60E288500616D5EA88520613D558
S21402A09061B1002218460CF04AFB014650B16088B6
S21402A0A0FFF7BEFF0522074B1A7038BD08460EF0B2
S21402A0B081F9F2E71920F5E70220F6E73E5B002079
S21402A0C0325B0020596200202DE9F04F074689B026
S21402A0D0104615461C468A460EF02BFA01462846BE
S21402A0E004F050FF064628460CF006FB043010F03B
S21402A0F04EFC80460CF091FC804550D0B2074ED103
S21402A100DFF8AC80284605A9B8F800B00EF0F8FAD9
S21402A1109DF81930A8F8007003BBBDF81430EBB9EF
S21402A12028460CF0E9FA023010F031FC4FF6F773CD
S21402A130984294BF4FF000094FF001090123013401
S21402A140E4B22A463846CDF8009005A9039303F0F8
S21402A15001FC039B40B901339C421ED20020A8F8A2
S21402A16000B009B0BDE8F08F022CF8D1012BF6D171
S21402A1700C4A0D4BA3F800A01378591C11700B4A19
S21402A1807F3B16F00C01137007D1BDF81A305B0640
S21402A19003D5BDF81600FFF743FF0223D1E70020E0
S21402A1A0DFE700BF94610020346B00204962002084
S21402A1B03E5B00202DE9F04FABB00F46ADF81E0017
S21402A1C00CF09AFA00F1020A0646504610F0DFFB3F
S21402A1D0BDF81E40054620460EF0ABF90146204665
S21402A1E004F0D0FE814600F00308301D10F0CFFBCD
S21402A1F0414C20800CF011FCA8422DD04FF6F7738C
S21402A2009D4229D87378DA0726D428460DF04BFFEC
S21402A21030B101232946BDF81E202088FFF754FFDF
S21402A2200CF0FBFB344B1B8883420FD1BDF81E405B
S21402A23020460EF07EF90146204604F0A3FE10F0FA
S21402A2400C0103D1BDF81E0001F00EFD00222B4BBF
S21402A2501A602BB0BDE8F08F2949BDF81E000EF03B
S21402A2604FFA2849BDF81E000EF0ADF90028254B1E
S21402A27008BF0023214ABDF81E0013600CF0C8F97F
S21402A280214B1870BDF81E000CF0C7F91F4B187052
S21402A290BDF81E000CF0CCF91D4B186000238DF89B
S21402A2A02230002F3AD0164BDB889B0636D5194B48
S21402A2B01B689D071ED4B8F1010F14BF082318238C
S21402A2C00DF12202009200220DF11E00114600F04E
S21402A2D0D5FB18B3B8F1010FA2D10F4B1B78112B87
S21402A2E09ED10DF0F9FC00289AD140F61D40FBF7EE
S21402A2F00FFB95E70823E3E73E5B00203456002079
S21402A300325B0020416200203C6200203B6200205B
S21402A310205600209847002096610020504610F0F4
S21402A32036FB8246BDF81E000FF02EFFA0F1100588
S21402A330EDB22A4631460AA8F1F70EFBFF238DF846
S21402A3402F304FF6F7739A4540F2DF80B8F1010FCF
S21402A35000F0E780B8F1020F00F04681B8F1000F76
S21402A3607FF45EAFA44DBDF81E00EB88ADF8240066
S21402A37004930CF0C1F9BDF82460074630460EF08F
S21402A380D8F80146304604F0FDFD8DF82300B81CCF
S21402A3907E7810F0FCFA07460CF03FFB06F001064A
S21402A3A0B4F8009003906C88002E7FF439AF4FF615
S21402A3B0F77A4246494657458CBF0620082010F0D9
S21402A3C0AFFABDF824B058460EF0B3F85946024626
S21402A3D043460420CDF8008008F052FA57458346DB
S21402A3E00AD8B5F90620EB88002A05DB580603D5FD
S21402A3F041462046FFF714FEBBF1000F3FF410AFB4
S21402A4002B88002B5AD16B79002B57D14FF6F77356
S21402A4100DF126019F42BDF8240094BF4FF0000BB9
S21402A4204FF0010B0DF029FDDFF8D8A100F1FF383F
S21402A430BAF800301FFA88F10593EB88BDF82600BB
S21402A440069304F09FFD069B049901900093224612
S21402A4505B460598C1F340110AF020FF00283FF43E
S21402A460DFAE042306200093BDF82610624B5FFA87
S21402A47088F208F005FA00283FF4D2AE48F202034A
S21402A4806A889A4205D1BDF82410BAF8000000F096
S21402A49025FF594D09AA29460DF123000AF0FCFEB4
S21402A4A0034600287FF4BCAE2104BAF80000BDF8CB
S21402A4B0242060D5234629460DF0F4FC9DF823306F
S21402A4C04D4D03F00C030C2B75D128890DF0B5FC0D
S21402A4D000283FF4A5AE039B002029894B4514BFF4
S21402A4E00226032602F044FC444B18704FF6F7731C
S21402A4F09F42BDF8240075D8A4F138025342534156
S21402A50032463D4904F036F88AE6B8F1020F6BD0BF
S21402A510394BB3F90630002B26DAB8F1010F7FF477
S21402A5201DAF0CF07AFA238883423FF479AE0520F9
S21402A530BDF81E10FFF736FA00283FF471AE2E4A19
S21402A540D3885B0607D50023CDE900330A20FF2314
S21402A5502188FFF7C1FA3A469DF822302188BDF8D5
S21402A5601E0002F01DF85BE629460AA800F070F805
S21402A5700028D2D054E60221DFF88C8088F800103A
S21402A5802946CDF800B003F0E5F9132C96D0EB88F7
S21402A5905D0493D41A4B1B78D80703D598F800208D
S21402A5A0022A8BD099077FF53BAE98F80030012B34
S21402A5B07FF436AE82E700222B79124800936B793D
S21402A5C01146008802F0FCFB0C4B18709DF82330F5
S21402A5D003F00C03082B89D1039B4B4514BF0426BA
S21402A5E0052683E701238BE74846BDF81E2002496D
S21402A5F001F0AEFA14E600BF325B0020586200207B
S21402A600576100203E5B00204A62002010B5002100
S21402A61008480CF0D5F8044650B101460420FFF76E
S21402A620C1F928B12046BDE810400121FFF7C2BD9E
S21402A63010BD00BF225B0020034BFF211A7803489F
S21402A6409200F0F7F9BF00BF816B00205044002053
S21402A65070B5451804464FF0FF31AC4212D1104B8C
S21402A66010481A7805460023934211DB0E4C2078D8
S21402A670431CB3FBF2F602FB163345F82010237098
S21402A68000200CE014F8010BE1F79EFD0146E4E71A
S21402A69050F8044BA14201D00133E5E7012070BD1A
S21402A6A0816B0020504400204B620020042307B533
S21402A6B001200DEB0301054AF9F76AFA019B044AE9
S21402A6C01B03136003B05DF804FB00BF23E1110017
S21402A6D030560020014B1868704700BF30560020E5
S21402A6E0014B1868704700BF3056002010B5064C64
S21402A6F02368C3F30B0313B90448E2F7D5FB2068BB
S21402A700431C236010BD00BF3056002023E1110019
S21402A7102DE9F04F93B003930023DDE91C790693ED
S21402A72099F8003083460DA804930E4615460AF0A3
S21402A73043FA99F8003013F003043ED0039B0DF160
S21402A740250A8DF824300022082138460CF0F3F84A
S21402A750002870D028880BF0CFFF99F800301C072D
S21402A7604CBF0430023010F012F907A98046F9F700
S21402A7709FFB9DF824300446980633D5288806F1B8
S21402A7800D010DF0A9FEA8B1002300933846082358
S21402A7902988721D10F0F4F999F8003003F01803B6
S21402A7A0182B4AD1B8F1000F47D0A94BB3F868303E
S21402A7B0434542D040F60A4327E02888711D0DF033
S21402A7C08BFE0028F6D0009405233246298809A875
S21402A7D010F0D6F99DF824300DF1240A03F0180380
S21402A7E00393B0E714BB39464046F9F761FD0028EB
S21402A7F0D2D099F800309907DCD040232246214671
S21402A80040460DF0F6FB40F6094399F8002012F098
S21402A810030440F0F780288803930BF0D0FE22460C
S21402A82001461A2010F07CF8039BEBE007AB03CB43
S21402A83038607960B0E74FF6FF780AF012FD0446FA
S21402A84020B104213846F9F74FFB04461E9B002B25
S21402A8505AD009231E990DA88DF834300AF026FB2B
S21402A860209B0BB1209B0693039B002B40F08E800F
S21402A8700DA8EEF731FB99F800309A0700F09880A1
S21402A880FFF734FF5146024601200AF034FD99F8DC
S21402A89000309B0710D5594628880DF0F7FE0BF1BD
S21402A8A0090350FA83F35FFA83FB594628880DF0B2
S21402A8B0C4FE00EB0B06F6B299F8003013F0C20F96
S21402A8C00AF104030DD09DF82420624942F02002CA
S21402A8D08DF824200A68CAF804204A685A600AF1E9
S21402A8E00C03012209A800921B1A324629889BB241
S21402A8F010F046F9324659462846FEF7E1FE002891
S21402A90000F0A48000237DE01F9B5BB19E460DF104
S21402A910340CBEE80F00ACE80F00DEF80030CCF8CE
S21402A92000309DE7049B594603F0200328880493D1
S21402A93004F028FB10F0030F0CBF0123002305933D
S21402A940049B059A003B18BF012342EA4303009387
S21402A9500DAA06AB38461F9900F0FEFA049A034683
S21402A96082B1002880D0059B0DAA0093384606AB1C
S21402A9701F9900F0F1FA034699F8002022F020020F
S21402A98089F80020002B3FF46FAF3EE7039B102BA5
S21402A99006D1BDF8363043F00103ADF8363067E72E
S21402A9A0039B182B4FD1BDF8363043F00203F4E771
S21402A9B001200DF125010AF0ACFC99F80030824620
S21402A9C013F0040F288821D1069B1BB3002C35D028
S21402A9D00BF0F5FD0022014616200FF0A1FF84B110
S21402A9E07FB14FF6FF7398450BD000230DA91A4688
S21402A9F038460AF06CFB394640469DF835200AF088
S21402AA0046FC0123184613B0BDE8F08F002CDFD1B8
S21402AA10104F01E0002CDBD100233246009359464A
S21402AA203B460CF0BAFF00283FF4C4AE002C3FF4BD
S21402AA3069AF069A0AF10103136063E71B68534580
S21402AA40C6D80124E8E740F60A43DBE71923D9E72C
S21402AA501855002019620020002307B5054A06484B
S21402AA60136004220DEB02010193E2F759FA03B0D8
S21402AA705DF804FB3056002023E111002DE9F04F6B
S21402AA800446B1B000888DF82F3016468A460DF07F
S21402AA9050FD0146814620880DF0CFFD00EB0908E7
S21402AAA020880DF01CFE00239DF82F505FFA88F8D0
S21402AAB015F001070790ADF8363008D101460DF1C2
S21402AAC0360220880DF0C2FC08B1ADF8367016B911
S21402AAD0CDE90E660EAEFEF763FC18B145F0200512
S21402AAE08DF82F500023CDE9033302930DF12F0387
S21402AAF0CDE900632246534641464846FFF708FE24
S21402AB000546002800F043819DF82F3013F0010718
S21402AB1046D1B44A23F02003106851688DF82F30CE
S21402AB2010AB03C3184600F0FBF90546FEF744FDDA
S21402AB30BBB2984200F2B7803A9B13B100233A9A0E
S21402AB401370BDF83630CBB1012120880FF038FBE8
S21402AB5027880546002800F04F81012138460FF06D
S21402AB602FFBBDF83670054638460FF00DFB002366
S21402AB7000903A46194628460DF0EBFB0023CDE935
S21402AB80033302930DF12F03CDE9006322465346A9
S21402AB9041464846FFF7BCFD0546002800F0F78010
S21402ABA09DF82F3003F01103102B40F003818E4BDB
S21402ABB01B78432B40F0FE808C4B1B685B0640F1F3
S21402ABC0F980208808F105010DF086FC83460028EE
S21402ABD000F0F0804146208804F0D4F9844B10F04F
S21402ABE0200F08BF1E4612A800F09AF90822314626
S21402ABF012A8F1F76DF8002800F00E81314612A86F
S21402AC000AF00EFB012326AE00933246002314A957
S21402AC1012A800F0A1F9002840F0CC8012AB0DF18A
S21402AC202F07CDE903600290009322465346414621
S21402AC3048460197FFF76CFD002800F0EF80BDF84C
S21402AC409A30102043F0080318AA14A9ADF89A30D7
S21402AC500CF07AFD002840F0AD8012ABCDE903601F
S21402AC60CDE9017000932246534641464846FFF717
S21402AC704FFD0546002840F09D8018AB4FF49071BA
S21402AC80002012AA00F0D4F84FF0005100200CF079
S21402AC90D8FFBBF1000F00F08C804FF080510020EF
S21402ACA00CF0CFFF85E018AB14AA26A9F8B20AF07A
S21402ACB063FA002840F09480082210A927A8F1F72A
S21402ACC007F88346ADB19DF8A53013F0020F08933E
S21402ACD00FD0082212A927A8F0F7FAFF48B9089B56
S21402ACE0590706D53A9B13B101233A9A1370089571
S21402ACF007E03A9B002B61D1BBF1000F70D1002315
S21402AD0008930DF1740C14AB0FCB8CE80F00BDF852
S21402AD103630CBB1012120880FF052FAB4F800B0D9
S21402AD2000284FD0012158460FF04AFABDF83620C7
S21402AD308346104609920FF027FA00231946099A0D
S21402AD40009058460DF005FB2A4B0DF1740B049348
S21402AD50002303930DF12F03CDE9006322465346E9
S21402AD6041464846CDF808B0FFF7D2FC002837D156
S21402AD70002D33D012AA5B464FF482714FF4005076
S21402AD8000F056F8089B13B126A80AF010F8174BE5
S21402AD901B689A070DD4FEF703FB50B1114A18AB95
S21402ADA01068516803C3002226A918A80CF0EFFC0D
S21402ADB068BB0025284631B0BDE8F08F00233A9ADA
S21402ADC0137099E7BDF836200A90104609920FF0E4
S21402ADD0DBF9DDE9092307990090B2E72A46CAE7BC
S21402ADE00137A3E659D30300966100209847002056
S21402ADF08255002094470020BDF836B058460FF022
S21402AE00C3F92B4600905A4638460799B4E626A957
S21402AE1018A80CF0F8FCC6E78346F3E614AB2DE759
S21402AE2001461A230120014AF8F7B2BE24E10100C6
S21402AE30F0B5164691B0074609A80D461C46FFF720
S21402AE40EFFF3EB1336845F04005CDF82630736813
S21402AE50CDF82A301B4B1A6822EA070242EA05019D
S21402AE6019604B040DD5BDF824200B0A03F4E24307
S21402AE70C9B222F4E3420B4322F07F021343ADF839
S21402AE8024301A230020104A09A9F8F781FEB4B12B
S21402AE9004A809F091FE02236A468DF81030154682
S21402AEA0234604F11006144618685968083303C48A
S21402AEB0B3422246F7D1294604A809F0F7FF11B09B
S21402AEC0F0BD00BF9847002024E1010047F2FF10C2
S21402AED0044B196841F48042014041F480411A60F3
S21402AEE00CF0AFBE9847002000B589B0FEF7CAFB4B
S21402AEF001A8FFF795FF0948BDF804200168130270
S21402AF0021F0FF0103F4E2030B43D2B2134343F4EE
S21402AF108043036009B05DF804FB00BF9847002039
S21402AF2010B50C4B0446186888B0830706D54FF058
S21402AF30FF3323600120636008B010BD10F04000AC
S21402AF40FAD001A8FFF76CFFDDF806302360DDF8C3
S21402AF500A30EFE7984700202DE9F04F99B0814676
S21402AF600C461E4617469DF88880A2B1154628460E
S21402AF7009F022FE18F0020B0FD004B911AC6B4692
S21402AF802246294648460AF0D5F80EB10023336019
S21402AF9019B0BDE8F08F0CADE9E76B462946484686
S21402AFA004AA0AF094F86B7808F00108FF2B25D063
S21402AFB000287AD154B104AB08AF1A4603CABA4283
S21402AFC020606160134604F10804F6D126B16A785F
S21402AFD0374B03EB82033360B8F1000F01D1002038
S21402AFE0D6E7BDF80030D906F9D418204FF6FF711F
S21402AFF06A780FF095FC40F60E40C9E7DFF8B8A075
S21402B000DAF800302EB19A0756BF2A4AC6F800B0C0
S21402B010326003F03003102B01D0202B1ED111A872
S21402B020FFF7FEFE082248460DF14601F0F750FEF5
S21402B03028B1DAF8003003F04403402B0ED0B8F102
S21402B040000F0ED108A80CF000FE02232B70C4B924
S21402B050002FC4D0281DFFF763FFC0E740F60A4062
S21402B06096E7DAF80030DB03ECD508A80CF0EDFD25
S21402B07002232B70BCB9002FB7D0281DFFF750FF54
S21402B080B3E7002608AB0CAF1A4603CABA422060E2
S21402B0906160134604F10804F6D1281DFFF740FF4D
S21402B0A0002E9CD0A1E70126ECE72D2070E700BF1A
S21402B0B0AC430020944700209847002049B9084B2B
S21402B0C0197849B14EF66023594328B105480FF066
S21402B0D02BB941F28831F8E70248F8F7DFBC00BF27
S21402B0E055610020E446002070B586B00546F8F7A4
S21402B0F0C3FD10B9022006B070BD01A8FFF710FF0D
S21402B10006460028F6D08DB92E4B1C6814F00204B1
S21402B11006D02D4B1B78112BECD12C4BB3F8684084
S21402B1204FF481630221ADF80C3023E02846F9F78C
S21402B1302DF90028DED1234B1C6814F0020406D039
S21402B140214B1B78112BD5D1204BB3F8684008222F
S21402B150294601A8F0F7BCFD0028E1D04FF402739F
S21402B16000260A21ADF80C302B68CDF80E306B683D
S21402B170CDF81230002203A80BF0D9FA024608B91D
S21402B1801920B8E70F4B196801F03003102B17D0BF
S21402B190202B14BF01230323490001F004010B43B3
S21402B1A02046002100F0F4FF0028E9D0002101200B
S21402B1B0FFF784FF16B10122054B1A7000209AE7AA
S21402B1C00323E9E7984700209661002018550020DF
S21402B1D04062002030B500251D4C85B0CDE90055F3
S21402B1E0F8F75CFC23784BB31A491B480A780078B8
S21402B1F0904223D90132012B0A700ED12A464FF40F
S21402B200A071284602F0BEFAC0B2B8B941F288313F
S21402B21012480FF089F805B030BD022B09D1284636
S21402B22002A9F9F745F80028EED102A8FFF75CFF5D
S21402B230EAE7032B02D101F065F9E5E700210846AB
S21402B2402170FFF73BFF0421684609F023FCE2E782
S21402B2504C6200204D620020B76B0020E4460020BE
S21402B26070B5194A194D04465168106886B02E7892
S21402B27001AB03C31EB10224204606B070BDF8F728
S21402B28045FD0228F7D103A800F0E8FD082201A92F
S21402B2900DF10E00F0F71CFDA0B10D4B32464FF437
S21402B2A0A07130461C7002F06DFA04460028E3D105
S21402B2B00123084A41F2883107482B7013700FF0B9
S21402B2C033F8D9E72324D7E7DF9704004C6200203F
S21402B2D0B76B00204D620020E4460020F0B50C4615
S21402B2E000219BB02B4F0646492207A80691F0F78D
S21402B2F0A3F93B78012B34D19EBB0DF10E012046FB
S21402B3000CF0BBFD0546BDF80E000EF03DFF441BDB
S21402B310E4B2BDF80E1023462A46009606A80FF0A1
S21402B3202FFC304604A9F8F7C3FFD0B9CCB19DF87C
S21402B3301920B2B9BDF8233003F47E43B3F5285F73
S21402B3401ED3B3F5385F0ED31349BDF80E000B6853
S21402B35043F400030B60294609F07CFF18B104236E
S21402B3603B701BB0F0BD01220C4B04A81A70FFF70D
S21402B370BBFE41F288310A480EF0D6FF0223EFE701
S21402B38011463A70FFF79AFE1E2104A809F082FBC6
S21402B390E7E700BF4C620020984700204D6200207D
S21402B3A0E4460020014B1870704700BF4D62002033
S21402B3B0014B1878704700BF4C620020014B187092
S21402B3C0704700BF4C6200202DE9F04F04464088CB
S21402B3D091B00E298846ADF81A0074D094F80890F9
S21402B3E0A7790BF089F909A90546BDF81A00E6798E
S21402B3F00DF086F9BDF81A000BF084F8430542BF3B
S21402B400BDF82A3043F40053ADF82A30E379D80663
S21402B41042BFBDF82A3043F48053ADF82A30BDF857
S21402B4202A30990613D5022F52D10CA9207A0CF095
S21402B430C5FCDDF83500DDF8391007AB03C307AAF3
S21402B4400021042300910DF11A00FFF717FB0121DA
S21402B450BDF81A000EF0B4FE022F824644D1454BC8
S21402B46033F81950B8F1000F79D0BDF82A305A06D1
S21402B47075D54FF6FB72954271D83F4AB2F86820EE
S21402B480AA426CD0DB0502D528460CF0DDFDBDF8DD
S21402B4902A30D80463D5002F33D1BDF81A000BF03A
S21402B4A031F8C10663D548F23403BDF826209A4225
S21402B4B009D1324E3078FF2805D003222946FCF700
S21402B4C02BF9FF2333700023236011B0BDE8F08F01
S21402B4D0012F01BF237A2A4A03EB430302EB8303BD
S21402B4E014BF00229A1CABE7012F05D10C2303FBE5
S21402B4F009F3234AD55AB5E7A81C0FF048FA0546C1
S21402B500B0E7284601F07CFDBDF81A000AF0FAFF03
S21402B510C206C8D46389504605930EF035FE8346AC
S21402B52050460EF015FE059B02905FFA8BF04A46D7
S21402B530394601900093404609AB09F043FAB8F148
S21402B540000F14BF0B20092016F0030218BF02F1E9
S21402B550FF32294618BFD2B20FF0E2F9A3E7BDF8D0
S21402B5601A000AF0CFFFC3069DD4002FD2D1A946F7
S21402B570D0E700BFF459002018550020BB6B00200E
S21402B5803459002038B500240F4B104D2A78A242B9
S21402B59005D8C2B9BDE838400D48F8F77FBA5988D1
S21402B5A069B9013AD2B2A2422A70EFD0121B1846EB
S21402B5B003F110011201F0F791F80346E6E70134B1
S21402B5C01033E4B2E2E738BDB043002050620020F8
S21402B5D0706A002070B51A4B1A4A1D780023DCB236
S21402B5E0A54200D870BD144666880133864202F131
S21402B5F01002F4D1E379A588E16003F040028DB928
S21402B600CAB123F00403E3710BF076F8037803F073
S21402B6107F03037021880029E4D1BDE870400A4800
S21402B6200EF082BE00216580A180002AE9D1BDE825
S21402B6307040FFF7A7BF2046FFF7C6FEF7E700BF3A
S21402B64050620020B0430020706A00202DE9F047C7
S21402B650044686B040880F4615460BF04DF8A3798F
S21402B6608046082B52D8DFE803F0052E18515151B8
S21402B6705151050002300FF08AF9002D4ED069466E
S21402B680F8F716FE002841D1684601F063FDB0FACD
S21402B69080F0400906B0BDE8F08702A9207A0CF0D7
S21402B6A08DFB6B466E46DDF80D00DDF81110334A51
S21402B6B003C3237A32F81390314AD05C75B131460F
S21402B6C00CF0A0FBE6E7237A2E4903EB430301EBDB
S21402B6D0830231F82390907A961CEFE74FF6FB7AB6
S21402B6E0D14515D930460CF0D7FC4FF6FF73984279
S21402B6F0054615D00146304601F09EFC554508D950
S21402B700E379DA060ED440F62243E3600020C1E76E
S21402B7104D46294608F102000FF03BF90120B9E731
S21402B7204D46EDE74FF6FC78454512D103F00C0383
S21402B7300C2B1CD1DFB130464FF6FD7101F07CFCBC
S21402B74040F61F412046E160FFF73EFEFFF71AFF74
S21402B750DCE74FF6FD739D4209D1002330461946B9
S21402B7601A4602F0DBF84146304601F065FCE37902
S21402B77043F00C03E37140F62343C6E7F459002076
S21402B7805C6100203459002073B5044640880E469A
S21402B7900AF0B2FF02300FF0FAF809F072FD18B1A3
S21402B7A0A11C201D09F072FDE6B1E5790135EDB266
S21402B7B0E57115F0400514D0ECF7D8FE01220546D7
S21402B7C000212046FFF742FF18B1394B1B882B4455
S21402B7D09DB2384B1B78042B01BF354B1B885B1977
S21402B7E09DB22580002231462046FFF72FFF20B368
S21402B7F060880AF081FFE2792F4922F00C03E37198
S21402B8000B7805460133DBB20B70C3712B4BA61CBB
S21402B8101B780BB3E37998061ED52949097871B1CE
S21402B82059060CD592070AD5002204231146304643
S21402B8300092FFF723F910B1E06002B070BD00225B
S21402B8400123114630460092FFF718F920B1E3793A
S21402B85043F00303E371EFE7304609F015FD0028D5
S21402B860EAD16088FCF7C0FA0328E6D8DFE800F0E1
S21402B870020D1D19E37943F00403E3711B06DCD5C0
S21402B880104B1A78104B1A70D7E740F62443E36041
S21402B890E37943F00803E3712B7803F07F032B7000
S21402B8A0CBE740F62543E360C7E740F62643FAE7D0
S21402B8B00E6B0020976100209461002092610020A8
S21402B8C0B86B00205A6100204F6200202DE9F74F26
S21402B8D006460EF072FF5F4B0546B3F800901880DE
S21402B8E05D4BA0EB09041B78A4B2A34298BF0023C9
S21402B8F04FF000084FF6FF7788BF1B1B564A88BFDB
S21402B900DBB21370DFF864B1A9EB00030093534B6C
S21402B9105FFA88F2197891420ED80EB1FFF732FE1E
S21402B9204FF6FF739F4200F08E8039464C4803B0B4
S21402B930BDE8F04F0EF0F8BCBBF80220002A3CD05F
S21402B940484B9BF807201878BBF800A0042818D0AC
S21402B9500020BAF1000F08BFA2462044504523D269
S21402B960BBF80010009B1944ABF80010002E4ED016
S21402B97002F04802482A4AD100215846FFF704FF3F
S21402B98045E00192F8F704FC30F01003019ADFD18B
S21402B990FBF746FC344B019AB3F800C08445D7D96E
S21402B9A0ACEB000080B2D4E702F00C00042807D10A
S21402B9B00022ABF800200BF1100B08F10108A6E7F5
S21402B9C0510602F0030C02F008000ED528B3BCF1B3
S21402B9D0030F25D1DEB1DBF80C105846002908BF4C
S21402B9E04FF44261FFF7F0FC11E040B3BCF1010FE7
S21402B9F025D11206EED44FF4C862ABF800209BF8AD
S21402BA00072022F0030242F002028BF80720BBF85E
S21402BA100020974228BF1746CDE703208445D9D297
S21402BA2013060ED50C4B1A780AEB0200844208DA8B
S21402BA304A44521B0AEB0201ABF80010E7E701206A
S21402BA40ECE7012199E7064803B0BDE8F04FF8F7A6
S21402BA5025B800BF285B00204F62002050620020FD
S21402BA60706A0020976100200E6B0020B043002011
S21402BA70F8B500250A4E0B4F3378ECB2A34204D831
S21402BA80BDE8F8400848F7F719BD07EB0414A01CF8
S21402BA90F7F714FD201DF7F711FD0135ECE700BF9F
S21402BAA050620020B04300201E5B002070B50024C8
S21402BAB00B4D0C4E2B78A34208D81B1BDBB22B7007
S21402BAC06BB9BDE870400848F7F7E8BF06EB04100C
S21402BAD040F621410134FFF777FCE4B2EAE770BD95
S21402BAE050620020B0430020706A0020F8B5154E60
S21402BAF0DFF858E035789EF800E0134FAE454FEA7F
S21402BB00051C07EB051419D0002503F4835343EAFA
S21402BB101323A1712272E371608027F80C50A5806E
S21402BB2003F0A8FB40F60243E360337860810133FA
S21402BB3028463370FFF7CAFE2846F8BD40F6034093
S21402BB40FBE700BF50620020B04300207F6B00205E
S21402BB502DE9F04F344B0D461C78174685B05CB97C
S21402BB60B1F90680DFF8C890DFF8C8A0DFF8C8B0E1
S21402BB7099F80030A34202D805B0BDE8F08F0AEB70
S21402BB800416B08800B9708801A90CF0B9FDAA7A2B
S21402BB909DF80E309A4244D1B8F1000F0FDA297A96
S21402BBA09DF80C202B89914209D820480078084439
S21402BBB0824236DA521A1B0A1341D90731D5384661
S21402BBC00CF08DFDBDF80A3004469A0602D5EB88C5
S21402BBD09B06D1D5F37903F00C03042B08D17088A9
S21402BBE0F9F786FD00237288194618460CF04EFABD
S21402BBF000213046FFF7E8FBFFF7C4FC38460EF09C
S21402BC00C3FA844208D2337A01228BF800302946DE
S21402BC100023384602F0AEFCB8F1000FACDA00247E
S21402BC20A6E70134E4B2A3E74E6200207E6B002052
S21402BC3050620020B04300205862002008B50EF083
S21402BC40BCFD074B1B88C01A80B2B0F5807F05D9B1
S21402BC50BDE80840002103480EF066BB08BD00BFE1
S21402BC60285B0020706A00202DE9F04788B0044661
S21402BC700D460CF05EFC0146204603F083F910F0F8
S21402BC8003035FD110F00C0F06D12946204608B0F8
S21402BC90BDE8F047FFF79EBC20460AF033FCC30619
S21402BCA038D420460CF045FC0146204603F06AF9DB
S21402BCB0064620460AF020FD804602300EF067FE59
S21402BCC005A9074620460CF01BFD06F00C0698F860
S21402BCD001300C2E0CBF4FF003094FF0060901216C
S21402BCE013F0010F204618BF4FF003090EF068FA52
S21402BCF0174B80461B88A3420FD1B5FA85F0400940
S21402BD00FBF748FC20460AF02BFC002201460720DF
S21402BD100EF006FE08B0BDE8F08703F0ABFA8246E6
S21402BD2040460EF031FA064640460EF011FAF6B2DA
S21402BD3002903A4649462846CDE900A605AB08F0E9
S21402BD4041FEDFE7012BE5D110F00C0FE2D19CE7B4
S21402BD501E5B0020002210B5094B1C78094BD1B29D
S21402BD608C4201D8002010BD197A814202D19979FD
S21402BD70022902D010330132F1E70120F3E700BFB7
S21402BD8050620020B04300200146002210B5084B46
S21402BD901C78084BD0B2844201D8002010BD187A15
S21402BDA0884202D198790128F8D010330132F1E79F
S21402BDB050620020B0430020002210B40A4B1C78C8
S21402BDC00A4BD1B28C4203D85DF8044BFFF7DABBBC
S21402BDD0197A814205D19979012902BF0021198079
S21402BDE0598010330132ECE750620020B043002045
S21402BDF0024B1878003818BF0120704750620020A6
S21402BE00044B1B6813F0300F03D0202130200BF0B8
S21402BE1018BF704798470020002310B5044608490B
S21402BE201A4601EA00414FF07F60FFF701F8E30788
S21402BE3003D5002130200BF004FF002010BD00BF08
S21402BE4000007207044B5B8823F4784323F08D03CB
S21402BE5003800020704700BF9847002008B50022E4
S21402BE600346C3F80220C3F806200B4A02301268C3
S21402BE70D1B212F0200F18BF41F0100119809307BB
S21402BE8001D4FFF74DF8054B1B78023B032B8CBF02
S21402BE901720002008BD00BF9847002096610020AA
S21402BEA038B505460C46FDF7EDFB98B10E4B1878F3
S21402BEB078B10E4B1B681A040FD58CB113F0420FE3
S21402BEC000D17DB103F44073B3F5407F0CBF002070
S21402BED0232038BD40F60840FBE740F60B40F8E763
S21402BEE02046F6E72320F4E79261002098470020D8
S21402BEF0F0B504468DB007A80D46164608F05CFE5F
S21402BF001022002103A8EFF797FB5CB1234603AC8F
S21402BF1003F11007224618685968083303C2BB4269
S21402BF201446F7D1012703A986EA070307A88DF866
S21402BF301C708DF81D3008F0AAFF80EA070401A8DD
S21402BF40E4B2EDF727F8B6B101A88DF80650EDF782
S21402BF504DF864B1002303A907A88DF81D3008F038
S21402BF60A5FF0C4B1B78432B01D1F9F7DBF80A4BE4
S21402BF701D700DB0F0BD01A88DF80750EDF736F82C
S21402BF80002CF6D003A907A88DF81D7008F08EFFC6
S21402BF90EFE700BF9661002091610020F0B5012511
S21402BFA093B007460DA80C4608F006FE05A90DA894
S21402BFB0ADF8345008F095FF01A8ECF7EBFF09A99D
S21402BFC00DA88DF835509DF8066008F08AFF0DA87A
S21402BFD09DF8075008F01BFF70BB731BDBB2802B6B
S21402BFE028D91FB1A64225D0A54223D105A90DA85E
S21402BFF008F05CFF03A8ECF7CDFF03A88DF80F60EE
S21402C000ECF7F4FF0122294609A8FFF771FF0AF0B0
S21402C010FEFE01214FF400700CF023F8FDF71AFB28
S21402C020B0F1004F01D9FDF71BFB044B187808F05E
S21402C0302FFD012013B0F0BD0020FBE79161002028
S21402C04070B50E46144605460320FFF7B7F946F0CC
S21402C05004022946204608F083FF0022014B1A609C
S21402C06070BD00BF94470020F0B587B0078805462C
S21402C0701022002102A8EFF7DFFA3E4B1B78002BB6
S21402C08076D1BC055ED407F08403842B63D00022ED
S21402C090394C11461046FFF72BFF17F4045F276052
S21402C0A005F102061CD0B9040AD5304602F09CFA05
S21402C0B000284ED1236823F4005343F48073236090
S21402C0C030460BF03AFE002842D108F073FD18B94C
S21402C0D0236843F480332360236843F020032360FD
S21402C0E022680DF1060042F400432360FFF7AAFE21
S21402C0F012F4805FBDF8063031D043F02003ADF86D
S21402C10006302168334611F0400218BF05F12302BB
S21402C1104FF07F60FEF78CFEBDF80630DA0703D5D7
S21402C120002130200BF08DFD23689B0506D50122E9
S21402C13095F8221005F11200FFF7DAFE00200F4BE9
S21402C140186006E005F112000BF0F7FD00289AD001
S21402C150292007B0F0BDB80799D52320F9E723F0C8
S21402C1602003ADF80630FDF77BFAFEF775FCC8E74C
S21402C1700220EEE7966100209847002094470020B0
S21402C180024B1868C0F30050704700BF9847002063
S21402C1902DE9F04F064689461046002189B015461D
S21402C1A0984602F0EFFE102807460AD86A4B03416B
S21402C1B0DB0706D4C8F340049DB9002009B0BDE8E9
S21402C1C0F08F664B1C78002CF6D0FFF7D9FF0028BC
S21402C1D00CBF4FF4F0744FF4D074FC4004F001042A
S21402C1E0EAE74FF0000A18F0010F53465246294676
S21402C1F04FF00500CDF800A00CBF4FF0080B4FF42F
S21402C200027B06F060FB0028D7D0C8233246009394
S21402C21059465346284602F0DDFEADF80E000028C9
S21402C220CBD018F0080A4AD14FF6F773A7F10F02DF
S21402C230D2B29E428CBF09230123012A01D843F0C1
S21402C2404003474A8DF810301378591C11708DF848
S21402C2501130002C4FD09DF81030052F43F02003EC
S21402C2608DF8103033D03F4B1D78002D5AD04FF644
S21402C270F77300259E424FF00F0248D9012304A906
S21402C2800DF10E00F7F75EFB002896D1002C4DD17B
S21402C290BAF1000133463A4618BF0121BDF80E0036
S21402C2A0CDF8009008F0F7FFADF80E00002884D015
S21402C2B018F0040F4DD031460AF047FF7EE7494694
S21402C2C00DF10E000BF0F2FE0028ADD175E701214C
S21402C2D0BDF80E000DF074FF012102F053FE01239B
S21402C2E0834013F0620F1CD11E4B1B78E3B14FF64E
S21402C2F0F7731825BEE71B4B25461B780222002B38
S21402C300BCD04FF6F7739E42B8D8052FB6D0BAF116
S21402C310000FB3D19DF8103043F040038DF8103073
S21402C320ACE710250F22A9E71825FBE7BAF1000FA4
S21402C3300AD002234A46009029460DF10E00FEF767
S21402C3409DFB0028A4D038E741235246CDF800A032
S21402C350F2E70AF0E2FE31E79FFEFEFF926100205E
S21402C36093610020866100202DE9DF431E46144BB0
S21402C37080461B680F469B0791460A9C1BD42046A4
S21402C38014B108F072FFC0B20622CDE902403B4665
S21402C3900020CDE900890B490CF04BF8024650B15B
S21402C3A00021002E0CBF01230323084604B0BDE87B
S21402C3B0D043FFF7EDBE002004B0BDE8D08300BF37
S21402C3C098470020D34A04002DE9F04F8DB08146ED
S21402C3D08A461F4693469DF85C803AB903A8FEF744
S21402C3E09FFDB0BB00200DB0BDE8F08F15460022C1
S21402C3F0232110460AF09BF9ADF80A000028F1D076
S21402C4000DF0A6FE0523044618F0100F00F8023BB6
S21402C410677020D011220021EFF70EF904F11306FF
S21402C420032F4FF0080237D159463046EFF756F938
S21402C430C8F3801306F10905337208F012FF0028CC
S21402C4403ED000232B706B700123033505F8013CA8
S21402C45036E003ADCBE7012610221699EFF73EF938
S21402C46006FA07F313F0620F02D104F11206D7E7B9
S21402C47007A808F0A1FB05A88DF81C60ECF78AFD5A
S21402C4809DF8162018F0200F9DF8173008BF1346A7
S21402C49004F11306A374C3E751463046EFF71EF9BC
S21402C4A0012306F10802121B28460093BDF80A1063
S21402C4B0082392B20EF064FB042F06F11005BCD0DE
S21402C4C02D1BA9B20DF10A000BF01BFF002889D123
S21402C4D018F0040F0BD048460EF047FBFF281FBF8C
S21402C4E0074A32F8103023F4804322F810304346CD
S21402C4F051464846BDF80A20FFF74AFE73E700BFDA
S21402C500C05A002070B5032690B08DF80760F7F782
S21402C510B3FB18B90224204610B070BD02AD2846FF
S21402C520FEF7FEFC0028F5D01B4B1C6814F0020434
S21402C530F0D140F20F43194AADF82430136804A82C
S21402C540CDF826305368CDF82A3008F035FB95E84A
S21402C550030005AB83E80300062304A88DF81D300C
S21402C5608DF81060ECF7B8FC01210DF12E020DF1EA
S21402C5700700ECF709FC22461A2109A80AF0D7F8A8
S21402C580024608B91924C6E7012329462046FFF7C2
S21402C590FFFD0028BFD1F5E798470020196200206A
S21402C5A02DE9F04F04460D46002191B01F2208A83F
S21402C5B09B460791EFF740F820460BF0BAFF01467C
S21402C5C0204602F0DFFC8DF8110020460AF094F8AF
S21402C5D09DF81130467899068146C6F340062046F5
S21402C5E048BF46F002060CF07AF8804620460DF068
S21402C5F0CBFD0022A0EB0803DBB2232B28BF2323AC
S21402C60000922146424607A80EF0BAFA00283AD10E
S21402C610A24B9DF81C701B789DF81DA0B3B3FFF7C4
S21402C620AFFD00280CBF4FF4F0734FF4D073FB40FD
S21402C630DA072BD5B30729D4082F22D1BAF1040F73
S21402C64021D1FBF77FFBF0B9012342460093214636
S21402C65005200DF1110306F013F9A0B1053F0D2FC9
S21402C66011D8DFE817F024001000AF01BC01C501A5
S21402C670100010001000100010001000CB01F9018D
S21402C680F901052F07D011B0BDE8F08F102F05D1A4
S21402C690BBF1000FF7D0FBF755FBD5E7FBF752FBD4
S21402C6A00028D1D0052FCFD0112FCDD0EBE7BAF18D
S21402C6B0050FE8D8204609F082FF029009F1020031
S21402C6C00EF065F982460DF11200FFF7BBFB01235F
S21402C6D09DF81D8003FA08F313F0620303932DD02E
S21402C6E0BDF812309D0722D5B407CCD5FBF72AFB3E
S21402C6F00DF11E000BF021FBB8F1030F04469DF866
S21402C7002EB02FD10DF12F050AF087F9824540F0A1
S21402C7103181032EB7D19DF836100DF11E02003975
S21402C72018BF01210DF12E0008F0C0FDABE7FBF7A4
S21402C73009FB0028DCD1002EA5D0D9E7FBF702FBC7
S21402C74068B10DF11E000BF0F8FAB8F1030F0446BB
S21402C7504FF0000B40F082800DF12E05D4E7002E3C
S21402C76091D0EEE74E4B1B6898072AD5FF22082188
S21402C7700DF137000AF0DFF8814610BB034601468A
S21402C7800DF137020220FEF753FB0AF046F9824506
S21402C7900DF137070DF12F0523D04FF6F7739A45A3
S21402C7A040F2ED800022082128460AF0C4F800284C
S21402C7B000F0E580002259460DF11E00FFF798FBB7
S21402C7C061E70DF137070DF12F0538460BF061FAD8
S21402C7D0002848D00AF021F9824540F0CC804FF07C
S21402C7E000092846F7F7D2FD002800F0C480B8F109
S21402C7F0010F5BD0B8F1040F7FF445AF0BF06CFA73
S21402C80010B1032E7FF43FAF002C7FF43CAF3A46C4
S21402C81002210DF11E00FFF713FC224B1B7863B1B9
S21402C820FFF770FEFEF7C4FD022806D10120FEF7D0
S21402C830B9FD01210846FEF741FC1B4B1B78022B73
S21402C84020D10321384608F025F9FEF7B1FD01464E
S21402C85000287FF418AFFEF731FC14E70DF1360717
S21402C8600DF12E05B1E7104B1B78432B7FF40BAF6F
S21402C870B8F1010F7FF407AF0AF0CFF882457AD1FC
S21402C880C146AEE7412B7FF4FEAE054B1B68590549
S21402C8907FF5F9AEF9F73EFEF5E600BF926100209D
S21402C8A09847002040620020966100206C4D2B784D
S21402C8B0022B22D02B78412B3FF4E5AE3CB9FBF796
S21402C8C041FA594602460DF11E00FFF711FBFBF72F
S21402C8D039FA00283FF4D7AE0BF0FEF9614C98B156
S21402C8E023681B0502D42B78432B0DD1B0070BD43B
S21402C8F040F61A40F9F70CF8C5E60BF0EDF90028F9
S21402C900D8D0B207D6D4BEE6206810F0020002D114
S21402C91002990BF0A0FB2B78112B16D12368590530
S21402C92013D50020FEF7E0FB044600287FF4ABAEEA
S21402C9300AF0E1FA40F61C40F8F7EAFF21462046E4
S21402C940FEF7BCFBF8F7F0FF9DE6B20701D5FFF74E
S21402C95057FAB9F1000F9DD008F02CF918B94FF428
S21402C96080310BF06EF900223F4B38461A600BF00E
S21402C97087F98FE70027039B002B7FF40EAF4FF655
S21402C980FF73284605A9ADF814300AF039F820B12D
S21402C99028460AF016F8ADF814004FF6FF73BDF8F5
S21402C9A0140098423FF46FAE002C0CBF04231523EC
S21402C9B001930DF11E0300933A4643462946FFF7BC
S21402C9C003FD60E60DF11D00F7F7E0FC00283FF4DA
S21402C9D05AAE022229460020FAF79EFE53E6F307D5
S21402C9E07FF551AE3246284607A90BF05EFB4AE6B3
S21402C9F09DF81D100120FFF7D1FA44E6184B1B786C
S21402CA00022B20D1002D7FF43EAE05A8FEF788FA51
S21402CA1000283FF438AE154B1D709DF81D30002BD4
S21402CA2014BF64246524FEF7C3FC032806D12846F7
S21402CA302946FEF743FB2846FEF7C0FC214605A81A
S21402CA4008F028F81FE6043B012BDBD9284608F03D
S21402CA5018FC0028D6D116E6204608F014FC12E68A
S21402CA6096610020984700209447002040620020EC
S21402CA702DE9F34105460E46174698460BF02CF96B
S21402CA80044640B101233A4631462846CDF8008096
S21402CA90FFF76AFC04460BF01FF930B1FFF770FB94
S21402CAA078B10A4B1B689B010BD400233A463146E9
S21402CAB02846CDF80080FFF757FC002C0CBF044632
S21402CAC0012404F0010002B0BDE8F081984700207E
S21402CAD070B58AB005A808F06FF8022301AA1546B9
S21402CAE08DF81430084B03F110061446186859687E
S21402CAF0083303C4B3422246F7D1294605A808F0F4
S21402CB00C6F90AB070BD00BFE7970400014B18785B
S21402CB10704700BFB96B0020014B1888704700BFF2
S21402CB20366B00204FF6FF732DE9F043994280469C
S21402CB300D4685B00BD000274FF6FD791C4EEBF75D
S21402CB401BFDFCB2A0420BD84FF6FF701DE0F7F7B4
S21402CB501DFC0028EFD005B0BDE8F04309F05DBF2C
S21402CB6036F814304B4517D8694620460BF0EAF8DB
S21402CB70082241460DF10500EFF7AAF84FF6FF73BB
S21402CB8060B99D4204D136F8140005B0BDE8F083C2
S21402CB9026F814500BF0B0F80137D0E79D42FBD0D0
S21402CBA036F81430AB4208BF26F81490F4E700BFFC
S21402CBB0F45900202DE9FF4706460F4600254FF69A
S21402CBC0FD79DFF83C80DFF83CA0EBF7D5FCECB251
S21402CBD0A04202D804B0BDE8F08738F814304B45BE
S21402CBE00CD8694620460BF0ADF8082231460DF106
S21402CBF00500EFF76DF808B90AF804700135E4E7A6
S21402CC00F45900205C610020014B33F81000704795
S21402CC10F4590020F0B5064600250D4F85B0EBF717
S21402CC20ABFCECB2A04201D805B0F0BD37F8143028
S21402CC30B3420BD1694620460BF0C0F89DF800308F
S21402CC40022B1CBF4FF6FD7327F814300135E6E7BA
S21402CC50F459002030B585B004460D46EBF78CFC3F
S21402CC60A0420FD9084B33F814204FF6FD739A42B0
S21402CC7008D8694620460BF0A1F829460DF10500B2
S21402CC80FFF750FF05B030BDF459002030B585B02F
S21402CC900446EBF771FCA04219D92046FFF75AF872
S21402CCA00546B0B9694620460BF04CF89DF80030B0
S21402CCB02BB1694620468DF800500BF061F84FF60E
S21402CCC0FF720020044B23F8142005B030BD282044
S21402CCD0FBE740F60440F8E7F45900202DE9F0415E
S21402CCE00B7805460E461BB9BDE8F041FFF7CEBFEE
S21402CCF0EBF742FCA84231D92846FFF72BF878BB5F
S21402CD00374617F8058B4FF6FF713846FFF70AFFCE
S21402CD100446384600F01EFAB0FA80F04009B8F130
S21402CD20000F15D0B8F1030F15D04FF6FF724FF66D
S21402CD30FD73944208BF1C460B4B314623F8154040
S21402CD400A4B585528460BF01BF80020BDE8F08128
S21402CD504FF6FF74F0E74FF6FE74EDE72820F5E78E
S21402CD6040F60440F2E700BFF45900205C61002060
S21402CD702DE9FF410D4604464FF6FE780F4F0E0A88
S21402CD80EBF7FAFBA04204D8FF24204604B0BDE825
S21402CD90F08137F8143043450CD1694620460AF034
S21402CDA0D1FF9DF80520EBB29A4203D19DF80630DA
S21402CDB0B342EAD00134E4B2E2E700BFF4590020FD
S21402CDC02DE9F04F0C461746984600254FF6FD7B98
S21402CDD087B09DF840A0DFF85C900190EBF7CCFBA3
S21402CDE0EEB2B04201D8FF2616E039F816205A45B0
S21402CDF01ED8304602A90AF0A5FF3FB99DF80920C1
S21402CE00424515D19DF80C20524511D144B939F846
S21402CE101620019B9A420BD1304607B0BDE8F08F30
S21402CE20082220460DF10D01EEF752FF0028F3D03E
S21402CE300135D3E7F459002010B514460AF082FFF4
S21402CE402046BDE8104008220149EEF747BC00BF65
S21402CE50196200202DE9FF470746154608460822B4
S21402CE6024491E46EEF734FF044600283FD14FF60B
S21402CE70FF7ADFF88490EBF77FFB5FFA84F8804551
S21402CE800BD385B3384605F0BCFD01250C9B187004
S21402CE900120357004B0BDE8F08739F818305345E4
S21402CEA01FD0694640460AF04DFF7A789DF8013059
S21402CEB09A4216D17A88BDF802309A4211D13A794E
S21402CEC09DF804309A420CD108220DF10501781D16
S21402CED0EEF7FEFE28B9002DD7D1404605F0ACFD90
S21402CEE0D3E70134C7E7FF2005F0A6FDCEE7002012
S21402CEF0D0E700BF19620020F4590020F0B50025E3
S21402CF00154E164F85B0EBF737FBECB2A04201D8B0
S21402CF1005B0F0BD694620460AF014FF9DF80030C1
S21402CF20032B06D90023694620468DF800300AF006
S21402CF3027FF9DF8002062B14FF6FD734FF6FE7193
S21402CF40032A08BF0B4626F81430002301353B554A
S21402CF50D9E74FF6FF73F6E7F45900205C6100202C
S21402CF60F8B50E4604464FF6FF770C4B0C4D1B7871
S21402CF7003EB430305EB8305A54202D800242046B3
S21402CF80F8BD2388BB4206D008223146A01CEEF725
S21402CF909FFE0028F3D00C34EEE700BF806B002023
S21402CFA034590020044BFF211A78044802EB42024F
S21402CFB09200EEF741BB00BF806B00203459002080
S21402CFC0F8B504460C4B0D461B781046A3420DD905
S21402CFD00C27022117FB04117C43084E0822314419
S21402CFE0EEF77CFB335B00202B80F8BD002313603A
S21402CFF053604FF6FF73F6E7806B0020345900202B
S21402D00038B504464FF6FD75FFF704FE0022084BBE
S21402D0101878084BD1B2884200D838BD33F80C1CB9
S21402D0200132A14208BF23F80C5C0C33F2E700BFC2
S21402D030806B00204059002070B505460E46084613
S21402D040FFF7DEFF31462846FFF76CFD2946064805
S21402D050FFF786FF00B970BD044624F80C6B0AF091
S21402D0604BFE29462046F3E73459002010B5082225
S21402D07086B023490446EEF72BFE20B906B0BDE87B
S21402D080104009F0CABC082220461E49EEF720FED0
S21402D09020B91D4BB3F8680006B010BD002301226C
S21402D0A021464FF6FF700093FFF78AFEFF2806D050
S21402D0B0164B33F810004FF6FB739842ECD903A8D0
S21402D0C0FEF7CCFE58B9BDF80C305B0607D5082231
S21402D0D021460DF10E00EEF7FBFD0028DCD02146BE
S21402D0E00B48FFF73DFF40B14FF6FB724FF6FF735A
S21402D0F00088904288BF1846CEE74FF6FF70CBE70F
S21402D100196200208255002018550020F45900208C
S21402D1103459002070B5002204464FF6FB760846C6
S21402D1200A4B1D780A4BD1B28D4201D8002009E085
S21402D1301988B14207D8A14205D10822991CEEF7F8
S21402D140CDFA012070BD0C330132ECE7806B002073
S21402D1503459002037B5014605460E48FFF700FF52
S21402D160044640B1807A29460AF04CFE80F001005F
S21402D170C0B203B030BD03460090012229464FF6E6
S21402D180FF70FFF71DFEFF2816BF034B2046185CF4
S21402D190E9E700BF345900205C6100202DE9F34125
S21402D1A0224B04461B780F468342154638D9FEF7B3
S21402D1B0EBFDB8BB4FF6FD739D421D4E0ED004EB41
S21402D1C0440326F823504FF6FF739D421FD1204694
S21402D1D0FEF7F2FD002002B0BDE8F0810DF1060177
S21402D1E0384609F00DFC4FF6FF72BDF80630384699
S21402D1F0934218BF1D460C236343F55206EB030801
S21402D200FFF7A8FFB0FA80F0400988F80A000C235E
S21402D21003FB0460082239460230EEF75FFAD9E7CC
S21402D2202820D8E740F60540D5E700BF806B0020EF
S21402D2303459002038B504460D46FFF7BBFC21469C
S21402D2400448FFF78DFE00B938BD857221460C30C2
S21402D250F7E700BF345900200023074A1370074A35
S21402D2601370074A118801B11380064B1A880AB157
S21402D27000221A80704700BF5262002051620020CE
S21402D2802E5B00202C5B00202DE9F04F3C4C1D4607
S21402D290238887B00746884610469DF840605BB9EB
S21402D2A052B10BF047F820804FF4FA61354807B0C8
S21402D2B0BDE8F04F0DF038B8DFF8D890B9F8004066
S21402D2C0002C49D020460CF05FFFC0F347062046EC
S21402D2D00CF03EFFDFF8C0A00296BAF80030DFF886
S21402D2E0BCB00193BBF800300446009300222B46E4
S21402D2F0012025490BF09DF8ADF81600E8B101258E
S21402D30004EB4606B4420DD1BDB9BDF81630A3B142
S21402D3102A464146384600F06FF9ABF80050AAF8A4
S21402D32000500AE0012321461A460DF11600F6F7D0
S21402D33009FB023405460028E4D00023134AA9F864
S21402D34000301378013BDBB21370002BACD107B070
S21402D350BDE8F04FFFF780BF0D4C237823B90DF0E0
S21402D36021F908B901232370324629460520F7F72A
S21402D3700DFA0028EBD1207007B0BDE8F08F00BF91
S21402D3802E5B0020906A0020D94A040052620020D8
S21402D390516200202C5B0020C85A0020CA5A002086
S21402D3A030B5154D87B02C889CB923464FF4A07231
S21402D3B048F2380103A80AF001FE21462046FAF791
S21402D3C0E3FA22460D4B009403A9FFF75DFF07B070
S21402D3D030BD204609F090F904300DF0D8FA03A9C2
S21402D3E0044628880BF08CF90023009320462A88EE
S21402D3F003A900F0AFFAEAE72E5B002000F8FF0769
S21402D40037B5002001A9FAF7BFFA0D4C014623787A
S21402D4100C4D7BB10C4B019A1878FAF7CBFA2078B0
S21402D420F8F74CFC002323702B700848F6F736FBFF
S21402D43003B030BD2B78002BF7D0FFF7B1FFF4E72F
S21402D440546200205262002053620020906A00203C
S21402D45008B50548F6F732F80448F6F72FF8BDE89F
S21402D46008400348F6F72AB82E5B00202C5B002003
S21402D4702A5B00202DE9F04F89B089460446CDE9A3
S21402D48005239DF84870139E30B316F801ABBAF127
S21402D490000F23D00AF1FF34A400E4B23146012083
S21402D4A007F037FFC00E1BD1DFF838B13146012036
S21402D4B007F02FFF9BF8005034442279BDB1002FAD
S21402D4C047D180234846CDE90277CDE900773E4A28
S21402D4D0059900F091F83CE08246DFE75446DDE726
S21402D4E01B28ECD93146012007F013FFE7E7DFF8E7
S21402D4F0F880FF2A00EA08080BD14246E379A179B0
S21402D500607901EB032189B209B0BDE8F04FFAF762
S21402D51051BA2E4909688B070AD5FE2A35D101234E
S21402D5200135EDB2202D4FEA43030AD1FF250AE06A
S21402D530294628460792FAF727FA4845BFD1079A9E
S21402D540EBE79845ECD1224B1B78FF2B04D0AB427D
S21402D55004D009B0BDE8F08FFF2DFAD0294600208E
S21402D560F4F7B2FF0028F4D09BF800306479002B61
S21402D570EFD1FFF771FE17484FF410510CF0D4FEAE
S21402D580154B8BF800501C70E3E7052A97D8BAF1C2
S21402D590010F94D8B8F1000F91D0002FD9D173792A
S21402D5A0002BD6D00D49098821B9082B28BF08239D
S21402D5B00B490B70434648461292DDE9051209B044
S21402D5C0BDE8F04FFFF760BED94A04009847002036
S21402D5D0BA6B0020906A0020536200202E5B002067
S21402D5E0526200205462002000F8FF07014B1880A8
S21402D5F0FFF7D6BE2C5B00200CB42DE9F04F8BB0A3
S21402D60014AA0E4652F8041B07460992002940F057
S21402D6108F80BDF85400ADF82200002800F0A180EB
S21402D62033794FF6F778002B40F0868047458CBF5B
S21402D6304FF009084FF008084C4B1C78FF2C40F0BE
S21402D6408380B6F90230002BA9BF494B347A1C7886
S21402D6500134A2BFE4B21C7044F08004DFF81CB1AF
S21402D6602246002101F0A2FC9BF80030BDF8220001
S21402D670002B6CD0DFF808A14FF00009BAF8003092
S21402D68007930CF081FD0546BDF822000CF060FD04
S21402D690EBB2CDE90193FF23CDE9030900932246BD
S21402D6A0334639460798FCF7B5FB4FF6FF73054637
S21402D6B08BF80090AAF80030382D33D1324639461E
S21402D6C040460DF1220307F0E4FD00284BD04FF64A
S21402D6D0F7739F4226D8B6F902307088002B21DAFB
S21402D6E048F204022349244B4FF00008904214BF2C
S21402D6F08946994609F091F9494603468A2201204D
S21402D700CDF800800AF095FE814658B12246414681
S21402D71001F04CFCFF23324639464046CDE90098DC
S21402D720FCF7DAF928460BB0BDE8F04F02B07047B6
S21402D73001200AF05BFE6EE7002347458CBF4FF0E0
S21402D74006089846337177E7FF221A7086E7CDE916
S21402D75000033246FF2339464046FCF7BDF905462C
S21402D760AAE71925DEE70546DCE700BFBC6B00200A
S21402D77056620020EA4A0400DF4A0400556200208E
S21402D780305B002070B54FF4003300240546164681
S21402D79088B0ADF81A100DF10F0204A90593ADF882
S21402D7A01840ADF81C4004948DF80F4007F050FD69
S21402D7B09DF80F3028460193049B044A009305A95E
S21402D7C03346FFF719FF08B070BD00BFE34A0400F6
S21402D7D030B54FF48035002487B00395BDF8285045
S21402D7E0CDE900128DF81030074A034603A9BDF8AA
S21402D7F02C008DF81140ADF81250ADF81440FFF72A
S21402D800FBFE07B030BD00BFEF4A0400B1F1006F67
S21402D8102DE9F04314462CBF392238228BB01D4620
S21402D8204FF00003ADF81E204FF480022CBF4FF0DD
S21402D83001099946FF2C0646ADF81C300892ADF851
S21402D84024304FEA11471FFA81F80FD109F0F6FB90
S21402D850B9F1000F19D1154ACDE902054346304603
S21402D860CDE9007407A9FFF7C7FE1AE0FE2C0AD11D
S21402D87009F0E4FB0130C0B209F0EBFBB9F1000F8E
S21402D88012D00B4A02E0E8B2F8E70A4ACDE90305ED
S21402D89001233046CDE90174CDF8008007A9FFF7D1
S21402D8A0ABFE0BB0BDE8F083034AD5E7E74A0400B7
S21402D8B0ED4A0400E64A0400EE4A04004FF49812C9
S21402D8C04FF0806310B586B0CDE903230023ADF890
S21402D8D0143009F0A2F80446F8F796FA054B0190C0
S21402D8E00093054A234603A94FF6FD70FFF784FE10
S21402D8F006B010BD19620020F34A040008B5064BB4
S21402D9001B78022B02D0043B012B03D8FFF7D6FF6D
S21402D910002008BD0220FCE79661002030B50024F6
S21402D9204FF4806587B0CDE900128DF81030084AB2
S21402D930034603A94FF6FD708DF811400394ADF827
S21402D9401250ADF81440FFF757FE07B030BD00BFC7
S21402D950F74A04002DE9F04F99B00E4605460CA989
S21402D9601046CDE90A329DF888700AF086FABDF8AC
S21402D9703090804648460CF007FCB6F90230044662
S21402D980002BB6F806A0B6F802B004DA00228D4BD9
S21402D9901A70002049E048460CF0F6FB4045F5D3E5
S21402D9A0A4EB0804E3B2002F18BF4FF4A07A152B9D
S21402D9B0099328BF15230024013308F1FF32494694
S21402D9C0DBB292B2009412A80DF0DAF86FEA4B437B
S21402D9D06FEA53437C499DF8482008684968ADF8C9
S21402D9E03E300DAB03C3ADF84040ADF83C40ADF859
S21402D9F042A0ADF84420BBF1000F24D10DF149003E
S21402DA00F6F7C4FCA0B109F008F85C4680460DF1B2
S21402DA1051060DF149030A9A96F80090012A2CD174
S21402DA204FB384F0010404F0010019B0BDE8F08F92
S21402DA300DF149000AF030FB4FF6FF74011B4C4211
S21402DA4080464C41E3E7BBF1010F57D1BDF8498050
S21402DA5008F0E3FF80450AD040460DA90AF01FFBF6
S21402DA6080F00104E4B20DF14B060DABD3E7574B41
S21402DA700DF14B06CFE70A9CD5E75FB344BBB9F17D
S21402DA80010F25D830D108F0C8FF08F0C6FF22469D
S21402DA90804671784D4B029100210120CDE900812C
S21402DAA04B490AF0C6FCADF8320088B124BBB9F186
S21402DAB0010F0CBF0D210C210DF132000AF021FCE2
S21402DAC0024628B92846BDF832300FA9FFF794FD62
S21402DAD00120AAE7B9F1010F04D1002CD3D081228C
S21402DAE07178D8E7002CFAD1B9F1010F94BF002261
S21402DAF001227178D201CEE70C21DDE70A9B002BCA
S21402DB007FF447AF7388342B4BD1099B092B7FF4E4
S21402DB1040AF002F7FF43DAF9DF951603A46B410F6
S21402DB2008210DF1490004F0200408F004FFA0B11A
S21402DB30284B1B78012B3FF42CAF274A274BB2F811
S21402DB4068201B68AA421DD0DA001BD5C8232846C7
S21402DB50234A0FA9FFF750FD1BE70DF14900F6F720
S21402DB6015FC0028E4D10DF149000AF095FA4FF6AB
S21402DB70FF739842EAD02146F9F778FE034600285A
S21402DB80E4D1E4E75B0201D5002E08DA002328463A
S21402DB90134A0FA9FFF730FD124B1C70F9E68D23CE
S21402DBA0D5E7099BCDE905A204930DF14903CDE91A
S21402DBB0028331462846CDE900790B9B0FAA00F076
S21402DBC03DF8E6E64A62002059D3030019620020B7
S21402DBD0FB4A040097610020185500209847002051
S21402DBE043000400BB6B0020024B187840F0800014
S21402DBF0704700BF56620020014B18800020704715
S21402DC003E6B00204FF6FF71034602881B798A425C
S21402DC1017BF074901200A8041881EBF054A002017
S21402DC201180FF2B1EBF044A00201370704700BFEE
S21402DC303A6B0020386B0020576200202DE9F04F27
S21402DC40A1B09946BDF8AC302D9F0D939DF8B0302B
S21402DC5004460E93BDF8BC3038460F939DF8C0308C
S21402DC604E88884615469DF8A8B010930CF08FFE95
S21402DC70112E824671D808F0D0FE504576D0062E78
S21402DC8010D14FF6FD72924526D0BBF1000F10D18F
S21402DC9000228023CDE900A229462046BC4AFFF78F
S21402DCA0ABFC06E0BBF1000F03D1032E07D8012E12
S21402DCB009D80022B74B1A7021B0BDE8F08F043E97
S21402DCC0022EF6D8E4E7802329462046B24ACDF84B
S21402DCD000A0FFF791FCECE7B04B1B785E074CD434
S21402DCE008F09BFE0026034632460120A84900960D
S21402DCF00AF09FFB3B79ADF866000F930028DBD055
S21402DD00DDE90E320D9803EB42090CF03DFA5FFA9C
S21402DD1089F909F105085FFA88F88045CCD24146B0
S21402DD200D9801F02FF9109008EB40080D980CF0B2
S21402DD302BFA8045C0DADDE90F321343DBB2002B43
S21402DD4040F03482BBF1000FB6D1D84642460421D9
S21402DD50BDF8660001F02AF974E1904A3A2E12786C
S21402DD6012D948F23B039E4207D013E08B4A127840
S21402DD7050070BD5321F022A08D8B8F8063043F4EB
S21402DD808043A8F8063097E71B2E1DD8B21E91B224
S21402DD9013295FD9109B494602930F9B3046CDE963
S21402DDA000B30E9A234607F05AFA0F2884D10122AE
S21402DDB0784B1A70794B1B789B0740F12783BBF18F
S21402DDC0000F7FF479AFD8E7A6F11C011E29E1D82F
S21402DDD001A050F821F000BF23E4020095DD020006
S21402DDE095DD0200B9DC020095DD020011E20200B8
S21402DDF011E2020095DD020095DD020095DD0200CB
S21402DE0095DD020095DD020095DD020095DD02003B
S21402DE1095DD020095DD020095DD020095DD02002B
S21402DE2095DD020095DD020095DD020043E2020068
S21402DE3043E20200F5E3020095DD020095DD0200F2
S21402DE4017E4020095DD020073E4020089E4020092
S21402DE5097E40200132A9DD801A151F822F000BFD0
S21402DE60B1DE020041DF02005FDF020077E002005F
S21402DE70E1DC020095DD020095DD020095DD020080
S21402DE8095DD020095DD020095DD020095DD0200BB
S21402DE9095DD020095DD020095DD020095DD0200AB
S21402DEA095DD0200BBE1020095DD02004FE40200B0
S21402DEB000231A938DF866300DF1660322460E99FA
S21402DEC0484600931AAB07F0C4F908F0A6FD0646CA
S21402DED0EAF75EFB162894BF4FF002094FF02209BC
S21402DEE0F7F792FF2E4B0746B3F800A0FBF7EAFDC2
S21402DEF02C4B80464FF6FF70B3F800B00AF084F859
S21402DF00294B9DF866201988244B1B7813F00203D0
S21402DF101CBF264B1B780B921A9ACDE90701CDE956
S21402DF20093240232946CDE9019320460023CDE954
S21402DF30058BCDE9037A1E4A0096FFF75DFBBBE62A
S21402DF4008F06BFD1B4B1C4A1B88CDE92A030023F5
S21402DF502946204621B0BDE8F04FFFF74DBBBE78FC
S21402DF601AA9731EDBB2EF2B304627D9F22E25D024
S21402DF7005F0A1FC822608F050FD00232946CDE9D3
S21402DF800003034A33462046FFF736FB94E600BFFB
S21402DF90DF4A04004A620020EA4A04005761002071
S21402DFA03E6B00203A6B0020386B00205762002040
S21402DFB0014B04003C6B00200E4B040005F07BFC7A
S21402DFC0002856D008F029FD9DF86C209DF86E10AA
S21402DFD00492BDF86A2049000392BDF86820C9B2CF
S21402DFE0CDE901629DF86D2003465200D2B2083296
S21402DFF00A44009201200022C6490AF01AFA9DF845
S21402E0006D30ADF866008DF8633000283FF454AEEC
S21402E0104FF0000801230DF163011A460DF1660068
S21402E020F5F790FC074600287FF446AE9DF863306D
S21402E030FAB293420CD89DF86E308DF86330B8F180
S21402E040000F02D0BDF8663036E04FF00108E1E777
S21402E0504146304605F031FC0123ADF86400022249
S21402E06019A90DF16600F5F76DFC01370028DDD021
S21402E07022E683267FE708F0D0FC064605F03CFC45
S21402E0803346009000220120A3490AF0D2F9002864
S21402E0903FF412AE00273E46ADF8680005F02CFCB1
S21402E0A05FFA87F840450DD832460421BDF868006D
S21402E0B000F07CFFBDF86830002229462046FFF7B4
S21402E0C09BFAF9E5404605F0F4FBFF288DF866005A
S21402E0D00BD0012301361A460DF166011AA8F6B2D4
S21402E0E0F5F730FC00287FF4E7AD0137D6E7504657
S21402E0F0B7F8029005F0DDFBFF288DF8640000F00B
S21402E100E2811AA905F0D7FBBDF868304B4507D067
S21402E1104FF6FF72914540F0D681190400F1D38183
S21402E1209DF86D3012930E9B0533DBB213930F9B53
S21402E130149300234FF0000911934B4613E01793F4
S21402E1404900139BC9B219440D9889B20AF014F912
S21402E1504FF0000A179B159012995FFA8AF28A42CC
S21402E16016D309F10109149A5FFA89F19142E6D3AE
S21402E1709DF86E201292169A1392002B40F095810B
S21402E180119B002B40F09F81109B14930123D1E733
S21402E19011999DF86400179305F08FFB159A179B4B
S21402E1A00AF1010A824208BF0123D5E709F10609EE
S21402E1B05FFA89F3B046169386E1BD1C294650469F
S21402E1C0BC7A06F0CFFB01222946504609F0CBF86E
S21402E1D0504609F02DFF284609F05EFF3A88824233
S21402E1E007D04FF6FF72904203D00CF0BEFC09F047
S21402E1F03FFF84F00804C4F3C00421462846FFF714
S21402E20019F82146284621B0BDE8F04F07F050B86D
S21402E210BBF1000F7FF450AD12073FF5AEAD3346AB
S21402E2203A462946204601F08FF900287FF444AD8D
S21402E230842329462046394A21B0BDE8F04FFFF72D
S21402E240DBB90F9897F8008009F09AFC0021074680
S21402E250204601F0E3FC312EA7EB0007FFB240F0A8
S21402E260D5804FF0000A012053465246CDE9008A77
S21402E2702B490AF0DEF8ADF8660000283FF41CAD24
S21402E280162251461AA8EDF7D7F91AA808F04EFE3C
S21402E2904FF0FF33DFF894B0CDE91C339BF80090C3
S21402E2A0B9F1000F02D14FF0010A55E01D4E337945
S21402E2B06F2B02D90026324625E050461CA9F6F7F7
S21402E2C03DFF0028F6D0184BB6F80090B3F8683039
S21402E2D0B9F1000F2CD1003B18BF01235B0143F0BC
S21402E2E004038DF87A3002238DF87B3073881B0A7C
S21402E2F049461EA88DF87D300CF04BFBB8F1000F96
S21402E30065D0002601220221BDF8660000F04EFE0E
S21402E31032461CE5124B0400DF4A040043000400A8
S21402E3201A4B04008C5A00201855002090610020D9
S21402E330B3EB090318BF01235B0143F005038DF815
S21402E3407A3002238DF87B300F238DF87C30CDE7B0
S21402E3500AF1010A5FFA8AFA0AF1FF36F6B2304685
S21402E3600CF009FCC307F3D59BF8003019EB030F3A
S21402E37004D009F101095FFA89F9E9E7584B1CA9AB
S21402E38018783044C0B2F6F7D9FE002892D030464C
S21402E39009F07FFE814630460CF0EDFBC0070FD435
S21402E3A016238DF87A304F4B1B780133DBB20F2BD6
S21402E3B028BF0F238DF87C304B4B33F8163096E788
S21402E3C030460CF0D8FB8107EAD41223E9E7BDF801
S21402E3D066000BF0D9FE1630B84292DC01231622F4
S21402E3E01AA90DF16600F5F7ADFA00287FF464ACC1
S21402E3F0012660E712073FF5C0AC3B462246294697
S21402E4000F9801F0F9F800287FF456ACBBF1000F24
S21402E4107FF452AC0CE7BBF1000F7FF44DAC8023C7
S21402E42007E708F0FAFA50457FF446ACB81CF5F751
S21402E430ADFF00283FF440AC08F0EFFA064608F0BD
S21402E440ECFA2A4B2A4ACDE92A03334680E53846B7
S21402E4500CF09DFA09F0D8FD00283FF42DAC2A9066
S21402E460002329462046234A21B0BDE8F04FFFF795
S21402E470C3B84B462A4621460020CDE92AB721B02A
S21402E480BDE8F04FFEF7F6BF4B462A46214601206E
S21402E490CDE92AB7F3E75B464A46294620462A973D
S21402E4A021B0BDE8F04F06F008BF012319A91A46AD
S21402E4B00DF16600F5F746FA00287FF4FDAB08F189
S21402E4C001085FFA88F8013605F016FA5FFA86FA4E
S21402E4D050453FF60CAEB8F1000F3FF433AC35E4CE
S21402E4E0866B00203F620020BE5A00201962002080
S21402E4F01F4B0400EA4A0400F8B5164B04461D8872
S21402E500154B20F8025B196879B10822EDF7E6F898
S21402E510124B0C201B78124EA372124B1978002352
S21402E520DAB2914205D8FF2209E0C4F8021041602F
S21402E530EEE7013300FB03F7F75BAF42F0D10A4B7D
S21402E540E2721B782373094B1B786373084B1B68B4
S21402E5502361F8BD3E5B002034560020586200203E
S21402E56028590020806B00203C6200203B6200207D
S21402E57020560020F0B589B006460C4615460AF02D
S21402E580AEF80DF10A020146304609F05FFF144F5D
S21402E5900346F0B901223A702288BDF80A102AB161
S21402E5A002460090072004F06BF990B103A8FFF72B
S21402E5B0A3FFBDF80A000BF0E7FD0646BDF80A0009
S21402E5C00BF0C6FD21460090F3B2284603AA06F0D9
S21402E5D0F3F90023034A3B70136009B0F0BD00BF95
S21402E5E05962002034560020142230B58BB00546FE
S21402E5F00DEB02011548DEF767FC10BBBDF81430C0
S21402E600DA0720D413F0060FC3F3410208BFC3F3A0
S21402E61041220F4B0DF116019C5C68462246EDF72F
S21402E6209BF9BDF8263004F128026A4402F8283C19
S21402E63002341B0A02F8273C69462A46E0B209F071
S21402E64083F80BB030BD2320FBE700BF703214E026
S21402E650FF97040010B58AB0ADF826200022CDE957
S21402E660052204920CAA02924FF6FF720446AC21CF
S21402E67001200192064A039004FB012260320092B6
S21402E6804CF620010DF1260209F012FD0AB010BD6B
S21402E6901855002010B54FF6FF741E4A8AB0B2F81D
S21402E6A06800B2F85E10A042ADF82600B2F85C3000
S21402E6B04FF6FD70ADF8241018D081424FF00000DE
S21402E6C094BF48F660014CF66001CDE90500CDE93D
S21402E6D00300CDE9010094BF09AA603200920DF151
S21402E6E02602042009F0E4FC0AB010BD81424FF075
S21402E6F000008CBF603209AA00928CBF4CF66041C3
S21402E70048F66041CDE90500CDE90300CDE90100F8
S21402E710014AE6E7185500208255002000B50E4B48
S21402E7200022B3F85E308BB0ADF824304FF6FF739C
S21402E730CDE90522CDE90322CDE9012209AA0092FC
S21402E7404FF400610DF126020720ADF8263009F0DD
S21402E750AFFC0BB05DF804FB18550020202A10B55C
S21402E760144614D8012A04D10C88B4F5004418BF04
S21402E7700124620030B10748ECF7B0FF064B0020D8
S21402E7801C7010BD0548ECF7A9FF054BF7E72120E2
S21402E790F7E700BF405B00205A620020805B002043
S21402E7A05B6200202DE9F047104617460CF0EFF8A2
S21402E7B0DFF814A1DFF814919AF8003099F80020D7
S21402E7C00546134302D10020BDE8F08710F44068E6
S21402E7D000F0400619D186BBB0F5804F5CD24FF4EC
S21402E7E0807400239AF80000344AD9B288425DD871
S21402E7F0002399F80000324AD9B28842E3D932F8A7
S21402E800021B0133A142F7D155E0F81C0CF0BFF809
S21402E8104FF6FF73984214BF0124022486B10526E0
S21402E82005F44043B3F5004F44F0080424D0B5F590
S21402E830804F23D244F4807420E044460326EFE758
S21402E840B5F5804F4FF00506F4D3B8F5406F14BF08
S21402E85002200820304438440CF099F8194B05F48D
S21402E8604045B3F85C3083420CBF44F0080444F0E1
S21402E8700404B5F5004F01D144F08004B8F5006FEA
S21402E8800ED1B8190CF083F80E4BB3F85E30834203
S21402E890A7D144F01004A4E7444603260220D9E791
S21402E8A0B8F5406F08BF44F020049AE732F8021B1E
S21402E8B00133A14299D1012086E700BF805B002088
S21402E8C0405B0020185500205B6200205A62002040
S21402E8D02DE9F04F104685B0164698460CF057F8CC
S21402E8E05D4F00F00803B7F85C10044600F0070915
S21402E8F0F01C02930391B7F85EB00CF048F806F1EC
S21402E900050A054650460CF042F803464FF6FF70DD
S21402E910854218D00399A1EB050CDCF1000545EB06
S21402E9200C056D004FF6FF718B420ED145F00405C3
S21402E9300BF038FE029B6BB1B9F1000F11D04220EA
S21402E94005B0BDE8F08F0125ECE79B4508BF45F012
S21402E9500805EDE7B9F1030FF1D8DFE809F0021B6D
S21402E960795D0BF01FFE08B9A807E8D524F0080465
S21402E970A4B2B4F5004F05D0B4F5624F02D0B4F598
S21402E980404FDCD10025294697F8A820002007F042
S21402E99091FE3CE0D7F88030E3B9002132460846C3
S21402E9A0FFF700FFD8B948F6410224F038039BB2BD
S21402E9B09342C4D10A2D49D0062DC0D197F877309C
S21402E9C0023B012BBBD8F3F745FD0028B7D140F632
S21402E9D0040505E04146304698470028DDD0082564
S21402E9E0E20648BF45F08005A30648BF45F48055B9
S21402E9F005F00C03042BC6D1F01D0BF0C8FF97F8E8
S21402EA00A8303246009341462B4607F028FE08B34C
S21402EA100E9B1880002093E7A90705D14FF6FF73D7
S21402EA20B7F85C209A428AD104F44063B3F5006FCB
S21402EA300AD0B3F5406F82D1082250460749EDF757
S21402EA4047F900287FF47BAF0C25C9E70425C7E702
S21402EA50432075E7192073E71855002078550020E3
S21402EA60034B1A781AB1FF2A04BF00221A707047A5
S21402EA705D62002070B5084C084E2378F55C1DB127
S21402EA803E2107480BF0A5FEFF2223782846F254C3
S21402EA900023237070BD00BF5C6200205D62002010
S21402EAA0234B0400034B044A1B78D05CFF3818BF84
S21402EAB0012070475C6200205D6200200023074A46
S21402EAC007491360074A1360074A1360074A116032
S21402EAD00121074A1170074A136070474456002006
S21402EAE03B820300405600203C560020B06A0020BD
S21402EAF0BD6B00204C5600200E2A70B50C4606460A
S21402EB001546194603D9FFF7D9FF502070BD0128D4
S21402EB1007D10020F3F7B8FCB0B1FFF7CFFF2120F2
S21402EB20F4E780220021224B1A70224B1960224BF6
S21402EB301B684BB134200BF07FFB204B188018B9B2
S21402EB40FFF7BCFF0120E1E724F0FF6323F4FF2375
S21402EB501BB1FFF7B3FF4F20D8E774B92046F3F78F
S21402EB60ADFC0124032510F0800F43B21BBF00F05A
S21402EB701F039C409C4044F078440020104B24F035
S21402EB8078441E700F4B10491D70104B1C60104BC2
S21402EB901870104B1A68F4F71FF818B1FFF78EFFBB
S21402EBA00420B3E79DF810200B4B1A70AEE700BFA7
S21402EBB05E620020485600203C560020C05B0020C3
S21402EBC06362002061620020BDEE02004C56002007
S21402EBD062620020445600205F6200207FB5244B0C
S21402EBE000251A7801232348234903FA02F2007803
S21402EBF01A440A60ADF80E5020B3984236D11F4C24
S21402EC001F4B20781B680DF10E0198471D4EBDF86C
S21402EC100E20307092B11C4B2946009328460223E0
S21402EC200195F4F713F83278237822B1012A12BF3D
S21402EC301B230133DBB2237004B070BD013818BF4A
S21402EC400120F0E778235A43013A0A6008220F4966
S21402EC500BF038FA0B49094A0978137821B10129D1
S21402EC6012BF1B230133DBB21370E5E71846E3E756
S21402EC70616200206362002050560020626200201B
S21402EC80B06A0020BD6B0020F9EE020031A5030039
S21402EC90024B1868003818BF012070473C56002007
S21402ECA037B505461C460BF07DFC68B974B1084BB7
S21402ECB01A60084B0A461C60012329460093032368
S21402ECC0FFF71AFF03B030BD4D20FBE72520F9E71A
S21402ECD0385600204056002013B504460BF062FC5E
S21402ECE058B962B1074B1A6001230A4600932146BF
S21402ECF00323FFF701FF02B010BD4D20FBE72520DE
S21402ED00F9E700BF3C5600202DE9F0410446DDE954
S21402ED1006861D469DF820700BF044FC88B99EB10D
S21402ED20A2B10B4B01201A600A4B0A46C3F80080B8
S21402ED30094B21461E602B460697BDE8F041FFF7B9
S21402ED40DBBE4D20BDE8F0812520FBE72120F9E758
S21402ED50B06A002044560020405600200148F4F7CE
S21402ED60ADBB00BFC05B00202DE9F0410020F3F7E9
S21402ED70A1FE114B114C1E68114B20881D68114BC9
S21402ED80114FD3F8008010B13978F4F771FD0020E6
S21402ED903870FFF793FEF4F7ABF90EB14046B04772
S21402EDA03DB12088A84700232380BDE8F0410BF040
S21402EDB08BBDBDE8F08100BF40560020C05B00203E
S21402EDC03C5600204C56002064620020F8B52F48BE
S21402EDD0F4F764FE2E4B187830BBF3F76FFB2D4F1B
S21402EDE006463B6803B32C4B2C4D1C6824B195F9A0
S21402EDF000301A461946A047294B1B6883B1294C96
S21402EE002378312B0CD8284B18880BF0A1F92378DD
S21402EE105A1C22702A78C25423785A1C2270C6546E
S21402EE2080232B7000233B60204C23781A2B22D899
S21402EE301F4A1278012A09D100211E4A156825FAAE
S21402EE4003F0C007DAB20ED501B122700020F3F744
S21402EE5035FB2178884212D10022174B1A70FFF731
S21402EE60BDFE40B9F8BD0133D8B21A284FF00101F1
S21402EE70E5D90A442270BDE8F840FFF775BF0020C6
S21402EE80F3F72EFB0028E7D0F5E700BFB46A0020B0
S21402EE906362002048560020385600205E6200203A
S21402EEA03C56002064620020C05B002062620020A4
S21402EEB0BD6B00204C5600206062002008B50B4B4C
S21402EEC0187880B90221F3F7CDFA094B1B782BB1DB
S21402EED000214FF6FF720846F3F7A6FABDE808408F
S21402EEE00448FFF773BF00210846ECE76362002080
S21402EEF05F620020B46A002038B5144B0C461D78B9
S21402EF00012D21D181B90846F3F7D8FA104A05FA3D
S21402EF1000F013680F4923EA0003136020462A46CE
S21402EF20BDE838400BF0CEB80B4A13780133DBB29B
S21402EF30022B137004D9BDE838400848FFF746BFD5
S21402EF40FFF74CFE0028F6D138BD00BF63620020F2
S21402EF504C56002031A5030060620020B46A0020EF
S21402EF6038B50C4605460BF00FF9A04203D82D2102
S21402EF7003480BF02EFC28460BF0EAF8204438BD76
S21402EF80374B040070B506460D460BF0E1F8044612
S21402EF9048B130460BF0F8F8A84203D835210248AB
S21402EFA00BF017FC605D70BD374B040070B50C4665
S21402EFB0064615460BF0E8F8A04203D83E21044860
S21402EFC00BF007FC30460BF0C3F800B1055570BDD8
S21402EFD0374B04002DE9F0438FB007460C46154622
S21402EFE01E469DF85880F8F755F920B1F4F796FEBC
S21402EFF008B144F400544D4B1B7813B924F4007442
S21402F000A4B2200509D546B9284604A9F5F750F951
S21402F010002846D024F40064A4B2ADF81840ADF837
S21402F0201A5007F0FAFC424BADF81C00B8F1000F7C
S21402F03002D01A78424501D293F800803D4AE10593
S21402F040137848BF0DF1210103F10103DBB21370FF
S21402F05058BF08A922058DF81E808DF81F3006D5E8
S21402F0603368083141F8083C736841F8043CE3040D
S21402F07007D5314A0831136841F8083C536841F80D
S21402F080043C0DF11808A1EB08005FFA80F9002194
S21402F09048460BF0D1F8064628B900200FB0BDE866
S21402F0A0F08304AEB9E70BF053F841464A46ECF754
S21402F0B053FC30460BF068F8804630460BF048F8B2
S21402F0C00023024600934FF6FF7004235FFA88F18E
S21402F0D007F0C5FAADF80E000028DED040F20113A4
S21402F0E01C421AD14FF6F7739D4216D80BF04CF815
S21402F0F00DF10E010446284600F090FDBDF80E0004
S21402F1000BF042F8E4B2A04207D9BDF80E0007F0B1
S21402F110F3FA437843F004034370BDF80E003A4610
S21402F12001210BF061F8BDF80E00B7E792610020EE
S21402F1307A6B00209461002019620020F0B508293D
S21402F140D58889B028D00C2926D0AE0424D405F060
S21402F15040030B43424C267816B105F020042343A5
S21402F1602FB2002FB8BF43F08003032920D1122309
S21402F170AC068DF80430937A10D48DF805300DF174
S21402F180060401A9621A012392B2F4F7DBFBB0FA75
S21402F19080F0400909B0F0BD0B46DBE732228DF85D
S21402F1A005308DF80420002EE9D00DF11304E8E7AF
S21402F1B00C298DF804300ABF138953798DF805306F
S21402F1C0548805BF1B0A8DF806308DF805300DF100
S21402F1D0070318BF0DF106031C70240A5C7014881E
S21402F1E002399C70240ADC70147901291C7111D82A
S21402F1F0917A002F597131DA022112899971DA71E6
S21402F200120A03F109041A72002EBAD0AB06B8D558
S21402F2100534B6E7A9071AD4002F0CDA117A51B1D1
S21402F220917A59711189127A03F1080492B1022275
S21402F2309A71D971E8E70B4C217801F1010C84F838
S21402F24000C091729C1D002F5971DDDAEAE7917AAF
S21402F2509C1DF8E70122090A9A71EAE79C1DD3E78A
S21402F2609261002093610020014B1880704700BF16
S21402F270C25B0020014B1888704700BFC25B0020AB
S21402F2802DE9F84307460BF09DFA05461B480BF09E
S21402F29010FC1B4B60B31C683C1B2C44A4B200221F
S21402F2A0184BDFF868901B78174D03EB830399F829
S21402F2B0006005EB43055FFA82F846450AD9AB883B
S21402F2C005F10A00A34216D90A23B21A29465A435E
S21402F2D0ECF704FA013689F80060AC80B8F1000F4A
S21402F2E003D1394605480BF01FF82846BDE8F883D7
S21402F2F03C461D60D3E705460132DCE7D46A0020AF
S21402F30054560020656200205A5A00206662002089
S21402F3101FB5154A154C1378013BDBB213706168B2
S21402F320206801AA03C221891180114A1278D218D4
S21402F33005D00A2320465A43E118ECF7CFF99DF888
S21402F34006301B070DD0BDF80C00FFF799FF0346E9
S21402F3508288ADF8082001AA03CA1288186059608C
S21402F3601A8104B010BD00BF656200205A5A002000
S21402F37066620020002108B5084B09481970094B3F
S21402F3801970094B1A7802EB82025200ECF754F914
S21402F390BDE808400548F4F781BB00BF666200205E
S21402F3A05A5A002065620020846B0020D46A00202E
S21402F3B0F8B50024084D094F094E3B783178E2B281
S21402F3C00B449A4204F1010400DBF8BD2846F4F728
S21402F3D075F80A35F1E700BF5A5A00206662002027
S21402F3E06562002010B5064C207828B1054807F063
S21402F3F0AFFE10B1034B188810BDFFF789FFF3E785
S21402F400656200205A5A002008B50A4A0346107858
S21402F41060B1094A1088984209D121B9937810330D
S21402F42023F00F039370FFF773FF012008BD00203F
S21402F430FCE700BF656200205A5A00202DE9F74F0C
S21402F44000260BF0BFF9DFF8F890B24699F8007084
S21402F450B3463A46DFF8EC801FFA80FEB8F800C0E2
S21402F460344CAEEB0C039BB201932378324D0093DF
S21402F47003EB830305EB4303ACEB0E0C5FFA86FE4D
S21402F480BE4515D3BAF1000F01D0009B2370BA42D5
S21402F4902AD3002F37D00A222378C8F8000002FBAE
S21402F4A003532648998803B0BDE8F04F0AF03CBFE4
S21402F4B0B3F804E001998E4512D84FF0010A00997C
S21402F4C093F802E001310EF1FF3EC9B2013AA3F809
S21402F4D004B083F802E00091D2B20A330136CDE7D7
S21402F4E0E644A3F804E0F8E789F800204AB10A22C5
S21402F4F02378C8F8000002FB0353104899880AF0E4
S21402F50013FF237813B903B0BDE8F08FFFF76AFF45
S21402F51006460028F5D007F023F80146304607F0E5
S21402F52014FE20B100212888FFF76EFFE9E740F6B7
S21402F5300241F8E7656200205A5A0020D46A002089
S21402F54066620020545600202DE9F04192F80880A9
S21402F5501F4608F1FF33DBB2EF2B05460E46144674
S21402F56088B00BD982238DF80E30314628469DF896
S21402F5700E30204AFEF740F8012037E00E22002126
S21402F58004A8ECF759F8B4F809308DF81180ADF8F4
S21402F5901230E37A03F07F02032A08D0012B24D12B
S21402F5A003238DF81030A389ADF815300EE0032B37
S21402F5B014BF022301238DF81030E368CDF815300E
S21402F5C02369CDF81930237D8DF81430A7F1210177
S21402F5D04A420DF10E034A41009321460DF10F03F4
S21402F5E004A8FDF737FC0028BFD1002008B0BDE80C
S21402F5F0F08100BF430004002DE9F04F00241D787F
S21402F60095B0CDE902010492234622460120CDE9B7
S21402F6100054404908F00DFFADF81E00F8B1A346AD
S21402F620264627460DF120090DF1380AE8F7A4FF11
S21402F6305FFA84F8404516D83A460221BDF81E0005
S21402F640FFF7B4FC32460421BDF81E00FFF7AEFCFD
S21402F650DDE903100022BDF81E30FDF7CDFF0120C4
S21402F66015B0BDE8F08F4A4640460AA9FDF7E4FB0E
S21402F6709DF8282022B12DB1013DEDB20137FFB22F
S21402F6800134D3E7BBF1000FF8D199E803009DF8E7
S21402F69029308AE803008DF84030BDF82A30032A64
S21402F6A08DF841304FEA13238DF8423017BF0323FB
S21402F6B001238DF843309DF82C30DDF83110DDF84B
S21402F6C02D0014BF8DF84C308DF8433011AB03C3B8
S21402F6D002980CBF4FF00E084FF0150808F050FACB
S21402F6E00590BDF81E000AF04FFD059900EB0803D1
S21402F6F099420BDB0123424651460DF11E00F4F7F8
S21402F70021F90028ABD10136F6B2B7E74FF0010B6C
S21402F710B4E700BF1A4B040038B505460D4B0E4839
S21402F7201C88F4F7A7F9012D0CD10C4B1C88FA2182
S21402F730614358B1884209D28408012C204638BF5A
S21402F740012038BD022D08BF0224F0E702480AF065
S21402F750EBFDF2E7565A002084460020545A002059
S21402F760012208B5054B06481A7000210AF0DCFD96
S21402F770BDE808400020FFF7CFBF00BF7D61002034
S21402F780844600201E4B73B51A8802F108039BB20A
S21402F790012B02D81B4B1B7823B902B0BDE8704080
S21402F7A0F4F77CB90024184B184D1C70184B1C70CB
S21402F7B02B787BB14FF6FC73164E009322462346F7
S21402F7C02146308808F002FC4FF6FD732C70338019
S21402F7D001200FE0104B1046197807F0B4FC002801
S21402F7E0F6D10C4B1A884FF6FD739A42F0D00123DD
S21402F7F002202B7002B0BDE87040FFF78DBF00BF3D
S21402F800585A00207D610020806100207E61002021
S21402F8107F610020525A002081610020012808B52D
S21402F8200AD002280CD020B9084B18700848F4F702
S21402F83035F94FF0FF3008BDBDE80840FFF790BF2E
S21402F8400020BDE80840FFF767BF00BF7D610020CB
S21402F8508446002002280CD859B1064A1378013390
S21402F860DBB21370044A12789A4202D80220FFF7DB
S21402F870D5BF70477F6100208261002038B5A0F6B0
S21402F8801343012B04460D4615D80E4A137801334E
S21402F890DBB213700C4A12789A420CD84FF6FD72FD
S21402F8A00A4B00201988914201BF00221D80084B96
S21402F8B01A70FFF731FF29462046BDE8384005F0AA
S21402F8C07FB800BF8061002083610020525A00206A
S21402F8D07E61002000234FF6FD71054A1370054A2B
S21402F8E01370054A1180054A1370054A1370704753
S21402F8F0806100207F610020525A00207E61002035
S21402F9007D61002030B5094B02461B7833B1084BA7
S21402F910084C19780023D8B2884201D3FF2004E0AD
S21402F920013334F823509542F5D130BD836B002065
S21402F93085610020325A00200022FF21044B054830
S21402F9401A70054B1970054B1A789200EBF774BEC5
S21402F95085610020365A002084610020836B0020D7
S21402F960F7B58DF807100DF10701044602F0F4FF13
S21402F970234B1D78002D41D02046FFF7C3FF214EB2
S21402F980FF283178204B05D1204A107885422DD9A0
S21402F990451C1570884219D01C4A1B4D92F800C0AF
S21402F9A00022D7B2BC450CD92F4697F803E00132A5
S21402F9B0864505F10405F4D102B203EB8202D27841
S21402F9C0FA7002B203EB8202D170307002B203EB1D
S21402F9D0820123F82240FF228A709DF80720FF2A20
S21402F9E002D003EB8203987003B0F0BD0A461046BD
S21402F9F003EB8202D278FF2AF9D1CBE7FF20F3E7A6
S21402FA00836B002084610020365A00208561002026
S21402FA102DE9F843FFF776FFFF28044669D04FF634
S21402FA20FF72354F03B2DFF8DC80344E27F823200E
S21402FA3098F80050A54202D10020BDE8F88333783A
S21402FA4020B28100A34207EB800090F803E010D0BA
S21402FA500023294A5FFA83F94D45944606D99CF855
S21402FA6003900133A14502F10402F3D18CF803E0BE
S21402FA7001E086F800E0013DEDB22A1BD2B2043165
S21402FA8092003944EBF72AFE88F800503378FF2BB1
S21402FA9004D0A34224BF03F1FF33337000214FF694
S21402FAA0FF70154BCAB2AA420CD300234FF6FF7161
S21402FAB0134ADCB2AC42BBD2013332F8230088428E
S21402FAC0F7D1B5E79A78A2420BD11880DA78FF2AE6
S21402FAD004D0A24224BF02F1FF32DA7001310433AD
S21402FAE0E0E7FF2AF2D0A24224BF02F1FF329A7068
S21402FAF0ECE72D20A1E700BF365A002084610020E3
S21402FB00325A002085610020F8B51C4B05461B784A
S21402FB10084673B3FFF7F6FEFF28044629D02846A8
S21402FB20FFF7F0FEFF2806D0154B164E1A78002374
S21402FB30D9B2914218D3FF212846FFF711FFFF28BA
S21402FB40014616D00546104F23B207EB830237F85C
S21402FB5023009678FFF704FFA84208BFFF25FF2E72
S21402FB60214608D12846F8BD013316F823108142F3
S21402FB70DED1FF25F6E73446E6E700BF836B0020BA
S21402FB8085610020345A0020365A00202DE9F041C3
S21402FB9080460E461F46002386B001A814469DF8EE
S21402FBA030508DF80330FEF7A7FCADF804802EB176
S21402FBB03368CDF806307368CDF80A3038460AF056
S21402FBC0C7FA0DF103034219214601A804F004FF07
S21402FBD09DF8033093B931464046E8F7C1FE0E4B16
S21402FBE01B785BB10B2C09D8FF214046FFF7B8FE05
S21402FBF0064605EB4404E4B2A54202D106B0BDE8CF
S21402FC00F0812946384608F0B7FB3146FFF7A8FED2
S21402FC1002350646EDB2EFE7836B002000232DE99E
S21402FC20F3470DF107028DF8073004460E4602F040
S21402FC307EFE9DF80730054663B92046FFF762FE52
S21402FC4004465EB130880AF09FFA5FFA80F8FF2C0D
S21402FC5045D10025284602B0BDE8F087B046F6E753
S21402FC6001320C2AF5D02DB207EB8505AD78FF2DB3
S21402FC70F6D112F0FF0AECD04FEA4A050235EDB291
S21402FC80002EE7D0304605EB080108F03AFB0028C4
S21402FC90DFD1524641463088FFF788F90AF1FF3233
S21402FCA008F1010108F102093088D2B2C9B25FFA3E
S21402FCB089F9FFF77BF924B207EB8404A478FF2CBA
S21402FCC0C8D023B2494637F82320308808F064FBB0
S21402FCD00028BED109F102095FFA89F9EBE7254649
S21402FCE00022014FBFE700BF365A002008B5D5F7FD
S21402FCF095FED5F77DFA00F04AFAD6F78DFEBDE8F6
S21402FD000840D5F723B810B5044601880120D5F778
S21402FD1043FFE3880BB9C823E38010BD37B504461A
S21402FD20D5F748FF658885420ED8A188E2888142C9
S21402FD3005D3431B5343491BB3FBF1F39AB280B27C
S21402FD4040EA024003B030BD0022F8E770B50C4628
S21402FD50088800F04BF994F84430054683420FD0E9
S21402FD6004F11C06304600F07CF984F8445000F09A
S21402FD707CF9618BA0643046BDE8704000F06CB937
S21402FD8070BD38B5044690F844108378826CCB1A5E
S21402FD9059425941D5F744F8E37893B1257985B9A4
S21402FDA000F063F90346A268218A04F11C009C1A3B
S21402FDB08C4236BF52182946D11ABDE8384000F0A8
S21402FDC04BB938BD09B100F0FDB800F005B938B539
S21402FDD08388044603B3E3780088A17804F10C050F
S21402FDE0A3B10023B1FA81F1E3704909FFF7EAFFF4
S21402FDF04FF6FF72A388218993421CBF03F1FF339B
S21402FE00A3802846BDE8384000F026B90123E370F7
S21402FE10FFF7D8FFE188F4E738BD10B504468178CD
S21402FE200088FFF7CFFF0123E3700023A38010BDF5
S21402FE3010B581780446B1FA81F100884909FFF7C6
S21402FE40C1FF0023E370A38010BDFFF7F1BF70B5BA
S21402FE500446054600262B4655F8040B10B11B1B1C
S21402FE600C2B00DD70BD237C8680002BF3D0637CD8
S21402FE7013B1FFF7D2FFEEE7FFF7DAFFEBE7FFF784
S21402FE80E6BF70B5044605464FF6FF762B4655F894
S21402FE90040B10B11B1B0C2B00DD70BD8388B34214
S21402FEA0F4D04FF4FA724FF6FF731146D5F70CF8FA
S21402FEB0ECE709B100F086B800F08EB810B504463B
S21402FEC0C0600830D5F7DAFF21792088B1FA81F1CF
S21402FED04909FFF7EEFFA37943B121796088B1FAA9
S21402FEE081F1BDE810404909FFF7E3BF10BD00F0FD
S21402FEF0A9B80346184613F8012B8A4201D0002AF5
S21402FF00F8D1704710B53B2104460068FFF7F1FFB1
S21402FF100022034603F8012B2068236010BD10B5AB
S21402FF2040B1421E0A24002012F8013F303BD9B2EB
S21402FF30092900D910BD04FB0030F5E708B500F02A
S21402FF407EF808B540F2BA4200211020D5F7A2FD8D
S21402FF5041F2E823584340F6FF7300F2FF70B0FB0D
S21402FF60F3F080B208BD50F80C3C23B150F8041CE4
S21402FF7030F80E0C18477047084619B1FF211030AA
S21402FF8002F0FCBB704773B505460E466DBA1446C2
S21402FF90D5F7AAFEADF804507EB1012C04D0032C8E
S21402FFA009D00022012101E02246022101A8D7F74A
S21402FFB08BFF02B070BD0022F7E7042132460DEB3C
S21402FFC00100F4E707B540BAADF8040001A8D7F778
S21402FFD0AFFF03B05DF804FB07B540BAADF8040006
S21402FFE001A8D7F7D1FF03B05DF804FB002307B5DD
S21402FFF040BAADF804000DF1030101A88DF80330F4
S214030000D7F7EEFF9DF8030003B05DF804FB007816
S21403001000F0DF03552B07D0642807D0663818BFD7
S2140300204FF0FF30C0B2704701207047032070477F
S21403003018B12D280CBF012002207047704708B561
S21403004001F08EFF08B500F083F8BDE8084004F021
S21403005091BC50E9023018470A460830FF2102F0E7
S21403006084BBFF21083002F091BB08B50AF009FCF7
S214030070BDE8084009F020B913B500240DF10700C8
S2140300808DF8074003F028FC40B99DF807000338B5
S21403009003288CBF0020012002B010BD2046FBE7DA
S2140300A02DE9F041044600274FF00C0E8F4202DB89
S2140300B00020BDE8F0812078904204D1002594F812
S2140300C00780454502DB01370C34EFE70EFB05F6E8
S2140300D0D4F808C00CEB06003CF806609E42E8D055
S2140300E00135EEE7F0B585B005460E461746D5F75B
S2140300F01BFF0446A0B131462846D5F7CDFE8378CC
S2140301003A46002BA36831460293A3782846019308
S2140301104FF0000300930CBF80234023E4F7BCFE9C
S21403012005B0F0BD08B51288D5F7FEFE50B10279CA
S214030130BDF80C309A4207D881680298EBF7CEFADE
S214030140002008BD8620FCE78920FAE7D5F7F0BF34
S214030150002004F08BBC08B504F0F0FC002814BFA4
S2140301600320002008BD10B50446FFF785FF20B125
S2140301702046BDE81040DFF7D5BD10BD08B5FFF734
S2140301807BFF18B1BDE80840DFF7BEBD08BD70476A
S21403019008B502F0CFF9FFF7A9FDD6F72FF86420CC
S2140301A0DFF7D0FD6420DFF7BDFD02F0C5F9D4F715
S2140301B0FBFD08F0DBFCF8E7F8B5D0E90176437BF6
S2140301C004460D4613B133463E461F46FFF74DFF22
S2140301D0012D206438460ED1D4F7DCFE3046D4F722
S2140301E0FDFE257360784FF47F42BDE8F8404FF478
S2140301F08171FFF777BF022D05D1D4F7EFFE3046A6
S214030200D4F7C8FEEDE7D4F7E9FE3046D4F7E6FEAA
S2140302100025E6E738B5037B04468B420D4607D137
S21403022090F844305BB3BDE838404830FFF719BF59
S214030230FFF71BFF216C431AC72B0CD80123C831C9
S21403024084F8455084F84430091A04F14800BDE8A0
S2140302503840FFF701BF0DB1237B2BB92946204653
S214030260BDE83840FFF7A8BF00212046FFF7A4FFEC
S2140302700123C82184F8455084F84430E5E738BDA7
S21403028090F84510FFF7C6BF0121FFF7C3BF022151
S214030290FFF7C0BF0021FFF7BDBF4FF601739942BA
S2140302A010B5044602D10021FFF7B4FF2046BDE88F
S2140302B01040D6F743B9032910B504462BD0007B6C
S2140302C030B9012903D002290CBF0120FF2010BD3D
S2140302D0032A07D8DFE802F00208101401291CD00D
S2140302E002291FD0FF20F2E70029FBD1B4F85C20D7
S2140302F0012A12D0022AF4E704290ED00529F0E7D2
S214030300042914D0052914D00029EBD1B4F85C20B5
S214030310111F0129ECD80220D9E75A1E5342534134
S2140303205800D4E7022B0CBF02200120CFE70020A1
S214030330CDE70120CBE730B587B005460C46D5F7A9
S214030340E5FE012820D11CB1611E4B424B415800EB
S2140303506B784FF480728DF804304FF48273ADF8E7
S21403036006304FF48173ADF8083001238DF80B3057
S214030370002385F8900001A8CDE903238DF80A40F1
S2140303808DF81430D5F7FAFE07B030BD4168034642
S214030390C978027B99B98168C97899B9002A08BFD8
S2140303A00321D6F78FB99B7B002B0CBF01210221BB
S2140303B0F7E79B7B002B0CBF02210121F1E7012A03
S2140303C0F1D17047012AF4D17047042910B50446C9
S2140303D004D831B1BDE81040D6F7F8B905290DD0D9
S2140303E010BD037B5522002B08BF0321A0F85C1029
S2140303F040781221FFF776FE2046EBE743681A8A19
S21403040083681A82E6E70123037303780133437391
S2140304104FF44073C381032303740023A0F85C30B6
S21403042080F89030704738B504460D4601B94589C3
S2140304300123E373FFF719FEFA2202FB050020618E
S2140304402089BDE838405043FFF78DBE10B50446FB
S214030450806BD8B1E278022A04D0636B5B7972B9F9
S21403046084F83C3094F83C306BB1FFF7D6FC6078E8
S2140304704FF60272BDE810400621FFF733BEB3FA0B
S21403048083F35B09ECE7FFF7D3FCF0E710BD10B589
S2140304900446406BD4F77EFD2046BDE81040FFF7C8
S2140304A0D5BF10B50446406BD4F798FD2046BDE88B
S2140304B01040FFF7CBBF10B50446406BD4F7B4FD2E
S2140304C02046BDE81040FFF7C1BF10B50446002222
S2140304D006214078FFF706FEA378022B01D0FF2BF8
S2140304E004D12046BDE81040D6F7D2BC10BD4FF667
S2140304F00273994210B5044601D1FFF7A7FFE378CC
S214030500022B02D02046FFF7A1FF2046BDE810408D
S214030510D6F7BEBC10B50446D8B1C368CBB1DA78FB
S214030520BAB11B79ABB103899BB1B0F87C30122109
S214030530022B14BF022305235522A0F87C304078F3
S214030540FFF7D0FD218904F1BC00BDE81040FFF79A
S21403055083BD10BD10B5D0F8B4407CB103791BB190
S2140305604079D6F755FD48B9A3883BB932222046D1
S214030570BDE8104001231146D4F7A6BC10BD10B544
S2140305800446BC30FFF76DFD0023204684F8B830E0
S214030590FFF7E0FFA278237982B913B12046D6F796
S2140305A05DFD2046D6F79AFD03236078A4F87C30D9
S2140305B05522BDE810401221FFF794BD012B02D14E
S2140305C02046D6F74BFDA379012B02D12046D6F75A
S2140305D085FD0123E9E710B50446BC30FFF741FD6E
S2140305E0A378B3B92046FFF7B5FFA3788BB9237971
S2140305F013B12046D6F752FD2046D6F7B3FD0423A3
S2140306006078A4F87C305522BDE810401221FFF72D
S21403061069BD002294F8B83084F8B8206BB9237902
S214030620032B02D12046D6F719FDA379032B02D15B
S2140306302046D6F753FD0023E2E72046D6F7D4FD3F
S214030640F9E78278C3685AB9DB78002B14BF032313
S2140306500423A0F87C30552212214078FFF742BDD0
S2140306601A7922B9DB78003B18BF0123F1E702238E
S214030670EFE71FB543880C21ADF80430838801AA41
S214030680ADF80630C3681B8AADF8083090F8B03072
S2140306908DF80A3083798DF80B3003890078ADF82E
S2140306A00C3001230430C0B2ADF80E30D5F7A0FBF2
S2140306B005B05DF804FB7FB500239E6A0446B6F5D5
S2140306C0804F0D460CD201A8D6F782FF039B5B052D
S2140306D006D529462046336C04B0BDE8704018475B
S2140306E004B070BD00239B6AB3F5804F05D21B6B25
S2140306F0B3F5804F01D29B6818474FF4817070475B
S2140307001FB500239A6AB2F5804F04D340F2011056
S21403071005B05DF804FB126BB2F5804FF6D20122EA
S21403072001A8CDE902338DF80420D6F751FF039BC9
S214030730DB03EBD5029B1A0EE8D0012A03D1C3F3E1
S21403074007430A2BE2D900239B6A1B6B1B6C984753
S214030750DEE708B50AF050FAB0FA80F0400908BDA3
S214030760134610B542B103439B0707D10AF048FA74
S214030770B0FA80F0400910BD0120FCE70020FAE73C
S21403078000230360704703680B600160704710B571
S21403079038B132B129B100230139D45C14B900232E
S2140307A0037010BD8B42FAD200F8014B0133F4E715
S2140307B0034638B10020814204D01A5C02B9704760
S2140307C00130F8E770474FF0FF31FFF7F1BF70B520
S2140307D00C461646054660B15AB151B1FFF7F3FF12
S2140307E0844206D9211A32462844BDE87040FFF7F2
S2140307F0CEBF70BDFEE7FEE700239A4200D17047E6
S21403080010B550F8234041F8234001339A42F8D1FB
S21403081010BDD7F73DBB4369426CD91C143AB1FBF4
S214030820F2F103EBC1000330B0FBF2F00230704785
S21403083038B505460C46FFF7EEFF6A6CE31D143A1F
S214030840B3FBF2F3013304EBC30402FB004038BDF1
S21403085038B5054644692146FFF7EAFF6A6CE31D8F
S214030860143AB3FBF2F3013304EBC304204438BD5C
S214030870F7B507460E4600257C6CA819644280EA45
S21403088006031C4003D02C46204603B0F0BDFB6B8A
S21403089001225B6901A99847019B0133F4D1043512
S2140308A0EAE770B505460C46D9F7C8F8EB6B204661
S2140308B0BDE87040DB68184770B50025044686B06F
S2140308C00562E369AB4202D8206A06B070BD666C67
S2140308D02068E36B05225B6901A906FB05009847C0
S2140308E001A800F023FC00F046FC10B1236A013394
S2140308F023620135E5E738B50446456C006804F124
S214030900400305FB0101E06B00F042FC0546204670
S214030910FFF7D2FF284638BDF0B50546002687B058
S214030920EC69013CB44203D80C46204607B0F0BD40
S21403093001B14C1E6F6C2868EB6B05225B6901A93D
S21403094007FB0400984701A800F0F0FB00F013FC37
S2140309500028EAD121460136E2E7F0B504460D4603
S214030960466CE36B006887B005225B6901A906FB4A
S2140309700500984701A800F0D9FB00F0FCFB20B166
S21403098001A800F0AAFB07B0F0BD29462046FFF7F2
S214030990C3FF0646676C2068E36B05225B6901A903
S2140309A007FB0600984701A800F097FB431CEAD014
S2140309B0B54238BF0130E6E72DE9F0434FF6FF793D
S2140309C0D0F8248004460E46C84514BF4546002585
S2140309D0002787B0E369BB4202D807B0BDE8F083BF
S2140309E0E26B2368606CD2F814C000FB0530052266
S2140309F001A9E04701A800F099FB022806D0C845E4
S214030A000CD1721C29462046FFF775FFE3690135B2
S214030A10B5FBF3F2013703FB1255DBE72946204605
S214030A20FFF79BFFB0F1FF3F14BF02463246013289
S214030A30E8E70368F0B5CC1A436C0646B4FBF3F458
S214030A40002587B0F36937685A1E9542706C08D341
S214030A50706C336800FB043007B0BDE8F04000F06C
S214030A6095BB0134B4FBF3F203FB1244F36B05228C
S214030A705B6901A900FB0470984701A800F056FBC8
S214030A8000F079FB0028E3D10135DBE710B423F04F
S214030A90030422449B070A44436C18BF04325B4298
S214030AA081EA0204234203D05DF8044BFFF7C1BF7B
S214030AB010465DF8044B70472DE9F041D0E90A363D
S214030AC09E42044686B028D11422C369456802FBB9
S214030AD01355284606B0BDE8F0812068676C331AC4
S214030AE0B3FBF7F3E26B07FB0300D2F8148001A90C
S214030AF00522C04701A800F019FB012804D0636C47
S214030B001D44013B3340ED1A31462046FFF791FF63
S214030B100646A36AB342E0D1DBE70025F9E708B54A
S214030B2008301346D1E90012D8F70EFF012008BD9E
S214030B3013B50C46002121760093616813462246BE
S214030B40D7F7FCFA18B1E37D03B1A07EA075A07DAC
S214030B5002B010BD73B5164600F108050C462846CC
S214030B6009680DF1070200F098F9032E06D16368B1
S214030B70834203D12846216800F076F9012002B0AB
S214030B8070BDD01E009B42424241187E824211D164
S214030B901A688A420ED85A688A420BD35A690132B7
S214030BA05A61D3E9030282423FBF986840F8221095
S214030BB001321A610120704710B5032A029C07D13F
S214030BC0A26A5340626C5242134201D100F04CF9C0
S214030BD0012010BD08B5C36800209847BDE808404B
S214030BE0D8F734BF012814BF0420022070B50024B0
S214030BF042431C70CC7D101D02F002024CB91AB1A0
S214030C00012220F003001A7000F108034868184414
S214030C1070BD1AB1012220F003001A7000230C7E67
S214030C2001F12005DAB2A24201D30020F0E735F83D
S214030C3033205E1C824206D901EBC30300F108028F
S214030C40D8691044E4E73346801AEBE773B50546E4
S214030C5090F842601C4630460DF10303FFF7C2FFCF
S214030C60EB6B012E5B690DD1324601A998479DF8BF
S214030C70033013B1BDF806300193BDF8043023608A
S214030C8002B070BD0122214602B0BDE8704018478D
S214030C90F0B5054600244868EB6B87B00E46012284
S214030CA05B69029402A908309847274695F84230B4
S214030CB0012B40F0AC80632C00F2AB80612C08D88B
S214030CC005AB224631462846FFF7C0FF9DF8143091
S214030CD05BB305AB2246314628468DF81070FFF706
S214030CE0B5FF95F84230012B059B7FD14FF6FF7277
S214030CF0934256D0082205A904A800F063FA059B80
S214030D009DF81010C3F3072291424AD1DBB2029A30
S214030D101A44029245E0DCD005AB2246314628460B
S214030D20FFF794FFBDF81430D2E795F84230012B55
S214030D3039D1612C2ED822463146284603ABFFF71D
S214030D4085FF3146284604AB621CFFF77FFF31461A
S214030D50284605ABA21CFFF779FF102208230DEBEC
S214030D6002010DF107008DF8073000F02BFA102270
S214030D7005A90DF1070000F025FA039BDAB24AB97C
S214030D809DF80720B2EB132F04D1DDE9043203EB01
S214030D900243029395F84230012B14BF012302232A
S214030DA01C44013482E7302CF4D8224631462846C8
S214030DB003ABFFF74BFF3146284604AB621CFFF735
S214030DC045FF102320220DEB03010DF107008DF8DC
S214030DD0073000F0F7F9039B9AB2002ADAD19DF8A0
S214030DE00720B2EB134FD5D1049BD2E70133D8D0FB
S214030DF0102205A90DEB020000F0E4F9059B9DF80F
S214030E001010C3F307429142CBD19BB27FE7312C3C
S214030E1081D9029807B0F0BD13B500240194049C51
S214030E200094D7F767FE02B010BD13B501240194F2
S214030E30049C0094D7F75EFE02B010BD00234FF06B
S214030E40FF3230B544689C4202D10023037230BDA2
S214030E50016801EBC30541F833206A600133F2E70A
S214030E60C0E90012FFF7EABF0023F0B545689D42CC
S214030E7010D00468DF0054F8332004EBC306B2F145
S214030E80FF3F08D0C2F31302914204D14FF0FF3361
S214030E90E3517360F0BD0133E9E70023F0B545681D
S214030EA09D4202D14FF0FF300EE00468DE0054F896
S214030EB03340671C09D0C4F31307B94205D1240D88
S214030EC01470036833445868F0BD0133E8E770478D
S214030ED070B59400224605460E4609F091FE431C63
S214030EE00AD058B9224631462846EAF7F1FE0028CA
S214030EF014BF3D20002070BD6E20FCE77120FAE78A
S214030F0013B5044601A8D9F71FFE9DF806302380C3
S214030F104FF480736380D9F725FE6060002002B02B
S214030F2010BDD9F795BD08B5D9F786FD002008BDD5
S214030F3010B5044644EA010313F00303084609D137
S214030F40934201D1002010BD54F8231040F823101B
S214030F500133F5E721469200EAF7FEFCF2E710B507
S214030F60044609F049FE431C10D088B9D9F7FAFDA8
S214030F70234620F003002044984201D1002010BDF0
S214030F8053F8042B0132F7D03E20F8E76E20F6E73D
S214030F907120F4E7704713B50023044601461B226D
S214030FA00DF107008DF8073000F00CF922689DF864
S214030FB00730B3EBD26F0CBF0120002002B010BD88
S214030FC013B500230446014620220DF107008DF8D1
S214030FD0073000F0F7F80DF107001A22211D00F084
S214030FE0F1F862689DF80730B3EB926F0CBF0120EF
S214030FF0002002B010BD0068431C58425841704799
S214031000006810F07E0F0CBFC0F3C160002070476D
S2140310100068C0F3D3107047006800F07F00012813
S2140310208CBF002001207047036813F07E0F14BFA7
S214031030042008207047036813F07E0F03D140682E
S21403104020F07C40704713F078001CBF03F07F034A
S214031050D81F7047006800F07F007047032809D048
S214031060022803D1C1F10201C8B2704700290CBFA0
S21403107007200020704737B5054601F10C04436985
S2140310806946012220469847BDF8003001220193A5
S2140310902046AB6901A9984703B030BD37B501F1C7
S2140310A00C044369012269460546204698474FF6D5
S2140310B0FF72009B99B291420DD16FF30F0343F475
S2140310C0254343F0A503019301222046AB6901A9FA
S2140310D0984703B030BD0020FBE737B5044600252C
S2140310E01B22011D0DF107008DF8075000F06AF86A
S2140310F060689DF80720B2EBD06F03D120F07840EC
S21403110003B030BD0DF107001B2204F108018DF872
S214031110075000F057F8A0689DF80730B3EBD06F80
S21403112001D1C043EAE74FF0FF30E9E74BF29A22DA
S214031130036810B5B2EB134F044613D19BB2012BD1
S21403114013D1FFF7CAFF01300CD04FF6FF72E068E9
S214031150B2EB104F4FEA104309D180B2C01A18BF42
S214031160012010BD2368013303D00420F9E70220D1
S214031170F7E70320F5E701288CBF0020012070471E
S214031180033801288CBF00200120704714307047B5
S2140311902DE9F04105469846036908460E4617466C
S2140311A09847044638B943463A4631462846D8F760
S2140311B0BDFC044618B131462846FFF75CFF2046BF
S2140311C0BDE8F0811F2A0B689EBF4FF0FF319140A8
S2140311D08B43590801F055315B1A03F033319B08F2
S2140311E003F033330B44017803EB13130A444FF035
S2140311F0013103F00F334B43A2EB136202707047C7
S21403120008B507F05BFBBDE808400021D8F798BD9A
S21403121002210320D8F792BF704770477047704784
S21403122070B5054614460E4609F0D1F92B685C40A6
S21403123034405C402C60BDE8704009F0C3B910B57B
S214031240002422B1032A0CD00360047110BD11F4EC
S214031250000218BF4FF07F4221F07F4313430C0E6A
S214031260F2E721F0FF03CCB2EEE730B5012400F538
S214031270805345685C60CB784A785B0443EA022374
S2140312800A7813438A78120402F480321343C0F8B0
S2140312909830EB075CBF00F50050446030BD70B576
S2140312A001260C46054600F500535E600B78497828
S2140312B003F0070343EAC103E17843EA0123A17875
S2140312C0090101F030010B430367C36AA17923F4D4
S2140312D08B3323F4807343EA01432179090201F433
S2140312E0E0610B436179090301F480510B43C36248
S2140312F01146FFF7BAFF05F580535E60E37903B145
S214031300EE6070BD08B50A6FC96F02F00702FFF7FB
S21403131096FF08BD13B5044601A8D9F715FC042C9F
S21403132004D8DFE804F0061603101300002002B00A
S21403133010BD40F29C4040F2BA439DF80520012AB6
S21403134008BF1846F3E740F6B830F0E74FF41660E8
S214031350EDE740F2E240EAE74FF050234FF4003265
S2140313601A6770474FF0B0435A6812B19A6A002A58
S214031370FAD1704770B5054614460E4609F027F9AC
S2140313802B685C4034405C402C60BDE8704009F03C
S21403139019B90122417803788A4030214B4342F23F
S2140313A0100103F1A04303F570335A50704721FA36
S2140313B000F2D20730B5034600F0FC040FD5002236
S2140313C00132D2B2042A02D14FF0FF3008E083186C
S2140313D003F00303234421FA03F5ED07F0D418467C
S2140313E030BD002070470020704700207047002063
S2140313F0704701207047012070470F207047EBF7B6
S21403140081B9002307B5CDE90033012369464FF0C0
S214031410FF308DF8023004F058FB03B05DF804FB90
S2140314200020704710B508B9212010BD0029FBD055
S214031430036813F0704205D1C3F30E030B607BB150
S2140314400020F2E703F05044B4F1004F05D0B2F1A8
S214031450304F02D0B2F1404FE6D103F07F03EDE701
S2140314604368002BE0D00B60EAE737B50C46054629
S21403147010B9212003B030BD0029FAD0002301A9FA
S2140314800193FFF7CFFF0028F4D12968019A11F0E2
S214031490704102F1030222F0030201D12260E9E760
S2140314A0AD68B1F1004FC5F38033C5F3403504D1C1
S2140314B003EB450353432360DCE7B1F1204F01D12F
S2140314C02B44F7E7B1F1304FFAD0B1F1404FF7D0E4
S2140314D0CFE737B50C460546002800F0878000297D
S2140314E000F0848000230B60036803F070430B60F6
S2140314F0C26822B1032A79D143F080630B60AB68DC
S2140315009A0149D403F08073EA680AB9002B6DD1B7
S214031510226822F0407213432360EA68032A05D147
S2140315202A69F62A62D962F317432360AB681B0461
S21403153042BF236843F400432360EB68032B1FBFBB
S21403154023682A6862F30E0323602B68AA68002BBD
S2140315502ADB12F4C84F49D12B6803F0704303F11A
S2140315600043B3F1804F05D2530542BF236843F4CB
S214031570806323600023284601A90193FFF752FFE7
S21403158040B92B6813F070421FD12368019A62F3A7
S2140315900E03236003B030BD03F04073B3F1407F06
S2140315A018BF4FF00073AFE7500402F4005105D4A0
S2140315B0E1B1236843F400532360CDE7236843F483
S2140315C0804323600029C7D0F3E703F05043B3F109
S2140315D0004F05D0B2F1304F02D0B2F1404F05D1E3
S2140315E0019B5A1E236862F30603D2E72120D1E744
S2140315F038B131B101234B604FF0005300208B60AC
S21403160070472120704737B50C46054608B9212098
S21403161016E00029FBD001234B60C368A3B901A9D8
S2140316200193FFF722FF58B9019B6A699A4209D3CF
S2140316302A69002AEBD0226043F000530020A360FF
S21403164003B030BD1D20FBE7032BE0D10023F5E7F5
S214031650436813B9416070475B685A68012AFBD137
S21403166059607047FFF7DCBE08B5FFF7D9FE0028C0
S21403167014BF6FF09200002008BD1346428870B571
S2140316800732072A0C464FEAD20101D0A14222D1E3
S21403169046680588202218460021E9F7CDFF360A5A
S2140316A00346DEB9BCB141F20102954205D0B5F559
S2140316B0885F02D0B5F5905F02D100205C6070BDF4
S2140316C0B5F5105F0DD1182C03D0202C01D0102CAB
S2140316D001D11C60F1E76FF08600F0E76FF08B0036
S2140316E0EDE76FF08500EAE7F0B51C46436806466B
S2140316F01B0A0F46154689B035D122462946FFF701
S214031700BCFF68B9EB1C23F00303C4E9030763615A
S21403171045B9202200212046E9F78EFF6FF08600A8
S21403172009B0F0BD014620226846E9F785FF6A4600
S21403173029463046FFF7A1FF0028EAD12368009A1E
S2140317409A42E6D16368019A9A42E2D1A368029A62
S2140317509A42DED1A369069A9A42DAD1E369079AD6
S2140317609A42DDD0D5E76FF08B00D9E7D9F734BDC1
S214031770D9F74EBE70470020704700207047C368F5
S2140317801944836853F8210030F8023B136070470E
S214031790012310B580F888300378044653B100F06F
S2140317A061FA21462046D9F725FF2046BDE81040BA
S2140317B000F04DBA10BD38B50D460446D9F702FF02
S2140317C06B682046C4F8B032A96800F096F94FF06B
S2140317D0FF332046C4F8B432FFF7CDFF38BDD0F848
S2140317E0B43210B50133044601D0002010BD00F01A
S2140317F0BCFAC4F8B4020130F7D194F8B80280F00A
S2140318000100F3E708B5D9F719FF08BD0A780138D0
S2140318102D2A0ABF012200228918D9F76BBF072891
S2140318201BD8DFE800F0060A0D1013150417012075
S214031830704700220820D9F75DBF00221020FAE780
S21403184000222020F7E70820FFF7E0BF1020FBE781
S2140318502020F9E70846D9F7AFBF002070472DE9E7
S214031860F74307280C46DDE90A7690461D4608D856
S214031870013806280AD8DFE800F01D27303A445717
S2140318804A00212850D003B0BDE8F083002220464A
S2140318901146E9F79DFE3368C0B205EB83013A684B
S2140318A045F82300013348F8221033603B680133C0
S2140318B03B60E8E7002220461146E9F789FE3368D5
S2140318C080B205EB8301EAE7002220461146E9F7DA
S2140318D07FFE336805EB8301E1E7002220461146CD
S2140318E0EAF724F8336840B205EB8301D7E7002212
S2140318F020461146EAF71AF8336800B205EB83016F
S214031900CDE7002220461146EAF710F8E1E7002368
S21403191089461E461D468DF8063019F8013F7D2B75
S21403192006D125702D0A65703B6848F82340BDE74D
S214031930202BF2D006F00102013612B98DF80430DE
S214031940EBE71022002101A88DF80530E9F7EEFF3A
S214031950631901359870ADB2DFE72DE9F04F9B466A
S214031960002385B08B45814688469246CDE90233EF
S2140319706BDC1A461E4619F80340212C09D81F2C87
S21403198004D8103C072C98BF012200E0012601333F
S214031990F1E7FF2CFBD15B4436B1013B43450ADD3F
S2140319A02B2005B0BDE8F08F62B1013B4345F7DC61
S2140319B03546374602E000252F462E46454504DBCE
S2140319C00020EEE79845F3D0EAE75D453BDB19F8E0
S2140319D00730202B18D109EB07035B78FF2BDFD1E9
S2140319E0CEB920465AF82510FFF719FF78B303AB94
S2140319F0019302AB00932046DDE90E235AF8251027
S214031A00FFF72DFF0135D9E7212B0ED109EB07038D
S214031A105B78FF2BC4D1029B5AF825200E9901262A
S214031A2041F8232001330293ECE7A3F11004072CBB
S214031A3002D91C460137D3E709EB07035B78FF2B74
S214031A40AED1E4B2CCE70624CAE72120A9E72620D4
S214031A50A7E72DE9F04F07460E4615469846044677
S214031A6085B0DDF84490DDE90FAB206808B3DAF8FB
S214031A700020D8F800108A421BDA0E9B53F8221077
S214031A80D6F73AF948BBDAF800200132CAF8002044
S214031A906268117BFE291BD10E9B106801210093FF
S214031AA02A464346CDE902B9CDF804A0FFF7D1FF95
S214031AB004462B7843B999F800302BB97EB101233D
S214031AC03C4689F800302B70204605B0BDE8F08F01
S214031AD001238BF800302B70EBE70C34C5E7344654
S214031AE0F2E710B50446236803B910BD237A13B989
S214031AF02046D9F797FE0C34F5E710B541B10A79BD
S214031B0032B901249C300C71FEF73DFE204610BD11
S214031B100020FCE72DE9F041BAB005460AAA0846BC
S214031B2003A900F05FF90446B0B90DF10A03019367
S214031B300DF10B038DF80A0000930AAA284604AB9E
S214031B4003A9DAF71FF89DF80A20B2B19DF80B2017
S214031B5048B12AB1D9F766FE20463AB0BDE8F0810F
S214031B60FFF7BFFFF8E7D5F89C50002DF4D0A86820
S214031B7008B1FFF7B6FF2D68F7E700B346681AAB60
S214031B8006F10C082AAF01934046049B039900977D
S214031B900AAAFFF7E2FE04460028DDD1039B05A848
S214031BA0CDE90637049B0595CDE90838DBF7B2FA8D
S214031BB005A83368984705A800F03FFDCCE72D2419
S214031BC0CAE710B50446AC30E9F732FC04F1AB03C0
S214031BD01A180020934200D110BD13F8011F0029E4
S214031BE0FAD00A2908BF0130F4E70023F0B50B60EA
S214031BF013600646D0F8AC0278B196F8AC0060B134
S214031C00012406F1AC07D6F8AC02844210D306F1E1
S214031C10AC00B3F5007F10D30120F0BD0D6801358D
S214031C200D60156801351560F85C01330A2802D08B
S214031C30B3F5007FF2D30134E5E7C15C0A29EBD0A4
S214031C400029E9D01168013301311160E1E710B5CD
S214031C500021D0F88C200446E9F7EEFC0023C4E903
S214031C60243310BD73B5044600F1AC05802120462D
S214031C70FEF79EFD4FF4007106462846FEF798FDD4
S214031C800136C0F50070864220461FD8E9F7D0FB20
S214031C9006462846E9F7CCFB01362946421CA81916
S214031CA0E9F71CFD2046E9F7C3FB21460246284612
S214031CB0E9F752FE2046E9F7BBFB0A23204480F8E7
S214031CC0AC300023C4F8AC3202B070BDFFF779FF26
S214031CD001AAC4F8AC0269462046FFF786FF002235
S214031CE0009B234483F8AC20C0E773B50D46044637
S214031CF0FFF767FF6B1C19D1D4F8AC3213B1013B65
S214031D00C4F8AC3200252046E9F792FBA84215D862
S214031D102046FFF79CFFD4F8AC322BB16946204629
S214031D2001AAFFF762FFA0B902B070BD012DFBD177
S214031D30D4F8AC328342F7D20133E1E7082000F04F
S214031D4023F8202000F020F8082000F01DF80135C5
S214031D50D9E7009D04F1AC06019BAB42E4D9715D63
S214031D602046DAF73DF80135F6E707B500200DF112
S214031D70070100F0E7F820B99DF8070003B05DF807
S214031D8004FB4FF0FF30F9E710B5C1B2044600205C
S214031D9000F0C8F800280CBF20464FF0FF3010BDF7
S214031DA00FB407B504AA52F8041B00200192DAF711
S214031DB0B3F9002003B05DF804EB04B0704710B528
S214031DC04C1C0B460119045D222C03D07B2C01D03E
S214031DD05C2C05D1D21A1844E9F780FC012010BD0B
S214031DE00020FCE72DE9F047054691468846E9F7CB
S214031DF01FFB2A4606461346197801322029FAD0D5
S214031E00C9F800305C1B01236FF0404AC8F8003065
S214031E10A64201D8002014E02F5D29197B2F12D08B
S214031E20222F2ED1D8F80030621C53442A4449F896
S214031E302320012C09D911F8013C13F0DF0F04D03D
S214031E402120BDE8F0877D27F3E701342B5DBB42F5
S214031E5009D12B195B7813F0DF03F1D1222F00D1C0
S214031E602B550134D4E75C2B07D13246214628464E
S214031E70FFF7A5FF0028E3D0013E0134A642E5D8CC
S214031E80DEE75C2F08D1324621462846FFF797FF48
S214031E900028D5D0013EE4E7202FE2D10022631CC0
S214031EA0B3420A70DDD2EA18EB5C202BD9D0D8F8FF
S214031EB000300F2B05DC49F823200133C8F8003027
S214031EC0CFE71E20BDE700F000B800207047D5F727
S214031ED001BF70B50C46154610B9DAF711F938B1DB
S214031EE043682BB12A462146BDE870400068184770
S214031EF0232070BDF7B50D4616461C4638B9DAF7EB
S214031F00FFF804B901AC20B9232003B0F0BD03B930
S214031F1001ACC768002FF7D023463246294600682F
S214031F20B847F2E707B501228DF807100DF1070150
S214031F30FFF7CFFF03B05DF804FB0B4601461846D8
S214031F40FFF7F0BF00230122FFF7D4BF08B508F060
S214031F5039FCFA23B0FBF3F080B208BD04207047C7
S214031F6040F20160DAF7C2B97047012070470020DB
S214031F70704749BA89B280EA0103C3F30312534098
S214031F80180380B258405B0103F4FF535840704770
S214031F9008B5DAF777FD58B1A0F15903042B06D834
S214031FA0042B04D8DFE803F00404040304005C20D5
S214031FB008BDDAF7BFBE7047F8B50C468D1807356F
S214031FC052421540A5F108070646384600F0DFF9E9
S214031FD0A188381B628801EBE00189B2A2EBE0021C
S214031FE025F8041C25F8062CA288C310AAB1A4EB76
S214031FF0C202B2F802C0D18003EB0C015180E28822
S21403200092B1D31A9BB204EBC20425F8023CA38018
S214032010B3680344B3603846F8BD15F8082C42F09D
S214032020020205F8082CEAE725F8022CF0E72DE96A
S214032030F04F4FF0000887B09946531C109B054697
S214032040174614BF14460824CDF81480002B00F05E
S214032050C580C3F80080002900F0C28042688A4227
S21403206040F2BE80073121F0070608F0BDFA05AA44
S214032070CDE9008282463A464B463146284600F072
S2140320808AF9059F834607B130B9504608F0A7FA88
S214032090192007B0BDE8F08FB7F8028029694FEA28
S2140320A0C802C0EBC8080139B8F1270F29617AD9ED
S2140320B0B9F1000F51D1864206F1080848D02246EE
S2140320C039462846FFF778FF04460590059B984453
S2140320D0404600F05CF9059906F10F004A88C308EC
S2140320E0A2EBD002A8F80220CA88A8F80430002A77
S2140320F030D0D31A9BB201EBC202A8F80630938005
S2140321008B88F608A380B8F804303A46E380414645
S21403211000232846668000F0A6F9AB680833AB6058
S214032120237843F0010323702B6901332B61628804
S214032130AB68504603EBC203EA68AB60934288BFC2
S214032140EB6008F04CFA109B083400201C60A0E7F4
S2140321503C46BBE7A8F80620D2E707EB0804204670
S214032160039200F014F90BF10703DB08059963806B
S21403217008F10703DB08A380CB8893B1DB00039A3F
S214032180D81D821A5A44C2F3CF020B44E2809A80C7
S214032190A38808F1FF384FEAD808A1F80280CB805D
S2140321A0BBE7E380F4E7B9F1010F1BD107F108039E
S2140321B0B3FBF4F204FB1233B3B122463946284686
S2140321C0FFF7FAFE044623783A4643F001032370EA
S2140321D021460123284600F046F9A8E7222058E7BF
S2140321E0212056E78642E8D13C46ECE707B50022B5
S2140321F04FF0FF3101AB0192DAF7FCF9019803B017
S2140322005DF804FB2DE9F74F04460D46002900F060
S214032210AB80D0E9056808F0E7F915F8087C35F8CF
S214032220061CFB07009000D531B9009808F0D7F9D3
S214032230012003B0BDE8F08FA368D4F8109035F8FA
S21403224004ECA3EBC10B09F10103A5F1080C4A1C2E
S214032250C4F808B02361BEF1000F7BD0ACEBCE030D
S214032260D888B3F802A00190187807F00207C007D1
S21403227065D4002F64D10198A0EB0A07012F69D11A
S2140322808A1CABF108075244C4F81090A76035F8CF
S21403229002ECBEF1000F61D0D4E900700CEBCE0A5D
S2140322A007EB0009CA4559D21CF83EC057461CF036
S2140322B0010C15D1AEEB0101012911D1BAF80210B8
S2140322C0AAF802C001310A44BAF80610002943D01E
S2140322D00AEBC107216901392161A1680839A160A8
S2140322E015F8081C013A21F0010105F8081C002125
S2140322F025F8061C5A801A7861F300021A707FB319
S214032300C3F107023A44C2F3CF02DA80BA804EB36F
S214032310B34227D37288002A08BF1E46B8F1000FBF
S21403232006D0434504D8B8F80220002A18BF43460F
S2140323300098C4E9056308F052F9002079E74FB125
S21403234015F8087C724427F0020705F8087C002776
S2140323509F809CE763469AE70F46BBE70027BFE7E5
S214032360DF80D4E71E46D9E7222062E710B504468D
S214032370DAF758F92146BDE81040FFF743BFFFF7E9
S214032380F5BF0846FFF732BF0846FFF7F8BF00233E
S214032390036043607047F0B5D0E90554561C08BF88
S2140323A00822002B4FF0000008BF2C46DDF818C0AB
S2140323B0CCF80000002C37D09DF814706588FF0019
S2140323C007EBC505C2F1000E2078C00708D51BBB76
S2140323D0E088A0B104EBC004658807EBC505F3E706
S2140323E08D42F4D363B904F10806B6FBF2F002FBA0
S2140323F0106670180EB1A842EAD8CCF80040F0BDBB
S214032400082A0FD06088013004EBC000461A06EA9B
S2140324100E06801B8542F0D2A0880028EFD0A4EBDE
S214032420C004D9E70846E8E72046E8E7034600691C
S214032430C0B10AB951B91A6810460378DB0711D53B
S21403244031B9C3885BB100EBC300F6E79A69F3E7DB
S214032450012904D1838823B1A0EBC300EDE7002054
S2140324607047184670472DE9F041D0E905540746F2
S21403247088461646ABB1954200D00ABB42460021B9
S2140324803846FFF7D3FFB442054600D02EB942467E
S21403249001213846FFF7CAFF0446C7E90554BDE8DD
S2140324A0F081954208D08D4228BF0D46B44205D030
S2140324B0444538BF4446F0E70D46F7E74446ECE7A5
S2140324C09442EAD1E3E770B500261C46C3E900014F
S2140324D0C3E90266C3E905001E611A775E62FFF769
S2140324E056FF23690139C908013341802361A36874
S2140324F030460833A360E3680833E36070BD002307
S21403250007B5684600938DF80430D8F707F803B08C
S2140325105DF804FB10B508F05AF8044606F060FAB6
S2140325202046BDE8104008F04DB870474FF4C87019
S214032530DAF7D8B8DAF78AB900F01CB870477047EC
S21403254008B503F001F903F009F903F010F903F0F5
S2140325501FF9BDE8084003F02EB9704708B503F02D
S214032560EEF803F0EDF803F0ECF803F0ECF8FFF701
S214032570F4FF08BD08B503F01FF903F01EF903F0D6
S2140325801EF9BDE8084003F021B9704701207047E3
S2140325902DE9F34112F001050446884622D110F0D6
S2140325A0030525D12F465208BA4209D1D8F744FA73
S2140325B00026B74204EB860008D1D8F749FA11E0A3
S2140325C054F8273001330CD10137EDE7042258F8CD
S2140325D026300DEB0201019308F012FB30B1D8F759
S2140325E037FA3D25284602B0BDE8F0810136E0E71C
S2140325F00125F7E77047B0F1006F0FD300F078437B
S214032600B3F1006F0CD000F06040B0F1404F09D03A
S214032610B0F1604F14BF04200320704700207047BA
S2140326200120704702207047002070471AB111B18D
S21403263080B2DAF77FBB2120704701F056BEE3F77E
S214032640A9BCFFF78DBCD0E9023253F82230002133
S2140326501878E3F7F1B8704702F08CB901F0DABDE9
S214032660C3688268013BDBB252F823305B78652B84
S21403267002D10020E5F730BC6E2B01D10120F9E72B
S214032680662B01D10220F5E7704710B5D0E9023278
S214032690044653F82230187802F046FAE368A26834
S2140326A0013352F82330BDE81040187802F03ABAE6
S2140326B010B50446C0B2DBF70BFD200ABDE8104098
S2140326C0DBF706BDD0E9023253F822301878DBF781
S2140326D007BE02F0E1B9E4F7FDB808B501F0B8FEAD
S2140326E0BDE80840E5F7E6BAD0E9023253F82230EF
S2140326F0186801F0ABBE0020E5F7E2BB0120E5F762
S214032700DFBB0221DBF782BD0321DBF77FBD05219B
S214032710DBF77CBD08B501460C20DBF753FDBDE8AF
S2140327200840DBF7E1BC08B501460020DBF74AFDAD
S214032730BDE80840DBF7D8BC07B5C2688368043237
S21403274053F8223001211B880DF10602ADF806303E
S2140327500023DCF7DFFA03B05DF804FB08B508F0E6
S21403276045F8BDE80840F1F763BD10B51446DCF73D
S214032770EDFD2146BDE8104007F0D6BD08B5DCF7F1
S214032780E5FDBDE80840002107F0CEBD08B5DCF73F
S214032790DDFDBDE80840F1F781B908B5DCF7D6FDE5
S2140327A0BDE8084008F085B908B5DCF7CFFDBDE8FD
S2140327B00840F1F75FB97047704708B508F016F898
S2140327C0FFF7FAFF03F065F8BDE80840DCF70ABE3A
S2140327D07047012070470120704708B5DCF79EFE5E
S2140327E000280CBF0420012008BD70472DE9F341E3
S2140327F004460D4616461F46DDF8208008F08EF880
S2140328003B46324629462046CDF8008003F043F87F
S2140328103B46324629462046CDF80080FFF7E5FFC3
S21403282002B0BDE8F04101F060BD2DE9FF47044664
S2140328300D4616461F46BDF830809DF83490DDF8E9
S21403284038A008F06BF83B46324629462046CDE9C9
S214032850019ACDF8008000F0FDFF04B0BDE8F04714
S21403286001F043BD704708B508F058F803F016F8B2
S214032870FFF7F8FFBDE8084001F037BD01207047B9
S2140328802DE9F74304460D4616461F469DF8289045
S21403289008F044F83B46324629462046CDF80090D9
S2140328A0FFF7ECFF80463B46324629462046CDF8E6
S2140328B0009002F0F4FF01F018FD404603B0BDE8B7
S2140328C0F083012070472DE9F74304460D4616466C
S2140328D01F469DF8289008F021F83B4632462946C5
S2140328E02046CDF80090FFF7ECFF80463B46324685
S2140328F029462046CDF8009002F0D2FF01F0F5FC01
S214032900404603B0BDE8F083F8B504460D461646C8
S2140329101F4608F003F83B4632462946204602F097
S214032920C0FFBDE8F84001F0E0BC00207047F8B5F2
S21403293004460D46164607F0F1FF32462946204662
S214032940FFF7F3FF074632462946204602F0AAFF62
S21403295001F0CBFC3846F8BD38B504460D4607F003
S214032960DDFF2946204602F09EFFBDE8384001F011
S214032970BCBC10B5044607F0D1FF204602F094FF16
S2140329802046FDF7E3FBBDE8104001F0AEBC704700
S21403299038B504460D4607F0C1FF2946204602F027
S2140329A095FF29462046FFF7F2FFBDE8384001F0C1
S2140329B09CBC704770B504460D46164607F0AEFF3E
S2140329C032462946204602F083FF324629462046F1
S2140329D0FFF7EFFFBDE8704001F087BC704738B5DE
S2140329E004460D4607F09AFF2946204602F072FF7A
S2140329F029462046FFF7F2FFBDE8384001F075BCD4
S214032A00704738B5054607F089FF284600F0EFFE05
S214032A1004460146284601F0ABFF01F066FC20465B
S214032A2038BD38B504460D4602F056FF2946204603
S214032A30FFF7E6FF38BD704738B5054607F06EFF6B
S214032A402846E3F753FA04460146284601F08EFF6C
S214032A5001F04BFC204638BD38B504460D4602F05F
S214032A603CFF29462046FFF7E6FF38BD704710B502
S214032A70044607F053FF204602F030FF2046FFF7D8
S214032A80F5FFBDE8104001F030BC704738B504468A
S214032A900D4607F043FF2946204602F021FF29464C
S214032AA02046FFF7F2FFBDE8384001F01EBC704732
S214032AB070B504460D46164607F030FF32462946E3
S214032AC0204602F00EFF324629462046FFF7EFFF68
S214032AD0BDE8704001F009BC704738B504460D46A2
S214032AE007F01CFF2946204602F0FCFE2946204636
S214032AF0FFF7F2FFBDE8384001F0F7BB704738B583
S214032B0004460D4607F00AFF2946204602F0EBFE70
S214032B1029462046FFF7F2FFBDE8384001F0E5BB43
S214032B20704710B5044607F0F9FE204602F0DCFEB7
S214032B302046FFF7F5FFBDE8104001F0D6BB70470F
S214032B4010B5044607F0EAFE204602F0CEFE204605
S214032B50FFF7F5FFBDE8104001F0C7BB70477047AD
S214032B6070B504460D46164607F0D8FE324629468B
S214032B70204602F0BDFE324629462046FFF7EFFF09
S214032B80BDE8704001F0B1BB704710B5044607F0CE
S214032B90C5FE204602F0ADFE2046FFF7F5FFBDE872
S214032BA0104001F0A2BB704738B504460D4607F047
S214032BB0B5FE2946204602F09DFE29462046FFF72D
S214032BC0F2FFBDE8384001F090BB704770B504468D
S214032BD00D46164607F0A2FE32462946204602F068
S214032BE08BFE324629462046FFF7EFFFBDE87040CE
S214032BF001F07BBB70472DE9F34104460D461646AC
S214032C001F46DDF8208007F089FE3B4632462946FC
S214032C102046CDF8008002F070FE3B463246294639
S214032C202046CDF80080FFF7E5FF02B0BDE8F0418F
S214032C3001F05BBB0E2070470E20704738B5044684
S214032C4007F06CFE2046FFF7F7FF0546204602F026
S214032C5055FE2046FFF7EEFF01F047FB284638BD3A
S214032C60002070470020704738B5044607F056FE2C
S214032C702046FFF7F7FF0546204602F040FE2046B3
S214032C80FFF7EEFF01F031FB284638BD704708B565
S214032C9007F044FE02F034FEFFF7F8FFBDE80840F5
S214032CA001F023BB002070477047704708B5DCF778
S214032CB007FD00280CBF0420012008BD70470B68E1
S214032CC0DA7B1AB9DB7C0BB9DCF71EBD81207047B3
S214032CD008B5DCF731FDBDE80840DCF73BBD7047BF
S214032CE0DCF72ABDDCF736BD082808D84FF48B730B
S214032CF0C34013F0010F0CBF212000207047212092
S214032D0070470121DCF718BE0221DCF715BE04214B
S214032D10DCF712BE0821DCF70FBE1021DCF70CBE71
S214032D2008B500F026F808B1002008BDDCF754FE0D
S214032D300028F9D1DCF762FE0120F6E7152808B56E
S214032D4003D1BDE80840DCF74DBE01F089FE60B94B
S214032D50E2F720FC032806D100F009F828B9BDE8FD
S214032D600840FFF7DDBF0028EBD008BD7047002002
S214032D7070470020704708B5DDF726F8FA23B0FB46
S214032D80F3F008BD0321DDF74FB801207047D0E903
S214032D90023253F822301878DDF74EBA0868C37B40
S214032DA01BB9C37C0BB9DDF777BA81207047D0E92E
S214032DB0023253F822301878DDF7B0BA704730B5D0
S214032DC00546044615F8100B85B0029565691D4443
S214032DD0CDE900250B46A21D618801F023FE05B050
S214032DE030BD704710B492F80A4192F8053103EBF0
S214032DF004230B8100235DF8044B1A4601F010BE32
S214032E001FB50446084671B12178FF290BD0238BE2
S214032E10029363690193237C00936288A31DE3F7FF
S214032E2081F8FF23237004B010BD0868C37B73B911
S214032E30C37C032B0BD8DFE803F002080406DDF798
S214032E406DBDDDF79DBDDDF7CDBDDDF77BBD812017
S214032E5070477047704700207047137810B5032BF0
S214032E600CD15479CBB29C4208D19379B3EB112F92
S214032E7004D153781B1A5842584110BD0020FCE772
S214032E807FB505460E4600246946E0B201F076FD9E
S214032E9028B96A4631462846FFF7DFFF18B90134DA
S214032EA0202CF1D1002004B070BDFFF7E9BF0868FD
S214032EB0C37B9BB9C37C052B10D8DFE803F0030D57
S214032EC0070B0905DDF732BEDEF76EB8DDF7C8BEC1
S214032ED0DEF71AB8DDF798BFDDF76ABE81207047C4
S214032EE00020704730B5102587B001AA0021019550
S214032EF0FEF745FC04462A46002102A8E8F79CFB99
S214032F002A46214602A8E8F7E9FB012102A8DEF7D4
S214032F1029FA07B030BDDEF7B7B97047FFF7FDBF34
S214032F200B68DA7B5AB9DB7C012B04D0022B04D066
S214032F302BB9DEF73BBEDEF745BEDEF74FBE81207C
S214032F407047002307B5012101A80193D4F71AFDA2
S214032F5008B9D4F753FB012003B05DF804FB08B5AA
S214032F6002F030FA052803D0003818BF012008BD48
S214032F700220FCE77047D0E9023253F82230187873
S214032F80003818BF0120E0F7A9B9E0F7ADB9002073
S214032F907047002070477047FF207047FF20704738
S214032FA000207047002070470020704770470620B7
S214032FB07047DFF751BC0868E0F72AB970B50D46CD
S214032FC0044600212846164601F074F9324620804E
S214032FD00221284601F06EF9324660800421284615
S214032FE001F065F90023A360E3606060082070BD0C
S214032FF0034641B181424FF0640005D94343B3FB16
S214033000F1F0C0B2704708467047E0F77BB9E0F7C7
S21403301071BFE1F779B8B0F5807F05D0A0F50073EE
S21403302058425841400170470820704730B599B060
S2140330300D4669461446E0F7CBFF30B915B1BDF827
S21403304002302B600CB10D9B236019B030BD2DE907
S214033050F04788B00E46904604A905AA07461D46C3
S214033060FFF7E4FF044638BB28800DF10C09DDE9C1
S21403307004A39A4520D2062251463846CDF800903E
S21403308006ABE0F7C1FFD8B9039B062B18D12A88F5
S214033090DDF81A3042450ED2BDF8181026F8321065
S2140330A02A8806EBC20253602A8853440132063349
S2140330B02A800493DBE7F7D9204608B0BDE8F087FB
S2140330C00124F9E72DE9F0438FB00F46904601A996
S2140330D0002204469946FFF7A9FF18B101200FB056
S2140330E0BDE8F083062220460DF1020302A9FFF78E
S2140330F0AEFF0028F2D105460246BDF80210019C39
S214033100EEB28E42EAD20EAB03EBC60656F82C3C62
S21403311036F8306C0634BE4217BFE4180122134655
S2140331200022013522B1C8F80040C9F80030D6E7BE
S2140331301A46E5E770B50024012602F01DF9E5B24C
S214033140C26806FA05F59542234604F10104F4D352
S214033150D8B270BD70B586B0E0F788FD00F11006F2
S214033160E6F7F4F800240546142201A9301902F004
S2140331700AF91CB99DF80430FF2B16D0002303F17F
S21403318018026A4412F8142CFF2A06D11C44601E47
S21403319090FBF5F080B206B070BD2B44DBB2132B68
S2140331A0EDD91434B4F5826FDED14FF0FF30F2E779
S2140331B0E0F792BB07B504220DEB020102F0E3F839
S2140331C0019803B05DF804FB37B5054608460C4680
S2140331D0FFF7F0FFA84206D0042220460DEB0201BB
S2140331E00195E6F705F903B030BD07B50B46009227
S2140331F0002102460120E0F701FC03B05DF804FB62
S21403320008B50121E0F732FBBDE80840E6F79CBAB3
S214033210E0F770BE08B5FFF7F3FF002008BD08B55A
S21403322013460A4601461846E0F77CFC80F0010088
S214033230C0B208BD00207047704708B1E0F77ABFF8
S214033240704730B4DDE902451DB1029430BC00F08E
S214033250C6B930BC70471F2804D8142200F5A03026
S214033260D9F732BE70471F2804D8142200F5A030C1
S214033270D9F756BE7047152808B505D1FFF7DCFF0A
S214033280BDE80840E1F79CB808BD10B5142486B025
S2140332902246002101A8E8F7CFF92023224601A9F8
S2140332A04FF4A03001F078FC06B010BD0020704744
S2140332B013B500230C461A460146CDE90033E0B2A7
S2140332C0E1F742FE02B010BD13B500231446019089
S2140332D001220093E0B2E1F737FE02B010BDD0E959
S2140332E0023253F822301868E1F7A6BF1944914218
S2140332F00ADC4218002003B9704712F8011D013B8F
S21403330001EB0020DBB2F6E7002070472DE9F04F13
S2140333104FF0000A85B0019381460F461546534683
S214033320019A11785FFA8AF2914203D8002005B019
S214033330BDE8F08F019909EB050801EB42025178CD
S21403334092F802B011F04004009101F03F061BD042
S214033350AC19BC42D4BF0024012433466400A20740
S21403336040F18880009B1B0640F192800E9B3246FC
S21403337003EB0B000021E8F75FF93D4600231D44ED
S214033380ADB20AF1010ACBE7042E07D866B1B31E25
S214033390022B0BD8DFE803F0122130003E2E37D085
S2140333A03F2E5BD03D2E4BD00320C0E7BD4234BF3B
S2140333B000240124012664003346D0E7AB1CBB423D
S2140333C050DC02233A4629464846FFF78FFFADF8FE
S2140333D00A0002230DF10A08C1E7EB1CBB4243DCDB
S2140333E003233A4629464846FFF780FF0390042600
S2140333F003230DF10C08B2E72B1DBB4236DC042376
S2140334003A4629464846FFF771FF03900423F0E740
S2140334107A1E95422CDA02233A4629464846FFF797
S21403342065FF4FF6FF7380B298420EBF0223023049
S21403343083B25C19A742B4BF0324012404268EE793
S214033440BD4215D298F80030FF2B0CBF0123013381
S214033450EC18BC42CCBF03240124EFE70124042666
S21403346000237CE73446B4E70224C0E70224CDE712
S2140334700324E3E70E9A02EB0B0014B142F80B8029
S2140334807DE7324641460093E8F766FA009B76E707
S21403349002204CE710B5144686B018811A460A9BDC
S2140334A00291CDE9034301230193099B014600934F
S2140334B00320BDF82030E1F783FF06B010BD1FB52B
S2140334C000240294079C0194BDF818400094FFF76B
S2140334D0E1FF04B010BD2DE9F0410E461746054640
S2140334E086B098B391B38AB34FF0000802A95FFA87
S2140334F088F001F043FA044640B99DF80830032BE0
S21403350008D008F10108B8F1200FEFD1204606B025
S214033510BDE8F0819DF809202B799A42F1D1BDF8D8
S2140335200A206B889A42ECD19DF80C30BDF80D004A
S2140335306B7128812B4622464FF6FF71CDE9006753
S214033540FFF7BDFF0028DCD00446DFE72124DDE7D4
S21403355010B586B00A9C04949DF824400394BDF8E5
S214033560204002940124CDE9003413460A4601465E
S2140335700620E1F725FF06B010BD1FB50446084632
S214033580194600230094CDE90123079BBDF81820B4
S214033590FFF7DEFF04B010BDF0B5022805460E4661
S2140335A014461F468BB00AD106A9F0B201F0E6F91D
S2140335B098B99DF8193023719DF81C306371119BDF
S2140335C0224604930023CDE902330193109B314630
S2140335D0009328463B46E1F7F3FE0BB0F0BD13B568
S2140335E000240194049C0094FFF7D6FF02B010BD9C
S2140335F02DE9F0450646884614469A4600270125D7
S2140336008BB006A9F8B201F0B9F920BB9DF81830C3
S214033610012B19D19DF8192033799A4214D1BDF89C
S2140336201A2073889A420FD19DF81C303246737164
S214033630B9B2CDE9030ACDE901004346022000945E
S214033640E1F7BEFE054610B90137202FD9D128462B
S2140336500BB0BDE8F0850546F9E70023FFF7C8BFC2
S21403366010B50446E2F78AFC0021631E04F10F023C
S21403367013F8010FFF2808BF19709342F8D10023EF
S214033680237410BD0020704770B506461D46E2F74A
S214033690E9FA044608B9212070BD3046E2F7B0FDCA
S2140336A00028F8D0A0682A46FF21FFF75EF89DF8A9
S2140336B01030002063719DF81430A371ECE713B546
S2140336C09DF81040CDE9003413460122FFF7DCFFD6
S2140336D002B010BD08B5E2F7C5FA28B18068FF212D
S2140336E0FFF754F8002008BD2120FCE70122FFF76E
S2140336F0F1BF1FB50B466A460146184601F034F97A
S2140337006A460823002032F8021B013B13F0FF032E
S21403371080EA0100F7D1012838BF012080B205B046
S2140337205DF804FB2DE9F04F87B0DDE9109B0546F5
S2140337308846484619461F461446BDF848609DF815
S2140337404CA0FFF7D6FF042D0346ABF800001AD8AB
S214033750022D1DD9042D07D04FF2F222A1889142E3
S21403376022D1E28891071FD5E17A0022CDE90137FD
S21403377020463346CDE90392CDF800A001F043F985
S21403378007B0BDE8F08F6A1F012A11D92120F7E799
S21403379000224146CDE9119228462246109707B0EB
S2140337A0BDE8F04F01F03EB94FF6FF760C21DCE79B
S2140337B0052D0ED10023E17A0022CDE90137CDE9AC
S2140337C003920091234652464146304601F00EF9D5
S2140337D0D6E74FF2F222A188914204D1E2889207FB
S2140337E001D5E17AE8E74FF6FF760C21E4E7F0B57A
S2140337F085B00546E1F7F6FE48B16B88B3F5006F72
S21403380005D1681D05B0BDE8F04000F0EEBC2846C3
S21403381000F004FD0446C8B9E7B26946384601F02D
S214033820ADF878B99DF8006066B92946384601F0C8
S214033830A9F820B140F60443984207D08C263046B8
S21403384005B0F0BD0134202CE6D1F7E78D26F6E768
S214033850E2F7AEB82DE9FF4704460D460146184683
S21403386017461E46BDF830809DF83490DDF838A024
S214033870DCF794FED0B92146284601F021F93346F9
S2140338803A4629462046CDE9019ACDF80080E2F76C
S21403389033F933463A4629462046CDE90D9ACDF804
S2140338A0308004B0BDE8F04701F0F7BF04B0BDE8D0
S2140338B0F087E2F7CBBAE2F783BAE2F7A7BA10B516
S2140338C0044601F009F9082201462046BDE81040E7
S2140338D0E7F704BF01F002B9002101F0FFB801F0D9
S2140338E011B90020704720207047EFF781BDEFF72E
S2140338F0CBBDF2F775B87047E2F7F4BB70B5064672
S2140339000C46154600F04CF850B13CB135B1204694
S21403391000F0D6FC013080B2A84200D9002070BD6A
S214033920304600F043F840B1002CF7D0012DF5D90E
S214033930204600F0CAFC0230EDE73046E2F732FBE1
S214033940EAE7F8B5BDF8185010B3967855B9D478A9
S214033950A6F14107012F07D8621ED2B200F0CFFDB1
S2140339600020F8BD2C46F3E7433E012E04D8A21EE2
S21403397092B200F0DCFDF3E7D27813B90DB1AA4298
S21403398006D811B9E7F758FEEAE7E7F7A7FEE7E731
S2140339908920E6E7413803288CBF002001207047C2
S2140339A0413801288CBF0020012070474338012886
S2140339B08CBF00200120704700207047002070470E
S2140339C00388B3F57C4F01D3FFF7F8BF0846FFF72C
S2140339D0F3BF10B54A880488A2420DD1037B0C7945
S2140339E0234009D0B2F57C4F08D3FFF7E7FF0B89D6
S2140339F01B1A5842584110BD0020FCE70120FAE785
S214033A0038B50D88D488A5420AD10388B3F57C4F10
S214033A1008D2FFF7D5FF13891B1A5842584138BD01
S214033A200020FCE70120FAE72DE9F0471546044697
S214033A30B8B149B1EAB100264FF0140AB04690F87F
S214033A400490F3B2994501D800240AE027680AFBDC
S214033A5006773846FFF7BDFF013628B13C46A5F882
S214033A6000802046BDE8F0877B8943441FFA83F82D
S214033A70E7E71446F5E72DE9F0470E4615460446F4
S214033A80B8B149B112B300274FF00C0AB846B0F8E4
S214033A900890BBB2994501D800240AE06368324611
S214033AA020460AFB0731FFF7ABFF28B10C46A5F803
S214033AB000802046BDE8F0870B79013713F0300FFE
S214033AC002BFCB7843441FFA83F8E2E71446F0E7D5
S214033AD02DE9F04186B00D461446984604AA05AB78
S214033AE003A90646E2F734FB40B30DB1049B2B60F3
S214033AF034B3049D03982946FFF762FF2B880746D5
S214033B0002467188307800F04FFBD8B1297911F05E
S214033B1010030BD0EB782A46CDE900433B46718869
S214033B203078FCF7FFFA06B0BDE8F0812A46204657
S214033B300599CDF80080FFF704FFF4E78620F2E747
S214033B402046F0E77E20EEE71FB51C460023ADF8BF
S214033B500A20BDF818208DF80400ADF80610ADF85D
S214033B600C2069461A4601A800938DF80840FFF713
S214033B70AFFF009804B010BDF0B587B00E4605AB96
S214033B8004AA03A90446E2F7E3FA08B3049D0398DC
S214033B902946FFF715FF2B880746024661882078DB
S214033BA000F004FBB0B1297911F0100108D000969B
S214033BB03B462A4661882078D2F78CFA07B0F0BDD8
S214033BC0009101232A4631460598FFF7BAFEF5E72A
S214033BD08620F3E77E20F1E72DE9F041064600252F
S214033BE04FF014080779E8B2874201D800241AE098
S214033BF008FB05F0D6F800C00CEB00043CF8000008
S214033C0081421AD132B1802A10D194F90CC0BCF18A
S214033C10000F12DAB0F57C4F05D32046FFF7CEFE31
S214033C20834200D04BB92046BDE8F081402A04D138
S214033C3094F80CC01CF0400FECD10135D3E70121FA
S214033C40E2F7C2B908B513460022E2F7EBFA0038EA
S214033C5018BF012008BD08B513464022E2F7E2FA72
S214033C60003818BF012008BD08B513468022E2F7C6
S214033C70D9FA003818BF012008BD08B54022002332
S214033C80E2F7D0FA003818BF012008BD08B5802235
S214033C900023E2F7C7FA003818BF012008BD002347
S214033CA0E2F7C0BA0021E2F72DBB10B504460121A6
S214033CB0E2F728FB2046BDE8104001F022BE70471D
S214033CC0F8B516461F469DF81820BDF81C30054665
S214033CD0E2F7A8FA78B10421E2F792FB044650B162
S214033CE0284600F00EFB3A4631462846A047BDE874
S214033CF0F84000F0FABAF8BD2DE9F74F1E46DDE9A5
S214033D000C9B074688461446BDF838302AB3B9F1EB
S214033D10000F22D00EB392F804A099F80020504664
S214033D2012F0080F0CBF802240226188E2F77AFA6D
S214033D3098B10821E2F764FB054670B1504600F0DF
S214033D40E0FA3346224641463846CDE9009BA8476B
S214033D5003B0BDE8F04F00F0C8BA03B0BDE8F08F7B
S214033D60F8B5BDF8187016461A463B460446E2F701
S214033D7059FAE0B177B90221E2F742FB0546B0B142
S214033D80204600F0BEFA31462046A847BDE8F84074
S214033D9000F0ABBA1021E2F733FB054638B12046F4
S214033DA000F0AFFA3A4631462046A847EEE7F8BD9C
S214033DB073B5BDF8184016461A4623460546E2F77D
S214033DC031FAB8B1C4B92021E2F71AFB044670B140
S214033DD0284600F096FA099B3146009328469DF83C
S214033DE020309DF81C20A047044600F07EFA2046AB
S214033DF002B070BD8624FAE70024F8E72DE9F04107
S214033E0086680446007800F07CFA00251427327989
S214033E10EBB29A4203D8BDE8F04100F066BA7B43A2
S214033E2032682078D15A02EB030800F0C1F9012169
S214033E304046E2F7E5FA034608B12078984701358D
S214033E40E5E72DE9F04F1C4689B09DF84C30BDF8E8
S214033E50488001939DF8503092460293224643468B
S214033E6007460D46E2F7DEF98DF814700646ADF800
S214033E7016508DF81840ADF81AA0ADF81C8018B986
S214033E80012009B0BDE8F08F05A9FFF7A2FD0028C1
S214033E90F6D000252F46A8462C4634E00C231FFAFE
S214033EA085F903FB09F931887368B1F57C4F33F85C
S214033EB0092003EB090B1AD333F8090050452CD31A
S214033EC0019BA3422DD900F0B8F99BF80200E2F754
S214033ED043FF029B43B19BF8043013F0010F0CBF62
S214033EE005200720E2F738FF0134A4B219E0ADF845
S214033EF01A205946304605AA0393FFF781FD039B14
S214033F000028D9D101353289ABB29A42C6D804EB20
S214033F100800C31B58425841B3E708F101081FFACB
S214033F2088F80137BFB2EDE710B5012488B00694D0
S214033F309DF83C4005949DF8384004949DF8344021
S214033F4003949DF8304002940B9C0194BDF82840DE
S214033F500094E2F799FB08B010BD2DE9F04786B050
S214033F60BDF83880DDF83C909DF840A0CDF8008081
S214033F70CDE9019A04460D4616461F4600F012F98F
S214033F80B8B1431EDBB2012B10D800230122811ED9
S214033F9048424841CDE90432CDE902A03B463246C9
S214033FA029462046CDE90089FFF7BEFF06B0BDE8E7
S214033FB0F0870120FAE730B50024012587B0CDE964
S214033FC0044503959DF82C5002950A9DCDE90045BE
S214033FD0FFF7AAFF07B030BD30B50024012587B030
S214033FE0CDE9044503959DF828500094CDE90135A5
S214033FF04023FFF799FF07B030BD10B5012486B004
S214034000CDE90444002403949DF828400294099CB7
S2140340100194BDF820400094FFF786FF06B010BD5C
S2140340201FB5089C03949DF81C400294069C0194BB
S21403403000240094E2F724FC04B010BD70472DE979
S214034040F84F0229074688460C9D04D84FF0000A0D
S2140340505046BDE8F88F1BB10429F7D942F0040295
S2140340603A702BB303247B701B0ABB70E3F71EFF67
S2140340704FF000099DF82830385504F1020A013440
S2140340803B550B9A5FFA89F3D45C002CE0D0732C73
S21403409010D82E464C2C56F804BB3DD0532C15D0C6
S2140340A0622C45D1AC8805F1080600231A4616E0B3
S2140340B00124DBE7A4F17503032BC7D8763C2E1D3A
S2140340C0022C52D8DFE804F0565A58006A6805F105
S2140340D0080694B2D2B2B2F1FF0318BF01230AEB6B
S2140340E0040119448845B1DB50461946002947D1D7
S2140340F053441FFA83FA5CB1BBF1000FA6D02246E5
S21403410007EB0A005946E7F727FC54441FFA84FADC
S214034110354609F10109B4E74FF6FF736A6805F1FE
S214034120080694B222469C4214BF02230023D6E715
S2140341306C2C05D1584600F0C8F8841CA4B2B4E72A
S214034140732C04D1584600F0BBF8441CF6E7A4F1E0
S2140341503003DAB2092A01D89CB2A6E7A4F14103D8
S214034160062B3FF673AF373CE8E7012300242A68A3
S214034170A346B4E70223F9E70323F7E70423F5E7A7
S21403418000F1010C01393A54C9B2120A1FFA8CF035
S214034190ACE70020E2F768BD0022E2F785BD002306
S2140341A0E2F798BD01207047012070470120704751
S2140341B0704700207047002070470020704700209B
S2140341C07047002070470020704770470E207047E6
S2140341D0002070470020704700207047002070477B
S2140341E07047FF2070470E20704784207047704743
S2140341F0002070477047002070470020704700205B
S214034200704700207047002070470020704700204A
S214034210704770470E207047002070470020704795
S21403422000207047704770470E2070477047002085
S2140342307047812070477047704738B50546C0B24F
S214034240E2F78AFD0446280AE2F786FD14B1002841
S21403425008BF0024204638BDF8B50546C0B2E2F7CD
S2140342607BFD0446C5F30720E2F776FD0746C5F354
S2140342700740E2F771FD0646280EE2F76DFD24B10E
S2140342802FB136B1002808BF00242046F8BD3C46AF
S214034290FBE73446F9E710B4CC18944203DC5DF828
S2140342A0044BFFF723B800205DF8044B7047042344
S2140342B0FFF7F1BF08B50223FFF7EDFF80B208BD95
S2140342C00078FF2808BF0020704708B502220021A7
S2140342D0FFF7F0FF4FF6FF73984208BF002008BDB4
S2140342E0003818BF0120400070470020704708B50B
S2140342F0FFF7A5FCFF284FF0FF3018BF0020C0B221
S21403430008BD08B5FFF7F3FFFF280CBF21200020E8
S21403431008BDF8B506460C4615461F4600F011F8CC
S21403432010B12544AC4200D1F8BD3946304614F8E6
S214034330012BE2F703FEF5E7014600220220E2F72F
S2140343408DBD0120704737B50546E1F717F80446DB
S21403435001950CB981201CE0237823B12046E1F7B0
S21403436015F80446F5E72B6862685B889A42F5D130
S214034370A368EA7B99B272B12A8A9142EED16A7D2A
S214034380B2EB134FEAD10020E36801A998478128CE
S214034390E4D003B030BD4FF6FF72EEE72DE9F843E5
S2140343A004460F46904699460BB3012A1FD80C20A5
S2140343B0E7F748FB064610B91920BDE8F883102036
S2140343C0E7F740FB18B93046E7F744FBF4E7012369
S2140343D0002547EA084770600570C0F80C904460F3
S2140343E0876033803046E0F7C1FF2846E5E72120A3
S2140343F0E3E738B50446436808460D469847B4F9DC
S2140344000830002B02DB2B78042B06D10023204632
S2140344106360BDE83840E3F723B938BD30B54FF4E1
S2140344208A5587B0ADF816200DF116041A46029584
S21403443043B100230122CDE90033234600F01EFAE0
S21403444007B030BD019401240094F7E7FFF7EBBEF5
S214034450FFF7BEBE0020704708B500F001FB20B989
S21403446000F048FB08B9E0F779F9FFF7D2FEBDE89C
S2140344700840FFF7DBBE0020E3F75ABD0021E3F751
S214034480F7BD0022E3F7B6BD1FB5D2880B4612F080
S214034490200F4FF6FD7114BF49245224ADF80610C1
S2140344A0510544BF083CE4B2110544BF083CE4B2DE
S2140344B0120444BF023CE4B2032805D8DFE800F048
S2140344C0020F161CADF80630BDF80600FFF789FE8E
S2140344D0FF281CBF241AE4B2204604B010BD02AA6B
S2140344E00DF10601D8B200F079FAEDE7D8B200F084
S2140344F047FAADF80600E7E7013CE4B2E4E7F8B5AF
S214034500064617460D4681B10C78FF2C0BD008469D
S214034510FFF7D6FEB84228BF3846C4B22246691C07
S214034520701CE7F7DBF83470F8BD0C46FBE770B594
S214034530044615460E4611B94170017070BD0B78DE
S214034540FF2B05D14B78FF2B02D103704370F5E7A1
S2140345503046FFF7BAFEA84228BF284685B22A4649
S214034560B11CA01CE7F7BAF825702D0A6570E5E7BD
S214034570F0B523B9013A531C2FD1002020E0042ABA
S214034580FBD800231C46551E6E1C1AD1042A10D0D5
S2140345900121D200501E01FA00F020421EBF9140B6
S2140345A049420C4318421EBF4FF0FF3101FA02F294
S2140345B013439C421EDCB4BF4FF0FF30002040B2D2
S2140345C0F0BD40B1465DEF00BE4034434E5D013D55
S2140345D0BE403343D8E70646F5E78C5C38B9034656
S2140345E0A34202F1FF32C6D24FF0FF30E8E7835C06
S2140345F0A342F5D90120E3E7283807288CBF00201B
S214034600012070471D2810D004D840B11C2804D0C0
S214034610552070471E380128FAD81A2901E00B39AD
S2140346200F298CBF5520002070470829F9E7002082
S21403463000217047F7B59DF820400546082C104624
S21403464019469DF8246036D8002213462C44AC4203
S21403465008D106F0FD04382C0ED10096FFF7E7FFCD
S21403466003B0F0BD14F8017D1B0243EA1263120285
S214034670BA1843F10003EAE7392E10D107EE100A01
S21403468007EE902AB4EEE77AF1EE10FACCBF77EE97
S214034690677A77EEC77A002117EE900AE0E7824240
S2140346A073EB010403D2801A61EB0301D8E7101AF7
S2140346B063EB0101D4E700200146D1E738B5C368B0
S2140346C014461944836853F821501AB12846E6F76E
S2140346D0AFFE2070284638BD2DE9F3411C4616462A
S2140346E00DF107029DF82050FFF7E8FF9DF807300D
S2140346F08046A34288BF8DF807409DF807700DB12A
S214034700E41BE5B22A4600213046E6F795FF3A4613
S21403471041467019E6F7E2FF384602B0BDE8F0817D
S2140347202DE9F3411D46164601AA9DF82040FDF7E4
S21403473026F8019B80469D4238BF0195019F04B130
S214034740EC1B224600213046E6F776FF3A46414602
S2140347503019E6F7C3FFF8B202B0BDE8F08173B5CF
S2140347600024154601AA1E460194FDF708F8019B8E
S214034770072B0AD92146CCB216B1C4F10704E4B21A
S214034780425C013108292A55F5D1D8B202B070BD72
S2140347901FB5030A8DF80E300323009303AB8DF881
S2140347A00D0000F0BBF805B05DF804FB1FB58DF8EF
S2140347B00F100421030A8DF80E30009103AB8DF819
S2140347C00D0000F0ABF805B05DF804FBF0B589B05A
S2140347D016689DF83C50CDF809608DF81130566880
S2140347E0BDF83830012D109FBDF84440CDF80D605C
S2140347F0ADF812308DF8145014D0032D19D13B6840
S214034800CDF815307B68CDF819309DF848308DF813
S2140348101D3016230093BDF84C2002AB00F07EF843
S21403482009B0F0BD8DF81540240A0F238DF8164005
S214034830F0E70120F4E71FB50446084611461A467A
S21403484002238DF80D100093214603AB00F066F8A3
S21403485004B010BD10B514461A460B6886B0CDF8E2
S2140348600D304B683421CDF811300A23009303AB87
S2140348708DF8154000F052F806B010BD2DE9F04152
S214034880B6B014461D4606460F469DF8F080E3F77D
S21403489013FE03AA8DF80C001046330A8DF80F702A
S2140348A03F0A8DF80E308DF80D602B468DF810708C
S2140348B08DF8114005EB4405AB4202F102021FD10D
S2140348C06200D2B2931DDBB23D99D8336B440732F4
S2140348D003F8CC8C01EB4805D3B250FA82F2A94216
S2140348E002F1020212D103EB480300900621304680
S2140348F0BDF8F820DBB2E3F7E9FD36B0BDE8F0819A
S21403490033F8021B1171090A5171D5E731F8024BCE
S21403491002F8024C240A02F8014CE0E72DE9F041C4
S2140349201C4605460E4617469DF81880E3F7C4FD59
S214034930207043463A46314628460694BDE8F04181
S214034940E3F7C4BD002070477047D7F727BE70470C
S214034950704770477047704700207047704770472E
S214034960002070477047704702F0EEBEFEF774B83B
S214034970FEF757B803F031BAF8F788B903F01EBA52
S214034980F8F742B9F8F7AAB9F8F764B9FEF71EB90B
S214034990FEF76DB8FEF77AB8F4F7DCBBF4F7E0BBC6
S2140349A0F3F740BBF2F762BCF2F766BCEFF73AB92F
S2140349B0FEF7B7B8FEF77CB8FDF718BFFEF79FB84B
S2140349C0FEF78BB830B4BDF808409DF80C50CDE91F
S2140349D0024530BCFDF729BFFDF796BFF8F7F0BADE
S2140349E0E3F7C4BDF8F7B6BBF7F702BA70B49DF8A1
S2140349F00C40BDF810509DF814600394CDE904569E
S214034A0070BCF5F707BA70B49DF80C40BDF81050AB
S214034A109DF814600394CDE9045670BCF5F73ABAD2
S214034A20F5F724BB10B49DF8044001945DF8044BDD
S214034A30F5F774BA10B49DF8044001945DF8044B7E
S214034A4001F073BF01F073BFFDF7A2BFFDF7B2BF5E
S214034A50FDF7C5BFF1F772B9F1F7B4BFF1F786BF3B
S214034A60F0F798BF02F09FBAF1F73CBB02F0E1BA49
S214034A70F1F79CBCF1F76EB8F1F7AABFF1F72CBFBC
S214034A80F1F742BFEFF782BEFEF7B5B8FEF768B898
S214034A90FEF77BB8FEF788B800F00BBC00F004BC4A
S214034AA0F7F7DCB9F4F7E6BFF7F7B6B9F7F7DCBA0A
S214034AB0F4F7B0BFEFF7A2B8F6F7D2BBFFF745BFE0
S214034AC0FAF7C8BEFEF7E3B8FDF753BFFEF738B8EC
S214034AD001F001BDE3F7A8BCEFF754BCEFF74EB9FE
S214034AE001F09BBF01F06BBFEFF79CB9EFF7DABBA2
S214034AF0EFF7DEBBEFF70AB9E3F7B2BCE3F7C4BCE4
S214034B00E3F79CBCEFF7B8B8E3F7A2BCF9F77AB8BB
S214034B1001F053BF01F01ABFEFF7B4B8EFF71CBCB0
S214034B20EFF7FCB8E3F740BDE3F738BDF8F76EBE22
S214034B30F9F75AB803F05DBA03F063BAF8F7DEBEC6
S214034B40F9F75AB800F063B900F0A1B900F0C9B993
S214034B5000F0A0BA00F010BB00F079BAE4F71ABA76
S214034B6000F0E6B900F013BA00F026B810B51C46FC
S214034B7001F0C2FD05F00BFF0023C0F340202370B5
S214034B80400010BD002208B50B461146FFF7EEFFA6
S214034B90023818BF012008BD002070477047002068
S214034BA0704770470020704770470E2070470120FB
S214034BB0704770470120704714220021E6F73CBD7A
S214034BC0704770B505460C468AB0252200210DF1C4
S214034BD00300E6F731FD6B68CDF81D30AB68CDF802
S214034BE02130234601AC03F11006224618685968A3
S214034BF0083303C2B3421446F7D101236A7B8DF808
S214034C00023012F0040F0CBF4FF480734FF4A073FE
S214034C10110748BF43F48063ADF80030930748BFDD
S214034C20BDF80030684644BF43F00803ADF80030D3
S214034C30F4F72AFC0AB070BD30B5427B0D46D107A7
S214034C4004468BB007D5407801A9F4F783FCD8B1A6
S214034C502D200BB030BD9307FAD5C2F3800310079F
S214034C604FEA8313ADF8023044BF43F48063ADF8D4
S214034C700230BDF80220201D0AB10DF1020201A97F
S214034C8002F07FFD0028E3D001AB03CB9DF8143080
S214034C90A1602373BDF810306060590642BF627B83
S214034CA042F0040262735A0542BF627B42F0080276
S214034CB062731B0742BF637B43F0020363732B4697
S214034CC006AC0AAD224603CAAA42186059601446C7
S214034CD003F10803F6D10020BBE7F0B504460D4602
S214034CE093B0252200210DF12300E6F7A5FC6368A7
S214034CF004F1040CCDF83D30A36809AECDF841307D
S214034D002B4605F11007324618685968083303C264
S214034D10BB421646F7D105238DF82230637B5B0131
S214034D2003F40073ADF820306378FF2B1AD1002309
S214034D3060461A4601A900F0CAF99DF80530FF2B14
S214034D400DD1002301A91A46184600F0C0F99DF8B4
S214034D500530FF2B03D11C26304613B0F0BD9DF85B
S214034D60053063700020617808AA00F09BFA0646B7
S214034D700028F1D1607801A900F02FFA2B4603AD85
S214034D802A4618685968083303C2BB421546F7D14A
S214034D90637B6078DB0648BF9DF81C3001A944BFDF
S214034DA063F07F038DF81C3000F02EFAD4E710B5BD
S214034DB004468AB02422002101A8E6F73DFC637B63
S214034DC0590744BF4022ADF810201A0742BFBDF86A
S214034DD0102042F48062ADF81020DB070FD5607810
S214034DE001A9F4F7B7FB10B12D200AB010BD01AB33
S214034DF003CB637B606043F00203A160637304A983
S214034E00201D02F0C0FC0028EED00020EDE71FB501
S214034E10694600F066F8002818BF2D2005B05DF837
S214034E2004FB73B50D4614460646E3F7E1FC6B88B0
S214034E301A071AD522463146102002F085FC204672
S214034E40E3F7D6FC6B88D90717D500232246012142
S214034E500DF107008DF80730E3F796FF6B88002BFC
S214034E600CBF2120002002B070BDDE06EAD5224624
S214034E700821281DE3F788FFE1E79A0701D50223F7
S214034E80E4E75B07EAD50323E0E70F2070471FB587
S214034E900C46694600F025F8102221466846E6F7D8
S214034EA017FFB0FA80F0400904B010BDB8B1B1B135
S214034EB04388A3B90378013B082B10D8DFE803F037
S214034EC00507090B0F0F0F0F0D00E3F75FBEE3F7A0
S214034ED0B9BEFFF776BEFFF700BFE4F747B8212059
S214034EE0704738B50D4609B300B30378013B082B6A
S214034EF01AD8DFE803F0050D10131919191916004F
S214034F00E3F77CFE0446284602F01EFE204638BD24
S214034F10E3F7B8FEF6E7FFF78FFEF3E7E3F7E8FEFF
S214034F20F0E7E4F72DF8EDE72124ECE72124EDE79D
S214034F3070B586B0064601A80C461546FFF73CFE3C
S214034F4004238DF804301CB12068616802AB03C3E8
S214034F50294601A88DF80560FFF7A8FF06B070BDC7
S214034F6070B586B0044601A80D461646FFF724FE24
S214034F700323206861688DF8043002AB8DF8116056
S214034F8003C3294601A8FFF791FF06B070BD0022B0
S214034F90FFF7E6BF30B5437B044613F001020D4628
S214034FA08BB007D0407801A9F4F7D4FA70B12D205E
S214034FB00BB030BD9B07FAD5ADF8022001A90DF161
S214034FC00202043002F0DDFB0028F0D000210E229E
S214034FD0A81CE6F731FBBDF810302B80039BAB60B3
S214034FE0BDF81230AB819DF81430237301AB03CBAD
S214034FF06060A1600020DBE770B5437B0446DB07F7
S2140350000E468AB003D42D2528460AB070BD6946DD
S214035010407800F045F905460028F4D1DDF81D3048
S2140350200E226360DDF821300146A360637BB01C6B
S21403503043F002036373E6F7FFFABDF80030069AFF
S21403504043F004033380059BB2607360DCE70B46D2
S21403505010B50446102200211846E6F7EDFA22782A
S214035060032A09D0042A0DD0022A11D1014620466C
S214035070BDE81040E3F7EABF01462046BDE810400E
S214035080FFF788BF01462046BDE81040FFF7B4BFD0
S214035090262010BDF8B5074608460C4616461D469C
S2140350A0FFF78AFD04232370637B314643F0010335
S2140350B0204667706373FFF714FF08B12D20F8BD11
S2140350C029462046FFF7C3FF0028F8D0F6E7F8B5D1
S2140350D0054608460C461F461646FFF76DFD042395
S2140350E0237025B108222946E018E6F7F7FA637B12
S2140350F043F0020363734EB932460121284600F09B
S214035100DAF8FF28607007D12D20F8BD3146204617
S214035110FFF7E7FE0028F7D1637B43F001036373D1
S2140351200DB90020F1E7002FFBD039462046FFF7E4
S2140351308EFFF6E7F8B50C460746084616461D46A4
S214035140FFF73AFD03232046394600F8043B0822BE
S214035150E6F7C4FA637B314643F0020320466373E3
S214035160FFF7BFFE08B12D20F8BD29462046FFF7FE
S2140351706EFF0028F8D0F6E7F8B5074608460C4653
S21403518016461D46FFF718FD03232370637B31463F
S21403519043F00103204667706373FFF7A2FE08B16E
S2140351A02D20F8BD29462046FFF751FF0028F8D0EA
S2140351B0F6E718B18022012100F07DB8FF20704782
S2140351C0002307B51A4619460093F5F7C5FEB0FA4D
S2140351D080F0400903B05DF804FB0B4610B51922B6
S2140351E00446FF211846E6F727FA7E2C01468CBFB5
S2140351F004F5C43004F583304FF01902BDE81040BF
S21403520088BFAD30D7F760BE7E2888BF00F5C430B0
S2140352104FF0190294BF00F58330AD30D7F780BE48
S21403522030B589B00D46FFF7C4FFFF2804460DD0FE
S21403523001A9FFF7D2FF2868696801AB03C32046BC
S21403524001A9FFF7E1FF002009B030BD2D20FBE7E1
S214035250704770470020704770470F2070470F2035
S2140352607047002070470F207047002070470020CB
S214035270704784B08DE80F00002004B07047704775
S2140352807047002070477047002070477047002023
S2140352907047012070477047002070470120704711
S2140352A00E2070470E2070470E2070470020704770
S2140352B070470E207047FF207047704770470020E6
S2140352C0704770477047704700207047704700204C
S2140352D070470020704700207047704770470020D3
S2140352E070470020704770470020704700207047C3
S2140352F070470020704710B50024E3B210B9C3F11D
S2140353000303DBB20134042CCA544FEA1222F4D14D
S21403531010BD10B50B784C788A78C97828B9104632
S2140353202246044608461946034642EA012043EA53
S214035330042343EA004010BD7047E3F73BBF08B5BC
S214035340D2F75EFA002814BF8620002008BD08B5F1
S214035350D2F726FC003818BF012008BD08B5D2F7DF
S214035360DFFB003818BF012008BD08B5D2F764FC80
S214035370003818BF012008BD08B5E3F7FBFFBDE8FA
S2140353800840E3F7A9BF70B504460D461646E3F793
S214035390F1FF0420E3F792FF324629462046FFF743
S2140353A0DDFF04460220E3F789FF204670BD08B5FB
S2140353B0E3F7E0FFBDE80840D2F796BBE4F712BB7D
S2140353C0E4F7F2BA08B5E4F7EFFA20B1BDE808400F
S2140353D00020E4F727BC112008BD10B5044608B129
S2140353E0E4F702FD2046BDE81040FCF7C8BF10B541
S2140353F00446006A10B1616AFFF7EFFF0020C4E9B4
S214035400080010BD38B50546FFF7F1FF2B7E0446AE
S214035410012B0ED0023B012B0ED8EB69012B18BFD4
S2140354206FF09604282200212846E6F705F9204661
S21403543038BDEB69002BF2E76FF09604F2E718220B
S2140354400021E6F7F9B870472DE9F84F9846DDE9ED
S2140354500B490D9B15469A0706460F4623D02A4648
S2140354600A9B03EB040A1444A24220D10D9B9B071C
S21403547005D5A2EB050AD14505EB0A0420D820463C
S214035480BDE8F88F434639462020B0470AF1010AA3
S214035490CA450AEB0B02F5D3A9EB04024C4588BFB9
S2140354A000222A44DCE7A246A5EB040BF0E702F150
S2140354B0010B434639461AF8010DB0475A46D3E75F
S2140354C04346224639462020B0470AF1010AD2E76E
S2140354D02DE9F047DDE90D7616F0020F9DF82880DA
S2140354E0DDE90854DDE90BCE1FD106F001094FB103
S2140354F0B9F1000F06D0B8F1000F02D116F00C0F69
S21403550000D0013F4FF0300A04E0202C04D005F809
S21403551004A001347445F8D3B9F1000F05D04FF059
S2140355203009A74201D9202C2DD116F0100F1FD019
S21403553016F4806F2CD15CB3744501D0BC4227D1DE
S214035540B4F1010E23D0BCF1100F46D1023C16F085
S214035550200F28D1202C28D04FF0780C05F804C053
S2140355600134202C21D04FF0300C05F804C0013450
S214035570202C1AD0B8F1000F23D04FF02D0C05F8CD
S21403558004C0013412E005F804900134C9E77446F8
S214035590BCF1100FDBD0BCF1020FE2D1202C04D0FB
S2140355A04FF0620CDAE7202C08D12024CDE90A76E6
S2140355B0CDE90854BDE8F047FFF746BF4FF0580C57
S2140355C0CCE716F0040F02D04FF02B0CD7E716F0FB
S2140355D0080FEBD04FF0200CD1E7BCF1020F744656
S2140355E0C1D1DDE72DE9F04391B0189D1A9E1D9FAA
S2140355F00DB927F010077C0500D515B317F0200F5B
S21403560014BF4FF0410E4FF0610EAC4600250DF16E
S2140356102008AEF10A0EBCFBF6F906FB19C95FFAC1
S21403562089F4B9F1090F94BF30347444E4B2B44535
S21403563008F8014B05F10105BCFBF6F401D3202D58
S21403564010D11C9C069705941B9CCDE903649DF81A
S2140356506440CDE9015408AC0094FFF739FF11B05C
S214035660BDE8F083A446D6E72DE9F04F95B0269E15
S214035670CDE90A23DDE91E74DDE9229B57EA04031C
S21403568008BF26F010067205CDE9080102D557EAD1
S214035690040337D016F0200F14BF412361230025DF
S2140356A00DF1300AA3F10A0821464A465B463846FE
S2140356B0E5F756FCD2B2092A94BF303242444F452E
S2140356C0D2B274EB0B0405F101050AF8012B01D3E2
S2140356D0202D14D1259B06960593249BDDE908010E
S2140356E0CDE903939DF88030CDE901530CAB0093CD
S2140356F0DDE90A23FFF7ECFE15B0BDE8F08F074699
S2140357000C46D1E70025E5E708B100F014B870476A
S21403571010B1D1E900311847704738B5441E14F864
S214035720015F25B90A2000F006F8284638BD28464A
S21403573000F001F8F3E701460020FCF7F3BB7047DF
S2140357407047EDF76FBE704708B5FCF7BCFBD2F7A2
S21403575057F8BDE80840D4F767B9704708B5D2F7DD
S21403576097FBFBF756F8BDE80840E3F703BE08B51A
S214035770FBF778FFE4F76CFBFBF752FEE4F70AFF50
S214035780E4F7F6FEE4F778FEBDE80840D7F776BB05
S21403579008B5D5F78DFBFBF732FED5F795FBFBF780
S2140357A030FED9F77DFDD9F723FED9F72BFFBDE8E9
S2140357B00840D9F749BE70477047E4F783BE08B57B
S2140357C0FCF7CCFFBDE80840FCF7F7BF704707B50A
S2140357D000220346114601200092D8F7DBFE03B0F1
S2140357E05DF804FB07B500920B46027D818980684D
S2140357F0FDF78CFD003818BF0120C00103B05DF82B
S21403580004FB08B50020E0F74DFA0020E1F7DEFFC1
S2140358100020DAF7D7F80020DAF76EFB0020DAF775
S2140358206DFD0020DBF75AF80020DBF783FD002030
S214035830DEF7B2F80020DEF71DFE0020DFF712FCCD
S214035840BDE808400020DFF7FDBC08B50120FDF7E2
S2140358503FFA0120DAF716FABDE808400120DBF725
S2140358603DB808B50220E0F711FB0220DFF704FD80
S2140358700220E2F7B9FA0220FFF7A2FD0220FDF7A5
S214035880C7FC0220DEF7F6FDBDE808400220DFF77E
S2140358909DBFDAF73BBBFDF7DBBF7047704770472A
S2140358A0704770477047704710B50446DFF7A8FE89
S2140358B02046FDF743FA2046DCF74EF82046DCF791
S2140358C0A1FF2046BDE81040FDF7D5BCFDF7F0BCB0
S2140358D0FDF7FABCDFF7D0BB70477047FDF752BA47
S2140358E070477047704770477047704705F015B8A4
S2140358F070477047DFF75ABC70477047704770476A
S21403590070477047D0F732BBFEF77DBC7047002068
S2140359107047FEF77ABCFEF783BC7047431E012B25
S21403592003D9031F5842584170470120704700F0BF
S21403593021BC4FF4D0720021E5F77EBE70B5044655
S214035940E7F752FF0546A8B9A169F1B1238AD3B197
S214035950204604F11002E7F7F5FD38BBE16919B3F9
S214035960638AA3B1204604F1120200F0CAFA78B1A2
S214035970054603E00023A3612361E3610023284671
S2140359806361236270BDA061E8E72082E6E7E36116
S214035990216A0029F2D0A28A002AEFD02046E38AA1
S2140359A0BDE8704000F06FBA6182F1E76582E56199
S2140359B0DEE711B9D0F8DC1021B1CB6813B18B68E0
S2140359C0D88970474FF6FF707047E6F7F1BF10B5FA
S2140359D00C461146E7F712F8E8F740FA012801D11A
S2140359E0002010BD002CF7D10520FAE700F0CFB950
S2140359F000F0E3B970B500232425D0F8DC00C468B2
S214035A009C4201D1212070BD826805FB0322D68902
S214035A108E4202D8128A8A4201D20133F0E700206E
S214035A20F1E7F8B506460D46E6F75EFAD8B94FF63F
S214035A30FF734FF0240CEF68C1B28F4208D81C46A0
S214035A4021463046E6F706FC00F09AFB2046F8BDF2
S214035A50AA680CFB0122D4899C4202D2002CEFD008
S214035A6023460130E8E70024F0E7C08D70470A7844
S214035A7038B505461046FFF751FF60B14C7820460F
S214035A80FFF74CFF38B12243530704D42846BDE83A
S214035A903840E7F7FFB9212038BD10B5044608782B
S214035AA0FFF73CFF58B14A781046FFF737FF30B18F
S214035AB0042A04D02046BDE81040E7F709BA21209F
S214035AC010BD00F0E8B8E7F76BBD084600F008BB6A
S214035AD0E7F7AAB838B504460D4600F08EF850B17D
S214035AE029462046E6F7B6FB30B929462046BDE8E8
S214035AF03840E7F761B80E2038BD70B516460C4639
S214035B0004F065FD314605462046EAF743FA0446A7
S214035B10284604F057FD204670BD00F032B970B534
S214035B20044600200E4600F027FBD4F8F0503DB1A3
S214035B30002331462046AC46BDE870401A4660470F
S214035B402B46012231462046E7F7CEFA284670BD9B
S214035B5038B5044648880D4600F00EFBD4F8F030FE
S214035B602BB929462046BDE83840E7F7CBB90220D3
S214035B7038BD00F003BB00F03CB9E6F7EBBEE9F72F
S214035B80E3B970B5BDF81060054606B16BB1334492
S214035B9028469BB200F077F9044620B91EB1314679
S214035BA0284600F0ABF9204670BD2124FBE7E8F752
S214035BB051BDC0F8EC1000207047E7F7DDBB00F0DE
S214035BC05EB910B4BDF8044001945DF8044B00F0D0
S214035BD09FB80B4610B514461846A1689288E5F799
S214035BE0BBFEE168034631B1A0886288121A92B2FE
S214035BF01844E5F7B1FE002010BD0346408A18B1ED
S214035C00188A003818BF012070470846E9F7A8BA73
S214035C1000F0ECBA00F0EABAE9F7B4BC084708B5F6
S214035C20E6F7E0FEC0B208BD022A01D800F0E2B9EA
S214035C3021207047022A01D800F0EDB921207047D1
S214035C40022A01D800F0F9B921207047E8F7F4B921
S214035C500846E8F70FBA00F018BA0020704700208D
S214035C6070477047D0F8943003F06003402B0DD094
S214035C70602B03D0203B58425841704749B10B680C
S214035C80012B06D9486940F00100704740F2011025
S214035C90704700207047F7B504461046D4E954C74A
S214035CA0DDE908268CEA020587EA06010540194065
S214035CB085EA0C057940C4E95451002523F40041D4
S214035CC006EA010320F0010043F40073024043F0A8
S214035CD00203CDE90055EBF727F894F824309A072A
S214035CE013D5D4F854319B050FD54FF488112046AD
S214035CF000F058FB94F82430024665F3410384F819
S214035D00243020460B46E6F741FE002003B0F0BDE4
S214035D10F0B587B01C461746BDF830601AB90024A4
S214035D20204607B0F0BD002BF9D00029F7D001AA12
S214035D30E8F790FC0028F2D0BDF80630A2199A4284
S214035D40BDF80850C4BF9B1B9CB2B54212D9039939
S214035D50AD1BADB23144A5420391ADF808500DD248
S214035D602A463846E5F7F8FD0499621B7819E5F7E5
S214035D70F3FDD5E70499761B314404912246384651
S214035D80F5E70846EAF7A6B80220E9F7F1BB08B537
S214035D90D0F8E4304BB11A68022A06D993F82520C6
S214035DA04AB1186AB0FBF2F008BD4FF446624C21C4
S214035DB00020E6F7B1FA0020F6E7D0F8E42008B5AD
S214035DC07AB11368022B0CD9536A13F47F4FC3F3CB
S214035DD0072106D0126ADBB253438B42B3FBF1F0C2
S214035DE006D2002040F67F424C21E6F795FA0020C3
S214035DF008BD0346D0F830010860B3F834310020FC
S214035E008B80704790F830310C2B14BF90F82B0022
S214035E10FF20704738B50C464FF400610546ECF793
S214035E2027F870B17CB195F81E3173B94FF48072C0
S214035E304FF480712846ECF707F8003818BF0120A6
S214035E4038BD2202F4E72246F2E70020F8E74FF4D3
S214035E508071ECF70DB808B54A024FF40071EBF702
S214035E60F3FF002008BD08B58A024FF48061EBF704
S214035E70EBFF002008BD4FF40071EBF7F9BF0623D4
S214035E8000208B717047B2F5805FF8B50F46064663
S214035E90154619462ED89A422CD33F2A26D9B2FA4B
S214035EA082F40122C4F11F03DBB29A4092B2AA42E3
S214035EB02CBFC4F11904C4F11A04E2B20124931DE1
S214035EC0DBB29C40A4B2AC4212D096F8F5309BB934
S214035ED0012096F8243060F3C71386F8243038463A
S214035EE0E8F7CCF900203762B582F8BD0022ECE76C
S214035EF00020EEE72120F8E70E20F6E70846E8F74D
S214035F00DDB970B505460E46144602B313883F2B1B
S214035F101DD9B3FA83F3C3F11901C9B2062901D80F
S214035F20192B12D0062928BF062101238A1DD2B2B7
S214035F30934030462380E8F7C9F923882846EE6164
S214035F406B82E8F74DFA002070BD0021EDE72120B3
S214035F50FAE710B5144608460121E9F791FE2046F4
S214035F60BDE810400121E9F78BBEF8B504460E469E
S214035F70174604F02CFB3A46054631462046EAF718
S214035F803DF90446284604F01DFB2046F8BD0220D2
S214035F90704703207047E9F7E3BA10B50023E7F725
S214035FA063FD044608B9EBF7DDF8204610BD7047DD
S214035FB070B505460E46144600F0E3F8314628460B
S214035FC0FFF72FFD00F0DDF8230704D50B2C9CBF4D
S214035FD024F00804A4B221462846E6F709FD002269
S214035FE04FF400312846EBF72FFF002070BD8021C9
S214035FF0EBF73EBF7FB5531C05AAADF8141002920B
S21403600002210022DBB2CDE900211146EBF73AFF6D
S21403601007B05DF804FB7FB5531C05AAADF8141052
S214036020029204210222DBB2CDE9002100220121E3
S214036030EBF728FF07B05DF804FB1FB5531C02916E
S21403604000220821CDE900210122DBB21146EBF73D
S21403605019FF05B05DF804FB07B591F828300093E7
S21403606091F82B3091F8292091F82A10E7F7AAFF28
S21403607003B05DF804FB10B50446E6F7B3FC01462F
S2140360802046BDE81040E6F7B3BC002914BF212024
S2140360900020704738B5054610460C46E8F718F852
S2140360A0D5B1D5F8E030BBB15B69ABB1421ED2B215
S2140360B0FD2A13D90A68013204BF6FF001020A6091
S2140360C00A68FF281A6007D16268013202D16FF0AE
S2140360D00102626062685A60002038BD0128F2E758
S2140360E038B50546EAF7B2F804460021A878E8F77B
S2140360F057F8204638BD2DE9F74F01251C469DF875
S2140361003030064601930368174603F00703063349
S2140361109D4005F1FF380B46A1B1416804EA080B20
S214036120A5EB0B0A41F00059524509EB0B0114D9B4
S21403613052461846E5F710FC49467A1B5A44504423
S214036140E5F70AFC019B2BB13C4448EA050804EA40
S2140361500804F46003B0BDE8F08F1846F0E737B5DF
S214036160002514460095FFF7C6FF204603B030BD52
S214036170E7F72ABE002070470020704700207047CC
S2140361807047704730B549000446056812B10229C6
S2140361901FD90339C90395B9E1B1B1FA81F3C3F144
S2140361A02003C3F10F00012838BF012003F01F03AB
S2140361B0D940A94201D901384908216030BDB5FA52
S2140361C085F339B1B1FA81F29B1A002BE9DC0F2073
S2140361D0EFE700210F20F0E7012805D9023818BFA2
S2140361E04FF0FF30C0B270470120704708B5E9F79B
S2140361F011FBBDE80840E9F735BB38B50446FFF7A1
S214036200F5FF0546FFF7F2FF431BA342FAD338BD5B
S21403621038B50D460446E9F7FDFA35B1844200D990
S2140362200139204601F0030138BD844238BF0131ED
S214036230F7E708B50121FFF7EBFFBDE80840E9F7EC
S21403624011BB0B0C23F48053B3F5284FF7B50D465B
S2140362508FB2064699B216D04AF60103994214D075
S2140362604AF60203994212D0B1F5204F14BF042414
S2140362700324D6F8E0300BB1196851B9D6F8DC30F0
S21403628093B928680EE00024F3E70124F1E702241B
S214036290EFE7234668463A46E9F740FBDDE90003A5
S2140362A0002BEBD103B0F0BD19680029E9D02346D3
S2140362B068463A46E9F732FBDDE90003002BE0D1F6
S2140362C0F0E702F003BB0204C0F3891307D56FEAB5
S2140362D083536FEA935313F5007F18B206D0A3F1E6
S2140362E0C8006FF4FF739842B8BF184670474FF064
S2140362F0384359699A6903F500530A405A6170474F
S2140363000E207047EBF722B9EBF720B9EBF71EB96F
S214036310EBF71CB908B50846EBF73EFD08BDEBF7EF
S21403632015B90220704702207047002070470120ED
S2140363307047002070470E20704700207047E7F72D
S2140363408DBD084611460122FFF741BB70B50546D1
S2140363500C4611461A46EBF7D1FD06682B46204637
S214036360B446BDE87040604710B5EBF7C7FDBDE81F
S214036370104083681847FFF710BEE7F797BCFFF790
S214036380A9BBE7F7A1B970B504460D4616464FF408
S214036390881100F01CF8324629462046BDE87040B6
S2140363A0E7F7B6BE38B505460C4604F010F9D5F83F
S2140363B090301C40D5F88C302343C5F88C3004F05D
S2140363C001F9211E18BF01210020490238BD38B546
S2140363D004460D4604F0FBF8D4F890301D40D4F87C
S2140363E08C3023EA0505C4F88C5004F0EBF82846F5
S2140363F038BD38B504460D464FF48811FFF7E7FF5E
S21403640029462046BDE83840E7F7AABE73B50D789F
S21403641006460C4635B304238DF8043023793046FC
S21403642001A98DF80530FFF738FB0546B8B9227881
S214036430A37952BB8DF80430E379304601A98DF871
S2140364400530FFF714FB054648B923783BB161884E
S2140364503046E6F757FF01213046FFF7DBFC2846B8
S21403646002B070BD2946FFF7D5FC29463046FFF734
S214036470F2FC29463046FFF7F6FC2378002BCAD1F8
S21403648023798DF804306379C9E702228DF8042056
S214036490D3E7FFF7E0BCFFF7EEBC0020704710B56C
S2140364A00446EBF7C5FD21460020ECF715FCBDE8D6
S2140364B01040002000F02BB970470120704708B544
S2140364C0EDF738FA80F00100C0B208BD4FF0FF3098
S2140364D0FFF79EBB70470020704710B50C4603F0CD
S2140364E037FE048010BD38B50C46154603F030FE63
S2140364F003881DB11C43A1B2018038BD23EA040101
S21403650089B2F9E708B503F023FE008808BD08B58D
S21403651003F01EFEC07808BD08B503F019FE008818
S21403652000F00C0008BD08B503F012FE008800F06A
S2140365300C00031F5842584108BD38B5054603F002
S21403654007FE04462846FFF7EEFF30B904F11000B5
S21403655004F01DFA00F4406038BD4FF40060FBE71A
S21403656038B5054603F0F4FD04462846FFF7DBFF7F
S214036570014648B910342046042203F029FD20447E
S214036580BDE8384004F003BAA08838BD10B50C4601
S21403659003F0DEFD848010BD38B5054603F0D8FD54
S2140365A004462846FFF7BFFF30B904F1100004F095
S2140365B0EEF900F4404038BD4FF40060FBE738B511
S2140365C0054603F0C5FD04462846FFF7ACFF014623
S2140365D048B910342046062203F0FAFC2044BDE8EE
S2140365E0384004F0D4B9A08838BD38B5054603F062
S2140365F0AFFD04462846FFF796FF014608B1201D67
S21403660038BD10340622204603F0E2FC2044F7E7A8
S21403661008B503F09DFD007A08BD08B503F098FDA4
S21403662090F9090008BD08B503F092FD807A08BD0D
S21403663008B503F08DFDC06808BD10B50C4603F021
S21403664087FD047210BD10B50C4603F081FD44723D
S21403665010BD10B50C4603F07BFDC46010BD2DE9DC
S214036660F8430F468046002107F110001646994668
S21403667003F0E2FD0446D0B103F06AFD054620466A
S21403668003F082FD002102462846E4F7D5FF0023E7
S2140366902046AB7049F00401FFF71FFFA5F80480FE
S2140366A02EB13A46314605F11000E5F755F9204676
S2140366B0BDE8F883F8B505460F461020002103F021
S2140366C0BBFD0446B0B103F043FD0646204603F087
S2140366D05BFD002102463046E4F7AEFF0023394651
S2140366E02046B370FFF7F9FE25B12A46012120465E
S2140366F003F07AFD2046F8BD08B503F029FD1030F7
S21403670008BD08B503F040FD1038C0B208BD002030
S214036710ECF70ABA08B5ECF765FC002008BD40881C
S214036720C0F30C000330800840000430704770B597
S2140367300E4605461146304603F07EFD044635B147
S21403674028B103F005FD32462946E4F7C7FF204685
S21403675070BD0088B0FA80F04009704738B50588E8
S2140367600022044604F07DF905B1258038BDF8B54E
S21403677007460D4600880021164603F021FDB04269
S214036780044605D129463846BDE8F840FFF7E6BF7C
S2140367900021204603F014FDB04205D02046002118
S2140367A003F00EFD0446F3E72A462046002103F0D5
S2140367B01BFD32462846BDE8F840002103F014BD11
S2140367C0F8B5058807467DB1CCB22146284603F0C6
S2140367D0F7FC8542064609D100233B80002221466A
S2140367E0304603F001FD35462846F8BD214603F042
S2140367F0E7FC21460246284603F0F6FCEEE72DE9C1
S214036800F04707888246884614465FB3384603F047
S214036810BBFC3D460646E4B22146284603F0D0FCC0
S2140368204045814616D1214603F0CAFC214602465E
S214036830284603F0D9FC474504D1454508BF002543
S214036840AAF8005000222146404603F0CDFC30460D
S214036850BDE8F0878742FAD003F096FC30444D46F5
S21403686086B2D9E73E46F2E700220123C0E90023B9
S2140368707047F8B504460127002603F0B5FE2368E3
S2140368803BB903F0ACFE00226368012B0ED16360B4
S214036890F8BD1D691F61266003F0A1FE012DF2D02D
S2140368A02B462D691E61012DFAD1E6E719691A6197
S2140368B00B46EAE7036823B94068012803D0EDF7DF
S2140368C0D9B8002070474FF0FF307047F8B505463B
S2140368D003F078FF012306460027A8602B7303F016
S2140368E083FE2B6802467BB11C692169A1420CBF5B
S2140368F02F6019612761104603F071FE012C08D042
S214036900204663689847EAE76C68012C04D103F0D5
S21403691066FE00232B73F8BD6169711AB1F1004F4F
S214036920F5D8216969602361E5E7022070470220F4
S2140369307047002070470144884201D10120704708
S21403694010F8013B9342F7D00020704770B501461C
S214036950064692B00020EBF797FD044670B9FDF7A4
S214036960F1FF054601466A462046ECF7D3F86A4629
S214036970294620468DF80260ECF782FB204612B0CB
S21403698070BD00B593B0FDF7DDFF6A4601460020F3
S214036990ECF7C0F89DF9020013B05DF804FB00B5F0
S2140369A093B0FDF7CFFF6A4601460020ECF7B2F836
S2140369B09DF8000013B05DF804FBECF76FB80120F8
S2140369C070477FB54FF6FF7101AAEDF7C5FA20B100
S2140369D0BDF80C0007B05DF804FB4FF6FF70F9E74F
S2140369E008B51046EEF77EFABDE80840EEF738BB6A
S2140369F070477047704770477047704770477047D7
S214036A0038B54FF6FF750D800C46F6F72FFB208042
S214036A10A8420CBF2D20002038BD002100B593B03E
S214036A206A460846ECF776F8BDF8060013B05DF83C
S214036A3004FB002110B592B004466A460846ECF7FC
S214036A4069F800216A460846ADF80640ECF718FBDD
S214036A5012B010BD002100B593B06A460846ECF7A5
S214036A6059F8BDF8040013B05DF804FB002110B517
S214036A7092B004466A460846ECF74CF800216A468C
S214036A800846ADF80440ECF7FBFA12B010BD7047A9
S214036A902DE9F04F87B00C4691460746FFF73CFDBD
S214036AA00546661C304603F072FF042D40F09080C6
S214036AB03846FFF721FE0378092203F00303012B70
S214036AC014BF0223032301212046039303F080FA15
S214036AD0092200210546204603F07AFA21788DF82C
S214036AE0170001390022204689B2FFF720FE04EB87
S214036AF009088346F0B14FF0010A2A460146CDF84D
S214036B0000A003980DF11703FBF7DDFE02280546E8
S214036B1026D1584603F038FB00222070C0B2431E2D
S214036B2000929BB252465946304604F029F8237821
S214036B30534423703846FFF7E5FC020424D498F840
S214036B40013021789B071FD50139A1EB09013A468D
S214036B504046C9B2F1F784F923781844207013E04D
S214036B6020B92070284607B0BDE8F08F032809D166
S214036B70404603F00CFF20F4007189B2404603F050
S214036B8008FFD7E70428D5D101250022204621781F
S214036B90FFF7CDFD07460028E4D04FF00008014676
S214036BA0434601224046CDF80080FBF78CFE0228C0
S214036BB019D1384603F0E8FAC2B2013A207093B20C
S214036BC0394601223046CDF8008003F0D9FFC9E7E5
S214036BD080F0800520F0800081B23046C5F3C015F2
S214036BE003F0D7FED1E70028BCD12070BAE708B57A
S214036BF00020FFF764FC80F00100C0B208BD0A461F
S214036C0008B501460020EDF7F5FBB0FA80F0400921
S214036C1008BD0020ECF768BB00210846ECF70CB86B
S214036C200020FFF74ABC70B5044603F0B0FE04220A
S214036C3000210646204603F0CBF9204403F0A7FEC6
S214036C40032205460021204603F0C2F9204403F040
S214036C509EFE4FF6FF730540ADB29D4214D1F30777
S214036C6012D506220021204603F0B2F9204403F091
S214036C708EFE0446EDF730FC844214BF022406243D
S214036C80EDF724FC204070BD2046FBF7EDFFC40063
S214036C90E4B2F5E708B5FFF7C6FF003818BF0120D2
S214036CA008BD0120704710B50446FEF71DFB08B962
S214036CB0FEF71CFB03050FD40C231B2B01D100206E
S214036CC009E020FA03F1C90703F1010206D5DBB296
S214036CD0E31A5842584110BD0B23F9E71346ECE775
S214036CE010B50C46098819B90846F7F717FD208032
S214036CF0012010BD08B510461A4600F08CFABDE810
S214036D00084003F0E2BD70B504460D46164692B041
S214036D106A46EBF7FFFE6A46294620468DF81F6053
S214036D20ECF7AEF912B070BD10B50C46EDF7B0FF38
S214036D302046BDE81040EDF7C1BE0129F8B505466B
S214036D400C461DD003291ED0052920D0072922D0A2
S214036D500026002400270120EBF72EFE3044854250
S214036D601DDA0320EBF728FE2044854219DA0520B6
S214036D70EBF722FE38448542B4BF07200520F8BD52
S214036D806FF00406E5E76FF004040526E2E7002645
S214036D906FF00407DFE7002405272646DBE701201C
S214036DA0EDE70320EBE738B14379490023F00C0302
S214036DB001F00C010B434371704710B5044678B1DC
S214036DC041794088490801F006010131000AFFF7BE
S214036DD0B4FF024601462046FFF7E5FF104610BD06
S214036DE00722FBE738B50D46EDF740FF044608B922
S214036DF0002038BDFFF7E1FF002DFAD1237913F009
S214036E000703F5D0984238BF1846C0B2F1E7EEF74D
S214036E103BB90022EEF75EBA0021012208B5EEF771
S214036E2059FA401A18BF012008BD38B51546FFF7B2
S214036E30F0FF0446284603F087FE84B1FF2804D0FB
S214036E40626822FA00F3DB0701D5012038BD01236F
S214036E50834013436360E3780133E370F5E720462A
S214036E60F4E7EEF791BC10B503F072F900F11004E5
S214036E70204603F08CFD20F4007189B22046BDE85D
S214036E80104003F086BD2DE9FF411546019101210F
S214036E908DF80D301B0A8DF80E309DF82C308DF8CA
S214036EA00C008DF80F3028460423009103AA9DF8A2
S214036EB028809DF830709DF8346001F016FB044678
S214036EC070B12946FFF762FBB8F1000F02D12046E6
S214036ED0FFF7C9FF2FB146B93146204601F0D0F877
S214036EE00024204604B0BDE8F08100222046114667
S214036EF0EEF7D0FBF4E74FF47A70EEF725BD08B54E
S214036F00ECF7CCFDBDE808400020EEF723BE00B545
S214036F108BB06846EEF7F4FC009BBDF8060004A9A8
S214036F200693EEF793FC0BB05DF804FB1FB504461F
S214036F306846EEF7E5FC02AB03CB2060616004B065
S214036F4010BD1FB5062304468DF80C30EEF75CFF24
S214036F5000238DF80D00CDE90033012102232046DE
S214036F6003AA01F0C2FA04B010BD38B50022082106
S214036F700546FFF7E0FC044698B9FFF74EFD2246A8
S214036F804FF6FF71EFF798F92846297CEEF712FEC5
S214036F90287C6A69E989F0F70DFDEEF783FD204644
S214036FA038BD0120FCE770B50C4605460120EFF717
S214036FB00FFD237B4BB1FFF730FD014623462A46E0
S214036FC0BDE870400120EFF795B94FF6FE71F5E77F
S214036FD0F8B50E460746FFF78FFB054603F0D7FCCA
S214036FE000F44040B0F5404F14BF0022062202F1E1
S214036FF00A03EB5C0B325C0004F00E045B081444DB
S21403700003F0380338461C44FFF77BFB844208D260
S214037010001BC2B20F2A28BF0F2230462919E4F7F5
S2140370209BFC2046F8BDECF739BD40F62740F0F749
S2140370303FBAFF224FF6FF71F0F76EBB07B500218C
S2140370400DF10700F0F7A0FC9DF8070003B05DF80C
S21403705004FB13B5044601A90020F0F795FC019A3A
S21403706001462046F0F7A6FC204602B010BDF0B558
S2140370700F46002187B0044608461646F0F784FC00
S214037080012305460DF10A008DF808408DF80930F6
S214037090FFF74CFF092C1DD131460DF1120003F00A
S2140370A078FC05AB002102AA9B1A2846CDE90011FD
S2140370B0DBB2642101F019FA0546E0B1092C15D1BB
S2140370C0F0F7C2FC044688B12846F0F7D1FC204608
S2140370D007B0F0BD31460DF113008DF812704FF670
S2140370E0FF7503F056FC0DF11503DBE7284600F0A9
S2140370F014F80446EBE70446E9E738B504460D46BC
S21403710003F03CFD40B1AC4206D0204603F02DFD13
S214037110BDE8384000F0ACBF38BD10B50446FFF7F5
S214037120EBFA023003F033FC4FF6F773984220462F
S21403713003D9BDE81040F0F715BEF0F755FEB0FAD8
S21403714080F0400910BD012070470022F0F742BDD1
S21403715070B504460088FFF7CFFA0546043003F0FF
S21403716016FC0646A81C03F012FC054603F025FB96
S2140371703046F2F71FF830B92846F2F71BF810B17D
S214037180284603F0FBFCA378002023F00F03A3702C
S21403719070BD70B50546FFF7AFFA0646284601F000
S2140371A0C8F901462846F7F7EDFE04462846FFF7DA
S2140371B0D7F94FF6F773984208D8337803F00303EA
S2140371C0012B05D1A31E5842584170BD0120FCE790
S2140371D00020FAE741F2033330B585B00D46ADF82B
S2140371E008300446FFF719FC8DF80A00FFF715FC74
S2140371F00021000A8DF80B0005232046CDE9001177
S21403720002AA8DF80C5001F070F910B12146FFF771
S2140372109CFF05B030BD2DE9F041044617460D46E8
S214037220E1B13F294FF0000600D135462046FFF76F
S21403723073F9082814D10121204602F0C1FF06463F
S21403724002F0A2FF0446304602F082FF3B460146A8
S2140372502A46E0B2BDE8F041FDF718BC0126E5E793
S2140372602046FFF759F9024630B9BDE8F0414FF61C
S214037270FF71012003F054BB2046FFF75EF9B0F51B
S214037280006F0ED12046FFF76BF94FF6FF73984257
S214037290014617D0002D0CBF03200520002203F063
S2140372A03FFB29462046EEF7ADFA68B92946204645
S2140372B0F1F71EFF40B9324629462046BDE8F041A5
S2140372C0F0F7D6BE0120E9E7BDE8F08170477047C6
S2140372D037B54FF6F675FDF738FB431E9BB2AB4248
S2140372E00446F8D8EDF7C2FC0028F4D169462046D8
S2140372F0ECF7DEFF0028EED0204600F09AFE0028CA
S214037300E9D12046FFF788FD0028E4D12046F1F7AF
S21403731051FF0028DFD1204603F030FC0028DAD1E5
S2140373202046FDF71DFB0028D5D1204603B030BD0F
S21403733073B504460E46F1F73DFF054688B9204669
S214037340F1F792FF21462B460D224FF6FD7000956E
S21403735000F0A1F83146204602B0BDE87040F1F7D0
S21403736045BF02B070BDF7B504460D461746FFF796
S21403737054FB0646002D3FD04FF6FB739C423BD88A
S2140373802046F1F717FF08B1A64235D02046F1F79D
S21403739011FF10B1012003B0F0BD2046FDF7E0FA5F
S2140373A0C0B1A642F6D0F4B169462046ECF780FF9A
S2140373B00246C0B908216846FFF7BDFA98B9082205
S2140373C069462846E4F784FC68B129462046FFF759
S2140373D0AFFFDFE7A642E6D12846ECF7D7FF10B9A2
S2140373E000F03DFED6E73FB121462846EDF7E4FD23
S2140373F021462846F5F720FE0020CCE737B505469C
S21403740014460C2914D8DFE801F02C132C1313139D
S21403741007131313132424006946ECF749FF18B91E
S21403742001216846F5F706FF41202946F8F726FAB4
S214037430D4B12046FFF760F9023003F0A8FA4FF6FE
S214037440F773984210D9204603B0BDE83040F0F7F2
S2140374503FBD40F6144040F613430B2908BF1846B9
S214037460E3E700F0EDFDE3E703B030BD1FB50346E9
S214037470084603218DF80D308DF80C1001230021EA
S214037480ADF80E20CDE9003103AA042301F02DF850
S21403749005B05DF804FB2DE9F34106460F46144696
S2140374A01D469DF82080FFF7B8FAB04207D10022A8
S2140374B02146384602B0BDE8F041FFF79FBF3A4683
S2140374C031462046FFF7D2FFADF8060060B10D2C1B
S2140374D005D100224FF6FF71282003F021FA35B9B3
S2140374E0BDF80600FFF719FE02B0BDE8F0810123E0
S2140374F0424629460DF10600ECF724FABDF806309D
S214037500002BEDD1F0E7F7B50C460546FFF7F4F888
S214037510611C06462846F7F735FDA11C0746284694
S21403752000F02AFF014604463846FDF747FA0D2FBA
S21403753034D12046F1F73EFE78B1301D03F027FA2A
S21403754004462846F679FFF73AF8314602462046BF
S21403755003B0BDE8F040FFF768BCB01C03F017FAB1
S2140375604FF6F773984202D92846F0F7B1FC204647
S214037570F1F77AFEFFF751FAA04205D1002003B0D7
S214037580BDE8F040FFF7A2BE6B46B068F16803C3E0
S21403759069462046F1F72AFE03B0F0BD2A4639466F
S2140375A0204603B0BDE8F040FFF728BF14220021B1
S2140375B0E4F742B82DE9F04F11F00F0704460E46E4
S2140375C015468FB05CD10120E1F7B4FC09A8FDF79E
S2140375D0F3FA092309A88DF82430FDF7F1FA09A870
S2140375E0E1F77AFC01A909A8FDF77BFC26F00F0852
S2140375F0A84404F1100904F10F0A454511D1236983
S21403760001A93344236109A8FDF750FC0020E1F7E4
S21403761091FCB6F1005F28BF272738460FB0BDE8B8
S214037620F08F05AA23469646944618685968083389
S214037630ACE803004B456246F6D12B46224605F1DD
S214037640100B53F8041B5B4542F8041BF9D1714633
S21403765009A8FDF72BFC09A8E1F73EFC22462146C4
S2140376600120E1F723FC013D631E13F8012F15F8F3
S214037670011F534582EA01021A70F6D15D46BCE744
S2140376800227CAE7F0B5174685B005460C46102212
S21403769000216846E3F7D0FFBFB3C4B30F2C04F052
S2140376A00F0608D924F00F043A4621462846FFF76A
S2140376B081FF40BB2744324639466846E4F74CF917
S2140376C080222F6906F1100337446B44B7F5005F39
S2140376D003F8102C2F61C6F110061AD3062E1FDDF1
S2140376E0FB001A0E8DF80A201A0C5BBA8DF80B20D5
S2140376F0ADF80C306A4610212846FFF75BFF0020E2
S2140377002B69103B2B6105B0F0BD3E46D8E72646F5
S214037710D6E7022E04DDFB005BBAADF80E30E9E7D0
S2140377206A4610212846FFF745FF2B691022A3F16E
S2140377301004002168462C61E3F77EFFB7F5005F6F
S2140377404FEAC403CDD2E7E770B50E46054686B0CA
S21403775001A81446FFF72AFF3246294601A8FFF779
S21403776091FF2246054601AB05AE1C4603CCB44248
S21403777010605160234602F10802F6D1284606B08F
S21403778070BDF1F7C9BD0A460021F1F7C5BDF0B5D6
S2140377908BB00C4601A9F1F7BFFD054680B3252241
S2140377A00021E01CE3F748FF0123A3700E23BDF876
S2140377B010702380FA0510D523464FF4877206AE61
S2140377C023F8042B0DF1280C324603CA62451860D1
S2140377D05960164603F10803F6D13B0605D5238800
S2140377E043F080032380069B636001AB03CB039BBC
S2140377F0C4F81D00C4F82110A361F2F771FF60619D
S21403780028460BB0F0BD30B505460C4687B001A838
S214037810FDF7D2F92868696802AB03C39DF81130F7
S21403782043F002028DF8112074B12288510644BF3A
S21403783043F006038DF81130530542BF9DF811300F
S21403784043F008038DF8113001A8FDF7B0FAB0FA3B
S21403785080F0400907B030BD2DE9F3410F460546D9
S214037860164602F091FC4FF00008C41BE4B229460A
S21403787023463A463046CDF8008003F081F90121CD
S214037880284602F09DFC88B10121284602F098FCA8
S214037890074602F079FC0546C3B24246301939461C
S2140378A0CDF8008003F06CF92544ECB2204602B014
S2140378B0BDE8F0812DE9F04F85B00C4605469146AC
S2140378C01F464FF0010ADDF838809DF83CB002F001
S2140378D05BFC22463B4629460646CDF800A04846B2
S2140378E003F04EF95146284602F06AFC3C4418B3AE
S2140378F05146284602F064FCF6B2B442814610DADA
S214037900E7B2F31BDBB2404622462946CDF800A079
S21403791003935F4403F034F9039BBF1B984407F0BB
S214037920FF0B012300220E9349465B46404605B0F3
S214037930BDE8F04F03F024B95B4622462946CDF84E
S21403794038A0F3E72DE9F041002686B0074608463F
S2140379500C4615469846CDE9026604968DF81460E3
S21403796002F012FC411BCBB20D2B28BF0D232A4677
S2140379702146009602A803F003F9424602A93846B8
S214037980F1F720FE0646294620469DF80820F7F71D
S2140379900DFB304606B0BDE8F0812DE9F04F0E46EC
S2140379A0CBB00121054617461C4602F009FC2346C8
S2140379B03A462946814606A8FFF7C4FF0DF1280A72
S2140379C000EB070B5246314628465FFA8BFBFFF760
S2140379D043FFB34503D200204BB0BDE8F08FABEBBB
S2140379E006085FFA88F808F104039842F3DB331FAE
S2140379F018440423C4B20193A31BDBB2009352467C
S214037A0043460021CDF808A006A8E1F703FA0028AC
S214037A10E1D1A4EB0B040AEB0803E4B25246284672
S214037A203146009301944346FFF744FF3946284600
S214037A30F7F7A8FA394600F0F8022846F7F7B6FA39
S214037A400121284602F0BCFB002818BF4D462846F5
S214037A50ADF8165002F098FB011FC9B20DF11600DF
S214037A6000F04FFC0120B7E72DE9D841064600F0A9
S214037A7060FD411C044689B2304600F02DFD98B3E4
S214037A8094B321463046F7F77DFA00F00C03042B37
S214037A90074629D000F00308B8F1020F00D11BBB3C
S214037AA0384600F0B0FD3B060444A4B216D5611C6C
S214037AB0304689B200F010FDB0B121463046F7F7E4
S214037AC061FAB8F1010F014600F003030CD0032B53
S214037AD00AD0384600F0A6FD03199CB2214630466C
S214037AE0BDE8D84100F0F8BC0020BDE8D881F8B561
S214037AF0064600F0E0FC054604463046FEF7FCFD6D
S214037B0043785B0718D5AC1CA4B22146304600F078
S214037B10E3FCB8B129463046F7F734FA0746691C42
S214037B20304689B2F7F72EFA1FB1874201D8FF28ED
S214037B3008D104EB4704A4B221463046BDE8F8401A
S214037B4000F0CABC0020F8BD13B5044601A8F1F73F
S214037B5091FFBDF80430DA0710D49B0707D4102230
S214037B600021204602B0BDE81040E3F765BD22467B
S214037B7021461020FFF7E8FD0028F0D102B010BD23
S214037B80024608B5F1F79EFF510544BF0838C0B258
S214037B90130544BF0838C0B208BDF0B5D307054681
S214037BA00C468BB04AD5008800F0C3FC002306467B
S214037BB0029314B9CDE9034403AC002208212046FE
S214037BC0FEF7B9FEA8B12888FEF796FD023002F04C
S214037BD0DEFE21460746ECF76BFB50B1002240233E
S214037BE01146384600F005FA40F6094528460BB01C
S214037BF0F0BD31462888F7F7C5F910F0030F0CBF20
S214037C0001260026F1F7CCFB46EA4000C0B20090FE
S214037C100021204602AB05AAF3F79EF90546F1F7C5
S214037C20BFFB0028E2D0002DE0D0002120460096BE
S214037C3002AB05AAF3F790F90546D7E740F60A45DF
S214037C40D4E700231A46F3F7F3B830B58BB005AD87
S214037C5004462846FCF7B0FF0223284601A98DF800
S214037C601430FDF73EF9234601AA144603CCAC4272
S214037C7018605960224603F10803F6D10BB030BDF5
S214037C8008B50023024619461846F3F7D1F8012033
S214037C9008BD37B504466846F3F742F9054648B1CA
S214037CA0082221466846E4F713F8B0FA80F0400944
S214037CB003B030BDFF2208212046FEF73CFE0346F4
S214037CC028B106212846FFF7BCFF0120F0E722462D
S214037CD00146F3F7ADF8F8E707B56846F3F720F97A
S214037CE010B16846FDF76CFA00F0010003B05DF8CA
S214037CF004FB0120F3F7EABD704730B501240546BF
S214037D0089B003A8FCF758FF01A88DF80C40E1F7EB
S214037D1041F99DF806209DF80730AA4209D0AB42E8
S214037D2009D103A88DF80D40E1F7D6F8012009B074
S214037D3030BD0024F5E70020F9E700221021FEF706
S214037D40FABD70477FB50D4600F582300D226946B1
S214037D5000F58070D5F7B8F86B462A4602AE1C4687
S214037D6003CCB44210605160234602F10802F6D1F8
S214037D70206810602379137100236B7304B070BD01
S214037D80F0B585B06A4605460B46164601F1080768
S214037D90144618685968083303C4BB422246F7D111
S214037DA018680D2220601B7905F582303146237151
S214037DB000F58070D5F7B4F805B0F0BD38B50446C5
S214037DC00D46E0F7D9FBA04205D920462946FFF722
S214037DD0B9FF002038BD2820FCE730B5002485B065
S214037DE08DF80040E0F7C8FBE5B2A84204D8F5F7E3
S214037DF085F8002005B030BD69462846FFF7C0FF6A
S214037E000134EFE738B50446002002F0ACFEFF2845
S214037E1005460FD002F0AFFE10F0010009D0284649
S214037E2002F0A9FE400840EAC17080F0010000F0AD
S214037E30010038BD04F00100FBE70146F8B506462D
S214037E400020F4F795FFFF2801D00120F8BDE0F7E6
S214037E5083FB00240546871CE0F782FBE3B29842C7
S214037E6001D80020F2E735F82430B34203D117F8DF
S214037E702430002BE9D10134EEE738B50D46012155
S214037E80044602F09DF930B10121204602F098F92C
S214037E902880012038BD20462C8000F020FC0130CD
S214037EA0C0B2F7E72DE9F04788B007468946104683
S214037EB00DF10A011D469046FFF7DFFF4FF0000A5B
S214037EC0BDF80A6004463046CDE905AACDF81BA0E6
S214037ED002F05AF9031BDBB20B2B28BF0B232246F7
S214037EE03146CDF800A005A802F04AFE48F21F036B
S214037EF09D4243D00BD885F40043012B15D9234666
S214037F004246494628460097FDF7A7F933E048F26C
S214037F103A039D42F3D1FEF780FDB8422BD02246AA
S214037F20414605A8FDF7CAF925E09DF8143013BBB2
S214037F30BDF81D40DDF81500DDF8191003AB03C3CB
S214037F40204603A9E0F70CFD0122204603A9FFF70C
S214037F500AFAA74206460ED0012103A8F5F76AF9E6
S214037F6048F201039D4206D12EB9334632463946BE
S214037F70204600F058FC08B0BDE8F0879DF8145082
S214037F80002DF8D12F469DF815800234EAB24245FB
S214037F90F1D2D200D2B222440823314692B20097DD
S214037FA003A8CDE9037702F0EBFD03A800F074F80D
S214037FB002F0DBFD00F05CF80135E7E710B50024BE
S214037FC0418084800480C280038110BD13B5BDF850
S214037FD01040CDE900340023F5F7FAFB02B010BDDC
S214037FE013B5BDF8104001900094F5F7F1FB02B00D
S214037FF010BD07B500930123FFF7F2FF03B05DF84A
S21403800004FB0123F5F78ABC38B50546EFF71CFDDC
S2140380100446E0F7BDFAA40144EA4020284038BDF0
S2140380207047704700207047FF2070470020704756
S2140380307047002070474FF6FF7070470020704768
S2140380407047002070477047002070477047002035
S214038050704700207047704770470020704770478E
S2140380607047002070474FF6FF7070471720704721
S21403807070477047704770477047704701207047D6
S21403808001207047002070470020704770477047F4
S21403809070474FF6FF7070474FF6FF70704700202B
S2140380A070470020704700207047704700207047D5
S2140380B02DE9F04F002785B081460C467E203946D1
S2140380C09846BDF83CB09DF844A0BDF84C500192CC
S2140380D0ADF80E7002F0B0F80646002800F0AA804D
S2140380E002F036F839467E22E3F7A6FA304602F067
S2140380F02FF80090304602F02BF8B9F1FF0F0CBFB3
S214038100274644F003073B0A14F4406207704370A3
S2140381105FD14FF00808C31C184642460199E3F79F
S214038120DDFA034604F44044434484B1790606D496
S21403813019464FEA1B2201F802BB5A700B46B4F5E8
S214038140004F56D0A4F5404254425441E400224620
S21403815018460E99E3F7C2FA009A03462044A0EBAA
S21403816002085FFA88F89DB14FF47C521A53841CB8
S214038170284601F0EDFF8346284602F005F8C5B20F
S2140381802A4659462046E3F7E7FB60190235EDB267
S214038190B9F1FF0F2FD05246109900F8019BE3F771
S2140381A0DBFB08F101015AFA81F129443046EBF76B
S2140381B05FFB0C210022FF0007F0800710463943BF
S2140381C0FEF778FAADF80E00E8B9002005B0BDE872
S2140381D0F08FB2F5006F80F803804FEA182880F816
S2140381E0048000F1050314BF4FF008084FF002089F
S2140381F092E70224ABE708EB0A0129443046EBF783
S21403820037FB0821D6E7304601F0A2FF0446304686
S21403821001F0BAFF0123024621460DF10E00EBF7EB
S21403822091FB0028D1D10121BDF84820BDF80E00EE
S21403823001F0DAFFBDF80E00C8E710B50C46098852
S21403824021B90846F6F76AFA208008B1012010BD66
S2140382500220FCE72DE9F04780460F460646002439
S21403826002F1FF39BC4202D219F8015F25B9A6EB29
S214038270080080B2BDE8F0879A46A5F13102012ACC
S2140382805AF8041B10D83246322D02F8011B06D1C9
S2140382900134A4B2A74232D30912B21C717001345E
S2140382A053461646A4B2DDE7342D0CD10334BC4244
S2140382B0DDDA0B0A317073700B0C090EB370321DC6
S2140382C0F170A4B2EBE7A5F13302062A0DD8303DD0
S2140382D0ADB22B19BB42CADA2A463046013CE3F755
S2140382E0FDF915FA84F47219EBE7A5F14102062AA3
S2140382F001D8373DECE79D8803F1080AE9E71646FF
S214038300B5E770B5054600880C4601F03DFFA04270
S21403831028880AD201F038FF0023221A1946284675
S214038320BDE8704092B2EBF70DBB2146EBF7A0FA1F
S214038330002070BD38B5054601F00AFF04462846FE
S21403834001F022FF002201462046BDE83840FEF732
S214038350EEB9F8B516460C461D46BDF8187001F082
S214038360F7FE0444304601F0F3FE3A464119204630
S214038370BDE8F840E3F7B2B970B50C46013189B2EF
S2140383800646F6F7FFFD214605463046F6F7FAFDA4
S21403839000EB052080B270BD1FB50123ADF80C209D
S2140383A000930A460223014603A802F0E9FB05B040
S2140383B05DF804FB0FB437B5069D0021A8B201F0A3
S2140383C03BFF044601F0C4FE2CB1002207AB019329
S2140383D0D1B28D4205D8204603B0BDE8304004B084
S2140383E0704753F8041B81540132F1E773B5044612
S2140383F00D4640200021164601F01EFFADF806008C
S21403840001F0A6FEBDF8063013B9002002B070BD19
S214038410402133462A462044FFF71CFF211889B221
S2140384200DF10600FFF76DFF0028EED1BDF806003C
S214038430ECE70EB403B503AA52F8041B0192FFF748
S214038440D5FF02B05DF804EB03B070472DE9F743A0
S2140384500F4601218146164601F0B2FE054658B185
S214038460FFF768FF308088B9284601F08DFE68B1B3
S214038470192003B0BDE8F083484601F085FEFF2FC0
S214038480A0EB0704E4B214D014B934800020F0E75C
S2140384902A4621462846FEF74AF980460028E7D0B2
S2140384A03B464A4629460094FFF753FFA6F800804A
S2140384B0ECE70120DDE708B5FEF71EF9437803F085
S2140384C001001A074CBF10300830DB0644BF0830E3
S2140384D0C0B21030C0B208BD10B50C4601F054FE51
S2140384E0A04234BF0020012010BD7FB51446009182
S2140384F0024641F2092141F609209DF820601D46F7
S214038500002E18BF0146099B0020F6F763FDADF861
S2140385100E0010B9002004B070BD01232A46214680
S2140385200DF10E00EBF70EFA0028F3D1BDF80E009E
S214038530F1E738B50546FFF7BEFF0446284601F0C7
S21403854023FE631C9BB283420FD82846FEF7D4F85B
S21403855043785B0707D521462846F6F713FD013017
S21403856004EB4004E4B2204638BD0024FBE71FB505
S214038570ADF80E0001F008FE0446BDF80E00FFF746
S214038580D8FF00F10E03DBB2BDF80E200146E01A59
S21403859080B200901046FFF7DCFEA4F10E0189B20C
S2140385A00DF10E00FFF7ADFE04B010BD4278034692
S2140385B012F0080006D0D20702D403F10800704771
S2140385C003F10900704737B505460C46FEF794F8E5
S2140385D0437813F0100212D09CB103F001021B077C
S2140385E04FF000032946009320464FF0080354BF7C
S2140385F01832203202F0C4FA012003B030BD104610
S214038600FBE72046F9E700F00303012B08D0C30677
S21403861006D400F00C000C2814BF0820092070476D
S21403862002207047034611F0030005D003F003034E
S214038630022B14BF022003207047F8B50C460646EB
S21403864001F0A2FD631C834202D900252846F8BD2B
S21403865021463046F6F796FC0746FFF7D4FF3B065F
S2140386600546F3D50444304601F08EFDA4B2631CE0
S2140386709BB28342E9D821463046F6F783FC01468F
S2140386803846FFF7CFFF2844C5B2DFE770B5064686
S2140386900D46FFF7D2FF044610B90024204670BDEE
S2140386A029463046F6F76EFC8206F7D5304601F0CB
S2140386B06BFD2544ADB26B1C9BB28342EDD82946B5
S2140386C03046F6F75FFC00F01803082B14BF05349A
S2140386D00634E4B2830644BF0834E4B2DEE738B5B2
S2140386E00546FFF726FF044608B9002038BD0146B5
S2140386F02846FFF7CBFF0028F7D02044C0B2F5E7A3
S2140387002DE9F04387B005460C46FDF7F5FF804696
S21403871002F03DF907462846FFF70BFF06460146DB
S2140387202846FFF78AFF0022034600922946324670
S21403873002A802F025FA9DF8086006F00C030C2B3D
S21403874006F003090BD0B9F1010F59D0F10657D43F
S2140387509DF809300DF10A050020637107E0FF2339
S2140387600DF10900637102F012F90DF10B0520817A
S21403877098F80130DA0704D508F1020002F007F989
S2140387802081B9F1010F5FFA89F83DD0F3063BD497
S214038790284602F0FCF86080A81C02F0F8F80535BD
S2140387A015F8013C208023712B78B006A37206F0DF
S2140387B0400348BF43F02003390627D543F400732C
S2140387C0F80448BF43F48063390548BF43F40063A5
S2140387D03206E38011D56A7812F003020DD06FEAF1
S2140387E043436FEA5343A978B8F1020FE3800B467D
S2140387F011D1EB7841EA0321218107B0BDE8F0836C
S214038800FF230DF10905A7E7FF23CCE77A0648BF48
S21403881043F48073D4E7012A04BF0B029BB223817F
S214038820EBE7F7F789B80BB1F7F7F2B80AB9F7F73A
S2140388306BB9FF21F7F794B8431C08BF0020E4F791
S214038840B1B90000034B5868C0F30800003818BFDE
S2140388500120704700ED00E0014B1868704700BF29
S214038860D8650020084B1B6F03F00703022B04D0C8
S214038870032B05D0012B05D0FEE7044B1868704781
S214038880034BFBE70348704700800050D865002081
S214038890E0650020002D310108B5FFF7E3FF054B27
S2140388A01B6FC3F301330133B0FBF3F0024B1860C5
S2140388B008BD00BF00800050D46500200048704704
S2140388C000B4C40400487047002D3101014B1868FA
S2140388D0704700BFE0650020174A9368C3F304435C
S2140388E00C2B0AD8DFE803F00B090909090907214D
S2140388F019091B1D1F001148704700207047936815
S21403890003F04073B3F1807F11D0B3F1007F10D032
S214038910002B0B4818BF002070470A4870470A48C8
S21403892070470A4870470A4870470A4870470A481B
S21403893070470A48704700BF0040015A405DC600B2
S21403894000093D00C0EA210180BA8C010048E80115
S214038950005A62020024F40080841E0040420F0086
S214038960014B1868704700BFDC65002007B500F0B0
S21403897065FC6A4600F0C2FC18B14721034801F0C3
S21403898028FFDDE9000103B05DF804FB34B50300FE
S2140389900229F8B596BF104B00245C5C01280546F7
S2140389A00E4608D0022809D008B944F002040B4B3F
S2140389B01F6837B9F8BD44F00804F8E744F020040C
S2140389C0F5E77B681A68144203D0314628465B688D
S2140389D098473F68EDE700BFA64F0400403D0020E0
S2140389E038B5104D2B78ABB10F4C23781BB100F084
S2140389F031FA00232370002001F0FEFE0B4C50B129
S214038A0000F07AFA0023012120782B70FFF7C0FFCD
S214038A100123237038BD0122054B1A702278054BBB
S214038A201A70F7E7F55B0020F35B0020FA5B002083
S214038A30F65B0020F75B00200E490B78FF2B01D175
S214038A4098B170470BB990B97047002814BF01223C
S214038A50FF2213440B7060B1074B1B78012B08D918
S214038A60064B1B782BB9FFF7BBBF1A46F1E701226B
S214038A70EFE77047F95B0020FA5B0020F65B002007
S214038A8010B501F0A4FD064B04461B781BB1BDE8E8
S214038A90104001F097BDFFF7A3FF2046F7E700BF9E
S214038AA0F25B002002282DE9F04147D029480378DD
S214038AB0FF2B41D1002941D11A461344DBB2037080
S214038AC000293BD0244E3278012A37D9002B3ED0DA
S214038AD001F07DFD214F04463B780BB3204D2B78E8
S214038AE01BB901222A701F4A1370DFF87C8098F89E
S214038AF0003023B100F0AEF9002388F8003020469A
S214038B0001F060FD012001F077FE01F060FD2B7897
S214038B1004461BB100F0F0F900232B7000233B70D2
S214038B20204601F04FFD01243078A04206D02146AE
S214038B30FFF72EFF347001E013B931B9BDE8F081B9
S214038B40002914BF0122FF22B7E70122B5E702245A
S214038B50EAE700BFF95B0020FA5B0020F55B002024
S214038B60F25B0020F65B0020F35B00202DE9F04368
S214038B7085B0EFF3108572B6AFF3008001F011FFF6
S214038B80002800F09280624E624F337823B10020B3
S214038B90FFF752FF00233370387878B903A900F043
S214038BA01DFB044650B95C4B039A1B689A4200F2BD
S214038BB084800120FFF740FF012333703B78002BAE
S214038BC040F09980554B1B78002B00F091804FF0B6
S214038BD00208534CDFF868912078404507D099F88F
S214038BE0003013B94146FFF7D3FE84F80080B8F18E
S214038BF0020F0FD1DFF8248198F8003053B9494BA0
S214038C001B7823B900F020F90122474B1A70012381
S214038C1088F80030207800F0F7F899F8003013B1A0
S214038C20424B1B782370AFF30080284601F0DFFD2C
S214038C30EFF3108572B63E4B1A7852B100221A70C3
S214038C403A4B20781B78984203D101212170FFF715
S214038C509FFE384800F082FA01F0B7FE80460028EF
S214038C6093D12E4F3B789BB189F80000DFF8B8907C
S214038C7099F800301BB100F0EDF889F80080002069
S214038C8001F0BAFD002839D000F036F900233B7016
S214038C90337823B10020FFF7CFFE00233370002183
S214038CA02078FFF775FE00232370AFF30080284675
S214038CB005B0BDE8F04301F09ABD1F4BD3F8008022
S214038CC000F048F9039B80449845BFF472AF00F068
S214038CD03BF98200039942F0020292B2CDE90042C8
S214038CE02346164AA1EB0801124801F087FD65E703
S214038CF000F09CF86BE74FF001086AE7012000F0EC
S214038D0083F8284601F073FDEFF3108572B6B6E7D5
S214038D10F45B0020F95B0020483D0020F55B002053
S214038D20FA5B0020F85B0020F35B0020F75B002073
S214038D30F05B00204C3D0020443D0020818A030068
S214038D40F65B002010B501F042FC0022054B1C78B0
S214038D501A7001F037FC00F005FBE4B22043C0B202
S214038D6010BD00BFF15B002038B501F030FC094BA5
S214038D7005461B78012B04D801F024FC002420466A
S214038D8038BD054B1C6800F0E5F80444284601F09E
S214038D9019FCF4E7FA5B0020443D00201549164A07
S214038DA00B6F10B503F007031360144A144C926953
S214038DB0032B02F00200C2F34002227017D0D1F850
S214038DC0203103F00703022B11D0D1F8803203F0D1
S214038DD001030C4A137048B143B9064BD3F800316C
S214038DE003F00303591E4B424B41137010BD01237E
S214038DF0EFE700BF00800050A83D002000C00150F0
S214038E00FF5B0020005C0020012805D00238012803
S214038E1008D80020D1F762BB034A136923F0040382
S214038E20136130BF704700BF00ED00E0044B054AF6
S214038E30D3F8203103F007031360F8F7EFB900BF48
S214038E4000800050B03D00200122014B1A7070478D
S214038E50FE5B0020F8B51F4B1B78002B39D01E4C49
S214038E602378B3B91D4B9A6DD10302D5DA6D9207F9
S214038E702FD49B6DDB072CD401F003FD184B194A46
S214038E801860136F23F0070343F003031367FFF71A
S214038E9003FD01F0F6FC124B134D1B68134EC01A6C
S214038EA02B78134F56F8232046F82300111A3A68F6
S214038EB01048521A0A213A600932B2FBF1F2013322
S214038EC0DBB20260B3FBF1F201FB12332B7000231B
S214038ED02370F8BD005C0020FD5B002000C000503E
S214038EE0A03D002000800050FC5B0020783D002061
S214038EF0743D0020703D002008B5F8F790F90D4A40
S214038F000D49136F096823F007030B4313670B49D7
S214038F10D2F82031096823F007030B43C2F8203147
S214038F20074B1B7813B10122064B9A62BDE8084033
S214038F30FFF7B2BC00800050A83D0020B03D0020E3
S214038F40005C002000E00050014B1878704700BF1B
S214038F50005C0020054B187818B1054B186800EB29
S214038F60D000044B1B681844704700BF005C002009
S214038F70703D0020A43D002008B50D4B1A7892B131
S214038F8000221A700B4A136F23F0070343F0010302
S214038F901367D2F8203123F0070343F00403C2F823
S214038FA02031FFF779FC0122034B5A6708BD00BF47
S214038FB0FE5B00200080005000E000500D490B6867
S214038FC0A0B10022A3B1834203D1836822B90B6008
S214038FD003E01A469B68F5E7936083680BB90020A5
S214038FE070475A6941690A445A61F8E72220704774
S214038FF002207047BC3D002010B501F05EFC0A4C11
S2140390000A4B19682368C31A09B9206010BD002BE0
S214039010FBD04A699A423ABF9B1A0022D21A4A6187
S21403902028BF00238968EFE7B83D0020BC3D002039
S21403903038B5154D2B682BB35B69B3B1134A0220C1
S21403904014681C4400F088FA204600F047FA002211
S2140390500F492B680A70012A05D823B1D8888007E0
S2140390600AD501230B70002038BD022000F074FAE5
S214039070022000F093FAEAE79B68002BF3D05869C6
S2140390800244E8E72220EFE7BC3D0020B83D00207D
S214039090025C0020C38870B504460D463BB9FFF753
S2140390A063FE8542064602D2F9F734FA35460E4A7F
S2140390B0656113689BB91460A3600FE02D1A986866
S2140390C019466561034618B15869A842F6D941B1F5
S2140390D08C60A36013B15A69521B5A6170BD00219C
S2140390E0F2E71460F5E700BFBC3D002070B51646F6
S2140390F09DF81420C0E903360271049ABDF81830AF
S2140391000260002204460D468260C38006BB01F05F
S214039110D4FB2844A0613DB9E368656113B12046DA
S2140391202168984796B1354601F051FA0646FFF78F
S21403913063FF29462046FFF7ADFF074B1B68A34294
S21403914001D1FFF775FF304601F03CFA002070BDF1
S21403915001F0B3FB3044DDE7BC3D0020F8B505461F
S214039160D0B101F034FA0646FFF746FF0B4B28460C
S2140391701F68FFF723FF044620B1304601F022FAAA
S2140391802046F8BDAF42F8D1FFF752FF2228F4D1AC
S214039190022000F0EDF9F0E72224F1E7BC3D0020C1
S2140391A038B50C460546A8B1A1B100230B7001F0F3
S2140391B01BFA0121084B1B6833B901F010FA002093
S2140391C038BD9D4204D121702278002AF9D0F4E7F5
S2140391D09B68F1E72220F3E7BC3D0020F8B506467E
S2140391E00F4601F001FA00250446124B1B6823B90B
S2140391F0204601F0F4F91B2011E05A691544DA8879
S214039200B2420DD101F059FB0B4E3368C01AA84287
S2140392100AD3002320463B6001F0E1F90020F8BDA5
S214039220FF2EEFD09B68E2E701F047FB33682B4441
S2140392301B1AEFE7BC3D0020B83D002070B501F0D7
S214039240D3F9064601F039FB084B044601201D6896
S21403925001F023FB18B101F030FB0446013530461C
S21403926001F0BDF92046294670BD00BFC43D00206D
S214039270014B1868704700BFC03D0020F8B50C4B83
S21403928005461B680E4683420FD3002440F2E730A0
S2140392902146084B4FF47A721F680023E5FB07014B
S2140392A0E1F75EFE30602046F8BD2120FCE700BFF4
S2140392B0B43D0020C03D00200F4B10B51A689AB18C
S2140392C04FF47A71531E1342A0FB01010ED1B2FA7A
S2140392D082F2C2F11F04531CD243E04001FA03F3A7
S2140392E0184321FA02F20243104610BD0023E1F7A9
S2140392F037FE0246F8E700BFC03D002038B5164BE0
S21403930014468342154B8B4123D3154B1A6802B37D
S2140393104FF47A75A0FB050305FB0131531E134278
S21403932011D1B2FA82F3C3F11F055A1CDB4301FACB
S21403933002F2E84021FA03F310431843E940C4E974
S2140393400001002038BD0023E1F70AFEC4E900014E
S214039350F7E72120F6E700BFEFA7C64B37894100A2
S214039360C03D002010B501F03FF9034B1C7801F017
S21403937036F9E4B2204610BD015C002008B5084B60
S2140393801B7803F0FF004BB101F07BFA054B1B681B
S2140393909B69C01A02288CBF0020012008BD00BFAD
S2140393A0025C0020BC3D0020C2072DE9F8430446BA
S2140393B007D5474A136801331360FFF71DFEFFF70F
S2140393C037FEA30740F1818001F00EF94FF0000845
S2140393D005464646FFF710FE3E4F3C680CB16369F0
S2140393E0A3B100223C4B012E1A7003D118F0020FD2
S2140393F018BF1E70FFF71CFE222802D1022000F0C1
S214039400B7F82846BDE8F84301F0E9B823465A6999
S2140394103AB91A792179914288BF1C469B68002B7A
S214039420F5D1284601F0DBF8D4F81080B8F1000F28
S2140394303FD001F042FAA269851AEB17454573F14E
S214039440000337DB23691344A36101232269CAB1EE
S214039450C3B9A38BB8EB050833B1E28B13449BB2B5
S214039460B3F57A7F1CD2E38301F0BEF80546414686
S2140394702046FFF70FFEA369226928461344A3611B
S21403948001F0ADF8E36813B1204621689847B4F8B5
S214039490068001F0A9F801360546FFF7ADFD9CE707
S2140394A0A3F57A73E383A36918F1FF38013BA3613D
S2140394B0DAE7454601F098F881462046FFF77EFD39
S2140394C0484601F08CF80023C0E7BDE8F88300BFE8
S2140394D0C43D0020BC3D0020015C002010B50446BE
S2140394E001F075F84FF0B042936A1907FCD4136A7B
S2140394F0116C5269120704D4CA1A032A01D8994276
S2140395000ED1E21A022A98BFDC1CB4F1FF3F38BF23
S214039510013C4FF0B04308221C6403F580539A6164
S21403952001F050F8054A13783BB14FF0B041CB6BCE
S21403953043F00203CB630023137010BD436B00207C
S21403954007B5044B01A9187901F0E7F8019803B0B1
S2140395505DF804FBE44D040000F001038207034AB0
S21403956048BF43F008039361704700BF00100058DC
S214039570820700F001030AD50121064A43F00803D7
S21403958011704FF0B041CA6B22F00302CA63024A5D
S21403959093617047436B002000200058830742BF47
S2140395A00822014B5A6170470010005873B502AB8E
S2140395B0164603E90600044600F052FF0546204619
S2140395C000F05EFF9DF800208DB1202C33780ED876
S2140395D0012B2ED84FF6FF752D4803EB4313234478
S2140395E030F81310A94202D0013120F81310294B8A
S2140395F0294E33F8141036F81400814232D34FF64E
S214039600FF75A9424FF0010502D0013123F814106B
S21403961004F0FD01092927D1998AB68A0A44B24281
S214039620B4BF9A829E8233F81430834227D202B0A4
S21403963070BD022BDBD14FF6FF704FF6FF75144B50
S21403964033F81410814218BF013104F1210018BF0A
S21403965023F8141033F81010A9421CBF013123F865
S2140396601010C4E70025D0E71D2CDCD1598F8E18C7
S214039670864203DA01390A445A87D4E75887002D0D
S214039680D5D1204602B0BDE8704001F031B900BF25
S21403969008580020E05800208C58002038B50D46A6
S2140396A0044600F0A1FF064A13889BB22DB123435C
S2140396B01380BDE8384000F092BF23EA0403F7E7BF
S2140396C0E65A00200022034B01214FF480701A70E3
S2140396D0FFF7E4BF1362002008B5054B1868FCF7D4
S2140396E02EFE00F00300C31E5842584108BD00BFBB
S2140396F01455002038B5044601F098F90C4B05467E
S2140397001978187981420FD0631E082B0CD8DFE82E
S21403971003F0050D0B0D0B0D0D0D0D00002201467C
S214039720044B1868FCF709FE284638BD0022F7E705
S214039730716B00201455002038B54FF0FF300C46EF
S214039740FFF77AF80A4B05461868FFF775F8641BA7
S214039750241A20B210F1630F06DB10F1240F05DA8A
S21403976064308000C0B238BD0020FCE7FF20FAE773
S2140397701455002008B5134B1B78062B04D040F66F
S2140397802101114801F025F8104B1B881B0704D450
S21403979040F622010C4801F01CF80D4B2A201978DC
S2140397A0FFF7A8FF00210820FFF778FF0222094BE6
S2140397B01A70094B1868E8F7EBFBBDE8084001F0A0
S2140397C084B800BF13620020574A0400E65A0020FC
S2140397D010620020A06B00201455002010B50E4C1C
S2140397E0236823B940F6A3410C4800F0F2FF206833
S2140397F0013001F0CCF800F0070003280AD12468F2
S21403980009220121204600F0E3FB205C031F584297
S214039810584110BD0020FCE704550020574A0400B9
S21403982038B50C4640B100210420FFF737FF01F09E
S2140398304CF8012C1DD038BD244B1B889B07F6D54E
S2140398400129234A2FD1117869B30139C9B211709E
S21403985011B92020FFF722FF00210220FFF71EFF89
S21403986004221C4B00211C481A7000F05DFD01F019
S2140398702CF81A4C2068013001F089F800F4406097
S214039880B0F5006F1FD1246801210422204600F0A2
S2140398909FFB204401F07BF80146BDE838400022D8
S2140398A0202001F03DB800210D4D02201170FFF776
S2140398B0F5FE2B78FF2B04D040F29961094800F09F
S2140398C088FF2C70B3E74FF6FF71E6E7E65A0020F1
S2140398D01262002013620020E8680020045500206E
S2140398E0A16B0020574A040038B5134C054623885D
S2140398F0580709D5FFF7F0FE01460720FFF7FAFEE3
S214039900FF210120FFF78CFF238899070BD50B4B0C
S214039910284619788A1F51425141FFF7EBFE012171
S2140399200020FFF77DFF23881B0703D5BDE83840DB
S214039930FFF720BF38BD00BFE65A002013620020A1
S214039940F7B5124CD4E9006586EA020C85EA0307EC
S2140399500CEA000C0F405CEA070E15D086EA0C06EC
S2140399607D40C4E90065CDE900230B46084902465D
S2140399700868FCF7A6F838B14FF4FD71054803B044
S214039980BDE8F04000F025BF03B0F0BDA8150020E9
S21403999014550020574A040008B50A4B1B88DB06FB
S2140399A004D440F64701084800F013FF00211020B6
S2140399B0FFF774FE002000F06BFBBDE8084000F0E4
S2140399C084BF00BFE65A0020574A04002DE9F04F33
S2140399D05706804614461D4691B005D5FFF77CFE14
S2140399E001460120FFF786FEEE0403D500212D2055
S2140399F0FFF780FEA00224D54046FCF74CFD014647
S214039A00F8B94020FFF74AFE40460AA9FCF720F9BA
S214039A10B8B99DF83030022B40F0D980BDF8280045
S214039A2001F0A3F8FF2808D14046FCF70FF940B928
S214039A3001214020FFF732FE03E001F09AF80028E8
S214039A40F2D1A10305D5FFF747FE01460320FFF732
S214039A5051FEE20104F0807640F1C080854B1B88FE
S214039A609B072DD5844E3068FCF787F840BB834BA5
S214039A70834F18703B78FF2B04D040F25761814820
S214039A8000F0A7FE4FF0000900210220FFF706FEB4
S214039A9087F800907C4F3B78062B07D101210820DE
S214039AA0FFF7FCFD49462820FFF724FE3B78052BED
S214039AB006D100212B20FFF71DFE3068E8F768FA71
S214039AC000F003FF220717D56B4F0321386805AA5A
S214039AD0FCF76DF8064620B940F2C961694800F004
S214039AE078FE9DF81430072B00F0D080FFF7F4FDC6
S214039AF001460420FFF7FEFDE10505D5FFF7ECFD63
S214039B0001460420FFF7F6FD14F4863F05D0FFF761
S214039B10E3FD01460220FFF7EDFDA20113D5FFF793
S214039B20DBFD01460820FFF7E5FD00210420FFF7D3
S214039B30B5FD554B1B78012B03D14F4B1868E8F73F
S214039B4027FA00F0C2FE14F0084F09D0FFF7C4FD51
S214039B5001460720FFF7CEFDFF210120FFF760FE39
S214039B60A30009D5FFF7B8FD01460620FFF7C2FD9F
S214039B70FF210120FFF754FEA70705D53D4B1B88A1
S214039B801E0701D5FFF7F6FD6C0603D500210A2054
S214039B90FFF7B0FD280602D50120FCF78DFCE9058A
S214039BA040F1858140460AAA05A9FCF7C4FB9DF847
S214039BB01430222B00F06D8100F28281152B40F2C7
S214039BC06A8140F60A112F4800F003FE6FE1032B6B
S214039BD07FF437AF0AA800F0C4FF30E705F00207AA
S214039BE056EA07030DD0284B26201978A1F1060E56
S214039BF0DEF1000141EB0E01FFF77CFD012130464B
S214039C0011E004F0805656EA07030FD01E4B2620B9
S214039C101978A1F1060CDCF1000141EB0C01FFF70A
S214039C2069FD02213846FFF7FBFD4BE704F0884148
S214039C3051EA060309D0144B272019788F1F79425F
S214039C407941FFF757FD0221D9E705F008030B43D7
S214039C5002D02320FFF74EFD680703D500212420FA
S214039C60FFF748FDE9077FF52DAF00212520FFF715
S214039C7041FD27E7E65A0020145500201262002013
S214039C80A16B0020574A040013620020314638684F
S214039C900AAAFBF792FF20B14FF4DA619E4800F060
S214039CA098FDBDF81630386802330AA9ADF82C3093
S214039CB0FBF785FF20B140F2DF61974800F089FD8E
S214039CC00023009331460423386804AAFBF779FF80
S214039CD0042804D040F2E4618F4800F07AFDDFF8F0
S214039CE0589299F80030C3BB0DF1110000F04FFEF7
S214039CF000F00700022830D1FFF7EEFC01460920EA
S214039D00FFF7F8FC854B1B78062B23D1844B9DF875
S214039D1013201B789A421DD19DF8353023B940F2A3
S214039D20FA617D4800F055FD0DF1110000F02FFE9D
S214039D30C0F3001631462920FFF7DCFC002108207B
S214039D40FFF7ACFC774B1E70FFF748FD10B9386879
S214039D50E8F71EF900F0B9FDCEE6BDF816000121BE
S214039D60083080B200F068FA039030B9FFF7B4FC0D
S214039D7001460420FFF7BEFCECE700F0E9F905AA6C
S214039D80014606463868FBF724FF99F800A0BAF1A7
S214039D90000F22D106F1010B584600F0F8FD8306AA
S214039DA05AD53868FCF777FB0746FFF795FC053767
S214039DB00146F8B2FFF79EFC584600F0E8FD00F0B7
S214039DC007000328584F2DD001210420FFF766FC17
S214039DD04FF0FF30FBF71CFF386000225349BDF8F5
S214039DE016300978F718F1549DF83630BB709DF895
S214039DF03730FB700A9B190E3971190C7971FB7198
S214039E00190A99F80030B97123B9737892B343F0FD
S214039E1020037370002000F069F97870039800F04F
S214039E2071FA97E701210922304600F0D1F8305C39
S214039E3001210428C9D1FFF731FC4FF0FF30FBF7AF
S214039E40E7FE3B4B38601B885806C6D55146402074
S214039E50FFF724FC0122C1E7FFF73EFC0146092079
S214039E60FFF748FC2D4B1B78012BB6D13868E8F773
S214039E708FF8B2E723F02003CBE701227E33DBB271
S214039E8002FA03F313F00A1F31D113F0011F3FF454
S214039E9098AE27202CE0012202FA03F3254A1A4043
S214039EA02ABB13F0041FF4D1DA077FF58AAEAB059D
S214039EB02FD50121802011B0BDE8F04FFFF7EEBB90
S214039EC0652B1AD8622B12D8452B0CD8422B0ED8EA
S214039ED0352B06D8322B0AD8252B08D9322BD8D0C7
S214039EE06FE6422BFBE7552B05D8522BF7D92620D6
S214039EF0FFF7FAFCDBE7622BF1E7952B3FF661AE43
S214039F00812BBAD8722BC4D0733B022B3FF659AEC3
S214039F10EDE711B0BDE8F08F574A04001362002046
S214039F200F620020A06B002000550020A26B0020CB
S214039F30E65A00203A00380016620020024B1878D2
S214039F40B0FA80F0400970471362002008B5064B4C
S214039F504FF0FF311868FCF714FA0028B8BF033037
S214039F6040F3870008BD00BF1455002008B5074B13
S214039F701868FBF73BFD30B1054BB3FBF0F083B23B
S214039F800BB1184608BD0120FCE700BF145500209E
S214039F9040420F0038B510200C460121FFF77EFB28
S214039FA0064B1D68FFF7E2FF012200FB04F1044B9A
S214039FB02846FCF7CBF9002038BD00BF1455002017
S214039FC099990300014800F004BC00BF714A0400DD
S214039FD0032A70B5144602D82C4B985C70BD81F0EA
S214039FE0010519B90D2A07D1FF20F7E70D2A03D17A
S214039FF000780538C0B2F1E7084400F0C8FCC5F1A4
S21403A000040110F440660246C9B209D1042C08467E
S21403A010E4D0052C16D112F0400F18BF0846DDE732
S21403A020C5F10603042CD8B2D8D0B6F5006F03D119
S21403A030C5F10805E8B2ECE7B6F5406FE9D1C5F11E
S21403A0400E05F7E712F4404107D1062CC6D0072CBD
S21403A050C4D0082C13D10130CCE755065CBF831C53
S21403A060D8B2062CBAD0B1F5004F02D1831CD8B2B1
S21403A070EDE7B1F5404FEAD100F10803F7E7130720
S21403A08044BF0530C0B20C2CA8D9ADE748960400EF
S21403A090AC2370B5094C054603FB00435E6D26B939
S21403A0A040F2FD31064800F094FBAC2303FB054465
S21403A0B0002363653346BDE87040184718550020F3
S21403A0C0AE4A040010B40C461146AC22064B02FB03
S21403A0D00033586D20B95C655DF8044BFFF75ABF33
S21403A0E002205DF8044B704718550020AC22034B42
S21403A0F002FB003393F8A800704700BF18550020F2
S21403A10028B1034B1B68C01A4010013080B2704759
S21403A110D855002030B1044B00F100401B680138CD
S21403A12003EB4000704700BFD8550020064B1B6862
S21403A130834206D8054B1B68834294BF0020012048
S21403A14070470020704700BFD8550020D455002024
S21403A15010B5044608B9002010BD00F075FC20B900
S21403A16040F2CD41074800F034FB2046FFF7D2FF0C
S21403A1700028F0D00388DB0B14BFD0F80A000830A1
S21403A180EAE700BF854A040010B508B9002010BDF1
S21403A190FFF7C0FF044600F04EFC20B94FF49D6164
S21403A1A0064800F016FB002CF0D02388DB0B0ABF12
S21403A1B060882089C0F30C00E9E700BF854A0400E5
S21403A1C038B5FFF7A7FF0D46044650B100F033FC41
S21403A1D020B940F24151034800F0FBFA023534F847
S21403A1E0150038BD854A040070B5FFF793FF0C468B
S21403A1F016460546B0B100F01EFC20B940F24D519C
S21403A2000C4800F0E6FA3046FFF784FF00F013FC34
S21403A21020B940F24E51074800F0DBFA023425F825
S21403A220146070BD40F25251BDE87040014800F022
S21403A230D0BA00BF854A04002DE9F843074688468E
S21403A24000F069FB20B940F28E512A4800F0C1FAAB
S21403A250FC1CA408284B64000434B7F5005F1E6892
S21403A260A4B204D340F29551224800F0B2FA00F0AB
S21403A270BBF9224981460B687BB9214B1D68761BC7
S21403A280C6F34F06B44227D90025484600F0A7F97F
S21403A2902846BDE8F843FFF733BFB8F1000F11D0E7
S21403A2A0174A15685A1BC2F34F029442ECD8144857
S21403A2B0620005EB44040460B8F1000F0FD11344A9
S21403A2C00B600CE0F61AC6F34F0676B940F2A651B9
S21403A2D0084800F07EFAD7E705EB44041C60002329
S21403A2E06F80AB80EB802B80CFE7B442CCD8044A98
S21403A2F01568DCE7854A0400DC550020C4550020B9
S21403A300D455002038B5054600F06EF904462946B4
S21403A3100448002200F0A5FB2046BDE8384000F0C4
S21403A3205EB900BFEC5A002082684B4B2DE9F04122
S21403A3309A4204460E46056815D121B140F2131120
S21403A340464800F046FA00F04FF923691BB92B681C
S21403A3502BB924612C60BDE8F04100F040B91A69BE
S21403A36022611C61F6E700F02DFA8046FEF76AFAD2
S21403A37020B14FF49571394800F02BFA6FF0004383
S21403A3809E4221694BD22B7B08EB0602002B4DD055
S21403A390AB6893424AD1531C002949D0616999425C
S21403A3A042D01EB9521AB2F1004F3DD963612369F8
S21403A3B06E689C4203D19D21284800F00AFA2F4676
S21403A3C00023B4420BD0002B41D172696169891A0C
S21403A3D0B1F1004F32D83269374694422CD1226904
S21403A3E0BD420CBF6A603A617BB92669B44203D1A9
S21403A3F0B8211A4800F0EDF93B46012E05D06269F4
S21403A4007169521AB2F1004F23D99D420BBF6B6894
S21403A4101A69236122610CBF6C601C6104E043442B
S21403A42031B162699342C1D1BDE8F0811346B3E707
S21403A4306A6822616C60B9E71646C6E7A8EB0202B3
S21403A440B2F1004FC7D93B4637463669B9E71F46D0
S21403A450F9E733463669D0E7693A0200994A0400B9
S21403A4600823064A12F8011B814205D0013B13F06C
S21403A470FF03F7D11846704701207047F99604008A
S21403A4800823064A12F8011B814205D0013B13F04C
S21403A490FF03F7D11846704701207047F196040072
S21403A4A010B5082207490446E1F712FCB0FA80F01B
S21403A4B04FF6FF732289400940009A4208BF40F0D6
S21403A4C0010010BD0A97040030B504460D4685B05A
S21403A4D002B9084A1068516801AB03C301AB03CB4A
S21403A4E020602046ADF80C501B886160238105B0C0
S21403A4F030BD00BF59D30300002270B50A4B1C7849
S21403A5000A4BD5B2AC4202D800200C7008E01E8875
S21403A5100132864205D30D701B881B1A58425841D8
S21403A52070BD1233EDE700BF906100208C5A002007
S21403A53010B5164B187860B1154C2368CBB14FF4A1
S21403A540707200201349FFF7BDFD2368013B2360AB
S21403A55010BDFFF7FBFC1049104A91F90040136841
S21403A56084420B4C03F1010313602368B8BF0870E1
S21403A57053B90B4800F09DFA0028E9D1BDE8104016
S21403A58001460748FFF7D0BE0822DAE763620020D9
S21403A5905056002031A503005E6200204856002076
S21403A5A0B46A0020054B1B682BB9054B18680038A6
S21403A5B018BF012070470120704700BF4056002097
S21403A5C03C56002010B962B6BFF36F8F7047EFF3A7
S21403A5D0108072B67047302383F31188704780F378
S21403A5E01188BFF36F8F7047EFF31180302383F327
S21403A5F011887047002070474FF4004070474FF4AF
S21403A6007A7070470122417803788A4030214B43A1
S21403A61041F2100103F1A04303F570335A5070471B
S21403A620B0F5802F24D010D8B0F5003F22D006D83E
S21403A63028B3B0F5803F14BF012048207047B0F51B
S21403A640403F14BF01202C207047B0F5302F13D0A5
S21403A65008D8B0F5E02F11D0B0F5202F14BF012095
S21403A66010207047B0F57F0F14BF012006207047F7
S21403A6704B2070472A2070471120704721207047CF
S21403A68008B570B100F022F84FF098435A6CD20226
S21403A690FCD5586D10F4702004D0BDE80840FFF7D1
S21403A6A0BFBF212008BD08B528B128220021E0F746
S21403A6B0C3FF002008BD2120FCE7036A042B9FBFCD
S21403A6C000EB83020133D16003627047036A052BF4
S21403A6D014D84FF09842116CC902FCD504339B0082
S21403A6E013650168103B11604168116050F8081F3C
S21403A6F011604FF098420344984200D1704750F8D7
S21403A700041F1160F8E7836813B9816070475B68BC
S21403A7105A68012AFBD15960704709B100F008B89E
S21403A72022207047012100F046B8002100F043B80C
S21403A73070B506460D46FFF757FF04461D2E37D85D
S21403A740DFE806F00F18361C1E203622243636366F
S21403A7502628362A2C2E30363636363436363636D5
S21403A7603632FEF77FF8002628602046FFF737FFCD
S21403A770304670BD0120CFF74BFCF4E70320FAE721
S21403A7800420F8E70C20F6E70220F4E70620F2E7B9
S21403A7900720F0E70820EEE70520ECE70920EAE7C4
S21403A7A00A20E8E70D20E6E71020E4E70B20E2E7BF
S21403A7B000202126D8E70020704708B5FEF7D6F814
S21403A7C080B208BD08B5FEF7D1F808BD704742DE73
S21403A7D0704738B504460D4600F008F8FFF7FBFE51
S21403A7E029462046BDE83840FFF7F1BF704710B949
S21403A7F062B6BFF36F8F7047012070472DE9FF41A4
S21403A8000D4616461F460446A8B14FF00008C0F88A
S21403A8101C80FEF7A3FCBDF82C30424602939DF83D
S21403A82028302946CDE9007320463346FEF75EFC02
S21403A83004B0BDE8F0812220FAE7F0B51F460023F6
S21403A84087B00D46164604468DF81730A8B1C36187
S21403A8500DF11701FEF7A4FC9DF817207AB9BDF891
S21403A8603430294602939DF830302046CDE90073F4
S21403A8703346FEF73BFC07B0F0BD2220FBE7032080
S21403A880F9E738B5FFF7B0FE054600F016F80446BC
S21403A8902846FFF7A4FE204638BD4FF0B0430128F4
S21403A8A05B6904D0022805D1C3F3C000704703F0E8
S21403A8B0010070470020704770474FF0B0439A6A14
S21403A8C01207FCD4186A7047704708B5FFF7FCFFF9
S21403A8D000F01DF808BD10B5FFF779FE0121044608
S21403A8E00846FEF7DFF82046BDE81040FFF76ABECD
S21403A8F010B5044600F012F82046FAF7F7FF204694
S21403A900F8F72CF9BDE81040F9F7EFBC704708B527
S21403A910FFF7FCFF08BD0120704770470020704713
S21403A92030B589B00446ADF806108DF81020FFF751
S21403A93097FD05462046FFF7A3FD03469DB1BDF8E8
S21403A9400600ABB900F0BAF8FF2808BF00200DF1E7
S21403A9500F038DF80F001A46204604990593FEF759
S21403A96025FE09B030BD0028F5D00DF10603F2E749
S21403A97000F0A4F8FF2808BF0020BDF806308DF8C5
S21403A9800F00ADF81A308DF8180006ABE3E7008821
S21403A99070470170090A4170704701207047012013
S21403A9A0704738B5DFF788FD0446D4F7B7FD051EB4
S21403A9B018BF2546D4F784FE041E18BF2C46FFF79F
S21403A9C0ECFF002818BF204638BD38B5FEF7BAF9A5
S21403A9D00446F7F7C3FA04281ED002284FF00005F2
S21403A9E008BF0124F8F762F9042817D0022808BF25
S21403A9F00124F7F7F2FE042812D0022808BF012428
S21403AA00FFF7CDFF04280DD0022808BF0124002D30
S21403AA1018BF0024204638BD0125E3E70125E8E7F3
S21403AA200125EDE70024F5E7FF20704708B5FFF79B
S21403AA30FBFF002008BD08B520B1FFF777FB00F049
S21403AA40010008BD0120FAE708B5FFF763FBBDE880
S21403AA500840FFF7F0BF008810B1C9B2FFF7B0BBDC
S21403AA6070472DE9F041B0F8008006460C46D5B293
S21403AA70B8F1000F11D029464046FFF7A1FB224646
S21403AA80074629464046FFF7AFFB3A462946204687
S21403AA90FFF7AAFB3480BDE8F0810F46F5E70346CF
S21403AAA01B8808468B4202D00021FFF789BB002093
S21403AAB070470069003818BF0120704700207047B0
S21403AAC0F8B506460D46FFF7EBFC0328044621D0EF
S21403AAD02846FFF7E5FC032807461BD010F00203C1
S21403AAE018D1A0070DD5F90716D401233C43E20776
S21403AAF004D431892A89914218BF002303F0010048
S21403AB00F8BD082229463046E1F7E2F8B0FA80F3AA
S21403AB105B09EBE70020F3E71846F1E770B50D464F
S21403AB2000210646FFF797FF044630B1FFF710FBF8
S21403AB3001462846FFF7C4FF08B1204670BD2146EC
S21403AB403046FFF7ACFFEFE707B50DF10701FFF758
S21403AB50D3FC20B19DF8070003B05DF804FBFF208B
S21403AB60FAE700207047FF207047FF207047FF205A
S21403AB707047002070470020002170470020704770
S21403AB802DE9F84307460846154688461C469DF8B1
S21403AB902090FFF7DDFA4619A4B19EB14046FFF7B1
S21403ABA0F3FA254485420FDC2246B9F1000F06D19D
S21403ABB031463846E0F792FD0020BDE8F883394673
S21403ABC03046F7E72120F8E71D20F6E700000000EF
S21403ABD0000000000000000000000000000000006D
S21403ABE0F8B500BFF8BC08BC9E467047F8B500BF72
S21403ABF0F8BC08BC9E4670475FF800F095630020DB
S21403AC005FF800F03164002044657669636520745C
S21403AC10797065206368616E676520646574656333
S21403AC207465643A202564202D3E2025640D0A00B1
S21403AC3050726573732064657465637465640D0A86
S21403AC40004D756C74692070726573732064657447
S21403AC5065637465643A2025640D0A0052656C6565
S21403AC606173652064657465637465640D0A004CDE
S21403AC706F6E6720707265737320646574656374A2
S21403AC8065640D0A0072656C61795F737461727432
S21403AC905F6C61746368696E675F70756C73653A41
S21403ACA020616E6F746865722070756C73652069B9
S21403ACB073206163746976650D0A0072656C617949
S21403ACC05F6F6E0D0A0072656C61795F6F66660D65
S21403ACD00A0072656C61795F746F67676C650D0A4D
S21403ACE00057726974696E6720636F6E66696720C2
S21403ACF0746F206E763A2025730D0A0053697A65C1
S21403AD003A2025640D0A004661696C656420746FF9
S21403AD10207772697465204445564943455F434F1F
S21403AD204E4649475F4441544120746F204E562C8B
S21403AD30207374617475733A2025642E2028627913
S21403AD407465733A202564290D0A00737563636579
S21403AD507373210D0A004661696C656420746F2065
S21403AD6072656164204E565F4954454D5F444556AF
S21403AD704943455F434F4E4649472C207573696EDA
S21403AD80672064656661756C7420636F6E666967B9
S21403AD9020696E73746561642C20737461747573B3
S21403ADA03A2025642E202862797465733A20256438
S21403ADB0290D0A005573696E6720636F6E666967AF
S21403ADC03A2025642063686172732066726F6D0D86
S21403ADD00A25730D0A00756761656D316E623B5413
S21403ADE053303031322D4D48423B534133753B523D
S21403ADF0443144303B494231693B534230753B5200
S21403AE00433241303B494135693B4D3B004E657407
S21403AE10776F726B20737461747573206368616EE9
S21403AE2067656420746F2025640D0A004D616E7596
S21403AE30666163747572657220746F6F20626967EA
S21403AE400D0A004D6F64656C20746F6F206269672E
S21403AE500D0A00496E697469616C697A696E6720C8
S21403AE605A6967626565207769746820256420736C
S21403AE70776974636865732C2025642072656C613A
S21403AE8079732C20256420636F7665722073776947
S21403AE9074636865732C20256420636F766572730C
S21403AEA00D0A00436F6E666967207061727365648E
S21403AEB0207375636365737366756C6C790D0A002E
S21403AEC0726561642076657273696F6E20666F7251
S21403AED06D206E6577206C6F636174696F6E0D0A03
S21403AEE0004661696C656420746F207772697465C7
S21403AEF0206C6173745365656E56657273696F6E05
S21403AF0020746F204E562C2073743A2025640D0A45
S21403AF10004F6C642076657273696F6E3A20256401
S21403AF200D0A0043757272656E74207665727369D6
S21403AF306F6E3A2025640D0A00524553455420414E
S21403AF404C4C210D0A0068616C5F6770696F5F6324
S21403AF50616C6C6261636B3A2065787469206C6916
S21403AF606E6520256C642073746174757320256C7C
S21403AF70750D0A0068616C5F6770696F5F63616C6B
S21403AF806C6261636B3A206E6F206672656520455E
S21403AF90585449206C696E65730D0A002F686F6DEF
S21403AFA0652F72756E6E65722F776F726B2F747561
S21403AFB079612D7A69676265652D7377697463684D
S21403AFC02F747579612D7A69676265652D73776964
S21403AFD07463682F73696C6162735F746F6F6C73ED
S21403AFE02F73696D706C69636974795F73646B2F13
S21403AFF02E2E2F2E2E2F7372632F73696C6162733E
S21403B0002F68616C2F7A69676265652E63004472E8
S21403B0106F7070696E67206F6C64204F54412069AF
S21403B0206D6167652C2063757272656E74206F663A
S21403B030667365743A20256C750A00556E6B6E6FE1
S21403B040776E20636F76657220636F6D6D616E64D5
S21403B0503A2025640D0A00556E6B6E6F776E20637B
S21403B0606D642025640D0A00427574746F6E20703B
S21403B070726573732064657465637465642C2062FB
S21403B0807574206E6F20627574746F6E20697320FA
S21403B090707265737365640D0A00427574746F6E1F
S21403B0A0206C6F6E672070726573732064657465B9
S21403B0B0637465642C20627574206E6F20627574E9
S21403B0C0746F6E206973206C6F6E67207072657381
S21403B0D07365640D0A004E6F20636F766572207386
S21403B0E0776974636820636F6E66696720696E208C
S21403B0F04E562C207573696E672064656661756CA1
S21403B10074730D0A00417474726962757465206302
S21403B11068616E6765642C2065703A2025642C2070
S21403B120636C75737465723A2025642C206174749D
S21403B130723A2025640D0A00506F6C6C20636F6EA4
S21403B14074726F6C3A2073656E64696E6720636809
S21403B15065636B2D696E0D0A005A434C2061637458
S21403B16069766974792C20656E746572696E6720DA
S21403B1706661737420706F6C6C0D0A00506F6C6C94
S21403B18020636F6E74726F6C3A20636865636B2D11
S21403B190696E20726573706F6E73652C20666173BB
S21403B1A0743D25642C2074696D656F75743D256444
S21403B1B00D0A00506F6C6C20636F6E74726F6C3A7E
S21403B1C0206661737420706F6C6C2073746F700DDF
S21403B1D00A00506F6C6C20636F6E74726F6C3A204B
S21403B1E0736574206C6F6E6720706F6C6C20696E6D
S21403B1F074657276616C3D256C750D0A00506F6C34
S21403B2006C20636F6E74726F6C3A20736574207370
S21403B210686F727420706F6C6C20696E74657276DA
S21403B220616C3D25640D0A00506F6C6C20636F6E75
S21403B23074726F6C3A20636865636B2D696E206960
S21403B2406E74657276616C207772697474656E3D90
S21403B250256C750D0A00506F6C6C20636F6E7472EC
S21403B2606F6C3A20696E76616C6964206368656307
S21403B2706B2D696E20696E74657276616C2C207214
S21403B2806576657274696E670D0A00506F6C6C2084
S21403B290636F6E74726F6C3A206661737420706F9E
S21403B2A06C6C2074696D656F75742077726974743D
S21403B2B0656E3D25640D0A00506F6C6C20636F6EDF
S21403B2C074726F6C3A206661737420706F6C6C20B6
S21403B2D074696D656F75742C207377697463686918
S21403B2E06E6720746F206C6F6E6720706F6C6C0DCA
S21403B2F00A00556E6B6E6F776E204C6576656C43F1
S21403B30074726C20636F6D6D616E643A2025640DF4
S21403B3100A00556E6B6E6F776E204F6E4F66662013
S21403B320636F6D6D616E643A2025640D0A00496E85
S21403B330646578206174207772697465206174741B
S21403B340723A2025640D0A004C6F616465642073AD
S21403B350776974636820636F6E66696720766572C3
S21403B36073696F6E2025640D0A004E6F207377692C
S21403B37074636820636F6E66696720696E204E5635
S21403B3802C207573696E672064656661756C7473CB
S21403B3900D0A004D6967726174696E67206C656794
S21403B3A06163792073776974636820636F6E666977
S21403B3B06720746F2076657273696F6E2025640D3F
S21403B3C00A00496E76616C69642072656C61795F08
S21403B3D0696E64657820256420696E204E562C209D
S21403B3E0726573657474696E6720746F206465662E
S21403B3F061756C740D0A003E2000556E6B6E6F7798
S21403B4006E206572726F7200496E70757420627575
S21403B410666665722069732046554C4C004D61780C
S21403B420696D756D206E756D626572206F6620613D
S21403B4307267756D656E747320657863656564659C
S21403B440640054686520617267756D656E74206963
S21403B45073206E6F7420666F726D617474656420FA
S21403B460636F72726563746C7900496E636F727290
S21403B47065637420617267756D656E742074797088
S21403B4806500496E636F7272656374206E756D62D4
S21403B4906572206F6620617267756D656E747300E2
S21403B4A04E6F20636F6D6D616E6420666F756E649C
S21403B4B00075696E7438006164646974696F6E61DF
S21403B4C06C002A00756E6B6E6F776E0077696C641E
S21403B4D063617264006865786F7074007374726970
S21403B4E06E676F70740075696E7433326F707400B4
S21403B4F075696E7431366F70740075696E74386F63
S21403B50070740068657800737472696E6700756995
S21403B5106E7431360075696E743332002E2E2E200B
S21403B5200068656C70000A25730A25732573002569
S21403B530732008002F686F6D652F72756E6E6572C7
S21403B5402F776F726B2F747579612D7A69676265D1
S21403B550652D7377697463682F747579612D7A69BD
S21403B560676265652D7377697463682F73696C61A9
S21403B57062735F746F6F6C732F73696D706C69633E
S21403B5806974795F73646B2F706C6174666F726D28
S21403B5902F736572766963652F6C65676163795F80
S21403B5A068616C2F7372632F626173652D726570A9
S21403B5B06C6163656D656E742E63002F686F6D65D1
S21403B5C02F72756E6E65722F776F726B2F74757927
S21403B5D0612D7A69676265652D7377697463682F71
S21403B5E0747579612D7A69676265652D73776974F9
S21403B5F063682F73696C6162735F746F6F6C732F0C
S21403B60073696D706C69636974795F73646B2F70AB
S21403B6106C6174666F726D2F736572766963652FDE
S21403B620746F6B656E5F6D616E616765722F6C65B7
S21403B630676163792F7372632F736C5F746F6B65C7
S21403B6406E5F6D616E616765722E63002F686F6D46
S21403B650652F72756E6E65722F776F726B2F7475AA
S21403B66079612D7A69676265652D73776974636896
S21403B6702F747579612D7A69676265652D737769AD
S21403B6807463682F73696C6162735F746F6F6C7336
S21403B6902F73696D706C69636974795F73646B2F5C
S21403B6A0706C6174666F726D2F736572766963650D
S21403B6B02F746F6B656E5F6D616E616765722F6C5D
S21403B6C065676163792F7372632F736C5F746F6B37
S21403B6D0656E5F6D616E75666163747572696E67BC
S21403B6E02E630043757272656E7420436F6E6669CF
S21403B6F0673A202530780053657420434341206D14
S21403B7006F646520746F2025643A202530780065C1
S21403B7106E61626C65640064697361626C65640083
S21403B7206F757428636C69656E742900696E2028CA
S21403B73073657276657229004D46472053747269A5
S21403B7406E673A202573004170704275696C6465B4
S21403B75072204D464720436F64653A203078253083
S21403B7603458006E6F6465205B00416464697469D5
S21403B7706F6E616C20696E746572666163657300D3
S21403B780202025643A200070616765205B25645D90
S21403B790206368616E205B25645D20707772205B92
S21403B7A025645D006E6F7420616374697665006559
S21403B7B072726F72203078253038580070616E4987
S21403B7C044205B3078253034585D206E6F646549BD
S21403B7D044205B3078253034585D20007870616EE5
S21403B7E0205B307800706172656E744944205B306C
S21403B7F078253034585D20706172656E74527373A9
S21403B80069205B25645D006E6F64655479706520FE
S21403B8105B005365637572697479206C6576656C35
S21403B820205B253032585D006E6574776F726B202F
S21403B8307374617465205B253032585D2000427551
S21403B840666665722062797465733A202564202FD4
S21403B85020256400457020636E743A2025640065D5
S21403B86070202564205B656E64706F696E74202596
S21403B870732C206465766963652025735D20006EEE
S21403B880776B205B25645D2070726F66696C65203C
S21403B8905B3078253034585D206465764964205BD8
S21403B8A03078253034585D20766572205B307825F5
S21403B8B03032585D0020202020257320636C75737A
S21403B8C07465723A2030782530345820004E776BF2
S21403B8D020636E743A202564006E776B20256420FF
S21403B8E05B25735D005072696D61727920287072F2
S21403B8F06F290020206E6F646554797065205B3075
S21403B90078253032585D002020736563757269743C
S21403B9107950726F66696C65205B307825303258D3
S21403B9205D0045502025643A202573200045727239
S21403B9306F723A2020556E6B6E6F776E20656E645D
S21403B940706F696E742E00456E61626C6520657655
S21403B950656E7420646562756720696E666F20691C
S21403B9606E20436F726520434C4920636F6D706F82
S21403B9706E656E74006F6E6C7920636F6F726469A8
S21403B9806E61746F72732063616E20666F726D0AE8
S21403B990006A6F696E203078253038580A006C6567
S21403B9A0617665002573203078253032580A007298
S21403B9B0656A6F696E0072656A6F696E446966666A
S21403B9C044657669636554797065006578742E20DE
S21403B9D050414E2049443A20004E574B206F706525
S21403B9E06E3A20257520736563004E574B20636CB3
S21403B9F06F7365640066696E64206A6F696E616260
S21403BA006C653A203078253032580066696E6420BB
S21403BA10756E757365643A20307825303258004366
S21403BA2068616E67696E6720746F206368616E6E07
S21403BA30656C2025643A2030782530325800696ECC
S21403BA4076616C6964206E6574776F726B20696EBD
S21403BA506465780053686F72742049443A203078DE
S21403BA60253034582C2045554936343A20002C20AE
S21403BA7050616E2049443A203078253034580053BC
S21403BA80746172746564206D756C74692D70687961
S21403BA9020696E74657266616365004661696C65EC
S21403BAA06420746F20257320257320307825303268
S21403BAB058005465726D696E617465642025732041
S21403BAC0307825303258004B65657020616C697696
S21403BAD06520737570706F727420656E61626C6535
S21403BAE0642E006661696C656420746F20736574E8
S21403BAF0206B65657020616C697665206D6F646583
S21403BB002E007375636365737366756C6C79207347
S21403BB10657420746865206368696C642074696D55
S21403BB20656F7574206F7074696F6E206D61736BCB
S21403BB302E006661696C656420746F2073657420DB
S21403BB40746865206368696C642074696D656F75D5
S21403BB5074206F7074696F6E206D61736B2E006452
S21403BB606973636F766572004D617463682025732D
S21403BB70792066726F6D203078253034582C206516
S21403BB8070202564004E574B2041646472657373BE
S21403BB9020726573706F6E73653A20307825303483
S21403BBA058004945454520416464726573732072A5
S21403BBB06573706F6E73653A2000536572766963BA
S21403BBC0652025737920646F6E652E00232020740C
S21403BBD07970652020206E776B20206C6F632020A1
S21403BBE02072656D202020636C75732020206E6F95
S21403BBF064652020206575690020202564202020A8
S21403BC00203078253034582020307825303458209A
S21403BC1020307825303458203078253034582000AA
S21403BC20736C5F7A69676265655F6765745F62698F
S21403BC306E64696E67204572726F723A203078259B
S21403BC403038580A002564206F6620256420626910
S21403BC506E64696E6773207573656400656E6162F2
S21403BC606C6564207072696E740064697361626CDB
S21403BC706564207072696E7400616464206C696E1A
S21403BC806B206B6579004552523A2043616C6375AD
S21403BC906C617465642043524320646F6573206E41
S21403BCA06F74206D61746368004552523A20496E82
S21403BCB07374616C6C20436F6465206D75737420B8
S21403BCC0626520382C2031302C2031342C206F72C2
S21403BCD020313820627974657320696E206C656E36
S21403BCE0677468004552523A204145532D4D4D4FD7
S21403BCF02068617368206661696C65643A203078F1
S21403BD002530325800536574206A6F696E696E6712
S21403BD10206C696E6B206B657900736574206269AD
S21403BD206E642025643A2030782530327800454DFD
S21403BD3050545900554E494341004D324F4E45002D
S21403BD404D554C5449003F2020202000496E646521
S21403BD507820494545452041646472657373202005
S21403BD60202020202020204E574B496E64657820E3
S21403BD7020496E204643202020202054544C28730C
S21403BD802920466C6167202020204B6579202020DF
S21403BD902000256420202020200020202564202049
S21403BDA02020202020002020253038582020002066
S21403BDB0307825303458202000496E646578204951
S21403BDC04545452041646472657373202020202016
S21403BDD020202020496E204643202020202054790E
S21403BDE0706520204175746820204B6579002D20EE
S21403BDF020202020002563202020202025632020CB
S21403BE0020202000696573005741524E494E473A39
S21403BE10202052454144494E47204F46204B455922
S21403BE202056414C5545532044495341424C4544C2
S21403BE30204259204D464720544F4B454E004E57FF
S21403BE404B204B6579002573206F75742046433A63
S21403BE50202530385800257320736571206E756D64
S21403BE603A20307825303258002573206F757420B9
S21403BE7046433A2025303878005443202573200063
S21403BE802573205461626C650025642F2564206544
S21403BE906E747269657320757365642E00547261DF
S21403BEA06E7369656E74204B657900256420656E34
S21403BEB07472257320636F6E73756D696E672025C4
S21403BEC064207061636B65742062756666657225AF
S21403BED0732E0057494C4C0057494C4C204E4F5438
S21403BEE00054727573742043656E746572202573EF
S21403BEF020616C6C6F772074727573742063656E43
S21403BF007465722072656A6F696E73207573696EE5
S21403BF10672077656C6C2D6B6E6F776E206B65791B
S21403BF202E005365742074696D656F757420666F93
S21403BF30722054727573742043656E746572207232
S21403BF40656A6F696E73207573696E672077656CB3
S21403BF506C2D6B6E6F776E206C696E6B206B6579DC
S21403BF6020746F202564207365636F6E64732E00E0
S21403BF704552524F523A20002573737461636B2007
S21403BF806D75737420626520646F776E2E0052653C
S21403BF906164696E6720416C6C6F77656400486105
S21403BFA07368696E67206F6E6C7900736C5F7A696D
S21403BFB0676265655F6B65795F73657474696E67E1
S21403BFC0735F743A2030782530345800202050654B
S21403BFD0726D697373696F6E733A202573004572C9
S21403BFE0726F723A204661696C656420746F2067CD
S21403BFF0657420636F6E6669672C2073746174754D
S21403C000733A20307825303858004661696C656489
S21403C0103A20307825303858004D73673A20636CE1
S21403C0207573203078253034582C20636D642030A7
S21403C03078253032582C206C656E20256400627596
S21403C040666665723A2000454D4245525F00257389
S21403C05053454355524954595F4C4556454C3A202F
S21403C060253032580025736572617365206B6579D8
S21403C0702025643A2030782530385800636D6420D4
S21403C0806E6F74206275696C7400737263206570DA
S21403C09020253032782C20636C7573202530347855
S21403C0A00073656E64696E6720746F206D756C74BB
S21403C0B069636173742062696E640025733A206550
S21403C0C0703A2025642C20636C3A2030782530346F
S21403C0D0582C20617474723A203078253034580016
S21403C0E02C207376723A2025630025733A207265F6
S21403C0F061643A20307825303278002C20737672CB
S21403C1003A2025632C2064747970653A20307825AC
S21403C11030325800417267756D656E742061742005
S21403C120696E6465783A202564206973206F757498
S21403C130206F662072616E676500436F6D6D616E7A
S21403C1406420616C7265616479206275696C742E13
S21403C150202043616E6E6F7420736574204D4647CE
S21403C16020737065636966696320636F6465206620
S21403C1706F7220636F6D6D616E642E004D464720AF
S21403C180436F64652053657420666F72206E65780E
S21403C1907420636F6D6D616E643A20307825303499
S21403C1A05800557365204E65787420536571756520
S21403C1B06E63652053657420666F72206E657874AF
S21403C1C020636F6D6D616E643A2030782530325887
S21403C1D00044697361626C652044656661756C74BE
S21403C1E020526573706F6E73652053657420666F97
S21403C1F072206E65787420636F6D6D616E643A208D
S21403C200307825303258004552523A2072656164C0
S21403C210696E67206174747269627574652025306F
S21403C2203278004552523A206174747269627574AA
S21403C230652073697A6520256420746F6F206C61AE
S21403C24072676520666F7220627566666572004562
S21403C25072726F723A2061747472696275746520C3
S21403C260494420307825303458207265706F7274D4
S21403C27061626C65206368616E676520697320730D
S21403C280697A65202564422C2062757420256442F1
S21403C29020656E74657265640A006E6F20636D6454
S21403C2A0004572726F723A20434C492053656E64A0
S21403C2B0206661696C65642C207374617475733AC7
S21403C2C020307825303858004572726F723A202035
S21403C2D0455549363420617267756D656E742069FD
S21403C2E07320656D70747920616E64206C6F6F6B5C
S21403C2F07570206279206E6F6465204944206661FC
S21403C300696C65642E0047726F757000556E6963BD
S21403C31061737400556E62696E64202573202573FD
S21403C32030782530325800526571756573743A203B
S21403C330005A444F2073696D706C6520646573639F
S21403C340207265712025303278005A444F206E6F74
S21403C35064652064657363207265712025303278C6
S21403C360005A444F206D61746368206465736320CC
S21403C3707265712025303258005573696E67206DDB
S21403C38079206C6F63616C20455549363420666F9F
S21403C39072206465737420455549363420696E20CF
S21403C3A062696E64696E67005A444F2062696E6400
S21403C3B020726571202530327800636C757374655E
S21403C3C072206C696D6974207265616368656400C8
S21403C3D0696E76616C696420706167653A202564CE
S21403C3E0206F72206368616E6E656C3A2025640068
S21403C3F04368616E6765206368616E6E656C207363
S21403C40074617475733A2030782530327800647519
S21403C410726174696F6E206D75737420626520692E
S21403C4206E2072616E67652030202D203500636FA5
S21403C430756E74206D75737420626520696E207244
S21403C440616E67652031202D2038007363616E208E
S21403C45073746174757320307825303258006E65B6
S21403C46074776F726B20757064617465207365747E
S21403C4702073746174757320307825303258004108
S21403C48063746976652045502072657175657374AB
S21403C490207374617475733A2030782530325800EF
S21403C4A04C5149205461626C6520726571756573E1
S21403C4B0743A203078253032580042696E64696ECB
S21403C4C067205461626C6520726571756573743A92
S21403C4D020307825303258004C6561766520257308
S21403C4E030782530325800506F7765722044657374
S21403C4F063726970746F72202573307825303258F2
S21403C500005573696E67206D79206C6F63616C20CC
S21403C510455549363420666F72206465737420452A
S21403C5205549363420696E20756E62696E64696E8D
S21403C5306700526F757465205461626C65202573BD
S21403C540307825303258002F686F6D652F72756E00
S21403C5506E65722F776F726B2F747579612D7A699A
S21403C560676265652D7377697463682F747579617F
S21403C5702D7A69676265652D7377697463682F73AF
S21403C580696C6162735F746F6F6C732F73696D7020
S21403C5906C69636974795F73646B2F70726F746F01
S21403C5A0636F6C2F7A69676265652F6170702F669B
S21403C5B072616D65776F726B2F636F6D6D6F6E2F24
S21403C5C0736C5F7A69676265655F73797374656DAB
S21403C5D05F636F6D6D6F6E2E6300457874656E6472
S21403C5E0656420526573657420696E666F3A203001
S21403C5F078253034582028257329002F686F6D65F9
S21403C6002F72756E6E65722F776F726B2F747579D6
S21403C610612D7A69676265652D7377697463682F20
S21403C620747579612D7A69676265652D73776974A8
S21403C63063682F73696C6162735F746F6F6C732FBB
S21403C64073696D706C69636974795F73646B2F705B
S21403C650726F746F636F6C2F7A69676265652F619B
S21403C66070702F6672616D65776F726B2F636F6D77
S21403C6706D6F6E2F7A69676265655F6170705F665E
S21403C68072616D65776F726B5F736C6565702E6331
S21403C6900053746179206177616B65207768656EF6
S21403C6A0206E6F74206A6F696E65643A2025730086
S21403C6B0466F726365642073746179206177616B7A
S21403C6C0653A2020202020202020202025730046A5
S21403C6D06F7263696E672064657669636520746F3D
S21403C6E02073746179206177616B6500416C6C6FB0
S21403C6F077696E672064657669636520746F206763
S21403C7006F20746F20736C656570002F686F6D659E
S21403C7102F72756E6E65722F776F726B2F747579C5
S21403C720612D7A69676265652D7377697463682F0F
S21403C730747579612D7A69676265652D7377697497
S21403C74063682F73696C6162735F746F6F6C732FAA
S21403C75073696D706C69636974795F73646B2F704A
S21403C760726F746F636F6C2F7A69676265652F618A
S21403C77070702F6672616D65776F726B2F636F6D66
S21403C7806D6F6E2F7A69676265655F737461636B3D
S21403C7905F736C6565702E630052583A205265735A
S21403C7A06574546F466163746F7279446566617528
S21403C7B06C747343616C6C6261636B00657A73704F
S21403C7C020636F756E74657273206661696C656449
S21403C7D020257500657A737020526573657420543E
S21403C7E068726573686F6C64206572726F72202559
S21403C7F07500657A73702053657420546872657388
S21403C800686F6C64206572726F72202575002575DB
S21403C810292025733A2025750053657474696E675D
S21403C820205468726573686F6C6420636F6D6D6106
S21403C8306E64003F3F3F004D6163205278204263A1
S21403C840617374004D61632054782042636173748E
S21403C850004D6163205278205563617374004D6107
S21403C86063205478205563617374004D61632054CC
S21403C87078205563617374205265747279004D6134
S21403C88063205478205563617374204661696C0095
S21403C89041505320527820426361737400415053D1
S21403C8A020547820426361737400415053205278B9
S21403C8B020556361737400415053205478205563A8
S21403C8C0617374205375636365737300415053201B
S21403C8D054782055636173742052657472790041ED
S21403C8E05053205478205563617374204661696CF5
S21403C8F000526F757465204469736320496E6974CA
S21403C9006961746564004E65696768626F72204189
S21403C91064646564004E65696768626F7220526579
S21403C9206D6F766564004E65696768626F72205343
S21403C93074616C65004A6F696E20496E6469636151
S21403C94074696F6E004368696C64204D6F76656426
S21403C95000415348204F766572666C6F77004153EB
S21403C96048204672616D65204572726F72004153AE
S21403C97048204F76657272756E204572726F72002C
S21403C9804E574B204643204661696C7572650041DD
S21403C9905053204643204661696C757265004153C7
S21403C9A04820584F66660041505320556E61757493
S21403C9B0686F72697A6564204B6579004E574B2021
S21403C9C044656372797074204661696C7572657329
S21403C9D00041505320446563727970742046616940
S21403C9E06C75726573005061636B6574204275667F
S21403C9F066657220416C6C6F63617465204661697D
S21403CA006C757265730052656C6179656420556355
S21403CA106173740050687920746F204D4143207110
S21403CA2075657565206C696D6974207265616368E8
S21403CA306564005061636B65742056616C6964615C
S21403CA4074652064726F7020636F756E74004E5742
S21403CA504B207265747279206F766572666C6F7799
S21403CA6000434341204661696C75726573004272E8
S21403CA706F616463617374207461626C65206675AC
S21403CA806C6C00505441204C6F20507269205265E4
S21403CA9071005054412048692050726920526571D4
S21403CAA000505441204C6F205072692044656E69D3
S21403CAB065640050544120486920507269204465DB
S21403CAC06E69656400505441204C6F205072692093
S21403CAD054782041627274005054412048692050B3
S21403CAE072692054782041627274004164647265EE
S21403CAF0737320436F6E666C6963742053656E743C
S21403CB000043534C205278207363686564756C65E4
S21403CB10206661696C6564000D0044656275672074
S21403CB207072696E742067726F75702025730A00C1
S21403CB3057726F6E6720706172616D657465720AF5
S21403CB40005363686564756C65206D6F7665206E4B
S21403CB50776B0025732025643A202564004D6178A1
S21403CB60206D6F7665206C696D69742072656163EC
S21403CB70686564206E776B2025643A20256400453B
S21403CB806E642044657669636520506F6C6C20493B
S21403CB906E666F726D6174696F6E00454D424552E5
S21403CBA05F454E445F4445564943455F54494D45AA
S21403CBB04F55543A20202020202020256400506F13
S21403CBC06C6C20636F6D706C657465642063616C58
S21403CBD06C6261636B3A2025730020204375727282
S21403CBE0656E7420506F6C6C20496E746572766146
S21403CBF06C20287173293A202020256C640020209D
S21403CC004C6F6E6720506F6C6C20496E746572763D
S21403CC10616C20287173293A202020202020256C5F
S21403CC206400202053686F727420506F6C6C204928
S21403CC306E74657276616C20287173293A20202001
S21403CC402020256C6400202057616B652054696D95
S21403CC50656F757420287173293A202020202020C0
S21403CC60202020202020256C6400202057616B653F
S21403CC702054696D656F7574204269746D61736BBA
S21403CC803A202020202020202020307825303858B5
S21403CC9000202043757272656E74204170702054B4
S21403CCA061736B733A202020202020202020202030
S21403CCB02030782530385800202043757272656E10
S21403CCC07420506F6C6C20436F6E74726F6C2020F0
S21403CCD02020202020202020257300202044656665
S21403CCE061756C7420506F6C6C20436F6E74726F3A
S21403CCF06C20202020202020202020257300466F33
S21403CD007263696E672064657669636520746F2055
S21403CD1073686F727420706F6C6C00416C6C6F7705
S21403CD20696E672064657669636520746F206C6F2F
S21403CD306E6720706F6C6C00534C5F5A49474245D0
S21403CD40455F41465F4C4F4E475F504F4C4C005338
S21403CD504C5F5A49474245455F41465F53484F52E9
S21403CD60545F504F4C4C00706F6C6C206E776B208A
S21403CD7025643A203078253032580046696E6420A0
S21403CD80616E642042696E6420496E6974696174D9
S21403CD906F723A20436F6D706C6574653A20307815
S21403CDA0253032580053746172742074617267655B
S21403CDB0740046696E6420616E642042696E642066
S21403CDC05461726765740025733A2025733A2030E0
S21403CDD0782530325800467261676D656E746174EB
S21403CDE0696F6E2052582077696E646F7720736977
S21403CDF07A652073657420746F202564002F686F2E
S21403CE006D652F72756E6E65722F776F726B2F74EA
S21403CE107579612D7A69676265652D7377697463C1
S21403CE20682F747579612D7A69676265652D7377E6
S21403CE30697463682F73696C6162735F746F6F6C78
S21403CE40732F73696D706C69636974795F73646B50
S21403CE502F70726F746F636F6C2F7A696762656584
S21403CE602F6170702F6672616D65776F726B2F70AE
S21403CE706C7567696E2F667261676D656E74617433
S21403CE80696F6E2F667261676D656E746174696F24
S21403CE906E2E630052583A2041646447726F757071
S21403CEA0526573706F6E7365203078253032582C58
S21403CEB0203078253034580052583A205669657722
S21403CEC047726F7570526573706F6E736520307836
S21403CED0253032582C203078253034582C20220028
S21403CEE052583A2047657447726F75704D656D6288
S21403CEF0657273686970526573706F6E7365203000
S21403CF0078253032582C203078253032582C0020A3
S21403CF105B3078253034585D0052583A2052656DA0
S21403CF206F766547726F7570526573706F6E736553
S21403CF30203078253032582C20307825303458006D
S21403CF4065705B253032585D2069645B2530345844
S21403CF505D00436C656172696E6720616C6C206767
S21403CF60726F7570732E004552523A204661696C93
S21403CF70656420746F206372656174652062696EF0
S21403CF8064696E6720283078253032582900455268
S21403CF90523A2042696E64696E67207461626C65FA
S21403CFA02069732066756C6C004552523A2077727E
S21403CFB06974696E67206E616D6520737570706F36
S21403CFC0727420253032580052583A204164644720
S21403CFD0726F7570203078253034582C20220075F7
S21403CFE0760052583A205669657747726F757020F7
S21403CFF03078253034580075767300766965775F28
S21403D00067726F75700047726F7570733A2066614A
S21403D010696C656420746F2073656E6420257320C5
S21403D020726573706F6E73653A20307825303258A8
S21403D030006765745F67726F75705F6D656D6265B7
S21403D040727368697020726573706F6E73650064BF
S21403D050656661756C745F726573706F6E73650079
S21403D06052583A2047657447726F75704D656D6206
S21403D070657273686970203078253032582C0075D5
S21403D08075620047726F7570733A206661696C65E6
S21403D0906420746F2073656E642025733A2030789D
S21403D0A0253032580052583A2052656D6F766547E0
S21403D0B0726F757020307825303458004552523AD6
S21403D0C0204661696C656420746F2064656C6574C2
S21403D0D0652062696E64696E672028307825303271
S21403D0E058290072656D6F76655F67726F7570009D
S21403D0F052583A2052656D6F7665416C6C47726F75
S21403D1007570730052583A2041646447726F7570A5
S21403D11049664964656E74696679696E6720307816
S21403D120253034582C202200616464004368616E05
S21403D1306E656C206E6F742076616C69643A202588
S21403D14064005072696D617279002573206D617396
S21403D1506B206E6F77203078253038580053656320
S21403D1606F6E64617279004D61736B206E6F74200D
S21403D17076616C69643A202564007072696D617229
S21403D18079007365636F6E646172790025733A2064
S21403D190536574202573206D61736B20746F203084
S21403D1A07825303858005374617475730025733AC4
S21403D1B02025733A004368616E6E656C206D61735B
S21403D1C06B3A00202020202831292030782530385B
S21403D1D058205B0020202020283229203078253054
S21403D1E03858205B0053746174653A2030782530D4
S21403D1F0325820282573290043757272656E742091
S21403D2006368616E6E656C3A20256400546F7461C2
S21403D2106C20626561636F6E733A202564004A6F03
S21403D220696E20617474656D7074733A20256400AA
S21403D2304E6574776F726B2073746174653A203031
S21403D24078253032580053746F700025732053745A
S21403D2506F702E2020436C65616E696E6720757053
S21403D2602E0042726F616463617374696E67207027
S21403D27065726D6974206A6F696E00547275737493
S21403D2802063656E746572206C696E6B206B6579BE
S21403D29020757064617465207374617475730025FA
S21403D2A0733A205741524E494E473A20736C5F7A81
S21403D2B069676265655F7365745F696E69746961E2
S21403D2C06C5F73656375726974795F737461746593
S21403D2D0206661696C65642E20436F6E74696E7593
S21403D2E0696E6720776974686F757420696E7374E6
S21403D2F0616C6C20636F64652E004572726F723AC0
S21403D30020696E7374616C6C20636F64652073654B
S21403D310747570206661696C65642E20497320619C
S21403D3206E20696E7374616C6C20636F646520662F
S21403D3306C6173686564206F6E746F207468652013
S21403D3406465766963653F00D0D1D2D3D4D5D6D78A
S21403D350D8D9DADBDCDDDEDF00FFFFFFFFFFFFFFF0
S21403D360FF005A6967426565416C6C69616E636567
S21403D37030390025733A2069737375696E672073B5
S21403D38063616E206F6E202573206368616E6E6521
S21403D3906C7320286D61736B2030782530385829DC
S21403D3A000257320697320616C7265616479206956
S21403D3B06E2070726F677265737300537461727454
S21403D3C0004578616D696E696E6720626561636F9B
S21403D3D06E206F6E206368616E6E656C2025642018
S21403D3E0776974682070616E49642030782530341C
S21403D3F058005468697320626561636F6E206973B1
S21403D400206E6F742070617274206F662074686576
S21403D4102063757272656E74206368616E6E656CE8
S21403D420206D61736B2028307825303858292E20DC
S21403D43047657474696E67206E65787420626561EB
S21403D440636F6E2077686F7365206368616E6E65C1
S21403D4506C206269746D61736B20697320736574E5
S21403D4602E004572726F723A20257320636F756CB7
S21403D47064206E6F7420617474656D7074206A6FB7
S21403D480696E3A20307825303258004E6F20626538
S21403D49061636F6E73206C656674206F6E206375B0
S21403D4A07272656E74206D61736B2E204D6F766994
S21403D4B06E6720746F206E6578742073746174656C
S21403D4C0002573206A6F696E696E67203078253091
S21403D4D03458206F6E206368616E6E656C20256419
S21403D4E00025732053746174653A202573004572D2
S21403D4F0726F723A20257320636F756C64206E6FAB
S21403D50074207365747570207365637572697479B6
S21403D5103A20307825303258004572726F723A20BE
S21403D5205363616E20636F6D706C6574652068610C
S21403D5306E646C65722072657475726E65642030F5
S21403D5407825303258002573207363616E20636F2D
S21403D5506D706C6574652E20426561636F6E732013
S21403D56068656172643A20256400257320737461CC
S21403D570636B20737461747573203078253032586A
S21403D580002573206E6574776F726B206A6F696E01
S21403D59065642E00257320747279696E67206E6544
S21403D5A07874206E6574776F726B2E004E6F6E659F
S21403D5B0005363616E205072696D6172792043680F
S21403D5C0616E6E656C7320616E64207573652043AF
S21403D5D06F6E66696775726564204B657900536381
S21403D5E0616E205072696D617279204368616E6E58
S21403D5F0656C7320616E642075736520496E737461
S21403D600616C6C20436F6465005363616E205072D7
S21403D610696D617279204368616E6E656C73206113
S21403D6206E64205573652043656E7472616C697A07
S21403D6306564204B6579005363616E205072696D93
S21403D640617279204368616E6E656C7320616E64E7
S21403D65020557365204469737472696275746564D2
S21403D660204B6579005363616E205365636F6E6468
S21403D670617279204368616E6E656C7320616E64B7
S21403D6802075736520436F6E6669677572656420DF
S21403D6904B6579005363616E205365636F6E6461F7
S21403D6A07279204368616E6E656C7320616E6420C8
S21403D6B075736520496E7374616C6C20436F646583
S21403D6C0005363616E205365636F6E6461727920E5
S21403D6D04368616E6E656C7320616E642055736576
S21403D6E02043656E7472616C697A6564204B657954
S21403D6F0005363616E205365636F6E6461727920B5
S21403D7004368616E6E656C7320616E642055736545
S21403D710204469737472696275746564204B657915
S21403D720005363616E205072696D6172792043689D
S21403D730616E6E656C7320616E642055736520415F
S21403D7406C6C204B6579732028696E7374616C6CFE
S21403D75020636F64652C2063656E7472616C697AEE
S21403D76065642C20646973747269627574656429D0
S21403D770005363616E205365636F6E646172792034
S21403D7804368616E6E656C7320616E6420557365C5
S21403D79020416C6C204B6579732028696E73746125
S21403D7A06C6C20636F64652C2063656E7472616CA9
S21403D7B0697A65642C20646973747269627574652A
S21403D7C06429004F6E2F4F6666207365742076615A
S21403D7D06C75653A2025303258202530325800457E
S21403D7E052523A2072656164696E67206F6E2F6FBE
S21403D7F066662025303258004F6E2F6F66662061AE
S21403D8006C72656164792073657420746F206E652D
S21403D810772076616C756500546F67676C65206F5B
S21403D8206E2F6F66662066726F6D20253032582025
S21403D830746F2025303258004552523A2077726969
S21403D84074696E67206F6E2F6F66662025303258B8
S21403D85000496E7374616C6C65642054797065203E
S21403D8602842617365293A202030782530325800E3
S21403D8704361706162696C69746965733A2020203C
S21403D88020202020202020203078253034580042C5
S21403D8906F6F746C6F616465722056657273696F1F
S21403D8A06E3A2020202020307825303458005365E7
S21403D8B06375726520426F6F746C6F616465722066
S21403D8C04B65793A20202020202000426F6F746C2D
S21403D8D06F6164696E67206661696C6564210044E4
S21403D8E06F776E6C6F6164206661696C65642E0089
S21403D8F044656C6574696E67206661696C6564204F
S21403D900646F776E6C6F61642C20737461747573C7
S21403D9103A2030782530325800496D6167652064B7
S21403D9206F6573206E6F7420636F6E7461696E200B
S21403D930616E205570677261646520496D61676525
S21403D940205461672028307825303458292E2053F8
S21403D9506B697070696E6720757067726164652E97
S21403D96000457865637574696E6720626F6F746CC3
S21403D9706F61642063616C6C6261636B2E00537429
S21403D980617274696E672045424C207665726966DB
S21403D99069636174696F6E0045424C206661696C09
S21403D9A0656420766572696669636174696F6E2E55
S21403D9B00045424C20706173736564207665726916
S21403D9C06669636174696F6E2E002573696E6720DE
S21403D9D04F544120636C69656E742073746174657B
S21403D9E0206D616368696E650073746F70700045BF
S21403D9F072726F723A204E6F20696D61676520619F
S21403DA007420696E646578202564004E6F742073F5
S21403DA107570706F727465642E00436C69656E74FE
S21403DA2020696D61676520717565727920696E6618
S21403DA306F004D616E75662049443A2020202020F1
S21403DA402020202030782530345800496D616765E2
S21403DA5020547970652049443A20202020307825C8
S21403DA603034580043757272656E7420566572734F
S21403DA70696F6E3A20203078253038580048617236
S21403DA8064776172652056657273696F6E3A20001B
S21403DA904E410051756572792044656C6179206D3D
S21403DAA0733A202020202020202020202020256CB0
S21403DAB0640053657276657220446973636F766596
S21403DAC072792044656C6179206D733A20256C6405
S21403DAD000446F776E6C6F61642044656C617920D7
S21403DAE06D733A202020202020202020256C6400FF
S21403DAF052756E20557067726164652044656C616B
S21403DB0079206D733A202020202020256C6400564F
S21403DB1065726966792044656C6179206D733A2075
S21403DB2020202020202020202020256C6400446F05
S21403DB30776E6C6F6164204572726F7220546872E0
S21403DB406573686F6C643A202025640055706772AD
S21403DB506164652057616974205468726573686FE1
S21403DB606C643A202020202564004F544120446FE3
S21403DB70776E6772616465733A2044697361626C99
S21403DB806564004F544120446F776E677261646525
S21403DB90733A20456E61626C656400426F6F746C05
S21403DBA06F61642073746174653A20257300496E4F
S21403DBB076616C6964204550202564207768656E1D
S21403DBC020747279696E6720746F2073656E6420A3
S21403DBD04F5441206D6573736167652E0053656E00
S21403DBE064696E67205570677261646520456E646C
S21403DBF020726571756573742E0025733A20696EFD
S21403DC0076616C696420636D6449642030782530DE
S21403DC103258004572726F723A20204661696C650D
S21403DC206420746F2073656E64204F544120636FC5
S21403DC306D6D616E64203078253032582C207374F5
S21403DC40617475733A203078253032580053657204
S21403DC5076657220756E6B6E6F776E2C2066616CC0
S21403DC606C696E67206261636B20746F20646973EE
S21403DC70636F766572792E004D6178696D756D20D8
S21403DC807175657279206572726F72732068697434
S21403DC9020282564292C207374617274696E6720AA
S21403DCA073656172636820666F72206E6577204FB6
S21403DCB05441207365727665722E0A004170706C4B
S21403DCC079696E6720757067726164650025733ABB
S21403DCD020696E76616C6964206F6666736574206E
S21403DCE063757272656E7454696D65283078253075
S21403DCF0385829203E207570677261646554696DD3
S21403DD00652830782530385829004F544120436C15
S21403DD1075737465723A207761697420666F722032
S21403DD202564207300525865642074696D654F75C9
S21403DD30742030782530385820732C204D415820D5
S21403DD4074696D654F7574203078253038582073A4
S21403DD50004D6178696D756D2075706772616465D5
S21403DD60207265717565737473206D616465202810
S21403DD7025642920776974686F75742072657370DB
S21403DD806F6E73652066726F6D207365727665724B
S21403DD902E00557067726164696E6720616E7977CD
S21403DDA06179004F54412053657276696365206438
S21403DDB06973636F766572792070726576656E74C3
S21403DDC06564202D20616E6F746865722069732008
S21403DDD0616C726561647920696E2070726F677218
S21403DDE0657373004661696C656420746F20696EA1
S21403DDF06974696174652073657276696365206406
S21403DE006973636F766572792E004F5441205365AC
S21403DE10727669636520446973636F7665727920E9
S21403DE20696E2070726F677265737300436C696501
S21403DE306E7420766572696669636174696F6E20B5
S21403DE406661696C65642E005369676E61747572EA
S21403DE506500437573746F6D00706173736564005A
S21403DE604641494C4544004E6F207369676E6174A2
S21403DE7075726520766572696669636174696F6E2B
S21403DE8020737570706F72742C20617373756D696F
S21403DE906E6720696D616765206973206F6B6179B2
S21403DEA02E00257320766572696669636174696FEF
S21403DEB06E2025733A20307825303258004D61782D
S21403DEC0696D756D206E756D626572206F66206470
S21403DED06F776E6C6F6164206572726F72732072F7
S21403DEE06561636820282564292C2061626F72743B
S21403DEF0696E672E004F544120436C7573746572C8
S21403DF003A2073657474696E6720494545452061F8
S21403DF10646472657373206F66204F544120636C8C
S21403DF207573746572005061727469616C206669FA
S21403DF306C6520646F776E6C6F616420666F756EB8
S21403DF40642C20636F6E74696E75696E67206672E3
S21403DF506F6D206F66667365742030782530385889
S21403DF6000466F756E642066756C6C7920646F77F7
S21403DF706E6C6F616465642066696C6520696E20EB
S21403DF8073746F72616765202876657273696F6E46
S21403DF9020307825303858292E00466F756E642059
S21403DFA066696C6520696E2073746F72616765209D
S21403DFB07769746820646966666572656E74207630
S21403DFC0657273696F6E202830782530385829209B
S21403DFD07468616E2063757272656E7420766572FE
S21403DFE073696F6E202830782530385829004669C3
S21403DFF06C6520696E2073746F7261676520697340
S21403E0002073616D652061732063757272656E742B
S21403E0102072756E6E696E672076657273696F6EB1
S21403E020202830782530385829004E6F20696D61D6
S21403E030676520666F756E6420696E2073746F72F1
S21403E0406167652E004F5441205365727669636598
S21403E05020446973636F7665727920756E626C6FA0
S21403E060636B65640049676E6F72696E67207365DC
S21403E070727665722066726F6D206C6F6F70626168
S21403E080636B20616464726573730049676E6F72B5
S21403E090696E6720307825303458204F54412073FA
S21403E0A0657276657220696E207365617263682097
S21403E0B06F662054430053657474696E67204F542B
S21403E0C0412053657276657220746F203078253050
S21403E0D034580044656C6179696E67202564207343
S21403E0E065636F6E6473206265666F726520737412
S21403E0F0617274696E67204F544120636C69656E64
S21403E100740054696D656F75742077616974696E00
S21403E1106720666F72206D6573736167652E0042B4
S21403E1206164204F544120636F6D6D616E643A20C5
S21403E130307825303258004F544120636F6D6D613F
S21403E1406E642030782530325820746F6F207368E1
S21403E1506F727420286C656E202564203C206D69E0
S21403E1606E20256429004F544120636F6D6D616EE8
S21403E170642066726F6D20756E7265636F676E6975
S21403E1807A6564207365727665722030782530343C
S21403E190582E20204D79204F5441207365727665A2
S21403E1A0723A2030782530345800496D616765200F
S21403E1B04E6F7469667900476F7420756E65787064
S21403E1C065637465642025732E202053746172740E
S21403E1D020646973636F766572792E006465666181
S21403E1E0756C74004F54413A206661696C6564200F
S21403E1F0746F2073656E6420257320726573706F69
S21403E2006E73653A2030782530325800496D616761
S21403E21065206E6F7469667900476F7420756E6546
S21403E220787065637465642025732E202049676EB5
S21403E2306F7265642E004F54413A204465666175DB
S21403E2406C7420726573706F6E736520666F7220D0
S21403E250496D616765206E6F746966792C207374E7
S21403E260617475732030782530325800496D6167C4
S21403E27065206E6F7469667920636F6D6D616E6479
S21403E28000257320756E69636173742C2071756540
S21403E2907279696E6700496E76616C6964002573EE
S21403E2A0202573207061796C6F61642074797065C2
S21403E2B0203078253032580025732025733A206F96
S21403E2C07574206F662072616E6765206A69747460
S21403E2D065722025640025732025733A20706179C2
S21403E2E06C6F6164206C656E67746820646F657319
S21403E2F06E2774206D6174636820747970652030AE
S21403E300782530325820282564203C2025642900AF
S21403E31025732025732064756520746F206E6F6ED9
S21403E3202D6D61746368696E67206D616E756661D5
S21403E3306374757265722049440025732025732023
S21403E34064756520746F206E6F6E2D6D61746368DF
S21403E350696E6720696D6167652074797065204909
S21403E360440025732025732064756520746F206D23
S21403E37061746368696E67206669726D776172653A
S21403E3802076657273696F6E0025732025732C20C3
S21403E39052782764204A6974746572202830782579
S21403E3A0303258292C205069636B6564204A69749F
S21403E3B074657220283078253032582900517565E7
S21403E3C07279206E65787420696D61676520726561
S21403E3D073706F6E73650025732072657475726E45
S21403E3E06564203078253032582E20204E6F206EFC
S21403E3F0657720696D61676520746F20646F776E3B
S21403E4006C6F61642E00257320746F6F2073686FC2
S21403E410727420282564203C202564290025733A3D
S21403E420204E657720696D61676520697320617684
S21403E43061696C61626C6520666F7220646F776ECB
S21403E4406C6F61642E002573206973206E6F7420D1
S21403E4507573696E67206D7920696D6167652069DC
S21403E4606E666F2E004552524F523A204E657874B0
S21403E47020496D61676520697320746F6F20626938
S21403E4806720746F2073746F726520283078253088
S21403E4903858203E203078253038582900257320F8
S21403E4A072657475726E65642073616D6520466966
S21403E4B06C6556657273696F6E206173206375723F
S21403E4C072656E746C7920696E7374616C6C6564C6
S21403E4D02E004F544120446F776E677261646573F4
S21403E4E02044697361626C65643A2046696C6556BC
S21403E4F0657273696F6E20626568696E6420637502
S21403E5007272656E7420696E7374616C6C61746983
S21403E5106F6E005374617274696E6720646F776EF2
S21403E5206C6F61642C2056657273696F6E20307849
S21403E53025303858004572726F723A204661696C0E
S21403E540656420746F2064656C65746520696D610D
S21403E55067652E004572726F723A204661696C6574
S21403E5606420746F206572617365206F6C64207419
S21403E570656D7020646174612E00496D6167652066
S21403E580626C6F636B20726573706F6E7365004F9A
S21403E59054413A20496D616765426C6F636B5265FF
S21403E5A0706F6E736520636F6E7461696E73206936
S21403E5B06E76616C6964206F7220696E636F6D702E
S21403E5C06C65746520646174610055706461746978
S21403E5D06E67204D696E20426C6F636B20526571C7
S21403E5E07565737420506572696F6420746F202597
S21403E5F064206D7300446F776E6C6F61642064658E
S21403E6006C61792062792073657276657220256461
S21403E610206D7300446F776E6C6F61642061626F68
S21403E62072746564206279207365727665722E0053
S21403E63053657276657220646F65736E27742073F4
S21403E6407570706F7274207061676520726571757E
S21403E6506573742C206F6E6C79207573696E6720F2
S21403E660626C6F636B20726571756573742E0053ED
S21403E67065727665722072657475726E656420279E
S21403E680756E737570706F7274656420636C7573E2
S21403E69074657220636F6D6D616E64272E00556E10
S21403E6A06B6E6F776E202573207374617475732099
S21403E6B0636F6465203078253032580025732068F0
S21403E6C0617320646174612073697A652028256408
S21403E6D02920736D616C6C6572207468616E2061AD
S21403E6E0637475616C207061636B65742073697AFB
S21403E6F06520282564292E002573206572726F72A3
S21403E7003A204578706563746564206F6666736542
S21403E71074203078253038582C2062757420676F43
S21403E72074203078253038582E202049676E6F7253
S21403E730696E6700257320696E666F2064696420BE
S21403E7406E6F74206D61746368206D7920657870D0
S21403E750656374656420696E666F2E202044726F4D
S21403E7607070696E672E004661696C656420746F0D
S21403E77020777269746520746F2073746F72616793
S21403E78065206465766963652100446F776E6C6FF8
S21403E7906164005570677261646520656E642072FB
S21403E7A06573706F6E73650053657276657220616C
S21403E7B0626F7274656420757067726164652C207D
S21403E7C07374617475733A20307825303258004577
S21403E7D072726F723A2025732068616420696E76C0
S21403E7E0616C69642025733A200066696C6520763F
S21403E7F0657273696F6E00416464696E6720256491
S21403E800206D732E2064656C617920666F722069B3
S21403E8106D6D6564696174652075706772616465A2
S21403E8202E00436F756E74646F776E20746F207559
S21403E8307067726164653A202564206D7300205307
S21403E840746174653A20202025730020576169742B
S21403E850696E6720666F7220726573706F6E73657C
S21403E8603A20257300204E657874204576656E74CD
S21403E8702054696D65723A202564206D7300204329
S21403E880757272656E7420446F776E6C6F61642068
S21403E8904F66667365743A203078253038582028DA
S21403E8A025642525290025733A206661696C65640D
S21403E8B02070617273696E67204F544120636D64E4
S21403E8C020307825303258004F5441204465666125
S21403E8D0756C7420726573706F6E736520746F2029
S21403E8E0636F6D6D616E6420494420307825303245
S21403E8F0582C207374617475732030782530325821
S21403E90000496D61676520626C6F636B2072657189
S21403E910756573742074657374206F6E6C792077D5
S21403E9206F726B73207768656E20737461746520ED
S21403E930697320424F4F544C4F41445F53544154E4
S21403E940455F4E4F4E450052616E646F6D204465C1
S21403E9506C6179206265666F726520737461727488
S21403E96000446973636F766572696E67204F54411E
S21403E9702053657276657200476574204F544120B4
S21403E98053657276657220455549004F6274616916
S21403E9906E206C696E6B206B6579005175657279B4
S21403E9A0696E67204E65787420496D61676500441B
S21403E9B06F776E6C6F6164696E6720496D6167651A
S21403E9C000566572696679696E6720496D61676589
S21403E9D00057616974696E6720666F7220557067A9
S21403E9E072616465206D65737361676500436F7557
S21403E9F06E74646F776E20746F20557067726164EF
S21403EA00650057616974696E6720746F2075706757
S21403EA107261646520766961206F75742D6F662D4B
S21403EA2062616E64206D656368616E69736D00254F
S21403EA30733A202564252520636F6D706C657465B5
S21403EA4000496D6167652025640020204552524FBA
S21403EA50523A20436F756C64206E6F74206765743A
S21403EA602066756C6C2068656164657221002020E1
S21403EA704865616465722056657273696F6E3A20E5
S21403EA80307825303458002020486561646572204C
S21403EA904C656E6774683A20202564206279746535
S21403EAA0730020204669656C6420436F6E74726F32
S21403EAB06C3A20203078253034580020204D616E83
S21403EAC075662049443A20202020202020307825CF
S21403EAD0303458002020496D61676520547970658D
S21403EAE03A20202020203078253034580020205625
S21403EAF0657273696F6E3A20202020202020203014
S21403EB0078253038580020205A6967626565205694
S21403EB10657273696F6E3A2030782530345800205A
S21403EB202048656164657220537472696E673A2083
S21403EB30202573002020496D6167652053697A6537
S21403EB403A2020202020256C6420627974657300A7
S21403EB502020536563757269747920437265643A3D
S21403EB602020307825303258002020557067726197
S21403EB70646520446573743A2020200020204D6984
S21403EB806E2E204857205665723A20202020307873
S21403EB90253034580020204D61782E2048572056C3
S21403EBA065723A2020202030782530345800202003
S21403EBB0546F74616C20546167733A202564002097
S21403EBC02020205461673A203078253034580020BE
S21403EBD020202020204C656E6774683A20256C64DC
S21403EBE0004572726F723A20436F756C64206E6FC5
S21403EBF074206F627461696E2074616720696E6643
S21403EC006F2066726F6D20696D6167652E000A2539
S21403EC106420696D6167657320696E204F544120D7
S21403EC2073746F726167652E00496D616765206452
S21403EC30656C65746525732E004572726F723A2093
S21403EC4020436F756C64206E6F7420726561642058
S21403EC50626C6F636B3A203078253032582E0A0088
S21403EC605374617274696E6720657261736520669A
S21403EC70726F6D206F666673657420307825303842
S21403EC805820746F2030782530385800436F756CE1
S21403EC9064206E6F742073746172742045524153FE
S21403ECA045212028307825303258290045455052D2
S21403ECB04F4D20457261736520636F6D706C65748C
S21403ECC065002F686F6D652F72756E6E65722F7790
S21403ECD06F726B2F747579612D7A69676265652D1E
S21403ECE07377697463682F747579612D7A696762BF
S21403ECF065652D7377697463682F73696C616273D6
S21403ED005F746F6F6C732F73696D706C696369746E
S21403ED10795F73646B2F70726F746F636F6C2F7A87
S21403ED2069676265652F6170702F6672616D6577BE
S21403ED306F726B2F706C7567696E2F6F74612D73AE
S21403ED40746F726167652D73696D706C652D65658B
S21403ED5070726F6D2F6F74612D73746F7261676558
S21403ED602D656570726F6D2D706167652D657261B7
S21403ED7073652E63002F686F6D652F72756E6E65F3
S21403ED80722F776F726B2F747579612D7A6967624C
S21403ED9065652D7377697463682F747579612D7A49
S21403EDA069676265652D7377697463682F73696C29
S21403EDB06162735F746F6F6C732F73696D706C69C8
S21403EDC0636974795F73646B2F70726F746F636FAC
S21403EDD06C2F7A69676265652F6170702F66726142
S21403EDE06D65776F726B2F706C7567696E2F6F74B6
S21403EDF0612D73746F726167652D73696D706C65D1
S21403EE002D656570726F6D2F6F74612D73746F72DD
S21403EE106167652D656570726F6D2E63004F544193
S21403EE202053696D706C652053746F72616765203B
S21403EE30454550524F4D207761726E696E673A2092
S21403EE40636F756C64206E6F742067657420736CD3
S21403EE506F7420696E666F20666F7220736C6F74B2
S21403EE6020256420286572726F7220307825303230
S21403EE7058292E2044656661756C74696E67207424
S21403EE806F20737065636966696564206164647284
S21403EE90657373206F6666736574730053746F725D
S21403EEA0616765204472697665723A2020202020C7
S21403EEB020202020202020204F54412053696D70AD
S21403EEC06C652053746F7261676520454550524FD9
S21403EED04D20506C7567696E0052656164204D6FF6
S21403EEE06469667920577269746520537570706F0C
S21403EEF072743A20206E6F00534F4320426F6F7434
S21403EF006C6F6164696E6720537570706F72743AC4
S21403EF102020202079657300426F6F746C6F6164E4
S21403EF2065722053746F7261676520537570706FD6
S21403EF3072743A2055736520666972737420736C15
S21403EF406F7400536C6F7420746F207573653A206A
S21403EF5020202020202020202020202020202025A4
S21403EF60640043757272656E7420446F776E6C6FBF
S21403EF706164204F66667365743A202020203078DB
S21403EF80253038580045424C205374617274204F24
S21403EF9066667365743A20202020202020202020D7
S21403EFA02030782530385800454550524F4D205371
S21403EFB0746172743A2020202020202020202020F4
S21403EFC02020202030782530385800454550524FB1
S21403EFD04D20456E643A202020202020202020202B
S21403EFE02020202020202030782530385800496DF6
S21403EFF061676520496E666F2053746172743A20A8
S21403F000202020202020202020203078253038582B
S21403F01000536176652052617465202862797465B1
S21403F020732920202020202020202020203078250F
S21403F030303858004F6666736574206F6620646FB9
S21403F040776E6C6F6164206F66667365742020202C
S21403F050307825303858004F6666736574206F66BF
S21403F0602045424C206F66667365743A2020202044
S21403F070202020307825303858004F666673657434
S21403F080206F6620696D6167652073746172743AD8
S21403F09020202020202030782530385800736C5FDD
S21403F0A07A69676265655F61665F6F74615F7374D3
S21403F0B06F726167655F6472697665725F726561B8
S21403F0C0645F63622829206661696C656421004277
S21403F0D06164206D61676963206E756D6265722079
S21403F0E0696E2066696C653A203078253032582080
S21403F0F03078253032582030782530325820307812
S21403F10025303258004261642076657273696F6EEB
S21403F11020696E2066696C65203078253034580087
S21403F1204572726F723A2072656164416E6456610D
S21403F1306C696461746553746F726564496D616765
S21403F14065282920747269656420746F207265616E
S21403F15064206D6F72652064617461207468616EEB
S21403F16020697420636F756C6420686F6C642E006E
S21403F170736C5F7A69676265655F61665F6F74610A
S21403F1805F73746F726167655F6472697665725FD9
S21403F190726561645F63622829204641494C454491
S21403F1A021004C617374206F666673657420646F08
S21403F1B0776E6C6F616465643A2030782530385812
S21403F1C00053746F72616765204D6F64756C653AA2
S21403F1D0204F54412053696D706C652053746F72D1
S21403F1E061676520506C7567696E00496D61676578
S21403F1F0732053746F7265643A20202564206F660B
S21403F20020310A00253032583A0065702025303206
S21403F2105820636C757320253034582061747472DB
S21403F22020253034582073767220256300206D66BF
S21403F23067202530325800207265706F7274206D17
S21403F240696E2025303458206D6178202530345877
S21403F250207270742D63686720253038580020723A
S21403F2606563656976652066726F6D202530345850
S21403F27020657020253032582074696D656F75746B
S21403F280202530345800636C6561720072656D6FBB
S21403F290766500636C656172696E67206C61737472
S21403F2A0207265706F72742074696D65206F6620B6
S21403F2B0616C6C2061747472696275746573007432
S21403F2C0657374696E672074696D696E67206F660F
S21403F2D020766172696F7573207265706F727469D8
S21403F2E06E67206F7065726174696F6E73002D2D83
S21403F2F02D2D2D2D2D2D2D2D2D2D2D2D2D2D2D2D36
S21403F3002D2D2D2D2D2D2D2D2D2D2D2D2D2D2D2D25
S21403F3102D2D2D2D2D2D2D2D2D2D2D2D2D002D2D42
S21403F3207461626C65207265616473202D20667556
S21403F3306C6C207461626C652D2D00726573756C40
S21403F34074203D202564206D73002D2D696E69742D
S21403F350202F207363686564756C65207469636B1E
S21403F3602D2D2D002D2D6C6F616420636F6E6669E5
S21403F3706775726174696F6E2064656661756C7417
S21403F380732D2D002F686F6D652F72756E6E657207
S21403F3902F776F726B2F747579612D7A6967626543
S21403F3A0652D7377697463682F747579612D7A692F
S21403F3B0676265652D7377697463682F73696C611B
S21403F3C062735F746F6F6C732F73696D706C6963B0
S21403F3D06974795F73646B2F70726F746F636F6C8D
S21403F3E02F7A69676265652F6170702F6672616D2B
S21403F3F065776F726B2F706C7567696E2F726570A9
S21403F4006F7274696E672F7265706F7274696E6758
S21403F4102E6300524541445F5250545F43464700B3
S21403F420726561645F7265706F7274696E675F633D
S21403F4306F6E66696775726174696F6E0052657088
S21403F4406F7274696E673A206661696C65642074CE
S21403F4506F2073656E6420257320726573706F6EFC
S21403F46073653A20307825303258004552523A2098
S21403F47072656164696E6720636C75737465722068
S21403F48030782530345820617474726962757465F7
S21403F490203078253034583A2030782530325800DA
S21403F4A04552523A207265706F7274696E67206FA8
S21403F4B066204C4F4E4720737472696E67206174E2
S21403F4C0747269627574652074797065206E6F74E2
S21403F4D020737570706F727465643A20636C75730D
S21403F4E074657220307825303458206174747269DC
S21403F4F06275746520307825303458005265706F15
S21403F5007274696E6720456E7472792046756C6CEA
S21403F510202D206372656174696E67206E6577209F
S21403F5207265706F7274004346475F5250540020F2
S21403F5302D20646972656374696F6E3A253032589C
S21403F5402C20617474723A253034580020202074BD
S21403F5507970653A253032582C206D696E3A25301D
S21403F56034582C206D61783A2530345800202020FA
S21403F5706368616E67653A0020202074696D656F65
S21403F58075743A2530345800636F6E666967757212
S21403F590655F7265706F7274696E67002054434CC2
S21403F5A04B2075706461746520616C726561647963
S21403F5B020696E2070726F6772657373004D616E9B
S21403F5C075616C2054434C4B2075706461746520E0
S21403F5D06661696C65642E25730053746172746981
S21403F5E06E67207570646174652074727573742019
S21403F5F063656E746572206C696E6B206B6579202B
S21403F60070726F636573730055706461746520541C
S21403F61043204C696E6B204B657900204E6577203E
S21403F6206B65792065737461626C69736865643AA7
S21403F63000204572726F723A00506172746E657282
S21403F6403A20005A434C20676C6F62616C20636CEF
S21403F650757374657220636F6D6D616E6473006499
S21403F6606972656374696F6E00646973632D636F93
S21403F6706D2D67656E00646973632D636F6D2D7200
S21403F6806563006578706563742D7265706F727458
S21403F6902D66726F6D2D6D650075777269746500E2
S21403F6A06E7772697465007265706F72742D726519
S21403F6B061640073656E642D6D652D612D726570D2
S21403F6C06F72740043726561746573206120676CA2
S21403F6D06F62616C20646973636F76657220636F13
S21403F6E06D6D616E6420666F722074686520617349
S21403F6F0736F6369617465642076616C7565732ED8
S21403F70000636C757374657249641F6174747269FF
S21403F7106275746549641F6D61784E756D626572B6
S21403F720546F5265706F72741F004372656174651F
S21403F73073206120676C6F62616C2073656E642052
S21403F7406D652061207265706F727420636F6D6DD6
S21403F750616E6420666F7220746865206173736FD0
S21403F7606369617465642076616C7565732E0063E6
S21403F7706C757374657249641F617474726962751B
S21403F780746549641F64617461547970651F6D699B
S21403F7906E5265706F727454696D651F6D61785231
S21403F7A065706F727454696D651F7265706F7274DD
S21403F7B061626C654368616E67651F0043726561CD
S21403F7C0746573206120676C6F62616C207265617B
S21403F7D064207265706F7274696E6720636F6D6DF7
S21403F7E0616E6420666F7220746865206173736F40
S21403F7F063696174656420636C75737465722C2029
S21403F80061747472696275746520616E64207365D1
S21403F810727665722F636C69656E742064697265AF
S21403F8206374696F6E2E00636C75737465724964D6
S21403F8301F61747472696275746549641F646972C2
S21403F840656374696F6E1F00476C6F62616C20722C
S21403F85065706F7274696E6720636F6D6D616E6439
S21403F86000656E64706F696E741F636C7573746580
S21403F8707249641F61747472696275746549641FA2
S21403F8806D61736B1F00437265617465732061203D
S21403F890676C6F62616C207265616420636F6D6D67
S21403F8A0616E64206D65737361676520746F207283
S21403F8B06561642066726F6D2074686520636C757D
S21403F8C07374657220616E64206174747269627504
S21403F8D07465207370656369666965642E00636C7E
S21403F8E0757374657249641F6174747269627574A2
S21403F8F06549641F00437265617465732061206700
S21403F9006C6F62616C20777269746520636F6D6DCE
S21403F910616E64206D65737361676520746F20770D
S21403F9207269746520746F2074686520636C7573E0
S21403F93074657220616E6420617474726962757492
S21403F940652073706563696669656400636C7573C7
S21403F95074657249641F617474726962757465496B
S21403F960641F747970651F646174611F0043726558
S21403F9706174652061206578706563742D726570A7
S21403F9806F72742D66726F6D2D6D65206D65737362
S21403F9906167652077697468206173736F63696153
S21403F9A07465642076616C7565732E00636C75737D
S21403F9B074657249641F617474726962757465490B
S21403F9C0641F74696D656F75741F00437265617497
S21403F9D065206120446973636F76657220436F6D9B
S21403F9E06D616E64732047656E657261746564202D
S21403F9F0636F6D6D616E64207769746820617373DD
S21403FA006F6369617465642076616C7565732E0037
S21403FA10636C757374657249641F7374617274439F
S21403FA206F6D6D616E6449641F6D6178436F6D6DB4
S21403FA30616E6449641F005365747320746865209F
S21403FA40646972656374696F6E20666F7220676C93
S21403FA506F62616C20636F6D6D616E64732C2065DD
S21403FA60697468657220636C69656E7420746F20B0
S21403FA70736572766572206F72207365727665722F
S21403FA8020746F20636C69656E742E0053657473FF
S21403FA90206120666C616720736F20746861742030
S21403FAA0746865206170706C69636174696F6E2039
S21403FAB06672616D65776F726B2057494C4C204EAA
S21403FAC04F5420726573706F6E6420746F20746871
S21403FAD065206E657874205A434C206D6573736198
S21403FAE06765207468617420636F6D657320696E43
S21403FAF0206F76657220746865206169722E0053E4
S21403FB00657473206120666C616720736F20746868
S21403FB10617420746865206170706C6963617469D0
S21403FB206F6E206672616D65776F726B2057494CF6
S21403FB304C20726573706F6E6420746F20746865F2
S21403FB40206E657874205A434C206D657373616725
S21403FB5065207468617420636F6D657320696E2019
S21403FB606F76657220746865206169722E0053652E
S21403FB707473207468652044697361626C652044FD
S21403FB80656661756C7420526573706F6E7365205D
S21403FB904672616D6520436F6E74726F6C20626986
S21403FBA07420746F2075736520666F7220746865A1
S21403FBB0206E65787420636F6D6D616E6420696670
S21403FBC02074686520636F6D6D616E6420697320B1
S21403FBD06E6F7420616C7265616479206275696CFE
S21403FBE0742E0064697361626C6544656661756C46
S21403FBF074526573706F6E73651F0053657473205C
S21403FC0074686520666C616720746F207573652061
S21403FC1074686520696E6372656D656E74656420CD
S21403FC2073657175656E6365206E756D62657220AA
S21403FC3066726F6D20746865206672616D65776F96
S21403FC40726B20666F7220746865206E6578742008
S21403FC5072617720636F6D6D616E642E00757365D8
S21403FC604E65787453657175656E63651F00436CE6
S21403FC706920636F6D6D616E6420746F2063616CC1
S21403FC806C20736C5F7A69676265655F61665F7334
S21403FC9065745F74696D652066756E6374696F6EEF
S21403FCA020646F63756D656E74656420696E20618C
S21403FCB0662E680075746354696D651F005365741A
S21403FCC073207468652074776F2062797465206D7D
S21403FCD0616E7566616374757265722073706563B1
S21403FCE069666963206964656E746966696572200E
S21403FCF0746F2075736520666F7220746865206E56
S21403FD0065787420636F6D6D616E64206966207418
S21403FD10686520636F6D6D616E64206973206E6F16
S21403FD207420616C7265616479206275696C742EE7
S21403FD30006D6667537065636966696349641F008F
S21403FD406E6F742000534C5F5354415455535F4EAB
S21403FD504554574F524B5F55502030782530345812
S21403FD600054727573742043656E7465722045552E
S21403FD7049206861732025736368616E6765642E26
S21403FD8000534C5F5354415455535F4E4554574F9D
S21403FD90524B5F444F574E00534C5F535441545598
S21403FDA0535F4E4F545F4A4F494E454400534C5F92
S21403FDB05354415455535F5A49474245455F4E4550
S21403FDC054574F524B5F4F50454E45443A20256497
S21403FDD02073656300534C5F5354415455535F5A25
S21403FDE049474245455F4E4554574F524B5F434C38
S21403FDF04F5345440025733A202573006469737492
S21403FE00726962757465640063656E7472616C69A9
S21403FE107A656400466F726D002573696E67206F9E
S21403FE206E2063682025642C2070616E4964203040
S21403FE307825303458004572726F723A20446576DE
S21403FE4069636520646F6573206E6F7420737570C5
S21403FE50706F7274202573206E6574776F726B20D3
S21403FE60666F726D6174696F6E004A6F696E0049E2
S21403FE706E76616C69642053656375726974792064
S21403FE8050726F66696C653A2030782530325800B8
S21403FE90704A6F696E20666F7220256420736563EF
S21403FEA03A20307825303258004C696D6974696E93
S21403FEB067206475726174696F6E206F6620706563
S21403FEC0726D6974206A6F696E2066726F6D206644
S21403FED06F726576657220283235352920746F2057
S21403FEE03235340052583A205A444F2C20636F6DF3
S21403FEF06D616E64203078253034582C207374611D
S21403FF007475733A203078253032580053696D7013
S21403FF106C650052583A202573204465736320525B
S21403FF20657370004D61746368002C204D617463C3
S21403FF306865733A202564004465766963652041E5
S21403FF406E6E6F756E63653A2030782530345800D0
S21403FF5052583A2049454545204164647265737397
S21403FF6020526573706F6E73650052583A20416372
S21403FF707469766520455020526573706F6E73659D
S21403FF802C20436F756E743A202564004E6F6465AB
S21403FF90002C204D6174636865733A2030782530F1
S21403FFA0345800737461636B207665722E205B256C
S21403FFB0642E25642E256400202573206275696CE3
S21403FFC0642025645D005A444F00534500484100B1
S21403FFD0436C757374657200476C6F62616C0025C1
S21403FFE0737478203078253038582C200050726F80
S21403FFF066696C653A202573202830782530345896
S214040000292C20436C75737465723A203078253039
S21404001034582C2025642062797465732C00205A89
S214040020434C20257320436D642049443A202564BC
S214040030005072652D52656C6561736500416C7085
S2140400406861203100416C706861203200416C7038
S2140400506861203300426574612031004265746132
S21404006020320042657461203300474100526573B4
S214040070657420696E666F3A2030782530325820D1
S214040080282573290064656C6574652062696E644E
S214040090696E673A202530325820253032580001E0
S2140400A002030405060708090A0B0C0001010101F6
S2140400B0010101010101010100575249544520453F
S2140400C052523A200025736570202530325820633A
S2140400D06C75732025303458206174747220253072
S2140400E03458206E6F7420737570706F7274656404
S2140400F0002573696E76616C69642064617461209E
S2140401007479706500257361747472206E6F742040
S2140401107772697461626C650057524954453A2097
S2140401206E6F2077726974652C206A75737420610B
S214040130207465737400524541443A2061747472A5
S21404014069627574652073697A6520746F6F206CB4
S2140401506172676520666F722063616C6C657200FD
S214040160636C6E74007372767200525700524F00BE
S214040170202052414D20200020746F6B656E2000B5
S21404018065787465726E2000454E44504F494E544F
S214040190202530325800636C7573202F20736964F1
S2140401A065202F2061747472202F206D66672020CE
S2140401B02F74797065286C656E292F207277202F2E
S2140401C02073746F72616765202F206461746120E8
S2140401D028726177290025303458202F2025732073
S2140401E02F2025303458202F2000202F2025303271
S2140401F05820282530325829202F202573202F20D8
S2140402002573202F2000556E737570706F72746599
S21404021064004F544120524541443A2065703A25C3
S214040220303258206369643A253034582061747437
S21404023069643A25303458206D736B3A2530325849
S214040240206D66636F64653A253034580052454124
S214040250443A20636C757320253034582C2061741E
S21404026074722025303458206661696C65642025D4
S21404027030325800524541443A20636C7573202549
S2140402803034582C206174747220253034582C2055
S214040290646174614C656E3A20253032582C204FC8
S2140402A04B0028256329253032582530325825300E
S2140402B032582530325825303258253032582530B9
S2140402C03258253032580064697361626C650025C3
S2140402D073642C2064726F7070696E67206570207A
S2140402E030782530325820636C757320307825308A
S2140402F0345820636D6420307825303258004765C2
S2140403006E657261746564005265636569766564DA
S21404031000446973636F76657220436F6D6D616E1A
S214040320647320726573706F6E73652028636F6DD7
S214040330706C6574653A202563292C202573204942
S21404034044733A200030782530325820005F4558F0
S2140403505400524541445F41545452005752495444
S214040360453A20636C7573202530345820617474C4
S21404037072202530345820004641494C202530321E
S214040380580057524954453A20746F6F2073686F6B
S214040390727400444953435F4154545200257325F4
S2140403A0733A20636C757320253034580053766393
S2140403B020446973633A2000257357616974696E33
S2140403C0672025642073656320666F7220646973F2
S2140403D0636F7665727920746F20636F6D706C65D9
S2140403E0746500537461746520636F72726573700C
S2140403F06F6E64696E6720746F2074686520746815
S214040400652072657175657374206E6F7420666FEF
S214040410756E640A002573636F6D706C6574652E63
S2140404200A002573536572766963652044697363AD
S2140404306F76657279205374617465206C696D6992
S214040440747320726561636865640A002573496C79
S2140404506C6567616C2062726F616463617374209B
S214040460616464726573732C2072656D6170706963
S2140404706E6720746F2076616C6964206F6E652EDB
S2140404800025734661696C656420746F2073656E1D
S21404049064206D6174636820646973636F76657243
S2140404A0793A2030782530325800257353746172B7
S2140404B074696E6720646973636F76657279206603
S2140404C06F7220636C7573746572203078253034CF
S2140404D0580025734661696C656420746F207365E3
S2140404E06E642073696D706C6520646573637269ED
S2140404F070746F7220726571756573743A20307803
S214040500253032580025734661696C656420746F23
S2140405102073656E642049454545206164647265B0
S214040520737320726571756573743A20307825305C
S21404053032580025734661696C656420746F2073B5
S214040540656E64204E574B20616464726573732035
S214040550726571756573743A2030782530325800A8
S2140405604572726F723A2025732062616420736943
S2140405706D706C652064657363726970746F722045
S2140405806C656E6774682E0025734D6573736167BA
S2140405906520746F6F2073686F72740025734D65E1
S2140405A0737361676520746F6F2073686F7274204D
S2140405B0666F72206E756D2E20656E64706F696E40
S2140405C074730025734D61746368257320666F75B4
S2140405D06E642066726F6D203078253034582E0095
S2140405E04572726F723A20257320696E76616C6963
S2140405F064206C656E6774682028256420213D207D
S21404060025642920666F72204163746976652045E7
S2140406106E64706F696E7420726573706F6E736546
S214040620002573676F74206163746976652045508E
S21404063020726573706F6E73650055544320746939
S2140406406D653A2025642F25642F25642025643A99
S21404065025643A2564202825303858290028556E04
S2140406606B6E6F776E20636C75732E205B30782507
S2140406703034585D29000D0A54253038583A005253
S21404068058206C656E2025642C2065702025303239
S214040690582C20636C75732030782530345820002D
S2140406A0206D666749642025303458002046432070
S2140406B02530325820736571202530325820636DFA
S2140406C0642025303258207061796C6F61645B0059
S2140406D04261736963004F766572207468652041D1
S2140406E0697220426F6F746C6F6164696E6700256F
S2140406F073525820706B7420746F6F2073686F7217
S214040700743A202564203C20256400257352582022
S214040710706B74206D616C666F726D65643A20252B
S21404072064203C2025640020204861766520526FB2
S2140407307574657220537570706F7274002020454E
S2140407406E6420446576696365204F6E6C7900207C
S21404075020456E61626C65640020204469736162A2
S2140407606C6564004572726F722072657472696596
S21404077076696E6720696E666F20666F72206C6994
S2140407806272617279204944202564002573206CC6
S21404079069627261727925732070726573656E740E
S2140407A0005A69676265652050726F0042696E641C
S2140407B0696E6700536563757269747920436F7256
S2140407C065005365637572697479204C696E6B2095
S2140407D04B6579730043424B45203136334B310029
S2140407E043424B4520445341205369676E004543BA
S2140407F0430043424B452044534120566572696684
S21404080079005061636B65742056616C6964617429
S21404081065005A4C4C0043424B45203238334B312A
S21404082000454343203238334B310043424B452086
S214040830636F7265004E4350004D756C7469206E8C
S2140408406574776F726B00456E68616E63656420CD
S214040850426561636F6E205265710043424B4520CA
S2140408603238334B312044534120566572696679D9
S214040870004D756C74692D50414E002F686F6D6580
S2140408802F72756E6E65722F776F726B2F74757913
S214040890612D7A69676265652D7377697463682F5D
S2140408A0747579612D7A69676265652D73776974E5
S2140408B063682F73696C6162735F746F6F6C732FF8
S2140408C073696D706C69636974795F73646B2F7098
S2140408D0726F746F636F6C2F7A69676265652F73C6
S2140408E07461636B2F636F6E6669672F736C5F7AD0
S2140408F069676265655F636F6E6669677572617462
S214040900696F6E2E63002F686F6D652F72756E6E3D
S21404091065722F776F726B2F747579612D7A69679C
S2140409206265652D7377697463682F747579612DB4
S2140409307A69676265652D7377697463682F73696E
S2140409406C6162735F746F6F6C732F73696D706C18
S21404095069636974795F73646B2F70726F746F6305
S2140409606F6C2F7A69676265652F737461636B2F8A
S2140409706672616D65776F726B2F6165732D656343
S214040980622E63002F686F6D652F72756E6E6572CA
S2140409902F776F726B2F747579612D7A696762652C
S2140409A0652D7377697463682F747579612D7A6918
S2140409B0676265652D7377697463682F73696C6104
S2140409C062735F746F6F6C732F73696D706C696399
S2140409D06974795F73646B2F70726F746F636F6C76
S2140409E02F7A69676265652F737461636B2F73650D
S2140409F06375726974792F7A69676265652D7365A4
S214040A006375726974792D6D616E616765722D6E9A
S214040A106F2D7661756C742E63004572726F723A30
S214040A2020204661696C656420746F207265616479
S214040A302066726F6D20454550524F4D20617420DC
S214040A4030782534582C207374617475733A2025D5
S214040A506400454550524F4D20496E697469616C77
S214040A60697A65643A20256300454550524F4D2007
S214040A70427573793A202563005061727469616C1B
S214040A8020576F72642053746F7261676520436FDA
S214040A90756E743A20256400416464726573733A13
S214040AA02030782534582C205061727469616C208B
S214040AB0576F72643A203078255800636F6E666903
S214040AC0726D656400617373756D6564000A4545EF
S214040AD050524F4D20496E666F004E6F74206176FB
S214040AE061696C61626C6520286F6C646572206253
S214040AF06F6F746C6F616465722900506172742044
S214040B004465736372697074696F6E3A202020209E
S214040B102020202020202573004361706162696CC8
S214040B2069746965733A2020202020202020202024
S214040B3020202020307825325800506167652045F3
S214040B40726173652074696D65202873293A2020C4
S214040B502020202025640050617274204572617341
S214040B60652074696D65202873293A20202020208A
S214040B702025640050617274204572617365207488
S214040B80696D6520286D73293A20202020202025B1
S214040B906400506167652073697A652028627974F9
S214040BA06573293A202020202020202020256C0050
S214040BB0506172742073697A65202862797465734B
S214040BC0293A202020202020202020256C00576F42
S214040BD072642073697A6520286279746573293A89
S214040BE0202020202020202020256420282570294D
S214040BF000454550524F4D20696E69743A2030784E
S214040C002558002F686F6D652F72756E6E65722F8E
S214040C10776F726B2F747579612D7A696762656573
S214040C202D7377697463682F747579612D7A696793
S214040C306265652D7377697463682F73696C616286
S214040C40735F746F6F6C732F73696D706C6963690F
S214040C5074795F73646B2F7574696C2F706C756729
S214040C60696E2F706C7567696E2D636F6D6D6F6E30
S214040C702F656570726F6D2F656570726F6D2E636C
S214040C8000556E61626C6520746F20626F6F74200D
S214040C90696D61676520617420736C6F7420256CC0
S214040CA0640A00536C6F74204D616E616765722030
S214040CB06661696C656420746F2065726173652073
S214040CC0736C6F740A004D61782072656164206CE1
S214040CD0696D69742073657420746F2025642062BE
S214040CE0797465730A004164647265737320202006
S214040CF020202020202020446174610A00307825BA
S214040D00346C7820202020202020307825780A0093
S214040D104661696C656420746F2072656164206640
S214040D20726F6D20666C6173680A00536C6F742072
S214040D30256C640A20204164647265737320202045
S214040D4020203A20307825346C580A20204C656ED2
S214040D506774682020202020203A20307825346CC0
S214040D60582028256C64206279746573290A00204B
S214040D70205479706520202020202020203A20004E
S214040D804E6F2047424C2070726573656E740A007D
S214040D905A69674265650A005468726561640A00A8
S214040DA0436F6E6E6563740A00426C7565746F6F8C
S214040DB074680A00426C7565746F6F74682061709D
S214040DC0706C69636174696F6E0A004D43550A005E
S214040DD04F7468657220283078256C58290A0020DC
S214040DE02056657273696F6E20202020203A2030CA
S214040DF078256C580A0020204361706162696C692A
S214040E00746965733A20307825346C580A002020BB
S214040E1050726F6475637420494420203A20003071
S214040E207825582000536C6F74204D616E61676599
S214040E30723A206661696C656420746F20696E6915
S214040E407469616C697A6520626F6F746C6F616433
S214040E50657220286572726F72203078253478297E
S214040E600A0056657273696F6E20202020203A208F
S214040E7025640A005061727420202020202020203F
S214040E803A2025730A004361706162696C6974696B
S214040E9065733A20307825780A005061727420739E
S214040EA0697A652020203A20256420420A00506191
S214040EB067652073697A652020203A2025642042DD
S214040EC00A00576F72642073697A652020203A20DE
S214040ED0256420420A00536C6F747320202020205F
S214040EE020203A2025640A004661696C65642074F3
S214040EF06F20726561642066726F6D2073746F7202
S214040F0061676520666C61736820286572726F720B
S214040F10202564290A00496E76616C696420736C26
S214040F206F7420256420286D617820736C6F74209C
S214040F302564290A004661696C656420746F20671D
S214040F40657420696E666F20666F7220736C6F74AA
S214040F502025640A00536C6F74204D616E616765CA
S214040F60723A20736C6F74207772697465206661B8
S214040F70696C7572652E2041646472657373206FA4
S214040F8066667365742028256429202B2077726989
S214040F907465206C656E677468202825642920674C
S214040FA0726561746572207468616E20746F746112
S214040FB06C20736C6F74206C656E677468202825CB
S214040FC064290A00536C6F74204D616E6167657204
S214040FD0207761726E696E673A20736C6F74202591
S214040FE064206C656E6774682028256429206E6FFB
S214040FF07420616C69676E656420746F2070616725
S214041000652073697A6520282564292E205468652E
S21404101020656E7469726520736C6F742077696CD2
S2140410206C206E6F74206265206572617365642E31
S2140410300A00536C6F74204D616E616765723A20C6
S2140410406661696C656420746F20657261736520DF
S214041050256420627974657320696E20736C6F74DE
S2140410602025642061742061646472657373203083
S2140410707825347820286572726F72203078257847
S214041080290A0045726173656420256420627974B8
S214041090657320696E20736C6F742025640A00469D
S2140410A061696C656420746F2073657420736C6F5B
S2140410B07420746F20626F6F7420286572726F726A
S2140410C0203078253478290A004661696C656420E6
S2140410D0746F20736574206C697374206F66207354
S2140410E06C6F747320746F20626F6F74202865723F
S2140410F0726F72203078253478290A004661696C4C
S214041100656420746F20676574206E6577206C694B
S2140411107374206F6620736C6F747320746F206210
S2140411206F6F7420286572726F7220307825347859
S214041130290A00426567696E6E696E6720696D618B
S214041140676520766572696669636174696F6E2E79
S2140411502E2E002E6661696C656421202845727205
S2140411606F72203078253478290A002E70617373E4
S21404117065642120426F6F74696E6720736C6F74A8
S2140411802025640A00666E692B00666E69006E612F
S2140411906E00666E692D006C696273006273656E1C
S2140411A064007265736574007261770073656E64BB
S2140411B05F6D756C7469636173740073656E642D1A
S2140411C07573696E672D6D756C7469636173742DC0
S2140411D062696E64696E670074696D6573796E63BF
S2140411E0006765742D7074692D726164696F2D6370
S2140411F06F6E66696700636F6E6669672D63636109
S2140412002D6D6F6465006576656E74730073656333
S2140412107572697479007A69676265655F70726968
S2140412206E7400706C7567696E006E6574006B652D
S2140412307973006F7074696F6E00706C7567006305
S21404124068616E67656B6579006368616E67656B78
S214041250007A646F007072696E742072656C6174D3
S214041260656420636F6D6D616E64732E00617474C3
S21404127072005A646F2072656C6174656420636FD3
S2140412806D6D616E64732E00726F75746500706F99
S214041290776572006D676D742D6C7169006D676D8E
S2140412A0742D62696E64006E6F64650073696D7098
S2140412B06C65006965656500756E62696E64006ECE
S2140412C0776B2D757064006F75742D636C2D6C6967
S2140412D0737400696E2D636C2D6C697374005A64A4
S2140412E06F20696E2D636C2D6C6973742072656C47
S2140412F06174656420636F6D6D616E64732E005A4D
S214041300646F206F75742D636C2D6C697374207212
S214041310656C6174656420636F6D6D616E64732EB5
S214041320005A646F206E776B2D7570642072656C3E
S2140413306174656420636F6D6D616E64732E0073F3
S21404134063616E2D6368616E2D6D61736B007363EC
S214041350616E006368616E5067006368616E005A70
S214041360646F20756E62696E642072656C61746564
S2140413706420636F6D6D616E64732E00756E6963B1
S214041380617374006368616E67656B657920726566
S2140413906C6174656420636F6D6D616E64732E009A
S2140413A06C696E6B004F7074696F6E2072656C6149
S2140413B074656420636F6D6D616E64732E00726570
S2140413C0676973746572006469736300696E737425
S2140413D0616C6C2D636F64650062696E64696E6728
S2140413E02D7461626C65007072696E742D72782D4E
S2140413F06D7367730061707372657472790041501F
S2140414005320726574727920666C616720666F7209
S214041410636520636F6D6D616E647300456E616213
S2140414206C65732F44697361626C657320707269AE
S2140414306E74696E67206F66205278206D657373CC
S214041440616765732E00656E61626C650042696E45
S21404145064696E67207461626C652072656C617481
S214041460656420636F6D6D616E64732E00536563EF
S2140414707572697479206B6579732072656C617412
S214041480656420636F6D6D616E64732E0064656CB5
S214041490657465004E6574776F726B2072656C6157
S2140414A074656420636F6D6D616E64732E00666F81
S2140414B0726D0072656A6F696E2D646966662D6466
S2140414C065766963652D74797065006578747061F6
S2140414D06E69640069736F70656E0062726F616432
S2140414E02D706A6F696E006368616E67652D636848
S2140414F0616E6E656C00696E6974006368616E6720
S214041500652D6B6565702D616C6976652D6D6F64F0
S214041510650074696D656F75742D6F7074696F6E90
S2140415202D6D61736B006D756C74692D7068792D03
S2140415307374617274006D756C74692D7068792D9E
S21404154073746F700066696E64006E6574776F728C
S2140415506B2066696E6420636F6D6D616E64732EB6
S214041560006A6F696E61626C6500756E757365649A
S21404157000736C6F742D6D616E6167657200636FC6
S214041580756E7465727300656E642D646576696342
S214041590652D737570706F72740066696E642D6164
S2140415A06E642D62696E6400667261676D656E7442
S2140415B06174696F6E0067726F7570732D736572F0
S2140415C0766572006E6574776F726B2D73746565DD
S2140415D072696E67006F74612D626F6F746C6F61F1
S2140415E064006F74612D636C69656E74006F74615A
S2140415F02D73746F726167652D636F6D6D6F6E000A
S2140416006F74612D73746F726167652D6565707292
S2140416106F6D0069646C652D736C6565700075701C
S214041620646174652D74632D6C696E6B2D6B6579BE
S214041630007570646174652D74632D6C696E6B2D12
S2140416406B65792072656C6174656420636F6D6D7B
S214041650616E64730074696D6572006E6F77004323
S2140416606F6D6D616E647320746F20636F6E747239
S2140416706F6C2069646C696E672F736C656570693E
S2140416806E67206F66207468652064657669636596
S21404169000666F7263652D6177616B6500617761C3
S2140416A06B652D7768656E2D6E6F742D6A6F696E27
S2140416B06564007265706F7274696E672072656C1B
S2140416C06174656420636F6D6D616E64732E006370
S2140416D06C6561722D6C6173742D7265706F7274B3
S2140416E02D74696D6500746573742D74696D696E07
S2140416F067006F74612D73746F726167652D65651D
S21404170070726F6D2072656C6174656420636F6DB2
S2140417106D616E64732E0077697065006F74612D59
S21404172073746F726167652D636F6D6D6F6E207273
S214041730656C6174656420636F6D6D616E647300BF
S2140417407072696E74496D616765730072656C6F5B
S21404175061640073746F726167652D696E666F00ED
S214041760646174612D7072696E74006F74612D63A8
S2140417706C69656E742072656C6174656420636F51
S2140417806D6D616E64732E007665726966790062AB
S2140417906C6F636B2D7465737400706167652D726E
S2140417A065717565737400757067726164652D7212
S2140417B06571756573740064697361626C652D6424
S2140417C06F776E67726164657300656E61626C65DF
S2140417D02D646F776E677261646573006F74612D34
S2140417E0626F6F746C6F61642072656C617465649B
S2140417F020636F6D6D616E6473006E6574776F72CF
S2140418006B2D7374656572696E672072656C61749E
S214041810656420636F6D6D616E64732E007072650F
S2140418202D636F6E666967757265642D6B65792DB9
S214041830736574006D61736B2072656C61746564A6
S21404184020636F6D6D616E642E00737562747261D1
S21404185063740067726F7570732D73657276657244
S2140418602072656C6174656420636F6D6D616E646F
S214041870732E00667261676D656E746174696F6E4F
S2140418802072656C6174656420636F6D6D616E644F
S214041890732E007365742D72782D77696E646F7776
S2140418A02D73697A65006172746966696369616C2F
S2140418B02D626C6F636B2D64726F700046696E6484
S2140418C020616E642062696E642072656C61746562
S2140418D06420636F6D6D616E64732E00696E697447
S2140418E06961746F7200656E642D646576696365FC
S2140418F02D737570706F72742072656C6174656494
S21404190020636F6D6D616E64732E00706F6C6C2D4A
S214041910636F6D706C657465642D63616C6C626175
S214041920636B00666F7263652D73686F72742D70D7
S2140419306F6C6C00656E61626C655F7479706500CF
S214041940737461636B00617070007A636C006C651D
S214041950676163795F61665F646562756700636F7C
S214041960756E746572732072656C61746564206349
S2140419706F6D6D616E64732E007072696E742D6384
S2140419806F756E7465722D747970650073696D7009
S2140419906C652D7072696E74007072696E742D7445
S2140419A068726573686F6C6473007365742D74680D
S2140419B0726573686F6C640072657365742D746801
S2140419C0726573686F6C64730073656E642D7265FC
S2140419D071756573740073656375726974792072C2
S2140419E0656C6174656420636F6D6D616E6473000D
S2140419F07365742D616C6C6F772D74727573742DAA
S214041A0063656E7465722D72656A6F696E2D757383
S214041A10696E672D77656C6C2D6B6E6F776E2D6BAC
S214041A206579007365742D616C6C6F772D747275AF
S214041A3073742D63656E7465722D72656A6F696E54
S214041A402D7573696E672D77656C6C2D6B6E6F776D
S214041A506E2D6B65792D74696D656F75740073658D
S214041A60742D6B65792D726571756573742D706F41
S214041A706C696379006D66672D746F6B656E0061C3
S214041A80707300536563757269747920617073208E
S214041A9072656C6174656420636F6D6D616E6473EA
S214041AA02E004765742F736574204D464720746F67
S214041AB06B656E2E00656E64706F696E7420726559
S214041AC06C6174656420636F6D6D616E64732E0063
S214041AD0656570726F6D207574696C6974792072AF
S214041AE0656C6174656420636F6D6D616E6473000C
S214041AF0536C6F74204D616E616765722072656CFD
S214041B006174656420636F6D6D616E647300626FEB
S214041B106F742D736C6F740065726173652D736CCE
S214041B206F74006578742D666C6173682D696E66D3
S214041B306F00736C6F74732D696E666F00507269F4
S214041B406E74732074696D652E005072696E7473BA
S214041B50206174747269627574652E00436C6561E5
S214041B60727320746865205A444F206C697374201D
S214041B706F6620636C69656E742028696E2920631D
S214041B806C7573746572732E004164647320636CA1
S214041B9075737465727320746F20746865206B6E39
S214041BA06F776E20636C69656E742028696E2920D1
S214041BB0636C757374657273206F6E2074686973D2
S214041BC0206465766963652E00436C6561727320D4
S214041BD0746865205A444F206C697374206F6620BD
S214041BE0636C69656E7420286F75742920636C7540
S214041BF073746572732E004164647320636C75732A
S214041C007465727320746F20746865206B6E6F77CA
S214041C106E20636C69656E7420286F757429206362
S214041C206C757374657273206F6E207468697320A4
S214041C306465766963652E0053656E647320616E11
S214041C4020757064617465206368616E6E656C20CF
S214041C50726571756573742E006368616E6E656C6B
S214041C601F0053656E647320616E20757064617422
S214041C7065206368616E6E656C20706167652072AE
S214041C8065712E2054686520737461636B207365D8
S214041C906E6473206E776B20656E68616E63656430
S214041CA0207570646174652072657120666F722099
S214041CB06E6F6E2D7A65726F20706167652E006395
S214041CC068616E6E656C1F706167651F0050657293
S214041CD0666F726D7320616E20656E65726779201B
S214041CE07363616E2E007461726765744E6F64650B
S214041CF049641F7363616E4475726174696F6E1F05
S214041D007363616E436F756E741F0042726F616415
S214041D10636173747320746865204944206F662079
S214041D20746865206E6577206E6574776F726B20B5
S214041D306D616E6167657220616E642061637469AB
S214041D407665206368616E6E656C732E006E776BC5
S214041D504D676549641F6368616E6E656C4D61739B
S214041D606B1F00506572666F726D7320616E20651E
S214041D706E65726779207363616E206F6E20676983
S214041D8076656E206368616E6E656C206D61736B3C
S214041D902E007461726765744E6F646549641F73C0
S214041DA063616E4475726174696F6E1F7363616EEE
S214041DB0436F756E741F6368616E6E656C4D6173F8
S214041DC06B1F0053656E64732061206E6574776FB5
S214041DD0726B2061646472657373207265717565D5
S214041DE0737420666F722074686520676976656E02
S214041DF0204945454520616464726573732E006905
S214041E006565651F00526571756573747320616E30
S214041E102049454545206164647265737320626198
S214041E20736564206F6E206120676976656E206E28
S214041E306F64652049442E006E6F646549641F0014
S214041E4053656E647320612073696D706C652064DD
S214041E50657363726970746F7220726571756573E9
S214041E607420666F72207468652073686F727420BD
S214041E706164647265737320616E6420656E647059
S214041E806F696E74207370656369666965642E0095
S214041E90646573741F746172676574456E64706FED
S214041EA0696E741F0053656E64732061206D6174DF
S214041EB0636844657363726970746F727352657194
S214041EC07565737420746F20746865206769766519
S214041ED06E2064657374696E6174696F6E207769C9
S214041EE074682074686520676976656E2070726F02
S214041EF066696C652E006E6F646549641F70726F48
S214041F0066696C651F0053656E64732061206E6F8E
S214041F1064652064657363726970746F7220726599
S214041F20717565737420746F206120676976656EB9
S214041F3020746172676574206465766963652E0033
S214041F407461726765741F0053656E647320612044
S214041F505A444F2042696E6420636F6D6D616E64EF
S214041F6020746F20612064657669636520737065EC
S214041F7063696669656420696E2074686520636FAA
S214041F806D6D616E6420617267756D656E74732E17
S214041F900044657374696E6174696F6E1F536F7560
S214041FA072636520656E64706F696E741F44657332
S214041FB074696E6174696F6E20656E64706F696EA5
S214041FC0741F636C757374657249441F72656D6F14
S214041FD0746545554936341F6465737445554936EA
S214041FE0341F0053656E647320616E2061637469E8
S214041FF0766520656E64706F696E7420726571759F
S21404200065737420746F20746865206465766963EC
S2140420106520776974682074686520676976656EDC
S2140420202073686F72742049442E0053656E64737F
S21404203020616E20756E62696E64207265717565C6
S214042040737420666F72206120756E6963617374A1
S2140420502062696E64696E6720746F2074686520F8
S214042060746172676574206465766963652E0074AE
S21404207061726765741F736F757263652065756931
S21404208036341F736F7572636520656E64706F698E
S2140420906E741F636C757374657249441F6465734C
S2140420A074696E6174696F6E45554936341F64658C
S2140420B07374696E6174696F6E20656E64706F699F
S2140420C06E741F0053656E647320616E20756E62B5
S2140420D0696E64207265717565737420666F72200C
S2140420E061206D756C7469636173742062696E64D3
S2140420F0696E6720746F2074686520746172676502
S21404210074206465766963652E007461726765740D
S2140421101F736F757263652065756936341F736F38
S2140421207572636520656E64706F696E741F636C88
S214042130757374657249441F67726F757041646481
S214042140726573731F0053656E64732061205A446E
S2140421504F204D616E6167656D656E74204C6561D8
S214042160766520636F6D6D616E6420746F2074688D
S2140421706520746172676574206465766963652E8C
S214042180007461726765741F72656D6F7665436867
S214042190696C6472656E1F72656A6F696E1F0053A0
S2140421A0656E64732061205A444F204D474D542D6C
S2140421B042696E64202842696E64696E67205461C1
S2140421C0626C6529205265717565737420746F207E
S2140421D074686520746172676574206465766963E3
S2140421E0652E007461726765741F73746172744936
S2140421F06E6465781F0053656E64732061205A44CC
S2140422004F204D474D542D4C514920284C514920C0
S2140422105461626C65292052657175657374207407
S2140422206F207468652074617267657420646576CF
S2140422306963652E0053656E64732061205A444FAB
S21404224020506F7765722044657363726970746F8B
S21404225072205265717565737420746F2074686596
S21404226020746172676574206465766963652E0000
S21404227053656E64732061205A444F20726F7574E0
S21404228065207265717565737420636F6D6D616E1C
S2140422906420746F20746865207461726765742E98
S2140422A0007461726765741F696E6465781F0069DF
S2140422B06E6465781F65756936341F696E7374615C
S2140422C06C6C436F64651F00696E6465781F657582
S2140422D06936341F6B65791F005443206C696E6B36
S2140422E0206B6579207265717565737420706F6CE8
S2140422F06963791F417070206C696E6B206B657919
S214042300207265717565737420706F6C6963791FCC
S21404231000426F6F6C3A20616C6C6F772074727534
S21404232073742063656E7465722072656A6F696E75
S214042330207573696E672077656C6C2D6B6E6F778E
S2140423406E206B65791F0070726F66696C654964F0
S2140423501F636C757374657249641F0074617267D9
S214042360657449641F00456E61626C657320707203
S214042370696E74696E67206F66205278206D657387
S21404238073616765732E00536574732074686520E3
S21404239062696E64696E67207461626C6500696E5A
S2140423A06465781F636C75737465721F6C6F636104
S2140423B06C45701F72656D6F746545701F65756931
S2140423C036341F00436C656172732074686520623E
S2140423D0696E64696E67207461626C652E00507263
S2140423E0696E7473207468652062696E64696E67CA
S2140423F0207461626C6520746F2074686520636F56
S2140424006D6D616E64206C696E652E00436C65614B
S214042410727320616C6C20736563757269747920BD
S2140424206B6579732E0044656C6574652074686505
S21404243020737065636966696564206C696E6B20D9
S2140424406B657920696E6465782E005072696E74C7
S2140424507320616C6C207365637572697479206B84
S2140424606579732E005465726D696E6174657320A8
S214042470746865206D756C74692D50485920696EB2
S21404248074657266616365005573656420746F20B5
S2140424907374617274206D756C74692D504859207C
S2140424A0696E74657266616365206F746865722010
S2140424B07468616E206E617469766520616E64204E
S2140424C0666F726D20746865206E6574776F726BC4
S2140424D02E2054686520737461636B20757365736E
S2140424E02073616D652050616E4964206173206EAF
S2140424F0617469766520726164696F206E657477AD
S2140425006F726B2E00706167651F6368616E6E651F
S2140425106C1F706F7765721F6F7074696F6E734D82
S21404252061736B20284269742030203D20526F75F9
S2140425307465727320616C6C6F7765642C204269D5
S214042540742031203D2042726F616463617374208D
S214042550616C6C6F776564291F00417474656D70D7
S214042560747320746F206368616E67652074686591
S214042570206368696C642074696D656F7574206F78
S2140425807074696F6E206D61736B20746F2066695A
S2140425906C746572206F757420756E6465736972E9
S2140425A061626C652076616C7565732028652E679C
S2140425B02E206E6F206D6F7265207468616E2033F6
S2140425C02064617973292E0074696D656F757420B3
S2140425D06F7074696F6E206D61736B1F005377693B
S2140425E07463686573206265747765656E206469D4
S2140425F066666572656E74206B65657020616C69CD
S2140426007665206D6F64657320737570706F727471
S2140426106564206279206120726F757465722E007D
S2140426204B65657020616C697665206D6F64651F07
S214042630005072696E7473207468652063757272D4
S214042640656E74204E6F64652049442C20455549B8
S21404265036342C20616E642050616E2049442E006E
S214042660496E697469616C697A65732061206E6568
S21404267074776F726B3B207468697320697320618A
S214042680207465737420636F6D6D616E642075735A
S214042690656420666F722074632D737761702D6F86
S2140426A075742074657374696E672E00536574734D
S2140426B020746865206E6574776F726B20696E642B
S2140426C06578207573656420627920616C6C206679
S2140426D0757475726520434C4920636F6D6D616E29
S2140426E064732E20204265666F7265206578656384
S2140426F07574696E67206120434C4920636F6D6D65
S214042700616E642C20746865206672616D65776FEF
S214042710726B20737769746368657320746F2074B2
S214042720686973206E6574776F726B2E202041661D
S2140427307465722074686520636F6D6D616E6420C5
S21404274066696E6973686573206578656375746910
S2140427506E672C20746865206672616D65776F728B
S2140427606B207377697463686573206261636B209A
S214042770746F207468652070726576696F7573204F
S2140427806E6574776F726B2E202054686520434CF8
S214042790492075736573207468652073616D6520C0
S2140427A06E6574776F726B20696E64657820756EDB
S2140427B074696C2074686520646576696365207244
S2140427C06573657473206F7220697420697320635F
S2140427D068616E676564207468726F7567682074D4
S2140427E068697320636F6D6D616E642E0041747446
S2140427F0656D70747320746F206368616E676520FE
S214042800646576696365206F76657220746F2061EF
S21404281020646966666572656E74206368616E6EB0
S214042820656C20676976656E20696E20746865201D
S2140428306368616E6E656C20617267756D656E7433
S2140428402E00546865206368616E6E656C20746F34
S214042850206368616E676520746F1F0066696E6426
S214042860556E7573656450616E49640066696E647E
S2140428704A6F696E61626C654E6574776F726B0041
S2140428805065726D697473206A6F696E696E67202D
S2140428906F6E20746865206E6574776F726B206641
S2140428A06F72206120676976656E206E756D62654D
S2140428B072206F66207365636F6E647320414E44A6
S2140428C02062726F616463617374732061205A447A
S2140428D04F204D676D74205065726D6974204A6F81
S2140428E0696E696E67207265717565737420746F9E
S2140428F020616C6C20726F75746572732E004120B3
S21404290073696E676C65206279746520696E6469A4
S214042910636174696E6720686F77206C6F6E6720DA
S214042920746865206465766963652073686F756C82
S214042930642068617665207065726D6974206A6FBC
S214042940696E696E67207475726E6564206F6E209A
S214042950666F722E20412076616C7565206F662046
S21404296030786666207475726E73206F6E2070659C
S214042970726D6974206A6F696E20696E6465666933
S2140429806E6974656C792E1F00436865636B7320EB
S2140429906E6574776F726B20706A6F696E207374DD
S2140429A0617475732E005772697465732074686554
S2140429B020657874656E6465642070616E20494491
S2140429C020666F7220746865206465766963652E78
S2140429D00065787470616E69641F0052656A6F6979
S2140429E06E7320616E206578697374696E67206EF5
S2140429F06574776F726B20696E20612073656375EA
S214042A007265206F7220696E736563757265206DDA
S214042A10616E6E65722077697468206120646966E9
S214042A20666572656E74206465766963652074797C
S214042A3070652E00426F6F6C65616E206E657477EC
S214042A406F726B206B657920617661696C6162696F
S214042A506C6974791F4368616E6E656C206D617372
S214042A606B1F416E20656E756D65726174696F6E5D
S214042A7020696E6469636174696E67207468652092
S214042A80646576696365207479706520746F207256
S214042A90656A6F696E2061732E546865207374616D
S214042AA0636B206F6E6C792061636365707473204A
S214042AB0534C5F5A49474245455F454E445F44453B
S214042AC05649434520616E6420534C5F5A49474239
S214042AD045455F534C454550595F454E445F444514
S214042AE0564943452E1F0052654A6F696E7320612E
S214042AF0206E6574776F726B2E00426F6F6C656123
S214042B006E206E6574776F726B206B6579206176C4
S214042B1061696C6162696C6974791F4368616E6E81
S214042B20656C206D61736B1F004C65617665732060
S214042B3061206E6574776F726B2E005475726E73B7
S214042B40207065726D6974206A6F696E696E67209D
S214042B506F6E20666F722074686520616D6F756E87
S214042B6074206F662074696D6520696E646963619C
S214042B707465642E00412073696E676C6520627903
S214042B80746520696E6469636174696E6720686F32
S214042B9077206C6F6E672074686520646576696359
S214042BA0652073686F756C6420686176652070654F
S214042BB0726D6974206A6F696E696E6720747572C7
S214042BC06E206F6E20666F722E20412076616C75C3
S214042BD065206F662030786666207475726E732082
S214042BE07065726D6974206A6F696E20696E6465BB
S214042BF066696E6974656C792E1F004A6F696E7318
S214042C002061206E6574776F726B206F6E20612072
S214042C10676976656E206368616E6E656C2C2077D6
S214042C20697468206120676976656E205458205060
S214042C306F77657220616E642050414E2049442EA1
S214042C4000546865206368616E6E656C206F6E2044
S214042C50776869636820746F206A6F696E20746889
S214042C6065206E6574776F726B1F4F6E652D627983
S214042C707465207369676E65642076616C7565207B
S214042C80696E6469636174696E672074686520544C
S214042C905820506F77657220746861742074686574
S214042CA020726164696F2073686F756C6420626556
S214042CB02073657420746F1F5468652050414E203D
S214042CC04944206F6E20776869636820746F206AB1
S214042CD06F696E20746865206E6574776F726B1FFB
S214042CE000466F726D732061206E6574776F726B29
S214042CF0206F6E206120676976656E206368616E5A
S214042D006E656C2C20776974682061206769766527
S214042D106E20545820506F77657220616E64205080
S214042D20414E2049442E00546865206368616E6EE7
S214042D30656C206F6E20776869636820746F206600
S214042D406F726D20746865206E6574776F726B1F82
S214042D504F6E652D62797465207369676E656420AD
S214042D6076616C756520696E6469636174696E6703
S214042D702074686520545820506F776572207468F4
S214042D8061742074686520726164696F2073686F6B
S214042D90756C642062652073657420746F1F5468B4
S214042DA0652050414E204944206F6E207768696341
S214042DB06820746F20666F726D20746865206E6577
S214042DC074776F726B1F005468697320696E697438
S214042DD0696174657320612054434C4B207570649C
S214042DE06174652070726F6365647572652E005336
S214042DF07065636966792074686520616D6F756EA9
S214042E0074206F662074696D6520746F207761691D
S214042E1074206166746572206F6E652054434C4B53
S214042E2020757064617465206F7065726174696F73
S214042E306E20636F6D706C65746573206265666F73
S214042E40726520626567696E6E696E672061206EC2
S214042E5065772054434C4B20757064617465206F0D
S214042E607065726174696F6E2E0054686520616DBA
S214042E706F756E74206F662074696D652062657464
S214042E807765656E2073756273657175656E7420FB
S214042E9074727573742063656E746572206C696EE3
S214042EA06B206B6579207570646174657320696E38
S214042EB0206D696C6C697365636F6E64731F005371
S214042EC06574206F7220636C656172207374617917
S214042ED0206177616B65207768656E206E6F74205D
S214042EE06A6F696E656400536574206F7220636C44
S214042EF065617220666F726365206177616B650039
S214042F00446973706C61792074686520736C6565B8
S214042F10702073746174757300464F522054455381
S214042F2054494E4720505552504F534553202D2058
S214042F306761746865722074696D696E67206D6573
S214042F40747269637320666F72207265706F727430
S214042F50696E67207461626C65206F706572617457
S214042F60696F6E732E00436C6561727320746865B6
S214042F70206C617374207265706F72742074696D4E
S214042F8065206F6620617474726962757465732E49
S214042F9000416464732061206E657720656E7472E8
S214042FA07920746F20746865207265706F7274205F
S214042FB07461626C652E00546865206C6F63616C86
S214042FC020656E64706F696E742066726F6D20770C
S214042FD068696368207468652061747472696275D0
S214042FE07465206973207265706F727465641F540B
S214042FF0686520636C75737465722077686572659E
S21404300020746865206174747269627574652069D9
S21404301073206C6F63617465641F5468652049444B
S214043020206F6620746865206174747269627574B2
S21404303065206265696E67207265706F7274656478
S2140430401F3020666F7220636C69656E742D736919
S21404305064652061747472696275746573206F7236
S214043060203120666F72207365727665722D7369DF
S214043070646520617474726962757465731F54683C
S21404308065206D696E696D756D207265706F7274FA
S214043090696E6720696E74657276616C2C206D6546
S2140430A061737572656420696E207365636F6E6400
S2140430B0732E1F546865206D6178696D756D207276
S2140430C065706F7274696E6720696E746572766176
S2140430D06C2C206D6561737572656420696E20734F
S2140430E065636F6E64732E1F546865206D696E6920
S2140430F06D756D206368616E676520746F207468F3
S214043100652061747472696275746520746861748C
S2140431102077696C6C20726573756C7420696E20F8
S21404312061207265706F7274206265696E672073C1
S214043130656E742E1F0052656D6F76657320616E22
S21404314020656E7472792066726F6D2074686520CF
S2140431507265706F7274207461626C652E005468B8
S2140431606520696E646578206F66207468652072D1
S21404317065706F727420746F2062652072656D6F5F
S2140431807665641F00436C6561727320616C6C2005
S214043190656E74726965732066726F6D20746865F7
S2140431A0207265706F7274207461626C652E0050B4
S2140431B072696E747320746865207265706F7274B9
S2140431C0207461626C652E00576970657320616CAB
S2140431D06C206461746120696E2074686520737461
S2140431E06F72616765206465766963652E00507248
S2140431F0696E747320617262697472617279206296
S21404320079746573206F6620746865204F54412076
S214043210696D616765206F6E206469736B2E005458
S214043220686520696E646578206F6620746865201A
S214043230696D61676520746F207072696E742069A9
S214043240747320646174611F546865206F666673C6
S214043250657420696E746F20746865204F5441202D
S214043260696D61676520746861742077696C6C2089
S2140432706265207072696E7465641F005072696EB0
S214043280747320696E666F726D6174696F6E206107
S214043290626F7574207468652073746F72616765F5
S2140432A0206465766963652E0052656C6F616420E0
S2140432B07468652073746F726167652064657669E7
S2140432C063652E0044656C657465732074686520B8
S2140432D0696D616765206174207468652073706524
S2140432E063696669656420696E6465782E0054684F
S2140432F06520696E64657820617420776869636800
S21404330020746F20626567696E2064656C657469F5
S2140433106E672074686520696D6167651F0050726A
S214043320696E74732074686520696D616765732EB1
S21404333000456E61626C6573204F544120646F775C
S2140433406E6772616465732E0044697361626C65AE
S21404335073204F544120646F776E6772616465739F
S2140433602E0053656E647320616E2055706772611B
S2140433706465456E645265717565737420746F2058
S214043380616E204F5441207365727665722E004339
S214043390616E206265207573656420746F2064799D
S2140433A06E616D6963616C6C79207475726E206FE2
S2140433B066662073656E64696E6720706167652053
S2140433C07265717565737473206F6E2074686520FA
S2140433D0636C69656E7420736964652C2069662065
S2140433E07468652073657276657220646F65736EA3
S2140433F0277420737570706F7274207468697320F4
S214043400666561747572652E00426F6F6C65616ED9
S2140434102076616C7565207475726E696E67206FB0
S2140434206E20283129206F72206F66662028302986
S21404343020746865207061676520726571756573B0
S2140434407420666C61671F0053656E647320616E3A
S21404345020696D61676520626C6F636B20726571AD
S2140434607565737420666F7220612066696C6520CA
S214043470746865207365727665722073686F756C00
S21404348064206E6F7420686176652E202054657300
S21404349074206861726E657373206F6E6C79202871
S2140434A074657374206361736520392E352E362057
S2140434B02D204D697373696E672046696C65290013
S2140434C05072696E747320696E666F726D6174698A
S2140434D06F6E206F6E207468652063757272656EF9
S2140434E074207374617465206F6620746865204F59
S2140434F0544120636C69656E7420646F776E6C6FDC
S21404350061642E0053746F707320746865204F5482
S21404351041207374617465206D616368696E652EFD
S2140435200053746172747320746865204F5441208C
S214043530636C69656E74207374617465206D616371
S21404354068696E652E2054686520737461746520FE
S2140435506D616368696E6520646973636F7665720E
S2140435607320746865204F544120736572766572C3
S2140435702C207175657269657320666F72206E659E
S2140435807720696D616765732C20646F776E6C6F46
S2140435906164732074686520696D61676573206172
S2140435A06E6420776169747320666F722074686530
S2140435B02073657276657220636F6D6D616E64202C
S2140435C0746F20757067726164652E005072696E40
S2140435D0747320746865206D616E756661637475B6
S2140435E07265722049442C20496D616765205479C0
S2140435F070652049442C20616E6420566572736998
S2140436006F6E20696E666F726D6174696F6E20747A
S21404361068617420617265207573656420776865D7
S2140436206E2061207175657279206E6578742069E4
S2140436306D6167652069732073656E7420746F20EE
S2140436407468652073657276657220627920746882
S2140436506520636C69656E742E00506572666F72C1
S2140436606D73207369676E61747572652076657212
S214043670696669636174696F6E206F6E207468652D
S21404368020696D61676520617420746865207370B5
S2140436906563696669656420696E6465782E00549E
S2140436A0686520696E64657820617420776869634C
S2140436B06820746F20626567696E20766572696635
S2140436C069636174696F6E206F662074686520692B
S2140436D06D6167651F00426F6F746C6F6164732061
S2140436E074686520696D6167652061742074686517
S2140436F02073706563696669656420696E646578BD
S2140437002062792063616C6C696E6720746865203A
S2140437104F544120626F6F746C6F61642063616CF8
S2140437206C6261636B2E0054686520696E6465780C
S21404373020617420776869636820746F2062656707
S214043740696E20626F6F746C6F6164696E67207453
S214043750686520696D6167651F005072696E7473D1
S21404376020696E666F2061626F75742074686520C8
S214043770696E7374616C6C656420626F6F746C6FD1
S214043780616465722E00537562747261637473208B
S21404379061206368616E6E656C2066726F6D20656D
S2140437A0697468657220746865207072696D6172E8
S2140437B079206F72207365636F6E6461727920631B
S2140437C068616E6E656C206D61736B206F66207425
S2140437D06865206E6574776F726B2D737465657299
S2140437E0696E6720636F6D706F6E656E742E00541D
S2140437F06865206368616E6E656C206D61736B200E
S214043800746F2073756274726163742074686520C3
S2140438106368616E6E656C2066726F6D1F546865B2
S214043820206368616E6E656C20746F2073756274B5
S2140438307261637420746865206D61736B206672B0
S2140438406F6D1F00416464732061206368616E6E4F
S214043850656C20746F206569746865722074686589
S214043860207072696D617279206F72207365636F60
S2140438706E64617279206368616E6E656C206D613A
S214043880736B206F6620746865206E6574776F723C
S2140438906B2D7374656572696E6720636F6D706FE8
S2140438A06E656E742E00546865206368616E6E657E
S2140438B06C206D61736B20746F20616464206120DA
S2140438C06368616E6E656C20746F1F546865206350
S2140438D068616E6E656C20746F2061646420746F1A
S2140438E020746865206D61736B1F005365747320C4
S2140438F065697468657220746865207072696D61A4
S2140439007279206F72207365636F6E6461727920BA
S2140439106368616E6E656C206D61736B2E0054680F
S21404392065206368616E6E656C206D61736B2074D0
S2140439306F207375627472616374207468652063A3
S21404394068616E6E656C2066726F6D1F54686520C4
S21404395076616C756520746F207365742074686571
S214043960206368616E6E656C206D61736B20746F86
S2140439702E1F005365747320746865207072652D5D
S214043980636F6E66696775726564206B657920730C
S2140439906F207468617420746865206A6F696E6944
S2140439A06E67206465766963652063616E20656E64
S2140439B074657220746865206E6574776F726B2EFA
S2140439C000536574732074686520707265636F6E47
S2140439D066696775726564206B65791F0053746F3A
S2140439E0707320746865206E6574776F726B2073CD
S2140439F074656572696E672070726F636573732E83
S214043A000053746172747320746865206E657477ED
S214043A106F726B207374656572696E672070726F5F
S214043A20636573732E0041206D61736B206F66208F
S214043A306F7074696F6E7320666F7220696E646946
S214043A40636174696E672073706563696669632071
S214043A506265686176696F722077697468696E203A
S214043A60746865206E6574776F726B2D7374656504
S214043A7072696E672070726F636573732E1F0044DD
S214043A806973706C617973207468652063757272EB
S214043A90656E7420737461747573206F6620746821
S214043AA065206E6574776F726B20737465657269D2
S214043AB06E672070726F636573732E00436C656166
S214043AC07273207468652067726F757073207461F2
S214043AD0626C65206F6E20657665727920656E640B
S214043AE0706F696E74005072696E747320696E66C6
S214043AF06F726D6174696F6E2061626F7574207485
S214043B00686520636F6E74656E7473206F662074C8
S214043B1068652067726F757073207461626C652EB9
S214043B20004172746966696369616C6C79206472B9
S214043B306F70732074686520626C6F636B206E759B
S214043B406D62657220646566696E656420627920BC
S214043B507468652070617373656420617267756D3F
S214043B60656E74206F6E6C79206F6E63652C2061B1
S214043B706E64207468656E20616C6C6F7773206960
S214043B80742075706F6E20612072657472792E00D1
S214043B9054686520626C6F636B206E756D62657227
S214043BA020746F206172746966696369616C6C79EC
S214043BB02064726F7020746F20666F726365206174
S214043BC0207265747279202D2073657420746F20BA
S214043BD03078464620746F2064697361626C651F92
S214043BE0005365747320746865207265636569762E
S214043BF0652077696E646F772073697A652E202056
S214043C00427920646566696E6974696F6E20696EB0
S214043C102074686520536D61727420456E65726702
S214043C20792070726F66696C65206974206D75738F
S214043C30742062652073657420746F203120627569
S214043C4074207468697320616C6C6F777320697470
S214043C5020746F206265206368616E6765642E0059
S214043C60546865206D6178206E756D626572206F8C
S214043C70662074686520626C6F636B73207265637C
S214043C806569766564206265666F726520616E207C
S214043C904150532061636B2069732067656E6572BB
S214043CA0617465641F004D616B6573207468697385
S214043CB0206E6F6465207374617274206964656E27
S214043CC074696679696E6720617320612074617215
S214043CD067657420666F722062696E64696E672019
S214043CE07769746820616E20696E69746961746F9F
S214043CF072206E6F64652E0054686520656E64706D
S214043D006F696E74206F6E20776869636820746FBD
S214043D1020626567696E207468652046696E64690A
S214043D206E6720616E642042696E64696E672074F3
S214043D3061726765742070726F636573731F004DDC
S214043D40616B65732074686973206E6F6465207395
S214043D50746172742074686520696E69746961742C
S214043D606F722070617274206F66207468652066B6
S214043D70696E64696E6720616E642062696E646948
S214043D806E672070726F636573732E0054686520C7
S214043D90656E64706F696E74206F6E2077686963F1
S214043DA06820746F20626567696E207468652046B3
S214043DB0696E64696E6720616E642042696E646928
S214043DC06E6720696E69746961746F722070726FB1
S214043DD0636573731F00536574732077686574682E
S214043DE065722074686520434C4920666F7263656B
S214043DF073207468652064657669636520746F2033
S214043E0073686F727420706F6C6C2E005468652033
S214043E1076616C756520696E6469636174696E6742
S214043E2020776865746865722074686520646576B2
S214043E306963652073686F756C642073686F727449
S214043E4020706F6C6C1F00536574732077686574FC
S214043E506865722074686520646576696365732096
S214043E60706F6C6C20636F6D706C65746564206332
S214043E70616C6C6261636B2066756E6374696F6EE9
S214043E8020697320656E61626C65642E00546865F3
S214043E902076616C756520696E6469636174696E09
S214043EA06720776865746865722074686520646541
S214043EB0766963657320706F6C6C20636F6D706CCD
S214043EC0657465642063616C6C6261636B206675FF
S214043ED06E6374696F6E20697320656E61626C65CB
S214043EE0641F00446973706C61797320746865207C
S214043EF0737461747573206F662074686520456EEC
S214043F0064204465766963657320706F6C6C696EB3
S214043F10672E00456E61626C652F64697361626C1E
S214043F206520646562756720606C656761637920E7
S214043F30617070206672616D65776F726B20646560
S214043F4062756760207072696E7420747970652E6D
S214043F5000456E61626C652F64697361626C651FEF
S214043F6000456E61626C652F64697361626C6520DE
S214043F70646562756720607A636C60207072696E2F
S214043F807420747970652E00456E61626C652F64CA
S214043F90697361626C652064656275672060617030
S214043FA07060207072696E7420747970652E004596
S214043FB06E61626C652F64697361626C652064650A
S214043FC06275672060636F726560207072696E74D4
S214043FD020747970652E00456E61626C652F646985
S214043FE07361626C652064656275672060737461D2
S214043FF0636B60207072696E7420747970652E002D
S21404400053656E64732061207265717565737420E0
S214044010666F72204F544120636F756E74657273B9
S2140440202E0052657365747320616C6C207468721C
S2140440306573686F6C64732076616C756573207441
S2140440406F203078464646462E00536574732061CA
S214044050207468726573686F6C642076616C75652D
S21404406020666F72206120706172746963756C617A
S214044070722074797065206F6620636F756E746540
S214044080722E0054797065206F6620636F756E74A7
S21404409065721F5468726573686F6C642056616C31
S2140440A075651F005072696E747320746865207499
S2140440B068726573686F6C6473206F6620616C6CDD
S2140440C02074686520636F756E746572732E004382
S2140440D06C6561727320616C6C20636F756E7465B9
S2140440E0722076616C7565732E005072696E7473F7
S2140440F020616C6C20636F756E7465722076616CDB
S2140441007565732E005072696E747320746865202A
S21404411076616C7565206F662074686973207061BB
S21404412072746963756C617220636F756E74657200
S2140441302E0054686520636F756E746572207479FA
S214044140706520746F207072696E741F00507269F7
S2140441506E747320616C6C20636F756E7465722068
S21404416076616C75657320616E6420636C6561723C
S21404417073207468656D2E00536574204D46472081
S214044180746F6B656E2C2043414E4E4F542042454F
S21404419020554E53455420425920434C492E005036
S2140441A072696E74204D464720746F6B656E2E00E0
S2140441B05072696E742061637469766520657665ED
S2140441C06E74732E0044697361626C65207468654E
S2140441D020656E64706F696E7420666F72205A4331
S2140441E04C206D657373616765732E00456E64704D
S2140441F06F696E7420696E6465781F00456E61622F
S2140442006C65732074686520656E64706F696E747F
S21404421020666F72205A434C206D65737361676520
S214044220732E005072696E742073746174757320F3
S2140442306F6620656E64706F696E74732E005368C3
S2140442406F7773207468652076657273696F6E2065
S2140442506F662074686520736F6674776172652E66
S214044260005365742074686520636F6E66696775AD
S214044270726564203830322E31352E342043434163
S214044280206D6F646520696E2074686520726164B1
S214044290696F2E2053656520646F63756D656E7453
S2140442A06174696F6E20726567617264696E6720F7
S2140442B05241494C5F494545453830323135345FC3
S2140442C04363614D6F64655F742E0041205241491B
S2140442D04C5F494545453830323135345F43636178
S2140442E04D6F64655F742076616C75651F0052655A
S2140442F07475726E732050544920726164696F201D
S214044300636F6E66696720696E666F726D61746945
S2140443106F6E20746F2064657465726D696E6520B7
S2140443207468652050485920747970652062656900
S2140443306E672075736564206279205241494C2E5D
S2140443402072657475726E2076616C75652069736B
S21404435020656E756D205241494C5F494545453888
S21404436030323135345F507469526164696F436F1B
S2140443706E6669675F7420652E6720205241494C3B
S2140443805F494545453830323135345F5054495FCE
S214044390524144494F5F434F4E4649475F3250347B
S2140443A047485A203D203078303055205241494CF9
S2140443B05F494545453830323135345F5054495F9E
S2140443C0524144494F5F434F4E4649475F3250344B
S2140443D047485A5F414E54444956203D2030783071
S2140443E03155205241494C5F4945454538303231B4
S2140443F035345F5054495F524144494F5F434F4EF2
S2140444004649475F32503447485A5F434F45582021
S2140444103D203078303255205241494C5F4945455D
S214044420453830323135345F5054495F524144493F
S2140444304F5F434F4E4649475F32503447485A5FB2
S214044440414E544449565F434F4558203D203078EA
S2140444503033550053656E64732061207265616461
S214044460206174747220666F7220746865207469A3
S2140444706D65206F6620746865206465766963657B
S214044480207370656369666965642E2049742073B9
S214044490657473206120666C616720736F2077688B
S2140444A0656E20697420676574732074686520726D
S2140444B06573706F6E7365206974207772697465AE
S2140444C073207468652074696D6520746F20697440
S2140444D073206F776E2074696D6520617474722E14
S2140444E00049641F737263456E64706F696E741F4F
S2140444F064657374456E64706F696E741F005768E4
S214044500656E2073656E64696E67207573696E6781
S21404451020612062696E64696E672C20737065631F
S21404452069666965732077686574686572206120BA
S2140445306D756C7469636173742062696E64696E08
S214044540672073686F756C64206265207573656494
S2140445502E007573654D756C746963617374426976
S2140445606E64696E671F0053656E64732061207005
S21404457072652D6275666665726564206D756C7409
S2140445806963617374206D65737361676520746F06
S214044590206120676976656E2067726F75702049A2
S2140445A0442066726F6D206120676976656E2065AB
S2140445B06E64706F696E742E0067726F75704964EE
S2140445C01F7372632D656E64706F696E741F00438B
S2140445D07265617465732061206D657373616765C8
S2140445E02062792073706563696679696E672074E2
S2140445F06865207261772062797465732E2055731E
S21404460065207468652073656E6420636F6D6D61E4
S2140446106E6420746F2073656E6420746865206D04
S214044620657373616765206F6E63652069742068BF
S2140446306173206265656E20637265617465642EBD
S2140446402045783A20726177203078303030462022
S2140446507B3030203041203030203131203232203F
S21404466033332034342035357D2073656E647320EF
S21404467061206D65737361676520746F20636C7564
S21404468073746572203135202830783030304629EE
S214044690206F66206C656E677468203820776869BA
S2140446A0636820696E636C7564657320746865203E
S2140446B05A434C206865616465722E00436C7573BA
S2140446C074657249641F446174611F0052657365A2
S2140446D0747320746865206E6F64652E0057726963
S2140446E07465732061206D6573736167652E00457C
S2140446F06E64706F696E741F436C75737465722094
S21404470049441F4174747269627574652049441F74
S2140447104D61736B1F4461746120747970651F4426
S21404472061746120627974651F0052656164732048
S21404473061206D6573736167652E00456E64706FE6
S214044740696E741F436C75737465722049441F4107
S21404475074747269627574652049441F31206966F1
S2140447602073657276657220646972656374696F16
S2140447706E2C203020696620636C69656E74206434
S2140447806972656374696F6E1F0053656E64732087
S21404479061206D6573736167652E00446573746983
S2140447A06E6174696F6E1F536F7572636520656EF4
S2140447B064706F696E741F44657374696E6174699E
S2140447C06F6E20656E64706F696E741F00536F752C
S2140447D072636520656E64706F696E741F004C6941
S2140447E0737473207768696368206F7074696F6E7A
S2140447F0616C206C6962726172696573206F6620F1
S21404480074686520737461636B2061726520696DDA
S214044810706C656D656E746564206F6E207468696F
S21404482073206465766963652E005072696E7473CE
S21404483020696E666F726D6174696F6E2061626F57
S214044840757420746865206E6574776F726B207358
S214044850746174652C20636C7573746572732C2094
S214044860616E6420656E64706F696E74732E006F7B
S21404487066667365741F005072696E747320696E81
S214044880666F726D6174696F6E20666F7220616CFC
S2140448906C20617661696C61626C6520736C6F7400
S2140448A0732E0052656164732072617720646174AC
S2140448B0612066726F6D20666C6173682073746F16
S2140448C0726167652E004164647265737320746F49
S2140448D020726561641F4E756D626572206F662076
S2140448E0627974657320746F20726561641F00506A
S2140448F072696E747320666C6173682073746F7269
S21404490061676520696E666F726D6174696F6E2E7D
S21404491000457261736573207468652073706563FF
S214044920696669656420736C6F742049442E00536D
S214044930746F7261676520736C6F74206E756D6238
S21404494065721F00426F6F74732074686520696D0A
S21404495061676520696E2074686520737065636995
S2140449606669656420736C6F742049442E00434C5A
S2140449704920696E7374616E6365206578616D7035
S2140449806C650064756D6D795F696E7374005A4367
S2140449904C20636F6D6D616E64730062617369634E
S2140449A000676C6F62616C006D66672D636F64658B
S2140449B0007573652D6E6578742D73657175656EF7
S2140449C0636500782D64656661756C742D72657315
S2140449D07000746573742D726573706F6E73652DD5
S2140449E06F6E00746573742D726573706F6E736585
S2140449F02D6F6666005A434C2062617369632063B8
S214044A006C757374657220636F6D6D616E6473008C
S214044A107274666400436F6D6D616E6420746861C1
S214044A20742072657365747320616C6C2061747491
S214044A307269627574652076616C75657320746F2F
S214044A4020666163746F72792064656661756C7440
S214044A502E005241494C006C6F7765722D6D616370
S214044A602D7261696C2D3830322E31352E342E631A
S214044A70006C69627261696C2E6100756E636C61AC
S214044A80696D6564006275666665722D6D616E613A
S214044A9067656D656E742E63006576656E742D713C
S214044AA0756575652E63007A69676265652D757030
S214044AB07065722D6D61632E63006E65696768624A
S214044AC06F722E63006173736F63696174696F6ECE
S214044AD02E630031383231730031343232310031D2
S214044AE032310032730031323231313200313232F7
S214044AF03131003238310038313100313832313119
S214044B0000313231313132313232323173003132A6
S214044B10320031323131323231003131313100320A
S214044B203238006D61632D6D756C74692D6E657415
S214044B30776F726B2E63006C65676163792D7061A5
S214044B40636B65742D6275666665722E630000007D
S214044B50000002000000000000000000BA0400008C
S214044B60000002000000000000000000BA0400007C
S214044B70000102030E312E312E322D39613263309C
S214044B803837390001000002030301000600000064
S214044B90000006000000000013B779FAC925DDB747
S214044BA0ADF3CFE0F1B614B8010200000000000037
S214044BB0FFFFFFFF010000000100000000000000EE
S214044BC000000000000000000000000000000000DC
S214044BD000000000000000000000000000000000CC
S214044BE00000000000000000033F1F00270F030022
S214044BF0230F0300010F0300CF0E03005F0F030013
S214044C00310F0300D10E03002C0000000202020341
S214044C100000000001020000000801B4C04C0400BB
S214044C200008015A7C4C040000080040384C04007C
S214044C3000000000000000000000FCFEFFFF000073
S214044C4000000000FFFF000000000000FFFF00005F
S214044C5000000000FFFF00000000000040001806EF
S214044C60F4D200002C00B0023DBE00001700F20093
S214044C700C7C00000C0041009E4200006400FCFE18
S214044C80FFFF000000000000FFFF0000000000001F
S214044C905A00F306A554FEFF2100A301A1FEFFFF60
S214044CA01100A600832700000A006100DC2600002D
S214044CB006003B00F820000003001500AD130000BA
S214044CC0C800FCFEB4008B087BC0FBFF4D00E4026A
S214044CD0E756FFFF2C00A20183EBFFFF1A00030137
S214044CE0B31A00001100A300552900000A005E0054
S214044CF05A28000006003A0021220000040018008A
S214044D0073160000B8000400FAB30300FAB30300F5
S214044D10FAB30300FAB30300FAB30300FAB30300CA
S214044D20FAB30300FAB30300FAB30300FAB30300BA
S214044D30FAB30300FAB30300FAB30300FAB30300AA
S214044D40FAB30300FAB30300FAB30300FAB303009A
S214044D50FAB30300FAB30300FAB30300FAB303008A
S214044D60FAB30300FAB30300FAB30300FAB303007A
S214044D70FAB3030008B40300FAB303001DB4030037
S214044D80FAB30300FAB3030042B40300FAB3030011
S214044D90FAB30300FAB30300FAB303006AB40300D9
S214044DA0FAB30300FAB30300FAB30300FAB303003A
S214044DB082B40300FAB30300A0B403000B0000009F
S214044DC00B0000000200000000002020000000008D
S214044DD0030000008C8C3C00000000000000000073
S214044DE00000000000000058120000000000000050
S214044DF0FFFFFFFFFFFFFFFFFFFFFFFF554E4B00C8
S214044E00474F200042544C00474F3200474F330070
S214044E10474F3400474F3500474F3600474F37005B
S214044E20474F3800474F3900474F4100474F42002D
S214044E30474F4300474F4400474F4500474F4600FF
S214044E404A4D5000424452005550520042544D00C0
S214044E504D534D0046544C00554E4B00474F2000D2
S214044E6042544C004241440046544C0046524300CF
S214044E704F54410044534C004241500055504700A3
S214044E80544D450046415500545A4600554E4B0075
S214044E9050494E00454D3400554E4B0048562000B0
S214044EA0554E4B00455850004C574D00554E4B0040
S214044EB05242540044534C00454D3400554E4B006A
S214044EC041535400554E4B0056465900494E48002F
S214044ED0554E4B004C434B0058544C004F42460032
S214044EE0554E4B00485244004D454D004255530024
S214044EF05553470044424700444D4100564354002E
S214044F00554E4B0055502000525020004150300062
S214044F104150310041502000445020004445430095
S214044F20FC4D0400004E0400584E04008C4E040051
S214044F30984E0400A04E0400AC4E0400BC4E040080
S214044F40C44E0400D04E0400E04E0400004F04009B
S214044F50554E4B004649420042544C0045585400B6
S214044F6050575200574447002053570043525300AB
S214044F704653480042414400464C540042524F00B7
S214044F800104010303060105010501090600060BD9
S214044F900000070B050B00000000000000000000E6
S214044FA00400E40C0A0001041001000000050002DD
S214044FB0000003003C52040038520400245204004B
S214044FC0205204001C520400185204000652040026
S214044FD0F6510400DC510400D4510400CA51040004
S214044FE0C8510400B0510400AD510400A55104009A
S214044FF09451040084510400725104005851040072
S2140450005051040044510400405104003C51040033
S2140450102E510400235104000A510400F1500400E8
S2140450209550040094500400845004005C5004001E
S21404503051500400505004003C500400000000008E
S2140450400000000000000000000000000000000057
S2140450500F00000000000000000000000000000038
S2140450600000000000000000000000000000000037
S2140450700000000000000000000000000000000027
S2140450800000000001000000000000000000000016
S214045090000000000F0000000000000000000000F8
S2140450A000000000000000000000000000000000F7
S2140450B000000000000000000000000000000000E7
S2140450C000000000000000000000000000000000D7
S2140450D000000000000000000000000000000000C7
S2140450E000000000000000000000000000000000B7
S2140450F000000000000000000000000000000000A7
S2140451000000000000000000000000000000000096
S2140451100000000000000000000000000000000086
S2140451200000000000000000000000000000000076
S2140451300000000000000000000000000000000066
S21404514000000000FFFFFFFFFFFFFFFFFFFF000060
S2140451500000000000000000000000000000000046
S2140451600000000000000000000000000000000036
S2140451700000000000000000000000000000000026
S2140451800000000000000000000000000000000016
S2140451900000000000000000000000000000000006
S2140451A00000000000FFFFFFFFFFFFFFFF9C000062
S2140451B0FF000000000000000000000000000000E7
S2140451C000000000800000000000FFFFFFFFFFFF5C
S2140451D0FFFFFFFF00000000FFFF000000000000CC
S2140451E000000000000000000000000000000000B6
S2140451F0000000000000FFFFFF00000000000000A9
S2140452000000000000000000000000000000000095
S2140452100000000000000000000000000000000085
S2140452200000000000000000000000000000000075
S214045230000000000000000000000000FC03010164
S2140452400101010101010101010101010100000048
S2140452500000000100200000000000010100002002
S21404526002041104040211101A080A021801081193
S21404527010111A080A04020D0B19195C0110280BE8
S2140452800114000000000000000000000000000000
S21404529000010101010101000101010101010100F8
S2140452A000010101000100010100000000000000EF
S2140452B000000000000000000001000000000000E4
S2140452C0000000000000000001FF010023E10100CF
S2140452D075E4010063E2010063E5010062E1010098
S2140452E079EB010064EE010024E1010025E10100F0
S2140452F026E1010027E1010028E1010029E101007F
S2140453002AE1010000000100800001000001010004
S21404531080010100000201008002010020E2010079
S21404532000030100000501008005010000060100DD
S2140453302C890100800601000007010001E5010038
S21404534002E5010000080100800801000040010099
S21404535086321010FFFFFFFFFFFFFFFF2EBD030086
S21404536034BD03003ABD030040BD030046BD030040
S21404537056777777777777777777777777777777D5
S2140453805A6967426565416C6C69616E636530395C
S2140453905A6967426565416C6C69616E636530394C
S2140453A04E574B205374656572696E670000959678
S2140453B09595950507090D000000000000010203FD
S2140453C004060000ACD5030047E9030061E90300C6
S2140453D078E903008BE903009BE90300AFE90300C7
S2140453E0C1E90300D1E90300EDE9030002EA030082
S2140453F00208010D0D01010112010000FFFFFFFF6D
S214045400FFFFFFFF00000000000000000109050187
S21404541000020000000000031EF1EE0B2C540400F2
S21404542043F60300B8000400FE0000005FF6030025
S2140454308C5504000000000069F603007C55040047
S2140454400000000076F603006C550400000000001F
S21404545083F603005C55040000000000A1F6030078
S214045460485504000000000099F603003455040073
S21404547000000000A0F60300205504000000000011
S214045480AEF60300105504000000000020F50300EB
S214045490FC54040000000000A7F60300EC540400CB
S2140454A000000000B3F60300D85404000000000017
S2140454B05FBB0300C85404000000000000000000A6
S2140454C0000000000000000015270300C4F60300D7
S2140454D001F70300010100FF7DEA00002AF703003C
S2140454E06FF70300010100010107FF0039EA00001D
S2140454F0BCF7030027F80300010100FF79E9000068
S21404550048F8030061F8030000010100FF000000F2
S2140455102727030086F80300DEF803000101FF00D6
S2140455200F270300F5F803004CF9030001010207F6
S214045530FF00000009270300F5F803004CF90300F8
S21404554001010207FF00000003270300F5F803002B
S2140455504CF9030001010207FF0000002DE90000DA
S2140455606DF90300ACF90300010101FFCDE800006A
S214045570CBF9030010FA0300010000FF89E80000DD
S214045580CBF9030010FA0300010000FF11E9000044
S21404559037FA03003DF8030000FF0000FD26030071
S2140455A08CFA030058250400FF000000F7260300C9
S2140455B0FFFA030058250400FF00000069E8000015
S2140455C06EFB0300E3FB030000FF000041E800005D
S2140455D0FBFB03005DFC030000FF0000E92603005C
S2140455E06EFC0300B4FC030002FF000009E80000A0
S2140455F0BDFC030031FD030001FF000000000000B5
S21404560031000400110000003D00040012000000F8
S21404561045000400130000004D00040021000000B3
S21404562055000400220000005C0004002300000073
S21404563063000400AA0000006A000400FF000000E3
S21404564000000000FFFFFFFFFFFFFFFF0000000059
S21404565000000000000001080109020A030B040C04
S214045660050D060E070F081001180119021A031B70
S214045670041C051D061E071F082001210222032301
S214045680042405250626072708280129022A032BB1
S214045690042C052D062E072F08300131023203385C
S2140456A00239043A08E004E104E204E802E902EA02
S2140456B004F008F1100000000000000004050000DB
S2140456C02057040002000F004857040002000F0091
S2140456D07057040002000F009857040002000F00E1
S2140456E0C057040002000F00E857040002000F0031
S2140456F01058040002000F003858040002000F007F
S2140457006058040002000F008858040002000F00CE
S214045710B058040002000F00D858040002000F001E
S21404572000000000005904000300000040000000D0
S21404573000000000190000002459040004000F00B3
S2140457408000000000000000000000000059040073
S21404575003000000400000000000000019000000E4
S2140457602459040004000F0080000000000000001C
S2140457700000000000590400030000004000000080
S21404578000000000190000002459040004000F0063
S2140457908000000000000000000000000059040023
S2140457A00300000040000000000000001900000094
S2140457B02459040004000F008000000000000000CC
S2140457C00000000000590400030000004000000030
S2140457D000000000190000002459040004000F0013
S2140457E080000000000000000000000000590400D3
S2140457F00300000040000000000000001900000044
S2140458002459040004000F0080000000000000007B
S21404581000000000005904000300000040000000DF
S21404582000000000190000002459040004000F00C2
S2140458308000000000000000000000000059040082
S21404584003000000400000000000000019000000F3
S2140458502459040004000F0080000000000000002B
S214045860000000000059040003000000400000008F
S21404587000000000190000002459040004000F0072
S2140458808000000000000000000000000059040032
S21404589003000000400000000000000019000000A3
S2140458A02459040004000F008000000000000000DB
S2140458B0000000000059040003000000400000003F
S2140458C000000000190000002459040004000F0022
S2140458D080000000000000000000000000590400E2
S2140458E00300000040000000000000001900000053
S2140458F02459040004000F0080000000000000008B
S21404590000002001200000000800000004004221DE
S214045910300000009859040000FF420030000000E8
S214045920000000000000F00840000000B959040020
S2140459300100230440000000C159040006003001A1
S2140459404000000000000000FDFF210240000000AF
S21404595001000000190000041900010119000204E6
S21404596019000301190005041900060119000704AB
S21404597004004100E50A0100060041001D2F030053
S21404598019008100D5270100190084006132010046
S214045990008000000000000006435553544F4D009D
S2140459A000000000000000000000000000000000EE
S2140459B0000000000000000000FFFFFFFFFFFFFFE5
S2140459C0FFFFFFFFFF0004010401040104010401BA
S2140459D00401040104010401040104010401FFFF9D
S2140459E0FFFFFFFFFFFFFFFFFFFFFFFFFFFFFFFFBE
S2140459F0FFFFFFFFFFFF0001020304050607080977
S214045A000A0B1F1C1F1E1F1E1F1F1E1F1E1F070202
S214045A101F012F0037013F005701DF02E700FF0296
S214045A20000000000000000000000000000000006D
S214045A30000000000000000000000000000000005D
S214045A4000000000D006040019000000D60604007A
S214045A50FFFF000000000000A1070400AC070400DC
S214045A60B8000400B4070400C2070400B800040029
S214045A70D5070400E0070400EE070400F20704005C
S214045A8002080400B4D60300120804001608040032
S214045A90210804002B080400350804003908040013
S214045AA0470804005B080400710804000080000036
S214045AB0000000000000000000000000FFFFFFFFE1
S214045AC0FF0000000000000039B6010000000000DE
S214045AD0000000000000F03F00000000000024402A
S214045AE000000000000059400000000000408F4005
S214045AF0000000000088C34000000000006AF84070
S214045B000000000080842E4100000000D012634193
S214045B100000000084D797410000000065CDCD4109
S214045B202DDA03008C7104000000000097110400B5
S214045B307C710400000000009C1104006C710400D9
S214045B40000000009D1104005C71040000000000C9
S214045B50AEF603004871040000000000A1F603003E
S214045B603471040000000000A21104002471040033
S214045B7000000000A81104001471040000000000D6
S214045B80AC1104000471040000000000BB11040002
S214045B90F470040000000000D8110400E47004004F
S214045BA000000000E1110400D470040000000000AE
S214045BB0F6110400C470040000000000EFE70300C0
S214045BC0B4700400000000000612040074700400A0
S214045BD0000000000C160400D0670400000000005B
S214045BE0B905040090670400000000000D120400CC
S214045BF0D06604000000000016120400D4650400F9
S214045C0000000000231204007C6104000000000071
S214045C103F08040054600400000000002A12040038
S214045C2054600400010000002E12040014600400F6
S214045C300000000033120400D85E040000000000D8
S214045C40ECB40300D85E0400010000002312040034
S214045C507C610400000000003A1204007C61040029
S214045C60010000003F120400A45E040000000000CF
S214045C7049120400A45E040001000000511204004E
S214045C80D45C04000000000064BC0300A05C0400B4
S214045C9000000000000000000000000000000000FB
S214045CA0B05C040055120400B8000400FE000000B6
S214045CB06D1204007868040000000000E116040079
S214045CC068680400000000000000000000000000F7
S214045CD000000000E45C040072120400B800040033
S214045CE0FE00000088120400F869040000000000AA
S214045CF08E120400E86904000000000094120400F8
S214045D00D8690400000000009D120400C86904005D
S214045D10000000009EB90300B869040000000000FB
S214045D20A8B703008069040000000000B6C00300A2
S214045D306C69040000000000A71204005C690400FB
S214045D4000000000A3BC03004C690400000000002F
S214045D50AC1204003C69040000000000B312040006
S214045D602C690400000000004FCB03001C690400EB
S214045D7000000000B8120400705E0400000000007A
S214045D80BF120400185E040000000000C7120400DE
S214045D90E45D040000000000D3120400B05D0400BB
S214045DA000000000000000000000000000000000EA
S214045DB0C05D0400DE120400B8000400FE0000000B
S214045DC028D10300986804000000000086F203004F
S214045DD088680400000000000000000000000000C6
S214045DE000000000F45D0400FF120400B800040084
S214045DF0FE00000028D10300B8680400000000007C
S214045E0086F20300A86804000000000000000000FA
S214045E100000000000000000285E040021130400B7
S214045E20B8000400FE0000003F13040008690400E4
S214045E300000000030180400F868040000000000A9
S214045E404E130400E8680400000000005313040026
S214045E50D8680400000000005A130400C868040050
S214045E600000000000000000000000000000000029
S214045E70805E04005F130400B8000400FE00000007
S214045E80EAD00300A4690400000000007C130400A8
S214045E9090690400000000000000000000000000FC
S214045EA000000000B45E040084130400B80004007C
S214045EB0FE000000A0130400386A0400000000007E
S214045EC03F080400286A04000000000000000000E8
S214045ED00000000000000000E85E0400A5130400B3
S214045EE0B8000400FE000000BE130400E86A0400C4
S214045EF000000000ABCD0300D86A040000000000D8
S214045F00C7130400C86A040000000000A0130400BD
S214045F10186A040000000000CC130400086A040099
S214045F2000000000D9130400D45F04000000000041
S214045F30E7130400A05F040000000000F51304004B
S214045F40605F0400000000000D120400D066040028
S214045F500000000000000000000000000000000038
S214045F60705F0400FE130400B8000400FE00000086
S214045F70E0490400B86A040000000000F149040087
S214045F80A86A040000000000DCE10300986A04002C
S214045F9000000000000000000000000000000000F8
S214045FA0B05F04001C140400B8000400FE000000E7
S214045FB046140400086B040000000000C702040036
S214045FC0F86A040000000000000000000000000062
S214045FD000000000E45F04004D140400B800040050
S214045FE0FE00000064BC03003C6B040000000000DC
S214045FF086F203002C6B0400000000003018040036
S214046000186B040000000000000000000000000000
S21404601000000000246004006D140400B8000400AE
S214046020FE00000064BC03006C6B0400000000006B
S2140460308D1404005C6B04000000000086F203006C
S2140460404C6B04000000000000000000000000008C
S214046050000000006460040094140400B800040007
S214046060FE000000AE140400A06C04000000000053
S21404607076D20300906C040000000000E1140400D3
S214046080806C0400000000009EB90300706C0400DD
S21404609000000000AFB90300606C040000000000BC
S2140460A0B3140400506C040000000000CB14040079
S2140460B0406C040000000000D4140400306C04009B
S2140460C000000000DB140400206C04000000000044
S2140460D0E7140400F06B040000000000301804000D
S2140460E0E06B040000000000F6140400D06B04000B
S2140460F0000000009BE20300C06B040000000000E8
S214046100FB140400B06B0400000000001215040029
S214046110A06B040000000000261504008C6B04002D
S21404612000000000361504007C6B0400000000002C
S214046130451504004861040000000000000000004B
S2140461400000000000000000586104004A15040026
S214046150B8000400FE00000061150400106C040082
S214046160000000006A150400006C04000000000033
S2140461700000000000000000000000008C61040025
S214046180B8000400B8000400FE0000007115040006
S21404619010680400000000007E1504005466040025
S2140461A00000000087150400946504000000000049
S2140461B09A1504006065040000000000A815040099
S2140461C02C65040000000000B6150400F864040002
S2140461D000000000C4150400606404000000000011
S2140461E0D51504003864040000000000E21504001D
S2140461F09863040000000000ED15040040630400EA
S21404620000000000001604001863040000000000EC
S21404621092F50300B46204000000000013160400A4
S21404622074620400000000001E16040040620400AD
S2140462300000000000000000000000000000000055
S2140462405062040031160400B8000400FE0000008A
S21404625055160400C06C0400000000005B16040021
S214046260B06C040000000000000000000000000005
S21404627000000000846204005F160400B8000400F6
S214046280FE00000098D20300F06C0400000000003A
S21404629091160400E06C0400000000009D16040043
S2140462A0D06C0400000000000000000000000000A5
S2140462B000000000C4620400B3160400B800040022
S2140462C0FE00000064BC0300546D040000000000DF
S2140462D086F20300446D0400000000008CF2030004
S2140462E0346D04000000000028D10300206D040073
S2140462F000000000CF160400106D0400000000002B
S214046300E6160400006D0400000000000000000013
S214046310000000000000000028630400F2160400D9
S214046320B8000400FE00000017170400646D0400A3
S2140463300000000000000000000000000000000054
S214046340506304001C170400B8000400FE0000009C
S21404635040170400B46D0400000000008D1404000F
S214046360A46D0400000000004C170400946D0400A3
S2140463700000000053170400846D040000000000B1
S21404638060170400746D04000000000000000000A4
S2140463900000000000000000A86304006B1704005F
S2140463A0B8000400FE000000D9150400646E040062
S2140463B00000000088170400546E0400000000006B
S2140463C02DDA0300446E0400000000005BE90300BD
S2140463D0346E04000000000040150400246E04001F
S2140463E00000000098D20300146E040000000000B1
S2140463F08F170400046E0400000000009A170400BF
S214046400F46D040000000000A7170400E46D040007
S21404641000000000B7170400D46D0400000000005C
S214046420CA170400C46D0400000000000000000049
S214046430000000000000000048640400DC170400AC
S214046440B8000400FE0000002DDA0300746E040099
S2140464500000000000000000000000000000000033
S21404646070640400FA170400B8000400FE0000007C
S21404647098D20300E46E0400000000005BE9030009
S214046480D46E04000000000040150400C46E04002E
S214046490000000001D180400B46E04000000000094
S2140464A049130400B8640400000000000000000063
S2140464B00000000000000000C86404003418040053
S2140464C0B8000400FE00000030180400A46E0400A7
S2140464D00000000028D10300946E040000000000B1
S2140464E04A180400846E0400000000000000000047
S2140464F000000000000000000865040053180400B3
S214046500B8000400FE00000064BC0300046F04002E
S2140465100000000086F20300F46E04000000000091
S2140465200000000000000000000000003C650400BD
S21404653073180400B8000400FE000000931804005A
S214046540246F040000000000A6180400146F040062
S2140465500000000000000000000000000000000032
S21404656070650400BC180400B8000400FE000000B7
S214046570DC180400446F040000000000ABCD0300E8
S214046580346F04000000000000000000000000005B
S21404659000000000A4650400E6180400B800040027
S2140465A0FE00000098D20300746F04000000000090
S2140465B00B190400646F0400000000002319040093
S2140465C0546F0400000000000000000000000000FB
S2140465D000000000E4650400B8000400B8000400ED
S2140465E0FE00000034190400FC65040000000000EE
S2140465F00000000000000000000000000C6604001C
S214046600B8000400B8000400FE00000040190400AE
S214046610C46F04000000000030080400B46F0400D7
S2140466200000000046190400A46F040000000000E7
S2140466304A190400946F0400000000004E19040078
S214046640846F04000000000000000000000000004A
S21404665000000000646604005E190400B80004002C
S214046660FE00000064BC0300447004000000000048
S2140466707919040034700400000000008C1904002A
S214046680247004000000000086F203001470040066
S21404669000000000991904000470040000000000C3
S2140466A0AA190400F46F040000000000B8190400DE
S2140466B0E46F040000000000C9190400D46F04004D
S2140466C000000000000000000000000000000000C1
S2140466D0E0660400D6190400B8000400FE000000BA
S2140466E0F0190400686A040000000000231A04007D
S2140466F0586A0400000000005E1A0400486A040099
S21404670000000000751A04005C6704000000000026
S2140467107F1A040028670400000000000000000040
S214046720000000000000000038670400831A04001C
S214046730B8000400FE000000E0490400886A040073
S21404674000000000F1490400786A0400000000001C
S2140467500000000000000000000000006C67040059
S214046760A21A0400B8000400FE000000C3CD030013
S2140467706470040000000000301804005470040024
S2140467800000000000000000000000000000000000
S214046790A0670400B51A0400B8000400FE00000058
S2140467A064BC0300A4700400000000004614040047
S2140467B09470040000000000C70204008470040003
S2140467C000000000000000000000000000000000C0
S2140467D0E0670400D01A0400B8000400FE000000BD
S2140467E060170400BC7104000000000098D2030087
S2140467F0AC710400000000002DDA03009C71040054
S214046800000000000000000000000000000000007F
S21404681020680400F01A0400B8000400FE0000001B
S2140468200E1B04000C72040000000000181B040079
S214046830FC71040000000000231B0400EC7104003B
S21404684000000000AEF60300DC7104000000000047
S214046850321B0400CC71040000000000000000009D
S2140468600000000000000000DB2603003D1B0400BF
S214046870B8000400FF000000D72603004A1B0400EB
S214046880B8000400FF0000007DEF00005C1B04005D
S214046890B8000400FF00000019EF0000891B040084
S2140468A05123040001FF00007DEF0000C91B040013
S2140468B0B8000400FF00000019EF0000F71B0400F6
S2140468C05123040001FF0000B1EF0000381C04004F
S2140468D0591C040000FF0000B1EF0000621C040015
S2140468E0BF1C04000000FF002DF00000CD1C0400B7
S2140468F0E61C0400010001FF99F000000B1D0400D3
S2140469004D1D04000102FF002DF00000631D04006D
S214046910921D040001000102FF000000A9ED000022
S214046920C31D0400FF1D040007FF0000C9ED00009E
S214046930051E0400381E040001FF0000DDED000003
S214046940401E0400901E04000100FF0039EE000003
S214046950A51E0400F61E04000101FF000DEE000053
S214046960061F0400401F040001FF00008DEE000017
S214046970481F0400911F0400010000010707FF00E0
S214046980C9F00000E31F0400381E040001FF0000E5
S214046990C9F100002B2004006F2004000107000149
S2140469A00700FF0039270300C42004000A2104005E
S2140469B00107000101FF000051F100004621040018
S2140469C081210400010000FF21F100009F21040042
S2140469D0E32104000100FF00F1F00000F6210400AA
S2140469E0E32104000100FF0099F1000035220400B1
S2140469F0401F040001FF000009F20000702204009A
S214046A00A12204000100FF0039DB0000B8000400E6
S214046A10AF220400000707FFDDDA0000B800040018
S214046A20C8220400000707FFE9DF0000B8000400DE
S214046A30D422040007FF0000E9DF0000B8000400C9
S214046A40D422040007FF00008B260300B8000400CD
S214046A50D92204000000FF00C5DF0000B8000400CF
S214046A60C2F9030001FF00008DDF0000B800040037
S214046A701123040000FF0000BDDA0000B800040083
S214046A80B8000400FF000000BDDA0000B8000400EF
S214046A90B8000400FF00000061260300B8000400EC
S214046AA0B8000400FF00000061260300B8000400DC
S214046AB0B8000400FF00000061260300B8000400CC
S214046AC0B8000400FF0000008DDA0000B8000400DF
S214046AD0472304000101FF0079DA0000B80004002F
S214046AE05C23040001FF00005D260300B8000400D8
S214046AF0B8000400FF00000041DA0000241404007B
S214046B00B8000400FF00000041DA00006623040019
S214046B10B8000400FF000000C1DB00008723040067
S214046B209E2304000001000007FF0000592603000E
S214046B30C4230400B8000400FF0000003DD9000090
S214046B40DE230400B8000400FF000000D326030080
S214046B500C240400B8000400FF000000C52603004F
S214046B6026240400A822040000FF0000BDE2000062
S214046B704B240400B8000400FF00000011D80000F5
S214046B8065240400B8000400FF000000A5D7000038
S214046B90882404000525040000000310FF000000FC
S214046BA081D800005A250400C825040001FF00000F
S214046BB055D80000DD2504002026040000FF000050
S214046BC069D7000031260400B8000400FF00000066
S214046BD05726030060260400B8000400FF000000E7
S214046BE045D70000AC260400A822040000FF0000DD
S214046BF011D70000ED2704004228040000FF00001F
S214046C00F5D600005C280400B8000400FF0000006D
S214046C10D9D600006C280400B8000400FF00000069
S214046C204726030080280400FE28040000FF000016
S214046C30A9D6000089290400B8000400FF0000005B
S214046C4065D60000A6290400D129040007FF000029
S214046C5025D60000DB290400342A0400000500FFC2
S214046C60DDD50000E72A0400FA2A04000002FF002B
S214046C70B9D50000292B0400B8000400FF0000006A
S214046C80472603003B2B0400752B040000FF00007E
S214046C904DD50000FB2B0400412C0400000301FF2B
S214046CA03DD50000E12C0400272D0400000301FF5D
S214046CB0D9500100C72D0400B8000400FF000000EE
S214046CC0DF320300EF2D04006A2E040002FF0000EA
S214046CD0E9F50000BF2E04005825040000FF00005C
S214046CE0B5F50000E72E04005825040000FF000058
S214046CF065F50000002F0400B8000400FF00000043
S214046D00E5420100192F0400B8000400FF0000004B
S214046D10BD420100662F0400B8000400FF00000016
S214046D2049420100912F0400B72F0400000101001E
S214046D30010102FF21420100363104005E310400E5
S214046D4000FF00000142010085310400B800040081
S214046D50FF00000049410100AF310400B800040000
S214046D60FF000000B1310300C8310400B80004007D
S214046D70FF00000019360100EE3104001F32040043
S214046D800002FF00133003007C320400B800040045
S214046D90FF0000000F300300A9320400B80004000E
S214046DA0FF000000CD350100C4320400EE320400BA
S214046DB000FF00008D3301001E330400B8000400F9
S214046DC0FF000000091F010031330400B80004006E
S214046DD0FF000000F11E010049330400B80004005F
S214046DE0FF0000008B2F030062330400B800040089
S214046DF0FF000000772F03008F33040009340400DB
S214046E0000FF00009932010048340400B800040072
S214046E10FF00000089310100C0340400B8000400FB
S214046E20FF000000AD1D010004350400B800040096
S214046E30FF000000911D010021350400B800040085
S214046E40FF000000091E0100CC350400B800040051
S214046E50FF000000FD1D01005A3604009F360400A2
S214046E6000FF0000C91D0100D636040027370400C1
S214046E7000FF0000F51B01005A370400B8000400A8
S214046E80FF0000008D10010086370400EF37040071
S214046E900000FF008D10010044380400A6380400EA
S214046EA00000FF002D110100EB3804001E39040019
S214046EB00002FF00E52E030073390400C139040004
S214046EC007FF000061120100DD390400B800040069
S214046ED0FF00000075100100013A0400263A040081
S214046EE000FF0000811101007F3A0400B80004008E
S214046EF0FF000000450A0100BC3A0400B800040084
S214046F00FF0000000D0A0100E63A0400B800040081
S214046F10FF000000BD2D0300213B0400903B04004D
S214046F2000FF000069030100E13B0400603C04002C
S214046F3000FF0000AF2D0300A63C0400F83C04004C
S214046F4000FF00008F2D03003F3D04008C3D04002D
S214046F5000FF000031FC0000D63D04000C3E040097
S214046F6003FF000069FC0000473E04008D3E040059
S214046F7003FF000019FB0000E33E0400B800040011
S214046F80FF0000001B2D0300133F0400513F0400C4
S214046F9000FF0000152D0300613F0400513F04006C
S214046FA000FF00000F2D0300883F0400513F04003B
S214046FB000FF0000092D0300AF3F0400513F04000A
S214046FC000FF0000032D0300D73F0400513F0400D8
S214046FD000FF0000DF2C030000400400B80004009B
S214046FE0FF000000E52C030022400400B800040063
S214046FF0FF00000069F800004A40040083400400D3
S2140470000001FF0095F80000A4400400B800040046
S214047010FF000000E12C0300CF400400B800040089
S214047020FF00000051F80000EA400400B800040025
S214047030FF0000000DF80000054104003241040082
S21404704000FF0000F5F700004D410400B8000400FE
S214047050FF0000003DE0000078410400B800040092
S214047060FF0000003DE000009F410400B80004005B
S214047070FF0000002DD50000B0410400B800040055
S214047080FF000000F9D40000C5410400EC410400F0
S21404709000FF0000F9D40000FC410400EC410400A9
S2140470A000FF000091D4000023420400B80004004E
S2140470B0FF0000003F2603003E420400B800040020
S2140470C0FF000000EDD0000061420400CB42040043
S2140470D000FF0000CDD00000EE420400B80004001B
S2140470E0FF000000B5EC000054440400E144040032
S2140470F0010000FF99EB0000FE4404005245040022
S21404710000FF0000CDEB000067450400B94504000D
S2140471100100FF0039EB0000CF450400BC46040024
S2140471200107FF0043260300CC460400B800040011
S214047130FF00000099E40000DD460400EF4604006A
S214047140000101000007FF0091E300002A47040045
S2140471503B47040000010100FF000000CDEB0000E7
S2140471608A4704009B470400010000FF09E300006F
S2140471708A470400CD47040000FF0000798301001D
S214047180DE470400B8000400FF00000021D1000020
S2140471902A480400B8000400FF0000003B53030024
S2140471A0B8000400B8000400FF000000419101008C
S2140471B0B8000400B8000400FF00000005910100B8
S2140471C0B80004006F48040002FF0000B1980100F4
S2140471D077480400B8000400FF0000003D98010052
S2140471E0A3480400C64804000200FF00BD53030081
S2140471F0EF480400B8000400FF00000019980100DE
S214047200114904002F49040002FF0000F197010011
S214047210444904002F49040002FF00000100000056
S214047220004D00200000000000000000FFFF0000EA
S214047230BF2C03000000000003000000FFFF010055
S2140472409D2D03000000000004000000FFFF010065
S2140472502B2E03000000000004000000FFFF0000C7
S214047260AF2E03000000000006000000FFFF000031
S214047270212F03000000000019000000FFFF01009A
S214047280B72F03004A1904001C6800200000000001
S2140472900000000000000000000000009B490400FD
S2140472A00873040000000000A14904001C540400F4
S2140472B000000000A8490400EC550400000000008B
S2140472C0E1160400DC55040000000000B149040087
S2140472D0CC55040000000000C3490400BC5504005B
S2140472E000000000D2490400AC5504000000000071
S2140472F0E34904009C550400000000000000000060
S214047300000000000000000018730400F5490400A3
S214047310B8000400FE000000104A040030730400A5
S2140473200000000000000000000000000000000054
S214047330CF570300154A0400B8000400FF030100F9
S21404734001013F040201003F040202003D04020260
S214047350003D0401020001020003010002023D0494
S21404736002010002020201000202000000202020A6
S21404737020202020202028282828282020202020DC
S21404738020202020202020202020202020881010AC
S2140473901010101010101010101010101004040408
S2140473A004040404040404101010101010104141C6
S2140473B041414141010101010101010101010101B4
S2140473C001010101010101011010101010104242C8
S2140473D04242424202020202020202020202020284
S2140473E00202020202020202101010102000000024
S2140473F00000000000000000000000000000000084
S2140474000000000000000000000000000000000073
S2140474100000000000000000000000000000000063
S2140474200000000000000000000000000000000053
S2140474300000000000000000000000000000000043
S2140474400000000000000000000000000000000033
S2140474500000000000000000000000000000000023
S2140474600000000000000000000000000000000013
S21404747000000000A001000080130020000210009D
S2140474809C51002020150020000002080000000087
S214047490FFFFFFFFFFFFFFFFFFFFFFFF00000000EF
S2140474A000000000000000000000000000000000D3
S2140474B0000000002000000089C401001000000045
S2140474C069C501000000000100000101000101017E
S2140474D020C001B80000000000000000FFFFFFFF0E
S2140474E0FFFFFFFFFFFFFFFFFFFFFFFFFFFFFFFFA3
S2140474F0FFFFFFFFFFFFFFFFFFFFFFFF000102028A
S2140475000303040506080C0C0C0001020304070719
S214047510C8C8C8C8C8C8C8C8C8C8C8C803040408EF
S2140475200808080800B801B802B800B010910400B2
S214047530F890040003040408080500000000000096
S214047540000000000000000000000000EA06000042
S21404755048704C0F44700E0E30707E1302989A17C3
S2140475603870340F34705A0F307048102C7048102E
S2140475702870D0112470E81120703E0F1C709012F1
S21404758018700C1314703A0FB110086001D80A7101
S21404759004B87F78020C7E78641000C6881F00A0AA
S2140475A01DB8707803B018600F3027B30F3301117D
S2140475B0C04806987C0229B0086001D8087109DD25
S2140475C0047109BB11101660A0480860041001126B
S2140475D0FF3221500860D0480860008806983814A6
S2140475E000C4441F00A000BA03DF107109DF06724E
S2140475F0029836031DB8507800A044132814411589
S2140476008110086002D8147110880698201900C0EA
S21404761014C000B80698861B009106989202016072
S214047620B83020D806711EBC637C784D5412F032F4
S21404763040DE0472404804DB08720DDD0C72044B15
S214047640EF3014480698F20400C4E0400054441294
S214047650086201322140087C811140D91C72B112A3
S2140476603032CF4A013AB1DA107208D8067104D81B
S2140476700871804C237C5670684C441200C4A41EC7
S21404768000A04414413AF3240164415C412A047581
S21404769080B800C46040005481D8367140D9047262
S2140476A0237C084B0698F20404BA1CB9767900C108
S2140476B0204001B835797F216121007906B906A9F1
S2140476C001D8067102981002804C307C029864023D
S2140476D008D86A7100C1544000B8141110D95E71FC
S2140476E0584C441280BDA26DFF25784C4412FC22EF
S2140476F0513A2814104C00C20CC101B824122814A4
S214047700086228140862281408622814304C304C86
S21404771000C11C4000B814111814086100C52840A4
S21404772001B85415FF35047110491814B04C4412AE
S21404773008620132067102980401804C08D80C7164
S21404774007BA24D8047106BA187004D80C7101BAA2
S21404775040D80E7102BA0A7005BA20D8047203BA69
S214047760204C4411C04C1814086118149111383177
S21404777011429111186110D90472EF3200C1084009
S21404778001B8141110311E6111422814A1110861A8
S214047790181406986C1B181400C1084001B814117C
S2140477A01861FF31181400C1448001B8141118146C
S2140477B0086118143088024806989403009308DB7E
S2140477C0047101F800A027B00F3000A01088B11192
S2140477D0186180D90A7100C1884000B80811009168
S2140477E000A000C4684000B8441000A000C0884050
S2140477F0005004118261041082601050F07200A0E0
S214047800541550451271069802050698920407B856
S214047810707802B841781EBA5B7A5C7A5D7A00C2E8
S21404782020C001B8241206982A1900C5481F00A0D3
S2140478305415511400C3FF010000313D09647F3420
S21404784006989C02015851280475015841280E7563
S2140478508111086102D90472FF0FCC7007B87278E0
S21404786000F8EBBD00C0441F00A00411113D10D960
S2140478701271FF33186300C1781002B8381107B9C3
S2140478807479581000A0069892020D3004720448C9
S21404789009DC0472084800C11CC101B8141100C3F5
S2140478A0D01E00A0911504351A7218131CBB08D8F4
S2140478B004716C7B04D804716A7B1DBB2F7C5B7BD4
S2140478C01670044B18131CBB08D804716F7B04D8BD
S2140478D004716D7B217C0C30026006987E04069849
S2140478E0C40B00B8B111186140D906720298580446
S2140478F001BC00C2084001B800DC0A712415026508
S214047900604A0A702C4A241508654C4A043508D97E
S2140479100471202400C13C1F00A0141200DC327144
S21404792020D8067101B80C70F0DA0C720CDB087102
S21404793002B806988604482400C3384101B83413B4
S2140479408F7B0E7102B9911308DB047203B9287099
S2140479507C4914111110FD300DDC1C7200C0A01EF1
S21404796000A0041080D8107100C0448001B8041030
S214047970E5200475804900C3884000B8FFB801209C
S21404798011410871014118130824014200C128401E
S21404799000B8141101411C655141911520351E652E
S2140479A0514118132813481300C3844000B83410F8
S2140479B003D81671073005DC1071B1108F780A727F
S2140479C000C384C40350217B1DB8507800B800C19E
S2140479D03C1F00A014121C602150F03001522811E4
S2140479E000A04024076400C0FFFF0100013C17B05C
S2140479F0022001584028067518AC01EC00A0208827
S214047A0000C020C001B8041217B421130412305267
S214047A10F8711964402400C35C1F00A034101411CC
S214047A200698F60D1961009211592129067600BBB5
S214047A3011590698D60D8762313B0472215A412AA1
S214047A4000A000C2686000B8B8B91F610D491812DA
S214047A5000A0308801B9116100C30000C0FF3110D6
S214047A60312800BC002D0C75115418AC01EC312DD6
S214047A70F470196451134155312C009300A000C3CF
S214047A80C00FFEFF50B2313A014250AA00A0069839
S214047A903E07FFB0867808715CB86B786E7800C2D3
S214047AA0548001B800C0D81F00A004100812B822E1
S214047AB0217A237A52B8417801B80C6021A809B813
S214047AC019604CA800C0FFD1C1FF4FB2013A00C0F4
S214047AD0002E300001424FAA24B86E78ACB9FFB02D
S214047AE004D804714CB923A90698A80500C01390BD
S214047AF0010006982E0500A00698020519B8146021
S214047B00FFB28C620F32826A214006982E0549BC69
S214047B1021B952B849B207DE2A7105DE0871627CC3
S214047B20607C1D0C6179677864786B786278657818
S214047B3063786078617C010C010C6878020C6978C3
S214047B406C78020C00C22C8001B8277A287A267A30
S214047B506A78050C41790A0CB11040D8067102986F
S214047B60BA06784A2B7A327A584A247A00C4000134
S214047B701100404A00C0108400000812508800C556
S214047B8084100100FBAD10BD01BB8A6B21B9FAA9B4
S214047B90C44A1812217A227A00C0341F00A00410A6
S214047BA0FCA88264411030300129F9A9F8ADFBB075
S214047BB08260FBA80330A0652110044820EC237AD9
S214047BC00410037A184A2411DC4A015800292410A8
S214047BD004753150F8B1115081632A715140314017
S214047BE00812FCB18461FCA90F310E7117B011287C
S214047BF017B111591028FA76C44AF9B11812217A25
S214047C00227AA07000950812F8A800C20C8001B869
S214047C10207A844A00B80812020CA44A087A020C95
S214047C2021B84178784A0B7A127A00C2C81F00A09D
S214047C30FFB008D80472184A241000DC0A7140A861
S214047C400422241041A806989C0200C2481F00A0E3
S214047C502410015100C4FF010000413911500812DC
S214047C6000A006983E0700BC00C20C8001B8217A2A
S214047C7052B84978020C4878020C49B8417852AC9C
S214047C8021AC204A087A067A077A49AC00A059B88B
S214047C9040785AB101D9FC72427857B8407858B146
S214047CA001D9FC72427800A000C20C8001B8217A87
S214047CB0227A21B8547852B8BC4A241199791271A0
S214047CC007B915614CA9617800BB03BC0C64147039
S214047CD009B919614CA9417801BB126300C4002E8E
S214047CE0300000C0FFD1C1FF4FB1013941414FA957
S214047CF0E44AC8B8081224AB4CB823A80698A805CA
S214047D0000C004900100FFB1867904710848069803
S214047D102E0500C08009004040A809B8FFB108D964
S214047D20047103B853A8B11004D80C7156BB607B19
S214047D3057BA627A607A02D80C7156BB607B59BA1D
S214047D40627A607A04B86E783DB8607800C05638B7
S214047D50000000C1B08001B814119979087200C0FF
S214047D60D604000000C124C000B814119F79047220
S214047D7008484CA82EB8FFB108D906714AA8047062
S214047D804BA80FB834A800C00C5E000046B20142EF
S214047D9046AA00C12C4001B81411086106310871C6
S214047DA000B90698501106983E14B11101D90E7107
S214047DB00698921B02D906720698A00C06983814E8
S214047DC051140698920406982A110698641700A07F
S214047DD006984E1701D80A711CB85B7807B87578F0
S214047DE000B84CA84AA84BA800C0F321FFFF46B130
S214047DF0013946A904B86F7800A0FABC1964415C3E
S214047E00512C00C0581F00A00410012C06750698BB
S214047E1092040698780FB110186005D8327140BAEB
S214047E2006980E1404B86578911004D816711CB818
S214047E306E7800C0684000B8217806987811014032
S214047E400A721DB8427806984A1402985E0B1DB84A
S214047E50717804B86C7841B8427863784478FFB196
S214047E6004D906720298CA0900C004900100FFB142
S214047E7086790471084806982E0500C32C1F00A0B6
S214047E8000C274C000B82414481300BC48121C4B2B
S214047E901C4A2414481300BC4812084B584A24149D
S214047EA0481301BC48124ABA447A427A4BBA447A16
S214047EB0427AFFB086780472617A4CBA647A657A3C
S214047EC03DBA607A4DB942B83FBB5B796679617951
S214047ED0020C6479050C63796079050C627965791E
S214047EE05A7900C2340102B8241305B81960314027
S214047EF0081242B86A78020C4A78020C40BCFFB2F8
S214047F0008DA06714ABA06704BBA627A657A677AF4
S214047F10667A6A79667B0298A40A00C32C1F00A0BE
S214047F2000C274C000B8241448131C4B1C4A241402
S214047F3048133FBC48121C4A00BC4812084B444A2B
S214047F402414481301BC48124ABA647A627A4BBABB
S214047F50647A627AFFB3867B0472617A4CBA647A76
S214047F60657A3DBA607A01D94E71647800C1708032
S214047F7001B800C08000080008110698860B42B8B5
S214047F8061784DB97F797E796A7868786278020C70
S214047F907B790F0C7A79140C74794178607875794A
S214047FA0050CFFB208DA06714AB804704BB8657857
S214047FB001BC1664407002D93C710698860B42B820
S214047FC04DB96878407841787F797E797B790F0C53
S214047FD07A79140CFFB208DA087171794ABA067015
S214047FE070794BBA7279657A6A78020C4A78050C0D
S214047FF001BC1664020C417940790C0C00C04C019B
S21404800002B848100698F20400C4784000B8007C11
S21404801000C0A01E00A0041180D93271911104D9A9
S2140480202C727F2021200411FD310DDD207200C04A
S214048030448001B80411E521147600C0244001B838
S21404804004118A790871207C104C207C2AB8627846
S214048050511400C0581F00A00410012C17B00111C1
S2140480608768015841280E7605218769415C412DB1
S214048070112D06700698920442B84DBB7C7B64783A
S214048080020C29B868785114404406750698920480
S21404809042B844782AB84278FFB101D90C7100C1BD
S2140480A0548001B8CBB80811911004D8147100C0DC
S2140480B0A01E00A0041080D8067107B8537800F8F4
S2140480C007B800C1CC1E00A000C220C001B824120C
S2140480D02811777800F8B1109478387106989C02C5
S2140480E0E4B911591128067600B80C70A0B91159D4
S2140480F001290475A0B8826000C3C01F00A0341311
S214048100012B341000C3FFFF00FF42B13139114088
S21404811042A800A01DB09178FA7142B86478020CA7
S21404812000BA29AA00C4548001B842B84DB900C3A5
S214048130C04001B83413977B047240EC020C4478B8
S2140481405C7953AA0A0C281442B84DB9FFB301DB74
S2140481502671244C00C3FF0FFF013814547940786D
S21404816041785579020C5B795A79140C5F795E79FB
S2140481704A784278347002DB147152795179507916
S214048180020C5B795A795F795E791E7004DB1A718A
S21404819000C4FF07000000C3342102B848133FBBE5
S2140481A0467B020C5B795A793DBB407B4CBB447BD7
S2140481B0457B00C3301F00A03414403C207100C02F
S2140481C068C000B8481028131C4B1C4834144810C8
S2140481D02813144B44483414481028134AAA4BAAAC
S2140481E004B86D781DB851785CB84B784E7800A00A
S2140481F000C074C000B80411108800B9181068488C
S2140482000411108801B90B6118102C480411108849
S214048210008800C1231C000018104AB864784BB8C4
S2140482206478260C28B000C1FFFF0FF0113871B92E
S2140482300B61114028A828B97379747900C210100C
S214048240303045AA54790E0C00C0E84001B8041139
S21404825000C23030101045AA0E0C04100088108896
S2140482600698620D0091009020888F618F600698B2
S214048270620D0090886A21400112906A035800C17A
S2140482803F3F00001138FFBC022441281138014248
S21404829045AA28B953794AB844784BB8447800902C
S2140482A00091181000912C48181000916848181076
S2140482B000A09168436091694361115B012B11280A
S2140482C041603128315B00BA302806763128204ACE
S2140482D04163302806763128104A416330280676F2
S2140482E03128084A4163302806763128044A416317
S2140482F0302806763128024A416330280476014A3B
S21404830000A0115910D906710860086008D90471D4
S214048310086004D90471046002D90471026001D9AA
S2140483200471016000A000BA01D806710148112A40
S2140483301F61016001D8F6720138F67200A000C20F
S21404834020C001B8241211592129127300210E717C
S21404835000C238C001B824120121212900A002B0AD
S21404836020D8147100C0B01E00A0041002B94579CC
S21404837006987613EA7003B09F78087200B806A8C9
S21404838000F806983E0700C5641F00A05088044DF8
S2140483901CBC00C0B41E00A0811101D91E71407C13
S2140483A0009501150C4D5088044DFFBB1863315BD6
S2140483B004110698EE0D3129F8750698681A5415B6
S2140483C00698921B01D908720698580706700698F4
S2140483D0F4071CBB547B06984E1701D80672029805
S2140483E01A0FFFB901211038F67281129B7AF071C8
S2140483F000C2448001B8241400C0C01E00A00410AB
S21404840001130020041040500C7200B90698280F7F
S21404841018B90A7018B90698280F00B900B8069853
S2140484201E0F704A08B806981E0F00C2284000B8EF
S21404843014B806981E0F00C2EC4001B80CB8069893
S2140484401E0F202210B806981E0F10883088069833
S2140484505807009300910698280F00C0C41E00A079
S2140484600412FFB9012121411810009500F83128A3
S21404847011280410081200A004B831281128F8B1F5
S214048480181000A0069880080E700698C40B06986C
S214048490800806987212069812079112211900C0D5
S2140484A02C4001B80A78097800F810B901BA069881
S2140484B0041406982A110698641700C5641F00A0C1
S2140484C081109D78FC7200F8911203321CB900C327
S2140484D0A01E00A0341300C4B04000541DB8427857
S2140484E0707903DE067144783A707179A11020D849
S2140484F006710298541080DB1C7102D8187205B8F5
S2140485000814A11010300248081400B8081491107A
S214048510086008141DB86278A11000DC067651794C
S21404852000BA06984E1701D82272911120311D61A7
S214048530911004D80E7200C1501F00A0141101D966
S2140485400A71208806985011009200C1204000B895
S21404855001DB1871084C03DE0471904C441400C30C
S214048560FF1F0000413BFF233811944900C33841E4
S21404857001B83413086380DB0C7103BA18620698DA
S2140485803C100870186206983C100C490879097962
S21404859014102140081100A000BD0698760210B9F8
S2140485A003DC047100B901BA0698041402D90671F2
S2140485B000404E7203B118610F3106987811FFD847
S2140485C02872811008D8187106DD0A71069876029A
S2140485D003DC0C720698BC1106984A140C7006DD6F
S2140485E010710698C211487020B804A806DD1072EF
S2140485F0069880080698120701F840B804A800F800
S21404860000C0A01E00A00413086301DB22719110B1
S2140486100111186111381DB910D8087144790298EF
S214048620541002DBFA72A11328DBF47203BD069819
S2140486301E11069880081DBA7F7A0698F20400C5B3
S214048640681F00A00698760200BA03DC1672044D72
S214048650A11002D804711C4D00C10CC101B80698C3
S214048660AE045415212D06983E050298AA089110CA
S214048670015503355150011900A000C14C1F00A03C
S214048680141001D8427101480860FE200E7581104E
S21404869020D8087100C1501F00A0141101D92871F8
S2140486A000C02C4001B80412215108610F31186132
S2140486B01152281000C0084001B80411911221512B
S2140486C020311152211900A0811380DB067201B8F3
S2140486D000A000C314C001B8341006302E726C4BD0
S2140486E034121C4B3410186002302072811080D86B
S2140486F0DE713410014A08620460803021508C48D0
S2140487000A717F234D233410013000A000BD069863
S2140487101E111CB847784578437802B8447800A000
S214048720069880080698BC1100C5741F00A054154E
S21404873006983E050298AA08B1138F7B0A7200C3F6
S21404874084C40350017B06983E1400C1384101B826
S21404875014118F790E7100C1B84000B800BA06989B
S2140487603C1050BA06980E1406987811FFD84A7131
S214048770911004D84872811008601CD8407220D921
S21404878038721112FF322151347180218021111464
S21404879000C0D81E00A00413FFBA3151113A21516B
S2140487A011531DB938107B7940440E7200B900C2CB
S2140487B0AC1E00A01812067004B860780698381428
S2140487C000F800B900C2A44000541812644A0AB95A
S2140487D018121CBA507A517A1DB942795F7900A0F2
S2140487E00698760207DC1072911000200A75069827
S2140487F072120298660F0698120701B9911004D8EF
S214048800047100B910BA0698041400BA0040347112
S21404881000C0A01E00A00411086101D9127104D979
S214048820E2728110086001D8DA711DB8647800C15C
S2140488301CC101B80698AE0401B81160002A04767B
S21404884000BA00C5781F00A05415212D0698721290
S2140488500698580700C57C1F00A000F800BC8111CC
S21404886008D9167280D9207201B910BA0698041471
S21404887000400E7101BC10700698BC1106984A148C
S21404888020B804A800F806987212811102311271F9
S21404889000B900C2144000541812244A02B918122F
S2140488A00698BC1100C5801F00A054150698F01A3F
S2140488B00298AA080411012114711CBA737A0420C0
S2140488C004122811042004110121F47200A0069851
S2140488D0F20401F806984E1701D81671FFB9012163
S2140488E010380E7281109B78087104B9677900F805
S2140488F0911010D8287100C51CC101B854110698EF
S214048900EE0D00C5C81E00A054155129EA7507B817
S21404891076781DB8447801B804A800F8B110186039
S21404892010D82E7100C05040005400C3084000B850
S2140489303114984C44113411086101D9FA71441267
S2140489402810086228100862281008622810E870A8
S2140489500298B00206989202113804721E6202BB94
S21404896000C1D81E00A0141120390C72911210DA1E
S2140489700672417B00A006983E1400C2A01E00A00A
S214048980241220DA0472617B1CBA527A00A01CBA44
S214048990727A811204DAFC7200A01CB86B7800C0EC
S2140489A0684000B82F7800A006984E1701D83A7190
S2140489B000C22C4001B824100360911120310151EB
S2140489C0383111501D6008121DB9457900C2448023
S2140489D001B8241200C0C01E00A0041018200020F5
S2140489E0041020500471657910631EB9637900B9C8
S2140489F002EC00CD114502EC00CC01DB087100BB93
S214048A000298D61803B841110731FA211C760621BC
S214048A10911210DA087102DD10721E7020B80698E2
S214048A20B20D3038147208B806987E0400C02C4084
S214048A3000B82978207800F8056020D806710298D6
S214048A400C1602EC00CA05B823DA187104DBDA71D6
S214048A5020DAD67110DAD2721EB8617800B801DA5C
S214048A60067202EC00C8911110D9267100C1B81E16
S214048A7000A014111150FF300C720761A1101150A0
S214048A8002300A7180DB0A720AB89E701DB97C79BE
S214048A901860911111402111C031114001191EB8FE
S214048AA0411108D90471667820D904726578A1103A
S214048AB002D80672C0DA1E711EB8273123DD08728A
S214048AC010DB1072607825DD0A7121DD087208DB80
S214048AD00471627803B8411107310872A115203574
S214048AE0AA7102DD2072A11120D9A07102D91672D2
S214048AF0CCDA9872411140D9927206B8054D5A7272
S214048B000298AE1421114049C0D94C71A0314115C8
S214048B104035026551410461086308DA1E7204DABE
S214048B2036721049A1150235067110DB0E72013437
S214048B300A7108DB22711EB86778CC3211101A301D
S214048B400ADC0872CCDE0471FD3100C00D0F0C0D7A
S214048B50216001D85C7207B80298D81400BA411193
S214048B6008D90C7102EC00CA05B830DAEC72073486
S214048B70F031036101DA0471014900C0F300A3E394
S214048B80216001D8D27100C098144068216040303A
S214048B90014440DA0471204C04320262204A111067
S214048BA006301F60014218311D6111420298F61406
S214048BB0204A00C005170850216011300142208861
S214048BC0FFBB0DDA507100C1DE1B250180BC04DA40
S214048BD0107208DA0A7200C120841000E024A0246F
S214048BE008634143026401DA06711E49024B00C061
S214048BF0201F00A008633810BC2002DA127101B9E5
S214048C001159A11380DB087100C100FCFF01181084
S214048C100298621800C4A01E00A0441080D87C717C
S214048C200092D0DA06710DDA0C711EBD437DEFBDDD
S214048C300698140304620DDA8672A11105D95C71D4
S214048C4000C24040005424121424281401D9067289
S214048C5002D9327140D91E7102EC00CA21101832B2
S214048C600471FA2220D804720822FE22087502EC47
S214048C7000C8F87001D90E7102EC00C802D9067259
S214048C8004DC187200C0A01E00A004101D6001D8E9
S214048C9006711EB8647807B873780298D61800C0B0
S214048CA0A01E00A0041080300A7100C0C41E00A0DC
S214048CB0041000A006984E1701D82E71911010D8F3
S214048CC028728110A0D8227203B084781C7200C166
S214048CD02C4001B814100DBA487A697A6B7A0811D8
S214048CE01CB87B7807B8757800A0641000C6881F87
S214048CF000A0C3B806987C0200C4441F00A014BA9F
S214048D00281400B8011AB1108F780A7200C084C4FF
S214048D100350017891101030011905BA06980E1404
S214048D2002D9067101B804A800C0A01E00A004134E
S214048D300698641180DB0671029858141DBA7C7A72
S214048D4001DB6A7100C2241F00A024111114FF3431
S214048D5002EC00C8FF24FA7608610698C20D046186
S214048D6011380F3004611114011141100698C20D18
S214048D7001D8087203B80298D8140C4A01DB227191
S214048D80241011281128041202300471106200C045
S214048D90FFFF0000213800C2204000B8FF20081260
S214048DA0411008600698C20D01D87C7120BC1033AF
S214048DB0767100BB00C1201F00A01415C021112C21
S214048DC0511218620F320E71408851140698FA1820
S214048DD041430094511208651C620F320E71411112
S214048DE051140698FA181C6441430865513B00C1A7
S214048DF0DC1E00A01411111231100F30127100BACB
S214048E00056101D80471114201600FD8F472311063
S214048E1003601E30047201B8003A087204B802985F
S214048E20D8140298C41600C0384101B804118F79CA
S214048E3014717F20692004110861303110DD067139
S214048E401DBA637A0698120300F830885088FF34F7
S214048E50087102ECFF24F87002EC00CD141059508F
S214048E6001440421FF22F2720F4C0095009300A0E7
S214048E7000C1A81E00A0141100A030880698421B4A
S214048E808111086102D906720298061A1CBB557B2A
S214048E90086120D906710298F6190088A110186096
S214048EA00698201908211415FC251EBB5C7B5D7BE7
S214048EB000C1084001B814110731FE21307608D8E5
S214048EC02A725113FC23341304DB20711863FF3316
S214048ED0315B00C110C000B81411086180490C71E0
S214048EE0FF31302954751EBB7B7B10707B7B7C7BEB
S214048EF000DD04717D7B01BB3815EC25541300DFBF
S214048F005471042505DF54715415211120880698E0
S214048F10EE0D009251293E7500C1084001B81411A7
S214048F2002DB0C710731315B31292A760C7004DFC1
S214048F300872016180D91E720698201900C010C0FC
S214048F4000B80698861B069820191411FFD960727B
S214048F5002984C1A0090009300A05415A1111861B1
S214048F6010D9A672082508D8A071082510D89A71B9
S214048F70208821110698EE0DFC255412112AF82596
S214048F8054110C2520D80871F025541110252029D9
S214048F9004762159181500920298B81907B9717900
S214048FA0811010D80A711CB8447802B841781CB9EC
S214048FB0747904B9677900F88110A0D808711CB9CF
S214048FC0497900A0086002D8FA710698201910881A
S214048FD006983E14106210DA087108211415F0255C
S214048FE0541100C20020FEFF202912750698921B19
S214048FF001D90A72069880080698120700941CBBCA
S21404900041100C2006986413411108211410069888
S21404901064133128441111120861FF31FF32012212
S21404902010521072186118140424441304243814BB
S2140490300C70186121411814082408140298381476
S2140490404044147100C1AC1E00A0141551131C63D7
S2140490500FDB0C72196506980205411500A000C3C3
S214049060784000B83413807B067206981207069878
S2140490703E1408BB51140698B01A4415FC25541522
S21404908000C3784000B83413807B047100A00298B3
S2140490903E051CB900C3A01E00A03413086308DBF9
S2140490A01A718113A0DB0671497910706979086317
S2140490B002DB087204B9677900F800A08111086120
S2140490C002D910711CB97579069820191411FF314C
S2140490D000A0FFB900A0041008211411F4210811FF
S2140490E000A08111106110310E7106982019082114
S2140490F01411F821141100A050930400000000007D
S21404910028910400010000000000000000F049025D
S21404911050930400000000004C910400010000007D
S2140491200000000000F04902709104004063598F6B
S214049130404B4C000B000B001A00FF7FB068002069
S21404914000000000F2950400000000006092040095
S2140491504063598F404B4C000B000B001A00FF7FF6
S214049160B068002000000000F09504000000000035
S214049170FC1F0103509504001CC0011000F80700F2
S2140491801CC001301402080050C00100874130049E
S214049190244006010700620038700000000000004A
S2140491A0000000030068010F40B824405840010145
S2140491B0FC006900804005012363E0119BC34A74E8
S2140491C0F003000003800000BE0A0000E040010136
S2140491D033000000F0400401590B000064048307C8
S2140491E08813C83A90200A0028410101001E000096
S2140491F03C410B0100148C00141A21282E343B42E7
S214049200495043557698BA0C2869000001000000BE
S2140492100721286414171A002004C869A1203A09F3
S2140492203C42010129000000A0800201707803007E
S214049230D5C00000A8800111F0010000A88001310B
S2140492400542CB01AC800111F0010000AC80013175
S21404925005228D00B080010100030002FFFFFFFF1E
S214049260FC1F0103A09504001CC0011000F80700B1
S2140492701CC00130F502080050C001008741300CC4
S2140492802440060107C05200000000000000000051
S2140492900000000300000000000000005840010128
S2140492A06402FF00804005014B01A0089BC34A747A
S2140492B0F00300000000000000000000E040010190
S2140492C033000000F040040100000000640483073B
S2140492D08813C83A9C200A002841010103100000A4
S2140492E03C410B01000000000000000000000000EC
S2140492F00000000000000000000000000100000064
S2140493000000000000000000000000000000000054
S2140493103C42010100000000A080020170780300B6
S214049320D5C00000A8800111F0010000A88001311A
S2140493300542CB01AC800111F0010000AC80013184
S21404934005228D00B080010100030002FFFFFFFF2D
S2140493500C400200018014007F4000002040020000
S214049360000000000000000030400700000000007D
S21404937000000000000000000000000000000000E4
S21404938000000000A007000050400100000000009C
S2140493905C4002000000000000000000A84001003D
S2140493A007000000B440040000400000FF4C00002A
S2140493B000410000FF4D000008C00100000000004E
S2140493C020C00110FF00000020C001300043000050
S2140493D024C00400EC80B3034375A8020000000018
S2140493E02E02000054C003000E2D09E6540607089A
S2140493F0D1B6020064C00800043000004020100605
S214049400C8F248181FE8F600BD4B721511A31805DC
S21404941010325476980A000088C00100000000004C
S2140494200800010104070000180001010000000004
S21404943020000101088400001C4002011000000006
S21404944020F913045C4005014108000001000000F7
S214049450B0070800A70000000000000094400701C1
S2140494600101103050707F7F0000000000000000F3
S214049470000000000000000000000000E4400101BD
S21404948000000000EC4001017DA8D98B00410201D8
S21404949000612000B75635120C410301F95412003E
S2140494A02030042988BB400024410101000000004C
S2140494B0304103016406660C0C010000E853FA0010
S2140494C068410301640483078813820000000000D7
S2140494D030420301000000000000000E00000000FF
S2140494E04442010100000000108001010300000056
S2140494F03880020111491000010000008880010133
S214049500000000009C800101EB400200B4800101D1
S2140495103700000188000202000C00044C00000022
S2140495209400010200040000D00002020E000000B5
S21404953090029608E40001023D094204F400010288
S214049540000000001801010260005102FFFFFFFF47
S2140495501200000066666600000000000496040020
S214049560F495040000000000001A9A00005A6202F3
S21404957080841E000420FE001149500200000000F2
S21404958000000000000000000000000000000000D2
S214049590B1841E000000000000000000000000006F
S2140495A012000000666666000000000004960400D0
S2140495B0F4950400000C0000001A9A00005A620297
S2140495C080841E00042000001149500200000000A0
S2140495D00000000000000000000000000000000082
S2140495E0B1841E000000000000000000000000001F
S2140495F005040000E1190000E11900000000000065
S21404960000000000193F01060410010000010106D5
S2140496100010270000090000000000000000000001
S214049620CDCD01007DCD010089CD010079CE0100AC
S214049630895D030023630300276303002B63030091
S2140496402F630300336303000001030464EE010088
S2140496501000000024E101001A00000079EB01006C
S2140496601100000075E401001100000063E511001C
S2140496700400000023E111000400000025E10100BD
S2140496800800000026E101000A00000027E10100AE
S214049690020000000000000000000000FD97040027
S2140496A0F797040000000000FE970400B75A040071
S2140496B000000000B15A0400B35A04000000000081
S2140496C0B55A0400D597040003980400B85A040059
S2140496D0B25A040000000000B65A0400F0960400D3
S2140496E0AF5A0400B05A0400B45A0400AE5A040038
S2140496F0000203040508090A0B0001020304051D01
S2140497002000B40108020200AA00FFFFFFFFFFFFCB
S214049710FFFFFFFF91800300E52A02006156020066
S214049720B1F3020071590200F7690300F9690300F6
S214049730FB690300FD69030071BA02000D93020081
S21404974051D402005DED020081470200F169030076
S214049750AD950200F3690300853B0200F56903003A
S214049760F15203007940020067280300000000005D
S21404977000130000000000000000000001000000CC
S2140497803999020002000000EF7A0300030000008B
S2140497909198020004000000697A030005000000A6
S2140497A03198020000000000000000000023001BA7
S2140497B02200FF00000000000C0902020000000066
S2140497C01C1A0B0303FF06080402020204020A0B17
S2140497D0030302030480FF0204FF010101010800E1
S2140497E0000000000000005A6967426565416C6C21
S2140497F069616E6365303980008F8E8C8080800648
S208049800080C1080B7
S20C049804D8B4FB7F010000004C
S21004980C18980400A0640020CA010000A4
S2140498180000000000000000FFFF00000100000038
S2140498280000000000000000000000000000000027
S2140498380000000000000000000000000000000017
S2140498480000000000000000000000000000000007
S21404985800000000000000000000000000000000F7
S21404986800000000000000000000000000000000E7
S21404987800000000000000000000000000000000D7
S21404988800000000000000000000000000000000C7
S21404989800000000000000000000000000000000B7
S2140498A800000000000000000000000000000000A7
S2140498B80000000000000000000000000000000097
S2140498C80000000000000000000000000000000087
S2140498D80000000000000000000000000000000077
S2140498E80000000000000000000000000000000067
S2140498F80000000000000000000000000000000057
S2140499080000000000000000000000000000000046
S2140499180000000000000000000100000000F00144
S21404992808000000081000200100230104000000BD
S214049938101000200600300101000000141000205A
S214049948FFFFFFFFC0EA2101C0EA210100800000F2
S21404995800F04902E865002000600B000080000063
S214049968F0350020C8000000FE00000000000000DB
S214049978EC4B040018100020FFFFFFFFA04F040064
S2140499883300000035F4000033000000A92C03005F
S21404999833C8030037C8030044C8030051C803008B
S2140499A85EC803006BC803007EC8030090C80300A3
S2140499B89DC80300AAC80300B7C80300CCC80300A0
S2140499C8DFC80300F1C8030006C9030015C903006D
S2140499D826C9030035C9030045C9030051C9030055
S2140499E85EC903006EC9030080C903008FC903005B
S2140499F89EC90300A7C90300BCC90300D1C9030054
S214049A08E6C9030006CA030014CA030033CA0300DF
S214049A184ECA030061CA03006ECA030083CA030061
S214049A2892CA0300A1CA0300B3CA0300C5CA030046
S214049A38D8CA0300EBCA030001CB030000000000E9
S214049A480F00000038CD03004FCD0300FF000000D0
S214049A5800000000000000000000000000000000F5
S214049A680000000000000000000000000030E704CA
S214049A7800C81803ACD50300B1D50300DED503002F
S214049A8809D6030037D6030065D6030094D6030028
S214049A98C1D60300F1D6030021D7030071D703000B
S214049AA8FFFFFFFF00F80300FFFFFFFF00000400AE
S214049AB800000400005C26054C6700200600000031
S214049AC824720400000000000100190001000000D0
S214049AD8D84100200100190001000000D8410020E8
S214049AE80100190001000000D841002001001900F7
S214049AF801000000D8410020010019000100000000
S214049B08D84100200100190001000000D8410020B7
S214049B180100190001000000D841002001001900C6
S214049B2801000000D84100200100190001000000CF
S214049B38D84100200100190001000000D841002087
S214049B480100190001000000D84100200100190096
S214049B5801000000D8410020E44500200000000071
S214049B6800000000205B0400004D00200068002070
S214049B78C04F0020834904000600000000000000CF
S214049B880000000000000000847204009C720400B8
S214049B988E490400B8000400FE0000003068002067
S214049BA800000000D04F002038500020A0500020AD
S214049BB80000000000000000000000000000000094
S214049BC80000000000000000000000000000000084
S214049BD80000000000000000000000000000000074
S214049BE80000000000000000000000001B590300ED
S214049BF870740400FFFFFFFF5F5C03005B5C0300F8
S214049C08FFFFFFFF635C0300FFFFFFFFF9F8010097
S214049C18FFFFFFFFFFFFFFFFFFFFFFFFFFFFFFFF43
S214049C28FFFFFFFFFFFFFFFF0000000020A1070063
S214049C3800000000CD9903000000000000000000AA
S214049C480000000000000000000000000000000003
S214049C580000000000000000E0550020F520020087
S214049C68693A0200B8000400000000000000000082
S214049C780000000000000000E05500208D270200C8
S214049C8800000000B8000400000000000000000007
S214049C980000000000000000E0550020B531020076
S214049CA8693A0200B8000400000000000000000042
S214049CB800000000000000007B4A0400E055002075
S214049CC80D4C020000000000B8000400000000006C
S214049CD8000000000000000000000000E05500201E
S214049CE81155020000000000B8000400000000003F
S214049CF8000000000000000000000000E0550020FE
S214049D086D65020000000000B800040000000000B2
S214049D18000000000000000000000000B80B00006F
S214049D28E05500204D69020000000000B800040059
S214049D380000000000000000000000000000000012
S214049D48E05500202D72020000000000B800040050
S214049D5800000000000000000000000000000000F2
S214049D68E05500209D73020000000000B8000400BF
S214049D7800000000000000000000000000000000D2
S214049D88E05500202B70030000000000B800040013
S214049D9800000000000000000000000000000000B2
S214049DA8E0550020E576020000000000B800040034
S214049DB80000000000000000000000000000000092
S214049DC8E0550020897B020000000000B80004006B
S214049DD80000000000000000000000000000000072
S214049DE8E0550020F37C030000000000B8000400DF
S214049DF80000000000000000000000000000000052
S214049E08E055002001D4020000000000B800040059
S214049E180000000000000000000000000000000031
S214049E283B820300E0550020CDED0200693A0200AB
S214049E38B800040000000000000000000000000055
S214049E4800000000E05500203DF402000000000079
S214049E58B800040000000000000000000000000035
S214049E6800000000FFFFD007B80B0000FFFFFFFF4D
S214049E78CEFAEFBEFFFFFDFFFDFF0C002C01001E0F
S214049E882C0140068000FFFF04F8FFFF0C000000CA
S214049E98000000004000FDFF2C019C000000FFFFAE
S214049EA8FDFFFFFFFFFF60EA8000800010C1CDAB16
S214049EB80A013201FFFFFFFFFFFFFFFFFFFFFFFF5F
S214049EC8FFFFFFFFFFFFFFFFFFFFFFFFFFFFFFFF91
S214049ED8FFFFFFFF01FF05FFFFFF0101FFFF020170
S214049EE8FFFF640250FF0F0208031E050216010A4C
S214049EF80C052007051001010F080101010104FFE4
S214049F08030101FF0C01FF405AB47F0150403000A2
S214049F18FFFFFF0B03FF050B01030105020201FF08
S214049F28FFFFFFFFFFFFFF010102FFFFFF01000025
S20C049F38BD4C0000954C00002E
S804007D5925
