S01B00006275696C642F72656C656173652F7A69676265652E73333714
S21400600008100020059E000025E60000F727030084
S214006010F72703002DE6000035E60000F72703000B
S214006020F7270300F7270300F7270300F7270300E7
S21400603039E600004C690400F7270300F727030041
S214006040F7270300F7270300F7270300D59800007B
S214006050F7270300F7270300F7270300F7270300B7
S214006060F7270300F7270300F7270300F7270300A7
S214006070A5EB0000F7270300F7270300F727030028
S214006080F7270300F7270300F7270300F727030087
S214006090F7270300F7270300F7270300F727030077
S2140060A0F7270300D1A10000B1A10000F7270300E5
S2140060B0F7270300152F0200F7270300793902009F
S2140060C01780030013800300553102002D80030063
S2140060D01B800300493902001F800300B939020003
S2140060E025400200211D0200253A0200F727030082
S2140060F0F7270300F7270300F7270300F727030017
S214006100F7270300F7270300F7270300F727030006
S214006110F7270300F7270300F7270300F7270300F6
S214006120F7270300F7270300F7270300F7270300E6
S214006130F7270300F7270300F7270300F7270300D6
S21400614082B030BF074BD3F8F030DB0704D500230E
S2140061500193019B052B01DD02B07047019B0133C3
S214006160F6E700BF00ED00E0F0B5114A114C124E04
S21400617000F00105E3695F0713D40DB9334213D16C
S21400618003EA00078F4207D10B4A1A40002A14BFC1
S2140061906FF001000020F0BD013AEBD16FF0020075
S2140061A0F9E74FF0FF30F6E76FF00100F3E700BFC6
S2140061B08096980000000350020001000B4B70B55B
S2140061C0D96911F480310DD101244FF48072084E44
S2140061D0084DF46020462C641A61FFF7C5FF34644E
S2140061E0EC6070BD6FF00100FBE700BF00000350DD
S2140061F000100350002003504FF4003238B50F4B08
S2140062000F4C9A6641F671330122E569E3630D4B44
S2140062100021DA60022360612120236105F48035C5
S214006220FFF7A2FF10B92120FFF79EFF0122064BC1
S214006230DA600DB10023E36338BD00BF0090005064
S21400624000000350001003500020035070B5134C9C
S2140062506061E3695B071ED40E4656F8043B8D1852
S214006260A361AE420BD10423002121202361FFF756
S2140062707BFF58B9BDE870402120FFF775BF0821A5
S2140062800846FFF771FF10B10423236170BD56F86E
S214006290043BA361E5E74FF0FF30F7E7000003504B
S2140062A02DE9F84315464FF40032184B89469A6696
S2140062B041F6713203F51C33DF69DA6301220646C4
S2140062C003F58053DFF84C8007F48037DA6055B961
S2140062D0284601220E4BDA601FB10022A3F50053B8
S2140062E0DA63BDE8F88306F5005404EA0804A41B44
S2140062F0AC4228BF2C46494622463046FFF7A6FF4A
S2140063000028E6D12644A1442D1BE0E7009000506B
S20C0063100020035000E0FFFF2F
S2140063182DE9F04F4FF0FD0BC9B09A460DF11B0959
S2140063289DF8503108AFCDF80C90CDF808B001971D
S214006338059303890446009383790E469046418860
S2140063488288407812F054FB054650B10090A38826
S214006358002062883A4912F08FFE284649B0BDE808
S214006368F08F99F800002FF060F938B12846A38816
S2140063786288344912F080FE8D25EEE75A46394683
S21400638899F800002FF0F9F88346002851D0529B60
S2140063981BB1BDF84C3198424BD8002399F80090B1
S2140063A80793A9F14102012A5FFA8BF123D83846F0
S2140063B80139254ADFF898C05FFA81FE734513DB7A
S2140063C8059B04210792C3B907AF18221F489FED03
S2140063D81A7B02FB060420460A460830394684ED36
S2140063E8027B17F09DFC11E010F8011F01335140A5
S2140063F80CFB01F2E2E7059B33B123464A463846D2
S214006408009610F077FAA8E70829DED9B8F1000F49
S21400641801D088F80090BAF1000F01D0AAF800B0B1
S214006428529B002B99D05A46184608A917F078FCB4
S21400643893E7012591E700BF000000000000000078
S214006448181204004D120400C59D1C8180100020FF
S21400645893010001000000002DE9F04F93B0CDE94C
S2140064680A32DDE91C530E9353EC102BCDE90801D4
S214006478104619468DED060B1E9E16F0DBFE80B103
S214006488DDE906014FF0FF32C54B16F0FBFE40B9BA
S214006498DDE906014FF0FF326FF4801316F0D4FEE4
S2140064A870B1DDE908019DED060B0E9B1E96CDE941
S2140064B81C53DDE90A3213B0BDE8F04F00F088B986
S2140064C80022DDE90601002316F0BEFE002800F0D3
S2140064D83381DDE906A303F1004BCBF30A5016F42B
S2140064E88063A0F2FF3008BF06250F9316F0D0FB96
S2140064F89BA3D3E9002316F035FC9BA3D3E900231E
S21400650816F07AFACBF31304894644F07F51804696
S2140065180022A44B504641F4401116F06BFA94A39F
S214006528D3E9002316F01EFC02460B4640464946B1
S21400653816F062FA16F0B0FE044616F0A9FB8EA313
S214006548D3E900238046894616F00CFC0022964BB9
S21400655816F052FA16F0A0FE89A3D3E900230746E0
S2140065684946404616F0FEFB80463846894616F0F1
S2140065788FFB85A3D3E9002316F0F4FB02460B46EF
S2140065884046494616F036FA02460B46CDE90C2335
S21400659816F0E8FBDDE90C238046894610461946C6
S2140065A816F02AFA0022CDE91001804B40464946EB
S2140065B816F002FD00227E4B16F01EFA02460B4627
S2140065C84046494616F0F8FC00227A4B16F014FAB4
S2140065D802460B464046494616F0EEFCDDE90C231B
S2140065E88046894600204FF0804116F003FA02469E
S2140065F80B464046494616F0FFF902460B46DDE9CB
S214006608100116F0D9FC07F2FF3700226A4B16F085
S214006618F3F900223B0516F0A5FB52465B4680467A
S214006628894616F02FFE002840F08980CDE90C89AF
S21400663804F16303C62B8CBF0527042731051BD539
S21400664853A3D3E900235046594616F011FE0028F6
S2140066587FD051A3D3E900235046594616F0F4FDDF
S214006668002876D00027A542C6BF2C1B04F1FF35AC
S21400667800253C4646F480660E9B9F422CBF4FF092
S2140066880008A3EB070816F0020903D0002F18BF6E
S2140066984FF000083CB1DDE90C235046594616F089
S2140066A88BFC82468B46DDE906010022002316F0A5
S2140066B8CBFD10B10BF100439B46DDE9080126F43B
S2140066C80063CDE90183DDE90A324BEC10AB009597
S2140066D800F07EF802465FB3DDE9091316F0200FD6
S2140066E800F10105089E0CBF65204520B047DDE98E
S2140066F808010523002205930A23002CCDE902325F
S21400670807F1FF374FEAD473B8BF64422A460193AD
S21400671804970A9B009430F0B8FE0246B9F1000FC1
S21400672806D00B9BC41A0B9B1A190E9BA34245D87E
S214006738104613B0BDE8F08FDDE906ABCDE60022C3
S214006748404649461A4B16F037FC013CCDE90C0189
S2140067586EE7002D90D00F9B002B8DD0013D8BE768
S214006768FB799F501344D33FB3C8608B288AC63F33
S21400677861436F63A787D23F71A379094F930A4095
S2140067881655B5BBB16B0240EF39FAFE422EE63F0E
S2140067982D431CEBE2361A3F0000000080842E4191
S2140067A8FFFFEF7F0000F83F0000E03F00002C40AE
S2140067B800002440000018400000F03F2020DDE9DB
S2140067C80913089DA8470134ADE700BF0000000084
S2140067D82DE9F04F5BEC10AB97B0CDE90501DDE98C
S2140067E82058CDE90723504652465B465946229F15
S2140067F816F020FD70B90323CDE902870193AA4B52
S2140068080093DDE90501DDE9072330F070FD17B0D8
S214006818BDE8F08F4FF0FF326FF4801350465946AC
S21400682816F012FD28B10423CDE9028701939F4B89
S214006838E6E74FF0FF32504659469D4B16F022FDCC
S21400684868B19C4A07F00403002B08BF03229A4B42
S2140068581CBF13460422CDE902870192D0E75046B2
S2140068688DA3D3E90023594616F00CFD38B98CA33E
S214006878D3E900235046594616F0E6FC68B1DDE930
S2140068880723DDE905014BEC10ABCDE92187209500
S21400689817B0BDE8F04FFFF7DFBD002200235046D3
S2140068A8594616F0D1FC002800F091805B46524607
S2140068B80020002116F09EF8012382468B46099395
S2140068C817F4806400F08580092D40F28580002446
S2140068D830210EABA5F109020134202C03F8011B68
S2140068E8A5EB040901D09442F6D15946504616F055
S2140068F8D3FC724B054603EBC90393ED007B8DED85
S2140069080A7B16F0C5F902460B465046594616F05D
S21400691871F8DDE90A2316F025FA02460B46CDE99A
S2140069280C2316F0E1FC064616F0A2F902460B46C2
S214006938DDE90C0116F05EF802460B46CDE90C239D
S21400694800225F4B16F09EFC002848D001363046E1
S21400695816F08EF902460B46DDE90A0116F07EFCB3
S21400696808B100260135B9F1000F45D1284616F0C2
S2140069788FF902460B465046594616F03BF8002259
S2140069884F4B16F061FC10B9E90700D501350A210E
S2140069980EAB1A19202C0AD095FBF1F001FB105506
S2140069A8303502F8015B013405460028F2D107F0BD
S2140069B80302012A55D1B8F1000F52D0099A12B92C
S2140069C817F00C0F01D008F1FF38302240E009908C
S2140069D876E74FF0060988E7A946002485E70022EF
S2140069E8DDE90C01364B16F02FFC0028BBD10EB1A2
S2140069F8F007B8D50136B6E70A210EAB1A19202CCF
S214006A080DD0B6FBF1F001FB1063092E03F130033D
S214006A1809F1FF3904F1010402F8013B11D83021CD
S214006A28A1440EAA202CB2D04C4504F101030AD189
S214006A3804F158020DEB02042E2204F8202C1C4602
S214006A48A5E70646DBE7A1541C46EBE71A550134D2
S214006A58444506D2202CF9D1CDE9028701940EAB25
S214006A68CEE6202CF8D0099B3BB12D2204F1580322
S214006A786B4403F8202C0134EEE77A0704D504F1BA
S214006A8858032B226B44F4E73B07E5D504F158037B
S214006A9820226B44EDE700BF0000000065CDCD4125
S214006AA80000000065CDCDC13B2F04003F2F040039
S214006AB8FFFFEF7F322F0400372F040040780400D2
S214006AC80000E03F0000000070B58EB02C220021C8
S214006AD803A816F095FF64234FF002320893CDE919
S214006AE805230B2301218DF834305B4B8DF81010ED
S214006AF81D880D4040F0A980084634F037FD0A226C
S214006B08564B574C1A704FF42873ADF812304FF0A6
S214006B18FF332360534B54491B8820460B82534B44
S214006B28534A1B68CD828B61524B0D621B884B8281
S214006B38514B1B68CB611DF03DF820B14FF41B711B
S214006B484E4835F040FD0521206831F006FB20B19F
S214006B5840F27D21494835F036FD206815F006FFDD
S214006B68474B2068196830F072FE0C2535F066F938
S214006B786843099035F062F968430DEB0501079004
S214006B88206817F0D9FB20B140F295213B4835F034
S214006B981AFD25681FF038FC00220146284630F00A
S214006BA8CEFE20B140F29721344835F00CFD40F275
S214006BB80353344D344E2B80052396F90000AB70F2
S214006BC87F2801D11DF0DEFA3378EB7035F036F900
S214006BD800EB80008000A88035F030F90023C00064
S214006BE84FF0FF31E880AB604FF0FF3018A3D3E9D1
S214006BF8002334F00DFE2549206830F059FE206841
S214006C0802A931F051FB20B14FF434711B4835F01E
S214006C18DAFC042220680DEB020130F0EDFD0428B2
S214006C2804D040F2D721154835F0CDFC01A9012043
S214006C3830F0AEF907F036FD01201DF027FF2CF0E6
S214006C48C4FB1DF04DFF1DF035FA0EB070BD00BF39
S214006C580A0020FF42030000FE5900203061002091
S214006C6824540020E091040024680020E8910400E1
S214006C789DB50300DE910400E49104000468040056
S214006C886465002018540020F86A002011B6030036
S214006C980348044B834202D0034B03B1184770479E
S214006CA8246B0020246B002000000000064B0749D8
S214006CB8C91A891048BF0131491003D0044B0BB1DB
S214006CC801481847704700BF246B0020246B00203B
S214006CD80000000010B5064C237843B9FFF7D8FF2C
S214006CE8044B13B10448AFF300800123237010BD92
S214006CF8B81500200000000000CD040008B5044BBD
S214006D081BB104490448AFF30080BDE80840CDE74E
S214006D1800000000BC15002000CD0400A3F5803A52
S214006D28704700BF154B002B08BF114B9D46FFF759
S214006D38F5FF00218B460F461148124A121A16F024
S214006D485FFE0C4B002B00D098470B4B002B00D057
S214006D5898470020002104000D000B4817F096F90C
S214006D6816F026FE200029002BF054FA17F07CF9BE
S214006D7800000800000000000000000008100020C6
S214006D880810002084610020FDE0010007B50121FD
S214006D9820200DF1070201F039F858B1022301212D
S214006DA820200DF107028DF8073001F03FF803B0F8
S214006DB85DF804FB9DF807100229F8D0022209485E
S214006DC815F000FD022301210DF1070220208DF8A1
S214006DD8073001F02BF82BF077F94FF4FA6000F043
S214006DE85DFEE4E710CA030038B501F0E3FF01F0E2
S214006DF8ABF9012805D001F0A7F9022801D001F067
S214006E08C9F9064D2B783BB901F09EF901280446CE
S214006E1802D12BF0E2F92C7038BD00BFDC5A0020F6
S214006E2810B5044600882BF023F9A37884F84400AC
S214006E38834202BF0123E3702371074B04F11C0051
S214006E48C4E9073401F038F8224620880349BDE82B
S214006E58104000F075BF00BF0F1E0300D91D0300C9
S214006E6870B5C37804460D461646002B34D1D1B10A
S214006E78214815F0A7FC0123E370E36CA6600BB16C
S214006E88E06D9847E368F61A63699E4221D2217E30
S214006E981A480131C9B2217615F094FCA36D13B1D6
S214006EA8217EE06D9847E5702BF021F915B323791C
S214006EB803BBA268238A801A83421BD80123104882
S214006EC8237115F07FFC236DA3B1E06DBDE870401B
S214006ED8184701232376E6E70029E4D1094815F088
S214006EE871FC636DE660E5702571002BDBD0E06D04
S214006EF89847D8E770BD00BF38CA030049CA0300E0
S214006F0877CA030064CA030070B51E468388044621
S214006F180D46C18002810BB1868070BD81780088DD
S214006F282AF092FF0123E370064BA680C4E90334D7
S214006F380C34204600F0C0FF29462046BDE87040C5
S214006F482BF0CCB85B1E030010B501790446B1FAE5
S214006F5881F1008849092AF0EEFF21796088B1FAA4
S214006F6881F149092AF0E7FF034B1A68A24204BFD9
S214006F7800221A6010BD00BFD415002070B54379F2
S214006F880446A3B100880E4E04F10805336813B111
S214006F980C4B1B786BB121792AF0CDFF64210A4B84
S214006FA83460A3602846BDE870402BF097B8408848
S214006FB8E9E7064815F006FC054B3221A360F1E721
S214006FC8D4150020DD5A0020516F00008DCA03003A
S214006FD8856F000010B50446E0B10F4815F0F2FBC7
S214006FE801236371A37953B9217920882AF0A3FF76
S214006FF8236B7BB1606B0121BDE810401847204623
S214007008FFF7A2FF04F108002BF06DF82046FFF703
S214007018B5FFEDE710BD00BFC3CA030010B50446B0
S214007028F8B1104815F0CEFB00236371A3796BB94D
S21400703821792088B1FA81F149092AF07CFF236B6F
S2140070487BB1606B0021BDE8104018472046FFF76B
S2140070587BFF04F108002BF046F82046FFF78EFF6A
S214007068EDE710BDCECA030010B5044668B1074860
S21400707815F0A8FB637920461BB1BDE81040FFF762
S214007088CDBFBDE81040FFF7A5BF10BDDACA0300A4
S21400709810B50E4C0E48214615F094FB82210D487B
S2140070A815F090FB82210220A21E00F0BFFE0146CA
S2140070B830B134F8022C0848BDE8104015F082BB01
S2140070C80648BDE8104015F07DBB00BF6A55002095
S2140070D8E9CA030004CB03000FCB030053CB03001D
S2140070E838B5114C82212246022000F08FFEA51CDE
S2140070F8014688B122880D4815F064FB2A460C4BD9
S21400710803F12C0153F8040B8B4242F8040BF9D117
S2140071181B7813702C23238035F8021C054A064872
S214007128BDE8384015F04EBB685500205ECB03001E
S214007138DECB03006A550020BCCB0300034B1B784C
S2140071481BB18B4201D82AF0BFBF7047A06A002047
S21400715810B5044601460E4815F034FB012C11D133
S2140071680C4B0D481A884FF6FF739A421EBF002232
S214007178094B5A742AF0C5FE01F072FFBDE81040AC
S21400718801F044BE0448BDE810402AF0BCBE00BF6B
S2140071980BCC0300546A0020F064002070B500246D
S2140071A81A4D1B4E3378A3421BDC0024194D1A4E89
S2140071B83378A3421BDC0024184D194E3378A342BB
S2140071C81BDC00F0C1FF012816481CD12AF099FEE6
S2140071D801F046FF01F01AFEBDE87040124800F0C4
S2140071E8D3BF2846FFF71CFE01346035DAE7284689
S2140071F82AF06DFE01343435DAE728462AF0A0FE78
S21400720801343835DAE72AF07EFEE5E7202200204A
S214007218E35A002040260020E45A0020F01F0020F1
S214007228E25A0020F0640020597100002DE9F04F62
S21400723887B0FFF755FFB94B05A805932AF0A4FEBB
S214007248054616F0D9FAB64CC2B21F2A627004D99F
S214007258B44815F0B7FA00F015FC2946A01C16F03D
S2140072685FFD05A82AF090FE054616F0C5FAC2B2DC
S2140072781F2A84F8212001D9AB48EAE7294604F1F9
S214007288220016F04DFD05A82AF07EFE322604469A
S21400729800272578002D40F09F80A44CFFF77EFF3E
S2140072A82378DFF8C8A2DFF8C882A14F00939AF8BF
S2140072B8003098F8002039789E4815F083FA3A7816
S2140072C898F800109AF8000053180344DFF894B2B0
S2140072D820782C4603445846DBB2AA4200F3E482E0
S2140072E8012B38BF0123944E0293324600233546BD
S2140072F84FF482714FF6FF74029801339842137068
S2140073085180948002F10C02F6DC8C4B8A49844842
S214007318AB6000F0EFFFE879AB68DFF8449200EB6B
S214007328400003EB800000F0BBFDEB79B9F80020C5
S2140073380133A242EB7103D07F49814801F0DCF8A3
S2140073484FF6FF73B9F800207B49D21A18BF0122FE
S2140073587C4801F09BFC4FF00009784C3A784A4587
S21400736800F3CA8200264FF00C09774ADFF8C8B146
S21400737898F800003978B04200F3D28246180C21FB
S214007388002501FB06B19AF800009423A8426F4A2C
S21400739800F3E4820C253E7898F8003000274FF07A
S2140073A870081E44064405FB06B5DFF8C8A15F4B07
S2140073B81B78BB4200F3E58202995F4800F0FEFDA9
S2140073C8059B56491A468B4240F0EE82604807B045
S2140073D8BDE8F04F15F0F6B9532D0FD163784C2B56
S2140073E840F04881A378502B40F044810122594B45
S2140073F81A7005A82AF0C8FD04464AE7442D13D19A
S2140074086378303B092BF4D8601C2AF0CAFD524B2F
S214007418524A1978002386B2994202F16002E8DDE2
S21400742822F8466C0133F7E7422D0BD16378542BCC
S21400743854D1A01C00F0D2FC494B188018462AF0FC
S214007448A4FCD6E7582D33D8412DD2D9433D152D67
S214007458CFD801A353F825F01F780000FB7300006F
S214007468FB730000FB730000FB730000FB73000057
S214007478CF750000FB730000FB73000081750000E9
S214007488CB740000FB730000FB730000FB73000066
S214007498FB730000017700007D760000FB73000098
S2140074A8FB730000FB730000FB7300007777000097
S2140074B8692D9ED1601C2AF074FD80B22AF000FE69
S2140074C897E71B4B012019780023264A994202F1B8
S2140074D8D0028EDD02F8CE0C0133F7E7601C00F010
S2140074E87DFC0546E01C2AF0D4FD0121024628460C
S2140074F82AF08BFD60211848184C03785943621807
S21400750865524FF4FA6111824FF448715161164979
S21400751856831165013303706BE700BF6A55002078
S214007528046400202ACC030041CC0300DE5A002065
S214007538E15A002051CC0300A0160020181700209E
S21400754850160020D8150020A41B0020E81900209B
S214007558A1CC0300DD5A0020E35A00202022002098
S214007568546A0020A41C00207B1F0300DF5A00205A
S214007578E05A002098180020601C00F02FFC00221B
S2140075884FF034088146CC4F11462AF03EFD387835
S214007598CA4D08FB00F325F80390EA18E37810466E
S2140075A8693B18BF012393702AF091FC0021C44A56
S2140075B83B785160012103FB08550B443B7015606E
S2140075C80F46117415E7601C00F008FC00221146EF
S2140075D881462AF01AFD3422B74DDFF8E082287873
S2140075E802FB00F328F8039008EB0301E37808464B
S2140075F8693B18BF01238B702AF069FCB14A002347
S2140076081046916B31BB00EB831034232A7802FBBB
S21400761803838363AC4A00231046D2F8A410F9B952
S214007628D02202FB030034232A7802FB0383C0F827
S214007638A4305FB9A24A3B46114652F8040BA8B9D3
S2140076483422287800FB028241F823202B78013365
S2140076582B70CEE60133042B02F14002D1D1D9E7D4
S2140076680133042B02F1D002D7D1E2E70133042B11
S214007678E3D1EBE7601C00F0B1FB8046E01C2AF083
S21400768808FD0121024640462AF0BFFC60218F48CB
S2140076988F4D0278DFF854C251436B1825F80180E5
S2140076A84FF44871198259618A495E839965E17871
S2140076B8D024642904BF012199709CF80030DFF8B3
S2140076C808E25C430EEB04010EF804304FF4007435
S2140076D84C8003240C718C7102EB420405EB4415B4
S2140076E832240133DBB201324B718D6081F8A04041
S2140076F802708CF800307CE6601C00F06FFB0022FD
S2140077084FF0380A8146DFF8DC8111462AF07DFC06
S21400771898F80030704D0AFB03F325F803904FF0F5
S2140077280109EA1882F80490E37873B1E01C00F0C7
S21400773855FB0022044611462AF067FC98F80030EC
S2140077480AFB03535C8083F8069064485D4A037816
S2140077589901535498F8001002EB8314C1EBC10248
S21400776805EBC2054A1C656388F80020D2E6601C53
S21400777800F034FB8046E01C00F030FB0546601D38
S2140077882AF087FC04460246012140462AF03DFCC2
S2140077982246284601212AF038FC60204FF4487C0F
S2140077A8DFF828E14A4A9EF8003000FB03F422F886
S2140077B80480DFF820811119A1F810C0C1F814C0A0
S2140077C84E83C1F85880591CC9B248431418A4F807
S2140077D810C0C4F814C06683C4F8588094241552A0
S2140077E83F4D981C8EF800002878DFF804C1444303
S2140077F803EB430301EB41010CEB040E02EB4313CE
S21400780802EB41120CF80400CEF80430CEF808203B
S21400781801302870EDE5601C00F0E0FA8046E01CB8
S21400782800F0DCFA00220546114640462AF0EDFB39
S21400783800223824114628462AF0E7FB2948264A1B
S21400784803784FF0000E04FB03FC22F80C804FF080
S214007858010802EB0C0181F806E081F8048003EBCE
S2140078680801C9B24C4302EB040C15539C1C047067
S21400787870241D4D8CF806E028788CF80480444364
S214007888DFF870C0C3EBC303C1EBC1010CEB040EF9
S21400789802EBC30302EBC1020CF80400CEF8043076
S2140078A8CEF808204044B4E7467901358E4284BFB6
S2140078B804714471D03010E5E45A002040260020B8
S2140078C8F0640020A41B0020A41C0020E35A00201B
S2140078D82022002045710000F01F0020E05A0020FA
S2140078E8DF5A0020E25A0020DE5A0020E15A002023
S2140078F8E819002098180020B9F1000F06D016F8ED
S214007908052C02EB420204EB8204B460314658466A
S21400791801F080FD09F101090BF1D00B0C361DE5CD
S21400792871180AD0481E09FB00B0C07900EB400069
S21400793804EB800409FB01B08460104609FB015182
S214007948039201F01FFB39781C48314409FB0151AA
S21400795801F086F8039A0136403209E5F54218BF69
S21400796811F8050C03911EBF00EB400004EB8004E1
S2140079788C6003FB052000F083FF039901350C316A
S21400798801E5F74218BF15F8053C29461CBF03EB6E
S214007998430304EB830408FB07A018BFAC6000F0A1
S2140079A845FE01370C3502E513F8011D00297FF462
S2140079B808AD3B2102F8011C03E500BFE41F0020C8
S2140079C807B5012121200DF1070200F01FFA18B9AA
S2140079D89DF80720024B1A7003B05DF804FB00BF41
S2140079E8A06A002007B5064B8DF80700187001211D
S2140079F80DF10702212000F019FA03B05DF804FB28
S214007A08A06A002007B5022101200DF1060200F049
S214007A18FDF938B9044814F0D5FEBDF8060003B0E1
S214007A285DF804FB0020FAE7BECC030007B5022188
S214007A38ADF806000DF10602012000F0F7F9014640
S214007A4810B1034814F0BEFE03B05DF804FB00BF97
S214007A58DFCC030010B5FFF7D5FF044601460748FC
S214007A6814F0B0FE0121064814F0ACFE24B9BDE8B7
S214007A7810400120FFF7DABF10BD00BF0FCD03008E
S214007A8821CD030008B5044814F09CFE00F0DEF98A
S214007A982AF01AFB2AF015FB37CD030038B5044642
S214007AA8084D094B28462B6000F006FA002C18BF34
S214007AB821462846BDE8384008BF4FF496712AF09C
S214007AC80DBB00BF44270020C91F03002DE9F04363
S214007AD8394D93B008AC0746894690460FCD0FC47B
S214007AE80FCD00260FC495E803000323012584E87C
S214007AF80300324C3248CDE90366CDE905668DF8B9
S214007B080E300796029534F0F8FC2E4834F0F5FC53
S214007B1832462D4920468DF8176005F025F833467D
S214007B2832462A498DF81900009020468DF8239091
S214007B38CDF82C808DF8216005F030F80A902046A4
S214007B488DF8097004F090FF204608AA05A905F0EC
S214007B584BF802AA204603A92BF0B5FB4FF4007297
S214007B681B4B5A62194BE560626A920510D46BB9D2
S214007B784FF40072164B11485A6204F075FF11480C
S214007B8834F0BEFC002013B0BDE8F083013BEBE701
S214007B98002BEDD0094908A82BF0C8FB4FF400725B
S214007BA80B4B06485A6204F05FFF064834F0A8FC00
S214007BB8BDF82000E7E700BFFC6804000040005A54
S214007BC84C6B0400486B040080841E0040420F0083
S214007BD80060005A0122034B1870034B1980034BB0
S214007BE81A707047E65A00205C6A0020E55A0020A2
S214007BF8F8B5454B1B780BB90020F8BD434B1B78EE
S214007C08012B03D1BDE8F8402AF0DDB9404B1C88AB
S214007C184FF6FF739C42EFD03E4834F06EFC0023CC
S214007C28260AE4B21A462146304604F0DDFE012E46
S214007C38354604F0010335D015D9B51E012DDBD81D
S214007C48002B0BBF4FF480754FF080754FF47061B2
S214007C584FF070610BBF01274FF480370F204FF4A9
S214007C6870202D4B11E0002B0BBF4FF480754FF0A2
S214007C7880754FF470614FF070610BBF01274FF4A9
S214007C8880370F204FF47020244B1A6802401CD00F
S214007C98BA421AD01A680A4032D11A6822EA010291
S214007CA82A4316E0002B0BBF4FF480754FF0807503
S214007CB84FF470614FF070610BBF01274FF48037A7
S214007CC80F204FF47020164BDFE71A6822EA0002EE
S214007CD83A431A602AF077F9054600288CD0083609
S214007CE844EA06102A460321C0B2FFF7EFFE40F624
S214007CF8FF73684300F2FF70B0FBF3F080B27CE7D6
S214007D0895427FF479AFC8E7E55A0020E65A002086
S214007D185C6A00204C6B040028C3035020C3035041
S214007D2824C3035010B5044C237823B9034834F011
S214007D38E4FB0123237010BDE85A00204C6B0400B6
S214007D482DE9F0431F4C85B0074688469146FFF755
S214007D58E9FF23781BB902F0EDF8012323707BBAFC
S214007D68ADF80C3030220023174E02FB03F4315DC9
S214007D78A51901BB012333554FF0FF3304F110005A
S214007D8812493044AB606F80C5F80480C5F80C9083
S214007D9809F0C8FB04F10801042231440C4B009595
S214007DA803A802F09DF9A96802460A4814F00AFDDD
S214007DB805B0BDE8F0830133102BD6D1064814F081
S214007DC801FDF5E7E75A00206C270020F31F0300A3
S214007DD80520030044CD030072CD030080B102786D
S214007DE8A2F14103032B0BD840783038C0B20828DC
S214007DF806D8054B134413F8413C40EA0320704765
S214007E084FF6FF70704700BF2469040008B50B469C
S214007E1842B101460448006803F0AAFABDE80840E3
S214007E282AF048B9022008BD5C65002008B50B4654
S214007E3842B101460448006803F022FCBDE8084049
S214007E482AF038B9022008BD5C650020F0B5002687
S214007E58124F8DB0FF2300930A223346386802A9D2
S214007E682AF0D6FFC0B102AB1D4603EB800404E03F
S214007E7855F8043BB34228BF5E1CAC423868E9D9C3
S214007E88296803F083FD0028F2D02D28F0D00DB025
S214007E98BDE8F0402AF00EB90DB0F0BD5C650020D4
S214007EA828B1034B0360034B43600023836070478D
S214007EB81900000304650020FF2307B50021044AC3
S214007EC80093083009F0B2FA03B05DF804FB00BF6F
S214007ED8DF2003000B460449024608680349097870
S214007EE808B12AF01FB97047782A0020EA5A0020FD
S214007EF8F7B50C4618B12921194834F064FB2468F4
S214007F0823685E795F8830463946FFF7E3FFF0B1AD
S214007F188568E5B1A089227D3946904291BF002048
S214007F28801AA36880B294BF03469B18E27C009030
S214007F383046A8470138032803D8DFE800F0080FC2
S214007F480B0D002420462EF0D8F8204600E08120AD
S214007F5803B0F0BD8024F5E79324F3E78724F1E720
S214007F689ACD0300F8B515460D4A044610680D4A22
S214007F780B46117850B122462AF0D4F8034628B1A9
S214007F8800210C27C678B14201DB0020F8BD07FBAC
S214007F9801F45A681019125BAA42F7D00131F2E7C9
S214007FA8782A0020EA5A002008B5034B1B6803B15C
S214007FB89847002008BD00BF742A00202DE9F74F17
S214007FC804460D460026454B454F1860454B19702C
S214007FD833010021F85C013610F0F8FA0C2EF7D1C0
S214007FE80C2D28BF0C254FF0000901953C4EDFF8F4
S214007FF800A13D4DDFF8FC80019B4B4502DC03B039
S214008008BDE8F08F23784FF0000B337063887380D9
S214008018A388B380A379C6F80880B371E379C8F853
S214008028005088F804304FF00003A768A8F8063018
S214008038E3795B450ADC012116F8100B10F0C6FA46
S21400804808F1080809F101090C34D5E74FF00003D8
S21400805838886B812880FB784FF0000C2B81BA7823
S214008068C5F804A0002A00920CBF802240222A737A
S21400807879680AF10C02634513DC03EB43030AEB49
S214008088830ABB6843B1009A4FF6FF71B2FA82F2D0
S214008098164B52092DF0C1FF14350BF1010B0C37A6
S2140080A8C6E7B1F800E00CF1010C22F80CEC91F8E8
S2140080B802E00C3202F816EC91F804E00C3102F8F3
S2140080C815EC11F809ECBEF1010F14BF4FF0100EB5
S2140080D84FF0110E02F814ECCDE700BF782A002006
S2140080E8D0410020EA5A00207C300020F97E0000AB
S2140080F87C2A0020FC320020014B1860704700BF25
S214008108702A0020014B1860704700BF742A0020B0
S21400811870B5128805460E46FFF724FF044670B170
S21400812802790499806815F0BDFC064B1B680BB9EC
S214008138002070BD3146284622889847F8E78620F2
S214008148F7E700BF702A002008B50FF0DBFA022810
S21400815806D0012806D0044B18784000C0B208BDE7
S2140081680120FCE70220FAE7E95A0020054B10B583
S2140081781C682CB1FFF7E8FF2346BDE810401847F7
S21400818810BD00BF6C2A0020014B1860704700BF66
S2140081986C2A0020034B1A781AB901221A700BF0C1
S2140081A811BB7047E95A00200022024B1A70FFF7ED
S2140081B8DDBF00BFE95A002037B50446002832D094
S2140081C80FF0A0FA022830D160892EF0F8FAE0798C
S2140081D8237A003818BF0120012B637A08BF40F0C5
S2140081E808000BB140F0100063890BB140F00400A2
S2140081F8257CA188A2790DB1E36873B90C4B10F001
S214008208C1FD2178084610F039FE2DF001FE002841
S21400821814BF0320002003B030BDCDE90035054B60
S21400822810F0B0FDEDE70220F5E70120F3E700BF08
S214008238651E04002EEE030008B50DF021FC01466D
S21400824830B1044814F0BEFABDE808400DF0BCBFD3
S21400825808BD00BF0CCE0300034B044A5B7C01211B
S21400826803201370FFF7E2BDF0640020EB5A0020ED
S21400827810B50446FFF7F0FFB4F57F4F0BD1002486
S2140082880F4B1A8813449C70FEF702FF2046BDE881
S2140082981040FFF703BC4FF601739C4204D1BDE8BB
S2140082A81040084829F015BE4FF602739C4205D1C7
S2140082B8BDE81040044B1878FFF794BB10BD00BF0C
S2140082C868550020F0640020A06A002010B5074C0E
S2140082D8012122460320FFF799FD28B92378044A8E
S2140082E8003B18BF0123537410BD00BFEB5A002093
S2140082F8F0640020F8B5564B564C1A884FF6FF73B4
S2140083089A4218BF03234FF0080218BF2370524B37
S21400831830251A7032225A70DA70DA7133229D705C
S2140083285D7137251A724FF400129D714B4D362633
S214008338C5644B4D426405654A4D012285654A4D24
S2140083481E71C565494D86184566494DC6678566DA
S214008358484D494E0567494D80F848204567202511
S21400836880F8785080F8845000F12105C0F88850CD
S214008378434D80F85420C0F88C5080F8602080F870
S2140083886C20C0F8806080F89020C0F89440C0F850
S214008398B8303C4B3C4CC0F8BC300223C0F8984080
S2140083A83A4C80F8C030C0F8A4400F24384B80F808
S2140083B8A840C0F8C430374B374CC0F8C8308223C2
S2140083C8C0F8AC40354C80F8CC30C0F8B040092432
S2140083D8334B344DC0F8D030334B80F8B440C0F837
S2140083E8D4302C7C314B80F89C20C0F8A00080F854
S2140083F8D820C0F8DC3044B12D4B80F8E420C0F813
S214008408E03005F11103C0F8E8304FF0000CCA79E7
S2140084188E6802EB42039F00443006EB830326F87F
S21400842807C0586001200D349870DC701318CB71A3
S214008438FFF7C6FAFFF74AFFFFF786FE012806D1C0
S2140084482B7C23B1BDE8F840164829F042BDF8BD9C
S214008458546A0020A16A0020EC5A00203D690400F6
S214008468010020003C690400020020003B6904006B
S214008478030020003A690400050042000400420098
S21400848807003000FDFF21001200100100404200E6
S2140084983869040000FF4401286904000600420009
S2140084A868550020F064002002FF2001A06A002022
S2140084B801FF100113B504460D4829F071FC64222B
S2140084C8C0F30F43637083B2B3FBF2F3A078237054
S2140084D82022012129F048FEA0782122012129F036
S2140084E843FE0449201D02B0BDE8104029F0F6BD41
S2140084F8546A0020E09304000B7870B583704CF63D
S2140085081E0303804FF02013C362012380F8303027
S21400851880F83C30C3180364124B044643640223B5
S214008528114A80F84830114B8263C3644063CA79A5
S2140085388D6802EB420305EB830004F12C064660C7
S2140085480B4E45F8236000238360531CCB71094B00
S214008558201DC4E90134FFF7AFFC2046BDE8704093
S214008568FFF7A8BFFDFF2100210020003E69040098
S21400857801000103BD840000437B044A01211370F7
S21400858800781130C0B2FFF751BC00BFF65A002081
S21400859838B504460078054D11302A460121C0B288
S2140085A8FFF734FC08B92B78637338BDF65A0020F9
S2140085B8024B53F8200029F0B2BE00BF5C330020FF
S2140085C8012908B506D0022907D049B929F09EFE28
S2140085D8002008BD29F09DFEFAE729F09DFEF7E782
S2140085E8024814F0EFF80120F3E700BF39CE030085
S2140085F810B4054C114654F820001A46BDF804304D
S2140086085DF8044BFFF7DCBF5C330020002310B591
S214008618044683810364A0F844304830FFF74CFCD6
S214008628014BC4E9123410BD0D23030038B50446C7
S2140086380B781A4A43700D4642F82300FFF7E6FF08
S2140086482046FFF7A5FF4FF4401323610123144A81
S2140086582375A261134A84F82030E261124A84F82E
S2140086682C306262114A84F83830A26204F10C0297
S21400867822630F4A04F10D036263E363EA79A8688C
S21400868802EB420300EB830110344C60094C40F8BF
S2140086982340094B8B60531CEB7138BD5C330020BC
S2140086A8F55A002008002000A26A002000FF3000CB
S2140086B801FF100102010104F985000010B47024BE
S2140086C8427B0D48013A012904FB020006D0022924
S2140086D808D059B95DF8044B29F018BE5DF8044B6C
S2140086E829F017BE5DF8044B29F016BE03485DF85E
S2140086F8044B14F067B800BF9818002055CE030046
S214008708B0F85C302DE9F0418B4204460E4638D06E
S214008718437B077C8BB31C4A12789A422DD370256C
S2140087281A4A013B05FB032390F80F801B7B424641
S21400873829F003FEB845054601D1FF281FD13A4661
S2140087483146204694F8903029F0F7FD2F46054626
S214008758552212216078A4F85C6029F005FDFF2FE9
S21400876803D039462046FFF7A9FFFF2D09D0294632
S2140087782046BDE8F04129F020BEFF25DFE7074682
S214008788E6E7BDE8F08100BFDE5A00209818002012
S21400879841688268C978D27849B112B10321FFF7D7
S2140087A8AFBF837B002B0CBF01210221F7E72AB15C
S2140087B8837B002B0CBF02210121F0E7014814F04F
S2140087C801B800BF66CE0300037BD3B14368DA78EE
S2140087D812B18268D278A2B91B7933B1837B002B99
S2140087E80CBF04210521FFF78BBF83681B792BB1CB
S2140087F8837B002B0CBF05210421F4E7014813F006
S214008808E1BF704798CE0300084A437B05211370E2
S214008818837B5370C37B9370037CD370037B137185
S21400882800780E30C0B2FFF701BB00BFF75A002031
S21400883838B5044600780C4D0E302A460521C0B2DD
S214008848FFF7E4FA20B1BDE83840084813F0BABF8D
S2140088582B7863736B78A373AB78E373EB78237426
S2140088682B79237338BD00BFF75A0020D4CE0300F7
S214008878024B53F8200029F0EABD00BF84330020DD
S214008888F8B504460B78424A43700D4642F8230072
S214008898404E29F0FAFDFFF7CBFF6268A3683E4812
S2140088A83E49D6641165D4655065C3E91410DE6484
S2140088B8DC654FF0987302266361012304F10C010E
S2140088C8E16137491032216204F10D01A162354990
S2140088D82376E16204F10E016163334984F824309B
S2140088E8A16304F10F012164304984F830306164D3
S2140088F804F11001E1642E4984F83C3084F84830CD
S214008908216584F85460A265E879A96800EB4002FE
S21400891801EB820704F1140CC7F804C04FF4817CFD
S214008928244F41F82270C218D2B202EB420241F834
S21400893822C001EB820700227A601F4A84F8703052
S21400894822661E4A84F88830A2661D4A1D4BE266D7
S2140089581D4AC4F88C3062671C4A8319A26704F162
S2140089685C02C4F88020DBB2194A03EB4303C4F860
S214008978842084F8646084F87C6001EB83026034A9
S2140089885460144A033041F82320E871F8BD00BF4C
S214008998843300209987000019240300D18700003B
S2140089A8010020010200100103003001040030011C
S2140089B80500210101FC01064A0021004069040067
S2140089C85100100042690400436904005500210064
S2140089D86F0018001200010470B50D4606461446CE
S2140089E813460A4601461A4813F0ECFE25B92046F7
S2140089F8BDE87040FFF73CBC072D05D12146304640
S214008A08BDE8704000F0CABC4FF601439D4205D150
S214008A1821463046BDE87040FFF72ABF062D05D12F
S214008A2821463046BDE8704000F066BAB5F5817F4D
S214008A3805D121463046BDE87040FFF7B9BD202D68
S214008A4804D12046BDE8704000F0ECB870BD00BF09
S214008A5803CF03000148FFF74FBB00BFE1890000C2
S214008A684FF4C01330B5036001230371074B8C68BD
S214008A788360CA7902EB420304EB83056860044806
S214008A8844F82300531CCB7130BD00BF4469040072
S214008A98040001010368064A0C211360436853600A
S214008AA803891381438922205381FFF7BFB900BF8A
S214008AB8AC33002010B50368044686B0FBB11148F5
S214008AC813F080FEA37B104A8DF804304FF48273AF
S214008AD8ADF806300123CDE90223002301A804934C
S214008AE88DF81430FFF768FB2046618929F0DDFC15
S214008AF82046FA2150F8143B594329F0EFFA06B0FD
S214008B0810BD00BF36CF03002000000110B5064C8C
S214008B18236843B1054813F055FE2068BDE81040A9
S214008B28418929F0C2BC10BDB833002057CF0300D6
S214008B3870B5364910460C68BDF81020002C5ED07B
S214008B4803285CD8DFE800F0021E2745002B5AD021
S214008B58022A58D91D78B3F80160291E18BF0121CA
S214008B6832462B4813F02EFE2DB13146204629F00A
S214008B789CFC002070BDE573FA206368584329F012
S214008B8834FBF6E7234813F01DFEE37B002B38D0B2
S214008B980023E373F0E7002B35D0032A33D91D688A
S214008BA81D48294613F00EFE1C4B2A1F9A4201D96F
S214008BB80220DFE723680BB19D42F9D823899D423E
S214008BC8F6D3E37B6560B3B9FA20684329F00DFB5A
S214008BD811E0002BCED0012ACCD91D881048294692
S214008BE813F0F0FD002DE3D063689D42E0D8E37BE8
S214008BF82581002BE8D12046FFF74CFFB9E7012076
S214008C08B8E70420B6E70320B4E700BFB83300206F
S214008C187ACF0300B1CF0300D0CF0300FCFF6D006E
S214008C28FBCF030038B5154B1C6834B3F0B9216880
S214008C38134813F0C7FD23683BB16268934204D219
S214008C48104813F0BFFD6368236004F11405284636
S214008C5829F049FA236823B1FA212846594329F00E
S214008C683DFA2046BDE83840FFF714BF032804D174
S214008C786189054813F0A6FDF3E738BDB833002030
S214008C8826D0030054D0030089D0030070B53E4BAD
S214008C980D46044609781860002A6FD101231A4643
S214008CA8A1730021E1730121A1814FF46151C4E948
S214008CB800132823354E22810C2132462220638158
S214008CC8FFF7A4F860B9D6E900230AB19A4207D399
S214008CD8318999429FBFC4E9002373892181638142
S214008CE82B4B2C4AE363042384F8403084F84C303A
S214008CF8E3182365284BA2646365022304F108027F
S214008D08E265264A84F85830226604F10A02A2660A
S214008D18234A84F8643084F8703004F10C03E26661
S214008D2863676464EA79A86802EB420300EB830190
S214008D3804F13C064E601B4E40F82360FA261A4B98
S214008D481A488B60531CEB71FFF7DCF9208904F195
S214008D581405704329F049FA6189204629F0A5FBD5
S214008D68134B2846C4E90534FFF7A6F8216849B12D
S214008D7828467143BDE8704029F0B0B94FF4F07347
S214008D8802228DE770BD00BFB8330020AC33002048
S214008D980000230101002300020021000300210136
S214008DA8FDFF210020000105398B0000158B00000F
S214008DB8BD8A0000134B10B51C680CB3E37BEBB1FF
S214008DC829F095F92369C01A002809DB0E4813F024
S214008DD8F9FC0023FA20E3736368584329F005FA80
S214008DE8E37B5BB12489FA235C4329F009FAA042A5
S214008DF806D02046BDE8104029F0F7B96468F2E7C7
S214008E0810BD00BFB8330020B6D0030038B5002424
S214008E18044D55F8040B08B129F05AFB01340A2C06
S214008E28F7D138BDBC330020042908B50AD172B181
S214008E386BB113781BB929F076FB002008BD29F022
S214008E4868FBFAE7034813F0BDFC0120F6E70320A9
S214008E58F4E700BFF0D0030010B4054C114654F8F0
S214008E6820001A46BDF804305DF8044BFFF7DCBF57
S214008E78BC3300200229024608B50ED004D839B9FA
S214008E88104629F050FB06E04029F9D0412907D1C1
S214008E98104629F03EFB002008BD29F04EFBFAE7F5
S214008EA8024813F08FFC0120F6E700BF10D103003C
S214008EB810B4054C114654F820001A46BDF8043084
S214008EC85DF8044BFFF7D6BFBC330020426B094B56
S214008ED852791A7082785A70C2789A70826B12B178
S214008EE890F83C20DA70007804210930014AC0B2B4
S214008EF8FEF79CBFFC5A0020024B53F8200029F0CE
S214008F0838BB00BFBC33002038B504460078084D8F
S214008F1809302A460421C0B2FEF778FF30B96B78CC
S214008F28A370AB78E370EB7884F83C3038BD00BFAC
S214008F38FC5A002038B504460078114D09302A46F8
S214008F480421C0B2FEF762FFC8B9A3782A78022BBC
S214008F580CD004D863B9204629F0E5FA01E0FF2BC7
S214008F680AD02046BDE8384029F0B2BA002AF2D125
S214008F78204629F0CEFAF4E7002AF9D1EBE738BD07
S214008F88FC5A0020F8B504460B78284A0D4642F8E5
S214008F9823004370FFF7B8FF636B254A5C631A63C8
S214008FA82046FFF7C7FF204629F092FA4FF48013B1
S214008FB863600123626BA66B0532E2601D4A23726A
S214008FC82261A21C2375A26166B11B4A84F8203070
S214008FD8E261E21C6262194A84F82C3004F13C0310
S214008FE8A26223630627EA79A96802EB4203002EE9
S214008FF821F8237001EB83000CBF02230423C370FF
S214009008012383700E4B04348360531C4460DBB228
S2140090180C4C03EB430341F8234001EB8300002389
S2140090284360094B02328360EA71F8BDBC33002006
S214009038572503000340300101FF300102FF1001ED
S214009048B98E000008000100618E000028B1034BAD
S2140090581B78834234BF002001207047E05A002066
S21400906870B500250A4C0B4E3378AB4200DC70BD59
S214009078D4F8A42042B123791BB16079FFF7E6FF44
S21400908810B9104628F016FF0135D034ECE700BFBB
S214009098A41C0020E15A002008B542790146104673
S2140090A8FFF7D4FFA8B1CB780A48013A042B00EBA7
S2140090B882100ED8012B08D81BB9BDE8084029F045
S2140090C828BABDE8084029F02EBABDE8084029F0BD
S2140090D834BA08BDA41B002008B5427901461046DC
S2140090E8FFF7B4FFA8B1CB780A48013A042B00EB87
S2140090F882100ED8012B08D81BB9BDE8084029F005
S21400910812BABDE8084029F004BABDE8084029F0BC
S21400911814BA08BDA41B002010B586B00446FFF795
S21400912813F8012830D1E278042A2DD8DFE802F0B7
S21400913813323403030061790846FFF787FF58B3F4
S2140091481648032A00EB811050F80C3C58791DD1BC
S214009158003818BF012063784FF480728DF8043009
S2140091684FF48273ADF806300623ADF808300123B5
S2140091788DF80B3000238DF80A0001A8CDE90323EB
S2140091888DF81430FFF718F806B010BDB0FA80F066
S2140091984009E0E70020DEE70220DCE7A41B002009
S2140091A810B586B00446FEF7CFFF012830D1E27826
S2140091B8042A2DD8DFE802F013133203030061797E
S2140091C80846FFF743FF48B31548032A00EB81100B
S2140091D850F80C3C5B791DD11A1E18BF0122637823
S2140091E88DF80A208DF804304FF48273ADF80630F7
S2140091F80623ADF8083001234FF480728DF80B3043
S214009208002301A8CDE903238DF81430FEF7D4FF18
S21400921806B010BDB3FA83F25209E0E70222DEE791
S214009228A41B002010B586B00446FEF78DFF012863
S21400923812D16378094A8DF804304FF48273ADF87A
S21400924806304FF48073CDE90223002301A8049367
S2140092588DF81430FEF7B0FF06B010BD0800070101
S21400926810B586B00446FEF76FFF012820D1627855
S214009278104B8DF804204FF4827294F8A01094F8DE
S214009288A10059701870ADF8062004934FF4807248
S2140092980223094901A88DF81430CDE90212FEF719
S2140092A88BFF94F8A130013B18BF012384F8A13046
S2140092B806B010BD005B00200800050110B58378D5
S2140092C8044633B30379022B0AD142791046FFF7D6
S2140092D8BDFE28B10F48013A00EB821029F02DF99F
S2140092E8A379022B02D12046FFF716FF2046FFF788
S2140092F8B7FF022360781221A4F86C30552228F0B4
S21400930833FF04F1A8004FF4FA71BDE8104028F0C6
S214009318E5BE10BDA41B00204388094A0821138017
S2140093288388538083681B8A938090F8A030937153
S2140093388379D37100780430C0B2FEF777BD00BFDA
S214009348EA55002038B50D4604460178114813F052
S21400935839FA4FF602739D420ED10F4B1B782BB984
S21400936863712046BDE83840FFF7D6BF62790AB178
S2140093789342F6D20123F3E7B5F57F4FF1D12046A5
S21400938829F094F9A378022B0CBF01220022A368C7
S2140093989A70E6E72CD10300E05A0020024B53F8F7
S2140093A82000FFF7CFBF00BFE433002038B50446DF
S2140093B80078144D04302A460821C0B2FEF726FD70
S2140093C820B1BDE83840104813F0FCB92B886380FC
S2140093D86B88E978A380AA88A3681A82AB7984F890
S2140093E8A030EB79A371094B1B780BB9637138BDB4
S2140093F809B19942FBD9064813F0E4F923780133FA
S214009408F4E700BFEA55002046D10300E05A0020E2
S2140094186FD10300F8B504460B784B4A0D4642F860
S21400942823004370FFF7C2FF484B04F1A800C4E9C5
S2140094382A34FEF741FDA268454BD465D364454BF4
S21400944802265365444BA11C13654FF44013E36092
S21400945801236161E1624149103221632265211DC1
S2140094683F4AA1633F484049626504F1A002A061F3
S214009478E163E265E01C611D3C4A206261643C4889
S2140094883C492266A21D2374237784F8283084F882
S214009498343084F84030A16484F84C6084F858303E
S2140094A884F864306062A266E879AA6800EB400136
S2140094B802EB810704F10C0CC7F804C04FF0060C49
S2140094C82D4F42F82170C118C9B201EB410142F88C
S2140094D821C002EB810700217960284F84F880308C
S2140094E82767274F84F89830A767264F264BE767E5
S2140094F8264F84F8746084F88C60C4F89C3004F1B5
S2140095086C06831CC4F88470C4F89060204F214E03
S214009518DBB203EB4303C4F89460C4F8887002EB2C
S21400952883067034746008261B4C42F82340C31C1C
S214009538DBB203EB430302EB8304043042F82360F8
S2140095486160E871F8BD00BFE4330020A125030080
S214009558FB2503004D260300C592000001FF3001DD
S21400956804FF20011000300102FF200105FF300132
S21400957800FF300103FF2101070001084A0021000F
S214009588466904005100100048690400496904004F
S214009598550021006F0018001200010400239B6A82
S2140095A8B3F5C04F03D21968064A914203D0002388
S2140095B8037083607047012202709A689B69426054
S2140095C8F7E700BF07B0CD5E024B034A1A602AF0E1
S2140095D8BDBA00BF0000002002020FF073B5534B5F
S2140095E804461A781AB102221A7002B070BDCDE984
S2140095F800220028F9D001261E7032F05DFF4C4D7F
S2140096084C4B186017F0E0FA2B785BB902F062FA58
S21400961840B949480823494A4949006801F0A8FE64
S21400962800B92E70474B5A6E62619B6E464AA3611C
S2140096384FF40043936603F188435968E161434950
S2140096489960196E2160596E6160D3F87011A16037
S214009658196CE160596C21613D49086C1864496CC5
S2140096685964012151664FF4005191661A6E5604EA
S21400967836D53849CA68D407FCD45B6E5A0434D544
S214009688354AD36B13F0430FFBD1344B1A68531C7F
S21400969831D04FF400139340314A13660423304CFC
S2140096A8684623664FF480632366102323664FF4C8
S2140096B8005323664FF0804323664FF4804301A986
S2140096C8636629F00BF8009B2366019B63662B787C
S2140096D8002B8AD0194B1A6822665B68636684E793
S2140096E82049CA68D007FCD4C7E71F4AD36B13F0D3
S2140096F8430FFBD1C9E71D4B1B78002BCED14FF487
S2140097088072114B5A661A4A52681AB94FF40011F9
S214009718134A11664FF400725A66164B5B68002BA4
S214009728BCD14FF480020E4B1A66B7E7035B0020E5
S214009738045B00202C3400205C65002030340020B8
S21400974800710800008000500090005055CEAC0014
S21400975800C00054000004400000024C28650020A9
S21400976800900044000004500000025C025B0020E9
S21400977800C005500000065070B52C4D04462E78E3
S214009788012E02D001232B7070BD0028FCD028F0D3
S214009798CAFF01300BD028F0C6FF40F201139842EA
S2140097A805D0234B234A5E66D368DE07FCD4224BDB
S2140097B822491B6E13F0040F4FF4005314BF1C4AC3
S2140097C81F4A9366CA6B12F04302FBD121681A4BF4
S2140097D8196661685966A168C3F87011E16819646A
S2140097E821695964E169C80748BF9A60154B1A6829
S2140097F801320DD1144A127852B914494968C9077A
S21400980848BF1A60124A5268D20744BF01221A603B
S2140098186269104B5A66A2699A6617F0DDF90E4B14
S214009828186832F044FE0023ADE700BF035B002053
S2140098380090004000000440008000440000024CF5
S2140098480090005028650020025B002000C00550EC
S21400985800000650008000502C34002070B500240C
S214009868A36AB3F5C04F23D21A68134B9A421FD186
S214009878124E337813F0FD0518D14FF48034104893
S214009888FFF7ACFE032004F0B9FC0E4B0320DC60A7
S21400989804F098FC0C4B1C61AB6ADB6998470446DD
S2140098A80748FFF769FF0CB901233370204670BDDF
S2140098B84FF48174FAE700BF07B0CD5E025B002064
S2140098C80C34002000A000440090004413B5204B40
S2140098D81B7803B9FEE700231E4CCDE900336A4621
S2140098E808231D49206801F043FDF8B91B4AD2F841
S2140098F84031D2F840211F2B4FF0010311D9203AEE
S2140099089340019A1A43019208236A46124920682E
S21400991801F0B6FE124B134A1A602AF017F902B085
S21400992810BD9340009A1A430092EDE72D28F1D116
S2140099380A4AD2F84031D2F840211F2B4FF00103D3
S21400994885BF203A93409340019398BF0093DBE786
S214009958035B00205C65002000710800008000445E
S214009968000000200B020FF038B50025AB6A04464D
S214009978B3F5C04F10D21B6BB3F5C04F0CD20748D7
S214009988FFF72CFEAB6A20461B6B5B689847BDE862
S21400999838400248FFF7F0BE38BD00BF3834002014
S2140099A813B50024A36A0190B3F5C04F13D21B6BFE
S2140099B8B3F5C04F0FD20948FFF710FEA36A01217E
S2140099C81B6B01A89B69984704460448FFF7D4FE1A
S2140099D8204602B010BD4FF48174F9E738340020F1
S2140099E870B50026B36A0446B3F5C04F0D4612D2CA
S2140099F81B6BB3F5C04F0ED20848FFF7EFFDB36AEE
S214009A0820461B6B29469B69984704460348FFF780
S214009A18B3FE204670BD4FF48174FAE73834002050
S214009A2870B50026B36A0446B3F5C04F0D4612D289
S214009A381B6BB3F5C04F0ED20848FFF7CFFDB36ACD
S214009A4820461B6B2946DB69984704460348FFF700
S214009A5893FE204670BD4FF48174FAE73834002030
S214009A68F8B50027BB6A0446B3F5C04F0D46164640
S214009A7811D21B6B7BB10948FFF7B0FDBB6A2046C5
S214009A881B6B324629465B6A984704460348FFF72D
S214009A9873FE2046F8BD4FF40174FAE73834002008
S214009AA870B50026B36A0446B3F5C04F0D4612D209
S214009AB81B6BB3F5C04F0ED20848FFF78FFDB36A8D
S214009AC820461B6B29469B6A984704460348FFF7BF
S214009AD853FE204670BD4FF40174FAE73834002070
S214009AE8F0B50027BB6A0446B3F5C04F0D461646C8
S214009AF8ADF5177D20D21B6BB3F5C04F1CD21048AE
S214009B08FFF76CFDBB6A20461B6B40F251225B6A6E
S214009B1801A99847044630B10948FFF72DFE2046AC
S214009B280DF5177DF0BD836A32461B6B2946DB6A46
S214009B3801A898470446EFE74FF40174EFE700BF23
S214009B483834002010B50024A36AB3F5C04F10D2ED
S214009B581B6BB3F5C04F0CD20748FFF73FFDA36A4F
S214009B681B6B1B6B984704460348FFF705FE204609
S214009B7810BD0124FBE700BF38340020F0B58FB0D5
S214009B88044601A80E461546FFF7EEFE9DF80C3073
S214009B98012B12D1B5F5002F27D8B4F5002F24D8FD
S214009BA86319B3F5002F20D821462A46304614F00C
S214009BB8B7F8002420460FB0F0BD0027BB6AB3F5FF
S214009BC8C04F15D21B6BB3F5C04F11D20A48FFF72A
S214009BD805FDBB6A2A461B6B314620465B6B9847D9
S214009BE804460548FFF7C8FDE4E740F20244E1E70B
S214009BF840F20114DEE700BF38340020F0B58FB01D
S214009C08044601A80E461546FFF7AEFE9DF80C3032
S214009C18012B1FD1B5F5002F06D8B4F5002F03D8B1
S214009C286319B3F5002F13D940F2024420460FB04B
S214009C38F0BDE258013225D104339D42F9D82A46B0
S214009C483146204600F082F80028EDD00024EDE7E3
S214009C580023F2E70027BB6AB3F5C04F15D21B6B8B
S214009C68B3F5C04F11D20A48FFF7B8FCBB6A2A46BC
S214009C781B6B314620469B6B984704460448FFF703
S214009C887BFDD3E740F20344D0E740F20114CDE76A
S214009C983834002070B58EB0044601A80D46FFF78C
S214009CA863FE9DF80C30012B22D144EA0503C3F36A
S214009CB80C03002B33D1B5F5002F04D940F202442B
S214009CC820460EB070BDB4F5002FF7D82544B5F57C
S214009CD8002FF3D8204604F5005400F029F8AC42CB
S214009CE802D00028F6D1E9E70028E7D00024E7E705
S214009CF80026B36AB3F5C04F14D21B6BB3F5C04F3A
S214009D0810D20A48FFF76AFCB36A29461B6B20463E
S214009D18DB6B984704460548FFF72EFDD0E740F270
S214009D280444CDE740F20114CAE700BF38340020E7
S214009D384FF4003208B5044B9A6632F061FEB0FA6A
S214009D4880F0400908BD00BF00900050134610B5CB
S214009D5862B103439B070BD14FF40034054B9C6656
S214009D6832F046FEB0FA80F0400910BD0120FCE74C
S214009D780020FAE700900050BFF34F8F0549064BC6
S214009D88CA6802F4E0621343CB60BFF34F8F00BF8C
S214009D98FDE700BF00ED00E00400FA0570B5D0B19D
S214009DA8C9B10E4E431E013913F8014F2046325DE5
S214009DB802F00302012A11F8012F08BF04F120005F
S214009DC8B55C05F00305012D08BF2032801A01D1C5
S214009DD8002CE9D170BD0120FCE700BFDD9004002F
S214009DE80348044A0449121A921028F001BD00BF1D
S214009DF840610000186300002062002008B5154B7B
S214009E0883F30A8800F030F8FFF7EAFF124B13498D
S214009E188B4212D30020124B12498B4218D3FCF700
S214009E2881FF186850F82240586840F822400132EE
S214009E3898688242F5D30C33EAE70022F8E71C68F4
S214009E4844F8220001325C68A242F8D30833E4E7FB
S214009E580022F8E70800002008CD040014CD04000E
S214009E6814CD040014CD04004FF40041134B144ADB
S214009E7870B59A60D3F88820124D42F47002C3F881
S214009E888820114A05F5005491664FF0FF32226685
S214009E984FF6DF7262660222C3F8D020BFF34F8FF8
S214009EA8BFF36F8F4FF44036032004F0A7F9032062
S214009EB8E66004F087F92E6170BD00BF00ED00E093
S214009EC8006000000080004400900050054B1860B9
S214009ED8054B1B6F03F00703032B01D130F038BC8A
S214009EE8704700BF38650020008000502DE9F0411B
S214009EF804464FF001080C250D4E0CB9BDE8F0815C
S214009F0894FAA4F0B0FA80F00F2808FA00F2C8BF56
S214009F18103824EA0204CABF05FB006205FB00628B
S214009F28B4325768002FE8D09168C0B2B847E4E763
S214009F385834002008B50C4832F0DFFA192004F02F
S214009F484FF928B1192004F059F9192004F03AF904
S214009F581A2004F045F928B11A2004F04FF91A20FF
S214009F6804F030F9002008BD4C6B04002DE9F041E0
S214009F780E461746054618B30F2923D80378DBB1D3
S214009F88013BDBB2022B19D8104AD35C6A78D3405F
S214009F98DB0717D50E4BD3F81043ACB932F08CFA62
S214009FA880463A462846314603F064F8404632F082
S214009FB87EFA2046BDE8F0817F23E7E70023E5E741
S214009FC82224F6E72124F4E70224F2E79C69040039
S214009FD800C0035010B5044610B30378E3B1013B44
S214009FE8DBB2022B1AD8104AD35C6278D340DB0760
S214009FF818D532F061FA0122617823788A40302138
S21400A0084B4341F2100103F1A04303F570335A5055
S21400A01832F04DFA002010BD7F23E6E70023E4E780
S21400A0282220F8E72120F6E79C69040010B50446CC
S21400A03810B30378E3B1013BDBB2022B1AD8104AFF
S21400A048D35C6278D340DB0718D532F035FA0122A4
S21400A058617823788A4030214B4342F2100103F19D
S21400A068A04303F570335A5032F021FA002010BD91
S21400A0787F23E6E70023E4E72220F8E72120F6E737
S21400A0889C69040038B50D46044618B311B3037826
S21400A098E3B1013BDBB2022B1AD8104AD35C6278D4
S21400A0A8D340DB0718D532F007FA3022237853431B
S21400A0B803F1A04303F570335B696278D34003F07D
S21400A0C801032B7032F0F3F9002038BD7F23E6E752
S21400A0D80023E4E72220F8E72120F6E79C6904003D
S21400A0E82DE9F0410D4616469846044600284FD0FE
S21400A0F800294DD00178002940D04B1EDBB2022B38
S21400A1083ED8254AD25C6378DA40D20701D4FF29C4
S21400A11840D1022E01D9042E3CD132F0CDF9237855
S21400A1280746FF2B05D032462046296802F0E8FF8E
S21400A13828602B68013309D12378FF2B06D1174BEB
S21400A1486078D3F8241429F024F9286029684B1C71
S21400A15818D00C23124A03FB0122069BC2F804807F
S21400A16893602378FF2B04D001230E4A8B40C2F855
S21400A1782434384632F09BF9002007E07F22C2E7F5
S21400A1880022C0E7384632F092F92D20BDE8F0816B
S21400A1982220FBE72120F9E79C69040000C0035051
S21400A1A85834002000D0035008B502F059FF054B7C
S21400A1B800F0553020F05020C3F82004BDE80840D1
S21400A1C8FFF794BE00E0035008B502F049FF054BC0
S21400A1D800F0AA3020F0A020C3F82004BDE808400C
S21400A1E8FFF784BE00E003502DE9F04F14460546FD
S21400A1F80E469B46C36B87B001225B6902A960685E
S21400A2089847EB6B01225B6903A93046984702A87A
S21400A21828F0EDFE074648B10023A37563754FF096
S21400A228FF33A360002007B0BDE8F08F03A828F02E
S21400A238EBFE0123A375237E04EBC303DE611F84B4
S21400A2486368B3420ED1206003A828F0FFFE4FF0E3
S21400A258FF332075A360237D043B022B26D80023FA
S21400A268A375DFE723681A1A53425341A37503A858
S21400A27828F0ECFE237D834218BFA77503A828F0B4
S21400A288C7FE074602A828F0C3FE874218BF002369
S21400A29803A818BFA37528F0C3FE074602A828F02F
S21400A2A8BFFE87421CBF0023A375D4E703A828F087
S21400A2B8AFFE80B1EB6B022230465B6904A9984773
S21400A2C804A828F0B4FE0346207D032839D8DFE822
S21400A2D800F03838040903A8F3E7CC22237E04EB01
S21400A2E8C3031A8401F06EFC109B187003A8277E1F
S21400A2F828F082FE04EBC70787F82200237E03A80F
S21400A30804EBC303B3F8209093F8227028F080FE7D
S21400A318804603A828F084FE8246B8F1000F15D0C0
S21400A328EB6B022230465B6904A9984704A828F01C
S21400A33843FE6075637D6BB90023A3754FF0000874
S21400A34838E0227E04EBC2021384CBE703A828F089
S21400A3581EFEEEE794F81680B8F1000FEED0B9F1BD
S21400A368000F09D1DFB10123E375637E002B4FD1BF
S21400A378012F42D1677614E06B6C06EB0A015A424D
S21400A38886EA010010421CBF0022A2755A1E0A4027
S21400A3989B1A9945D0D8A37D002BE3D1CEE7E37D61
S21400A3A843B94FF000084B4652463146284628F037
S21400A3B869FBA060A27D12B123694B4423611A4948
S21400A3C8237E097899422AD901332376BBF1000FF8
S21400A3D827D032B3E37D23B3B8F1000F21D1032F82
S21400A3E81FD0A1684B1C1CD0109B22460093284601
S21400A3F80123FFF7F9FEA07513E095F8343063B92A
S21400A408EB6A0133CFD1032FCDD10123A376C8E75A
S21400A418012FCFD0032FC4D1F7E79846C3E7002310
S21400A428A375A07DFFE600BFC06904002DE9F04FC4
S21400A4380E46984600238BB004464FF0FF31104670
S21400A44817468DF8133001F0A7FBB6F5801F20D20B
S21400A458314605AA04F1080028F01BFD451C0146F4
S21400A46803D1237CBBB92D2010E0384601F094FBBD
S21400A4780122394620460DF1130328F055FB002823
S21400A488EFD09DF8133088F8003000200BB0BDE8F8
S21400A498F08FB01CE5D1E56A691C36D12046616AA2
S21400A4A828F036FA0546B31C18BF0123DFF8CC900F
S21400A4B80193636A626C0293236805A902FB053A56
S21400A4C8E36B05225B695046984705A828F02AFEE4
S21400A4D828F04DFE504628F055FE4FF0000B8246F9
S21400A4E801464B1C05D0636C81EA0A025B421342A4
S21400A4F811D02946204628F00BFA029BAB422CD0F6
S21400A508BBF1000F2CD10546D3E72368ED1A636C20
S21400A518B5FBF3F5C7E7484601F03EFB0DF113031C
S21400A52849462046019A28F0FFFA034690B1B21C25
S21400A53803D0D9F80020B2420CD19DF8132003931B
S21400A5480D4B88F8002049461A68384613F0E8FB91
S21400A558039B9B46D9F80810C3E7BBF1000F82D0CF
S21400A568B6F5801F91D2314698F800307A6804F123
S21400A578080001F03FFA88E7BC690400343C002074
S21400A5882DE9F3410446174698460E46184D816A4B
S21400A598E36A8B4201D04B1C02D102B0BDE8F081C1
S21400A5A8284601F0F9FA0122294620460DF107034C
S21400A5B828F0BAFA38B14346294620469DF80720BF
S21400A5C8B8470028E9D0A9684A1C04D1696820461B
S21400A5D828F02BFA0146012EDAD16B6881EA0302CD
S21400A5E8636C5B421A4218BF4FF0FF31D0E700BFDA
S21400A5F8083C00202DE9F04F4FF0FF334FF6FF726E
S21400A6080025044600F10806C0E909238BB0C3629A
S21400A618056205633046884628F00CFC204628F07C
S21400A62847F960BB2046414628F0C2F9204628F084
S21400A6383FF960BB5E200BB0BDE8F08F2368E26B85
S21400A648606C576900FB0530052205A9B84705A8C0
S21400A65828F068FD012807460CD12946204628F030
S21400A66878F9012F024600D101322946204628F003
S21400A6783EF903E028F080FD0028EED10135E369B5
S21400A6889D42DBD3204628F013F90028CAD00025BF
S21400A6984FF0FF394FF6FF73CA46A846C4E9085379
S21400A6A8E36998450AD3A5EB0905012D2CD84FF682
S21400A6B8FF72636A93423CD16720BCE72368E26B6B
S21400A6C8606C576900FB0830052205A9B84705A83D
S21400A6D828F028FD834605A828F0FBFC07465846C0
S21400A6E828F045FD68B1574538BFC4F82480B945F9
S21400A6F828BFB946BD4238BF3D46BA46236A01332D
S21400A708236208F10108CBE74FF6FF730025636262
S21400A718E3699D42CBD2676C2068E36B052207FB92
S21400A72805005B6905A9984705A828F0D2FC0135FD
S21400A738EEE7E26B676C2068694607FB030055691D
S21400A7480522A847684628F0C4FC626A2368606C3D
S21400A7584B4D00FB023028F015FD4FF0FF33A0628A
S21400A768E3622A466FF00101204605ABFFF75EFE5E
S21400A778002846D1AD6829462046E56228F074F8D8
S21400A788206320B92046E16A28F04FF9E06229469E
S21400A798204628F04AF90546A36A9D4233D120464A
S21400A7A828F035F800278046B946E36999453CD332
S21400A7B8B84559D92046616A28F0AAF80026054601
S21400A7C804F1400AB74212D8626C2368694602FB55
S21400A7D80539E36B05225B6948469847684628F0C2
S21400A7E878FC534602464946E06B28F0CDFC2946DD
S21400A7F8204628F08DF80136B0450546E2D164209B
S21400A80819E7A56AB7E72946204628F02DF8236BEE
S21400A8182946034407462363204628F006F90546DA
S21400A828002FB9D1C4E90B07B6E7636C2568052283
S21400A83803FB0955E36B05A95B692846984705A8F5
S21400A84828F070FC28F093FC58B1284628F09AFCAB
S21400A8580146204628F008F8636C143B984208BF67
S21400A868013709F10109A0E7304628F0E3FA00238A
S21400A87820461946034AFFF783FE0020DBE600BFA2
S21400A888603C00201F2B03002DE9F041036B904627
S21400A898826B07689A4288BF8363426C436A90B0AB
S21400A8A802FB0377C36B0E46052201A95B690446C3
S21400A8B83846984701A828F035FC0128014630702C
S21400A8C857D0656CE26B2368606AD2F814C005FB43
S21400A8D80030052206A9E04706A828F023FC012830
S21400A8E84FF0000523D0D4E90A3201219342CDE97E
S21400A8F80B458DF834800E958DF83C102AD11946F4
S21400A908204628F092F8236B626C14339B1AE06298
S21400A91823630C9B53B99DF83C303BB1626A616C6B
S21400A9282368E06B01FB023128F0B4FB0C9DE36B57
S21400A93805225B6901A93846984701A828F0F2FB6A
S21400A94830702846236BA26B9A4288BFA36310B068
S21400A958BDE8F081237C33B91C490BAA04F1080032
S21400A96801F096F8D5E72046194A0BABFFF708FE24
S21400A978CFE7237C23BB2246164904F1080001F0E2
S21400A98887F8616A204627F0E4FF616A421C204681
S21400A99827F0ADFF054620B9236B626C1344143BC1
S21400A9A823632046A16A28F040F82368A062C01AEC
S21400A9B8636CB0FBF3F06062204628F079F8B6E7DF
S21400A9C800232046044AFFF7DBFDDAE735B100002E
S21400A9D8B1B00000B92B0300552B030073B50D4624
S21400A9E8D11E4A421C461B7E4A419A4226D12968F5
S21400A9F82368994222D3636899421FD8114E0DF1F5
S21400AA0807033246FFF712FDC0B972686B689A42B0
S21400AA1814D19DF80730DA1E53425341227E9342E2
S21400AA280CD1636901336361D4E90323934205D2E9
S21400AA382968A26842F8231001332361012002B076
S21400AA4870BD00BF603C00202DE9F04F9B4689B0E2
S21400AA589DF848309046514A0193136907465B456E
S21400AA680D46C0F09580D94653680093B9F1000F9B
S21400AA787BD0FB6B01225B6905A90098984705A85F
S21400AA8828F0C2FA454B1B68984240F0848005A817
S21400AA9828F0C6FA0428064615D105A828F0C7FAED
S21400AAA8009B04461E44019B002B3ED1804512D9CC
S21400AAB81C46A8EB00083846009927F0B6FFA9EB15
S21400AAC804090090D2E7FB6B02225B69009806A98E
S21400AAD8984706A8E2E7A0EB08045C4528BF5C4652
S21400AAE8032C4644ABEB040B1DD9FB6B29463046BA
S21400AAF85B69A208984724F0030304F0030A1E447F
S21400AB081D44DDF80480BAF1000FD4D0FB6B012297
S21400AB1806A930465B6998475246284606A913F0A8
S21400AB28FFF85544C7E7A246EBE7824600F0030362
S21400AB3802932B1803930644039BA6EB0A00A3EB89
S21400AB480A05029B9A4514D1BAF1000FB3D0FB6BE5
S21400AB58012206A95B6998475246284606A913F0BB
S21400AB689BFA0028DDD04FF03609484609B0BDE804
S21400AB78F08FFB6B012206A95B69984704222846DA
S21400AB8806A913F089FA0028EDD1AAF1040AD3E73A
S21400AB984FF06309E9E74FF06F09E6E78C3C0020C1
S21400ABA82DE9F0410F4616469846044688B060B32D
S21400ABB890F83450FDB1012127F06FFE00210E9B5E
S21400ABC8CDE90511CDE902379DF83C30CDF8048073
S21400ABD88DF81C30237C04968BB90D4901AA04F124
S21400ABE8080000F055FFDDE90553E06B002E08BFAE
S21400ABF81D4627F0EBFF284608B0BDE8F081204642
S21400AC08044A01ABFFF7BCFCEDE70546F3E700BFD7
S21400AC18832B0300E5A900007FB590F84260044640
S21400AC2801920DF10B030A463046114927F0D6FF6C
S21400AC38012E0546E36B17D132465B6903A9984790
S21400AC489DF80B10039B019A59B19BB243EA024345
S21400AC58012228460393E36B03A99B69984704B02F
S21400AC6870BD62F30F03F3E701229B6901A9F5E7BC
S21400AC788C3C00202DE9F04F99B00E460D920A69DB
S21400AC88416C0B931439D31DB3FBF1F3013302EB7C
S21400AC98C302036B04469342C0F001820023DFF828
S21400ACA804940893E36A48461946059300F074FF2F
S21400ACB8D6E9033707930B9B022B4DD1CC2F40F0D8
S21400ACC8D7810D9B3BB13146204627F0DDFF656CEA
S21400ACD81490012044E00120079B656C1B681493C0
S21400ACE800F0010000280CBF04230823782F0E93D9
S21400ACF849D8059A6B1E1340ED1A3B1D9D423CD25F
S21400AD08002F3DD0082D3ED80023042506934FF08B
S21400AD18040A336806990B98C9F80030C9F8107009
S21400AD2828F098F94FEA9A030F93059B89F81400C0
S21400AD380393002309930C9304930A93616C039B73
S21400AD484A1E1A408B1A27B35544AB4223D8236BA6
S21400AD585B1A134423632FE1782F656CB9D8F07D0E
S21400AD680D9B002BBCD0E36B01225B69706816A9AB
S21400AD78984716A828F04CF9B4E700250695C6E7C4
S21400AD8804250697C3E7012300254FF0080A069313
S21400AD98BFE75345DBD3A3EB0A029742039BB846AB
S21400ADA828BF90469742534428D90122D9F8101054
S21400ADB889F817208F4226D10399C9F804100492FF
S21400ADC899F817200AB399F818100398CA1C09EBC3
S21400ADD8C202506004980131A2F80880907289F87F
S21400ADE81810B8F1000F07D00B9A022A40F081809D
S21400ADF8099A72B1012209929B46ABE0049A002A8E
S21400AE0818BF0322DBE70222D9E7039AC9F8042011
S21400AE18E7E70C9A4244032AEED9E26B184695698E
S21400AE2814A901220993A847099B05460028E1D0E2
S21400AE383D2D40F01E8104F1080303932368059A0C
S21400AE48606CA2EB030ABAFBF0FA00FB0A3028F0A3
S21400AE5899F9E16A8046204627F0E7FDA26A824211
S21400AE6800F00F81626CD9F80830511E0B40216B38
S21400AE782768891A0B442363089BE062DF1BB7FB2D
S21400AE88F2F7BA4540F0FA80059BB3EB080A12D0F1
S21400AE98E36B4FEA9A0241469B6998478346E36A02
S21400AEA8059A5344E362236B03989B1A434423632F
S21400AEB827F0C0FFDA462368616CE06B01FB0731B8
S21400AEC828F0D5F8204627F0F3FC204627F0F0FDBA
S21400AED82063BAF1000F00F0D4803269616CD31D8C
S21400AEE81439B3FBF1F3013302EBC3029042A5D247
S21400AEF8BFE00D9A002A77D1B8F1030F4FEA9802FF
S21400AF086ED9E16B18468D6907991093A847109B70
S21400AF180546C0B918F0030515D0079A28F0030BA4
S21400AF2802EB0B019B444FF0FF3215A815922A46F8
S21400AF38109312F0F5FEE26B5846956915A90122A2
S21400AF48A8470546109B9B46079A42440792002D41
S21400AF5840F08B80049B16A80193069B009399F8F3
S21400AF6814204346316800F0CDFDE36B0F9A9B69C9
S21400AF78039816A99847039A051E089B18BF1346F8
S21400AF880893434652462046039927F07BFD236BD9
S21400AF9808F10302A3EB0A0322F003029B1AC9F87E
S21400AFA808002363002D7FF443AF0C9BA7EB08072C
S21400AFB843440C93CDF80CB02046039927F035FD92
S21400AFC800250390002F7FF4B9AE364A316893689F
S21400AFD804F10800E36252680B9B00F00BFD49E0A1
S21400AFE89B46454607999EE79B4606F12002109227
S21400AFF8F27D7068A2B1002296F818C00A99D5B2F8
S21400B008AC4511D9109D02F1010E35F832508D422B
S21400B01828D90E9806EBC2020144D069084403E01A
S21400B0280E9A0A990A441044E26B15A9556901223A
S21400B0381193A847159A0A9B1392E26B04339569F5
S21400B0485846012213A90A93A847119B054603EB05
S21400B0580802A2EB0B02042A7FF679AF28B90BF197
S21400B068040BC5E77246491BC9E7CDF820B088E748
S21400B07870252F46384619B0BDE8F08F4FF0000A05
S21400B08819E73269616CD31D1439B3FBF1F3013348
S21400B09802EBC302236B9342BFF404AEE9E71C2716
S21400B0A8E8E700BF343C0020032A2DE9F3410646B2
S21400B0B80D4617461C4606D1237A012B23D00120BD
S21400B0C802B0BDE8F081DFF86080096842460DF1FD
S21400B0D80703FFF7ABF960600028EDD19DF807205D
S21400B0E8237A032AE8D0D8F804106A689142E3D194
S21400B0F8012B2969D4F80CC007D172690CEB01033F
S21400B108934202D92074207CDAE708316144E16072
S21400B1183B46012229463046FFF7ACFD6060002812
S21400B128CAD00020CCE700BF603C00202DE9F341E0
S21400B138089C032A1746266806D1237A012B24D0B2
S21400B148012002B0BDE8F081DFF890803046424624
S21400B1580DF10703FFF76AF960600028EDD125684E
S21400B168D8F80400A96AD5F844C04840CCF10003D2
S21400B1781840227AE1D1012A09D1E268D8F81030BD
S21400B18813447269934202D92074207CD9E7286850
S21400B198EB6A1B1A081AB3FBFCF3B0FBFCF08342FD
S21400B1A80BD1706CF36A421E1340326B121A1344AA
S21400B1B82846336327F039FCE862D8F81020E3689D
S21400B1C808321344E36001223B4604492068FFF72F
S21400B1D851FD60600028B0D00020B2E7603C002037
S21400B1E82DE9F0410025604B0E46D3F80080044652
S21400B1F81D6018B921252846BDE8F08190F83470FE
S21400B20807B30A6803689A4240F0A3804A6843680E
S21400B2189A4240F09E808A6883689A4240F09980F5
S21400B228CA68C3689A4240F094800A6943699A4299
S21400B23840F08F808A69C36B9A4240F08A804B69D7
S21400B2488361D8E768223946856B12F0D9FBD6E9C0
S21400B2580212336804F1080023607368A56363600C
S21400B268336963617369A36127F0F6FDB36904F176
S21400B2784000E3639B68984720B9676C17B163681A
S21400B288B3FBF7F794F84330E761002BB2D00023FE
S21400B298656C2366002D64D0002F62D02368B3FB4C
S21400B2A8F5F205FB1233002B55D16668B6FBF5F3AD
S21400B2B805FB1363002B4ED1204627F0C5FAA36979
S21400B2C8043303449E4248D340F634726369CC3B49
S21400B2D8934244D8B5F5805F43D30321204627F030
S21400B2E8DCFAD4E90001E36B1B6898470546E36B74
S21400B2F80220DB689847CDB941462046FFF77AF921
S21400B3086428054604D141462046FFF773F90546EA
S21400B318666C5DB9236A2046143E5E4327F094FAAD
S21400B328A369043303449E4238BF5A25002D0CBF38
S21400B3380123002384F8343007D1D4E900010B4AEE
S21400B34813680133136027F021FEE06B27F03EFCFC
S21400B35851E75D254FE759254DE75A254BE75F2509
S21400B36849E75B2547E700BFC4350020C035002005
S21400B3782DE9FF410C4616461F46054680B390F851
S21400B38834307BB3B1F5801F2ED2DFF86080012100
S21400B39827F083FA2146424628460DF10F03FFF7A9
S21400B3A845F8044670B99DF80F30012B11D1D8F82E
S21400B3B81030BB4212D10246009031462846FFF7AD
S21400B3C843FB0446E86B27F001FC204604B0BDE8C2
S21400B3D8F081022B14BF2D246024F3E76324F1E7E1
S21400B3E82124F2E71124F0E72924EEE78C3C00201C
S21400B3F82DE9F04385B00C4617461E460546DDF88F
S21400B408308098B390F8343093B3B1F5801F31D2BA
S21400B418DFF86490012127F040FA21464A4628467C
S21400B4280DF10F03FFF702F8044688B99DF80F30B0
S21400B438012B14D1D9F8102006EB08039A4213D32F
S21400B44800904346324639462846FFF7FDFA04463A
S21400B458E86B27F0BBFB204605B0BDE8F083022B5F
S21400B46814BF2D246024F3E76324F1E72124F2E7D0
S21400B4781124F0E72924EEE78C3C002073B50C462F
S21400B4881646054630B390F834302BB3B1F5801F16
S21400B49824D2012127F001FA21462846104A0DF148
S21400B4A80703FEF7C3FF044680B99DF80730032B51
S21400B4B80CD0022B0CD12846094927F0E5FB306052
S21400B4C8E86B27F083FB204602B070BD2D24F7E713
S21400B4D86124F5E72124F6E71124F4E72924F2E7A6
S21400B4E88C3C00202DE9F3411E4600230C461746E7
S21400B4F80546336050B390F834304BB3B1F5801F2F
S21400B50828D2DFF85480012127F0C7F921464246A1
S21400B51828460DF10703FEF789FF0446A0B99DF8F3
S21400B5280730032B10D0022B03BF01233B600423F4
S21400B538D8F8103018BF38603360E86B27F046FB41
S21400B548204602B0BDE8F0812D24F6E72124F7E76F
S21400B5581124F5E72924F3E78C3C002073B504464C
S21400B568056B27F071F9636E03449D422CBF0023D8
S21400B5780123854294BF00252D1A207C84F850307C
S21400B588656584F85800A8B100230C4E1A4619467B
S21400B5982046009627F03CFC002305461A46194626
S21400B5A82046009627F03DFCE3682844984294BF5E
S21400B5B80020C01AE06502B070BD00BFFFFF0F0094
S21400B5C82DE9F3471E4643690446B34288461746A4
S21400B5D89DF828904ED300258DF80750204627F072
S21400B5E833F9D4F830A082450AD2236AB5EB430F64
S21400B5F806D2002220460DF10701FFF745F9B8B339
S21400B6089DF80730012B05D1002220460DF10701D1
S21400B618FFF73AF9B9F1030F06D03146204627F06E
S21400B62803F9256B854227D3144D4FF0FF31284682
S21400B63800F0B2FA4B46294600222046C5E90376B2
S21400B648C5F80080FFF716FB236E054663B1204653
S21400B658FFF784FF94F8503013B994F858301BB1AC
S21400B668236E04F150009847284602B0BDE8F087DC
S21400B6780135B3E76225F7E71C25F5E7603C0020AF
S21400B6882DE9FF410F4690461E46054698B390F8AA
S21400B698343093B3B1F5801F31D21A4C022127F00B
S21400B6A8FCF82246394628460DF10F03FEF7BEFE83
S21400B6B8024678B101234246009339463346284667
S21400B6C8FFF77EFF0446E86B27F080FA204604B0B2
S21400B6D8BDE8F0819DF80F30012BEBD12169B1420E
S21400B6E8E8D10093414633462846FFF7ADF90446AD
S21400B6F80028DFD1E7E72124E8E71124E6E7292434
S21400B708E4E700BF8C3C00202DE9F04790F8423073
S21400B71886B0012B05460391A1EB020740F0AA80EC
S21400B728FF2F03D81E464FF0640807E00226012BB9
S21400B73814BF4FF032084FF06408013600244FF665
S21400B748FF79DFF844A195F84230012B14BF322365
S21400B75864239C4202D35FFA88F40DE005AB2246C8
S21400B7685146284627F06EFA95F84230012B059B7D
S21400B77834D14B452DD1E4B295F84230012B14BF95
S21400B78832226422121BB24217D3012E39D100226C
S21400B798012B05978DF8132027D1082205A90DF14E
S21400B7A8130027F00BFD9DF81330059A42EA032292
S21400B7B821462846FFF730FA40B102233249009363
S21400B7C82846CC23096803AAFFF7FAFE06B0BDE8A8
S21400B7D8F087DBB203B902340134B4E7591CCAD087
S21400B7E89BB2002BF8D10134F6E7102205A90DF11B
S21400B7F8130027F0E3FC9DF81330059A42EA03424B
S21400B808D6E7039A012B059223D10823202205A9FF
S21400B8180DF113008DF8133027F0D0FC9DF8132097
S21400B828120221462846FFF7F7F995F84230611CC0
S21400B838012BC9B21AD10028BFD12846BDF814205A
S21400B848FFF7EAF90028B8D10234BDF81620E1B2AD
S21400B858AFE71023202205A90DF113008DF8133049
S21400B86827F0ACFC9DF813201204DAE70028A4D1D0
S21400B878059A9EE7B7F5803F4FF00106BFF457AF2D
S21400B8884FF032085AE700BF8C3C002070B586B0EF
S21400B8980E4605460392A0B390F834309BB3B1F534
S21400B8A8801F32D2022126F0F8FF31462846184A71
S21400B8B80DF11703FEF7BAFD044618B99DF81730C0
S21400B8C8032B0ED10223314600932846CC2303AA25
S21400B8D8FFF776FE0446E86B27F078F9204606B0B0
S21400B8E870BD022B0BD10A49284627F0CDF90399DB
S21400B8F802468142EFD02846FFF706FFEAE76124B2
S21400B908E9E72124EAE71124E8E72924E6E700BF67
S21400B9188C3C0020F7B50C461646054668B390F8EA
S21400B928343063B3B1F5801F2BD2022126F0B5FF61
S21400B93821462846144A0DF10703FEF777FDC0B9DD
S21400B9489DF80730032B14D0022B14D10E49284635
S21400B95827F09AF9471C024639462846FFF7D4FED0
S21400B968044606B13760E86B27F030F9204603B086
S21400B978F0BD2D24F7E76124F5E72124F6E7112426
S21400B988F4E72924F2E700BF8C3C002030B50C46CB
S21400B998054685B028B390F8343023B3B1F5801F38
S21400B9A823D2022126F079FF0DF10F0321462846FF
S21400B9B80F4AFEF73BFD034688B99DF80F20032A79
S21400B9C80DD003222146009202462846FFF7F8FDCE
S21400B9D80446E86B27F0FAF8204605B030BD2D245B
S21400B9E8F7E72124F8E71124F6E72924F4E700BF4F
S21400B9F88C3C00202DE9F043466886B305689846D7
S21400BA084FF0000CA946AE4655F83C400CF1010C28
S21400BA18C4F31307013401D0B94217D0B4450EF168
S21400BA28080EF1D12F46002403E0B44207F10807B8
S21400BA3812D055F8343001340133F6D1C1F313016E
S21400BA4841EA0851C7E90012BDE8F08341EA085107
S21400BA58CEE90012BDE8F083B8F1030F03D1012345
S21400BA680372BDE8F083002303E0B34209F1080936
S21400BA78F5D055F833400133C4F30754032CF4D1FA
S21400BA88C1F3130343EA0853C9E90032BDE8F0835B
S21400BA982DE9F0410646406882B0B8B10F46904698
S21400BAA80024336853F8345003EBC403C5F3075235
S21400BAB8C5F31301013506D05B683046CDF8008023
S21400BAC8B84718B1706801348442EAD302B0BDE8BA
S21400BAD8F08100BF024B1968024B1868FFF780BB5D
S21400BAE83C6500205C65002008B530F0D8FC014BAA
S21400BAF8186008BDB83C0020014B186830F0CABC76
S21400BB08B83C002073B504462248012A00EAC11151
S21400BB189DF8185023F07C4007D9961E012E28D988
S21400BB28073303F07F03194308E09DF81C300A43E7
S21400BB38DB0603F0C053134343F060410023C4E917
S21400BB4800108DF80730B5B1202221460DF1070008
S21400BB5827F034FB1A220DF10700211D27F02EFBD3
S21400BB68082063689DF8072043EA8263636002B092
S21400BB7870BD1143E2E71B220DF10700214627F0AE
S21400BB881DFB23689DF80720042043EAC263236050
S21400BB98EDE700BF80FFFF0738B5094B0D461A686A
S21400BBA80021044611F02CFF00234FF0FF322383B8
S21400BBB8C4E900252361A260E382A37638BD00BFEE
S21400BBC8BC6904000138C0B205289ABF014B185C4E
S21400BBD801207047C16904002DE9F0410746154663
S21400BBE800240E46596888B0490A012922464FEAB9
S21400BBF8510104F10104F8D8DC78997824031B88ED
S21400BC08C90201F4006104F480540C43C3F30A0328
S21400BC185203234492B24FF000089C18274B6FEA51
S21400BC280444039325F07843ED4302A90DF1070079
S21400BC381B2202938DF8078027F0C0FA9DF807208C
S21400BC48029B02A943EAC2630DF107001B2225F0F6
S21400BC587845049302958DF8078027F0AFFA9DF88B
S21400BC680720029B6FEA144443EAC26305934FF029
S21400BC78FF330794069307A9BB69012206F1100053
S21400BC889847BB6905A90446012206F108009847AB
S21400BC98BB69404518BF044604A90122301D9847D1
S21400BCA80122404518BF0446BB69304603A9984799
S21400BCB8404508BF204608B0BDE8F08101009AB2AA
S21400BCC8044BD3F88420D206FBD4D3F88400C0F300
S21400BCD8811070470040005038B5184B0546D3F819
S21400BCE824010C4600F00700062823D8DFE800F0F9
S21400BCF8040A121A1E0E1600012305B1286004B1A4
S21400BD08236038BD2EF004FD0523F6E72EF000FD6F
S21400BD180623F2E72EF036FD0323EEE72EF032FD7B
S21400BD280423EAE72EF02AFD0223E6E730F0CAFBF2
S21400BD380723E2E700231846DFE700BF008000502D
S21400BD4838B5104B0546D3F800310C4603F003030C
S21400BD58022B0BD0032B0DD0012B0FD12EF012FD8A
S21400BD68032305B1286004B1236038BD2EF010FD0A
S21400BD780823F6E730F0A6FB0723F2E701230020A6
S21400BD88EFE700BF0080005038B5104B0546D3F8E3
S21400BD9820310C4603F00303022B0BD0032B0DD0E7
S21400BDA8012B0FD12EF0B4FC052305B1286004B191
S21400BDB8236038BD2EF0E6FC0323F6E72EF0DEFC03
S21400BDC80223F2E701230020EFE700BF00800050BF
S21400BDD838B5104B0546D3F840310C4603F003033C
S21400BDE8022B0BD0032B0DD0012B0FD130F06CFBA0
S21400BDF8092305B1286004B1236038BD2EF0C8FCBD
S21400BE080823F6E730F063FB0B23F2E70123002054
S21400BE18EFE700BF0080005038B5104B0546D3F852
S21400BE2860310C4603F00303022B0BD0032B0DD016
S21400BE38012B0FD130F048FB092305B1286004B167
S21400BE48236038BD2EF0A4FC0823F6E730F03FFB4D
S21400BE580B23F2E701230020EFE700BF0080005025
S21400BE6873B50D4600210E4B0191D3F88041064666
S21400BE7804F00304012C09D0022C0CD00C460EB199
S21400BE88019B336005B12C6002B070BD01A8FFF7B6
S21400BE987BFF0F24F3E72EF071FC0190EFE700BF5D
S21400BEA80080005038B5104B0546D3F840320C4693
S21400BEB803F00303022B0BD0032B0DD0012B0FD15D
S21400BEC830F002FB092305B1286004B1236038BDB1
S21400BED82EF05EFC0823F6E730F0F9FA0B23F2E7BB
S21400BEE800231846EFE700BF0080005038B5144B13
S21400BEF80546D3F800020C4600F0070004281BD8B5
S21400BF08DFE800F003090D111500012305B12860CC
S21400BF1804B1236038BD30F0D7FA0923F6E72EF0CF
S21400BF2837FC0823F2E730F0D2FA0B23EEE72EF0C0
S21400BF380FFC0E23800AE9E700231846E6E700BF51
S21400BF480080005010B40D4C0B46D4F8204204F084
S21400BF580304012C0AD0022C0CD008B10021016081
S21400BF680BB100221A605DF8044B70475DF8044B6D
S21400BF78FFF70ABF5DF8044BFFF72ABF00800050A2
S21400BF88B0F5207F1FD009D8B0F5007F15D003D8AC
S21400BF9868B1B0F5C07F0AD000200CE0B0F5607F2D
S21400BFA8FAD10B4BD3F88000C0F3011003E0084B1E
S21400BFB8186FC0F3033001307047054BD3F8900074
S21400BFC8C0F30460F7E7024B186FC0F38020F2E76F
S21400BFD8008000504FF400320E4B014610B500208A
S21400BFE89A66FFF7CDFF484341F671320A490B4B74
S21400BFF8884294BF00200120DC69DA639A6822F43C
S21400C008401242EA00529A60E20344BF0022DA6312
S21400C01810BD00BF00900050005A62020000035096
S21400C0285F2898BF094B4FEA501294BF53F8223046
S21400C038074B00F01F0029B103F580530122824008
S21400C0481A60704703F50053F8E700BFC869040094
S21400C058608200501FB50021B0F5807F044601912C
S21400C06800F0068100F29D80612800F295801F2866
S21400C07805D8002840F092802EF06AFBDCE0A0F19C
S21400C0882004412C00F28A8001A353F824F000BF54
S21400C09881C0000045C2000081C0000045C2000003
S21400C0A865C2000065C2000065C2000065C20000E7
S21400C0B845C2000045C200001FC20000D9C10000EA
S21400C0C89BC20000A5C20000D9C1000045C20000FE
S21400C0D845C2000045C20000A5C10000A5C1000079
S21400C0E8A5C10000A5C10000A5C10000A5C10000AB
S21400C0F86FC20000FBC1000045C2000045C2000038
S21400C10845C20000B9C20000AFC2000045C2000028
S21400C118A5C10000A5C10000A5C10000A5C100007A
S21400C128A5C10000A5C10000A5C10000A5C100006A
S21400C138A5C10000A5C10000A5C10000A5C100005A
S21400C148A5C1000081C00000A5C1000081C0000094
S21400C15881C0000081C0000065C20000A5C10000C3
S21400C168A5C10000A5C10000A5C10000A5C100002A
S21400C178A5C10000A5C10000A5C10000A5C100001A
S21400C188A5C10000A5C10000A5C10000A5C100000A
S21400C19881C0000081C0000080284BD0019804B000
S21400C1A810BDB0F5A06F5ED028D8B0F5607F50D02F
S21400C1B819D8B0F5007F4CD004D8B0F5C07F3FF44E
S21400C1C85BAFEBE7B0F5207F38D0B0F5407FE5D120
S21400C1D82EF0BEFA02464FF42070FFF7D1FEB2FBEF
S21400C1E8F0F2520833E0B0F5806F37D0B0F5906FB4
S21400C1F8D4D1002101A8FFF76FFDCFE7B0F5E06FB7
S21400C20851D00DD8B0F5C06F43D0B0F5D06F45D03B
S21400C218B0F5B06FC2D1002101A8FFF721FEBDE737
S21400C228B0F5F06F44D0B0F5086FB7D101A8FFF7A6
S21400C23887FDB3E72EF072FA0190AFE72EF088FA82
S21400C24802464FF42070FFF79BFEB2FBF0F2019215
S21400C258A4E72EF063FA02462046F4E7002101A878
S21400C268FFF792FD9AE7002101A8FFF76BFE95E716
S21400C2784FF0E02302911B695B0705D52EF068FA9C
S21400C2880290029B019389E703A902A8FFF7A0FD85
S21400C298F7E7002101A8FFF79BFD7FE7002101A82B
S21400C2A8FFF724FE7AE7002101A8FFF7FBFD75E7F4
S21400C2B8002101A8FFF7B0FD70E700BF08B5802091
S21400C2C8FFF7C8FE034B98429EBF4FF48032024BDE
S21400C2D81A6708BD005A620200A000501FB5034640
S21400C2E80020B3F5807F01906FD027D8382B00F058
S21400C2F882800BD8243B092B0FD8092B0DD8DFE8F2
S21400C30803F05F5F5F5F0C0C5A0C3675522B57D0E4
S21400C31807D83D2B3AD03E2B72D0019805B05DF871
S21400C32804FB802BF9D1394B1B6F03F00703013B45
S21400C338032BF2D8DFE803F03D36393BB3F5D06F70
S21400C34854D019D8B3F5A06F55D00AD8B3F5806F76
S21400C35836D0B3F5906FE0D1002001A9FFF7BCFCFA
S21400C368DBE7B3F5B06F26D0B3F5C06FD5D10020A4
S21400C37801A9FFF72DFDD0E7B3F5006FECD00AD87A
S21400C388B3F5E06F3CD0B3F5F06FC6D1002001A935
S21400C398FFF742FDC1E7B3F5086FBED101A9FFF765
S21400C3A8CFFCBAE705230193B7E70323FBE7072388
S21400C3B8F9E70223F7E7002001A9FFF751FDACE7EC
S21400C3C8002001A9FFF7E0FCA7E74FF0E023029062
S21400C3D81B695B0705D52EF0BBF90C230393039B5B
S21400C3E8E1E703A902A8FFF7F3FCF8E7002001A994
S21400C3F8FFF77CFD91E7002001A9FFF7A3FD8CE776
S21400C408002001A9FFF74EFD87E700BF0080005017
S21400C4184FF40022034B5A66012203F580439A62C2
S21400C428704700BF0090005070B504468020FFF7A4
S21400C43855FF032800F082804FF40022444B022167
S21400C4485A6645F60E03434AC2F88030424B996254
S21400C458012103F580539962936DD903FCD4D4E97E
S21400C46800131B0543EA0163E17B94F823500B4352
S21400C478217B43EA0143617B43EA0133A17B43EA1C
S21400C488811313619169D4E904031B0643EA8063A8
S21400C49801F000410B43A17EE07E0B43217E43EA78
S21400C4A80143617E43EA01239361E169136A002927
S21400C4B823F00D0343EA010314BF0121002143EAD8
S21400C4C8800343EAC103136294F8203094F82200EC
S21400C4D8916A4FEA431332D194F8216021F0330170
S21400C4E843EA06130B4343F0010393621B49194BB7
S21400C4F89A6D31EA0202FBD1022217498A621A654E
S21400C5089A6D5200FCD41A69A16822F4700242EAB5
S21400C51801521A614FF000420F4B9A6118B9022275
S21400C52803F580539A6215B901220D4B9A6294F866
S21400C53824301BB1074B0B4AC3F8802070BD21F08E
S21400C548330129430B4343EA40039362EFE700BFF6
S21400C5580090005000C0005000D00050030001407A
S21400C56800E00050F1A7FFFF014B93F90000704769
S21400C578065B0020014B1880704700BF5E6A0020EB
S21400C588B0F5207F10B50C4642D008D8B0F5007F2D
S21400C59833D003D888B1B0F5C07F0ED010BDB0F543
S21400C5A8607FFBD11F4A4C1ED2F8803023F0300340
S21400C5B843EA0413C2F88030F0E726F01DFE26F0A2
S21400C5C829FE4FF48031184B164A1967136F013C41
S21400C5D823F4704343EA043313672EF0B9F804468D
S21400C5E8FFF76EFBC0F10201204626F00DFE00F0B4
S21400C5F835F8BDE81040FFF761BE0A4A4C1ED2F86F
S21400C608903023F0F85343EA0463C2F89030C5E745
S21400C618044A4C1E136F23F4806343EA842313678B
S21400C628BCE700BF008000500090005008B501210C
S21400C638022000F0E1F84FF42070FFF7A1FC054B4C
S21400C648187026F0D9FD26F0E5FD4FF48032024B2F
S21400C6581A6708BD055B00200090005008B54FF427
S21400C668C070FFF7F7FCBDE808400449884294BF4D
S21400C678012102214FF42070FFF782BF80F0FA02F2
S21400C68838B504462EF064F80546FFF719FBC0F1E6
S21400C6980201284626F0B8FD0121002000F0ECF83B
S21400C6A82CB1FFF7DBFFBDE83840FFF707BE034BAA
S21400C6B84FF420701978FFF763FFF4E7055B002056
S21400C6C810B5224B70B94FF40031214A18605166F4
S21400C6D802F598325268012A03D11E4AD2F8002180
S21400C6E81A6010BD1B68002BFBD01B4A5268012A33
S21400C6F8F7D0184A8020C2F80031FFF7EFFD05286A
S21400C7081FD14FF4C070FFF73BFC0128044604D144
S21400C71802214FF4C070FFF733FF07220F4B1A6150
S21400C7280122A3F580535A600B4A1369DB07FCD530
S21400C738012CD6D12146BDE810404FF4C070FFF753
S21400C7481FBF0122064B5A60CBE700BFBC3C002047
S21400C758009000500080005000C0015000E00150DA
S21400C76800D00150044A4178536F23F4407343EADB
S21400C77801235367704700BF0040005010B50446B9
S21400C78810B10020FFF79CFF124A136943F0040318
S21400C79813612EF053FB26F042FD0F4B5B6E5B01D8
S21400C7A842BF0E4B0E4AC3F820242FF078FE30F016
S21400C7B823F92FF06FFE26F033FD02F0FFF81CB9C0
S21400C7C8BDE810402DF0C4BF0120BDE81040FFF7BB
S21400C7D877BF00BF00ED00E00080005000E0035087
S21400C7E80000FF0F034A0179D36E23F030030B4392
S21400C7F8D366704700400050F8B504461C4BD3F883
S21400C8088420D106FBD4D3F88430C3F381139C422A
S21400C8182CD02DF083FF012C064602D1214626F0A7
S21400C828F3FC2FF03CFE4FF00072124B07465A6698
S21400C838204626F0FCFC4FF480630D4D621E9340A4
S21400C8482B676B6E9A0103D4D5F884309B060AD5FD
S21400C85838462FF01FFE022C08D13046BDE8F840B7
S21400C868002126F0D1BCD5F88430EAE7F8BD00BF31
S21400C878004000500060005010B50C4608B92DF076
S21400C8884DFF074B21461B783BB1064B984204D810
S21400C8980120BDE81040FFF7AFBF0220F9E700BF50
S21400C8A8075B0020005A62020278034B0121002031
S21400C8B81A70FFF7E1BF00BF075B00204FF0004289
S21400C8C838B5264B26495A6601224A604AF6CD31C3
S21400C8D803F50B235D6C1964154030BB9968C907CE
S21400C8E80BD4002401221F4B5A6015B11E4B1F4A59
S21400C8F81A642AF078FF204638BD1A498A601C4A0E
S21400C908D96ACC0705D4904201D10724EAE701305A
S21400C918F6E79042E5D1F8E70132DC6A14F008043D
S21400C92806D08A42F8D10724DFE700221049F4E748
S21400C9388A42F8D020220B4B0B495A620122A3F5F3
S21400C94880539A6023460A4A486A800603D493426C
S21400C958E9D00133F8E79342C7D1E4E700900050E6
S21400C9680050095000600950004009503254FFFF3B
S21400C97840420F004FF0004238B5174B174C5A6626
S21400C988012203F50C235A604AF6CD33656C2364FE
S21400C998437893401343124AD363C3788178A268D6
S21400C9A89B0043EA011322F074021343A360027942
S21400C9B8837943EA022323614279C37943EA02234F
S21400C9C863610078FFF77AFFEB0744BF054B2364E3
S21400C9D82AF009FF012038BD009000500040095099
S21400C9E8004000503254FFFFF8B504460D461F4677
S21400C9F816464AB101238B403021184A01FB002213
S21400CA08F7B141F21001535004EB4403072D4FF0E1
S21400CA180F014FEA031316D8A80006FA00F2814061
S21400CA280F48184426F004FC4EB9012330210B4A5F
S21400CA38AB4001FB042277B141F210015350F8BD18
S21400CA4842F21001DFE7A5F10800800006FA00F2BE
S21400CA5881400448E5E742F21001EFE700C00350C2
S21400CA6804C003500CC003500121024600F5805351
S21400CA7810B55960244B2549C36053690B40FCD157
S21400CA889361C2F89830536913F4401FFBD1536979
S21400CA98D9052DD4936F5BBB53699B052AD4D2F86E
S21400CAA8881039BB1046D36FD2F88C3026F0CFFBEF
S21400CAB8302391601161D16211621367C2F8803029
S21400CAC8134B9A4208D142F26000124B90641365E9
S21400CAD851659065136651660D4B9A4202D1002047
S21400CAE810290AD10C4B02F500525362936210BD0E
S21400CAF8536FCCE7D2F88430CEE701F1280443F828
S21400CB0824000131ECE700BF1200020052000100C9
S21400CB180040005A00C002808F330F80084608B5D0
S21400CB2869B92A20FFF796FAB0B10C4B984206D995
S21400CB380B4B9B68C3F302730133B0FBF3F0094B4E
S21400CB4800F5742000F23F20B0FBF3F001387F2890
S21400CB5828BF7F20C0B208BD0120F0E7005A620255
S21400CB680040005A40420F000B4B10B5994228BFB0
S21400CB7819460C461AB92A20FFF76CFA0246631EB5
S21400CB881344B3FBF4F0A34228BF00F1FF30032898
S21400CB9828BF0320C0B210BD005A620210B5104864
S21400CBA8104C002B08BF04468C4228BF0C461AB906
S21400CBB82A20FFF74FFA02469DF8083040F2FF3069
S21400CBC80133B2FBF3F2631E1A44B2FBF4F3A2423B
S21400CBD828BF03F1FF33984228BF184610BD00BF90
S21400CBE880969800404B4C002DE9F04F2DED048BB5
S21400CBF8B64E0C4687B01546314600220746FFF764
S21400CC08B3FF94F80580804538BF8046384626F03E
S21400CC181EFB20795FFA88F850B92A20FFF71AFA1F
S21400CC28B042014628BFB0FBF8F13846FFF776FF5A
S21400CC384FF00009E37822781B01524202F0020204
S21400CC4803F03003134362780004524202F00402F1
S21400CC581343A27800F4FE00524202F0080213437F
S21400CC684FEA087202F0E04213431843E388228929
S21400CC78B8603B616389DFF860A243EA02433B621F
S21400CC88574502D1B9F1020F08D1012307F580579D
S21400CC987B6007B0BDEC048BBDE8F08F00222E78D1
S21400CCA88B488C49AC68964218BF014633468A487A
S21400CCB8CDF80080FFF772FF07EB09118B6CA2B264
S21400CCC823F0435323F41D1323F4405323F01F0388
S21400CCD806F003041C436B7882424FEA830303F092
S21400CCE81C0344EA0304AB7838BF02461B03E87803
S21400CCF803F4E0432343040404F4E02423432C7C95
S21400CD084FEA091C640504F4600423432C7909F1EE
S21400CD18050B240704F0405423438B648C6C6F493E
S21400CD28C4F30234013C042C26D8DFE804F0252599
S21400CD3803101A00D1F88041240C2EB3C2F309025E
S21400CD480AEB0B135A6009F10109143598E7D1F874
S21400CD588441002EF2D1D1F88C11A4B209144900EE
S21400CD6815E0D1F88441002EE8D1D1F88C11240CB6
S21400CD78091401EB41010AE0D1F88041A4B2002E63
S21400CD88DCD1DFED577A06E0D1F88C11091407EEEE
S21400CD98901AF8EEE77A01210CF1B44C0CF5804CA9
S21400CDA82304DCF8483024F4C046C3F3820C0CF1A4
S21400CDB8010C01FA0CF107EE101A4FEA864648BF36
S21400CDC846F0004613F01C0FB8EEC79AF6EE008A37
S21400CDD8424B4CD1D3F88C110BB208EE103AB8EE91
S21400CDE8C88A38EE278A002858D105A8039200F08A
S21400CDF813F9DFED3C7A28EE278A039A9FED3A7AF4
S21400CE08C7EE097A9FED397A67EE877AB1EE007A2F
S21400CE18B6F1004F48EE077A0BD09FED357A06EE4E
S21400CE28104A77EE876ABAEEE86AF0EE477A56EE68
S21400CE38267AF5EEC07AF1EE10FACBBFF1EE677AF5
S21400CE4878EEE78A77EEE87AFDEEE87AC8BFFDEE78
S21400CE58E77A17EE901AB1F5003F2EDB6FEA5646D2
S21400CE686FEA46461C484FEA0B11465066E7D3F869
S21400CE78901169EE286A09B207EE101AB8EEC77A5A
S21400CE88D3F8881177EE677A0BB208EE103A87EE79
S21400CE98A67AB8EEC88A38EE078AA4E7D5ED037AEC
S21400CEA8DFED146AF8EE677A87EEA67AF7EE046A7C
S21400CEB8C6EE877A27EE888AA0E711F5003FAABF54
S21400CEC8C1F3110146F400360E43CBE7005A62025E
S21400CED8404B4C00809698000040005A0080E00FB7
S21400CEE8000000003D3B843F0000804300002044D3
S21400CEF80000004900007A444FF40032054B9A6659
S21400CF0841F6713203F51C33DA63012203F5005348
S21400CF18DA6070470090005041F671320121064BE6
S21400CF28DA6303F50052D1600022DA634FF4003268
S21400CF38A3F518339A66704700000350044B186828
S21400CF48421C02BF034AD2F894001860704700BF1C
S21400CF586065002000400050CB784A7810B55B0129
S21400CF680C7843EA82030A79234343EA02130C2225
S21400CF78424302F1B0421363012C02BF8A78024B87
S21400CF8843F8202010BD00BFE880035008B54FF0D6
S21400CF98B0435A6802B960B15B680BB126F0D4F9A1
S21400CFA84FF0B04130B10120074B586026F0CCF95D
S21400CFB8C86008BD26F0C8F90223CB6026F0C4F97D
S21400CFC80122024B5A60F4E700100058002000586F
S21400CFD84FF0B0414B6810B50BB126F0B5F90122F9
S21400CFE80B4BC4785A608378934043EA84034478AA
S21400CFF82343047943EA0413447943EAC4038B6061
S21400D008044B5A600378C3F10203CB6010BD00BF1F
S21400D01800200058001000584FF48032064B5A661D
S21400D02803F5E6235B69C3F38512827003F03F02BB
S21400D0381B0B42700370704700900050024B186834
S21400D048C0F30740704700BF0080E00F0120034B85
S21400D0589B680A3303F01F03984070470080E00F70
S21400D068034BD3F82424D3F820041040704700BF9D
S21400D07800C003502DE9F8431E4B0546D3F810337D
S21400D0884B1E0E2B0E46174690F8009044781DD976
S21400D09809B34FF000082846D7B12FF01BFA09EB62
S21400D0A84903072C4FF00F014FEA031315D8A400C5
S21400D0B8114808FA04F2A140184426F04DF9BEB902
S21400D0C828468FB1BDE8F8432FF004BA8846E2E751
S21400D0D826F051F9E3E78846E1E7083CA40007484C
S21400D0E808FA04F2A140E7E7BDE8F84326F043B99A
S21400D0F8BDE8F88300C0035004C003500CC00350BA
S21400D1082DE9F0412B4B1746D3F810234A1C064648
S21400D1180C46407804D1D3F8241426F03AF904468D
S21400D128002C2FDB072C4FF0030532782DDC4FEA56
S21400D138840805FA08F529461F4802FA08F226F078
S21400D1480BF9294672781D4802F0030202FA08F223
S21400D15826F002F9012317F0050F194A18BF1949D6
S21400D16803FA04F30CBFC2F81034C1F8103417F0F1
S21400D178060F18BF134AC2F814340123104AA340F6
S21400D188C2F820342046BDE8F081A4F108084FEA2A
S21400D198880805FA08F529460B4802FA08F226F028
S21400D1A8DBF87278294602F00302084802FA08F209
S21400D1B8CEE700BF00C0035000C4035008C40350A5
S21400D1C800E0035000D0035004C403500CC40350BE
S21400D1D870B504462AF04CFB064630B90FCC044D11
S21400D1E80FC594E8030085E80300304670BD00BF0D
S21400D1F8C03C002047F6FF739A42F0B569D0022972
S21400D20869D8364B5B5C012B65D8354DDE0005EBDF
S21400D218C30415F83330A178012B13D10025E07824
S21400D228401AA84202D80844C0B2F0BD431B66683C
S21400D238A0EB530336F913609642D4BF1D4603F19C
S21400D248FF30EEE760680028EFD0B0F9004094425F
S21400D25804DBB0F902409442B8BF144683883544CC
S21400D268FF2B19BFC8232827B0F90630B0F9087075
S21400D278A3EB04030CBF0122002293FBF7F36E789E
S21400D28813441BB29E4201DD002B01DA731E1BB24B
S21400D2984FF47A7C00EBC305EA88AD685F1C14FB84
S21400D2A802521D4622EAE2723BB25C329E42B2FB52
S21400D2B8FCF204DD00EBC307BF889742EAD200EB16
S21400D2C8C5039888904228BF1046884238BF08464B
S21400D2D8AAE7FF20A9E70020A7E700BFD469040053
S21400D2E8C03C00200229F0B555D82C4B585C0128C4
S21400D2F851D82B4C04EBC00114F830004B680128B9
S21400D3080FD1C8788C78904294BFC4EB0001C4EB68
S21400D3180201001BCAB28242C8BF002233F91200BB
S21400D328F0BD002B37D08878904202D3B3F90200BC
S21400D338F6E7CC78B3F900009442F1D94C7899888E
S21400D348013CA1F1FF06714203F10405E4B2714104
S21400D35803F10C07CEB2B44216D805EBC1014FF460
S21400D3687A756A43B1F902404968521A04EBD471D7
S21400D37802EB610292FBF4F29042D1DBB3F90200B1
S21400D3889042CDDC10B2CBE737F831C04E1C94453E
S21400D398E3D33146DEE70348C2E700BFD46904009A
S21400D3A8C03C00200080FFFF08B50448FFF710FFC8
S21400D3B8BDE8084001202AF061BA00BFD869040019
S21400D3C87FB51422002101A810F01AFB044B01A90E
S21400D3D84FF0FF3002932AF097FA07B05DF804FB87
S21400D3E8006A18004FF40052034B00209A66032286
S21400D3F8C3F86022704700BF009000504FF40052F8
S21400D408034B00209A660322C3F86022704700BFC9
S21400D41800A000502DE9F04F894691B00DF1300B71
S21400D4288246DDE91C6417460021102258469846B5
S21400D4381E9D10F0E5FA1F9BB9F1000F04D16FF09E
S21400D448860011B0BDE8F08F002FF8D00EB9002C7A
S21400D458F5D11A9A12B91B9A002AF0D10DB9002BE9
S21400D468EDD1209A002AEAD0424A904502D0424A94
S21400D47890457CD1BAF80020B2F5105F77D1BAF89B
S21400D4880220B7EBD20FDAD322F04001802902D06F
S21400D498B2F5807FD3D11CB9209B00201C60D0E752
S21400D4A8AE421FD2321995421CD29C42C7D831468A
S21400D4B82246284610F0F6FA2F4B2E46984526D0D8
S21400D4C814F00F03BBD1CDE90097CDE90236CDE9BC
S21400D4D80443CDE906540893FFF784FF50B16FF074
S21400D4E89200AEE7244A90450FD09C42E8D96FF0E8
S21400D4F88900A6E7684606AA03A90EF0A7FD054612
S21400D508FFF77CFF0543C7D0E9E79C42EFD81B9B93
S21400D5180D2B94D101238DF830301A9B0DF1310272
S21400D52803F10C0153F8040B8B4242F8040BF9D1B3
S21400D5381B781370012310228DF83F300023CDE9A5
S21400D5480097CDE90A23CDE90236CDE90443CDE9B3
S21400D5580654CDF824B00893FFF744FF0028BED140
S21400D568684609AB06AA03A90EF098FDC7E76FF050
S21400D578850066E7004440040013C0042DE9F04F18
S21400D58891B09046DDE91A45DDE91C6B1F468946D1
S21400D598DDF878A021B96FF0860011B0BDE8F08FED
S21400D5A8002AF8D00CB9002DF5D116B9BBF1000F3A
S21400D5B8F1D1BAF1000FEED0484B9F4203D0484B4A
S21400D5C89F4240F087800388B3F5105F40F0828062
S21400D5D84388B8EBD30FDED323F04002802A02D06C
S21400D5E8B3F5807FD7D125B90023CAF800300020CC
S21400D5F8D3E7102D05D1394B9F42F5D1B44202D35B
S21400D60843E0B4423ED263199E423BD25D45C2D83F
S21400D61821462A46304610F045FA304B34469F429B
S21400D62838D00D3D5D4532D801238DF8303023467D
S21400D6380DF1310204F10C0153F8040B8B4242F849
S21400D648040BF9D11B780D3413704FF48073ADF8C2
S21400D6583E300CAB102209930023CDE90098CDE9A3
S21400D6680A23CDE90345CDE90536CDE907530293EC
S21400D678FFF7B8FEF0B9684609AB06AA03A90EF08C
S21400D68821FD1FE0164B9F42CBD05D4502D96FF0B7
S21400D698890082E715F00F037FF47DAFCDE9009887
S21400D6A8CDE90234CDE90453CDE906650893FFF7C2
S21400D6B899FE10B16FF092006FE7684606AA03A9B4
S21400D6C80EF0D8FC0446FFF799FE0443F2D1CAF8D8
S21400D6D800508CE76FF085005FE700BF0044400409
S21400D6E80013C00410B54FF42F720021044610F042
S21400D6F887F98023C4F88C30054B04F19C00C4F8E5
S21400D7088430012384F88830BDE8104025F034B80A
S21400D718A4D1030010B5D0F8A0400A468CB926F06C
S21400D72838F8044610B90024204610BD2D2896BFA8
S21400D738064B074953F82010064A074826F06FF9A3
S21400D748F2E7D0F8A4101046A047ECE75C6A04009D
S21400D758A7D1030042CD0300D7D20300F8B590F84E
S21400D7688060044616B100263046F8BD25F044FE13
S21400D7780028F8D1012384F8803094F8883033B133
S21400D788D4F884101F4884F8886026F048F94FF0CB
S21400D798FF37D4F8B402421C1FD0C4F8B47210F095
S21400D7A8FF052CD0204625F024FE2946204600F00A
S21400D7B8A7FB0028EDD0204625F029FE94F88830EF
S21400D7C83BB1D4F884100F4826F029F9002384F8D2
S21400D7D88830002384F88030C6E726F005F9431C15
S21400D7E8DDD1D4F88C30D4F89420013B9A4204DB7F
S21400D7F8054A0649064826F012F90126E9E70126F1
S21400D808C7E700BF79E4030042CD0300B5D10300A3
S21400D818D7D20300F8B50B780446302B0D461646CB
S21400D82804D14B7803F0DF03582B11D0284F6A1E1B
S21400D83812F8011F002934D128460A220FF0D0FF1B
S21400D848202C03460D4631D1B1FA81F040091AE082
S21400D8584A1C1F4912F8013F8BB928460FF0CCFF27
S21400D8681C4B02382340032B12D10134A4108442E7
S21400D8780AD1A87837288CBF0020012003E0CB5CAB
S21400D88813F04400E6D1F8BDCCBF01200020FAE72B
S21400D898002CB8BF0334B0EBA40FD4BF012000207F
S21400D8A8F1E77B5C13F00400C2D1ECE726B108432D
S21400D8B802D0013B61F100050122A240013A1A405C
S21400D8C8002D08BF9A420CBF01200020DBE700BFEE
S21400D8D8DD90040003000080F0B5037801467B2B3A
S21400D8E817D10646022400220B4F16F8015F7D2D3D
S21400D8F805D10B5D6BB9D24302F0010008E07B5DF1
S21400D90813F0440002D001320134EEE7202DFBD09C
S21400D918F0BD0020FCE700BFDD90040070B50646A9
S21400D9280D460FF069FF0446304626F078F8044E98
S21400D938AC4200D370BD304626F071F80134F7E7E4
S21400D94851DB03002DE9F84F044602215148FFF742
S21400D958E5FF1E212068FFF7E1FF6368586826F098
S21400D9685EF84D4826F05BF867683B7BFD2B12D8BF
S21400D978D7F808804FF0FF3640460FF03DFF0546C3
S21400D988DFF81091DFF870A1DFF84CB10C3717F804
S21400D998013BFF2B01D1BDE8F88F212B18D8212B8E
S21400D9A836D8DFE803F0377274111B1D1F21353592
S21400D9B8353535353535232527292B2D2F31353562
S21400D9C83535353535353D33344C002D2BD12EE0E5
S21400D9D8334C344AFE2B08BF1446F6E7324CF4E7BD
S21400D9E8324CF2E7324CF0E7324CEEE7324CECE7DA
S21400D9F8324CEAE7324CE8E7324CE6E7324CE4E7EA
S21400DA08324CE2E7324CE0E7324CDEE7324CDCE7F9
S21400DA18234CDAE7314CD8E725F0F5FF01362AE043
S21400DA28002DB4D02E4C202B06F10106AFD00221D3
S21400DA384846FFF773FF1E214846FFF76FFF50461C
S21400DA4825F0EDFF5946204610F030FA2549002803
S21400DA5818BF2146244825F0E2FF3B78202B02D148
S21400DA682B2025F0D0FF214825F0D9FF4DB118F816
S21400DA7806301F2B05D018F806001F2801D0AE4226
S21400DA88CADB054825F0CBFF81E7194C9DE7194C02
S21400DA989BE700BF651E040042CD03005FD203006B
S21400DAA871D2030097EE0300BCD20300C3D2030072
S21400DAB8B4D20300B0D20300A7D203009DD203005D
S21400DAC893D20300A8D203009ED2030094D2030088
S21400DAD889D2030082D2030079D203005ED2030003
S21400DAE864D203006FD2030079E40300E8D503008C
S21400DAF8BBD20300C2D203007FEF03002DE9F04F2C
S21400DB089BB005468B460024009203930FF074FEE4
S21400DB18249F039B04901C6028463C600AAA09A917
S21400DB2825F09FFF064658B90A980FF065FE34465A
S21400DB38B046039B1860D5F89C300293029B1BB92D
S21400DB4820461BB0BDE8F08F029BD3F80890B9F1C9
S21400DB58000F6CD02E4416F8013B202B11D000265F
S21400DB680C23734309EB030A59F803300193002B7F
S21400DB7858D0099B434555DB9AF808202AB1721CF1
S21400DB8839E03B6801333B60E5E73968D5F894200F
S21400DB980793039B521A1A601AAB03EB880151F8D5
S21400DBA8403C01991846059310F040F90690002865
S21400DBB8E5D101980FF020FEDDE906230146DAF8E4
S21400DBC80400D7F800A090F80CC0BCF1FE0F16D1E0
S21400DBD803F1FF3EC64512D0D0F800900598019292
S21400DBE80FF00AFE0AF1010A019A50442B5C23B191
S21400DBF8386008F101081646B2E70130F6E7D5F8AE
S21400DC0894200591A2EB0A028A4220DC58460FF0BF
S21400DC18F3FD059901447B290DD958461F4A0099FA
S21400DC2824F0D1FD2B46049A2A4493422CD1029B19
S21400DC381B68029382E7DDE90012584624F0C3FD0C
S21400DC485846174A0099013424F0BDFD97E7BCF101
S21400DC58FE0F94D1013B434591D1D0F800A0DFF8E0
S21400DC6840905AF80C2B22B9049B3B60039B1A6021
S21400DC78D8E75846009924F0A6FD4A465846009923
S21400DC8824F0A1FD0134ECE713F8011B0029CCD1E0
S21400DC984FF0200103F8011CC7E700BFC9D20300F4
S21400DCA851DB03002DE9F047002486B01C60DDE94F
S21400DCB80EA8064689468AF800401168154888F86E
S21400DCC8004017461D468DF81740FCF767F818B948
S21400DCD801242B6801332B600020D6F89C6036B9E7
S21400DCE814B1012388F8003006B0BDE8F087B068A4
S21400DCF868B14B460021CDE902A8CDE900750DF1C3
S21400DD08170225F0E5FC9DF81730002BE8D1366899
S21400DD18E5E700BFCED203002DE9F0470446ADF58F
S21400DD28447D8022002104A802AF0FF069FE8022FD
S21400DD382046009703AB04A9FFF7E0FE01283DD173
S21400DD4804A80FF059FD03993B68461A0B4426EAC7
S21400DD58E6762344054604A83246014418460FF0E2
S21400DD68DFFF00228255D4F89060039B3968D4F808
S21400DD7890201944B14212DCD4F89410E81A0244F0
S21400DD88C4F89020014404AAC4F89410D41825189E
S21400DD982B1B002B0DDC0DF5447DBDE8F087A05C41
S21400DDA825F031FED4F8903001360133C4F89030AF
S21400DDB8DBE714F8010B25F026FEE9E7EBDD24ADDA
S21400DDC88022002128460DF5887A0FF019FE0DF1FD
S21400DDD810094FF40072002150460FF011FE4FF064
S21400DDE801084A46002312F8016BA6B904A84AF8A7
S21400DDF828300FF001FD2946334698451CDB19F8F4
S21400DE08016B0DF5887C5CF8042B82420CD101F876
S21400DE18016B0133F1E7202E03F1010304BF4AF832
S21400DE28283008F10108DEE70DF1100E7244D25CC6
S21400DE38B242E8D00022EA54D4F89060039BB3427A
S21400DE482FDC23462C4A04A92C4825F0E8FD284652
S21400DE580FF0D2FC0646039B3F68F61A1F4426EAD4
S21400DE68E672E01917441D44E11904F1900399423B
S21400DE783CD904F19803984238D26A1E81190B1AC5
S21400DE88002B27DD12F8013F00F8013BD4F890304C
S21400DE980133C4F89030D4F894300133C4F8943081
S21400DEA8EDE7D4F890300136E05C25F0ACFDD4F808
S21400DEB890300133C4F89030C0E7D4F89020013B86
S21400DEC80132C4F89020D4F894200132C4F8942083
S21400DED8002BF2DC00232E44E355731B002B7FF740
S21400DEE85AAF15F8010B25F08EFDF6E729460FF018
S21400DEF817FF3346ECE700BFA4D10300D3D20300D4
S21400DF082DE9F843D0E9245604460F46002294F833
S21400DF189830012B07D10A2F07D1002384F89830B0
S21400DF280020BDE8F88300F29F801B2F01D1022352
S21400DF38F4E70D2F0DD1012384F898300D2025F035
S21400DF4862FD0A2025F05FFD00230120C4E9243382
S21400DF58E7E74FF00008082F84F8988034D1454545
S21400DF6830DDB5420FD1384625F04DFD202025F08E
S21400DF784AFD013D384625F046FD013E04F8058079
S21400DF88C4E92456CCE7FBDA05F1FF39384625F014
S21400DF983AFD04EB0903A6EB0902611918460FF0CF
S21400DFA881FD04F806800146013E484825F037FD05
S21400DFB835464D4501DC4D46E2E7082025F023FDB1
S21400DFC8013DF6E7ACD0DBE77F2F1CD1002EA7DD9E
S21400DFD8B542A5DA6319691C21441846721B0FF06E
S21400DFE861FD04F806800146394825F018FD08202A
S21400DFF8013E25F008FDB542F9D1D4F89430013B2E
S21400E008C4F894308CE70A2F98D0092F03D12046FD
S21400E018FFF782FE84E7D4F88C30013BB3427FF7E3
S21400E0287FAFB54204EB050805F101090CDB38465D
S21400E03888F80070D4F89430C4F890900133C4F887
S21400E048943025F0E0FC6BE74146721B04EB0900B0
S21400E0580FF028FD404625F0E2FC0820013E25F09A
S21400E068D2FCB542F9DDE2E7022B06D15B2F01D1DF
S21400E078032353E784F8982049E7032B7FF450AF2F
S21400E088413F84F89820032F3FF64AAFDFE807F0B1
S21400E09802070A160121204625F066FC40E74FF0E5
S21400E0A8FF31F8E7B542BFF63BAF605D25F0ABFC45
S21400E0B8D4F890300133C4F8903031E7002D7FF75C
S21400E0C82FAF013D0820C4F89050BAE7DCD2030011
S21400E0D8D6D6030007B56B46054A1068516803C3D1
S21400E0E86846FEF747FC002003B05DF804FB00BF57
S21400E0F8146B040030B58BB06C46174D0FCD0FC4AB
S21400E1080FCD0FC495E8030084E80300134BD3F83B
S21400E1184C2112031CD5A3F5FE431C884FF6FF734B
S21400E1289C4208BF8C248DF81940FEF71DFA20443F
S21400E13880F308008DF818000948FBF7C7FE684604
S21400E148FEF772F93220FEF715FA00200BB030BD44
S21400E158D3F85041E4B2E6E71C6B04000080E00FF9
S21400E16800F049020028ACBF00F16040064B4FEAB9
S21400E1780111C9B2ABBF00F5614000F00F0080F88E
S21400E18800131954704700BF14ED00E008B52EF0D0
S21400E19893F90B4B1A7872B901221A702EF087F988
S21400E1A86FF0040210460132052152B2FFF7DAFF7B
S21400E1B8402AF7D108BDBDE808402EF078B900BF60
S21400E1C8085B0020002807DB01234109034A00F00A
S21400E1D81F00834042F82130704700BF00E100E08E
S21400E1E8054B421153F8223000F01F0023FA00F0C6
S21400E1F8C04300F00100704700E100E0002808DB9B
S21400E20801224309034900F01F008240603341F8A9
S21400E2182320704700E100E010B504462EF03FF9D1
S21400E228024B1C602EF036F9002010BDE03C0020A2
S21400E23810B52EF034F9034B1C682EF02BF9204647
S21400E24810BD00BFE03C002038B50C461546014618
S21400E25810B9FFF7EDFF01462B46224603480EF09D
S21400E268D3FA0028D4BF3720002038BDC13B0300AE
S21400E27808B500F017FC18B16A2102482EF0A3F979
S21400E288002008BDE1D2030008B500F049F80C4AA2
S21400E298536A43F470235362EFF308834FF0CD318B
S21400E2A8084A043B934208D200F070FAFFF7E0FFF2
S21400E2B8BDE808400448FEF78BBF43F80419F1E7A9
S21400E2C800ED00E008000020D869040007B5042225
S21400E2D800200DEB020129F08FFA042803D0D7217D
S21400E2E804482EF070F9019800F0DCF903B05DF8E8
S21400E2F804FB00BFE1D20300082310B50C0A414016
S21400E3080648C9B241F30002013B024013F0FF037E
S21400E31882EA5101F6D184EA010010BD2083B8EDE7
S21400E32838B5FEF70BFE044625F008F8E3072AD4AE
S21400E33801221046114600FA01F3234002F10102B9
S21400E34823D01D4B33F811301C48062B028844880E
S21400E3581B4920D14FF20F039C4219D1B2F5406FEA
S21400E36828BF4FF4C0624CF23C330A80438040F228
S21400E37801730A889A4201BF124B134AD2E9000178
S21400E388C3E9000115E00021DBE7102AD2D1DBE75C
S21400E3984FF4C062E7E740F20725AB420AD14FF2D6
S21400E3A80F05AC4206D19A4204D14CF23C320B809F
S21400E3B8428038BD0B80DAE7E06C04001C6200205F
S21400E3C8F2550020E43C002014620020014B188817
S21400E3D8704700BFF2550020014B1888000A7047A6
S21400E3E8F2550020044B05481B881A0AB3F5406FFF
S21400E3F838BF00EB82007047F2550020B06C04006E
S21400E408044B1888044B020A53F82230C0B203EBB8
S21400E41880007047F2550020806C040010B5044652
S21400E4282EF041F84FF20F02044B1C805A80BFF3BF
S21400E4385F8FBDE8104025F089BB00BF1C62002036
S21400E4486D4A2DE9F0416D4B55686D4C5D65516A16
S21400E45899656C49D1F80002D865D1F80412586B52
S21400E4681966916A10F0040F5966D16A4FF00000D9
S21400E4789966116BD966516B1967D26BD8645A675F
S21400E488D3E90E1218BF11465F4A91421A655DD34A
S21400E49801F12000A04259D88869C5F30805186418
S21400E4A8CE69062D5E6455D1584DA84252D3584DB4
S21400E4B8A8424FD205884DF6426085424AD1186870
S21400E4C8C3F890005868C3F8940040F20170A2425E
S21400E4D8154604D22E680432B6F1CD3FF7D0002296
S21400E4E8C3E91E22C3E92022C3E92222641BDFF8FF
S21400E4F81CC1434DDFF818E19C648D422DD8D3E942
S21400E5081EC7D3E92065D3E922414FF0000E013A31
S21400E518D2B2FF2A3CD1BEF1000F05D0C3E91EC710
S21400E528C3E92065C3E92241B3F85430C3F30803AE
S21400E5380C2B3BD8022B54D9DA1E092A51D8DFE80F
S21400E54802F03157404350505050504D0021C3E917
S21400E55810112D494FF42060B9E755F8044D64456D
S21400E568CBD37445C9D2E607C7D50026294F57F836
S21400E578048FA045C1D00136062EF8D132B1013A33
S21400E588D2B202F11E0643F82640B6E70522F8E79F
S21400E598E0464FF0010EBC4637462E4625460C464A
S21400E5A84146B4E740F60120BDE8F0813B2B18D180
S21400E5B8194B9B6913F0020F40F2025318BF184616
S21400E5C8F2E740F60320EFE740F6042240F2017334
S21400E5D8B0F5206F0CBF10461846E5E740F6052054
S21400E5E8E2E740F60722013B4E2B98BF1046DBE7D2
S21400E5F840F60220D8E700BF00ED00E08461002066
S21400E6080810002000E100E0080000201863000061
S21400E618E0C90300F86100200080015A00F00CB839
S21400E62800F00AB800F008B800F006B800F004B821
S21400E63800F002B800F000B872B61EF0080F09D055
S21400E6481EF0040F0DD0DFF850E0AEE8FF1F6FF0A5
S21400E65802000CE0DFF840E0AEE8FF1F6FF00E00A7
S21400E66805E0DFF834E0AEE8FF1F6FF00600694605
S21400E678EFF309828EE8070086460848084C854569
S21400E68801D3A54501D384F30888FFF7D9FE84F3A0
S21400E6980888FFF7C3FE00008461002048000020B9
S21400E6A8081000204BF6EF6283B2002B08BF134613
S21400E6B8044A000C13804FF6CE2308BF1846024BB8
S21400E6C818807047626A0020606A00200B4BB3F916
S21400E6D800201888002AB8BF80F0620042001A801E
S21400E6E8074AB2F9001013880029BCBF83F4805388
S21400E6F883F00B035900118058407047626A002067
S21400E708606A002007B5684600F01AF8DDE90001DF
S21400E7180022034B03B05DF804EB25F013BD00BFE1
S21400E728EC3C002007B5009313460A46014603480A
S21400E73825F0BCFA03B05DF804FB00BFEC3C0020F3
S21400E7480249034A0160521A42607047286B00204B
S21400E7580080002000487047EC3C002038B5416037
S21400E76804462DF09CFE05462146044824F007F88A
S21400E7782846BDE838402DF08DBE00BF143D002069
S21400E788014823F0F9BF00BF143D00200222014BC8
S21400E7981A6770470040005070B52DF080FE174E7F
S21400E7A8054617482DF0A9FE3378CBB900F07AF95C
S21400E7B8044620B128462DF06DFE204670BDFFF7B2
S21400E7C8DFFF2DF073FF0F4B1C602CF0B9FC0E4BCF
S21400E7D80E4A1860536F43F00103536725F0CEFCCA
S21400E7E800F074F825F0E1FC094B002418600123BA
S21400E7F8284633702DF04EFEDFE700BF155B00207D
S21400E8084C6B0400183D0020403D0020004000509E
S21400E8181C3D002038B504462DF041FE0F4D02463B
S21400E8282B78FF2B04D1B4B1BDE838402DF032BEAA
S21400E8381BB9002CF8D0012103E0002C14BF0121DD
S21400E848FF210B44DBB22B70B3FA83F304495B0950
S21400E85810460B70E8E71946F3E700BF125B002086
S21400E868115B0020054B1B685843054B00F57420C8
S21400E87800F23F20B0FBF3F0704700BF403D002099
S21400E88840420F0073B50F4E04463378834211D0CA
S21400E89800238DF80430430001A88DF805300A4D92
S21400E8A8FDF760FF40203CB1FFF7DCFF2B68181A25
S21400E8B82860347002B070BDFFF7D4FF2B68184488
S21400E8C8F6E700BFA36A0020783D002073B5002451
S21400E8D801A88DF80440FDF7E7FF2046FFF7D2FFB2
S21400E8E82C4B2D4AD3F8003103F0030313604FF482
S21400E8F800222A4B5A664FF400325A662CF09AF9D0
S21400E9084FF4C870FFF7AEFF254B264A1860264915
S21400E91813680134E4B20A2C41F8040BF9D1034415
S21400E92800EBC00003441360204B214D1B7813B343
S21400E938184BD3F8003103F00303022B23D0032B24
S21400E94824D0012B17D12BF01DFF024698B1194B86
S21400E958194EDC6800231946C4F30B04013404EB93
S21400E96884040138E4FB06010EF0DEFCFFF77AFFAC
S21400E9782B6803442B601F20FFF774FF2B680344A3
S21400E9882B6002B070BD2BF003FFDEE72DF09AFD7A
S21400E998DBE700BF00800050803D0020009000505C
S21400E9A8443D0020483D00204C3D0020195B0020D7
S21400E9B8783D002000C0015040420F000122154B50
S21400E9C810B55A67144B154C1B7813B302202DF05C
S21400E9D85EFEF0B12CF03AFCD8B1A36DD90302D58F
S21400E9E8E36D9A0715D40D4B9B6DDB0711D40122F6
S21400E9F80B4B1A702DF03FFEBDE81040094B0A4A33
S21400EA081860136F23F0070343F0030313672BF014
S21400EA189FBE10BD00D000501A5B002000C00050FA
S21400EA28175B0020743D0020008000500122014B37
S21400EA381A7070471A5B002008B5FFF763FEFEF7EA
S21400EA48FDFA01280ED1144B04205A6E4FF4802389
S21400EA581249520358BF124A4B6601F51041086224
S21400EA6858BF536625F0A9FBFFF790FBFFF732FB6C
S21400EA78FFF740FB0DF012FFFFF78EFE00F012F8CE
S21400EA8825F09CFBFFF700FC25F0A7FB28F0B8FD57
S21400EA98BDE8084025F093BB008000500090005069
S21400EAA800A0005070B52DF007FD144E05463478CA
S21400EAB8FCB9134B1C60134B1C60134B1C6000F016
S21400EAC831F801202CF0B0FC2CF0A2FC0F4B0246CB
S21400EAD8186020B928462DF0EAFC232070BD23468E
S21400EAE840F2E7310A480EF01FFC0A4B1860012373
S21400EAF8337028462DF0DBFC0020EFE71D5B002076
S21400EB08943D0020903D00209C3D0020983D00202C
S21400EB1818FCFFFF8C3D0020014B1868704700BFAB
S21400EB288C3D00201FB50024194B18689A8802905F
S21400EB38D3F806009B7A00901648ADF80C208DF89E
S21400EB4804302DF0DAFC02A88DF808408DF80C4049
S21400EB58FEF73EFA694601208DF80040FEF7FCF9FC
S21400EB6840F2FF320C4B9A615A614FF0B042936AFA
S21400EB7813F00803FBD113620120FEF707FA0C20F6
S21400EB88FFF73CFB0C20FFF71DFB04B010BD00BFD1
S21400EB98096D0400446B04000020005810B52DF0E1
S21400EBA88BFC4FF0B04304465B695A06074A03F0ED
S21400EBB8010003F0510348BF40F0020053612CF0F7
S21400EBC85BFB2046BDE810402DF071BC00200058C5
S21400EBD821282DE9F341054604D82C46204602B0E4
S21400EBE8BDE8F08100240B4E0B4FDFF83080002381
S21400EBF8CDF800801A461946386824F009F9844288
S21400EC08EBD2222CE9D056F8043BAB42E6D00134CE
S21400EC18EDE700BF287004005C650020FFFF0F00CA
S21400EC282DE9F04F644E654D89B025F022FB31681A
S21400EC382868FCF7D5FA0446002827D0336800244D
S21400EC48D3E900019A6912689047336804A89B695B
S21400EC589B689847336802209B69DB689847326848
S21400EC6805985368E7B2B3FBF0F3BB42916904F129
S21400EC7801044ED8CB680020984733689B695B68C8
S21400EC88984731682868FCF7ABFA04460027DFF88F
S21400EC9844A1DFF84481DFF84491F4B9484B28686A
S21400ECA8DB5D002B00F08380D8F8006002AB3146AD
S21400ECB803AAFCF717FC2D2807D070B9039B012B75
S21400ECC80BD031462868FCF761FEDAF8003031468A
S21400ECD81A682868FCF7DAFD04460137222F0AF17D
S21400ECE8040A08F1040809F10109D6D1B4FA84F334
S21400ECF8344A5B0913702B681B7C33B125F085FA00
S21400ED0818B1DB2130482DF05EFC204609B0BDE87E
S21400ED18F08F12680B6907FB002098479FE7D8F822
S21400ED28003003AA194402AB0191FCF7DBFB2D283F
S21400ED38034601992BD0286813B30BF1010B5FFA31
S21400ED488BF18E422868EAD8204BDB5D002BC4D0B6
S21400ED58F3B27E2B2868C0D8D8F8003003AA06EB92
S21400ED68030B594602ABFCF7BDFB2D28B5D0594618
S21400ED782868FCF70BFE013604460028E8D0ACE706
S21400ED88039B7BB999F80020029B9A42D5D099F844
S21400ED980030DAF800202868FCF772FC0028CCD08F
S21400EDA80446D1E70191FCF7F1FD0199EFE7084B1E
S21400EDB8A346DE5DC3E700BF3C6500205C65002017
S21400EDC8047004001F5B002068D30300E26F040091
S21400EDD89E6F0400146D040028700400C06F0400C1
S21400EDE8F8B51F46214B04461B780D46164623B138
S21400EDF800F47E23B3F50E2F2BD02046FFF7E8FE4F
S21400EE082128044614D81A4B53F82010194B1B789F
S21400EE18ABB1194B212C18681DD8184B1B5DD3B104
S21400EE283268FCF733FD044650B125F0EDF907E0EB
S21400EE38FF2807D93A46314680B224F0F9FE002466
S21400EE482046F8BD4FF4A9710D482DF0BCFB0021F3
S21400EE58DCE70146DAE77F2D08BF00253B46324649
S21400EE6851FA85F1FCF70CFCDDE700BF1E5B0020BD
S21400EE78287004001F5B00205C65002004700400F6
S21400EE8868D3030008B5520825F0C1F930B1BDE8CB
S21400EE9808404FF49C7102482DF095BB08BD00BF92
S21400EEA8F9D303002DE9F743C70705460E4614466F
S21400EEB804D540F2E31149482DF085FBE10704D557
S21400EEC84FF4F27145482DF07EFB454B93F80080D1
S21400EED8B8F1000F20D043F260239D4208D12246A5
S21400EEE8314640480EF01CFF002003B0BDE8F08312
S21400EEF8C5F30B0705F44055B5F5805F14BF4FF40E
S21400EF080F204FF40E20234632467F21384303B0A5
S21400EF18BDE8F043FFF764BF05F47043B3F5805FC0
S21400EF283FD1C5F30B05304A05F17E65631E2B44B9
S21400EF38934230D82F46DFF8A49007EB04084745DD
S21400EF4842D1AA070ED04FF6FF7336F8022BA81E3A
S21400EF5843EA024304220DEB02010193FFF792FFF6
S21400EF680235023CA3070ED0023C24F00103F35AF4
S21400EF7804226FEA03436FEA13430DEB02012819D4
S21400EF880193FFF77FFF002CAED022463146284675
S21400EF98FFF778FFA8E740F2FD1110482DF013FBA5
S21400EFA8C8E705F46043B3F5005F04D1C5F30B0565
S21400EFB805F5FC25BEE740F2052108482DF003FBC1
S21400EFC86FF00F074546B6E717F8013BFF2BB6D09C
S21400EFD84FF4047148462DF0F6FAB0E7F9D303006B
S21400EFE81E5B0020646A0020FF03E00F10B500F0E7
S21400EFF877F825F058F9044618B100F079F8204655
S21400F00810BD00F07BF804460028F6D10122014B1B
S21400F0181A70F2E7205B0020054B1B7833B1054BCE
S21400F028C0F3130100221868FCF774BC112070475F
S21400F038205B00205C650020144B2DE9F0411B780E
S21400F04805460E461746FBB125F014F9012805D9E2
S21400F058841EE4B2012C09D9212412E03B4631462D
S21400F0682846BDE8F041002200F052B800F038F813
S21400F0783B4600223146284600F076F8044600F063
S21400F08837F82046BDE8F0811124FAE7205B002017
S21400F098124B70B51B7804460D461646E3B125F0AC
S21400F0A8E9F8012805D9831EDBB2012B08D92124EB
S21400F0B810E0324629462046BDE8704000F040B8C9
S21400F0C800F00EF820463246294625F0EEF80446AB
S21400F0D800F00EF8204670BD1124FBE7205B0020E8
S21400F0E808B52DF0DCF9014B186008BDA03D0020DE
S21400F0F8014B18682DF0CEB9A03D0020024B1968C8
S21400F108024B1868FCF76CB83C6500205C6500206C
S21400F11837B505460C46C0F313010848ED020068EB
S21400F12805D5224603B0BDE83040FCF7A7B90093E2
S21400F13813462246FCF75CF903B030BD5C65002038
S21400F14830B405461346074A0C46C0F31301106848
S21400F158EA0203D5226830BCFCF798BB224630BCCE
S21400F168FCF78EBA5C650020F7B505460F461446D0
S21400F1781E461BB92125284603B0F0BD0029F9D044
S21400F18825F078F84BF23462ABB2934220D14FF0B8
S21400F198FF3322466946CDE9003325483346FFF754
S21400F1A8E3FF08220546234968460EF075FF38B97E
S21400F1B833462246694641F2F010FFF7D5FF05466A
S21400F1C8002DD8D13246694638460EF0A9FDD2E75A
S21400F1D841F2F01293420FD1174B311908299A6C55
S21400F1E8DB6CC7D8CDE9002332460DEB0401384660
S21400F1F80EF096FD0025BEE702280BD1C5F30C439A
S21400F20832199342B6D3C5F30B0104F17E64324635
S21400F2182144ECE7032809D1C5F30C43321993427D
S21400F228A8D3C5F30B0104F5FC24F0E70125A2E7F3
S21400F238021008C0B47004000080E00F10B527F074
S21400F24894FA28F06BFBBDE8104003460121022023
S21400F258014A02F00BBC00BF90D4030013B5D0E9F6
S21400F268023253F822301C78204627F090FA2346BC
S21400F278009001210220024A02F0F8FB02B010BDFD
S21400F288A4D40300014B187826F069BE215B002041
S21400F298FF232DE9F04F8FB01122002108A88DF822
S21400F2A813300EF0ADFB08A826F019F8012102204D
S21400F2B8B04A08AB02F0DAFB41F24903AE4A012134
S21400F2C8022002F0D3FB06A826F038F908A90DF1AB
S21400F2D8130026F03EF902200021A84A02F0C6FBD9
S21400F2E8002026F06DFE10B106A809F047FE9DF92D
S21400F2F82A3001210220A24A00939DF82B3002F002
S21400F308B5FB27F02EFA831EDBB2FC2B054631D858
S21400F318012102209B4A02F0A9FB01249A4E9B4F2A
S21400F328DFF8D082234632460021022002F09EFBF8
S21400F33805A9E0B227F017FA034650B1A0F1160265
S21400F348012A40F2AA8042460121022002F08EFBE2
S21400F3580CE09DF914303A4601939DF816300121C9
S21400F368009302209DF8153002F080FB0134E3B2CA
S21400F3789D42D7D8BDF8284008F0ECF9234600216E
S21400F388834A0090022002F071FB02200021814A85
S21400F39802F06CFB002026F013FE10B108A809F056
S21400F3A8EDFD01217C4A022002F060FB27F035F9CA
S21400F3B8044627F030F923460121784A00900220B7
S21400F3C802F054FB08F09EFE00210220744A02F068
S21400F3D84DFB9DF81330FF2B65D000210220714AA3
S21400F3E802F044FB01216C4A022002F03FFB26F0A3
S21400F3F8B5F8012103466C4A022002F037FB08F0F4
S21400F40881F900210346694A022002F02FFB26F004
S21400F418ABF8044626F0AAF823460121644A009071
S21400F428022002F023FB2DF0DBF808F013FF012181
S21400F4380346604A022002F019FB0025DFF8B8816F
S21400F44808F008FFECB2A04233D82DF0C9F8012323
S21400F458594A1946022002F009FB002026F07FFDD3
S21400F468564B574C0093012100230220554A02F0C0
S21400F478FDFA236863B1012102201B78524A02F084
S21400F488F5FA2368012102205B78504A02F0EEFA6A
S21400F49826F06AFD0FB0BDE8F08F012102204C4A25
S21400F4A802F0E4FA62E7002102204A4A02F0DEFA95
S21400F4B898E7494B204603EB0416D6F8089008F060
S21400F4C883FF8246204608F0CBFE444F00280CBF38
S21400F4D8C346BB46204608F077FF0AF031FD0028F1
S21400F4E808BF4746534600210220CDE900B73C4AEC
S21400F4F802F0BCFAB37901210293B3880220019383
S21400F5087388384A0093337B02F0B0FA0026DFF897
S21400F518ECB099F80430F4B2A34203D82DF060F8A2
S21400F52801358DE714235C43D9F8007002203A5B56
S21400F53807EB040A9AF90C3000922B4A002132EAAB
S21400F548230228BF5A461346284A02F08FFA00209C
S21400F55826F036FD38B150463C5B26F06EF801467C
S21400F56820460AF03BFD01210220214A02F07EFADD
S21400F5780136CEE7E5D40300F4D4030010D5030023
S21400F5883CD5030017D503002DD5030034D503005A
S21400F59869D5030089D50300D3D5030092D50300A7
S21400F5A8B4D5030016F60300BFD50300D5D503006F
S21400F5B8EBD5030001D603007AD6030092D60300E3
S21400F5C89C42002086D60300A0D60300B4D60300CB
S21400F5D851D5030071D20300D0410020BCD40300EB
S21400F5E80CD603002CD60300D9D4030062D6030039
S21400F5F8651E04005CD50300C4D40300CDD4030004
S21400F6082DE9F7430025134EDFF8588008F022FE50
S21400F618ECB2A04202D803B0BDE8F083270120462A
S21400F62816F8079008F01CFE0B4A4B46002808BF41
S21400F6384246002102200092084A02F017FAF05DBE
S21400F64825F098FF01210220054A02F00FFA01353D
S21400F658DCE700BFD0410020FE240400CFD603001C
S21400F668651E04000825040008B583685A681178E2
S21400F678C26853F82230A1F1650251425141187808
S21400F68808F0A4FF30B9BDE8084001210220024A6C
S21400F69802F0ECB908BD00BFDAD60300002102204C
S21400F6A8014A02F0E3B900BFF4D6030000210220A5
S21400F6B8014A02F0DBB900BF22D7030010B50446A2
S21400F6C886B01822002168460EF09AF9684626F099
S21400F6D8C6FBD4E9022052F8203002EB80021B78E1
S21400F6E88DF80B30516891F900108DF80A10916862
S21400F6F80988ADF808106168091A032907DDD26879
S21400F70803F01F03127843EA42138DF80B3068465D
S21400F71808F0CEF800210346024A022002F0A6F9B5
S21400F72806B010BD3ED7030007B5002026F0DDFF63
S21400F73800210090034B0220034A02F097F903B019
S21400F7485DF804FB4BD7030051D7030013B5D0E987
S21400F758023253F8221003EB82035B6808781968B4
S21400F7680023094CA222994208BF2146C01A18BF96
S21400F778012026F0AEFF01210090044B0420044A25
S21400F78802F074F902B010BD00F8FF075CD703005A
S21400F7986AD8030013B5D0E9023203EB820153F8A6
S21400F7A82230D1E901141878FF22003818BF01204A
S21400F7B82378096826F08DFF01210090034B04206A
S21400F7C8034A02F053F902B010BD00BF63D7030026
S21400F7D86AD8030008B5002101230C4A26F0FEFD6E
S21400F7E80A4826F05EFB0020094909F05FFC002065
S21400F7F826F0E6FB10B1054809F0C0FBBDE8084056
S21400F80801210420034A02F031B900BF53600020EA
S21400F81878D70300651E040010B525F0A9FE034638
S21400F82830B1BDE8104001210420054A02F01EB997
S21400F8380121BDE810400420024A02F017B900BFB3
S21400F84886D7030097D7030010B526F02CFBBDE833
S21400F8581040034601210220014A02F007B900BF02
S21400F868A2D7030010B526F0F0FABDE8104003460C
S21400F87801210220014A02F0F9B800BFB8D70300F8
S21400F88837B5D0E90232012453F822304FF6FF701C
S21400F8981D78FE2204FA05F1002326F086FF2B4683
S21400F8A8009021460420024A02F0E0F803B030BD7A
S21400F8B8CCD70300D0E9023253F822301B7823B1A4
S21400F8C801210220024A02F0D1B8024A137070479A
S21400F8D8EBD70300215B002007B5684625F02EFE0F
S21400F8E807F038FF01210346084A022002F0BEF856
S21400F8F8684609F043FB08F0A1F901210346044ACB
S21400F908022002F0B3F803B05DF804FB01D8030048
S21400F9181BD8030037B5D0E90245406854F82530AF
S21400F928401B0328D8BF002004EB8504C8BFE06846
S21400F93819786368C8BF00781A78A36893F9003006
S21400F9480090012026F0B5FE38B901210220084AA9
S21400F95803B0BDE8304002F089B8064B019000932A
S21400F96801210220044B054A02F080F803B030BD9E
S21400F9782CD8030034D803000807040048D803002E
S21400F98807B5012026F09DFE48B900900121022007
S21400F998084B094A02F06AF803B05DF804FB054B09
S21400F9A80190009301210220044B054A02F05EF8FC
S21400F9B8F2E700BF34D803005FD80300ED32040036
S21400F9C848D8030008B5D0E9023253F82230187830
S21400F9D826F029FE30B9044A0121BDE80840042073
S21400F9E802F044B8014AF7E774D8030090D8030039
S21400F9F808B5D0E9023253F82230188826F011FEEE
S21400FA0830B9044A0121BDE80840042002F02EB8A7
S21400FA18014AF7E7AFD80300DFD8030073B50378C9
S21400FA28044613F0050F0ED04588062D17D18368B7
S21400FA3801215B68174A1B7801938388042000938A
S21400FA48154B02F013F82378012B20D0012104204F
S21400FA58114B124A02B0BDE8704002F007B835B93B
S21400FA688388012104200E4A02F000F8EBE7012DF6
S21400FA78E9D186680B49002009F018FB304609F0E2
S21400FA887DFA29460420084A01F0F0FFDBE702B0B9
S21400FA9870BD00BF15D903000CD9030067D9030051
S21400FAA832D903004FD90300651E04002DE9F04F34
S21400FAB800268FB0364D09AC0FCD0FC42B68012138
S21400FAC80220344A236001F0D1FF3446DFF8DC9088
S21400FAD825F048FDF5B2A8420BD825F043FD23468D
S21400FAE80090012102202C4A01F0C0FF0FB0BDE8AB
S21400FAF8F08F284605A926F080FD0346002841D148
S21400FB089DF81430032B39D904238DF814302B466E
S21400FB1800210220214A01F0A9FF9DF814300EAA00
S21400FB2802EB830300214A4653F8143C022001F0F6
S21400FB389DFF28469DF821A09DF815B09DF81870E1
S21400FB48BDF8168026F05BFD5346CDE902800021FD
S21400FB580220CDE900B7124A01F088FF01340020E0
S21400FB68E4B226F02DFA18B10DF1190009F006FADC
S21400FB78002102200B4A01F079FF01E0002BC6D1D4
S21400FB880136A5E700210220074A01F06FFFF7E7D4
S21400FB98BC70040079D90300F2D903002FD50300FE
S21400FBA8A6D9030042CD0300CDD9030079E40300AB
S21400FBB8C3688268013BDBB252F8233002201B7808
S21400FBC8652B14BF00220121044B1BBF01211A70AC
S21400FBD8034A044A08BF197001F048BFCC6A0020DF
S21400FBE809DA030017DA0300D0E9023253F82230A4
S21400FBF81A88014B1A807047666A002007B5D0E954
S21400FC08023103EB810253F8213052681988054BFC
S21400FC180548128800930088012309F0A3FE03B064
S21400FC285DF804FB25FA0000666A0020C36882684F
S21400FC38013BDBB252F823305B78A3F166025342ED
S21400FC485341014A13707047CF6A002030B5D0E997
S21400FC58023253F8223089B01D78012302AA1946C9
S21400FC68044626F0BBFB01230093102302210DEB6C
S21400FC780302204626F093FB284604AA02A926F08B
S21400FC88AEFD0446002026F09BF918B1214604482C
S21400FC9807F0F0FD0020034909F0EEF909B030BD81
S21400FCA826DA0300651E0400002330B58FB0022153
S21400FCB8009309AA1223054626F071FB05AA0146F9
S21400FCC809A807F0B5FB044698B1232805D1134ABE
S21400FCD80121042001F0CAFE09E0212801D1104ABA
S21400FCE8F6E70346012104200E4A01F0BFFE0FB0D6
S21400FCF830BD01232846194603AA26F06FFB05A93E
S21400FD0803A826F06EFD0546204626F059F918B1D8
S21400FD182946054807F0AEFD044AD9E733DA03005A
S21400FD2856DA030091DA0300B2DA0300651E04000F
S21400FD38F0B5D0E9023253F8221003EB82039B6831
S21400FD4805461F7887B038460E7826F019F9044617
S21400FD5808BBD5E9022101238DF80830194452F86A
S21400FD68210002EB810200888DF809709268ADF8D0
S21400FD780A00127804218DF80C2028460DF10D0291
S21400FD8826F02CFB304602A98DF8154026F039FCE3
S21400FD98044626F0E9F8334601210420024A009476
S21400FDA801F064FE07B0F0BDC7DA03002DE9F041A4
S21400FDB801218EB00220274A01F058FE002005AB2C
S21400FDC801AA09A926F005FD00250446224E234F60
S21400FDD8DFF898801CB128460EB0BDE8F0810220F6
S21400FDE82B463246214601F041FE204626F0E8F82A
S21400FDF810B10AA809F0C2F83A46002102209DF878
S21400FE08303001F033FE424600210220079B01F005
S21400FE182DFE00210220BDF82030114A01F026FEF2
S21400FE28BDF8143000210F4A022001F01FFE0135EC
S21400FE3801A826F0C0F8EDB2012102200A4A01F016
S21400FE4815FE284605AB01AA09A926F0C2FC0446F9
S21400FE58C0E700BFF9DA03003FDB030047DB030017
S21400FE6835F603005CDB0300651E040053DB030065
S21400FE782DE9F047064698B0C0B925F071FB07464D
S21400FE8800250EA826F0AFFC01210220384A01F012
S21400FE98EDFD2C46DFF8E080DFF8E090DFF8E0A024
S21400FEA8BC4205D3284618B0BDE8F0870127E7E727
S21400FEB813A826F098FC002E4CD0022306A913A8F7
S21400FEC88DF84C30FE2426F080FC00283FD102A98D
S21400FED813A826F080FC9DF8593043F001038DF8EE
S21400FEE85930002E3DD1234631460220214A01F0E2
S21400FEF8BDFD9DF859300AA943F0010313A88DF8F3
S21400FF08593026F068FC002026F05AF810B114A8DC
S21400FF1809F034F80C9B42460021022001F0A6FDA9
S21400FF28BDF82820002112F4007F0CBF4C23412383
S21400FF3812F0100F0CBF6E227922022000924A4659
S21400FF4801F094FD06A826F036F80135EDB2013426
S21400FF58E4B2A5E720460AAB06AA13A926F037FCA2
S21400FF68B3E752460021022001F080FDC1E700BF3A
S21400FF7866DB03003FDB030053DB0300A2DB030062
S21400FF889BDB030030B5012499B00EA826F02BFCA5
S21400FF9813A88DF8384026F0C4FBC0B9BDF84C103D
S21400FFA811EA040513D121460220444A01F05EFDF9
S21400FFB829460220424A01F059FD214602203F4ABE
S21400FFC801F054FD214602203C4A01F04FFD06A9E7
S21400FFD80EA826F0FAFB20B11022FF2106A80DF085
S21400FFE80FFD04A826F0F9FB059B01210220354ADF
S21400FFF80093354B01F03AFD9DF81230012102209E
S214010008324A0093304B01F031FD00212E4B304A25
S214010018022001F02BFD06A825F0CDFF13A826F037
S214010028E2FB02230AA913A88DF84C3026F0D3FB6D
S21401003800283FD10B9B009301210220254B264A1D
S21401004801F014FD0121234B244A022001F00EFD84
S2140100580120FFF70DFF01211E4B214A022001F066
S21401006805FD0020FFF704FF044625F079FA23462C
S2140100780090012102201B4A01F0F8FC01211A4BCD
S214010088174A022001F0F2FCFFF790FE17490228F2
S21401009803461748174A28BF0A46084928BF014693
S2140100A80092CDE9013102200121134A01F0DEFC5C
S2140100B819B030BD4FF0FF33BDE700BF651E040021
S2140100C8B5DB0300F3DB0300EBDB030003DC030013
S2140100D892050400BF13040016DC030026DC0300A7
S2140100E82DDC030036DC03004ADC0300B1DB030029
S2140100F8FCFA03004EFB030058DC030010B5D0E9F8
S214010108023253F822301C78201E18BF012026F030
S214010118F4FA054A054B0020002C18BF1A46BDE81C
S2140101281040034908F0A8BF85DC030080DC030003
S2140101388EDC0300D0E9023210B553F822301C8851
S214010148204626F0DCFA2246BDE810400020014988
S21401015808F092BFCFDC030037B5044607F0D2FAA1
S214010168014638B100200D4A0D4903B0BDE83040BC
S21401017808F082BFE368A268013BDBB252F823307D
S21401018808481D780123084A00936C2D08BF0246CB
S2140101981023204626F003F903B030BD1DDD030009
S2140101A825DD0300B56A0020A56A002013B583681B
S2140101B89A681278672A22D101A826F0B2FA04466C
S2140101C8A8B9BDF80420174908F056FFBDF8043051
S2140101D8DA070AD413F0020F134B144A18BF1A464B
S2140101E81349002008F048FF19E0124AF8E70246CA
S2140101F81149002008F040FF22461049F1E7C2687D
S21401020801A953F8220003EB82035B6800681B68A8
S214010218ADF8043026F08BFA04460028ECD102B07B
S21401022810BD00BF58DD03004BDD0300EF060400D8
S21401023879DD03003BDD03008BDD0300B7DD03003A
S214010248034A04491388C85401331380704700BF12
S21401025802560020275B002073B5154D01242B7824
S214010268144E13F0040F0CBF02230423124A21462E
S2140102781470328802200192EB5C104A0093104BEE
S2140102885B8801F0F3FB002102200E4A01F0EEFB29
S2140102980D4B2946009332882346022001F02CFC98
S2140102A821460220094A02B0BDE8704001F0DEBBD3
S2140102B8275B002002560020265B0020C6DD0300CF
S2140102C8F4550020EBDD03000DDE0300651E040077
S2140102D870B516464FF48A52114B124DDA80598082
S2140102E8114B1B881A1E18BF012240EA82000F4ACA
S2140102F81278003A18BF012240EA0210287063B14A
S21401030803246B701B0AAB7009F088FE631C285522
S214010318EE54074B02341C8070BD0124F4E700BF7D
S214010328F4550020275B002000560020255B00209E
S2140103380256002038B5D1E902320C46054653F874
S2140103482230024619880C4B1878FFF7C1FFE3687C
S214010358A268013352F82330188823F0E8FF4DB11C
S214010368E368A268023352F823301878BDE83840AB
S214010378FFF766BF38BD00BF225B0020F0B5054613
S214010388EB68AA68023352F8233008461C782946D7
S21401039885B0FFF7CFFF204625F03BF9204E214FC9
S2140103A878B3204625F041F90321441C03AA2846C0
S2140103B823F024F83288E4B2C2F1FF0303991B1B29
S2140103C89BB28B4222443CBFC2F1FF030393012335
S2140103D8032100933A449DF80C30284625F0DFFFA8
S2140103E8039A022C338804BF0F48110AFA5408BF2F
S2140103F8C15413441C44348005B0BDE8F040FFF7EF
S2140104082BBF204607F086FE012332880446009358
S214010418032103463A44284625F0C1FF3388E9E715
S21401042802560020275B0020285B0020052307B51D
S214010438012100930220044B044A01F017FB03B084
S2140104485DF804EBFFF79EBDF4DD0300FBDD03005A
S21401045813B5044626F061F938B1CDE9004001210B
S2140104680220034B034A01F001FB02B010BD00BF96
S2140104781DDD030012DE0300194B37B51B783BB9A7
S21401048801210220174A03B0BDE8304001F0EEBA58
S214010498D0E90232144C53F8223001211D786388C2
S2140104A802200093114A2B4601F0E0FA104B257101
S2140104B81B78104D63B1012102200F4A01F0D6FACC
S2140104C820460E4A298803B0BDE8304024F042BED3
S2140104D820460A4A298803B0BDE8304024F0FCBE0D
S2140104E8265B002029DE0300F455002037DE0300D2
S2140104F8235B0020025600204EDE0300275B002007
S2140105082DE9F041D0E9023253F8221003EB8203B9
S2140105185A680C7817889A68DB68B2F80080C6B003
S2140105281D780021304B0220304A0094CDE901782D
S21401053801F09CFA002D0CBF6E23792301210220BD
S2140105482B4A01F093FAFF23002D0DF1170606AD8D
S214010558019320460CBF8023402342463946029623
S214010568009525F09CFB0446002835D1307825F007
S21401057856F80746B0B1284625F0E1FC1D4BFD2884
S214010588A8BFFD200093234682B20DF1190102206F
S21401059801F0B2FA01210220174A01F067FA46B0C3
S2140105A8BDE8F081307825F040F860B1284625F09E
S2140105B8CBFCFD28A8BFFD200E4B82B200930DF19F
S2140105C81A013B46E3E7307807F0A4FD0B4B0246D9
S2140105D8009329460123DAE7009001210220084BFF
S2140105E8084A01F043FADAE75B14040068DE030000
S2140105F88DDE030013280400651E04000DDE0300CB
S21401060815E7030097DE0300D0E9023253F82210FB
S21401061803EB82032DE9F04F5A680F78B2F8008091
S2140106289A68C7B0B2F80090DA681B6992F800A019
S2140106381E7800212F4B304A0446CDE90189022055
S214010648009701F013FABAF1000F0CBF6E23792355
S21401065801210220294A009606AD01F007FAFF2279
S214010668002128460DF0CCF9304624F0D8FF834601
S21401067808B30023052100932046FD230DF1190236
S21401068825F08DFE2870BAF1000F0CBF8023402399
S2140106984A4641463846CDE9005625F0CBFA01468A
S2140106A8144807F0E7F801210220154A01F0DEF99F
S2140106B847B0BDE8F08F304624F0B7FF60B1FD23A0
S2140106C805212046CDF800B00DF11A0225F067FE87
S2140106D885F801B02870D6E70590304607F01AFD70
S2140106E8059A0346009205212A46204625F057FE1C
S2140106F8C9E700BF4E14040068DE0300A8DE030045
S214010708651E04002DE9FF471C465B68E5685B1B10
S21401071800255FFA83F803952E46FFF7D9FDEBB25D
S21401072898450BD90C9B9B5D282B39D8202B00F2BA
S214010738CB800136F6B2002B40F0C980FFF78CFD5E
S21401074804B0BDE8F087132A2FD801A151F822F08A
S2140107581F0801003108010043080100770801005D
S2140107684507010045070100450701004507010047
S214010778B3070100B3070100B3070100B30701007F
S214010788B3070100B3070100B3070100B30701006F
S214010798B3070100B3070100C30701009D08010064
S2140107A8A3F13102D1B21329CDD90136F6B2A3F19C
S2140107B84102032AC2D8422B6CD06C4F00213A88DA
S2140107C8DFF8B0A1C2F1FE039BB2FF2B28BFFF23BF
S2140107D801320091DBB22046524469B225F0BBFDD6
S2140107E83B880AF8030001331844388011E04FF0BB
S2140107F80409E368A2682B4452F823301F68F8B24C
S21401080809F1FF39FFF71CFD19F0FF094FEA172711
S214010818F5D1013583E7E368A2682B4452F8233003
S2140108281878FFF70DFDF4E7E368A2682B4452F841
S2140108382330188823F07BFDEBE7E368A2682B4496
S21401084852F823301F68B7F1807F09D2F8B2FFF754
S214010858F7FCC7F30720FFF7F3FCC7F30740E0E709
S2140108682B4601210820424A01F000F966E74FF0BD
S2140108780409E368A2682B4452F823301F68F8B2CB
S21401088809F1FF39FFF7DCFC19F0FF094FEA1727D2
S214010898F5D1BEE7294603AA204622F0AFFD00217E
S2140108A8324F344A3B88DDF80C9002EB030CCAB28F
S2140108B8914501F1010102D84B443B80A9E710F8A4
S2140108C802A00CF802A0F2E7242B3FF670AF013B1A
S2140108D8232B3FF633AF01A252F823F01F0801007D
S2140108E83108010043080100F70701004507010028
S2140108F845070100450701004507010045070100B6
S21401090845070100450701004507010045070100A5
S2140109184507010045070100450701001F080100BA
S2140109283108010043080100770801004507010066
S2140109384507010045070100450701004507010075
S2140109484507010045070100450701004507010065
S2140109584507010045070100450701001F0801007A
S2140109683108010043080100F7070100025600207C
S214010978C1DE0300275B0020094B1B7823B1012148
S2140109880820084A01F072B8D0E9023253F822303A
S214010998054A1B88012113800820044A01F066B81D
S2140109A8265B0020E7DE03000056002029DF03004F
S2140109B8D0E9023253F82230054A1B780121003B60
S2140109C818BF012308201370024A01F04FB800BF70
S2140109D8245B00204FDF0300D0E9023253F82230AF
S2140109E8034A1B78012113700820024A01F03EB819
S2140109F8255B00207EDF030010B5D0E902320446ED
S214010A0853F82230132219880B4B1878FFF760FC2D
S214010A18E368A268013352F823301878FFF710FC10
S214010A28E368A268023352F823301878FFF708FC07
S214010A38BDE81040FFF710BC225B002010B5D0E9D6
S214010A480232044653F82230112219880B4B1878C3
S214010A58FFF73EFCE368A268013352F823301878A2
S214010A68FFF7EEFBE368A268023352F823301878E2
S214010A78FFF7E6FBBDE81040FFF7EEBB225B002060
S214010A88D0E9023253F82230034A1B78003B18BFDC
S214010A980123DB0013707047225B002010B5D0E9F4
S214010AA8023253F82230044619880E4B062218786B
S214010AB8FFF70EFC0120FFF7C3FBE368A2680344B7
S214010AC852F82330188823F032FCE368A268023310
S214010AD852F82330188823F02AFCBDE81040FFF7A7
S214010AE8BBBB00BF225B00202DE9F043D0E90232F0
S214010AF84FF0FD09013253F8221003EB82035A68BE
S214010B08C7B017889A68B1F80080147853F8043C7F
S214010B18002C0DF1170506AE18783A4614BF402387
S214010B28802341460295CDF80490009625F0B7F843
S214010B38034638B1184A0121082000F097FF47B04C
S214010B48BDE8F083201E18BF01200A224146C000D6
S214010B58FFF7BEFB384623F0EAFB2878FFF770FB61
S214010B684A463146287824F008FD044628B10B4F3A
S214010B783D88C5F1FF03984202DD2346084ADAE7B5
S214010B88024608483146284425440DF0C9F83D80F8
S214010B98FFF762FBD3E700BFB4DF0300025600206D
S214010BA8D0DF0300275B002010B5D0E902320446E7
S214010BB853F82230082219880B4B1878FFF788FB60
S214010BC8E368A268023352F823301878FFF738FB37
S214010BD8E368A268013352F82330188823F0A7FB8C
S214010BE8BDE81040FFF738BB225B002073B5D0E99B
S214010BF802320546023253F8221003EB820353F8F9
S214010C08042C53F8083C0C781988234B1688187856
S214010C180622FFF75DFB0020FFF712FB304623F0A4
S214010C2886FB2046FFF70CFBEB68AA68033352F8ED
S214010C382330188823F07BFBEB68AA68043352F844
S214010C482330188823F073FB204609F0E7FBE8B940
S214010C58204607F05FFA05210446019001AA2846B6
S214010C6822F0CCFB019B01469C4206D02246314627
S214010C780A480BF0A7FD02B070BD094D09482E8839
S214010C882246304434440CF00DFF2C8002B0BDE8F7
S214010C987040FFF7E1BA00BF225B0020FCDF0300CB
S214010CA802560020275B002073B5D0E902324FF4C4
S214010CB88A5153F82230104D1A88104BD9805A8021
S214010CC800232A4600930121FF2325F068FB2B7891
S214010CD8044613F0040F0A4B08BF01261B7818BFF9
S214010CE8032613B109F09AF9A855064B1C8002B0E1
S214010CF8BDE87040FFF7B0BA275B0020F455002026
S214010D08245B002002560020D0E9023253F8223034
S214010D18034A1B78003B18BF01231370704700BFB6
S214010D28235B002010B50C4608B908F003F9024BFE
S214010D3818715C7110BD00BFF455002002462DE9FC
S214010D48F341D0E90253526855F82310D21A0C8899
S214010D5805EB8301013BDBB255F82380294D022AB6
S214010D684868C8BF8A682B78D8BFFF210078C8BFF3
S214010D7811783BB901210220234A02B0BDE8F041AF
S214010D8800F074BEFFF7CEFF06F0E4FC1F4F204EBE
S214010D983B880146224600931E48334625F06CF8E8
S214010DA80246C8B998F804103B885F2917D1CDE9DF
S214010DB800364FF6FF712046164B24F0BFF928B1CE
S214010DC8034601210220144A00F050FE0023134A6C
S214010DD82B701380124A137002B0BDE8F0814FF6EB
S214010DE8FB718C4208D9CDE900362146094B4FF6EE
S214010DF8FF7024F001FAE2E72146064A009624F03D
S214010E082DFADCE7265B002047E0030002560020A7
S214010E18275B0020F45500204EE003000056002012
S214010E28255B0020002210B50A2104461046FFF76C
S214010E384FFA002023F07BFA0122044B1A70FFF7C1
S214010E480BFA2046BDE81040FFF778BF5060002037
S214010E5838B51C4615460123224625F0BFFA60B967
S214010E682146284625F083FC044620B101210420AA
S214010E78034A00F0FBFD204638BD0024FBE700BF0F
S214010E8875E003002DE9F0430C4615461F46D0E9E8
S214010E98022352F8231002EB830293680E8893F814
S214010EA80080D3688BB0B3F800903246012106ABB8
S214010EB8FFF7CEFFF0B90DF1200CF4B101232A8813
S214010EC84021CDE902C2CDE90471CDE90093222182
S214010ED8434606AA304625F0B8FA0B4B0B4A009350
S214010EE80B4B0190002C08BF134601210420094A28
S214010EF800F0BCFD0BB0BDE8F0836246286869685F
S214010F08032303C22246DBE7D4E00300B9E003006B
S214010F18B3E00300C1E0030007B501236A460021D8
S214010F2825F05CFA6846034908F0C8FD03B05DF889
S214010F3804FB00BF25FA0000D0E9023253F822303C
S214010F480149188808F08CBD25FA000010B5D0E9CB
S214010F58023203EB8201496853F8223009784FF4CC
S214010F688A52188825F061FABDE810400346012127
S214010F780420014A00F07ABDDEE00300D0E902321F
S214010F8853F8223002214FF48A5210B5188825F0FA
S214010F983EFABDE81040034601210420014A00F04C
S214010FA865BD00BFF7E003001FB5D0E9023203EBC9
S214010FB8820153F82230496818884FF48A53098801
S214010FC80293094B094A0193094B1B78009312783F
S214010FD8084B25F092FA012103460420064A05B07B
S214010FE85DF804EB00F042BD04560020275C0020A3
S214010FF8265C00200E5600200EE103002DE9F04382
S214011008D0E9023253F8221003EB82035A680E889D
S21401101817789A68DB688BB092F80090B3F800806E
S2140110283246042106AB0446FFF712FF28BB08AD7B
S21401103801232A460521204625F0D0F938B904208F
S21401104801210F4A00F012FD284624F077FA4FF4E2
S2140110588A53CDE904930023CDE9025303232121C2
S214011068CDE9008306AA3B46304625F0EEF9012174
S2140110780346044A042000F0F9FC0BB0BDE8F083EF
S21401108826E1030055E1030038B5D0E9024303F130
S2140110988043023B02220F4954F823009D000CF0BE
S2140110A8FBFF60B90C4B0D491A78042A0BD82C445F
S2140110B8A068008821F8120001321A7038BD084B62
S2140110C808491A78F1E70121BDE838400420064AA4
S2140110D800F0CCBC830C0400275C00200E560020D0
S2140110E8265C00200456002067E1030008B5C368A3
S2140110F8806803F18043023B0222064950F8230028
S2140111080CF0CAFF10B9044B187008BD0022034B37
S2140111181A70FAE7830C0400275C0020265C00207E
S21401112837B5D0E9023153F821208C00157842688A
S214011138521A012AC5BF1B195B686C091C78DCBFEB
S21401114844F0180405F01F052946204625F099F8AD
S214011158034640B12346012104200E4A009500F0BB
S21401116885FC03B030BD0121A94074B92346FE228F
S2140111784FF6FF7025F019FB012103460420064AA5
S21401118803B0BDE8304000F071BCFE2241EAC461FC
S214011198EEE700BF7DE103009DE1030070B5D0E9ED
S2140111A8021551F8253001EB8501044618884B686D
S2140111B81A788B68052A1B8802D85E1E072E0BD95B
S2140111C8012104200C4A00F051FCBDE870400121C1
S2140111D804200A4A00F04ABC6468641B032CCABF90
S2140111E8C9680749096825F0E0FABDE87040024673
S2140111F80449002007F05ABFBBE10300DBE1030006
S21401120800F8FF07F8E1030008B5D0E9023253F801
S214011218220003EB82035968FF22038809684FF608
S214011228FF7025F0C2FABDE80840024601490020D1
S21401123807F03CBF0BE2030008B5D0E9023253F8C9
S214011248223005214022188825F0E1F8BDE808403B
S21401125802460249002007F029BF00BF2CE203001E
S21401126808B5D0E9023203EB8201486853F8221028
S214011278027840230988312025F01CF9BDE808408A
S21401128802460249002007F011BF00BF4DE20300E5
S21401129808B5D0E9023203EB8201486853F82210F8
S2140112A8027840230988332025F004F9BDE8084070
S2140112B802460249002007F0F9BE00BF67E20300B4
S2140112C81FB5D0E9023253F8221003EB82039B685C
S2140112D808881A780023D21A18BF0122CDE90233EA
S2140112E802A94023D20125F0F4F801210090044B0D
S2140112F80420044A00F0BAFB05B05DF804FB00BF01
S214011308D4E0030085E2030007B5D0E9023253F8BA
S214011318223003214022188825F079F8012100900F
S214011328034B0420034A00F0A1FB03B05DF804FB5D
S214011338D4E0030094E2030037B5C3688268053336
S21401134852F8233004211D786A460123044625F005
S21401135845F838B904200121064A00F087FB68469B
S21401136824F0ECF82B466A4600212046FFF78AFD52
S21401137803B030BDAEE2030007B5D0E9023203EB95
S2140113888201486853F822100278402309883220DF
S21401139825F090F801210090034B0420034A00F041
S2140113A865FB03B05DF804FBD4E00300DFE203004D
S2140113B870B585690446EA0705F0020605D476B1D4
S2140113C8C5F3072024F0DCFD09E01EB1B2210F4861
S2140113D82BF0F9F8A069C0F3810024F0C0FDE36999
S2140113E81BB9BA2109482BF0EEF8204614F098FBF1
S2140113F8E3693EB1607E9847AB0706D0BDE870400A
S21401140824F0B2BD20469847F6E770BDF4E2030023
S21401141808B514F079FE28B1BDE80840472102480E
S2140114282BF0D1B808BD00BFF4E203002DE9F04166
S214011438FF2B04460F4690461D469DF8186005D0BA
S214011448FF2E03D0D52111482BF0BDF80023FF2D20
S21401145818BFAD000E4A1CBF45F00105EDB222606B
S2140114680C4AC4E9063818BFA561FF2EC4E9012352
S2140114782361E76007D0A36943F0020323F47F439F
S21401148843EA0623A361BDE8F08100BFF4E2030046
S214011498A43D0020B9130100002310B5054C0361D3
S2140114A80460054CC261C0E901430123C160836140
S2140114B810BD00BFA43D0020B913010070B58669B0
S2140114C8044606F00303032B0D4603D1FC211448FA
S2140114D82BF079F8FF2D16D0B20704D440F201118B
S2140114E80F482BF070F8284624F0E8F9FF2805463F
S2140114F804D14FF482710A482BF065F82DB204EB3B
S2140115084514204670BDF307FBD5A36913F00C0FED
S214011518F7D040F20B1102482BF055F8F1E700BF5F
S214011528F4E203000023054AC0E9063103610260BC
S214011538C360034A034B426083607047A43D0020A2
S214011548B9130100F55A0200014827F00FB900BF88
S214011558A43D0020014827F015B900BFA43D00208E
S21401156813B50E4827F0DCF822F064FF26F09AF847
S21401157826F0BCF826F0C6F8FCF728FF0446FCF768
S2140115883FFF2346009001210420054A00F06EFA29
S21401159802B0BDE81040FCF71FBF00BFA43D002005
S2140115A887E30300022808B503D12BF005F8014BA1
S2140115B8186008BDD43D002008B50DF08FF801224B
S2140115C8044B1A702BF081F8BDE80840024903481D
S2140115D8FDF7C4B8295C002068650020D83D0020C6
S2140115E8014B1870704700BF285C0020024B187822
S2140115F808B106F093B87047C56A002008B5074BCE
S2140116081B780BB1002008BDFFF7F0FF0028F9D1C1
S21401161806F05EFC023818BF0120F4E7285C0020BB
S21401162870B5FFF7EBFF174D20B1FFF78DFF0428C4
S214011638044613D82B781BB92BF047F801232B70D7
S21401164822F006FF0446D8B12B781BB9F7210E48BD
S2140116582AF0B9FFBDE87040FFF776BF22F0FAFE20
S2140116680028E7D02B785BB12AF019FF064600213F
S214011678012029F04FF930462AF00CFF00232B7081
S214011688204670BD295C0020A8E303001FB5FFF7BC
S214011698C7FF0446FDF740FAA04228BF204688B196
S2140116A803A929F053FD034638B9CDE90000064AD7
S2140116B8039906482AF09CFF18B18E2104482AF09F
S2140116C882FF012004B010BD57440300B43D00203A
S2140116D8A8E303000D4B70B51B780D4D0D4C012189
S2140116E8002B0CBF2B46234602200B4A00F0BEF9FE
S2140116F80A4B01211B780220002B0CBF2B462346E0
S214011708BDE87040064A00F0B1B900BFC56A0020BE
S214011718A20C0400C10C04003EE40300285C00206F
S2140117285DE4030010B5D0E9023253F822300220F6
S2140117381B780121002B15BF01240024044A054A01
S21401174800F094F92046BDE81040FFF749BF00BFF6
S2140117587CE4030099E40300D0E9023253F822300E
S214011768034A1B78003B18BF01231370704700BF5C
S214011778C56A002038B50125084B1D702AF08FFE72
S21401178804462946284629F0C5F820462AF082FE4E
S214011798BDE8384002490348FCF7E0BF2A5C002050
S2140117A870650020003E002070B514F033FD10F07F
S2140117B8070F1D4D11D02B785BB901262E702AF024
S2140117C86EFE04463146304629F0A4F820462AF033
S2140117D861FEBDE8704014F0EDBA24F0CAFF022895
S2140117E803D1124B1B78032BE5D914F013FD18B956
S2140117F80E4B1B78032B14D814F0DCFA0446002889
S214011808D9D02B785BB100262E702AF048FE054603
S2140118183146012029F07EF828462AF03BFE20466C
S21401182870BD4FF0FF34ECE72A5C0020B160002061
S2140118381FB5FFF7B9FF0446FDF76EF9A04228BFAA
S214011848204688B103A929F081FC034638B9CDE9B9
S2140118580000064A039906482AF0CAFE18B18C21E8
S21401186804482AF0B0FE012004B010BD3149030037
S214011878E03D0020B8E4030010B5094C09490020F2
S21401188807F0FAFB23681B68587924F04DF823689B
S2140118981B68587923F051F805F066F9002010BD49
S2140118A86043002046E5030008B524F052FF0246CF
S2140118B828B1BDE808400020014907F0DDBB08BD96
S2140118C869E5030008B524F05AFF024628B1BDE8C9
S2140118D808400020044907F0CFBB5422BDE8084061
S2140118E8FF2102480CF08CB881E503001856002049
S2140118F838B504460D4624F046FF024628B1BDE831
S21401190838400020034907F0B7BB034B23F81450AF
S21401191838BD00BF9FE50300185600202DE9F341A6
S21401192800240C4E0C4DDFF838800C4F56F8043B5B
S2140119380BB9D8F8003035F8022B3946009200204A
S2140119482246013407F098FB2A2CEFD102B0BDE8F5
S214011958F08100BF7C6500206C560020BBE50300C3
S2140119687865002008B52A21034824F004FFBDE85D
S2140119780840FFF7D3BF00BF6C56002007B5D0E973
S214011988023253F822301A78292A0DD8084B53F810
S21401199822300BB9074B1B680749002031F8121093
S2140119A80091064907F068FB03B05DF804FB00BF29
S2140119B87C650020786500206C560020BBE5030096
S2140119C808B52A21034824F0D8FEBDE80840FFF7E9
S2140119D8A5BF00BF6C56002038B5D0E9023253F8CF
S2140119E8221003EB82035B680C781D8800200449EB
S2140119F807F042FB29462046BDE83840FFF778BF86
S214011A08C6E503002DE9F34100240C4E0C4DDFF822
S214011A1838800C4F56F8043B0BB9D8F8003035F827
S214011A28022B3946009200202246013407F024FB97
S214011A382A2CEFD102B0BDE8F08100BF7C650020FA
S214011A4818560020BBE503007865002010B502464D
S214011A5822F089FF20B9044C236811B1134323608F
S214011A6810BD23EA0203FAE7286600200CB413B572
S214011A7802460C4622F077FF60B9094B1B681A42EA
S214011A8808D005A9049801910AF0B0FE14B10548DA
S214011A9825F096FD02B0BDE8104002B0704700BFC1
S214011AA828660020C5E80300034610B5D3E90232CC
S214011AB853F8223008461C78211E18BF0121FFF76B
S214011AC8C5FF014648B9084A084B0220002C08BF42
S214011AD81346074AFFF7CAFF10BD00210220054A30
S214011AE8FFF7C4FFF8E700BFC4D40300BCD4030063
S214011AF8C7E80300DDE803002DE9F04105461F4667
S214011B080C46DFF82C808E18B44201D1BDE8F0816E
S214011B180021284614F8013B069AFFF7A7FF002F75
S214011B28F2D0424600212846FFF7A0FFECE700BFA7
S214011B3851DB03000021024A0248FFF7ADBC00BF93
S214011B48D11B0100083E0020FF21014822F064BC99
S214011B58083E00200022034BFF2103481A7022F09A
S214011B6854BC00BF2B5C0020083E002013B5114C66
S214011B782378032B13D8009300230F4A18460F49DE
S214011B8807F07AFA237842F21072002B08BF002277
S214011B98FF210B4802B0BDE8104022F025BC002208
S214011BA80849104607F068FA02B0BDE81040FFF78A
S214011BB8D1BF00BF2B5C0020EEE8030000E903005C
S214011BC8083E00200AE90300F0B52B4D8FB02B78AC
S214011BD823B309A824F007FE022309A88DF82430A8
S214011BE824F0EFFD01AA06469446244B03F110079C
S214011BF8144618685968083303C4BB422246F7D10D
S214011C0805AA17461E4B03F1100E144618685968A4
S214011C18083303C473452246F7D1E6B1012409A85F
S214011C2824F07DFD28B9BDF8243013F0020F18BF43
S214011C3801242B781349002B4FF000034FF0A00224
S214011C4808BF1946204624F044FD90B92B78013385
S214011C582B700FB0F0BD614609A824F0B4FD00282A
S214011C68DCD1394609A824F0AEFD04460028D6D0B2
S214011C78D4E7FFF77BFFECE72B5C0020D07004006D
S214011C88E070040000F8FF0710B50020324907F09D
S214011C98F3F908220020314907F0EEF9304B314AB2
S214011CA81978314B0020002918BF1A462F4C3049A5
S214011CB807F0E2F9002024F052F92368002B47D0F8
S214011CC81B78022B44D900222A4B10462A4907F0D2
S214011CD8D3F922F08FFE29490246002007F0CCF9F5
S214011CE800F0D0F826490246002007F0C5F9236817
S214011CF81B78032B2CD900F0D5F822490246002080
S214011D0807F0BAF900F0DEF81F490246002007F08E
S214011D18B3F900F0DFF81D490246002007F0ACF9D8
S214011D2800F0A4F81A490246002007F0A5F900F0C9
S214011D38D7F8184C184954F82020002007F09CF9C9
S214011D4800F024F9154954F82020002007F094F9EA
S214011D58BDE8104024F008B92CE9030048E903005F
S214011D682C5C0020A20C0400C10C04009C4200203C
S214011D786BE9030092D6030086D6030087E90300C1
S214011D88ABE90300CFE90300F3E9030017EA030010
S214011D983EEA03002C66002065EA030088EA030091
S214011DA808B5D0E9023253F82230187840B100203D
S214011DB8074907F061F9BDE80840802000F034B80B
S214011DC8044907F059F9BDE80840802000F046B8F4
S214011DD8ABEA0300C8EA0300D0E9023253F822301E
S214011DE8034A1B78003B18BF01231370704700BFD6
S214011DF82C5C002018220021094BC3E900121A7B2B
S214011E080AB9084A9A601A7C12B94FF47A72DA81CA
S214011E1840F6B8325A8200229A829A75704700BFF5
S214011E28283E0020E09304000A4B10B51B687BB1DE
S214011E381B78032B02D8B0F5007F09D1064C23681E
S214011E48034323606368184202D02AF0B0FBA082DD
S214011E5810BD00BF9C420020283E0020024A13689D
S214011E6823EA000313607047283E0020014B1868D8
S214011E78704700BF283E0020014B9868704700BF96
S214011E88283E0020024B9868FA23B0FBF3F070470F
S214011E98283E00200122024B98601A73704700BF43
S214011EA8283E0020024BD889FA23B0FBF3F070478E
S214011EB8283E00200122024BD8811A74704700BFC1
S214011EC8283E0020024B588AFA23B0FBF3F07047ED
S214011ED8283E0020014B5868704700BF283E002066
S214011EE82DE9F84300244FF00C08104B104F9D7D48
S214011EF8104E3988E3B28B4202D32846BDE8F883F0
S214011F0808FB03F3F05C06EB030924F02FF850B93D
S214011F18FF21D9F8080022F07FFA20B199F8053098
S214011F289D4238BF1D460134E3E700BF283E002026
S214011F386A6A0020B0660020124B10B51B68124C66
S214011F48EBB11B78032B02D823689B0517D52AF01B
S214011F582EFBA38AC01A638A80B283423EBFD4E9A5
S214011F6800329343236024F07EFB08B1E08910BD5C
S214011F782368002BFAD1FFF7B3FF0128F6D0A06833
S214011F88F5E700BF9C420020283E0020014B987DC3
S214011F98704700BF283E002038B504460D462AF093
S214011FA8B7FB244B1B7813B1204622F01EFD402CAC
S214011FB827D006D884B13F2C18D0BDE8384023F086
S214011FC8D3BF4C3C0C2CF8D81B4B2341DB07F4D46D
S214011FD80220FFF743FFF0E74FF40070FFF73EFFDC
S214011FE80220FFF721FF154B1C71E6E74FF400703E
S214011FF8FFF734FF0220FFF731FF00220F4B1A715B
S214012008DBE723F034FF0028D7D10C4C02202379D4
S21401201801332371FFF722FF4FF40070FFF704FF27
S2140120282379AB42C9D322F0E1FC0028C5D122F0BE
S214012038B6FCC2E72C5C0020FEEEFFFF403E002007
S21401204810B505F05FFB02280AD124F0E8FA03462A
S21401205830B1BDE8104000220249104607F00CB81E
S21401206810BD00BF14EB03000021024A0248FFF727
S21401207813BA00BF49200100483E002038B50020A9
S21401208823F06DFF124B1B6893B11B78022B0FD9F7
S21401209805F038FB022816D10E4C2568FFF74CFFD1
S2140120A8A842206008D0FF2122680B4822F09CF93C
S2140120B8BDE8384023F058BFFF21074822F0ACF9A5
S2140120C80028F5D1EFE7FF21034822F09EF9EFE754
S2140120D89C420020403E0020483E0020024602491D
S2140120E8002006F0C9BF00BF28EB030010B5234C3B
S2140120F82348FF2122F089F9207802281ED00328D8
S2140121082ED0012804D02120BDE81040FFF7E6BFF5
S2140121181C4B19780029F7D002231B4A2370137821
S214012128052B0EBF00230133DBB29942137003D18E
S214012138052313700020E7E7052BFBD0124B1B780D
S214012148052B02D103232370DDE7104A104932F824
S214012158230007F085FC032323700028D4D110BD83
S214012168094B0C4A1878094B03EB8001897833F838
S214012178200007F045FC0123EEE700BF2D5C002098
S214012188683E0020365C0020C76A0020C056002042
S2140121987D230100292301002DE9F04F0D46144641
S2140121A895B00490112200210FA89946DFF86C819A
S2140121B80BF026FC04EB45030393D9F800301C2BDF
S2140121C802D0039B9C4202D115B0BDE8F08F0123D3
S2140121D8DFF844A18DF81C3023884C4AADF81E3030
S2140121E89AF800304A4D08EB83039B7828788DF8D7
S2140121F8203013688DF81D00CDF821305368CDF8CE
S214012208253023F0B3FE049B8DF829002188287811
S214012218002B4AD123F079FB002844D09AF80030E5
S2140122280FAA38F8230007A922F0EEFB00283AD0B7
S21401223823F098F94FF0000B074606461C255FFA6F
S2140122488BF2974234D8B7422BD99DF81C30032B12
S2140122581AD10FAB0193BDF8213000220421009357
S21401226801202C4B06F08EFD9AF8003008EB83030C
S2140122789978274B187806F001FE9AF80030002066
S21401228838F8231023F0C7FD5DB107A9304624F0BE
S214012298B8F9214B05461B78304638F8231024F048
S2140122A8B2F9C9F80050023487E723F025FBB3E7F3
S2140122B810460BA9059224F0A0F930B99DF82C1008
S2140122C831B9059AB74208BF16460BF1010BB6E7B6
S2140122D8BDF82E00BDF81E209042F6D19DF83000BC
S2140122E89DF820209042F0D19DF81C208A42ECD11E
S2140122F8032A14BF082202220DF121010DF1310033
S2140123080BF0CAFE002808BF0025DEE72E5C002079
S214012318C66A0020A5ED0300C76A0020C056002043
S21401232813B503460020114A9C6812780190052AC5
S21401233803D01B78032B00D12CB9012002B0BDE8CD
S2140123481040FFF7CBBE6268217801ABFFF724FF88
S214012358217A0120E26801ABFFF71EFFFF2104483E
S21401236802B0BDE8104022F048B800BFC76A002096
S214012378683E0020094B1B78052B02D00378032BF7
S21401238802D00120FFF7AABE8168054A0B680548F6
S21401239813604B68FF21536022F02FB8C76A0020EC
S2140123A82E5C0020683E002038B50024114B124DE3
S2140123B81870124BFF211C702C7006F05FFD01226D
S2140123C8032110460E4B06F0DDFC4FF6FF71224640
S2140123D8084623F023FD044648B940F6B832FF21E3
S2140123E8084822F001F801232B70204638BDFFF774
S2140123F875FEFAE7C66A00202D5C0020365C0020D0
S214012408651E0400683E0020144BF0B51A6814498E
S21401241813680978587988420BD11249D788084633
S2140124280022114D1E792B78D4B2A34203D8052C6D
S2140124380AD10020F0BD0C88BC4202D18C78B44287
S214012448F7D001320431EFE7A342F2D120F8227027
S214012458013300EB820086702B70EAE760430020A8
S214012468C66A0020C0560020365C0020FF2307B548
S2140124780021044A04480093FEF7D8FF03B05DF82C
S21401248804FB00BFF5200100683E00201FB5B423F9
S21401249803210446ADF80E3023F02EFA98B1212315
S2140124A820460093002203210DF10E0323F0D3FBEF
S2140124B804460020054B064A0649009406F0DCFD52
S2140124C8204604B010BD8624F3E700BF52EB030094
S2140124D85FEB030074EB0300D0E9023253F82230B5
S2140124E8034A1B78012113700220024AFFF7BEBA7D
S2140124F8DF6A002083EB03000122014B1A70704744
S214012508DF6A00200A4B90F805111B7890F808211D
S21401251819448A42BCBFB2FBF3F103FB11234FF007
S214012528FF32B8BFDBB202FA03F380F80A3170470C
S214012538DF6A00202DE9FF410446057F867EDFF825
S21401254870806E43237F98F8002013449D4212DB67
S214012558607F60B9238B029363690193237C0093A0
S2140125686288A31D217805F095FDFF2323700020BE
S21401257804B0BDE8F081E37EAB42E9D9A77E228BA1
S214012588F1199142A4BF921BD7B205EB0323E3814D
S2140125983A4633462946204622F050FA0028E7D123
S2140125A8637F3744013301356377BEB2EDB2C9E7BD
S2140125B8DF6A002037B5054624F051F80D4B04466E
S2140125C81B6869461B78032B82BF0B4B1B881B189D
S2140125D8284688BF9CB224F0CAF838B9684624F061
S2140125E840F818B9044B1B8823449CB2204603B014
S2140125F830BD00BF9C4200206E6A0020084B1B7845
S214012608FF2B0BD1074B1B78FF2B07D1064B1B78EB
S214012618022B03D04FF48070FFF720BC704700BF31
S21401262834660020B83F0020883E002010B50446D6
S214012638FF2121F0EAFE054B9C4202BF0023A4F5C8
S21401264888742370BDE81040FFF7D8BF983F002074
S2140126582DE9F0479A462A4B81461B788846164646
S214012668BDF82050002B49D0FF2D3ED938252846E5
S214012678BDE8F087234B0C223146A01D636184F820
S2140126880090A4F802800BF00DFAA289414642F4A4
S214012698004242F040022046A28122F0E1F92A4691
S2140126A8514660690BF0FEF941464846A21D25834E
S2140126B823F029FDA0760028D8D00544013DB5FBB6
S2140126C8F0F0FF28D2DC0023E0762046A383FFF74C
S2140126D831FF054680B923794FF48070B372FFF74E
S2140126E8A3FB227C099B1A80C1E7074C2778FF2F9A
S2140126F8C0D040F60345BAE72770F2E70225B6E7E9
S214012708DF6A0020385C0020B83F0020B0F90630A8
S21401271810B5002B25DA144C2278237CFF2A02D028
S214012728827A9A4207D0114C2378FF2B17D0827AE7
S214012738237C9A4213D169B9637F013BDBB2637785
S2140127485BB90B4A237F1278204613442377FFF799
S214012758F1FE0146204622F092F9FFF74FFF0120CD
S21401276810BD0020FCE700BFB83F002034660020FB
S214012778DF6A00202DE9F04F9A46B1F9063091B08C
S214012788002B0D461746DDF86880049080F22981F3
S214012798B8F80030FF2B04D94FF4B871A64829F0D1
S2140127A812FFA64B00241A7893F80401B3F8021115
S2140127B8002A40F0A5802E7AA14A1278B24240F249
S2140127C8AF800222A3F802711A70AA7AFF2483F84E
S2140127D804210022A3F8084183F80521A3F806215D
S2140127E8B8F80020954883F80C21FFF78BFE384689
S2140127F8FFF7E0FE214600EB4002924821F0F4FD87
S2140128084FF48070FFF710FB8C4C94F80A91B9F1DD
S214012818FF0F20D18A4A94F8053112781344B3423F
S21401282819DC94F80C1184F80531B4F80631204601
S21401283801FB0233A4F80631FFF764FE0122824B3E
S21401284838461A70FFF7B6FE494600EB400204F513
S214012858887021F0C9FD94F80531B34260D8DFF8D5
S214012868E0B19BF800C00CEB0302964258DA7649B1
S21401287894F808210878013A002853D0964205DAD8
S214012888B8F8002084F80C2100220A70B6FBFCF97F
S21401289801220CFB196994F80A015FFA89F902FA10
S2140128A809F2D1B2024076B92889000A844584F82B
S2140128B8080108D92046CDE906210593FFF722FE2F
S2140128C8DDE90621059B94F80A01014384F80A11FB
S2140128D882B994F80921B4F806C1013284F80921AD
S2140128E8B8F80020DAF800100CEB0200FF2826DD05
S2140128F80323237094F80831013B9E4230D138E017
S214012908AE7A864202D18F4200D11C462E7A002C1E
S2140129187FF47BAF002A3FF44FAF012A3FF44CAF58
S21401292801205FE09642B1DA94F80C1198F800207D
S2140129389142ABD004F58870FFF778FEF0E794F87B
S2140129480CE1F31A0EFB03C3A01C10FA83F00592E0
S2140129580BF0A8F894F80831059A013B9E4244D03A
S214012968012394F80A2103FA09F3013B1343FF2BC9
S21401297804D122462946384622F073F894F80831DD
S21401298894F809219A42CBD19BF80030B2FBF3F1B7
S21401299803FB112212F0FF0218BF13462278022AFF
S2140129A826D1264A023410785178012804BF01310D
S2140129B85170012224F8022CEA88B4F8041122F096
S2140129C84002EA8094F809210A44591E94F80A310B
S2140129D813FB01F31344A8F80030CAF80040FFF7C8
S2140129E80DFE002011B0BDE8F08F84F80B21C0E77A
S2140129F86979002994D0032A92D1B4F8062194F86B
S214012A080B1108AE11445A1E94F80C31284613FBD4
S214012A1802F30B4400219BB2A21CA8F80030CAF8A6
S214012A280020CDE900710296049907F005FD892179
S214012A38304623F065FB7DE7AAEB0300883E0020BD
S214012A48DF6A0020983F0020375C002013B5044653
S214012A5818B101280BD002B010BDFF230146009320
S214012A68064A0748FEF7E2FC064B1C70F3E7FFF739
S214012A7843FDFF22044B1A70EDE700BF352601001F
S214012A88983F0020883E0020B83F002013B501A9D2
S214012A9809F076FF044648B9BDF806309DF80420CB
S214012AA8034906F0E9FA204602B010BD8120FBE78B
S214012AB841EC030013B5694609F06EFF044688B970
S214012AC8BDF802309DF80020074906F0EFFA2046C7
S214012AD8019906F043FA2046044906F0CDFA204645
S214012AE802B010BD8120FBE765EC03008BEC030008
S214012AF837B5694609F074FF044618BB9DF80130DE
S214012B089DF80020104906F0D1FA104D9DF80120D5
S214012B18E3B29A4206D800200D4906F0ADFA002025
S214012B2803B030BD0198630003F4FF73022200214D
S214012B38184423F0FEF929460246002006F0B6FAA4
S214012B480134E3E78120EBE78DEC0300BCEC0300DE
S214012B58651E040013B501A909F018FF044648B913
S214012B68BDF806309DF80420034906F085FA20468C
S214012B7802B010BD8120FBE7C6EC030030B5002487
S214012B880B4D85B06946E0B223F037FD50B99DF884
S214012B980030032B06D12946BDF805309DF80120E3
S214012BA806F06AFA0134202CECD105B030BD00BF1E
S214012BB8EDEC030008B50020034906F05DFABDE810
S214012BC80840FF2000F0DEBAFFEC03002DE9F04FC5
S214012BD885B006460D46174621F091FF044640B1DA
S214012BE830463A46294621F074FF002005B0BDE874
S214012BF8F08F4FF003094FEA15285FFA84FA694601
S214012C08504623F0FAFCB8B99DF800B0BBF1000FA6
S214012C1812D1694650468DF800908DF805508DF80A
S214012C2806808DF8016023F0ECFC02460028D7D018
S214012C385846064906F020FA0134202CDDD100203A
S214012C48034906F019FA8920D0E700BF14ED0300FE
S214012C583BED03001FB5002304468DF80F3021F025
S214012C6839FF28B19DF80F3063F07F038DF80F30D8
S214012C78182301930DF10F0300220093042140232A
S214012C88204622F0D7FF024618B10020024906F076
S214012C98F3F904B010BD00BF56ED03001FB502A935
S214012CA809F08CFE044688BBBDF80820184906F0D2
S214012CB8FDF92046039906F051F92046154906F014
S214012CC8DBF94FF6F672BDF80810134C4B1E9BB293
S214012CD8934219D82368039A1B685879FFF776FF39
S214012CE823681B79012B0BD8BDF808300022CDE9E3
S214012CF800030421094B092006F044F823F0FAF9E9
S214012D086FF0FF0004B010BD8720E9E78120F9E7DE
S214012D1875ED03008BEC0300604300208CED030087
S214012D2870B504468AB005AD1122002128460AF07E
S214012D3867FE204604A909F035FE044600283AD164
S214012D481E4EBDF810201E4906F096F93268137912
S214012D58012B28D84FF6F670BDF810104B1E9BB203
S214012D68834224D81368587921F0C9FE08B333681A
S214012D782A461B68BDF81010587921F0A9FEBDF83F
S214012D88103001220421CDE9004309200D4B02959C
S214012D9805F0F8FF23F0AEF9034620B100200A4AF1
S214012DA80A4906F069F96FF0FF000AB070BD87247A
S214012DB8E5E78B24E3E78120F7E700BF60430020BF
S214012DC88FED0300A4ED0300A8ED0300B3ED0300A7
S214012DD82DE9F0479AB004A909F0FCFD044600283D
S214012DE840F0B5809DF810205B4906F05FF925464E
S214012DF85A4E9DF81020EBB29A4254D800205849F2
S214012E0806F03AF99DF81050002D40F099802C46AE
S214012E182E46544F06A9F0B223F0EFFBC8B99DF829
S214012E281830032B15D13B689DF819201B685B7970
S214012E389A420ED19DF81D2005F168036B4403F8EC
S214012E48402C9DF81E200235013403F83F2CEDB2C4
S214012E58E4B20136202EDDD19DF810300BB1002CDE
S214012E6877D00AABCDE90143FF2302220421009360
S214012E7809203D4B039505F085FF23F03BF90346F2
S214012E8860B19DF81020002A5FD0384A3849002CD6
S214012E9808BF0A460020374906F0EEF86FF0FF0033
S214012EA81AB0BDE8F08705986B0003F4FF73022299
S214012EB80021184423F03DF831460246002006F06A
S214012EC8F5F8013595E70598730003F4FF730222B8
S214012ED80021184423F02DF8002780465FFA80FA6F
S214012EE806A9F8B223F089FB00BB9DF81830032B1E
S214012EF81CD1D9F800309DF819201B685B799A42D5
S214012F0814D19DF81D30534510D19DF81E30C8F3D5
S214012F1807229A420AD105F168036B440235013447
S214012F2803F840AC03F83F2CEDB2E4B20137202F8A
S214012F38D6D101369DF81020F3B29A42C3D88BE752
S214012F480025DFF820902E46F4E7084AA2E78120FC
S214012F58A6E78B20A4E700BF0DEE0300BCEC030038
S214012F68651E0400604300202CEE0300DEED03001E
S214012F78FCED030030EE03002DE9F04389B002A909
S214012F8809F016FD0446002867D1BDF80820344923
S214012F9806F072F84FF6F672BDF80850DFF8D490CE
S214012FA86B1E9BB2934254D8D9F8003029461B6849
S214012FB85F79384621F0A3FD00284CD026465FFAF3
S214012FC886F8404603A923F018FB28B9294638464F
S214012FD803AA21F081FD20B90136202EEFD14FF04A
S214012FE8FF08404623F007FB014658BB112203A8F9
S214012FF80AF006FD2946384603AA21F06AFDD9F8E3
S21401300800301A79012A18D81B68BDF808105879B3
S21401301822F050FFBDF8083003220421CDE9004311
S2140130280920104B05F0AEFE23F064F8034620B1E4
S21401303800200D4A0D4906F01FF86FF0FF0009B091
S214013048BDE8F08302460A49002006F015F8012477
S214013058D5E78724D3E78B24D1E78120EFE700BFA4
S21401306852EE03008CED030090EE0300B3ED03006F
S21401307869EE0300604300202DE9F043DFF89480F1
S2140130880020D8F8003021491B688BB05E790025EE
S21401309805F0F2FF01275FFA85F9484601A923F0F2
S2140130A8ACFA044690B99DF80430032B0ED19DF86E
S2140130B80530B3420AD1484623F09DFA0146A0B12D
S2140130C802461349204605F0D7FF27460135202D2D
S2140130D8E1D1D8F8003000211B68587922F0EAFEC1
S2140130E887F001000BB0BDE8F083112205A80AF0AD
S2140130F887FCBDF809403046214605AA21F0E9FCBF
S2140131082146304622F0D6FEE0E700BF9DEE0300DA
S21401311869EE03006043002037B5694609F054FCA0
S214013128044638BBBDF80020134905F0BFFF134D10
S2140131382046019905F012FF2046114905F09CFF2B
S2140131482B681B68587922F0C4FF70B14FF6F672E7
S214013158BDF800104B1E9BB2934209D82B68019A02
S2140131681B685879FFF732FD0446204603B030BD88
S2140131788724FAE78120F9E7B1EE030060430020CF
S2140131888BEC03007FB505460024E6B26946304657
S21401319823F033FAA8B99DF80030032B11D19DF816
S2140131A80130AB4204D0FF2D0BD19DF80D3043B949
S2140131B8304623F020FA024618B10020034905F0EC
S2140131C85BFF0134202CE0D104B070BD69EE03002A
S2140131D8034B1B681878012808BF0220704700BFF8
S2140131E89C420020D0E9023253F822301A78024B6A
S2140131F81A7000F0E7BA00BF375D002070B5D0E955
S21401320802456B1EDBB254F8230003221B490AF061
S21401321843FF54F8253004EB8504197863681A7857
S214013228A2F10B030F2B05D915490020BDE8704004
S21401323805F022BF01290FD1124C9140236840B9ED
S2140132480B43114A23600020BDE870400F4905F082
S21401325813BF23EA0103F4E702290CD101230C4921
S21401326803FA02F20B6818B913430A4A0B60EAE735
S21401327823EA0203F9E70A460749D6E7D5EE03002B
S214013288D9EE030058660020EFEE0300F7EE0300C0
S214013298546600200AEF030014EF030007B5D0E9CF
S2140132A8023103EB810253F821300B491B7852682F
S2140132B8012B0A4B08BF0B4612684FF000001A6034
S2140132C80092074A074B084918BF1346074A05F0F4
S2140132D8D3FE03B05DF804FB586600205466002050
S2140132E82FEF030027EF030039EF030000710400F6
S2140132F838B5254A254B264C0020264905F0BCFE44
S2140133080020254905F0B8FE22682449002005F06A
S214013318CDFE2068224C234D05F088FE214600206C
S21401332805F0AAFE2A682049002005F0BFFE286895
S21401333805F07CFE2146002005F09EFE1B4B1C492D
S2140133481A781C4B002053F8223005F095FE00F041
S2140133580DF919490246002005F08EFE174B00208C
S2140133681A78174905F088FE164B17491A7800206F
S21401337805F082FE04F0C6F9BDE838400246134956
S214013388002005F079BE00BF0071040053EF03006A
S214013398586600205AEF030062EF030070EF03003F
S2140133A8D3D503005466002081EF0300655D002035
S2140133B892EF03005C660020A5EF03004A5D00203B
S2140133C8B9EF0300495D0020CBEF0300DDEF0300F2
S2140133D807B500F071F8054B0090054A002005492D
S2140133E805F04AFE03B05DF804FB00BFF3EF0300E7
S2140133F80071040074EB0300F8B504460B4F0C4E3D
S2140134080C4D00200C4A0D4905F036FE20463B7847
S21401341829783278F4F7C8FE00233B7033702B7096
S214013428FF21BDE8F840064820F0EFBF655D0020A3
S214013438495D00204A5D002000710400F8EF030092
S214013448D83F002037B51248FF2120F0DEFF114B88
S214013458187810F0100505D0002003B0BDE83040FC
S21401346803F01CBF0121B42004F0C6FA04460A4B37
S2140134780A4A0B490090284605F0FEFD2046FFF74C
S214013488BBFF4FF4806003B0BDE83040FEF7E6BCF2
S214013498D83F0020655D00200FF00300007104008E
S2140134A874EB03000021024A0248FDF7F5BF00BF8E
S2140134B84D340100D83F002008B5054B1B7823B1D1
S2140134C81720FFF799FF002008BD0220FCE700BF80
S2140134D8655D002010B550B1054B00F1100250F89B
S2140134E8044B904243F8044BF9D1024B197010BDB6
S2140134F84B5D00205B5D002037B5174D04462B78E1
S214013508DB0626D50090154B0020154A154905F00F
S214013518B3FD1E2C0BD0652C09D0032C19D0002026
S21401352823F0E3F840F61C40FFF766FF0DE023F0B2
S21401353804F94FF4FA63B0FBF3F202FB1300C21866
S214013548FF21094892B220F04FFF2B7823F0100391
S2140135582B7003B030BD00BF655D002028F0030066
S2140135680071040074EB0300D83F0020014B187962
S214013578704700BFD456002070B54C4E8EB03378D5
S21401358803F0FB02A3F10905022AEDB258D0042B79
S21401359841F6041257D0A3F108014B424B415B0098
S2140135A813434348ADF80C3021F0D9FA48B9414BDA
S2140135B83F4A03F1100153F8040B8B4242F8040BFF
S2140135C8F9D13D4B1B78002B3FD03C4B0DF10E0239
S2140135D803F1100153F8040B8B4242F8040BF9D19E
S2140135E803A823F0A2F82328044610D1012D49D8B0
S2140135F80020334A334905F03FFDBDF80C3003A8D7
S21401360823F40053ADF80C3023F08FF80446002C51
S21401361841D14FF40C7023F086F8044600283AD1BD
S21401362803F0FAFE012D36D8274A01AB1068516817
S21401363803C3264901A823F0D4F878B319242AE04D
S21401364843F60412A7E70223AAE73378042B0DD022
S214013658082B0BD01E4B0DF10E0203F1100153F887
S214013668040B8B4242F8040BF9D1B9E7104A0DF165
S2140136780E0302F1100152F8040B8A4243F8040BB8
S214013688F9D1ADE7337803F0FB03022B03D1002011
S214013698104905F0F1FC20460EB070BD044901A89A
S2140136A823F09FF804460028C8D1F4E7655D00209A
S2140136B8395D0020F5F003005B5D00204B5D0020BE
S2140136C8007104004CF0030006F10300F0700400DA
S2140136D80FF10300A7F0030070B5002686B0044674
S2140136E8252023F008F81622002116480AF088F942
S2140136F8154B1E60154B1878FFF76AFD022814BF94
S2140137080123042303208DF8083023F042F804230C
S2140137188DF810300E4B02A80593039403F030FD84
S21401372805460C4B0C4A19680C4B3046A14208BF9B
S214013738134600940A4A0B4905F09EFC284606B033
S21401374870BD00BFD4560020F83F0020655D0020FC
S214013758413A01005866002027EF03002FEF0300C7
S2140137680071040020F1030008B5134A1378042BEE
S21401377809BF124B01331B78C3F10603DBB2137082
S21401378803F0FD02092A04D11720FFF735FE17209A
S21401379808BD0A4A1278002A14BF052206229A4250
S2140137A807D1074B18680028EED0FFF795FF4D2084
S2140137B8EEE70020ECE700BF655D00205B5D0020BA
S2140137C85466002073B51E4C1E4E23683268134398
S2140137D834D01D4B1B6853B31C4D2B783BBB03F0F1
S2140137E891FFF8B94FF48060FEF71EFB184B24686A
S2140137F81B7894B1C3F102032B7003F047FD2046F2
S214013808FFF76AFF04460020124B134A1349009437
S21401381805F032FC204602B070BDC3F106033468D9
S2140138282B70EAE70121B42004F0E6F8EAE7002065
S214013838094A0B4905F020FC0224E4E70224E9E7DB
S21401384858660020546600209C420020655D0020D2
S2140138585B5D002068F103000071040074EB03004F
S2140138684EF103002DE9F347384D394E00202A79E9
S2140138782B88384905F000FC3268287922FA00F0CE
S21401388810F0010002D1344905F0F6FB334F3C78BD
S2140138983CB10822324933480AF0FEFB041E18BF21
S2140138A80124DFF8DC80DFF8A490DFF8B4A014E088
S2140138B898F8000049460130C0B288F8000022F0A6
S2140138C80CFF002835D13C783CB1082251462548E2
S2140138D80AF0E2FB041E18BF01242A793368D34094
S2140138E8DB07E5D5002CE3D100922B881E4A1F4939
S2140138F8204605F0C1FB1E4B1878FFF769FC01232B
S2140139080322124922F0EFFE1A4A054613780133BC
S214013918137010B902B0BDE8F08720462B46124A4C
S214013928154905F0A9FB284602B0BDE8F047FFF7A0
S21401393863BD0020114905F09FFBFFF715FF00281E
S214013948E8D102B0BDE8F04700F01CB8D456002014
S214013958F83F00206EF103009FF10300645D00202C
S2140139685C5D0020E2560020007104006EF2030040
S214013978655D0020495D00200FF2030038F2030060
S214013988385D00202DE9F041214C224D2378002096
S21401399855F82330204A214905F06EFBFFF7ECFD68
S2140139A803461D4E1E4FDFF874802BB92378042B6F
S2140139B815D8B3B91B4B15E032463946002005F039
S2140139C85BFBFFF7D1FE00BB2378324655F8233060
S2140139D8414605F051FBFFF7CFFD0346E5E7092B06
S2140139E8E8D1114B00201B68104A11491360114B8E
S2140139F8187022F072FE20B1BDE8F0410120FFF7F1
S214013A08FBBCBDE8F041FFF72DBFBDE8F08100BF64
S214013A18655D00205C660020007104008EF20300DC
S214013A289BF203005466002058660020F83F0020E9
S214013A38D4560020385D002070B51C4C23789BB303
S214013A48838913F4407F2FD0056835B12A46BDE82F
S214013A5870400020164905F00FBB22F03CFE154EBB
S214013A6803463070144A2846144905F005FB337896
S214013A781BB1BDE87040FFF785BF2378082B0CD82B
S214013A88042B0CD80E4B1B78C3F1060323700D4B81
S214013A98BDE870401868FFF71FBE0A2BF2D1BDE8D3
S214013AA870401820FFF7A8BC70BD00BF655D0020F8
S214013AB8C6F203004A5D002000710400F3F2030019
S214013AC85B5D00205466002030B5464D034604462B
S214013AD8454A0020454987B005F0CEFA2B782BBB1E
S214013AE801A822F080FE022301A88DF8043022F0F6
S214013AF868FEB0B93E4901A822F065FE88B1152CCA
S214013B080FD122F01AFE47F23153B0FBF3F202FB53
S214013B18130000F51C50103080B203F0BFFB07B04D
S214013B2830BD162CFBD103F0F3FBF8E7152C2AD190
S214013B3800202D4A2F4905F09FFA2B78042B11D027
S214013B48082B0FD02C4B1B78DA070BD401A822F0D0
S214013B58E6FD18B9BDF804309B0703D42B7843F06B
S214013B6810032B7022F0E9FD4FF4FA63B0FBF3F271
S214013B78FF2102FB1300C218204892B207B0BDE825
S214013B88304020F031BC22F00AFE04460028C6D197
S214013B982B78013B092B1ED8134A194905F06CFAF4
S214013BA8184A194913780133D8B2107022F095FDD6
S214013BB860B12046154905F05FFAFFF7D5FD0028E4
S214013BC8ADD107B0BDE83040FFF7DCBE07B0BDE8B1
S214013BD83040FFF747BE40F61C4007B0BDE830400E
S214013BE8FFF70ABC655D00200071040017F30300A7
S214013BF8F07004002EF30300375D0020D83F002044
S214013C0841F30300385D0020D456002038F2030043
S214013C182DE9F0410B4686B004460E4617463A494A
S214013C280246002005F028FA4FF000080123CDE9E6
S214013C3801380DF11603009342464023062120461B
S214013C4822F02DF8054640B102463049404605F0B7
S214013C5813FA284606B0BDE8F0819DF816202AB961
S214013C6836B900202A4905F007FAF2E7012EF8D0FE
S214013C7882F00103002027498DF8173005F0FCF97A
S214013C889DF817300DF1170633B310230022CDE93E
S214013C98006306214023204621F0CCFF064630B1BA
S214013CA8324600201C4905F0E7F93546D1E74FB9F9
S214013CB80821204621F020FE20B120469DF8171045
S214013CC822F0F9F80521204621F016FE0028C0D07A
S214013CD8204622F0EDF8BCE74FB90821204621F02E
S214013CE80BFE20B120469DF8171022F0E4F81023A9
S214013CF80022CDE9006306214023204621F09AFFE1
S214013D0806460028DED0CBE770F503008CF50300E5
S214013D18A5F50300C5F50300E5F50300002208B57F
S214013D28034B11461B681B685879FFF771FF08BDDE
S214013D386043002008B5044B00221B6801211B685C
S214013D485879FFF765FF08BD6043002008B5044BA6
S214013D5800221B6802211B685879FFF759FF08BD26
S214013D686043002010B50123002488B001A88DF80F
S214013D780430CDE90244F5F711FC20469DF80420ED
S214013D88124905F079F92046039A114905F074F9A4
S214013D982046029A0F4905F06FF910220E4B0DEBDB
S214013DA80201188840F0604040F48010FBF744F99F
S214013DB820460A4905F07AF904A822F0FCF82046BC
S214013DC8074905F059F908B010BD00BFFEF5030014
S214013DD81DF603003CF60300B07004005BF6030012
S214013DE8651E040008B520F0EBFE0020024905F028
S214013DF843F9012008BD00BF78F603000023054AF1
S214013E088360C360044BC0E9002311B14FF6FF730A
S214013E180B80704749101CB20130021110B50446D8
S214013E2860B10020064905F027F9052C06D002F0F6
S214013E38CBF904490246002005F01EF9012010BD01
S214013E488CF603009DF6030037B500216A4601ABE0
S214013E58054620F076FF044668B100220F49104651
S214013E6805F00AF902F0B0F90D490246002005F0FE
S214013E7803F903B030BD0B4905F0FEF801201FF029
S214013E88B5FE01F099FF431C02D007F09DFFF0E74D
S214013E9821462846FFF7A6FFEBE700BFC6F6030054
S214013EA89DF603000EF7030038B5054601F084FFBA
S214013EB8044621F0C9FF4DB100200E4905F0DCF893
S214013EC8631C14BF2046002007F040FF20F086FE42
S214013ED80228044605D0012805D10020064905F028
S214013EE8CBF8204638BD0020044905F0C5F8002463
S214013EF8F7E700BF2BF7030045F703005EF703005B
S214013F0808B50020034A044905F0B6F8BDE808409C
S214013F1800F050BD0807040077F7030008B5002035
S214013F28034A044905F0A8F8BDE8084001F0CAB9F3
S214013F3896F7030077F703001FB5D0E9023253F866
S214013F48223068461C78214601F0D0FB684601F00D
S214013F5873FC28B92246044905F08EF804B010BD52
S214013F686846FFF771FFF9E79CF70300002001494F
S214013F7805F082B8B8F703007FB50DF1060102A86F
S214013F88FFF73CFF0020264905F076F80020BDF82B
S214013F980820244905F070F80020BDF80A202249B7
S214013FA805F06AF8039A0020204905F065F8002014
S214013FB81F4905F07BF84FF6FF73BDF806209A42B5
S214013FC829D000201B4905F057F800201A4A1B493A
S214013FD805F052F800201A4A1A4905F04DF8002251
S214013FE81949104605F048F80020154A174905F002
S214013FF843F80A220020164905F03EF80A22002056
S214014008144905F039F80A220020134905F034F856
S21401401807B05DF804FB0020104905F02DF8D4E739
S214014028C7F70300DFF70300F8F7030011F80300EA
S2140140382AF8030035F60300E093040040F803006D
S214014048C02709005FF803007EF803009DF8030007
S214014058BCF80300DBF80300F9F803003DF8030099
S21401406808B50020034905F007F8BDE80840012017
S21401407801F0FAB917F9030008B50020034904F05E
S214014088FBFFBDE80840002001F0EEB930F9030057
S21401409830B5104B104D1B5C85B08DF80F302B7862
S2140140A80446834206D00D4B0D4953F820200020C4
S2140140B804F0E2FF30232C700A4801930DF10F0338
S2140140C80093062280231921007821F0B3FD05B05C
S2140140D830BD00BF177104006D5D00202471040017
S2140140E848F90300C96A00201FB5232303900193EA
S2140140F8064803AB0093012280231921007821F09A
S21401410899FD039805B05DF804FB00BFC96A002055
S21401411873B5164D04462B78154ECBB120F07FFDAE
S214014128012815D0346040F6B244124B1B78072B91
S21401413817D02D78C5B920F072FD031E18BF0123CC
S2140141480D48009522461921007821F0F7F803E07A
S21401415800233360002CE8D1201E18BF012002B0CE
S21401416870BD02250123EBE70025FBE76A5D002009
S214014178FC3F00206D5D0020C96A002008B5044890
S214014188FFF7C6FFBDE808400220FFF781BF00BF62
S214014198C027090010B5064C208821F08DFE6088DE
S2140141A821F08AFE6068BDE8104021F094BE00BF89
S2140141B8004000207FB523238DF813300DF113033B
S2140141C8029304230648019305AB0093012280233A
S2140141D81921007821F063FD059807B05DF804FB06
S2140141E8C96A00202DE9F047DFF84C91044699F892
S2140141F8000090460F4621F061FB0B2899F8002035
S21401420805D9BDE8F04700203F4904F035BF002630
S2140142183E4B3F4D1E803F4BDFF820A103EB0013BA
S2140142285B8801202B802A7104F04EFE05F0F6FE0D
S21401423804F04AFE204604F047FE0123042C8AF8BF
S21401424800300BD8022C45D89C4216D02346BDE830
S214014258F0470020304A314904F00EBF062CF5D14C
S21401426830462F4904F008FF384604F02DFEFFF7C4
S21401427891FF97B18AF800600FE04FF6FF76294F55
S2140142883888801B18BF012004F01EFEFFF782FF46
S2140142983888B04201D021F00FFE19236B8099F8B7
S2140142A8003000202B71204B1B786B71EB8843F094
S2140142B84003EB801D4B198821F0ADFD034620B164
S2140142C8224600201A4904F0D7FE4046BDE8F047CA
S2140142D8FFF71EBF304604F0F7FDFFF75BFFFFF759
S2140142E869FF21F0F8FD134B1B78002B0CBF3F200C
S2140142F8202004F0E9FD042CCFD14FF4806021F092
S214014308DBFD3220C7E700BF5BF90300F856002043
S214014318FC560020D041002015E70300A7F903004A
S2140143288AF90300EC560020C86A0020686A002053
S214014338C0F90300695D0020C96A00206A5D002093
S21401434838B5044605200D46FFF7A2FE184B1A8815
S2140143584FF6FD739A4207D10020164904F08CFEE9
S214014368BDE83840FFF70ABF65B1134A1378013331
S214014378DBB2092B137014D90A2200200F4904F066
S2140143887BFEEDE7012C0ED10B4B1D700C490D4839
S214014398FFF734FDBDE83840002101200A4AFFF73F
S2140143A821BF012CF2D0BDE838400748FFF7B0BE60
S2140143B8686A0020FAF903006C5D002025FA0300FC
S2140143C8EC56002000400020E093040008B506499A
S2140143D8002004F051FE0548FFF736FDBDE8084009
S2140143E800210846FFF7ACBF69FA03000040002029
S2140143F8814237B50346154608D2002000910F4A78
S2140144080F4904F039FE002003B030BD0C1A2246CD
S21401441800200C4904F030FE40F6BB53224600202B
S214014428094904F029FE4FF47A735C43074B0120CF
S2140144389C4294BF2C602B60E6E700BF15E703009B
S2140144487AFA0300B7FA0300D2FA030080EE3600C0
S21401445810B504460820FFF71BFE0D4B3CB91C702F
S2140144680021BDE8104006200A4AFFF7BBBE1B78AC
S214014478092BF5D90A220020074904F0FDFD002082
S214014488064904F0F9FDBDE81040FFF79FBF00BFDD
S2140144986C5D0020C0270900FEFA03003FFB0300FD
S2140144A873B51F4D2C7834B100201E4902B0BDE803
S2140144B8704004F0E1BD0220FFF7EAFDFF221A4E24
S2140144C81A4B30781A7021F0F9F90B2807D92046CB
S2140144D83278174902B0BDE8704004F0CDBD154BDF
S2140144E81549009301EB0011012319224FF6FD70BF
S2140144F8498805F037FA70B12046104904F0BCFD2A
S21401450800220F4B0F481C700F4B1A7002B0BDE803
S2140145187040FFF7FDBD01240C492C70EEE700BF83
S2140145286B5D002050FB0300C96A0020C86A0020A2
S2140145385BF9030039480100D041002091FB0300D4
S2140145486A5D0020C02709006C5D0020B7FB0300E8
S21401455838B5144D04462B78052B21D91249FFF797
S2140145685DFC24B918B9114904F086FD0424104BE2
S214014578195D21B9BDE838400846FFF769BF032C25
S21401458806D02B78052B03D006200A4AFFF72AFE09
S2140145980021094B08461970BDE83840FFF7D0BE20
S2140145A838BD00BF6D5D002000400020D9FB030028
S2140145B80D710400C02709006A5D002030B5044665
S2140145C889B00720FFF764FD052C0AD100222A4B83
S2140145D803A91A7002A804AA01F0FEFD30B1022050
S2140145E845E09CB90122244B1A700224224D2878F2
S2140145F878B1421E504221495041FFF755FC02232B
S21401460804462B70022C0ED10A200FE0022CE6D1AC
S214014618EBE7631F5A424FF0050018495A4120F04C
S21401462805FB0446EEE7032C04D10020FFF770FDD6
S21401463809B030BD062C06D10020114904F01CFD36
S21401464801232B70E0E70F4A0F4B2878002C18BF80
S21401465813460E490E4A0094002808BF0A46002051
S2140146680C4904F009FD201E18BF0120400009B0BE
S214014678BDE83040FFF76CBF685D002000400020B1
S21401468814FC03000DFC030006FC0300F5FB030005
S214014698FFFB03004FFC030013B51F4C0620FFF772
S2140146A8F7FC2278092A09D900201C4904F0E4FC01
S2140146B8042002B0BDE81040FFF74ABF184B1B782C
S2140146C82BB300201FF0B6FA20F0A9FA68B9FFF755
S2140146D871FD144B196820F099FA0246042000214E
S2140146E802B0BDE81040FFF77DBD01A820F095FA9D
S2140146F8FF2809D14FF4FA6023780133237002B0FA
S214014708BDE81040FFF704BD0198FFF7EDFC4FF434
S214014718FA620320E3E700BF6C5D00206AFC030031
S214014728695D002010400020F023F0B589B0CDE97E
S214014738000334488023002219210078324E334F73
S21401474821F078FA0020324904F096FC32463946C0
S21401475803A801F041FD032804462E4D1CD1062668
S214014768039A2D49002004F087FC0398FFF7BCFC48
S2140147780020396800F0ACFE2E7001F09FF9002287
S2140147880446264B30461A70FFF782FC84BB09B0F4
S214014798BDE8F040FFF780BF28BB7268204904F0E7
S2140147A86BFC214604A8FFF729FB059B7268934218
S2140147B80BD020461B4904F05FFC072305202B700D
S2140147C809B0BDE8F040FFF7F9BE1A46204616497B
S2140147D804F052FC0523002101202B7009B0BDE826
S2140147E8F040FFF7ADBD0020104904F045FCF1E7A5
S2140147F8042C05D0042009B0BDE8F040FFF7A8BE98
S21401480809B0F0BDC96A0020004000201040002011
S214014818A2FC03006D5D0020D3FC03006C5D002044
S2140148280EFD030047FD03009BFD0300D7FD0300B3
S214014838F7B50446876800202378364D012B287083
S21401484804D0354B3549187004F016FC26785EBB43
S214014858334B1B78FF2B04D103B0BDE8F040FFF7BC
S2140148688DBC304B1B78032B11D82F4C0320FFF738
S2140148780FFC6946208821F07AFF002843D02B498F
S214014888208805F0EDF820B12E70FFF777FC03B00D
S214014898F0BD0124204B26491C7004F0EDFB0320D3
S2140148A8FFF7F6FB2C70F2E7012E25D13B78002B9B
S2140148B8EDD01B4D2B78FF2BE9D1A68802F04AFFD5
S2140148C8864206D100201B4903B0BDE8F04004F03B
S2140148D8D3BB194BA2881B783BB132B117490020CC
S2140148E803B0BDE8F04004F0C7BB7B6814491B78E9
S2140148F82B700D4B1A80F2E7032E08D10822684662
S214014908A16809F0CFF86846FFF70EFFBFE7002356
S2140149182B70A1E76A5D00206B5D0020F2FD0300A5
S214014928C86A00206D5D0020686A002039480100C9
S214014938B7FB030012FE0300675D002038FE030084
S21401494863FE03007FB5094B1A78FF2A0AD118704F
S21401495801F088FB0022064B0DF1060102A81A8019
S214014968FFF74CFA07B05DF804FB00BFC96A0020E0
S214014978EA560020152838B517D10C4B1D78A5B96D
S21401498821F0DBFEC4B2012C38BF01240120FFF759
S2140149987FFB28462246064904F06EFB4FF47A70E0
S2140149A86043BDE83840FFF7B3BB38BD6D5D0020F6
S2140149B880FE0300034B1B78022B01D8FFF770BD5E
S2140149C8704700BF6D5D002070B5284C20F022F9B5
S2140149D82578274EBDB10020264904F04DFB264A0E
S2140149E8137801331370002323703378062B0AD10A
S2140149F8BDE87040214B1868B0F5FA6F38BF4FF420
S214014A08FA60FFF785BB3378013B082B2CD8DFE823
S214014A1803F005090D2B13191D222700BDE8704068
S214014A28FFF7C8BFBDE87040FFF73ABD0023237003
S214014A38BDE87040FFF7A2BB2946BDE870400120DB
S214014A48FFF77EBCBDE87040FFF726BE0220BDE832
S214014A587040FFF7B3BD0120BDE87040FFF7F8BC12
S214014A68BDE87040FFF7B2BC70BD00BF6A5D0020AC
S214014A786D5D0020AFFE03006C5D0020FC3F00204A
S214014A8810B90520FFF764BD034B1B78062B01D12F
S214014A98FFF79ABF704700BF6D5D00202DE9F0470C
S214014AA88E68054633189A780C46092A8EB008D9B6
S214014AB80020A34904F0E0FA852420460EB0BDE89C
S214014AC8F08750B98B899F49895C8B4205D2009142
S214014AD89D4904F0D1FA8024EFE79C4BE7881B88B0
S214014AE89F4236D09A490978012932D932B13A46D5
S214014AF80020984904F0C0FA7E24DEE7964B1A7027
S214014B08934B26791B78052B03D0012B3AD8FFF750
S214014B1851FF5EB93146204621F0F2FA03460028D5
S214014B2851D030468D4A8E4904F0A6FAD4F808804A
S214014B38A48998F8037098F80450002E4CD1304692
S214014B48884A894904F098FA00210120FFF7F8FB02
S214014B584FE00021804B1970072A00F28A8301A3CF
S214014B6853F822F0094B0100B74C0100B74C01007D
S214014B78C94E0100C94E0100C94E01005F5101002E
S214014B885F510100022B17D102F0E4FD8742B3D032
S214014B980020764A764904F06FFAFFF781FC46BB97
S214014BA83146204621F0ACFA034610B36B4A6C49ED
S214014BB8002004F061FA1CE06E4A00206E4904F0F9
S214014BC85BFA012479E7A3681B78DA06AED4324685
S214014BD86A4904F051FAA9E700210AA8FFF70EF975
S214014BE8032F08D95F4B664A66490097002004F0F0
S214014BF843FA002461E76B1E632B04D9594B604ABC
S214014C0861490095F2E7614BE4B2DB5D9C4209D04D
S214014C18CDE901430020534B594A5D49009704F0FA
S214014C282BFAE6E757B3A4B222460521404621F0FF
S214014C3880F9BDF82830834203D04A4B554A564975
S214014C48B6E7012F1AD022460721404621F071F90E
S214014C58BDF82A30834203D0424B4E4A4F49A7E754
S214014C68032F0BD122460921404621F05FF90B9B01
S214014C78984203D13B4B474A494999E7642D3FF48B
S214014C8863AF21F05AFD6423C0B2B0FBF3F203FB15
S214014C9812030133DBB29D42BFF456AFCDE9005390
S214014CA80020304B3B4A3F4904F0E6F9A1E7284B80
S214014CB81B78052B01D03C4A7FE7EB1CDBB2277B30
S214014CC8F45C44B123460020374A384904F0D4F945
S214014CD800210C460BE00F2F0DD81023204634492F
S214014CE80093314A3B4604F0C7F98024012100208D
S214014CF8FFF726FBE1E60435EDB220462A4A2D49A0
S214014D0804F0BAF97A1B7119D2B206A81FF095FFFA
S214014D1805443A46E9B2304621F008F9264D069A86
S214014D282B68264F9A42386001D100284AD1244977
S214014D3800201D4A04F0A0F985240121D7E700BF09
S214014D48CCFE030050710400E4FE0300686A0020EC
S214014D586D5D002013FF03006A5D002089FF0300D4
S214014D6891FF0300190004002E00040057FF0300FA
S214014D7864FF0300B9FF0300C6FF0300E3FF030057
S214014D88430004004B00040065000400137104008E
S214014D9883000400D8040400BD000400E7000400F2
S214014DA80F010400360104006A01040084010400AE
S214014DB8B3010400CA01040000400020104000208E
S214014DC8F301040000F08EFF3E68B0420AD200F0FC
S214014DD889FF9D4903463246204604F04DF9892449
S214014DE8012184E7079A6B689A4205D12046974ABB
S214014DF8974904F041F96BE79649097859B19A42FF
S214014E0809D22046944904F037F996210620934A98
S214014E18FFF7E8F95CE7924A924905A801F0DCF940
S214014E28079E48B96A68964206D88F4904F024F95D
S214014E380520FFF7C3FB40E6324600208B4904F005
S214014E481BF939680027002000F042FB00206E603D
S214014E58FFF74AF9864B06201F80FFF719F9854B9D
S214014E681F7001F0B1F90646F8B94FF6FF73824A8A
S214014E780AA81188994214BF13463B466A882988AE
S214014E8801F012F90AA800F0D7FC58B10AA801F0F7
S214014E98DDF938B13046794904F0EEF80420FFF719
S214014EA857FB0AE6FFF7F8FB07E6042805D1744B1B
S214014EB81921187820F059FAFFE538467149EBE7C9
S214014EC8714B1B78062B01D0704A76E6DFF8A0A155
S214014ED8EB1C94F80C90BAF80080DBB22EB9304679
S214014EE86B4904F0C9F88724E7E5F75C2C1D972F72
S214014EF8E4B22FD025D8812F71D0952F67D017BB54
S214014F08B9F1100F7FF6E7AD31194A460AA81FF026
S214014F1894FE0444E4B221464A46304621F006F897
S214014F28231DDBB2053416F803A0E4B2A9EB04038B
S214014F385345054666DA009338465346534A55495B
S214014F48C7E5982F43D03B460020504A524904F003
S214014F5893F8C8E7B9F10A0F7FF6BDAD1FFA89F7CE
S214014F6821463A46304620F0E1FF05F1080104469D
S214014F783A46C9B2304620F0D9FF0AAA0146204669
S214014F88FFF736FA08B9454B0A93B9F10C0F12D94F
S214014F9805F10C013A46C9B23046DDF8288020F002
S214014FA8C8FF044602463E49002004F065F8AAF800
S214014FB8004044440A940A9C3A492246002004F0D8
S214014FC85BF82046FFF7A4F81FF02FFE11E63649D6
S214014FD8002004F051F80320FFF7BAFA09E6334C2B
S214014FE823786BB11FF014FE50B10020304904F04D
S214014FF843F8002323701FF018FEFFF74DFBF8E572
S2140150082C49E5E7DFF8A49099F8003043B9FFF793
S214015018D1F88542034607D01C4A27490095E5E59D
S2140150281FF0FDFD0128F2D110220D480AA909F04A
S21401503833F810B9BAF13F0F42D9144A1F49002074
S21401504804F01AF84FE700BF120204006A010400D0
S2140150584A020400665D00207F020400C02709009A
S21401506800400020104000200EFD0300C00204008E
S214015078EA5600206C5D0020EC560020E20204008F
S214015088C96A0020010304006D5D0020270304009F
S2140150983C030400690404004B040400E093040084
S2140150A877030400A2030400C1030400695D00201D
S2140150B8DD0304001C040400A5040400E104040044
S2140150C86D4B187099F800304BB11FF0A1FD30B147
S2140150D828461FF0A0FD042807463FF48AAD51462E
S2140150E8284632191FF0DAFE28B10020634903F07A
S2140150F8C3FF042070E799F80030554463B11FF0E8
S21401510887FD48B1FF2FF4D0012F3FF472AD032F6E
S21401511816D11FF088FD05462846FEF7E5FF04462A
S2140151280246052156481FF0AFFD564B1B689C42A8
S2140151380AD320461FF0ADFE0520FFF73FFA58E5D3
S2140151481FF06FFD8046E7E74046FEF7E1FF0028BF
S2140151587FF44FAD51E74C4B1B7803F0FD03082B4A
S21401516801D04A4A29E5A48935B1F27822B100204E
S214015178474903F081FF2EE7E4B22246F11C0AA84C
S2140151881FF05BFD434BBDF8282019880546914260
S2140151980DD04FF6FF718A4209D03C4A00203E4B9B
S2140151A83E4903F083FFBDF828203D4947E7BDF88F
S2140151B82A20598891420CD04FF6FF718A4208D0AE
S2140151C8324A0020374B354903F070FFBDF82A20D4
S2140151D8EBE70B9A5B689A420AD0013208D02B4A51
S2140151E82E490020304B03F061FF0B9A2F4926E722
S2140151F8A4B2E91C2246C9B2304620F097FEE91D42
S214015208C9B207462246304620F090FE431C0146A6
S21401521806D10820FEF73CFF2548FEF779FFE8E4AB
S214015228384606AAFFF7E4F8A8B9214B0693214B9E
S21401523800221978204B18781FF0DBFC069C2046C4
S214015248FEF766FF224600201C4903F015FF0920D9
S214015258FEF71EFFCDE440F6B733069A9A42E6D823
S21401526840F6B8320020164903F006FF40F6B83378
S214015278DCE7812421E400BF6C5D002014050400EE
S21401528837050400104000206D5D0020400504002D
S2140152985505040000400020D70004007C050400E2
S2140152A835F603000101040097050400940D040077
S2140152B880EE3600C86A0020C96A0020CF050400BF
S2140152C8A405040008B50420FFF742F90020FEF7FC
S2140152D8DFFE0023054A19211370054A1370054B92
S2140152E81878BDE8084020F040B800BF6A5D002085
S2140152F86B5D0020C96A002010B5164B164C1A784B
S214015308164B002053F82220154903F0B5FE2178E4
S214015318144B154A0020002918BF1A46134903F0F2
S214015328ABFE23782BB1124B00201A68114903F003
S214015338A3FEFEF73FFF0446FEF73CFF0E4B196837
S2140153481FF095FC2246BDE8104003460B49002095
S21401535803F092BE6D5D00206A5D00202471040092
S214015368EB050400C10C0400A20C0400F8050400B7
S214015378FC3F002012060400104000202B06040003
S21401538838B5014604460020FFF788FB054698B164
S214015398E37C00200A4A0B4903F06EFE2379042BAE
S2140153A80AD02946204620F0ABFE034620B100204D
S2140153B8054A064903F060FE6FF0FF0038BD00BFDE
S2140153C815E703005306040089FF030091FF030055
S2140153D810B51346094A127882420DD163B1084ABC
S2140153E8002014680A46074903F046FE2146BDE830
S2140153F810400120FFF752BB10BD00BFC96A00204C
S214015408604300207506040010B50D4B1C782CB1BE
S214015418BDE8104000200B4903F02EBE6420FEF7BD
S21401542863FE4FF6F0716FF00F02074B0320C3E9D6
S214015438001222462146BDE81040FEF7D3BE00BF43
S2140154486D5D0020AE06040000400020014B187078
S214015458704700BF695D002000210620014AFEF75B
S214015468C1BE00BFC0270900014B1870704700BFB6
S214015478665D0020114B2DE9F04107460D46186878
S2140154880F49101A09681FF0F2FBDFF840800D4E2D
S21401549898F800400346FF2C307004D0A8420AD37F
S2140154A82C44A04207DB3A460020074903F0E4FDF6
S2140154B8337888F800303078BDE8F081184000204D
S2140154C8144000206E5D0020DC070400CA6A002034
S2140154D850EA010208D0FF22054B091A1A70054B3B
S2140154E81860054B1960704711461046FFF7C2BF92
S2140154F8CA6A002018400020144000202DE9F04F09
S214015508AFB006AD284600F0FDFD0026624FDFF875
S214015518D091284600F090F9044648B900F0BEFD3F
S2140155285E490246204603F0A7FD2FB0BDE8F08F7E
S21401553839460020F2B203F09FFD284616A900F06E
S214015548FFFD044620B15649002003F095FD8FE083
S214015558BDF85820534903F08FFD49462046BDF84B
S2140155685A2003F089FD2046BDF85C204E4903F019
S21401557883FD2046BDF85E204C4903F07DFD20469C
S214015588BDF860204A4903F077FD2046199A494933
S21401559803F072FD2046BDF86820474903F06CFD0C
S2140155A8204646490DF16A0203F066FD4449204645
S2140155B8239A03F061FDBDF85C30D90705D520466E
S2140155C89DF890203F4903F057FDBDF85C309A07D7
S2140155D814D500203C4903F069FDBDF85830B3F5F1
S2140155E8807F4FD1002020F0EBFC18B10DF191001F
S2140155F803F0C4FC0020354903F03EFDBDF85C30DD
S2140156085B070BD50020BDF8B220314903F034FD05
S2140156180020BDF8B4202F4903F02EFD06222846A7
S2140156280DF116030AA91FF051FB044690BBBDF8FD
S2140156381620294903F020FDDFF8A8A0DFF8A8B056
S2140156480DF12808BDF81610A2B2914210D9B8F883
S21401565800205146002003F00FFD0134D8F804203D
S2140156685946002003F008FD062C08F10808E9D180
S2140156786C46204600F05AFD94E80F00013685E88E
S2140156880F0046E70123202200200DF1910103F0C7
S21401569857FCAFE7114957E7EE070400BB090400BA
S2140156A8F70704001B0804004F08040068080400F4
S2140156B8810804009A080400B3080400CC08040012
S2140156C8E1080400FD08040016090400651E04002C
S2140156D829090400420904005B0904008E09040034
S2140156E8340804006C0904007C0904002DE9F04123
S2140156F888B004AD044628468846002700F002FD17
S2140157086E46474507D195E80F0084E80F00204606
S21401571808B0BDE8F081304600F008FD96E80F00B5
S21401572885E80F00284600F087F801370028E8D1F9
S214015738014B0FCBE9E700BFA47304001FB5D0E9FE
S214015748023253F8223068461978FFF7CFFF6846C9
S21401575800F07CFD48B1042809D1074A0020074912
S21401576803F08AFC05B05DF804FB054AF6E700205D
S214015778044903F081FCF5E75D130400D60904002B
S2140157880D0D0400E202040010B5D0E9023203EB65
S2140157988201496853F8223098B00C6804A8197831
S2140157A8FFF7A4FF03AB40220093214608AB04A8E9
S2140157B800F0E2FC024628B100200E4903F05CFC2A
S2140157C818B010BD039808A900F007040122C0F319
S2140157D8C70003F0FBFB039908A8091B0144064808
S2140157E801232246008803F0ABFB044803F0E4FBE0
S2140157F8E6E700BFE609040008570020651E040016
S214015808F0B504460D460B4BEF880FCB84E80F0026
S214015818AB882E899B0741BFD5F83900D5F83D10CE
S21401582804F1080303C3EA6820462780668062609D
S214015838F0BD00BF5C710400102208B5034908F0EA
S2140158482BFC003818BF012008BD00BFA473040054
S21401585808B521F0D0FBC288FF219208012A38BF7B
S214015868012202481EF0C0FD012008BD2840002084
S21401587838B5134690B10120274A1070274A0020F0
S2140158881160274A13600A46264903F0F5FB02F021
S21401589843FB254B1870022002F044FB21F0C6FB9F
S2140158A8E8B91D4D1D4C2B782BB921F0A4FB2268B5
S2140158B8C368134423601A4B24681B689C4229D288
S2140158C821F099FBC168204606F022F8002402461A
S2140158D82C7050B921F0AAFBFFF7BAFF03E0FFF7D7
S2140158E8B7FF0028DDD0012038BD20460F4903F058
S2140158F8C3FB0D4B187802F015FB00200C4903F08A
S214015908BBFB00F091F908B900F0AEF92046FFF7A5
S214015918B7F8E8E70124ECE7705D00202040002096
S2140159281C4000200D0A04006F5D0020390A04009F
S214015938590A040038B500F04BFA044600F042FA5A
S214015948241A21F058FB054618B9B1211B4826F040
S2140159583AFEAB8803F00303032B03D0B2211748A2
S21401596826F031FE00F02EFA05461FF022FA012332
S2140159788340013B2B4203D0B421104826F023FE76
S2140159881FF017FA01238340013B234203D0B521B8
S2140159980A4826F018FE05F091FD05461FF009FA9B
S2140159A84FF48063B3FBF5F3C440A34205D2BDE8C8
S2140159B83840BA21014826F006BE38BD6F0A0400F1
S2140159C8FF2108B504481EF020FDBDE80840002266
S2140159D811461046FFF74CBF28400020F7B504468D
S2140159E80E4600F089F8054621F005FBC3682B44EE
S2140159F89C4220D31FF0DDF92C44C440013C114FD2
S214015A083B68DEB1A34219D101340023ADF8043056
S214015A1800F0E4F9054605F051FD103504FB005485
S214015A2805F04CFD01A90246204605F099FD1FF038
S214015A38D0F9386004E04FF0FF34E0E7A342E4DB36
S214015A4803B0F0BD886600204FF0FF320A4B10B550
S214015A581A600022094B1A7000F0B4F9044600F0E7
S214015A68B7F9214602460120FFF702FF00280CBFBE
S214015A780120042010BD00BF88660020715D00204B
S214015A8838B500F0D1F808B9002038BD094D0A4CE0
S214015A982B7823B91FF09DF9012320602B70246809
S214015AA81FF087F901348440EED000F025F8204431
S214015AB8EBE700BF715D00208866002070B50D4CCD
S214015AC82368002B01DA012070BD00F07BF905463A
S214015AD821F091FA2468C6681FF06BF9013404FABC
S214015AE800F1294401208A19FFF7C2FE0028EAD0EE
S214015AF80420E9E788660020024B18680C301FF07E
S214015B0898B900BF8C660020FF2307B50021044A18
S214015B1804480093FBF78AFC03B05DF804FB00BF5A
S214015B28C9590100284000200E4B70B51C6805466F
S214015B38036804F582641C440E46FFF7DDFF2B68F4
S214015B48834208D232681A44824208D9C31A01200D
S214015B5833602C6070BD044A126813441C1A002076
S214015B68F7E700BF8C660020244000202DE9F04F9F
S214015B78B3F5803F87B00F469846019003D30020BF
S214015B8807B0BDE8F08F03A904A8CDE90332FFF7F3
S214015B98CBFF0024824600F10109DFF888B05FFADE
S214015BA889F9019BDDE90356AAB27BB13046109903
S214015BB821F028FA0028E2D1B9F1020F2BD1DBF83F
S214015BC800300493019B03BB2F4421E0394630463D
S214015BD805F0C6FC0028D2D1BAF1000FECD0002C93
S214015BE8EDD105F06BFC2E44B6FBF0F303FB106019
S214015BF80028E4D005F062FC05A902463046059463
S214015C0805F0AEFC0028DAD0B9E7109B2B441093B8
S214015C18A8EB05050395631C4B454FF00104C0D35B
S214015C282046ADE7244000207FB56B460C4A106835
S214015C38516803C390680C2218600A4B0DEB0201E9
S214015C48186821F0DFF90C2268460DEB020108F00E
S214015C5823FAB0FA80F0400907B05DF804FB00BFEC
S214015C686C7104008C6600201FB5084A01AB1068E9
S214015C78516803C3906801A91860054B0C2218687F
S214015C8805F06EFC05B05DF804FB00BF6C710400FE
S214015C988C660020F7B5044615460E4681B9072AD4
S214015CA803D80024204603B0F0BD0D4B807919684F
S214015CB8E379063000EB03200C3180B21FF0C3F8FD
S214015CC8002721462B46324638460097FFF74EFFF7
S214015CD804460028E5D039467019FFF77FFEE1E74C
S214015CE88C660020024B1868A0F50060704700BF5C
S214015CF89866002010B58AB0684606F015F810F0C8
S214015D08FF0027D1009BFBB1174C01A9206005F0C5
S214015D1883FF10F0FF001DD12268009B9A4204D32E
S214015D284FF4DD71114826F04EFC019B104A1149CB
S214015D381360029A13440B600F49A3F500630A60C7
S214015D480E4A1360009B63B940F2CF11074826F04C
S214015D583AFC06E0044A034612680020084903F0A4
S214015D688BF90AB010BD00BF90660020220B040014
S214015D782440002094660020986600208C66002047
S214015D88CA0B040008B5FFF7B5FF21F034F950B186
S214015D9821F031F9064B02691B689A4203D2B321F6
S214015DA8044826F010FCFFF7C5FD012008BD00BF1A
S214015DB898660020220B0400014B1868704700BF44
S214015DC890660020014B1868704700BF24400020E9
S214015DD8014B1868704700BF94660020014B18688D
S214015DE8704700BF8C66002010B5FFF749FE0446D1
S214015DF82849002003F040F90020274903F03CF920
S214015E080020264903F038F90020254903F034F923
S214015E18244B00201A68244903F02EF92246234908
S214015E28002003F029F9FFF767FE21490246002002
S214015E3803F022F91F4B00201A681F4903F01CF9CA
S214015E481E4B1F4C1A6800201E4903F015F92268DC
S214015E5800201D4903F010F94FF4806200201B4909
S214015E6803F00AF9226800201949103203F004F9F0
S214015E782268002017490C3203F0FEF82268002039
S214015E88154902F5826203F0F7F8BDE8104005F0FF
S214015E9849BA00BF490C0400860C0400A50C04008E
S214015EA8C50C040090660020F00C04000F0D0400D9
S214015EB8320D040024400020550D0400946600208D
S214015EC88C660020780D04009B0D0400BE0D0400AE
S214015ED8E10D0400040E0400270E04002DE9F0412C
S214015EE894B004460D460020482102AA1EF0BCFFC5
S214015EF818B9534903F0C0F819E06022002120467A
S214015F0807F07EFD04224F4902A808F0C5F890B1B3
S214015F186DB19DF80B30002001939DF80A309DF86D
S214015F280820009348499DF8093003F0A5F8012098
S214015F3814B0BDE8F081BDF80C20B2F5807F228050
S214015F4803D0424903F098F8F1E7BDF81420BDF8EC
S214015F580E102281DDF816206180E2600499BDF8F2
S214015F681A206160228284F8320007AD04F1120219
S214015F780FAE2B4603CBB342106051601D4602F1AB
S214015F880802F6D10F9B324A63631360314B102225
S214015F981846002107F034FDE288A388028022898A
S214015FA84280E26842600BB90020C1E70026354608
S214015FB8A388D90709D536B105F150026A4412F803
S214015FC8482C84F838200135EDB29A0714D5208874
S214015FD81EF060FE07466EB102AB03EB05080246EB
S214015FE8414604F1390007F09BFE3A4641461A48F5
S214015FF807F096FE2F44FDB2A3885B070DD556B170
S21401600805F150036B4433F8482C33F8463CA4F8A2
S2140160185A20A4F85C300435EDB2002EC4D1482DC0
S21401602802D930460D4965E72946382002AA1EF0EE
S2140160381BFF08B90A495DE738250126B8E700BFFE
S2140160484A0E0400787104007C0E0400B20E0400A7
S214016058484000204C40002054400020CD0E04004B
S2140160681D0F040030B50B4C99B025786DB9FFF7B4
S21401607889FE68B129466846FFF730FFB0FA80F016
S214016088054B4009187001232370002019B030BD54
S2140160980120FBE7725D0020735D0020014B187834
S2140160A8704700BF735D002070B51E46134B04464B
S2140160B818881D46884298B002D15B88934206D05C
S2140160C80F4B0FCB84E80F00204618B070BD96B171
S2140160D800216846FFF702FF0028F1D1BDF8043019
S2140160E85B0708D53388BDF85A209A42E8D8BDF828
S2140160F85C209A42E4D395E80F00E3E74C40002081
S214016108A4730400064B10B51B7804462BB9054B3F
S2140161180FCB84E80F00204610BD034BF8E700BFFD
S214016128735D0020A47304004C40002010B504469B
S214016138024B0FCB84E80F00204610BDA473040061
S2140161480B4B10B51B78044608467BB10021FFF7B8
S214016158C5FE48B910222146064807F09DFF0038BB
S21401616818BF0120C0B210BD0120FBE70120FAE7E5
S214016178735D00204C4000202DE9F0410E46904604
S2140161880E4910221F4607F087FF044670B90C4BCC
S2140161983A461D683046AD1B454528BF4546294643
S2140161A81EF062FE28B9074902F066FF0120BDE825
S2140161B8F081069B20461D60F9E700BF4C40002091
S2140161C8484000201D0F04000022024B1A70FFF7FA
S2140161D83BBC00BF735D00202DE9F0419CB00F4623
S2140161E816468046FFF74CFC054602461549002030
S2140161F802F042FF382D20D9012104A8FFF76EFED0
S2140162080446D0B9119B04A93B606F463846FFF790
S214016218F7FA97E80F0086E80F00119BAB4297BF85
S21401622801210324084AC8F8003094BF1170C8F841
S214016238005020461CB0BDE8F0810022024B012424
S2140162481A70F6E74F0F0400735D002070B5084D0D
S21401625800262B7853B1FFF7F7FB044610220021DE
S21401626804482E7007F0CCFB204670BD3446F5E78F
S214016278735D00204C40002008B50020064902F056
S214016288FBFE064B00201A78054902F0F5FEBDE82C
S2140162980840FFF7A9BD00BF6E0F0400735D00201C
S2140162A8980F040003460120024AC3E9032000228E
S2140162B81A7070470100FEFF2DE9F0410024264EB2
S2140162C8264FDFF8A88088B000F0D4F9A5B2854239
S2140162D802D308B0BDE8F081284603A91EF0FAFDEE
S2140162E8A2B23146002002F0E1FE9DF80D2012B35D
S2140162F89DF81210BDF81030402914BF6E2179217F
S2140163080020CDE900313946BDF80E3002F0CEFE48
S214016318BDF814201AB10020114902F0C7FE9DF8F5
S2140163280C00BDF8182070B9079B0E490093BDF8FC
S2140163381A3002F0BBFE00200B4902F09DFE013424
S21401634826F04EF9C0E7BDF81C3041460093002000
S2140163589DF81A30EDE700BFB10F0400B70F04002F
S214016368DA0F0400E40F0400651E04000B10040095
S21401637810B500F0ABFABDE810400346024A00200B
S214016388024902F079BE00BF331004006AD8030040
S214016398D0E9023253F8223010B5188800F086FA90
S2140163A8BDE810400346024A0020024902F064BED6
S2140163B8391004006AD8030010B5D0E90232002467
S2140163C886B08DF8044053F8221003EB820309784F
S2140163D801A88DF805105A681288ADF806209A6843
S2140163E81288ADF80820DA681278ADF80C40A24297
S2140163F814BF402280228DF80A201A691288ADF847
S21401640810205A699B691288ADF812201B680593FB
S21401641800F0D0FB034A03460349204602F02CFE4F
S21401642806B010BDD5EE03006AD8030038B50024BF
S214016438064D26F0C1F845F824000634C02CF8D1DC
S2140164480020BDE83840024902F016BE8010002040
S2140164584010040030B5002087B0204902F00CFE39
S21401646800201F4902F008FE00201E4902F004FE23
S21401647826F0A2F800240546A0B201A901341EF0B0
S21401648829FD202CF8D126F097F81749421B002041
S21401649802F0F2FD1549002002F0EEFD26F08CF818
S2140164A80446012000F09EF826F086F80E49021BE5
S2140164B8002002F0E1FD0E49002002F0DDFD26F085
S2140164C87BF804461EF0F7FC26F076F8021B00203F
S2140164D8054907B0BDE8304002F0CEBD6C10040097
S2140164E89B100400CB100400E8100400F710040009
S2140164F81111040010B50C4603F022FD08B9032C4F
S21401650812D101F0FFF804280ED001F0FBF8052897
S2140165180AD0064802F060FC1C2801D11FF078FC5E
S214016528BDE8104002F068BC10BD00BFC94E0300AC
S2140165382DE9F04F00274FF0FF36DFF8A4B0264CC0
S21401654887B0BBF80030B8B2834209D8731C3BD079
S2140165583246FF21214807B0BDE8F04F1DF044BF81
S21401656801A91EF0B7FC9DF8050001F001FFF8B17E
S2140165789DF80480B8F1000F1AD1BDF810A0BDF837
S214016588129026F019F818210246BBB24B43E018C0
S214016598E158007C4FF47A73A2EB010C50B103FB6F
S2140165A80AF363450ED30B44981A864228BF06465B
S2140165B80137C6E74D466B43FAD06345F5D3194410
S2140165C8881AF2E74046F0E7FF21044807B0BDE81D
S2140165D8F04F1DF01ABF00BF801000205C4000205D
S2140165E8EE5600202DE9F041014688B058B1022840
S2140165F810D01EF089FC78B3D221194808B0BDE83E
S214016608F04125F0E0BFFF23164A17480093FAF732
S2140166180DFFEEE700244FF001082746134EA5B2FA
S214016628284603A98DF80D701EF054FC9DF80D0040
S21401663868B101F09DFE20B19DF80C300BB986F8C3
S21401664810800134202C06F11806E8D12546084B9F
S2140166581D80FFF76DFFCCE708B0BDE8F08100BFED
S21401666831110400A16901005C400020801000205F
S214016678EE560020014B1888704700BFEE560020E2
S2140166882DE9F04F634A077D89B004466249002028
S21401669802F00CFD00201FF093FC20B12368218A2C
S2140166A8588803F09BFC00205C4902F0E5FC637DFA
S2140166B8DFF87491002B236808BF08205988574BC8
S2140166C818BF00200093228A4FF0090314BF4FF029
S2140166D880084FF0400802F02FFBA289BB1C9342AA
S2140166E80CDB1FF007FD034620B100204C4A4D493C
S2140166F802F0C2FC012009B0BDE8F08FA068791C41
S21401670889B2C55D1FF015FC0337012D0646BFB2D9
S21401671813D82368324659885879238A0093434602
S2140167281FF051F8824600283ED1862002F0CCFBA5
S214016738284602F0C9FB304668E08520F6E703A93B
S2140167481EF0C8FB9DF80C30AB4223D123689DF898
S2140167580D105A7991421DD1BDF80E105A889142F2
S21401676818D1BDF81020B24214D19DF81220424526
S21401677810D1BDF81410228A91420BD1002D38D0C1
S214016788BDF81810E288914204D19DF81A201B79A9
S2140167989A422ED00BF1010BB9F800305FFA8BF054
S2140167A88342CCD88B20C1E74FF0000BF4E79AF868
S2140167B8020002F089FBBDF818001FF07DFBBDF84A
S2140167C81A001FF079FB9AF8020003F027FE00284A
S2140167D883D19AF8020001F09DFC0546079E002D1C
S2140167E83FF47BAFF0B2013D02F06EFB360AEDB224
S2140167F8F5E7002002F068FB284602F065FB304604
S2140168081FF05AFB012DD2D1BDF81C001FF054FB16
S21401681863E700BFC011040092050400651E04006A
S214016828CD110400EA110400EE5600202DE9F043CC
S21401683891B0694680461EF04DFB0023194F8DF82E
S21401684801303888431E98B28045388009D1694698
S21401685840461EF047FB68461EF02BFB11B0BDE80C
S214016868F0834FF0180905A91EF034FB0E4C3E883C
S2140168780AAD09FB06460FCE0FC596E8030009FBCD
S214016888084485E803000AAE404605A91EF02AFB1F
S2140168980FCE0FC495E8030084E8030069463888DC
S2140168A8D7E700BFEE5600208010002008B5064B3B
S2140168B81B88834205D9FFF7B9FFFFF739FE002089
S2140168C808BD2720FCE700BFEE56002038B5074D67
S2140168D82C882CB9FF2106481DF097FD204638BDA7
S2140168E8601E80B2FFF7A2FFF2E700BFEE56002057
S2140168F85C4000202DE9F3479A4618239DF8289016
S214016908244FCDE9001203FB09731446D3E9022389
S2140169181FF0CFFC064620460D4603F07FFD04F027
S214016928FD03382B80460FD1009432462B460021B2
S214016938DAF810001EF0F9FAB8F1010F1BD1354349
S2140169481ED102B0BDE8F087392CDAF810300BD129
S21401695807EE906A07EE103AF4EEC77AF1EE10FAEF
S214016968ACBF01200020E7E79E4275F100032CBF6B
S21401697801200020E0E7B8F1000FE2D10028E0D0BE
S214016988182303FB097701233B7402B0BDE8F047DF
S214016998FFF7CEBD801000202DE9F04F00252E46CA
S2140169A8A846AA462C46DFF8BC91D1B0694BA8B2D6
S2140169B81B88834209D81CB161882079FFF79AFDA4
S2140169C8FFF7B6FD51B0BDE8F08F0BA91EF082FAAD
S2140169D825F0F2FD1823AFB27B4309EB030B59F8F8
S2140169E8033005909DF82D00049301F0C1FC0028A2
S2140169F800F0AE809DF82C10002940F0A980DDE952
S214016A080432D01A4FF47A72BDF8383053438342B1
S214016A1800F29E809BF8103043B9BDF83A30002B3F
S214016A2800F096805343834200F29280FD230022B1
S214016A38CDE9013210AB00930DF119020DF11A03DD
S214016A48E9B20BA8EFF764FC002877D1BDF81A3035
S214016A58DA1C0493D2B214B33F4B9DF82D101B8851
S214016A6813442279914214D1BDF82E1062889142BE
S214016A780FD19DF83220B8EBD21F0AD1BDF83420C9
S214016A88524506D1B3424DDD0020344902F0F4FAEE
S214016A9801E0B342F8DC61882079FFF72BFD02F0AC
S214016AA8E7F904469DF932002D4BC043C00F009309
S214016AB8BDF834200A23BDF82E10C0009DF8328098
S214016AC802F03AF99DF82D304FF0000B23714FF480
S214016AD88A53FF26BDF834A04FEAD818E38007A9E1
S214016AE85FFA8BF01FF089FDC0B2B0B99DF81D1092
S214016AF89DF82D20914210D1BDF81E10BDF82E200C
S214016B0891420AD122469DF829109DF81C001FF0D3
S214016B18FAFAB04228BF3046C6B20BF1010BBBF1F8
S214016B28200FDCD1BDF830001FF0C6F99DF819001A
S214016B3802F0CAF9049910A802F0DAF9182300221B
S214016B485F4309EB07031A7425F036FD49F8070079
S214016B5801352BE7EE560020F8560020A91204004E
S214016B68651E04008010002070B500240126104D13
S214016B788AB02B88A0B2834204D80AB0BDE8704018
S214016B88FFF7D6BC05A91EF0A5F99DF8150001F07A
S214016B98EFFB50B19DF814303BB91A46CDE90136E2
S214016BA80093E1B205A8EFF7B3FB0134E1E700BFB4
S214016BB8EE5600202DE9F0430389DFF858818BB0A3
S214016BC8B8F8009000930446837982884188407813
S214016BD81EF0F9FD002800F09580E78927B1A38902
S214016BE8BB4200F291800027B8F80030BDB2AB4234
S214016BF814D84D4601264FF6FF73E2899A4226D1EC
S214016C0846B9B8F80030AB4202D92846FFF70EFE5F
S214016C18FFF78EFC00200BB0BDE8F083284605A9D7
S214016C281EF058F99DF814307BB92268059B53402D
S214016C38FF2B0AD86368069E5E4036F07F4604D16D
S214016C48BDF81C2023899A42D5D00137CCE7E268E3
S214016C589A422BD0002E53D1D4E90323CDE9082339
S214016C6805A81EF026F90028D5D1B8F80030AB42A1
S214016C7804BF6B1CA8F8003025F09EFC18236B4354
S214016C88234AE9B2D050D418002305A81A46CDE9FC
S214016C9801330093EFF73CFB18B100220023C4E947
S214016CA80223284605A91EF01DF9B1E7234605AAC1
S214016CB804F1100C174618685968083303C763456A
S214016CC83A46F7D11868386005A81EF0F5F8002886
S214016CD8C0D01F2D1AD800238DF8143063788DF88C
S214016CE815306388ADF81630A388ADF81830A37947
S214016CF88DF81A302389ADF81C300028B0D1ABE7DF
S214016D080020E6E7862086E7872084E7892082E751
S214016D1880100020EE5600202DE9F04FB04A90F87A
S214016D2814908DB00446AF49002002F0BFF9002048
S214016D381FF046F920B12368218A588803F04EF9D6
S214016D480020A94902F098F9637DDFF8B8A2002B64
S214016D5814BF802340230293236808BF082059885C
S214016D68A14B18BF00200093228A072301F0E4FFF5
S214016D7800230393A28909F10305954211DB039BBE
S214016D8813B9184602F0A0F81FF0B4F9034620B16B
S214016D980020964A964902F06FF901200DB0BDE829
S214016DA8F08FA06809F1010189B210F809601FF097
S214016DB8C0F83246804603468E490020ADB202F03E
S214016DC85BF98EB1012E00F08A808527384602F0DD
S214016DD87BF8304602F078F840461FF06DF8852FAC
S214016DE8D2D00123039376E0A06809F10401A289B1
S214016DF889B2475D1FF09DF809F10601A289049042
S214016E0889B2A0681FF095F83A4605900090049B51
S214016E183046794902F030F909F1080938461FFA6F
S214016E2889F503F0FBFA002857D1384601F072F9C4
S214016E38294603468146A289A0681FF06BF86F4968
S214016E488346304602F032F9A1684A462944334659
S214016E58304602F075F83046634902F00DF9A94448
S214016E681FFA89F52368424659885879238A009378
S214016E78029B1EF0A8FC18B18378BB4240F0AC8098
S214016E88483FFFB2092F05D840F21133FB40DB0714
S214016E9800F1A48000238DF81C30236807A85A79CE
S214016EA88DF81D205B88ADF82080ADF81E30029B5A
S214016EB8CDF82CB08DF82230238AADF82430049B07
S214016EC8ADF82830059BADF82A30FFF773FE074664
S214016ED800287FF47BAFA9464CE7B346C2E72946AC
S214016EE8A289A0681FF025F84FF0000B0246074656
S214016EF84349002002F0C0F809F10509BAF8003044
S214016F081FFA89F5BAF800201FFA8BF94A4503D803
S214016F181F2B31D9892759E7484607A904931DF03D
S214016F28D9FF9DF81C20049B012A22D122689DF8CE
S214016F381D00517988421CD1BDF81E00518888422F
S214016F4817D1BDF82010414513D19DF8221002989B
S214016F5881420ED1BDF82400218A884209D1BDF8A4
S214016F682800E188884204D19DF82A1012799142B6
S214016F781BD00BF1010BC5E7012299468DF81C20A1
S214016F88226851798DF81D105188ADF82080ADF82A
S214016F981E1002998DF82210218AADF82410E18876
S214016FA8ADF8281012798DF82A2007A8ADF82C70AC
S214016FB81DF07FFF074600287FF408AFBAF80030B7
S214016FC84846994508BF09F1010307A908BFAAF869
S214016FD800301DF087FF7EE78D27F7E68C27F5E65C
S214016FE8D412040092050400651E0400351304003B
S214016FF8EA110400DC120400F91204001A13040052
S21401700825130400EE5600202DE9F04F0746884662
S2140170189146002589B09A46BDF848B09DF84C605F
S214017028149C224B1A88A8B2824235D903A91DF0AE
S21401703851FF9DF80C201D4BB2BB9DF80D10B942AF
S21401704832D1BDF80E1041452ED1BDF81010494574
S2140170582AD19DF81210514526D1BDF8141059456C
S21401706822D13046029201F055F8A6F14103012BD0
S21401707801460AD820461EF062FF0D4B0D4A2044F1
S21401708884420CD10421029302ACEDB2324620466A
S214017098009503ABFFF72EFC09B0BDE8F08F14F896
S2140170A8011F4B405343EBE70135BBE7EE56002083
S2140170B8C59D1C81930100011FB50F4C2478C4B1EE
S2140170C842EA03229DF818308DF8051042EA432259
S2140170D80A4BADF80C201A78094B8DF8061007995B
S2140170E803EB021300908DF80400DB6868460291F2
S2140170F8984704B010BD00BF745D0020765D00207F
S2140171087C40002073B51A4DFF211A481DF07DF901
S2140171182B7853B3184C194E2378180106EB031332
S2140171281A7A5968305C1FF0ECFA4D281DD0E0B188
S214017138012300212278CDE900311201B25CC0B2E8
S214017148FFF7BAFF0A2223780A480133DBB2B3FBFA
S214017158F2F102FB1133FF2123702B78013B2B70D0
S21401716802B0BDE870401DF048B902B070BD00BF5E
S214017178745D00201C410020765D00207C400020C4
S214017188F8B5104F3E780A2E1AD00FC8DFF840C05F
S2140171980D4D9CF80040013605EB041585E80F00F7
S2140171A80A230134E4B2B4FBF3F203FB12440748A2
S2140171B8FF218CF800403E701DF01FF90020F8BD35
S2140171C80120FCE7745D00207C4000201C41002063
S2140171D8755D00200021024A0248FAF75DB900BF32
S2140171E80D7101001C410020002337B50C46124DD5
S2140171F812492A78CDE9003312018A5C0123014637
S214017208E0B2FFF759FFA4B90D490A788AB10A20F6
S2140172182B78013A0133DBB2B3FBF0F40A70FF2195
S21401722800FB143307482B7003B0BDE830401DF04F
S214017238E4B803B030BD00BF765D00207C40002076
S214017248745D00201C41002008B500F0BDF850B15F
S214017258054B064A0649052808BF1A46BDE80840F0
S214017268002001F009BF08BD49130400651E04008B
S2140172786A13040008B503201FF05DFA10B901224D
S214017288014B1A7008BD00BF775D00200022024B33
S21401729818781A70704700BF775D00200246FF21F4
S2140172A801481DF0A1B800BF3C410020114B37B57D
S2140172B81D78C5B9FF2110481DF0A7F8FFF7DAFFBA
S2140172C8044600900D4B28460D4A0E4901F0D4FE9F
S2140172D84CB10D4B1B78DB0605D528461FF005FA81
S2140172E820461DF057FC094B186803B0BDE830402E
S2140172F8FFF7D4BF775D00203C41002087130400C8
S214017308B513040074EB0300655D00209C6600203D
S214017318FF2101481DF079B83C41002070B51A4E8E
S214017328054633780C466BB30020184A184901F015
S214017338BDFE032C01D0652C20D11649002001F092
S214017348B5FE22460020144901F096FE0020134996
S21401735801F0ACFE012329460822002001F0F0FDC9
S21401736800200F4901F088FE032C88BF0023204621
S21401737888BF3370BDE87040FCF7BEB8012CE0D07A
S2140173880849DBE770BD00BF775D0020B513040030
S2140173985EEF0300C813040015F60300E6130400A5
S2140173A8651E0400DE130400014B1860704700BF19
S2140173B89C6600200021024A0248FAF76DB800BF11
S2140173C8B57201003C410020054B10B51C782CB95C
S2140173D80448FF211DF011F8204610BD0520FCE7E2
S2140173E8775D00203C410020F8B50024074B084E85
S2140173F81D68084FE3B29D4204F1010400D8F8BDA8
S214017408394656F823001CF0B7F9F3E78C8F0400C9
S214017418908F04006867002010B5044C23780BB1E0
S2140174281FF079F90123237010BD00BFCB6A002035
S2140174382DE9F743254B0D4616460446019350B1F0
S2140174484AB1042301AA12F8011BA94235D0013B0F
S21401745813F0FF03F7D1212003B0BDE8F08317F836
S214017468010F90FAA0F0000E1CF0C2FB014608EBD3
S21401747807039945F3DCCAB2C1F30F2392FAA2F2C5
S21401748893FAA3F3120E1B0E03EB0223DB436219D6
S21401749812F8020C99B2DBB298420CD112F8013CF0
S2140174A8B3EB112F07D132462146284603B0BDE873
S2140174B8F0431FF098B82320CEE74FF6FF71671EFA
S2140174C8A5F10209C4F10108D1E700BF080A0E12A6
S2140174D8014B1870704700BF785D0020024B1A6890
S2140174E818608260704700BFA0660020024B1868CB
S2140174F800B14068704700BFA066002070B504461A
S21401750800250A4B1B687BB100211E8807E05A68D4
S21401751802EB0110013145B9021B554255418AB2A9
S2140175289642F4D89B68EEE7184670BDA066002020
S2140175382DE9F04F1E46002393B0022E07468846D3
S2140175481446DDF870909DF874A0ADF81A3040F234
S214017558C08099F800305A0729D5042E40F2B98020
S21401756899F804B000255F4B33F83520002A00F05F
S214017578B68001350A2DF7D1209B002B40F0AD804F
S214017588FF250023207908AA0DF119018DF8193075
S2140175981EF063FC70B1BDF82C309DF819002380ED
S2140175A81EF0DDFC0790C0B113B0BDE8F08F99F866
S2140175B802B0D7E720791EF081F90B28059000F272
S2140175C88A8020791EF0DCFC07900028ECD1464A18
S2140175D8059B02EB03135B8823804FF6FF73002F8E
S2140175E808BF434662880021CDE900235846524623
S2140175F8238802F0FDFD18B1E38843F02003E380F9
S214017608209B07A90DA8CDE90D34CDF83C90ADF81F
S2140176184080ADF842608DF844708DF845A01EF0A4
S2140176282FFC08B10798BFE7484602F025FDA01DC4
S21401763802F010FD2246414638461EF064FDB0426F
S21401764827D3E3882246C3F30E03E3809DF87C30F4
S21401765841460393BDF87830384602930DF11A0374
S214017668CDE90093F3B21DF09CFE209B079003B36F
S214017678F8B9BDF81A2042B1092D06D81B4B03EB01
S214017688C5018A80209A43F835201120FAF7CCFBE9
S2140176981CE0BAF1000F0AD10DF11A03CDE9006317
S2140176A822464B4641463846FAF7D2FFDDE73820F0
S2140176B8DBE7052807D1E388DB0607D50023012089
S2140176C80793FFF705FF079B002BDED01EF04CFC47
S2140176D8A8E7012068E7212066E71C2064E7EDB2E9
S2140176E84FE700BF64410020D041002060410020E0
S2140176F84FF6FF72024B1A805A809A80704700BF75
S214017708F056002010B5044C2379FF2B02D11FF048
S21401771830F82071207910BDF056002010B50C4CB9
S2140177282379FF2B08D100201EF019FC20B91FF081
S21401773820F820711EF018FC2079022805D004389C
S214017748012894BF0020012010BD0020FCE700BFDF
S214017758F05600204FF6FF7310B5044C22889A4263
S21401776802D11EF0FCFF2080208810BDF0560020B4
S21401777810B5FFF7BDFF40F61D439842044607D8EB
S214017788B0F5416F05D2182826D8152848D829D02B
S21401779810BDA0F541630D2BFAD801A252F823F0CB
S2140177A8ED770100ED7701009977010099770100DF
S2140177B89977010099770100997701009977010077
S2140177C83D7801004F780100E9770100E97701006B
S2140177D8E9770100E977010040F606439842D7D1D8
S2140177E81C4920E0FFF7B6FF1B490246002001F0BE
S2140177F843FC152C05D11EF09CFFBDE810401EF079
S21401780848BB164B164A1749B4F5416F08BF1A46C6
S214017818002001F031FC1EF03BFB1EF03AFBECE7C2
S2140178281628DDD11049002001F026FCBDE81040DD
S2140178381EF051BC1DF09CFEBDE8104002460B49E7
S214017848002001F019BC0020BDE81040084901F0ED
S21401785813BC00BF451B0400F21A0400651E040091
S214017868ED1A04000E1B04002E1B04005A1B04000C
S214017878821B040007B5094A0346108831B9084A2D
S214017888084903B05DF804EB01F010BC0091064A04
S214017898064901F00BFC03B05DF804FB085700200D
S2140178A871E60300A21B040015E7030074EB03004E
S2140178B80D4B37B51B68044693B11D780389012D16
S2140178C808BF02250093C37A084A0020084901F038
S2140178D8D3FB2146284603B0BDE830401EF001BF61
S2140178E8022003B030BD00BF9C420020171C0400D4
S2140178F8C61B0400002010B51EF031FB0D4B1B689B
S21401790863B15A78052A03D862B1052402220AE02F
S214017918FF2AFAD00020084901F0AEFBBDE8104066
S2140179281EF022BB144610461EF037FF20461EF0F6
S21401793832FFF3E79C4200201C1C040013B5134CCD
S21401794800201EF00CFBFFF7D3FE23689BB101A8AD
S2140179581DF001FE78B923681A789DF804309A421A
S21401796809D0D91E032906D9D11E012903D9012A0E
S21401797807D1022B05D1032301A8ADF804301EF068
S214017988B6FE02B0BDE810401EF0EEBA9C420020DA
S21401799800231946034A01330A2B918042F8081B33
S2140179A8F9D17047604100207FB50E4605461EF0A6
S2140179B8A0FE2A46044603460D49002001F05CFB5A
S2140179C896B10C4B36211A889B78ADF80C208DF8A9
S2140179D80E300323002200934FF6FC7003AB8DF89C
S2140179E80D501EF0DAFD0446204604B070BD00BFF7
S2140179F83D1C0400B4730400FF2810B50C4604D1DE
S214017A080020044901F038FBFE202146BDE810405D
S214017A18FFF7CABF561C0400F8B51E460B88074672
S214017A280C461546002B64D14A88B1F9021000208D
S214017A380029B8BF6B78304901F01EFB6288132A0B
S214017A481DD002F5FF437F339BB2052B23D8A2F541
S214017A580042013A052A1ED8DFE802F0193F1D0345
S214017A683C09264A2649002001F006FB13E0254A70
S214017A782349002001F01AFB2A792349F3E7022E4D
S214017A8894BF4FF6FF72B5F801202049EBE70020B6
S214017A981F4901F0F1FA33462A46214638461FF0B7
S214017AA884FE70B933462A46214638461FF07FFEC3
S214017AB848F2210362889A4203D1384669781EF053
S214017AC8D5F96388B3F5004F02D90820FAF7C6F945
S214017AD80120F8BD2A790F49C5E70F4A0849002051
S214017AE801F0E4FA032E94BF4FF6FF726A880B4939
S214017AF8B9E70020EDE700BF911C0400B91C04009B
S214017B08C01C0400D11C0400D71C0400E51C04009A
S214017B18FD1C0400171D0400391D04003E1D040049
S214017B282DE9F04116888AB0DFF88C80ADF80E3062
S214017B380DF10E03C8F8002015460093324610AB27
S214017B4807460C46FAF716FE90BB109B8DF82400E4
S214017B580693BDF80E3004A8ADF81C30AB898DF835
S214017B681070ADF820306B890594ADF81E60ADF83D
S214017B7822301EF083F9D8B921463046BDF80E30BA
S214017B88109A01F0C9FF98B921463046BDF80E3063
S214017B98109AFFF741FF58B9CDE9006039462046EB
S214017BA8BDF80E30109A02F049FB08B9C8F8000073
S214017BB80AB0BDE8F08100BF5C410020F0B585B091
S214017BC804AB03E9030000231C469DF80D609DF8ED
S214017BD80E70154AD9B202EBC1004568EDB99DF899
S214017BE80C30284600939DF80A209DF80B300F4963
S214017BF801F05CFA26B1324628460D4901F056FADC
S214017C080C4A0020002C18BF2246BDF808300A4945
S214017C1805B0BDE8F04001F02FBA12F83110013373
S214017C28B94208BF2C46D5E75C730400501D040012
S214017C38611D0400E0E50300651D04004FF6FF73AF
S214017C4810B5084C88B062889A4207D102A90DF18E
S214017C5807001DF07EFCBDF810306380608808B010
S214017C6810BD00BFF05600202DE9F04F85B08946BB
S214017C7892461C460746BDF83850BDF83C80109E13
S214017C88002833D00346464A0020464901F00EFA3A
S214017C982388002B76D040F20912934274D0424AC8
S214017CA84249B3F5827F08BF0A46CDF80480618849
S214017CB8002000913E4901F0F9F9238893B1B8F103
S214017CC8020F0FD933783B4913F0010F3A4A18BF10
S214017CD80A4659074FF000004CBF3379B378374945
S214017CE801F0E4F90020364901F0C6F900233549C8
S214017CF831F83320AA4249D1334A52F833B0002327
S214017D0831F83300DA00A84246D100202E490A4449
S214017D18908041F8330047B9238833B9B4F9023063
S214017D28002B02DB0820FAF77FF80120FAF796F80D
S214017D389EB13578EB0710D515F0040004D04246FD
S214017D48012130461EF0F5F8CDE90170434622467A
S214017D585146484600961DF00EFEBBF1000F06D0B0
S214017D684346224651464846CDE90067D84743462A
S214017D78224651464846CDE900671DF0C2FA05B0CD
S214017D88BDE8F08F114A90E7114A8EE701330A2BB6
S214017D98AED14FF0000BB2E701330A2BB0D1BAE7E8
S214017DA81DDD03008C1D0400E1E503007A1D0400B7
S214017DB89A1D04007D1D0400851D0400CB1D0400CA
S214017DC8651E04006441002060410020731D040004
S214017DD8771D04000D4BF0B54FF00C0C1F880546B7
S214017DE800230B4EDCB2BC4201D30020F0BD0CFBD5
S214017DF804F43019345DAC4205D144888C4202D172
S214017E0804799442F2D00133ECE700BF6A6A002095
S214017E18B066002073B501262B4D2C4C2A46204609
S214017E28FF2300210096F9F701FB2A462046FF2387
S214017E3800210096F9F7FAFA2A462046FF23002180
S214017E480096F9F7F3FA2A462046FF230021009602
S214017E58F9F7ECFA2A462046FF2300210096F9F79F
S214017E68E5FA2A462046FF2300210096F9F7DEFAAE
S214017E782A462046FF2300210096F9F7D7FA2A4614
S214017E882046FF2300210096F9F7D0FA2A46204615
S214017E98FF2300210096F9F7C9FA2A462046FF2350
S214017EA800210096F9F7C2FA2A462046FF23002148
S214017EB80096F9F7BBFAFF232A46002120460096CA
S214017EC8F9F7B4FA02B070BD394C0300B04100208E
S214017ED82DE9F84300244FF00C090C4B0C4F1E7883
S214017EE8DFF830803A88E5B2954202D33046BDE8DD
S214017EF8F88309FB0585FF21A8681CF094FA18B9D0
S214017F08AB799E4238BF1E460134EBE7795D002007
S214017F186A6A0020B0660020014B1878704700BFD7
S214017F28795D0020014B1870704700BF795D00200D
S214017F38F8B506460C461DF08EFF0546C8B930460C
S214017F481DF0BCFC0B2815D80B4B03EB00131F7B4D
S214017F5887B95A88012122809A88304662809B799F
S214017F68237100F037FA39466071304600F032FA6C
S214017F78A07101252846F8BDD041002070B50446F9
S214017F880E4615461DF09AFC0B2802D94FF6FF70CF
S214017F9870BD094B03EB00131A7B002AF6D146B9CC
S214017FA801222946204600F03DFA0028EED0008836
S214017FB8EEE7012EEAD1F4E7D0410020FF2313B5FE
S214017FC80DF1070104468DF807301DF042FF18B180
S214017FD89DF8070002B010BD074B03EB04131B7B8B
S214017FE80BB1FF20F6E7204600F03AF90028F8D052
S214017FF8204600F0E9F9EDE7D041002013B5F6F781
S214018008EBF90446F6F7EEF9224603461249002034
S21401801801F032F800F084FFFFF7BAFC00F0A6F88A
S2140180280221084602F046FDFFF764FC41F24900CA
S2140180381EF0C5FB4FF0FF130093FF2368468DF82B
S21401804804301EF0A2FB4FF400401EF080FB002017
S2140180581EF09DFB02B010BD1A1E040038B5054679
S2140180681DF019FF90B928461EF0C5FA044628B136
S21401807840F60443984214BF88248D2423462A4692
S2140180880020034900F0F8FF204638BD8D24FBE7A1
S214018098321E04002DE9FF4705460E461746984648
S2140180A8BDF83090DDF834A0BDF83840CDF8009022
S2140180B8CDE9014AE4B2FFF7D7FD43463A463146D1
S2140180C82846CDE90094CDF808A01FF037FBFF211C
S2140180D8034B044A044804B0BDE8F04700F01ABE52
S2140180E8FC560020F8560020515F0020044B01463C
S2140180F81888102240F0404040F48010F6F79CBFE4
S214018108B2700400024B18685968FFF757BD00BFE4
S214018118FECB04000123064AD15C814202D1054AFE
S214018128D05C704702335F2BF6D10020704700BF42
S214018138B6730400B773040070B500220446094BF1
S2140181481D78094BD0B2854201D8FF2070BD1E7834
S214018158A64204D10029F9D05E7BF607F6D401328F
S2140181681033EFE77A5D0020D04100202DE9F04179
S21401817898B06B46304A1068516803C390680CAAD9
S21401818818602E4B14469C4603F1180615461868C7
S2140181985968083303C5B3422A46F7D112AA1746C7
S2140181A8274B03F11806154618685968083303C59E
S2140181B8B3422A46F7D1234A03AB106851684FF0F9
S2140181C8010E03C3906871681860DCF8300000225D
S2140181D806AB03C30C21EC46B068CDE9092218604A
S2140181E8194BDFF86C801970184B0DEB01060B92D2
S2140181F806AD09A91CF8010B0132187034F8020BF8
S2140182080C2A588037F8020B83F80DE0988016F888
S214018218010B03F1100303F80A0C15F8010B08EB20
S214018228C00043F8080C11F8010B03F8040CE1D15F
S21401823818B0BDE8F08100BF4C1E04002677040084
S2140182483E770400591E04007A5D0020D0410020C4
S21401825820740400014B1878704700BF7A5D00202F
S214018268034B03EB0013587B00F00100704700BF77
S214018278D0410020F0B504460846D9B100220E4B7D
S21401828811461F780D4B1D46D6B2B74201D80020BD
S21401829810E01E78A64206D09E68F688314489B258
S2140182A801321033F0E75E7BF607F9D505EB0215C8
S2140182B80180A868F0BD00BF7A5D0020D04100208B
S2140182C82DE9F347894690461D46074618B900200A
S2140182D802B0BDE8F0870029F9D0002AF7D0002BB4
S2140182E8F5D0002400780DF10601ADF80640FFF739
S2140182F8C1FF0028EBD039460DF10602BDF806602D
S2140183081DF0D1F907460028E1D00DF10602BDF8A7
S21401831806A01DF0EFF90028D9D0C9F80070C8F8F2
S2140183280000037913F0200219D1DB0614D4BDF836
S21401833806300C4A564413FA86F612FA86F20BE011
S2140183481A790C33920642BF13F8092C891889B298
S2140183589842F5D8044A0A4401202A60B8E721461B
S214018368024BF5E79D5E00207B5D002060760400E9
S21401837808B50021FFF7E0FEFF2817BF044B0846A3
S21401838803EB0013587B18BF00F0010008BD00BFBF
S214018398D04100202DE9F0410D4616461F461DF036
S2140183A88DFA0B280AD8074C3B4604EB00103246D8
S2140183B82946BDE8F04180681DF04DBA0020BDE8A9
S2140183C8F08100BFD0410020014B0001185C7047C6
S2140183D8D041002070B50C461DF070FA0B281BD84A
S2140183E80F4B03EB00139A68C2B1002314261846F4
S2140183F81579D9B28D4200D870BD116806FB0311F4
S214018408097B34B911F0800F1CBF0130C0B20133AB
S214018418EFE711F0400FF7E70020EDE71046EBE72E
S214018428D0410020F8B50D4616461DF047FA0B2830
S2140184380BD80F4B4FF0140C03EB00139A6800236C
S2140184481C461779D9B28F4201D80020F8BD1068AA
S2140184580CFB0300017B46B911F0800F03D0AC4238
S214018468F4D00134E4B20133ECE711F0400FF5E73C
S214018478D04100202DE9F04F064600243A4B87B03C
S2140184881B783A4F0093009B9C4207D2FF2E08D0D8
S21401849830461DF013FA0B28044606D907B0BDE886
S2140184A8F08F07EB04131B7B2BBB23014FF000084F
S2140184B8019307EB041A14E014221B6802FB053526
S2140184C82B89B3F5967F01D924F08AF84FF0000975
S2140184D84FF00C0B29891FFA89F291420ED808F140
S2140184E80108019B5FFA88F5FB189B681A79AA426E
S2140184F8E2D8FF2ED2D10134E4B2C4E71FFA89F0DC
S2140185080BFB00F06B6819180A7912F0100F23D1CB
S2140185189AF800E012F0400F8DF80CE0B5F800E08C
S214018528185AADF80EE00CBF4FF0400E4FF0800E13
S214018538ADF8120028468DF810E01DF080F85307B4
S214018548ADF81400C8780AD50228896800D90968E0
S214018558002203A81DF04FF909F10109BAE702281C
S2140185688CBF89680831F3E77A5D0020D041002086
S214018578052370B5094A06881488B44208D1957847
S214018588047B2C403F2C03D90D4201D0506870BDA6
S214018598013B02F10802EFD11846F8E7D07604004D
S2140185A870B50024074D084E2B78E0B2834200D8F8
S2140185B870BD06EB0010437BDB0701D51DF05DFAA5
S2140185C80134F1E77A5D0020D0410020F8B50C4669
S2140185D800210546FFF7B0FDFF2829D0154A0601F8
S2140185E802EB00135B7B03F001016CB143F001035E
S2140185F81644A142737305D0C4B100B202EB001051
S2140186081DF03BFA0120F8BD2346F1E77B431168CC
S2140186182846CA18127BC95AD2091CF09AFE013498
S214018628B268E3B211799942F0D8EBE71427F7E775
S2140186380846E8E7D0410020F0B59446497D20B3C6
S21401864839B3012918BF042100254FF6FF702F46BC
S2140186582A46144E3488644511D196F803E01EEA7A
S214018668010F0CD0B4789C4209D30AB1BC4206D893
S2140186781EF0100F03D08AB1BC420CD370B9013575
S214018688072D06F10406E5D1F0BD002908BF08212B
S214018698D8E70221D8E727460020F0E72746012237
S2140186A8FAE700BFB47604002DE9F04F0A9FBDF83B
S2140186B824E09DF82C809DF830904C7D78B394B3D7
S2140186C8012C18BF04240025194800F11C0C068843
S2140186D896421ED190F803B01BEA040F19D086788B
S2140186E8464516D31BF0100F91F80FA004D0BAF127
S2140186F8000F0ED0B1F810A0BAF1000F09D1A945A4
S21401870813D0AE4511D95E553E88013501363E80F7
S214018718ADB204306045DAD10120BDE8F08F002CF7
S21401872808BF0824CDE70224CDE70020F5E700BFFF
S214018738B47604002DE9F04F0024B1F57C4F0E46BF
S21401874838BF4FF0010BA246A1464FF6FF781F46E9
S21401875828BF274B85B028BFB3F800B00090019218
S2140187685C4503D3404605B0BDE8F08FB6F57C4FAF
S2140187780CD3204B3A4603EB840331465B880098BA
S214018788FFF708FE054680B300232AE03A4631463D
S21401879800981DF0C3F8F5E70C229CB254436A68AA
S2140187A80199105B02EB040C884219D3B9F1000F4A
S2140187B801D0504514D861462846CDE902321CF04E
S2140187C83EFF029B60B1039A125BB9F1000F03D01A
S2140187D8524501D3804503D9924680464FF0010998
S2140187E801332A899CB2A242D6D80134A4B2B7E78B
S2140187F816740400187404002DE9F04F91461A46C1
S21401880800238BB08DF82020BDF850208DF81C0071
S214018818ADF81E10ADF8242005460F461A4604A9E1
S21401882807A8159C9DF858609DF85CA09DF860B057
S2140188389DF864800493ADF822901CF088FF049894
S21401884850B92B46CDE90079644A654900F014FC15
S21401885886200BB0BDE8F08FBAF1000F14D18378EB
S214018868B34206D050465D4A5E4900F005FC8D20AD
S214018878EFE7037913F0010306D11846574A5A4918
S21401888800F0FAFB8820E4E703795B072CD58368B8
S2140188985A689B680592069380781DF0ECFC049B49
S2140188A80546DF782146022F03463A4610D805A822
S2140188B81DF09DFC81462B463A46214606A81DF02A
S2140188C896FCB9F1010F01D001300DD18720C0E720
S2140188D805981DF08CFC0128F8D02B463A4621460F
S2140188E806981DF084FCEFE7BBF1000F6FD1049FDB
S2140188F84FF6FF722146B8781CF03FFE00286BD071
S214018908BDF82430C5B20093CDE902549DF8203055
S214018918BDF82220BDF81E109DF81C0001961DF01A
S214018928A9FA002895D1BDF82430CDE90254009360
S214018938BDF822209DF82030BDF81E109DF81C00B9
S21401894801961DF074F8002883D121469DF8682009
S21401895807A81CF050FF00287FF47BAFB8F1000F82
S21401896807D03B462046BDF81E209DF81C101CF07B
S214018978E5FFBDF82430BDF82220BDF81E109DF88D
S2140189881C000093CDE901649DF82030FEF73CFBFE
S214018998BDF82430BDF82220BDF81E109DF81C0035
S2140189A80093CDE902549DF8203001961DF061FA36
S2140189B8BDF82430BDF822200093BDF81E109DF89E
S2140189C820309DF81C001DF00AF8002041E7002021
S2140189D8064900F051FBF8E701203AE7661E040055
S2140189E8721E04009E1E0400B21E0400C61E040069
S2140189F87FB500258DF80830BDF820308DF80400C5
S214018A08ADF80610ADF80A20ADF80C306946BDF889
S214018A182830099A01A80B9E00951CF098FE04467A
S214018A2830B916B1009B9B783370204604B070BDF0
S214018A388928FAD12846024900F01EFBF5E700BF4F
S214018A48E31E04002DE9F04F4FF0000AC7B0FFF708
S214018A5801FC5FFA8AF6B04202D847B0BDE8F08F4B
S214018A685B4B36019A5D00205A4900F005FB002051
S214018A78594900F001FB00230593554B9DF8144016
S214018A8833449B681A79A24202D80AF1010ADEE742
S214018A9814224FF000091B6802FB043422891FFACE
S214018AA889F39A4202D8059B0133E5E70C231FFA9E
S214018AB889F803FB08F8D4F804B023F091FD0BEB12
S214018AC808052B79454913F0400F3BF808302288F2
S214018AD84FF000000093424B18BF0B46414900F087
S214018AE8E5FA294620461CF0AAFD074600283CD18F
S214018AF83D4900F0DBFA2979DFF814C111F0010FBE
S214018B083A4818BF604611F0020FAA78EB7832D1BE
S214018B18DFF800C111F0100F354918BF6146CDE9DD
S214018B2800010020334900F0C1FA2B793BF80820F0
S214018B3813F0400F4FF0000B4FF0FD030DF118082E
S214018B482188CDE9023BCDE9007821480CBF4023B6
S214018B588023805DFFF74CFF86280ED1264900202A
S214018B6800F08AFA09F1010998E70246234900202C
S214018B7800F09CFABFE72249D1E7A8781CF04FFD20
S214018B88D8B140461DF0DBF9421C92B2012341469A
S214018B98002000F0D5F93946208801F001FA4FF691
S214018BA8FF73984207D0174B174903EBC0035A685F
S214018BB8002000F061FA1549D1E7A8781CF035FDC8
S214018BC820B140461DF0C0F9821CDEE7EA78DDE7F1
S214018BD8D0410020351F0400431F04000D1F040068
S214018BE8121F0400831F0400C61004001A1F040085
S214018BF81D1F0400971F0400B31F0400542404001B
S214018C08251F0400A0770400A0EF0300651E0400DA
S214018C18171F04002D1F04002DE9F04FC7B0BDF83B
S214018C2844A10646BAF1040F0D4614461F46BDF880
S214018C3840B163D9CDE9013B00920B460246304963
S214018C48002000F019FAFD230DF117090DF1180897
S214018C583046029322463B462946CDE900B8CDF870
S214018C680C90FFF7C5FE0646B8B9FD22414699F8AD
S214018C7800001CF082FC0746C0B1AAF10403834237
S214018C8838BF892620461DF017F98EB1304600F008
S214018C981BF9304647B0BDE8F08F009023462A46B8
S214018CA80020184900F0E8F90027EBE78926E9E7EC
S214018CB8DFF85CA0BA1CBAF80030C3F1FF039A4289
S214018CC819DA304600F000F999F8000000F0FCF8CF
S214018CD8BAF800900C483A4641464844B94405F06B
S214018CE81FF8AAF8009023462A46304607490097F7
S214018CF800F0C2F9CDE7892000F0E6F88926C8E732
S214018D08BF1F0400FA1F0400515F00202120040041
S214018D18F856002010B5044C206004480180044928
S214018D280A60044A136010BD98420020F6560020D7
S214018D38944200209042002030B587B00AAC0D4618
S214018D4854F8041B0093CDE9011413460949024659
S214018D5809480988006805941CF0B0FF4FF48A5248
S214018D68064B1B681880064B1B685D80DA8007B0C7
S214018D7830BD00BFF65600209842002094420020DD
S214018D889042002008B410B587B009AB0C4653F8DA
S214018D98041B0092CDE9011302460B490B480593C3
S214018DA80988002300681CF089FF4FF48A52084B93
S214018DB81B681880074B1B685C80DA8007B0BDE823
S214018DC8104001B0704700BFF656002098420020B8
S214018DD89442002090420020044A03461168044841
S214018DE8044A0988126800681CF041BA94420020B7
S214018DF89042002098420020044B054A1B681268DE
S214018E081988044B18681CF0A5B900BF94420020C5
S214018E18984200209042002007B5074B1B681B8824
S214018E280192064A12680092054A12681CF0F3F984
S214018E3803B05DF804FB00BF94420020984200206E
S214018E48904200201FB51446064A12681288CDE9DA
S214018E5801430091044B05491B6809681CF0B7F9E2
S214018E6804B010BD94420020984200209042002091
S214018E78014B1868704700BF90420020024B1B68E0
S214018E8818715971704700BF9042002010B5002430
S214018E98084B1C70FEF75EFC074BFF221880214624
S214018EA8064804F0ADFD064B1C80064B1C605C6052
S214018EB89C6010BD5B600020FA560020515F0020C0
S214018EC8F8560020FC56002007490B88FE2B9FBF4A
S214018ED8064AD054581C80B29DBF088000F1FF3066
S214018EE880180020704700BFF8560020515F002008
S214018EF8F8B5094F0D463B885C18FE2C0ADC074E70
S214018F080A46A4B20146F01804F0CCFD3C80641B66
S214018F18A019F8BD0020FCE7F8560020515F002094
S214018F28024B034A00201A60704700BF9C4200208B
S214018F381C740400014B1878704700BFD04100200C
S214018F4830B4044D044C002B0CBF2B46234630BCD2
S214018F581DF01EB80DDE0300F420040070B50546AA
S214018F6808460C461CF0EBFF611C0246024B2846DD
S214018F78BDE870401DF00CB81328040000B503784E
S214018F8889B0069343783E2205938378084904936B
S214018F98C378039303790293437901938379009302
S214018FA8C3790448008800F081F809B05DF804FB2D
S214018FB84F20040008570020024B02460249188831
S214018FC800F05AB80857002079E403002DE9F04765
S214018FD805460E4617460024DFF84480DFF844A00D
S214018FE8DFF84490AC4201D1BDE8F087B8F800003C
S214018FF806EBC401534608221CF0CAFF0134B8F830
S21401900800003FB9044AA54208BF4A46034900F092
S2140190184DF8E7E74A46F9E7651E040078E40300D9
S21401902808570020F420040041CD03002DE9F04143
S2140190380E4E044630881CF0C3FFA8B100250C4F1D
S214019048DFF83080E3070AD518B94146308800F0C2
S2140190582DF830882A46394600F028F800200135D0
S2140190681B2D4FEA5404EDD1BDE8F08108570020C6
S2140190780C0D0400971D04000EB417B505A9044687
S21401908851F8040B019103F0B1FB01210220054AB6
S214019098F8F7ECFC044B1C8003B0BDE8104003B0A5
S2140190A8704700BF651E0400085700200EB417B5A8
S2140190B805A9044651F8040B019103F097FB034BED
S2140190C81C8003B0BDE8104003B070470857002065
S2140190D813B503680446587900F032FF90B923683F
S2140190E85A88032A0ED0E17C5B79CDE9002116491E
S2140190F8164AFFF7C1FF012120461DF001F801209D
S21401910802B010BD637D012B0AD0637D33B9236895
S214019118228A598858791CF0DDFB48B9C3200AE031
S2140191282368228A598858791CF0DDFB0028ECD080
S21401913820461CF047FF064B1B78002BDFD110F5A5
S214019148807FDCD0C1B2D7E77C20040074200400FD
S21401915852600020002970B50F491D460F4B144672
S2140191680CBF6E227922002808BF0B4600200C4946
S214019178FFF79CFF0B4E2544AC4205D1BDE8704075
S21401918800200949FFF778BF3146002014F8012B63
S214019198FFF78CFFF0E700BFB5200400AB20040002
S2140191A8BE200400F2200400490404002DE9F04F13
S2140191B8C27C8BB00592427D0368002A14BF8022C8
S2140191C84022077D0446856886895879B846B3F8EB
S2140191D80290069200F0B4FEA0B9059B052B05D8AF
S2140191E86FF02D03059A1341DB070BD5B9F1030F71
S2140191F808D0AB490020FFF73FFF012120461CF0AD
S2140192087FFF76E0E37B1BB1228A002A00F0B78154
S214019218607D0022B0FA80F05B4203F00403DFF8B9
S2140192288CB2400943EAC000ABF80020FFF74CFEB9
S214019238E37B1BB3208A1CF03FFE8246A07CFFF727
S21401924843FE059A162A00F29A81DFE812F0190001
S2140192589E016C005600D2016C009201D9019A0158
S214019268E001E701EE01390102029801980198012F
S2140192781402580214027002390102029A46DDE706
S21401928800204B46874A8849FFF7F6FE0120FFF77C
S2140192981BFE08F10207B74229D84146324628463E
S2140192A81CF047FE8046236842465879BBF80030D2
S2140192B84946C3F1FF039BB20193238A0093069B99
S2140192C81EF076FA10B11FFA87F8E2E723684246DD
S2140192D85879BBF800304946C3F1FF039BB20193A6
S2140192E8238A0093069BFFF797FC8928EBD11CF08D
S2140192F801FF01200BB0BDE8F08F4FF0000B0420F2
S214019308FFF7E2FDF31E0893089B984552D3BBF17D
S214019318000FECD1E37B94F81480002B0CBF0222DB
S2140193280422624B1A804FF0000B0420FFF7CCFD95
S2140193385F4608F1030A564540F29D80324641468B
S21401934828461CF0F6FD05EB08039B78F21EAA4496
S214019358A2EB080207905146184692B209931CF0F0
S2140193680CF90890002879D02268099B5079CDE934
S21401937801A3238A49460093DDE906321CF02CFC3A
S21401938882464A460020079B4949FFF78FFEBAF1F5
S214019398000F55D10BF10103504646495FFA83FB8E
S2140193A8FFF76AFE089B08F1030813FA88F81FFA04
S2140193B888F8BEE73246414628461CF0BAFD05EB5A
S2140193C808039F78089B08F10301A3EB08022944C8
S2140193D8824692B2384609911CF0CFF8079068B3D6
S2140193E823680999587902970191238A524600936E
S2140193F84946069B1CF040FC0746B8B10BF1010331
S21401940838465FFA83FBFFF75FFD50461CF054FDB4
S21401941853464A4600202649FFF72EFE3A460020C4
S2140194282549FFF729FE802F3FF471AF079B08F106
S214019438030813FA88F81FFA88F865E78027DDE736
S2140194485046FFF741FD07981CF036FD0137524696
S21401945800201949FFB2FFF70FFEA3E78720FFF7A1
S21401946833FD07981CF028FD013787221249089812
S214019478FFB2FFF701FE059B052B3FF43AAF002F1D
S2140194887FF435AFBBF1000F05D10C495846FFF7FD
S214019498F3FD8021B2E63846FFF716FD27E700BF41
S2140194A8C4D40300FF2004004C210400F856002011
S2140194B8092104004C200400252104002F21040062
S2140194C80599A84AA84B0020152918BF1346CDF8B8
S2140194D80090A64AA649FFF7CFFD059B0C2B14BFA3
S2140194E816200D20FFF7F0FC3246284639461CF0B8
S2140194F820FD059B3D440C2B0646AD7835D1192D2C
S21401950828BF1925E37BB3B14FF6FF73278A9F421D
S21401951811D1206832464946069B4079FFF70AF979
S214019528B84208D0BAF1000F05D020828AF80000A8
S214019538000A8AF801000020BBF80070FFF7C4FC97
S214019548236832465879059B4946A3F1150CDCF188
S214019558000343EB0C03CDE90153238A0093069BD2
S2140195681CF0AEFA834BD855C1E6132D28BF132538
S214019578C8E72046FDF7D0FB00287FF4BAAE812164
S2140195883CE62046FDF77CF8F6E7B9F10A0F05EB4D
S2140195980708A6EB070A21D1DFF8DCB19BF80030F3
S2140195A8E3B1E37BD3B9BAF1080F17D1324639468E
S2140195B828461CF0BEFC88B998F8023073B998F8AA
S2140195C80320E22A0AD13246391D284605931CF0A3
S2140195D8ADFC1CF07AFD059B8BF8003041464846E9
S2140195E81FFA8AF21EF0E6F800287FF482AE002100
S2140195F804E6F21B484692B2E9191CF057FCF3E759
S214019608F21B484692B2E9191CF014FCECE7F21B6F
S214019618484692B2E9191CF039FCE5E7F21B4846C0
S21401962892B2E9191EF0C8F8DEE72368EE5D5879AC
S214019638238A0137ED5D0193069B3246494600931E
S2140196482B461CF07CF92A46314648461CF0F4FBAA
S2140196584FE605987A1CE95DB31AA0F11606704222
S21401966870410039009018BF012148469BB22A4430
S2140196781CF0E4FBB8E7059BEE5D112B3D446F78C3
S21401968838D11220FFF720FC0025E37BB3B14FF653
S214019698FF73B4F81080984510D133464A462146E0
S2140196A82846FEF7C9FF404508D0BAF1000F05D095
S2140196B820828AF80000000A8AF80100BBF80080B8
S2140196C8DFF8B0A0C8F1FE0292B208F101030092D9
S2140196D853444A4621462846CDE90267CDF804B0E8
S2140196E8FEF7E2FFBBF800300AF808000133ABF8D2
S2140196F80030FCE51420FFF7E7FB0125C5E77B1CD6
S2140197089E422CD3EF5D1D44003F18BF0127F31A74
S2140197189EB233462A4639460020FFF71BFD0096BF
S2140197282B463A464846218A1CF08CFB5CE77B1C94
S2140197389E4214D3EF5DF61A003F18BF01271D4459
S214019748B6B233462A4639460120FFF703FD00968E
S2140197582B463A464846218A1CF072FB44E700200D
S214019768C8E500BF651E0400FA2004004021040075
S2140197784A210400515F00205060002038B54FF69A
S214019788FB750446A9424FF001019DF8100098BFE9
S21401979843F40043217023816260A07202230020F3
S2140197A8084A0949FFF768FCE07A084B40F6CA02FE
S2140197B803EB4010FF211AF017FEBDE838400420DD
S2140197C8F8F732BB5A21040065210400E042002064
S2140197D830B5054685B028B91D4905B0BDE8304005
S2140197E8FFF74ABC0024007B1CF0B9FB2046194A47
S2140197F819492C70FFF740FC184BE87AFF2103EB58
S21401980840101AF002FE2046154B02019A5C22B956
S21401981801300428F9D1F8F721FB696899B1B5F93F
S21401982808302A899B1303F002038DF80430C2F32B
S2140198380E03ADF806304FF6FF73ADF80830002377
S21401984801A80393884705B0BDE830401CF08CBBDF
S214019858902104005A210400C2210400E04200209D
S214019868A04200200948037873B91946084AD372FA
S2140198780133042B1173117051601181917202F139
S2140198881002F4D101230370704700BF5160002015
S214019898A042002008B5FFF7E5FF002305491A0195
S2140198A88A5C01EB03101AB10133042BF7D10020AF
S2140198B808BD00BFA042002070B50D460646FFF75A
S2140198C8D1FF0023094800EB0514A17AB14205D15E
S2140198D8217819B12B4400EB031070BD0133042B1A
S2140198E804F11004F1D10020F7E700BFA0420020E0
S2140198F810B50446FFF7B6FF0E4B9C4212D003F193
S2140199082002944210D003F1400294420ED06033F4
S2140199189C420DD10323084800EB0310BDE8104014
S214019928FFF756BF0023F6E70123F4E70223F2E721
S2140199380020F3E7E0420020A042002070B5002492
S214019948064D074E2846324600210134F7F7A4FD96
S214019958042C05F12005F5D170BD00BFE0420020BA
S214019968F99801002DE9F34105460C461746984635
S214019978FFF790FF064640B91C4A1D49FFF77CFBD6
S2140199880224204602B0BDE8F0814FF6FB739D42E3
S2140199980AD94FF6FD739D4204D00020134A154993
S2140199A8FFF76AFB4FF6FD75434621463A462846B9
S2140199B81CF073FB044600F02FFE804634B12346A4
S2140199C800200A4A0C49FFF757FBDAE73B462046D0
S2140199D8064A0A49FFF750FB062329463046089AE5
S2140199E8CDF80080FFF7CAFECBE700BF5A21040076
S2140199F8CF210400F92104002E2204005722040076
S214019A08F7B506460C461746FFF744FF054638B92C
S214019A18104A1149FFF730FB0224204603B0F0BD77
S214019A2821464FF48A5230461CF0FFFC044600F0EB
S214019A38F3FD34B123460020064A0849FFF71CFB0C
S214019A48EBE7009004233A4631462846FFF796FE90
S214019A58E3E700BF5A210400CF2104007F22040057
S214019A68F7B506460F46FFF715FF054638B9104AFB
S214019A781049FFF701FB0224204603B0F0BD00227F
S214019A884023114630461CF094FE04461CF08FFE17
S214019A9834B123460020064A0749FFF7EDFAEBE7FB
S214019AA8009001233A4631462846FFF767FEE3E76A
S214019AB85A210400CF210400B222040073B50446DB
S214019AC80E46FFF7E7FE054638B9104A1049FFF774
S214019AD8D3FA0224204602B070BD00222046114661
S214019AE81CF069FE04461CF062FE34B123460020D1
S214019AF8064A0849FFF7C0FAECE7009023463246C3
S214019B084FF6FC712846FFF739FEE3E75A210400B1
S214019B18CF210400E02204002DE9F04188461078A0
S214019B2800219EB014461D46FFF7C6FE06460028CD
S214019B3800F0FD800778002F7BD0B8F800100029C8
S214019B4840F0F5800389B8F8022043F400408242C9
S214019B5840F0ED80617800296BD1A2F50042062A13
S214019B6800F2E580DFE812F0A100A100E300E300BF
S214019B780700B8006900E3880D3DADF82430238955
S214019B8815F00105ADF8263063798DF82830E37AAB
S214019B9803F1060214F812208DF814308DF81C20F3
S214019BA842D10BA98E46069104F10C005FFA85FC9A
S214019BB89C4500F1020009D210F8018C10F802CC7D
S214019BC801350CEB082C2EF802CBEFE701EB43012D
S214019BD81A440891D2B2590001F10D009A42C0B256
S214019BE80BD025186D78205C7831694400EB052088
S214019BF8013321F84C0CDBB2EDE7B6F908203389BE
S214019C08002AACBF01220322C3F30E038DF80820F5
S214019C186288ADF80A3005ABADF80C20049302A9AA
S214019C2830461CF025FA04E0424A43490020FFF773
S214019C3823FA38461EB0BDE8F081042D02D83D4A05
S214019C483E49F3E72379053DADB29D42B4F802805B
S214019C5802D0384A3A49E9E73A4A3B4B0020002DF8
S214019C6808BF13463949334ACDF80080FFF704FA8E
S214019C7805348DF81450B6F90830069485B1002BD2
S214019C88ACBF012303238DF82C303389ADF830801F
S214019C98C3F30E03ADF82E3005AB0D930BA9BFE742
S214019CA8002BACBF06230523EDE70B2DC7D9D4F847
S214019CB80200D4F8061013F4004F05AA03C20CBF1D
S214019CC8042203228DF82C206289C3F30E03ADF813
S214019CD83020ADF82E30DFE7042DB0D96388ADF813
S214019CE8303023790533DBB29D4206D00020114A75
S214019CF817490095FFF7C0F99BE70E4A002015495A
S214019D08FFF7BAF9B6F908203389002AACBF012251
S214019D180322C3F30E03ADF82E3005AB0D93631D76
S214019D28069323798DF82C208DF81430B6E7002792
S214019D387FE700BF5A2104000D23040035230400E1
S214019D484923040089DC0300651E0400702304000F
S214019D588D230400CE230400304BF0B5B0FBF3F29C
S214019D684FF4616503FB1200B0FBF5F3DCB205FBAB
S214019D7813033C25B3FBF5F3DBB2A0EB04104B71E0
S214019D88C3EB0313A0EB83004FF4FA630B8040F296
S214019D9801134B8001230C711F4600246425204EB5
S214019DA88871944200D1F0BD91F802C013B1BCF19C
S214019DB8020F2BD006EB0C0010F801ECC8787045A2
S214019DC80BBF012001300CF1010CC0B208BF81F8AD
S214019DD802C0C87088780D2816D10B888F70013399
S214019DE89BB298070B8014D1B3FBF5F005FB103036
S214019DF880B280B94FF4C870B3FBF0FC00FB1C338B
S214019E089BB2B3FA83F35B090134CAE74FF01D0E20
S214019E18D4E70023F8E70123F6E700BF80510100E5
S214019E286277040010B5044688B006A9FFF794FFC8
S214019E389DF81E300A4803939DF81D30049402933A
S214019E489DF81C309DF81A200193BDF81830054975
S214019E58009300889DF81B30FFF70EF908B010BD77
S214019E6808570020E7230400026808B51188154B37
S214019E7819805188598051791971117959714FF49E
S214019E888A51D980D28812F0200F0CBF0A464FF4A7
S214019E988B528169DA800C4A137831B9C0880B492C
S214019EA823F002030880137008BD43F00203137001
S214019EB8074B15221846013103F0F4FD002200F87D
S214019EC8012CF1E7FC5600205B600020FA560020C2
S214019ED80B57002010B5184C236858791BF0EEFC78
S214019EE80B2822D8154B03EB0010027B237F9A42DE
S214019EF81BD12368428819888A4205D04FF6FF701D
S214019F08814212D1120410D42279023A012A06D9C2
S214019F18A37B63B9BDE810400748FFF747B919891D
S214019F2858791AF001FE0028F2D1002010BD024827
S214019F38BDE81040FFF7CCB864430020D0410020AC
S214019F4808B51BF0BBFC0B2896BF024B0020185C1B
S214019F5808BD00BF6060002008B500201BF0FFFFA9
S214019F68FF201BF0DEFC1BF0FFFF1BF0A6FEFEF732
S214019F7871F901210246064803F042FD054BFF210F
S214019F88054A0648FEF7C6FEBDE80840FEF708BBC8
S214019F9860600020FC560020F8560020515F002023
S214019FA8F0B5002204464FF6FF750B4F90B237F80E
S214019FB830600346AE4201D12846F0BDA64209D11B
S214019FC8B4F57C4FF9D307EBC3035B888B42F4D017
S214019FD80029F2D00132E9E7A077040010B504465B
S214019FE8FFF7DEFF094A034610884FF6FF729342D1
S214019FF814BF074A2246BDE8104017BF02EBC30349
S21401A00804495A680449FFF751B800BF08570020A9
S21401A018A07704000A240400A0EF0300034B187875
S21401A0280130C0B2187000F07F007047CD6A00207A
S21401A038044A137818B143F001031370704703F00C
S21401A048FE03FAE75B600020014B1870704700BFFB
S21401A0585E60002038B1074B1B78012B04D10388BA
S21401A06843F0400303807047022BFCD1038823F09A
S21401A0784003F7E75E60002068B1074A1378012BB2
S21401A08807D1064B1B781370037843F0100303704F
S21401A09801E0022BF8D070475D6000205C6000206C
S21401A0A87FB50121264B274E197033780246D9070A
S21401A0B844D42549096881B10868C1888D0641BF1D
S21401A0C8224CE18841F02001E180C1884C0641BF5D
S21401A0D81E48C18841F04001C1801D4D1D492878A0
S21401A0E8097840074CBFE97069701B4913F00204F0
S21401A0F8098809D0164A19481BF0B4FE337823F0AC
S21401A1080203337004B070BD154B18884FF6FB7305
S21401A118984208D80B46CDE9005201460B4A20461C
S21401A1281BF079F8EEE74FF6FF73CDE9014200938D
S21401A1380A46074B05491BF04AF8E3E70020E1E722
S21401A148526000205B60002060430020FC5600201F
S21401A158515F0020CE6A0020F85600200A570020DA
S21401A168FA56002070B503790446012B0D461646AB
S21401A17831D883681B78DB0600D561B3A37B13B996
S21401A188E37C0B2B27D00022144B1A80637DB3FA8D
S21401A19883F35B09D800E37BABB9FEF795FEA07C99
S21401A1A8FEF792FE0B20FEF78FFEE07CFEF78CFE94
S21401A1B82846FEF789FE2046FFF756FE3046BDE8DC
S21401A1C87040FFF76DBF40F00400FEF77DFE208A61
S21401A1D81BF072FEE3E7002070BD00BFF8560020B2
S21401A1E8024B0A4601461868FFF7BCBF60430020C9
S21401A1F8F0B4054618460F4B0C461B78BDF81010F0
S21401A208012B0D4E01D0377827B10023337000207B
S21401A218F0BC70470CB9002AF9D143B14FF6574341
S21401A228994204D02B462246F0BC1BF001BE012001
S21401A238EEE700BFCF6A00205F6000202DE9F04FEF
S21401A248684C4FF0000A25468446964698460F46BF
S21401A258654B664E83F800A00FCE0FC596E80F0033
S21401A26885B085E80F00DDF83C90BDF838307246B9
S21401A2780093394643466046CDE9019400F0DCF880
S21401A288DFF89081064670B90025FEF7FFFD162215
S21401A2980021574803F0B4FB00232846C8F80030CD
S21401A2A805B0BDE8F08F534BA27CC8F800401A7081
S21401A2B8514B1B78002B36D01BF009FF4F4902463D
S21401A2C85046FEF7F3FE22685046537952884C49A9
S21401A2D80092A289FEF7EAFE50461BF071FE20B1F5
S21401A2E82368218A5888FFF779FEE37B23B100208B
S21401A2F8228A4449FEF7DAFEA36800201A78E37C2E
S21401A30841490093A37CFEF7D1FE207DA289A1686E
S21401A318121A01440123002092B2FEF711FE002012
S21401A3283A49FEF7A9FE2F48FFF79EFD2D481DF076
S21401A3383AFA054630BBB9F1000F25D12168E08805
S21401A3480B8801904988BA1E032A00918CBF002207
S21401A35801220121E07CFFF74BFF38B923685B79BE
S21401A368FF2B3AD0FFF7B6FD05468EE72368DB8854
S21401A3789A06F3D40121264C1A4821701BF0C0FE18
S21401A38884F80090354680E7B9F814309B07E5D481
S21401A3987AE75846FEF718F882465846FDF760FFF2
S21401A3A888B123685046228A59881BF08AFA50B128
S21401A3B83846FFF759FD236889F804A083F805A0F5
S21401A3C8FFF788FD00B9284605460136FDF742FF26
S21401A3D85FFA86FB5845DCD857E70026014FDFF8B9
S21401A3E83890F3E764430020526000208077040029
S21401A3F80A570020CE6A0020CC6A002023240400D5
S21401A4082C2404004D24040059240400D3D5030049
S21401A4185F60002060430020FC5600200023054AA8
S21401A428D15C814202D31A44507870470233DBB2BA
S21401A438F6E700BF6E77040073B515462E781A4600
S21401A44816F0040F0CBF032605269E42089C08D961
S21401A458224A234900960020FEF70EFE002002B08D
S21401A46870BDBDF8183021712060E380A560A28117
S21401A4782B7803F00103A3732B7803F00403002B56
S21401A48814BF01210021E1732978C1F3C001617568
S21401A4984FF00101217518D028461BF04AFD237D8F
S21401A4A8208202332375227D531CDBB22375A95CF7
S21401A4B80232D2B2A1742275EB5CE374A3899A4284
S21401A4C805D900920749054AC5E72382EBE7079BAA
S21401A4D80120A36100232377C1E700BF1DDD030028
S21401A4E89C240400B82404002DE9F7430024204FD7
S21401A4F8DFF89C80DFF89C90E0B21CF096F8FF2805
S21401A50805460FD12346012102201A4AF7F7AEFA6B
S21401A518194B0134187819F069FB152CECD103B0E6
S21401A528BDE8F08346B238EA260328BF4B46012128
S21401A5380093022057F82430104AF7F797FA002EAE
S21401A548E6DA0923E340DB070AD50D4A0D4B15F079
S21401A558010F18BF1A4601210220F7F787FAD7E735
S21401A5680A2CD5D1084A094B15F0010FF1E700BFAF
S21401A578B877040011250400D06A002039250400A4
S21401A588EA240400D424040006250400FC2404005C
S21401A59889DC0300651E040008B554220021024820
S21401A5A803F02EFA002008BDF857002008B55422FB
S21401A5B8FF21024803F024FA002008BDA457002012
S21401A5C8024B23F810100020704700BFA457002044
S21401A5D8002310B4074ADCB2A14203D85DF8044B45
S21401A5E8FFF7DABF2A2BF9D032F8024B20F81340CE
S21401A5F80133F0E7F8570020002310B5054A9942C1
S21401A60801DD2A2B00D110BD32F8024B20F8134089
S21401A6180133F4E7F8570020024B187800F07F0062
S21401A628704700BF6C600020034B18780130C0B239
S21401A638187000F07F0070476C60002030B51C462B
S21401A64800238BB0ADF82220021D92B2012A0E9D7E
S21401A658ADF82030ADF81E10ADF81C3003D94FF612
S21401A668FF7290420FD10022CDE90352CDE90124B1
S21401A678094B01461B784FF6FF70009307AB1BF09A
S21401A688F4FF0BB030BD0146CDE9015318460094DE
S21401A69807AA1CF006F8F4E7D16A002038B5054683
S21401A6A84FF480500C4603F0B1FB4FF480532860FA
S21401A6B8236030B940F2A511BDE83840014821F0C1
S21401A6C882BF38BD2826040000487047B6590020C6
S21401A6D8014B1878704700BFEA6A0020014B1888BA
S21401A6E8704700BF726A0020014B1878704700BF98
S21401A6F8E36A0020014B1878704700BF706000209D
S21401A708014B1878704700BFDE6A0020014B1870AD
S21401A718704700BF73600020014B1870704700BF78
S21401A72872600020014B1888704700BF706A0020CD
S21401A7382DE9F74F4FF00008394B3A4F93F8009040
S21401A748394B3A4E3A4D3B4C3B483C49DFF8F4C04E
S21401A758DFF8FCE0DFF810A1DFF810B10193019BE8
S21401A7682037203301935FFA88F3994506F12006CE
S21401A77805F1200504F1200400F1200001F1200173
S21401A7880FD8002211462E4B2E4D1C782E4E2F4BDD
S21401A7982F4FD0B2844203F1200338D803B0BDE866
S21401A7A8F08F2C4B2C4A47F81C3C002346E907231C
S21401A7B82A4A47E9063E45E90723294A46E905E3C1
S21401A7C844E90723274A45E905E340E90723019AAF
S21401A7D844E905E340E905E341E908CA41E9063EDB
S21401A7E847F820CC47F8103C46F820CC45F820CC52
S21401A7F844F820CC40F820CC41F8103C08F1010878
S21401A80842E908CB42E9063E42F8103CA7E743E98D
S21401A818085643E9061743F8101C0132B9E700BF8A
S21401A828EE6A00203C4700203C4600201C470020DA
S21401A838FC4600209C4600207C4600205C46002002
S21401A848E86A0020F054002061D20200BC460020CD
S21401A858651E0400E78E0300BF8D03009D9A020063
S21401A8683DB40200ED65030011180300A18902003A
S21401A878002208B5074B1A605A601BF0A5FE064B66
S21401A88818701BF0A1FE054B1870054B1A78054B7E
S21401A8981A7008BD92540020AE600020AD600020FA
S21401A8A8DC6A0020AC600020002100B593B00846A1
S21401A8B86A460AF071F90146C8B90E4B0E4A099361
S21401A8C80E4B0D920A930E4A0E4B0E920B930E4A9E
S21401A8D80E4BCDE90F230C930D4B6A4611930AF0E4
S21401A8E811FC003818BF012013B05DF804FB0120E5
S21401A8F8FAE700BF5189030039960200558B030019
S21401A908F96A02001B66030065A50200B58B030001
S21401A91869920200084B1878112806D8012809D927
S21401A928064BC34003F001007047A0F143035842A9
S21401A9385841704700207047B0600020340002007C
S21401A94808B5064B1B78013B022B05D80020FFF7FC
S21401A958E1FF0138C0B208BDFF20FCE7B160002066
S21401A968044B00F1100250F8041B904243F8041BF4
S21401A978F9D17047B2600020044B03F1100253F876
S21401A988041B934240F8041BF9D17047B2600020BB
S21401A99830B5002491B0114B0546214614220BA868
S21401A9A8CDE9094303F02CF8102209ABCDE90044A0
S21401A9B80693CDE90452CDE90252094B09490AA882
S21401A9C8F2F728FD04460AA81CF08CFC1CB1A0214D
S21401A9D8054821F0F8FD11B030BD00BF0024800005
S21401A9E800444004B2600020B326040070B5002479
S21401A9F890B0154B05460E46142221460BA8CDE904
S21401AA08094302F0FDFF102209ABCDE90044069385
S21401AA183146CDE90452CDE902520C4B0AA8F2F7A9
S21401AA28F9FC04460AA81CF05DFC1CB1BA210848CA
S21401AA3821F0C9FD099B102B03D0BB21044821F046
S21401AA48C2FD10B070BD00BF002480000044400461
S21401AA58B326040030B50D4600218FB0124B0446CC
S21401AA68142209A8CDE9071302F0CAFF102207AB82
S21401AA78CDE90242CDE90042049329460B4B08A8CA
S21401AA88F2F77CFD044608A81CF02CFC1CB1D12169
S21401AA98074821F098FD079B102B03D0D2210448C4
S21401AAA821F091FD0FB030BD002480000044400421
S21401AAB8B32604000022034B1870034B1970034B8E
S21401AAC81A707047C3600020C4600020C26000206E
S21401AAD82DE9F04FDFF89080064698F800300D46CD
S21401AAE885B0002B3AD04FF6FB73984236D84FF014
S21401AAF8000B1C4FDFF874A03C7898F800305FFA1A
S21401AB088BF94B459AF8000011D9484402AA0DF171
S21401AB180601C0B214F096FA082229460DEB020087
S21401AB2803F0BAFA0BF1010B0028E6D14C463B7844
S21401AB38A34208D198F80020631CDBB29A423B7006
S21401AB4804BF00233B70324629469AF800301C445D
S21401AB58E0B205B0BDE8F04F14F062BB05B0BDE841
S21401AB68F08F00BFC2600020C4600020C3600020D0
S21401AB782DE9F74F06460D4614461F464FF0010BC2
S21401AB88DFF8789003F10C0A15B903B0BDE8F08F29
S21401AB98102DA84628BF4FF010083A46164B5FFA04
S21401ABA888F152F8040B524543F8040BF9D1019188
S21401ABB89AF8002011481A70002389F80F4089F87E
S21401ABC800B089F80E30FFF7E3FE324601340B4831
S21401ABD80199E4B212F801CB10F8013B83EA0C03A1
S21401ABE802F8013C931BDBB28B42F3D3A5EB0808B2
S21401ABF816461FFA88F5C7E7C6600020C56000201C
S21401AC082DE9F04F9046914685B00090981A029328
S21401AC1883B20193009B0F46354903F10C0453F8A0
S21401AC28045BA34241F8045BF9D11B78314E0B70E3
S21401AC3849233370019BF0731B0A3046B373FFF741
S21401AC48A7FE0221BB460D46737888EA0303737094
S21401AC584FF0000A1DE0C5F11004A9EB0A039BB2E8
S21401AC68A4B29C4228BF1C4600231FFA83FCE8189E
S21401AC786445C0B21FD82544EDB2A344102D5444F0
S21401AC881FFA84FA05D1002530460391FFF780FEA6
S21401AC980399D145DFD807EB080B25B11548039171
S21401ACA8FFF776FE039901294FF000050DD0012123
S21401ACB8DDF80490CCE71BF803C016F800E0013372
S21401ACC88CEA0E0C06F800C0CFE7029B09491F4420
S21401ACD8094B38461C78224603F022F82A462146B4
S21401ACE83846009B05B0BDE8F04FFFF741BF00BFEF
S21401ACF8C6600020C5600020EF6A002030B54078A5
S21401AD080C4601284FF0110387B001F1100516D142
S21401AD18144A01A90AF07EFF234601AC22461868A8
S21401AD285968083303C2AB421446F7D111230D4ABA
S21401AD38002001A90AF06EFF002007B030BD0120EF
S21401AD48094A01A90AF066FF234601AC224618689B
S21401AD585968083303C2AB421446F7D11123024A95
S21401AD68E6E700BF75E4010079EB010030B50C4653
S21401AD78407887B001284FF011030DBF0B4A0C4AE3
S21401AD88012001A918BF01A90AF044FF234601AA18
S21401AD9805AD144603CCAC4218605960224603F14F
S21401ADA80803F6D1002007B030BD00BF75E40100E6
S21401ADB879EB010010B50C4688B01A230C4A01A994
S21401ADC801200AF027FF21460DF10E0304F11002B7
S21401ADD851F8040B914243F8040BF9D11A230020C9
S21401ADE8034A01A90AF016FF002008B010BD00BFEB
S21401ADF824E10100F0B58BB004460D461DF069FD4F
S21401AE08A8B101A812F0CEF888B1667B271D16F006
S21401AE18020F05D00822384601A903F03DF9D0B93A
S21401AE2801AB46F0020603CB6060796066731A23AD
S21401AE380A4A03A901200AF0EDFE29460DF1160378
S21401AE480DF1260253F8040B934241F8040BF9D18D
S21401AE5800200BB0F0BD2D20FBE700BF24E1010068
S21401AE68F0B50546071D00220C463846082193B062
S21401AE781DF0BDFC6A7B0646D0070BD5687808A985
S21401AE881CF04DF8DDF83D306B60DDF841307B6035
S21401AE9880B10BE0910709D5D2000121384602F0AE
S21401AEA880021CF047F8FF28687002D12D2013B0E5
S21401AEB8F0BDD6B1687801A91BF0CEFF9DF81C300D
S21401AEC85B0604D54FF4C6710A4821F07CFB23467D
S21401AED803AD07AC2A4603CAA24218605960154654
S21401AEE803F10803F6D10020E1E708A91CF017F8DA
S21401AEF8CEE700BF312704002DE9F04106468AB0A7
S21401AF081F480F4615460024FFF736FD002C01A9F9
S21401AF1814BF4FF05C0C4FF0360C10238846184AC5
S21401AF2812F8010B013B8CEA000013F0FF0301F84D
S21401AF38010BF5D105A81EF095FA4246102105A881
S21401AF481EF094FAC4B93946324605A81EF0F6FA38
S21401AF582A460DF1140C0DF1240E634603CB7345F6
S21401AF68106051609C4602F10802F6D114B10AB08D
S21401AF78BDE8F0810124C9E72A461021E5E700BFAC
S21401AF88F56000202DE9F04791460D46C0B09DF8C2
S21401AF982041DDF828811E46DFF87CA09DF8243183
S21401AFA807462246494640468AF8003002F0B8FE6F
S21401AFB89DB12346324641463846FFF721FEB44244
S21401AFC807D9A11B3B46012289B208EB0600FFF709
S21401AFD8CFFD002040B0BDE8F087A11B3B4601220B
S21401AFE889B208EB0600FFF7C3FD224641466846CC
S21401AFF802F096FE3246694638462346FFF700FEBB
S21401B0089AF800200DEB040109EB040003F044F85C
S21401B0180028DED02C20DDE7EF6A002038B503468D
S21401B028104601F1100451F8045BA14242F8045B92
S21401B038F9D104491BB1FFF7D9FC002038BDFFF749
S21401B04809FDFAE7F560002030B5054689B069467E
S21401B0581BF086FD6B8804ACABB1224629466846D0
S21401B0681BF01EFD0E4A08AD234603CBAB4210600B
S21401B07851601C4602F10802F6D10948FFF770FC38
S21401B088002009B030BD6B46054D1A4603CAA242D8
S21401B09828606960134605F10805F6D1EDE700BF9B
S21401B0A8F560002050B10B4B0B4A03F1100153F821
S21401B0B8040B8B4242F8040BF9D17047064B054A3C
S21401B0C803F1100153F8040B8B4242F8040BF9D133
S21401B0D8704700BFF5600020D560002008B5102233
S21401B0E8024802F0DFFC002008BD00BFE560002032
S21401B0F808B508461022024902F0D4FC002008BD13
S21401B108E560002010B5044686B001A9114A11234E
S21401B11801200AF07FFD9DF8143001A8E3701EF0A7
S21401B12868FD80F001000C4A01A960701123012016
S21401B1380AF070FD9DF8143001A8A3701EF059FDA1
S21401B14880F00100207010F0C7FA6060002006B099
S21401B15810BD00BF75E4010079EB010010B5044687
S21401B16886B01123134A012001A90AF053FDA378DA
S21401B1789DF814209A4207D08DF814300020112328
S21401B1880C4A01A90AF046FD11230B4A012001A920
S21401B1980AF040FDE3789DF814209A4207D08DF80E
S21401B1A8143000201123044A01A90AF033FD06B021
S21401B1B810BD00BF79EB010075E401002DE9F041EF
S21401B1C886B0064603A80C4612F08AFE05460028F5
S21401B1D84AD1BDF80C30980646D510222946204695
S21401B1E802F00EFC01A811F0DDFEC0B1777B06F176
S21401B1F8040817F0020F06D00822404601A902F0FB
S21401B2084BFF00282ED101AB47F0020703CB706035
S21401B218C8F804107773238843F00803238023882B
S21401B22843F00203238011F097FA60601DF051FB8A
S21401B23830B10E4B1B68A360238843F004032380B8
S21401B2480B4B1A68D1035EBF238843F01003238093
S21401B258130203D5238843F400632380284606B0E7
S21401B268BDE8F0812D25F9E72425F7E76C4700208E
S21401B2787047002010B5D0E9023253F8223090B05A
S21401B2881C684022694620461BF0BCFE034630B1C6
S21401B298224600200549FDF7EFFE10B010BD012239
S21401B2A869460820FDF792FEF7E700BFC7270400A6
S21401B2B870B500F0B1F800280CBF6E227922002084
S21401B2C81349FDF7D9FE00F0A7F8F0B11BF0AEFE62
S21401B2D800280CBF6E22792200200E49FDF7CCFE0D
S21401B2E8082200200C49FDF7C7FE00250B4C0C4E22
S21401B2F8234654F8042C314600200335FDF7BCFEDE
S21401B308182D04F10C04F3D170BD3F22E4E700BF09
S21401B318FF27040016280400262804009448002065
S21401B3284528040070B51BF066FE04462149002036
S21401B338FDF7A2FE2CB92046BDE870401E49FDF770
S21401B3489BBE00F0BBF805461C4B62690020002A2C
S21401B35808BF1A461A492668FDF78EFEA2880020FD
S21401B3681849FDF789FE1849E2880020FDF784FE92
S21401B378A388228913F010001ABF00201349144924
S21401B388FDF77AFEE26800201249FDF775FE22698C
S21401B39800201149FDF770FE104A114B0020B6F542
S21401B3A8817F38BF13460F492A46BDE87040FDF72E
S21401B3B863BE00BF7A280400872804003DF803000E
S21401B3C8A8280400C6280400E72804000429040065
S21401B3D8212904003F2904005D290400722804007D
S21401B3E8682804007B29040038B5014600230C258B
S21401B3F8084A05FB03F4A0181459013404D10C2299
S21401B40802F050FB002038BD0133082BF1D1012092
S21401B418F9E700BF90480020034B1878012894BF2D
S21401B42800200120704700BF0761002038B5044698
S21401B438044D2878A04203D021461BF0BCFD2C7091
S21401B44838BD00BF0761002000B58FB03422002147
S21401B45801A802F0D5FA01A8EEF786FA0598D0B148
S21401B46882680E4BB2F5803F34BF92B2C2F38F2288
S21401B47841881A81028828BF41F010011A60426883
S21401B4889980DA80C268DA6002691A6142695A618B
S21401B498027E18461A760FB05DF804FB14480020A1
S21401B4A8054B1B7820B1012B04D80220FFF7BEBF3D
S21401B4B8012BFBD8704700BF0761002010B5084C68
S21401B4C8237853B91BF097FD0123237028B103682D
S21401B4D8B3F5817F24BF037E2370207810BD00BF9B
S21401B4E80661002070B5184B1B78012B2BD81BF072
S21401B4F865FD164D024616490020FDF7BDFD0120E3
S21401B508FFF7CEFF2E78FF2E1DD1FFF79DFFC8B19E
S21401B518848860223146C4F340040E482C7002F039
S21401B5286FFA602231460C4802F06AFA5CB1FFF7FE
S21401B538C5FF042807D9BDE8704040F22B1107481B
S21401B54821F041B8287070BD07610020F06A00201C
S21401B5589E2904009048002030480020B0290400A5
S21401B5682DE9F04FDFF884928DB003AB0746884685
S21401B578144699E8070083E80700FFF7B3FFFFF7CB
S21401B5889DFF944B06461D784B46012D40F0708171
S21401B598012840F27281B7FBF0F200FB1272002A12
S21401B5A800F06B818C4900228B46D1F800C0BCF1B3
S21401B5B8FF3F04D0087A6044874200F019810132BF
S21401B5C8082A01F10C01F0D193E8070006AE0DF147
S21401B5D8240A86E807008AE80700FFF76FFFB7FB2B
S21401B5E8F0FB00FB1B7BA0EB0B094A4641460646CF
S21401B5F80AA809978DF82C9002F092FB00224FF0CA
S21401B6080C0E764902E00132082A0ED00EFB02F033
S21401B61800EB010C08580130F5D19AE807008CE8D0
S21401B62807006F490A7801320A70A14504DD4FF414
S21401B638E2716C4820F0C7FFA41B5C444F44A1B2DA
S21401B64817FA84F4B4FBF6F206FB1242C8448E1AC3
S21401B65891B1A41A08EB060107A88DF820200694D4
S21401B66802F05EFB06A8FFF7BFFEFF2804D140F2F2
S21401B678D9115C4820F0A7FFB6B2B6B10320FFF790
S21401B688D5FE802E0AD832464146574802F048FB76
S21401B6983246384654491BF099FC05460220FFF706
S21401B6A8C5FE28460DB0BDE8F08F0025F9E74FF432
S21401B6B80E714C4820F087FF464B1B78012B00F093
S21401B6C8E380002C36D00320FFF7B0FE802C2FD85D
S21401B6D822464146444802F023FB22463846424960
S21401B6E81BF074FC05460220FFF7A0FEDFF8F09079
S21401B6F899F8003093B1039CFFF7E0FE374B00271B
S21401B70898461A68511C04D0197A411A521A94425A
S21401B71824D00137082F03F10C03F2D1002DC0D134
S21401B728039B0133C1D003A8FFF75EFE0546B8E7C1
S21401B7380125D8E72546D9E740F26D21294820F0AA
S21401B74842FF012524E0012D30D0802E2FD8324625
S21401B758254903981BF03AFC054628E0002DA0D1A0
S21401B7680C247C4308EB04039DF814A093F808B056
S21401B7780AEB0B03802BDFDC1B4B524604A9184649
S21401B78802F0CEFA211D5A464144504402F0C8FA46
S21401B7980C2303FB07839DF814201B7A13449E424F
S21401B7A8D1D040F273210F4820F00DFF0125022069
S21401B7B8FFF73CFE99F8003013B1013B89F80030D9
S21401B7C84FF0FF3308EB040248F80430C2E90133AE
S21401B7D867E700BFF06A0020904800203048002044
S21401B7E805610020B0290400944700201C78040055
S21401B7F84FF00C0A0AFB02B3187AA6EB00095FFAA7
S21401B80889F9A14501D35FFA84F90AFB02FA0AF11C
S21401B818040528444A464146584402F081FA0BEB8F
S21401B8280A031A7AA4EB09044A44D2B2B242A4B271
S21401B8381A7219D103200193FFF7F8FD32460BEB74
S21401B84805015BF80A001BF0C1FB05460220FFF75D
S21401B858EDFD4FF0FF32019B4BF80A20C3E90122A8
S21401B868002D7FF41EAFC844002C3FF41EAF4F4492
S21401B878104B1B78012B7FF424AFB7FBF6F306FBBE
S21401B8881373002B7FF413AFE319B3FBF6F506FB2E
S21401B8981535002D3FF415AF641B5B1B08EB04013F
S21401B8A82A4604A80393A4B202F03AFA8DF8145073
S21401B8B807E700BFF06A002070B5134B1B78012B11
S21401B8C80CD1FFF70FFE0026104D55F8043C013346
S21401B8D806D10336182E05F10C05F6D1002411E021
S21401B8E80320FFF7A3FD55F8044CFFF7E7FD2946AB
S21401B8F8024620461BF06AFB04460220FFF796FD27
S21401B908002CE6D0204670BDF06A0020944800203E
S21401B91870B505460C46FFF7E5FD0520FFF786FDE1
S21401B928214628461BF060FB06460220FFF77EFDEF
S21401B93800220A4B2C441968481C08D0A94206D391
S21401B948A1423EBF4FF0FF31C3E9001199600332AF
S21401B958182A03F10C03EED1304670BD904800203A
S21401B968D0E9023253F8223010B51C68204600F0A0
S21401B97895FA28B12146BDE81040024800F022BFDA
S21401B98810BD00BF2E2A040008B5D0E9023253F8CC
S21401B9982230186800F06CF920B1BDE8084002486A
S21401B9A800F010BF08BD00BF502A04002DE9F04181
S21401B9B8D0E9023253F8221003EB82035B680F6862
S21401B9C81D789AB0642D04D96421114800F0FAFE56
S21401B9D864252A46384601A900F002F9044698B9B2
S21401B9E80C4800F0EFFEDFF8348001AE013DA542B9
S21401B9F802DC1AB0BDE8F0813919404616F8012B69
S21401BA0800F0E0FE0134F2E7034800F0DBFEF0E761
S21401BA18732A0400932A0400BD2A0400AA2A0400F3
S21401BA282DE9F04700252D4FDFF8E080DFF8E0909C
S21401BA388CB0284603A900F0EFF810B10CB0BDE8A9
S21401BA48F087049B2946039A0093384600F0BAFE0D
S21401BA58404600F0B7FE059910290CD810290CD8D5
S21401BA68DFE801F00F14320B340B0B0B360B0B0B04
S21401BA780B0B0B0B3A0020292CD0194800F0A2FE1C
S21401BA8807E0184800F09EFE0135D2E7164800F098
S21401BA9899FE0699484600F095FE0799134800F066
S21401BAA891FE134800F08EFE1024DFF868A00DF111
S21401BAB81F06504616F8011F013C00F083FE14F0DD
S21401BAC8FF04F6D10B48DDE70B48E0E70B48DEE755
S21401BAD80B48DCE70B48DAE70B48D8E7D82A040016
S21401BAE87D2B04002D2B04003D2B0400A32B040002
S21401BAF8BB2B040042CD0300452B04004D2B04004C
S21401BB08562B0400612B0400782B04001C2B040020
S21401BB188C2B0400CC2B040010B50B4C8EB023786C
S21401BB285BB9EDF79BFE014650B9012301A82370C6
S21401BB38EDF71AFF054B049A1A6020780EB010BD6F
S21401BB48034800F03FFEF8E708610020644B002038
S21401BB58D22B040000B58FB0FFF7DEFF002829D0EE
S21401BB6801A8EDF701FF059B1448198800F02AFE85
S21401BB78059B13485969134B002908BF194600F05D
S21401BB8821FE059B1048598800F01CFE059B0F48AE
S21401BB98196900F017FE059B0D48D96800F012FEDA
S21401BBA8059B0C48197E00F00DFE0B4B0B481968D7
S21401BBB800F008FE0FB05DF804FB00BF0F2C040070
S21401BBC8212C04003DF80300332C0400472C040004
S21401BBD85B2C04006F2C0400644B0020832C0400AB
S21401BBE870B5064615460C4679B172B1FFF794FF53
S21401BBF868B121462A463046EDF7C0FF014618B11E
S21401BC08044800F0DFFD012070BD2120FCE711206B
S21401BC18FAE700BF952C040037B505460C46FFF732
S21401BC287BFFE0B1114B1B68AB421AD9CCB100219E
S21401BC382422204601F0E4FE2146284616F065FD3A
S21401BC4888B9284601AA04F10801EDF749FF20B191
S21401BC5840F20643C01A18BF012003B030BD1120B8
S21401BC68FBE72120F9E70120F7E700BF644B002036
S21401BC78F0B593B00546FFF74FFF002845D0254B92
S21401BC881A68AA4207D829462348013A00F09AFDBD
S21401BC98212013B0F0BD05A8EDF766FE284603A9D6
S21401BCA816F033FD98BB049A22F4FF57C2F30C032F
S21401BCB827F01F072BB14FF400532946174800F009
S21401BCC881FD039E7FB120F08BFC30464FF4005176
S21401BCD8EDF7E0FF3346044606F5005650B9039BD8
S21401BCE8F31ABB42EFD32A4639460D4800F06AFDDF
S21401BCF8002406E000902A464FF40051094800F057
S21401BD0861FD201E18BF0120C3E71120C1E70120ED
S21401BD18BFE700BF644B0020C32C0400712D04004C
S21401BD28302E0400DF2D040010B5044638B1FFF7A5
S21401BD38F3FE30B10020044B1B68236010BD2120A0
S21401BD48FCE71120FAE700BF644B002010B5044653
S21401BD58FFF7E2FEB0B10C4B1A68A24206D821469C
S21401BD680A48013A00F02EFD212010BD20F038FCCB
S21401BD7840F2512220460649EDF772FE003818BFF8
S21401BD880120F2E71120F0E7644B0020C32C0400E1
S21401BD981049002010B50446FFF7BEFE70B12146D3
S21401BDA80848EDF77DFE40F20323984208D040F29A
S21401BDB8012398420CBF0520012010BD1120FCE785
S21401BDC80020FAE7104900202DE9F0412D4D0446E0
S21401BDD82F68FFF7A1FE002851D02968A14207D88D
S21401BDE84A1E2948214600F0EDFC2120BDE8F081D5
S21401BDF82648EDF715FEDFF894800246B0B94346AB
S21401BE082E68964222D1BE4214BF3A4606F1FF3248
S21401BE1812BB31461D48C8F80040EDF7E1FD014662
S21401BE2800B31B4800F0CEFC0120DFE72046EDF703
S21401BE38B7FD044638B10146164800F0C3FC201E7B
S21401BE4818BF0120D2E7EDF7BFFBF8E753F8041B4C
S21401BE588C42DDD00132D4E70C499200081D01F06E
S21401BE6821FED6E729680948EDF7DAFD044610B140
S21401BE7801460948D6E7EDF7A7FB2046B6E71120A5
S21401BE88B4E700BF644B0020C32C0400F048002030
S21401BE98762E04004C2E0400A92E0400F8B504469C
S21401BEA8FFF73AFE002845D0234B1A68A24207D866
S21401BEB821462248013A00F085FC21242046F8BD97
S21401BEC81F4800F07FFC20F08BFB40F251221D49F1
S21401BED82046EDF7C5FD40F20327054620F080FB16
S21401BEE8184E65B140F203239D421AD029461648DA
S21401BEF800F068FC0124154800F064FCDEE720F039
S21401BF086FFB29463046EDF7CBFDB84209D040F223
S21401BF180123984203D10E4800F054FCE1E7054698
S21401BF28DFE721460B4800F04DFC2046FFF74CFFA3
S21401BF380446E0E71124C1E7644B0020C32C040043
S21401BF48E02E040010490020002F040042CD030013
S21401BF5849040400182F04000322024B18601961D3
S21401BF685A6370470000025C3F22034B1A63102293
S21401BF78DA6103229A6370470000025C024AD36BB7
S21401BF889B07FCD4704700BF0000025C044B9B6A09
S21401BF9813F0240F14BF012000208000704700BF53
S21401BFA80000025C08B5FFF7F1FF084BDB6B23F4D2
S21401BFB87F4323F0EF03003B18BF012350EA8300B9
S21401BFC81EBF0122024BC3F8FC2F08BD0000025C0D
S21401BFD800F0FF3F4368182B0AD0202B1DD0102BEA
S21401BFE82BD1174BD3F80434DB010AD40120704750
S21401BFF8134BD3F804349A01F8D50B6843F00803B9
S21401C0080B6003680F4A934210D10B6843F0400354
S21401C0180B600023436000207047094BD3F80434B3
S21401C0285B01E3D50B6843F00403E9E7064A93424C
S21401C038F1D10B6843F08003EAE70720704700BF99
S21401C0480000025C0A610020096100200B4607B562
S21401C0580749D1F80414C90708D5002100920246F9
S21401C068084600F043F803B05DF804FB0120FAE740
S21401C0780000025C0B4607B50749D1F80414C90746
S21401C08808D5009201210246002000F02FF803B0DF
S21401C0985DF804FB0120FAE70000025C13B5084CC2
S21401C0A8D4F80444640709D5CDE900230B460021DA
S21401C0B80246084600F044F802B010BD0120FBE72E
S21401C0C80000025C13B5084CD4F80444640709D58B
S21401C0D8CDE900230B4602460121002000F030F886
S21401C0E802B010BD0120FBE70000025CF0B51C465B
S21401C0F85B6815468DB01A07129E1AD1CBB17268C5
S21401C108934216D10C4B0D4A53F8217009AB07CA56
S21401C11883E807001A462946CDE90533CDE90333F6
S21401C128CDE90163009447F480701AF0D0FF0DB092
S21401C138F0BD0720FBE700BF347804002878040028
S21401C148F0B51D4616466A688DB0DDE91273E2B190
S21401C1587868824219D15A68102A16D10C4A09AC55
S21401C16852F821C00B4A07CA84E80700224631461E
S21401C178CDE90544CDE90344CDE9017400954CF4B5
S21401C18880601AF0A4FF0DB0F0BD0720FBE700BFE2
S21401C198347804002878040010B50A46044619B114
S21401C1A8024B00211B68984710BD00BF3C7804006D
S21401C1B810B5114C2378580744BF23F004032370A5
S21401C1C82378990705D500F05DF8237823F0020354
S21401C1D8237063781BB10023084A63605360002309
S21401C1E8082106486370FFF7D7FF2378DA0744BFAC
S21401C1F823F00103237010BD684B00206C4B002010
S21401C20838B51A4C62782378022A01D1072B11D047
S21401C218DD0712D52378980707D400F02BF8237882
S21401C228054643F00203237080B96278237882B109
S21401C2385A0716D50025284638BD17F0D8F82378AA
S21401C248054643F0010323700028E3D0FFF7B0FF4B
S21401C258F1E7D907ECD5064962604A6002226270A6
S21401C268E6E743F004032370E4E700BF684B0020C9
S21401C2786C4B00200122024B002083F8F020704707
S21401C288744B00202DE9F0410A4C002526464FF054
S21401C298010803272046C4F81C80277601351BF0C1
S21401C2A804F8062D04F12804F4D1002386F8F030AA
S21401C2B8BDE8F081744B00202DE9F04F984691B007
S21401C2C80B1E0A93B44B914614BF83469B46002522
S21401C2D81A9E98F8000070B94D4538BF2A464B4655
S21401C2E84FF000000A9928BF09F1FF32D8472846BF
S21401C2F811B0BDE8F08F252808F1010806D02A46B6
S21401C3084B460A996C1CD8472546E2E70023414666
S21401C31811F8012B2B2A16D00AD8202A16D0232A40
S21401C32817D0A2F13000092834D800270A2418E0CB
S21401C3382D2A05D0302AF4D143F001038846E6E7D2
S21401C34843F00203FAE743F00403F7E743F0080370
S21401C358F4E743F01003F1E7884604FB0722A2F14D
S21401C3683007414611F8012BA2F130000928F3D90C
S21401C37898F800202E2A52D198F8011008F10102E7
S21401C388A1F13000092843F480633ED800244FF019
S21401C3980A0E11E02A2A08D156F8047B8846002F8F
S21401C3A8BCBF43F002037F42E2E70027E0E702460C
S21401C3B80EFB0411A1F13004104610F8011BA1F17F
S21401C3C8300CBCF1090FF2D99046424612F8011B0F
S21401C3D86C292DD025D8682933D06A293BD0424606
S21401C3E8904618F8010B672860D8572836D845288C
S21401C3F808D084D9462800F0188147287FF47FAFF3
S21401C40843F4006343F0200327E12A2906D156F8AE
S21401C418044B08F1020824EAE474D6E7904600249F
S21401C428D3E7742901D07A29D9D143F48073D7E7A1
S21401C43898F801106C29F8D143F4407308F1020208
S21401C448CEE798F80110682902D043F08003C7E7C1
S21401C45843F0C003F2E743F40073C1E7A0F15802C2
S21401C4680F2A3FF64CAF01A151F822F015C501007D
S21401C47807C3010007C3010007C3010007C3010082
S21401C48807C3010007C3010007C3010007C3010072
S21401C49807C3010015C5010081C6010015C50100C5
S21401C4A857C6010037C6010057C60100A0F1690149
S21401C4B8C9B20F293FF623AF012249F2410C8A403F
S21401C4C812EA0C0218D10A2900F0158107297FF40F
S21401C4D816AF43F0210305930823CDE90343102340
S21401C4E8CDE9012356F8043B2A46009358464B46A5
S21401C4F80A991AF0CAFFA8E06F2800F05E8110D9E1
S21401C508782808D1102223F00C0310E0582839D0D7
S21401C518622800F054810A2223F01003642806D00A
S21401C528F1E769284FF00A0223F01003F6D15905FE
S21401C53848BF23F00103692803F4007101D0642879
S21401C54840D111B3073626F00706B24670685AF886
S21401C558081BCDE9077300230593C30F0028029330
S21401C56806940B46049202DA4B4260EB4000CDE992
S21401C57800304B462A4658460A991AF0C8FF05461F
S21401C5885646A6E643F02003BCE7D90506F1040A99
S21401C59804D5316805E000BFF572030058060CD5CE
S21401C5A83178CDE90224CDE9047300294FEAD17325
S21401C5B80193B8BF4942009120E01906E9D5B6F9BA
S21401C5C80010EEE779B1CDE907730023CDE904231E
S21401C5D806F1070A2AF0070A06940293FAE80223E4
S21401C5E8CDE90023C5E7D80506F1040A0DD5CDE93E
S21401C5F80473CDE902240191336800934B462A4619
S21401C60858460A991AF041FFB9E7590607D531780D
S21401C618CDE904730023CDE902240193CBE7316801
S21401C62813F0800F18BF89B2F2E743F02003CDE973
S21401C6380173073626F007060094B6EC020B4B4644
S21401C6482A4658460A99EAF7C3F8054641E600F02D
S21401C658DF00472801D143F40063CDE901730736AB
S21401C66826F007060094B6EC020B4B462A465846B7
S21401C6780A99E9F7F1FEE8E713F0020426D04FF02D
S21401C688010A6B1C0B932A464B460A9916F8040BAB
S21401C698D84774B354460B9A21E04B4620200A9992
S21401C6A8D8470AEB05020AF1010A5745F5D83A1E9A
S21401C6B818BF0122002A07F1FF3308BF002307F13C
S21401C6C8010A1D4408BF4FF0020ADAE7A246E8E766
S21401C6D8551C4B4620200A99D8472A460134BC42A5
S21401C6E8F6D3A7EB0A03574538BF00230B9A1A441B
S21401C6F80B920B9DEDE53246002C52F8046B14BFE5
S21401C70821464FF0FF310B9232463144107808B17A
S21401C718914211D1A2EB060A13F480620C9202D060
S21401C728A24528BFA24613F002030D931BD1AAEB1C
S21401C73805032A460F9308E00132E7E7531C0E93D8
S21401C74820204B460A99D8470E9A0F9BD318BB420E
S21401C758F4D3A7EB0A03574538BF00230AF10102B1
S21401C7681D4403EB020AAB1B0E9304E01C464B4622
S21401C7782A460A99D8470E9BF51816F8010B28B1D0
S21401C7880C9B002BF3D0631E002CEFD10D9B93B1AD
S21401C7982A46AAEB050405E0561C4B4620200A99B2
S21401C7A8D84732461319BB42F6D3A7EB0A035745B7
S21401C7B838BF00231D440B9E8BE50822A3E6022200
S21401C7C8A1E600BF0FB41FB506AA52F8043B02A99A
S21401C7D80392009204484FF0FF32FFF76DFD05B053
S21401C7E85DF804EB04B07047B77503001FB5034640
S21401C7F800914FF0FF3203A90248FFF75DFD05B02F
S21401C8085DF804FBB77503001FB5CDE90201009377
S21401C81802A9134603484FF0FF32FFF74DFD05B056
S21401C8285DF804FBBF7503001FB5094B094A186874
S21401C838094B01A91860094B1360094A0192094A74
S21401C8481268CDE9022316F0F5FD05B05DF804FB84
S21401C85850670020D83C0020DC3C002044670020BC
S21401C8681B670400244F0020014B186816F0F6BD1C
S21401C8785067002038B5F1F7DBFC0446064D2B68F7
S21401C888D3F8B002F1F7C8FC286816F0FAFD20467E
S21401C898BDE83840F1F7C0BC5067002010B5234CFE
S21401C8A8EFF7B6FDEFF7C2FE236F012023F007036B
S21401C8B843F003032367EFF7E3FE1D4B00209B6A53
S21401C8C89B075EBF01221B4B9A62D4F8203123F0E6
S21401C8D8030343F00203C4F82031D4F8243123F0CB
S21401C8E8070343F00203C4F82431D4F8403123F097
S21401C8F8030343F00103C4F84031D4F8603123F050
S21401C908030343F00103C4F86031D4F8403223F03E
S21401C918030343F00103C4F84032D4F8003223F08D
S21401C928070343F00103C4F8003210BD008000502D
S21401C93800C0005000E00050064B1B681A7A022A15
S21401C94801D81AB97047032A00D070471B68024AF3
S21401C9581360704754670020244F00200022024BC2
S21401C9685A60DA601A607047284F002008B501F04F
S21401C97811FD0022014B1A7008BD00BF0B61002093
S21401C9880A4601491AF07FBED59004000A460149B5
S21401C9981AF079BED09004000A4601491AF073BE0F
S21401C9A8C99004000A4601491AF06DBEC6900400F3
S21401C9B80A4601491AF067BEC39004000A460149AF
S21401C9C81AF061BEBE9004000A4601491AF05BBE21
S21401C9D8B99004000A4601491AF055BEB4900400FD
S21401C9E80A4601491AF04FBEAD90040081F0004195
S21401C9F802E000BF83F0004330B54FEA41044FEA36
S21401CA08430594EA050F08BF90EA020F1FBF54EAD0
S21401CA18000C55EA020C7FEA645C7FEA655C00F06C
S21401CA28E2804FEA5454D4EB5555B8BF6D420CDD3D
S21401CA382C4480EA020281EA030382EA000083EAC0
S21401CA48010180EA020281EA0303362D88BF30BD60
S21401CA5811F0004F4FEA01314FF4801C4CEA1131B6
S21401CA6802D0404261EB410113F0004F4FEA033315
S21401CA784CEA133302D0524263EB430394EA050FA0
S21401CA8800F0A780A4F10104D5F1200E0DDB02FA0F
S21401CA980EFC22FA05F2801841F1000103FA0EF2A3
S21401CAA8801843FA05F359410EE0A5F120050EF169
S21401CAB8200E012A03FA0EFC28BF4CF0020C43FA9A
S21401CAC805F3C01851EBE37101F0004507D54FF0A7
S21401CAD8000EDCF1000C7EEB00006EEB0101B1F5F7
S21401CAE8801F1BD3B1F5001F0CD349085FEA30003D
S21401CAF84FEA3C0C04F101044FEA445212F5800F48
S21401CB0880F09A80BCF1004F08BF5FEA500C50F1E4
S21401CB18000041EB045141EA050130BD5FEA4C0CC7
S21401CB28404141EB0101013C28BFB1F5801FE9D224
S21401CB3891F0000F04BF01460020B1FA81F308BF47
S21401CB482033A3F10B03B3F120020CDA0C3208DD13
S21401CB5802F1140CC2F10C0201FA0CF021FA02F1EE
S21401CB680CE002F11402D8BFC2F1200C01FA02F15E
S21401CB7820FA0CFCDCBF41EA0C019040E41AA2BF83
S21401CB8801EB0451294330BD6FEA04041F3C1CDA4B
S21401CB980C340EDC04F11404C4F1200220FA04F06B
S21401CBA801FA02F340EA030021FA04F345EA030115
S21401CBB830BDC4F10C04C4F1200220FA02F001FAD7
S21401CBC804F340EA0300294630BD21FA04F0294659
S21401CBD830BD94F0000F83F4801306BF81F48011F2
S21401CBE80134013D4EE77FEA645C18BF7FEA655C65
S21401CBF829D094EA050F08BF90EA020F05D054EA37
S21401CC08000C04BF1946104630BD91EA030F1EBF3B
S21401CC180021002030BD5FEA545C05D1400049413F
S21401CC2828BF41F0004130BD14F580043CBF01F532
S21401CC38801130BD01F0004545F0FE4141F4700118
S21401CC484FF0000030BD7FEA645C1ABF19461046F3
S21401CC587FEA655C1CBF0B46024650EA013406BFF4
S21401CC6852EA033591EA030F41F4002130BD00BFB3
S21401CC7890F0000F04BF0021704730B54FF4806470
S21401CC8804F132044FF000054FF0000150E700BFF1
S21401CC9890F0000F04BF0021704730B54FF4806450
S21401CCA804F1320410F0004548BF40424FF000013D
S21401CCB83EE700BF42004FEAE2014FEA31014FEA80
S21401CCC802701FBF12F07F4393F07F4F81F06051CF
S21401CCD8704732F07F4208BF704793F07F4F04BF1A
S21401CCE841F40021704730B54FF4607401F00045F7
S21401CCF821F000411CE700BF50EA010208BF704757
S21401CD0830B54FF000050AE050EA010208BF704747
S21401CD1830B511F0004502D5404261EB41014FF4B0
S21401CD28806404F132045FEA915C3FF4D8AE4FF0B8
S21401CD3803025FEADC0C18BF03325FEADC0C18BF9B
S21401CD48033202EBDC02C2F1200300FA03FC20FAEC
S21401CD5802F001FA03FE40EA0E0021FA02F1144439
S21401CD68BDE600BF70B54FF0FF0C4CF4E06C1CEA52
S21401CD7811541DBF1CEA135594EA0C0F95EA0C0FC3
S21401CD8800F0DEF82C4481EA030621EA4C5123EA36
S21401CD984C5350EA013518BF52EA033541F4801165
S21401CDA843F4801338D0A0FB02CE4FF00005E1FB18
S21401CDB802E506F00042E0FB03E54FF00006E1FB62
S21401CDC803569CF0000F18BF4EF0010EA4F1FF04A5
S21401CDD8B6F5007F64F5407404D25FEA4E0E6D41E5
S21401CDE846EB060642EAC62141EA55514FEAC520F6
S21401CDF840EA5E504FEACE2EB4F1FD0C88BFBCF572
S21401CE08E06F1ED8BEF1004F08BF5FEA500E50F122
S21401CE18000041EB045170BD06F0004646EA0101E8
S21401CE2840EA020081EA0301B4EB5C04C2BFD4EB1A
S21401CE380C0541EA045170BD41F480114FF0000E13
S21401CE48013C00F3AB8014F1360FDEBF002001F081
S21401CE58004170BDC4F10004203C35DA0C341BDCFB
S21401CE6804F11404C4F1200500FA05F320FA04F0CD
S21401CE7801FA05F240EA020001F0004221F0004101
S21401CE8810EBD37021FA04F642EB06015EEA430E74
S21401CE9808BF20EAD37070BDC4F10C04C4F12005A4
S21401CEA800FA04F320FA05F001FA04F240EA020057
S21401CEB801F0004110EBD37041F100015EEA430E28
S21401CEC808BF20EAD37070BDC4F1200500FA05F248
S21401CED84EEA020E20FA04F301FA05F243EA0203C7
S21401CEE821FA04F001F0004121FA04F220EA0200D6
S21401CEF800EBD3705EEA430E08BF20EAD37070BD1C
S21401CF0894F0000F0FD101F00046400041EB0101FB
S21401CF1811F4801F08BF013CF7D041EA060195F0DD
S21401CF28000F18BF704703F00046520043EB030397
S21401CF3813F4801F08BF013DF7D043EA0603704784
S21401CF4894EA0C0F0CEA135518BF95EA0C0F0CD08F
S21401CF5850EA410618BF52EA4306D1D181EA0301D5
S21401CF6801F000414FF0000070BD50EA410606BFCF
S21401CF781046194652EA430619D094EA0C0F02D114
S21401CF8850EA013613D195EA0C0F05D152EA033659
S21401CF981CBF104619460AD181EA030101F0004177
S21401CFA841F0FE4141F470014FF0000070BD41F0C0
S21401CFB8FE4141F4780170BD70B54FF0FF0C4CF49A
S21401CFC8E06C1CEA11541DBF1CEA135594EA0C0FB9
S21401CFD895EA0C0F00F0A7F8A4EB050481EA030E06
S21401CFE852EA03354FEA013100F088804FEA0333ED
S21401CFF84FF0805545EA131343EA12634FEA0222BB
S21401D00845EA111545EA10654FEA00260EF000417B
S21401D0189D4208BF964244F1FD0404F5407402D2CD
S21401D0285B084FEA3202B61A65EB03055B084FEA5E
S21401D03832024FF480104FF4002CB6EB020E75EB5B
S21401D048030E22BFB61A754640EA0C005B084FEA83
S21401D0583202B6EB020E75EB030E22BFB61A754600
S21401D06840EA5C005B084FEA3202B6EB020E75EB4B
S21401D078030E22BFB61A754640EA9C005B084FEAC3
S21401D0883202B6EB020E75EB030E22BFB61A7546D0
S21401D09840EADC0055EA060E18D04FEA051545EABF
S21401D0A816754FEA06164FEAC30343EA52734FEA68
S21401D0B8C2025FEA1C1CC0D111F4801F0BD141EAE1
S21401D0C800014FF000004FF0004CB6E711F4801F46
S21401D0D804BF01430020B4F1FD0C88BFBCF5E06F26
S21401D0E83FF6AFAEB5EB030C04BFB6EB020C5FEA36
S21401D0F8500C50F1000041EB045170BD0EF0004E8B
S21401D1084EEA113114EB5C04C2BFD4EB0C0541EABC
S21401D118045170BD41F480114FF0000E013C90E6B9
S21401D12845EA060E8DE60CEA135594EA0C0F08BF7D
S21401D13895EA0C0F3FF43BAF94EA0C0F0AD150EA7C
S21401D14801347FF434AF95EA0C0F7FF425AF10460F
S21401D15819462CE795EA0C0F06D152EA03353FF437
S21401D168FDAE1046194622E750EA410618BF52EAB4
S21401D17843067FF4C5AE50EA41047FF40DAF52EA88
S21401D18843057FF4EBAE12E74FF0FF3C06E000BF25
S21401D1984FF0010C02E000BF4FF0010C4DF804CD32
S21401D1A84FEA410C7FEA6C5C4FEA430C18BF7FEAF2
S21401D1B86C5C1BD001B050EA410C0CBF52EA430C20
S21401D1C891EA030F02BF90EA020F0020704710F1A0
S21401D1D8000F91EA030F58BF994208BF90422CBF2F
S21401D1E8D8176FEAE37040F0010070474FEA410C28
S21401D1F87FEA6C5C02D150EA013C07D14FEA430C46
S21401D2087FEA6C5CD6D152EA033CD3D05DF8040BB6
S21401D218704700BF8446104662468C4619466346E8
S21401D22800E000BF01B5FFF7B7FF002848BF10F1BF
S21401D238000F01BD4DF808EDFFF7F4FF0CBF012004
S21401D24800205DF808FB00BF4DF808EDFFF7EAFF80
S21401D25834BF012000205DF808FB00BF4DF808ED3B
S21401D268FFF7E0FF94BF012000205DF808FB00BF30
S21401D2784DF808EDFFF7CEFF94BF012000205DF8BA
S21401D28808FB00BF4DF808EDFFF7C4FF34BF0120C7
S21401D29800205DF808FB00BF4FEA410212F50012B4
S21401D2A815D211D56FF47873B3EB625212D94FEADF
S21401D2B8C12343F0004343EA505311F0004F23FAC9
S21401D2C802F018BF404270474FF00000704750EA1E
S21401D2D8013005D111F0004008BF6FF000407047DB
S21401D2E84FF00000704700BF4A0011D212F5001235
S21401D2F811D20DD56FF47873B3EB62520ED44FEAA0
S21401D308C12343F0004343EA505323FA02F070471F
S21401D3184FF00000704750EA013002D14FF0FF305D
S21401D32870474FF00000704753B94AB9002908BF43
S21401D33800281CBF4FF0FF314FF0FF3000F08CB9CA
S21401D348ADF1080C6DE904CE00F006F8DDF804E04E
S21401D358DDE9022304B070472DE9F04F099D0E461A
S21401D36804460F46002B47D18A429446B2FA82F306
S21401D3785AD943B102FA03FCC3F120029F409C40EC
S21401D38820FA02F217434FEA1C461FFA8CFE220CBB
S21401D398B7FBF6F106FB117701FB0EF042EA0742EE
S21401D3A8904208D91CEB020201F1FF3702D29042E3
S21401D3B800F23C813946121AA4B2B2FBF6F006FB1B
S21401D3C8102200FB0EFE44EA0244A64508D91CEBCF
S21401D3D8040400F1FF3202D2A64500F22A81104663
S21401D3E840EA0140A4EB0E0400211DB1DC400023F5
S21401D3F8C5E90043BDE8F08F8B4205D90DB1C5E9F3
S21401D408000100210846F5E7B3FA83F100294FD158
S21401D418B342C0F00281824240F2FF800846002DE6
S21401D428E8D0C5E90047E5E7002B40F0AF808A1A47
S21401D4384FEA1C4E1FFA8CF70121B2FBFEF60EFBD3
S21401D4481620220C42EA004207FB06F090420FD94A
S21401D4581CEB020206F1FF382CBF4FF001094FF012
S21401D4680009904203D9B9F1000F00F0DC80464666
S21401D478121AA4B2B2FBFEF00EFB102200FB07F74D
S21401D48844EA0244A7420FD91CEB040400F1FF3218
S21401D4982CBF4FF0010E4FF0000EA74203D9BEF184
S21401D4A8000F00F0C9801046E41B40EA06409CE7DE
S21401D4B8C1F120048B4006FA01FC00FA01FE22FAAB
S21401D4C804F7E6408A401F4320FA04F34FEA174858
S21401D4D843EA0C031FFA87FC4FEA1349B6FBF8F038
S21401D4E808FB106649EA064600FB0CF9B1450ED959
S21401D4F8BE1900F1FF3A2CBF4FF0010B4FF0000B9D
S21401D508B14503D9BBF1000F00F0A2805046A6EB47
S21401D51809061FFA83F9B6FBF8F308FB136603FB43
S21401D5280CFC49EA0646B4450ED9BE1903F1FF3884
S21401D5382CBF4FF001094FF00009B44503D9B9F1E2
S21401D548000F00F08280434643EA0040A6EB0C0633
S21401D558A0FB028C66454346E14602D307D1C64581
S21401D56805D2B8EB02036CEB070C0138E1465DB156
S21401D578BEEB030266EB090606FA04F422FA01F387
S21401D588CE401C43C5E90046002133E702FA03FCF6
S21401D598C3F1200299409C40D6404FEA1C4E20FA1F
S21401D5A802F21FFA8CF7B6FBFEF00A430EFB106672
S21401D5B8110C41EA064100FB07F68E420ED91CEB18
S21401D5C8010100F1FF382CBF4FF001094FF00009A7
S21401D5D88E4202D9B9F1000F34D04046891B92B267
S21401D5E8B1FBFEF60EFB161142EA014206FB07F1F5
S21401D5F891420ED91CEB020206F1FF382CBF4FF000
S21401D60801094FF00009914202D9B9F1000F16D06D
S21401D6184646521A46EA00410FE7841A66EB0302A9
S21401D62801201746FBE6023E624421E702396244BE
S21401D638C1E664440238D3E66444023834E7023E5D
S21401D6486244E6E702386144C8E7023B3E447BE7AA
S21401D65802383E445BE700BF704700BF2DE9F04F34
S21401D668924685B089461E460D46554A0390294678
S21401D67815F8014B135D13F00803F8D12D2C7CD057
S21401D6882B2C4ED04FF0FF3102936FF00043CDE9BB
S21401D698001336F0100851D037464FEAE6783A4676
S21401D6A84346DDE90001FFF73FFE002383468E4629
S21401D6B818461946A44613E0ACF13704A6421FDD06
S21401D6C8002B09DB83457EEB010305D38E4508BF96
S21401D6D883453BD1A24239DA4FF0FF3315F801CB27
S21401D6E8ACF13004092CE9D9ACF14104192CE3D981
S21401D6F8ACF16104192C03D8ACF15704A642DFDC5F
S21401D7085A1C2FD0029A12B1404261EB4101BAF17C
S21401D718000F03D0002B48D1CAF8009005B0BDE829
S21401D728F08F4FF0FF30029336F010086FF0004389
S21401D7382C7801F10205CDE90003ADD1302C25D0B6
S21401D748002E3AD10A27B0463E46A8E700FB08F362
S21401D75807FB0133A0FB07010B44201843EBE471D8
S21401D7680123BBE72223039A1360BAF1000F17D0EF
S21401D77805F1FF39DDE90001CEE74FF000470093D8
S21401D78801232C788D1CCDE9017382E72B7803F0F1
S21401D798DF03582B0CD086B90827B0463E467EE7ED
S21401D7A8DDE9000105B0BDE8F08FCDE90001DFE74E
S21401D7B810276C7802353E4671E710273E466EE71D
S21401D7C8DD9004004AE700BF10B4044C13460A462D
S21401D7D8014620685DF8044B40E700BF84670020D7
S21401D7E810B4044C13460A46014620685DF8044BFB
S21401D7F834E700BF8467002020F0030110F003001F
S21401D808C0F1000051F8043B00F1040C4FEACC0CBF
S21401D8186FF000021CBF22FA0CF213434FF0010C02
S21401D8284CEA0C2C4CEA0C4CA3EB0C0222EA030241
S21401D83812EACC1204BF51F8043B0430F4D0C2F10A
S21401D848000102EA0102B2FA82F2C2F11F0200EBFB
S21401D858D20070472DE9F04780460C4645482646D3
S21401D86814F801EB10F80EC01CF0080CF7D1BEF145
S21401D8782D0F5BD0BEF12B0F3AD0654633F0100062
S21401D8883ED04FF0FF379A46B7FBF3F703FB07F98D
S21401D8986FEA0909002630460EE0AEF1370C6345FB
S21401D8A81DDD002E04DBB84202D833D1CC4531DD6C
S21401D8B84FF0FF3614F801EBAEF1300CBCF1090F4E
S21401D8C8EDD9AEF1410CBCF1190FE6D9AEF1610CF8
S21401D8D8BCF1190F03D8AEF1570C6345E1DC731C94
S21401D8E81CD005B140420AB1F6B91160BDE8F0870F
S21401D8F833F0100094F800E0654606F10204C0D142
S21401D908BEF1300F17D06BBB0A234FF005091A4F2B
S21401D9189A46BFE700FB0AC00126CBE7222330461A
S21401D928C8F80030002AE1D0611EDEE794F800E06E
S21401D9380125B41CA2E7207800F0DF00582807D09C
S21401D94883B908234FF007096FF060479A46A1E7A5
S21401D958102394F801E04FF00F0902346FF0704776
S21401D9689A4697E710234FF00F096FF070479A46CB
S21401D97890E700BFDD900400999999196AE700BFFE
S21401D98810B4044C13460A46014620685DF8044B59
S21401D99860E700BF8467002010B4044C13460A46AB
S21401D9A8014620685DF8044B54E700BF84670020F1
S21401D9B80F4B70B50F4DAB42A3EB050607D0B6105B
S21401D9C80024013455F8043B9847A642F9D80A4D75
S21401D9D81FF002F8094B5E1BAB424FEAA60606D0BB
S21401D9E80024013455F8043B9847A642F9D870BD7F
S21401D9F81C6B00201C6B00201C6B0020206B002079
S21401DA0870B5860747D0541E002A3ED0CAB20346D0
S21401DA1801E0013C39D303F8012B9D07F9D1032C0A
S21401DA282CD9CDB20F2C05EB052505EB054535D9C7
S21401DA38A4F1100C03F1100E1A462CF00F064FEA4B
S21401DA481C1CB644C2E90055C2E90255103272459B
S21401DA58F8D10CF1010214F00C0F04F00F0C03EBD3
S21401DA68021213D0ACF1040323F003030433134466
S21401DA7842F8045B9342FBD10CF003042CB1C9B203
S21401DA881C4403F8011BA342FBD170BD6446134630
S21401DA98002CF4D1F9E703461446C0E71A46A44613
S21401DAA8E0E700BF88420ED98B1883420BD900EBFA
S21401DAB8020C002A6ED0624613F801CD994202F88C
S21401DAC801CDF9D170470F2A0FD8034602F1FF3C62
S21401DAD8002A5FD00CF1010C013B8C4411F8012B94
S21401DAE8614503F8012FF9D1704740EA01039B0706
S21401DAF851D1A2F1100301F1200C70B523F00F05E6
S21401DB0801F1100E00F110041B09AC445EF8105C1C
S21401DB180EF1100E103444F8205C5EF81C5C44F8D4
S21401DB281C5C5EF8185C44F8185C5EF8145CE64504
S21401DB3844F8145CEAD1013312F00C0F02F00F0C12
S21401DB4801EB031100EB031329D0ACF1040C1C1FE5
S21401DB588E462CF003064FEA9C0C1E445EF8045BC6
S21401DB6844F8045FB442F9D10CF1010402F003024F
S21401DB7803EB840301EB840102F1FF3C4AB10CF18B
S21401DB88010C013B8C4411F8012B614503F8012F68
S21401DB98F9D170BD704702F1FF3C03469AE7624629
S21401DBA8EAE700BF2DE9F04F82468E463F487546A4
S21401DBB81EF801BB10F80B4014F00804F7D1BBF1AE
S21401DBC82D0F5BD0BBF12B0F6FF0004904BF9EF8F9
S21401DBD800B005F1020E33F0100010D1BBF1300F82
S21401DBE804D0002B5ED10A231F4609E09EF80000E8
S21401DBF800F0DF0058284ED0002B53D108231F46CB
S21401DC080025B9FBF7F6284607FB16980EE0ABF198
S21401DC18370C63451DDD002D04DB864202D321D176
S21401DC28E0451FDA4FF0FF351EF801BBABF1300CAB
S21401DC38BCF1090FEDD9ABF1410CBCF1190FE6D9CE
S21401DC48ABF1610CBCF1190F03D8ABF1570C634566
S21401DC58E1DC6B1C0AD004B140420AB1CDB91160AF
S21401DC68BDE8F08F07FB00C00125DDE72223CAF8CF
S21401DC7800305AB10EF1FF314846F0E79EF800B081
S21401DC884FF0004905F1020E0124A4E74846BDE815
S21401DC98F08F8146EEE710239EF801B00EF1020ED2
S21401DCA81F46ADE710231F46AAE700BFDD90040014
S21401DCB8242B02D8012B00D074E710B500F02EFAF9
S21401DCC816230360002010BD10B5242A084C1346FD
S21401DCD8246807D8012A05D00A4601462046BDE829
S21401DCE810405FE700F01AFA16230360002010BD03
S21401DCF88467002010B5242A084C1346246807D8E0
S21401DD08012A05D00A4601462046BDE8104049E7E3
S21401DD1800F004FA16230360002010BD8467002073
S21401DD28844641EA000313F0030349D1403A23D35A
S21401DD380B6803604B6843608B688360CB68C3607D
S21401DD480B6903614B6943618B698361CB69C36165
S21401DD580B6A03624B6A43628B6A8362CB6AC3624D
S21401DD680B6B03634B6B43638B6B8363CB6BC36335
S21401DD7840304031403ADBD230320BD30B68036077
S21401DD884B6843608B688360CB68C3601030103182
S21401DD98103AF3D20C3205D351F8043B40F8043B51
S21401DDA8043AF9D2043208D0D2071CBF11F8013B55
S21401DDB800F8013B01D30B8803806046704700BF1B
S21401DDC8082A13D38B07B1D010F00303AED0C3F1E2
S21401DDD80403D21ADB071CBF11F8013B00F8013B0C
S21401DDE8A4D331F8023B20F8023B9FE7043AD9D383
S21401DDF8013A11F8013B00F8013BF9D20B780370A0
S21401DE084B7843708B78837060467047024B0146A7
S21401DE18186816F0F5B800BF84670020024B014663
S21401DE28186816F0F0B800BF84670020CAB38446A5
S21401DE380B4630B504460843800719D09CF8000005
S21401DE480C78A04212D150B3012A28D0E64603E046
S21401DE581CEB030F23D010B31EF8010F11F8014F66
S21401DE68A2EB0E03A04203F1FF33F1D0001B30BD35
S21401DE78032A07D8E2E7043A11D01EF0803F0ED1F4
S21401DE88032A10D92068194653F8045BA446A0F162
S21401DE98013E0434A8422EEA000EECD0CEE700205C
S21401DEA830BD10467047A4461946C7E780EA010CFC
S21401DEB81CF0030F37D110F0030C20F0030021F0FB
S21401DEC8030150F8042B08BF51F8043B0ED08CF020
S21401DED8030C6FF07F434FEACC0C23FA0CFC51F885
S21401DEE8043B42EA0C0243EA0C0300BFA2F1013CE0
S21401DEF89A4201BF2CEA020C1CF0803F50F8042B12
S21401DF0851F8043BF2D04FEA02604FEA1222012888
S21401DF1828BFB0EB036F08BF1B0AF4D003F0FF035A
S21401DF28000EC01A704710F0030F0AD010F8012B24
S21401DF3811F8013B012A28BF9A42F4D0A2EB03004C
S21401DF4870474DF8045D50F8042B01F0030521F0E5
S21401DF58030151F8043B022D26D04DD822F07F4507
S21401DF68B5EB132FA2F1013C2CEA020C0DD11CF0E3
S21401DF78803C08BF51F8043B0AD185EA0205B5EB97
S21401DF88036F0CD150F8042BE8E74FEA13235BE044
S21401DF983CF07F4C54D10B784FEA126554E04FEAB7
S21401DFA8126503F0FF034FE04FEA0245A2F1013C78
S21401DFB84FEA15452CEA020CB5EB134F18D11CF0A5
S21401DFC8803C08BF51F8043B07D185EA0205B5EB4A
S21401DFD8034F09D150F8042BE6E75FEA0C4C2FD122
S21401DFE80B884FEA12452FE04FEA03434FEA1245E2
S21401DFF84FEA134328E000BF02F0FF05B5EB136FA5
S21401E008A2F1013C2CEA020C0DD11CF0803C08BFA1
S21401E01851F8043B0AD185EA0205B5EB032F0AD16C
S21401E02850F8042BE8E74FEA13630DE012F0FF0FF0
S21401E03806D051F8043B4FEA122523F07F4303E04C
S21401E0484FF0000020BC704705F0FF0203F0FF0008
S21401E058012828BF904204BF2D0A1B0AF4D0A2EB60
S21401E068000020BC704700BF08B5064B044613B134
S21401E078002100F0AFF8044B1B6803B1984720460F
S21401E08814F0B4FBDDE101007050002000230146C6
S21401E0981A46184600F048B8032A30B415D941EA9A
S21401E0A8000484460B46A40704D0541E0FE0043A25
S21401E0B8032A08D91946604653F8044B5CF8045BF2
S21401E0C8A542F4D0F1E760461946541E7AB1431EBC
S21401E0D80139021901E09A4209D013F8010F11F823
S21401E0E801CF6045F7D0A0EB0C0030BC704700208C
S21401E0F830BC704738B5074D074C2C1BA41005D00B
S21401E108013C55F8043D9847002CF9D1BDE8384044
S21401E1181EF068BC246B0020206B0020014B186899
S21401E128704700BF84670020F0B5264C83B00646CA
S21401E1380F46256805B36C681F2C3FDCA6B1D5F8D9
S21401E148880048B3D0F800114FF0010C40F824209D
S21401E158022E00EB84020CFA04FC4CEA0101C0F81A
S21401E1680011C2F8803010D0631C002002346B60A6
S21401E17845F8247003B0F0BD13491448216010B166
S21401E1880068C1F88800104DD5E7D0F8043143EA95
S21401E1980C03C0F80431E7E70D49CDE9002369B15E
S21401E1A84FF48470FFF732FE40B100216C68C0E975
S21401E1B84011DDE90023C5F88800C5E74FF0FF30B8
S21401E1C8D8E700BF0051002074500020000000006E
S21401E1D815DE01002DE9F04FDFF8B49083B0D9F8C9
S21401E1E8006096B3884601907568D6F888706C1EEC
S21401E1F82BD4013507F1800B06EB8505B8F1000F26
S21401E20826D173682A68013BA3423BD000232B60C2
S21401E218BAB1D6F804A05FB30123D7F80011A3401A
S21401E2280B4225D0D7F8040157F8241003422BD106
S21401E238019890477368D9F8002053451ED1B24219
S21401E2481CD1013C043D631CD8D103B0BDE8F08F56
S21401E2584FB15BF824304345D3D0013C043D621CE2
S21401E268F3D0002FF5D1013CEFD3013CFBD2ECE70C
S21401E27890477368D9F800205345E0D0002AE4D0C7
S21401E2881646B1E77460C3E708469047D2E700BF71
S21401E2980051002013B50446694619F0EBFA2046EA
S21401E2A819F02FFCFF28024606D020469DF80010DC
S21401E2B8EFF718F802B010BD0048FBE70080FFFF33
S21401E2C82DE9F0418AB001AC05460B462746194AA6
S21401E2D802F1200C264610685168083203C66245CA
S21401E2E83446F7D1002B08BF3B46002710681C466A
S21401E2F83060384603F10C0690B95FFA87F8424653
S21401E3082846218819F01FFD50B942462846E1885B
S21401E31819F02AFD20B942463146284619F036FD3D
S21401E3280137032F06F1080604F10204E4D10AB006
S21401E338BDE8F081F4910400F0B589B005460E46B3
S21401E34801F034FE044600BB01AC06F10C070FCF02
S21401E3580FC497E8070084E8070001A9284605F0D6
S21401E368F1FC2846311D19F0ACFF044648B9284689
S21401E378074901F05DFA044618B9284601F0E0FDA0
S21401E388044628463168FFF79BFF204609B0F0BDD2
S21401E398EC910400014919F0C0BA00BF39FF010029
S21401E3A870B5164E032804460D4633781ED023FA58
S21401E3B804F202F00102AA421DD053B10122A24082
S21401E3C8A54023EA02032B43DBB233704BB101208D
S21401E3D870BD2DB10A4B01201B6898473378EDE7CD
S21401E3E83570074B00201B689847F0E79A07DED080
S21401E3F803F0FC03E9E7002070BD00BF0D610020B3
S21401E40840530020F8B505460C461EF048F8104F54
S21401E41806463B7833B1012D04D01CB90D481CF0D3
S21401E42805FE3C7021462846FFF7BAFF0A4B04460C
S21401E4381B783BB93B782BB919F059FC10B1074B3F
S21401E4481B68984730461EF025F82046F8BD00BFE1
S21401E4580E610020145300200D610020D4670020AF
S21401E468054A0B46117831B100211170034A012182
S21401E47852681878104770470E610020D46700204C
S21401E48838B5074D04462B78834207D001F0B8FC0F
S21401E49820462C70BDE83840F0F7BCB938BD00BF3F
S21401E4A80C61002038B5044680B11DF0F8FF012143
S21401E4B8044608461CF02EFA01210B4A084615F0B8
S21401E4C873FE2046BDE838401DF0E4BF1DF0E7FFA7
S21401E4D80546214601201CF01DFA01202146024A64
S21401E4E815F062FE2846EDE7FF6704001B4B02297C
S21401E4F810B5187002D0032904D010BD184B1B782C
S21401E508002BFAD105F08CFB0028F6D04FF000520C
S21401E518144BC3F88020BFF34F8FBFF36F8F01F002
S21401E52847FC0028E9D001F03BFA0028E5D10E4B5C
S21401E5381C6834B123689847BDE81040002001F0F4
S21401E54853BC19F0E6F9094B18601EF094F8084B0D
S21401E5581860204601F034FCEEE700BFF26A00209E
S21401E5680C61002000E100E0645300203C530020C9
S21401E5783853002038B504460D4605F051FB80B1E6
S21401E5884FF00052124B1A6001F012FC48B9012DE7
S21401E59807D8012001F028FC0E4B1B6823B15B68E5
S21401E5A898470D4B1C7038BD1EF065F80B4B1A6862
S21401E5B8801A18601CF0E8FD4FF47A72084B1B6845
S21401E5C802FB003019F0A7F9012001F0F9FBE8E792
S21401E5D800E100E064530020F26A0020385300206E
S21401E5E83C530020F0B585B01DF059FF344D044664
S21401E5F82B7823B133481CF019FD002852D11CF0A2
S21401E6089FFD02AA03A919F05CFB0346002838D02F
S21401E61819F06BFB029B98421CD100202A4B0399E8
S21401E6281B682A4E9942307020D90027C91A01233F
S21401E63824482B70264A3346CDE900771DF0F7FFAC
S21401E648002837D1234A1378D90701D53178F9B18B
S21401E658204611E019F047FB029B984228D0002378
S21401E66818461949194A0968137003910121FFF7D9
S21401E67897FE002320462B701DF00CFF002005B0E6
S21401E688F0BD20462B701DF005FF212005B0F0BD1A
S21401E69803F0FE031370002BDAD10F4B1B68984763
S21401E6A82046E9E720461DF0F5FE0E2005B0F0BD30
S21401E6B80220B3E7032320462F703370F3E700BF29
S21401E6C80E6100201453002034530020F16A002004
S21401E6D869E401000D6100204053002070B51DF06B
S21401E6E8DEFE184D04462B7823BB174A17491370CC
S21401E6F8174B184A18481A60184A194E5A60F0F704
S21401E7082DF818491848F0F729F8184B8020336077
S21401E718EDF7E4FD052804BF154B3360154B5B6F19
S21401E72803F44073B3F5007F02BF0222124B1A604E
S21401E73801232B70F0F77AF920461DF0ABFE002076
S21401E74870BD00BF0F6100200E6100201892040002
S21401E758D4670020EDE50100045300200DE4010014
S21401E76840530020209204000C53002089E4010045
S21401E778ADE4010000400050345300202DE9F04379
S21401E7888F7880460F2F0C4685B003D9212005B017
S21401E798BDE8F08327B90123374A00201370F6E74E
S21401E7A80D784E78EDB9002EF0D194F90310E08873
S21401E7B802F00CFE2128E9D055EA0603A088DFF806
S21401E7C8C89013D002F066FE4FF60403B9F800208D
S21401E7D801469A424BD1AE42334638BF2B460026F5
S21401E7E82DE0082DD2D8082ED0D8DEE702F052FE4A
S21401E7F84FF6040501464FF60500204A136E9BB2F4
S21401E808AB4208BF0346B1F5803FA9F800300FD9DF
S21401E81802230825136680230126C2F880302B467A
S21401E82849084FF6FF720139914228BF114608E0A0
S21401E8388023012608251666C2F880302B46002953
S21401E848EFD1002202920122013FFFB20092019706
S21401E8582A4608F1F80002F0C7FC1EB14FF48012F0
S21401E868074B5A65074BA2681A60022394E70348C8
S21401E8780266A9F80030AEE71061002000C001B8B2
S21401E88800D001B84C530020786A002010B5044621
S21401E898D0F818210B4B4FF40061C3F8CC2090F840
S21401E8A82420D20102F4006205F0D6F894F8243048
S21401E8B813F0100F4FF4007314BF034A034A13648E
S21401E8C810BD00BF003E00B0001002B8002002B81C
S21401E8D8431C07D06FF0FF02034B10405A62A3F5A2
S21401E8E880535862704700BF00E000B8F8B5044688
S21401E8F80F4616461DF0D3FD0546A047044620B12F
S21401E90828461DF0C7FD2046F8BD04F05FFA04222C
S21401E9180549D1F8F03E23EA07033343C1F8F03E30
S21401E928024B1A64ECE700BF003000B0002002B8C2
S21401E93800F01803182B0AD003070AD440F2011373
S21401E94810F0100018BF1846034BD8677047002010
S21401E958FAE70120F8E700BF003F00B0044B18684B
S21401E968830654BFC0F30F204FF6FF70704700BFF1
S21401E978F053002038B10368044A002B08BF134639
S21401E988034A13607047014BFAE700BF6979030031
S21401E998E067002010B4D0E9524122400B4052EA09
S21401E9A8030104D003495DF8044B096808475DF87C
S21401E9B8044B7047E06700200F2938B505460C461A
S21401E9C80ED801F033FA01280CD1074A2846936E6F
S21401E9D823F00F032343936619F0E7F9002038BDA7
S21401E9E82120FCE70220FAE7003F00B0014BD86E71
S21401E9F8704700BF003F00B0014B0020D966704742
S21401EA08003F00B003282DE9F347884655D82C4B1C
S21401EA1813F800902B4B1E5C2B4B13F800A01DF02F
S21401EA283EFD074604F01EF9054640B100230022C4
S21401EA38CDE9003301200023002103F03FFF04F055
S21401EA4819F948B100230022CDE90033002000233C
S21401EA584FF4004103F032FF6EB31C4BDC6C04F03C
S21401EA6808041B4B3146DC64484604F00DFA52464E
S21401EA783146484604F096FA164BDC646DB1164BDF
S21401EA881868D0F89010F83003F008F813490868A9
S21401EA98FFF71EFF4FF0FF330B60B8F1000F04D0ED
S21401EAA80F4B002103205B689847384602B0BDE843
S21401EAB8F0471DF0EFBC3446D3E702B0BDE8F08757
S21401EAC8309204002C92040028920400004000B8FA
S21401EAD8006000B8005000B8FC530020DC67002036
S21401EAE8D46700200F4A136C13F0A00F15D1506C91
S21401EAF810F0040013D10C4BD3F8F03E23F07F43FB
S21401EB0823F0FF035BB1D368C3F30362092A07D076
S21401EB18B2F10C0018BF0120704700207047012091
S21401EB28704700BF000002B8003000B070B50D464F
S21401EB38064620B91A4B1B68A3B10E2011E001F056
S21401EB4875F9012829D1174B93F90040C4F1270418
S21401EB58641BC4F11C03002BB8BF5B42232B0CDDDE
S21401EB68212070BDA1F10B03002BB8BF5B42232BFC
S21401EB78F6DC0C4B19700020F3E786F826501DF0DA
S21401EB888EFC094AE402136A04F4FF2423F4FF23E3
S21401EB981C4314621DF07EFCEDE70220E1E700BF8E
S21401EBA8FC5300201161002000C000B818B9034BBF
S21401EBB893F90000704790F926007047116100200C
S21401EBC810B5FFF763FE03F0A7FB1DF068FC0A4AC1
S21401EBD80121D2F8C83E044623F02003C2F8C83EF5
S21401EBE80222064B08469A60054B5B689847204602
S21401EBF81DF050FC002010BD003000B0001002B817
S21401EC08D4670020094B08465A6A91020BD4D3F8F8
S21401EC180021D20708D4D3F8803013F4706F14BFDC
S21401EC280120002070470120704700BF004001B84E
S21401EC38F8B50D46D0F8903002EA010423EA01033C
S21401EC482343C0F890303D4A01F00B0323EA040140
S21401EC58D1642340A2F580526F070646D36410D5C7
S21401EC680121FFF7CFFF60B104F0B0F84FF400734D
S21401EC7814F0040F14BF324A324A53620422324B4C
S21401EC881A64E90606D514F0100F14BF00221B22D9
S21401EC982E4B5A652A061DD5230616D54FF40012A3
S21401ECA8274B1A62012203F58053C3F800211DF091
S21401ECB8F6FB0E210746032002F040FE40F2012231
S21401ECC8224B3846DA621DF0E5FB214606F1F800CC
S21401ECD802F0E4FEEF0503D5E00529D502F0FEFDB6
S21401ECE8A90503D5A20526D502F004FE15F0600F86
S21401ECF809D0D6F8E410304618F033FE8022144BBB
S21401ED089867144B1A612B0510D504F05FF8124A60
S21401ED1814F4006FD2F8F03E14BF43F0006323F0FA
S21401ED280063C2F8F03E0422074B1A640020F8BDBF
S21401ED3802F0CEFDD4E702F0D7FDD7E7006000B8B1
S21401ED48005001B8006001B8002002B8004000B8C1
S21401ED58003F00B0000002B8003000B0014B186850
S21401ED68704700BF5853002037B51DF098FB0024A4
S21401ED7801230022CDE90034002305461946104632
S21401ED8803F09CFD022002F003F9064B21461C60A5
S21401ED98054B02205B68984728461DF07BFB2046FA
S21401EDA803B030BD60530020D46700202DE9FF4131
S21401EDB802290D4616469846039004D1FFF7D4FF5C
S21401EDC804B0BDE8F0811DF06AFB1E4F04463B689F
S21401EDD83BB1B34205D01DF05DFB002321203B600B
S21401EDE8EEE7194B0022C3F800803E600023012697
S21401EDF84FF0000810461946CDE9006603F05EFD9F
S21401EE08124B022083F8008002F0C2F843462A46D5
S21401EE18022003A902F0DAF80D4B039A1A6008B922
S21401EE282046D8E70B4D2B689847212804D0204662
S21401EE381DF030FB0020C3E731466B680220984777
S21401EE48F5E700BF605300205C53002013610020E3
S21401EE5858530020D4670020044B5B6E5B054EBFF9
S21401EE680120034B187800F00100704700C001B874
S21401EE78136100200A78022A11D0101F424242412B
S21401EE8852004B781201022B0BD0191F4B424B41F3
S21401EE985B000549054842EA8312FFF727BD0122B0
S21401EEA8EFE70123F5E700BFF0FFFF007DFE010055
S21401EEB80B78022B10D0181F434243415B004A7857
S21401EEC8022A0BD0111F4A424A4152000F21044818
S21401EED843EA8202FFF70ABD0123F0E70122F5E7BC
S21401EEE8A9FE01002DE9F8430E780446042E0D46C6
S21401EEF890F824810BD100275FFA87F9484601F07C
S21401EF08BBFC08B14E4602E00137042FF4D1304667
S21401EF1801F0B2FC002849D094F82431B34209D153
S21401EF28AA88D4F8A4309A4204D16A88B4F826315B
S21401EF389A4238D084F82461AB883046A4F8283140
S21401EF486B88A4F82631AB8804F59275C4F8A4300A
S21401EF58FF2384F8293018F0A6FF84F828002846ED
S21401EF6801F04AFC18BB284601F07CFCF8B9D4F835
S21401EF78E03053B194F82411414506D02046B3F940
S21401EF881220EEF737F984F82D01204601F0B8FC77
S21401EF980949A4F828010123084AD1F8FC1004F10C
S21401EFA8F80003F083FA0020BDE8F88321200C233B
S21401EFB884F82431F8E700BF004F00B0A43F00B042
S21401EFC870B5054690F824010C460C281FD0FF2979
S21401EFD801D1212070BD1AB14FF0FF320D4B1A60D6
S21401EFE818F061FF064695F8240101F07BFC84427F
S21401EFF828BF0446E4B2B44238BF3446E0B285F8C6
S21401F008290001F079FDFF28E3D00020E2E702207D
S21401F018E0E700BFE467002010B590F82431044605
S21401F0280C2B44D0D0F8E03080F82810DBB3D0F8A9
S21401F038F020D2B990F82D318B421CD300222046FD
S21401F048FFF7BEFF48BB1B4B1B7813F0FD0F23D100
S21401F058204601F055FC18490123184AD1F8FC103E
S21401F06804F1F80003F022FA16E0B0F94020B3F9EB
S21401F07812309A42E2DD0022204694F82D11FFF75D
S21401F0889FFF50B9C4F8E000204619F0B6F84FF6CD
S21401F098FF739842014601D1002010BD2046BDE805
S21401F0A8104004F077BFFF2380F82930F4E70220E8
S21401F0B8F3E700BF7C6A0020004F00B0A43F00B011
S21401F0C8F0B51D46144B04461B780F46164685B008
S21401F0D85BB1D0F8E030E3B102AAB3F9123000927E
S21401F0E8002214F076F905B0F0BD02A918F0C2FBAB
S21401F0F89DF808103A462046EEF77CF8014626B9F0
S21401F1082A462046FFF75CFFEDE72046FFF784FF17
S21401F118E9E71846E7E700BFD7690400D0F8983052
S21401F128012B01D10020704770B5054650498EB0B5
S21401F13818F00CFFD5F8E0600146AC8DC5F8E40080
S21401F14826B1336813B15B68002B6BD11DF0A7F9A4
S21401F1581DF0A0F90123D5F8E4108DF80E30B38917
S21401F168D6E90120E31A9BB200FB03224148ADF819
S21401F1780C3003680292994207D0284618F0F1FB32
S21401F18880223D493D4B88671A613D4C3B4E00F055
S21401F1984DFE0128FBD1236CD907F8D4336CDA016C
S21401F1A8F5D4D5F8E41028460D919DF80E2002995D
S21401F1B808AB02F037FE002831D100F037FE0128EF
S21401F1C8FBD12E4A2E49136CDB01FCD40B6CDE07EF
S21401F1D8F9D408A901A803F047F800BBAA8D294B62
S21401F1E85A6495F8243060F3410385F8243018F002
S21401F1F801FED5F8E03002465B691968431EDBB2AA
S21401F208FD2B049114D9CC1C12D91F4B01311B6854
S21401F21815D0D81C10D8284604A904930AE0022061
S21401F2280EB070BD1A68032A90D99B6A5B0E94E7E4
S21401F238284604A918F0C8FD00200EB070BDD91CD8
S21401F24804D8284604A9049318F0BEFDD5F84C3115
S21401F2589B0506D495F8243043F0020385F824303C
S21401F268EAE728464FF4803118F0F7FFE4E700BFD5
S21401F278FC4F00B048530020003F00B0000002B821
S21401F28800C002B8008001B8F067002010B50C462F
S21401F29819B118F055FD00B10434204602F0FAF809
S21401F2A8024B4042C3F8E00E002010BD003000B00B
S21401F2B8438E70B593420C4615461CD3436C8B425D
S21401F2C808BF00241DF0EBF84FF49C530B49064683
S21401F2D8CA68C2F30362D340DA0702D50B6C9B03F4
S21401F2E804D401222946204601F05CF830461DF078
S21401F2F8D1F8002070BD2120FCE700BF000002B84D
S21401F3082DE9F84F074615460B4611B92120BDE8E9
S21401F318F88F002AFAD0032905D8002201F0ACF9A3
S21401F32803460028F2D01C889A78B4F5804F02F07C
S21401F338070180F0CE80A1F1070C187993F805B083
S21401F348DE88DCF1000343EB0C0305292B7394BF1D
S21401F3580023C2F30013C2F3801C6B73930985F86C
S21401F36810C003F00203C2F3C00C43EA0C03C2F355
S21401F3784012E8746B74AA74D7F89030AE82D80637
S21401F38800F193800639012900F28F80B7F81290B0
S21401F398D7F81C8009F1FF394F4B083C04EA0904E9
S21401F3A85B6D18F804300021802B0CBF6FF07F03CB
S21401F3B8323B04F1010418BF5BB204EA0904AB73DB
S21401F3C8631D03EA09035A1CA96002EA090218F830
S21401F3D8022018F8036097F825A046EA022636B2F6
S21401F3E8BAF1000F5FD1F10456D5D7F8E43013B15E
S21401F3F81B68022B05D841F24D724C21002004F0FF
S21401F408F7FDD7F8E420C6F30B0392F82420DB00B7
S21401F4180AB1B3FBF2F39B4508D83BB1CBEB0B2BF8
S21401F428BBFBF3FB6FEA0B0B5FFA8BFAD7F8EC30F2
S21401F43823B1504695F90E1098478246013485F84F
S21401F4480FA004EA090418F80410013404EA0904B0
S21401F45818F80430013404EA090441EA032118F8CB
S21401F4680430013404EA090441EA034118F8043077
S21401F47841EA036116F4804305D0184BDB6EB3FAF4
S21401F48883F35B095B0038466A7C03F0CBF80623F6
S21401F4982860AB7100203AE718F804A04FEA4A0A38
S21401F4A85FFA8AFAC2E78A46C8E700230020EB73A8
S21401F4B80B4BDA69C2F30723120448BF63F0FF0354
S21401F4C85AB212F1800F1CBF323B5AB2AA730346D6
S21401F4D8DEE702201BE700BF004000B8003F00B08F
S21401F4E800C000B806238B7190F8253043B1054B50
S21401F4F8D3F8C4200B6802F01F0203EBC2030B60AB
S21401F50800207047003E00B011F5004F1FBF01F301
S21401F5180E01044BC1F30E01002014BF996421208B
S21401F528704700BF008001B8F8B504460E4619B901
S21401F53890F824305A0647D44FF6FF73218ED4F834
S21401F548E470994204D0354B1B680BB120469847A6
S21401F558334D2B68BB4255D0324B1B683BB11FB1AC
S21401F5683A68002A50D0BF68394620469847072788
S21401F578204601F0C5F9002E3AD004F0C7FA062055
S21401F588294B94F9262093F900302849C3F127031B
S21401F5989B1A0A6ADB0222F4FF2203F4FF231343B1
S21401F5A80B62D4F8E420224B2A60986701F01CFB12
S21401F5B8002501211F4A204B1170204683F88450EC
S21401F5C818F0F3FB2846F8BD4FF6FF71144DD0F836
S21401F5D8E4702A6866F386139742018680F8243019
S21401F5E817D0104B1B68002BB9D101F089F90727F2
S21401F5F812493B46124AD1F8FC1004F1F80002F011
S21401F60855FFBAE70127B3E7174620463946984714
S21401F618ADE701F075F90127EAE700BF545300206A
S21401F62848530020505300201161002000C000B844
S21401F638006000B812610020003F00B0004F00B023
S21401F648A43F00B0054A12681AB190F81E1119B9FC
S21401F6581047084602F092B9014870474453002003
S21401F66800FEFFFF334B2DE9F7431C6801F40079D0
S21401F67800F00103174653EA090206460D4632D042
S21401F6884FF0000823B30023002201200021CDE912
S21401F698008803F013F941462046FFF7D3FF0122FD
S21401F6A84146E085104618F05AFDD4F8901004F14A
S21401F6B8F80002F0F3F920490868FFF709F94FF056
S21401F6C8FF330B6094F8243043F0040384F82430A5
S21401F6D8B9F1000F07D00121204618F0BEFD25F428
S21401F6E8007506430D432B4632462046FFF752F96E
S21401F6F8FB070FD51149124A0868002113681160E3
S21401F7080121104A117003B198470F4B00210220BE
S21401F7185B68984717F00E0F08D04FF409723B2123
S21401F728002003B0BDE8F04304F062BC03B0BDE8B6
S21401F738F08300BFFC530020DC6700205C530020E8
S21401F7486053002013610020D467002008B55822B2
S21401F75800210648FEF754F91022FF210448FEF757
S21401F7684FF904F0D3F9002008BD00BFF43E00B0FD
S21401F778383F00B073B574210C236D22A0F814111C
S21401F788822180F824314FF6FF734FF0FF35C0E928
S21401F79841120026C0F8002164220446838580F8B9
S21401F7A82A301E4BC0E94322C36300F14803436471
S21401F7B81B4B80F82660C0E90C35C0F8A4500585B7
S21401F7C803F060FA2046FFF7C1FF94F92610204699
S21401F7D8FFF7ACF96023134A40F6FF71D3644FF084
S21401F7E83A4211631167104A2946D36440220F4BE7
S21401F7F820461A64D4F89020FFF71AFA0E2300223E
S21401F808CDE9003340F202231046194603F056F8B4
S21401F81801F046F8304602B070BD00BF0700FFFF92
S21401F828FFFF4000004000B8005000B8002002B8B2
S21401F83810B50C46FFF78AFFCCB1A378082B18D869
S21401F848E278082A15D843EA021313F0FF030CBF1F
S21401F85819466168084AC2F8F410217882F84811F6
S21401F868617882F84B3182F8491104F04FF900208B
S21401F87810BD2120FCE700BF003E00B0012A10B5EC
S21401F88812D8032B10D803EB82020123074C9340AE
S21401F89894F84A01DBB221B10343002084F84A31C7
S21401F8A810BD20EA0303F8E72120F9E7003E00B07F
S21401F8B8044BD3F8F03E13F0806F14BF23200020CA
S21401F8C8704700BF003000B00246F8B5B0F82841CE
S21401F8D800F1F805FFF7ECFF0B688E68013304BFEB
S21401F8E8D2F800310B604B68013304BFD2F80C31F3
S21401F8F84B60771C3BD1D2F80831CF688B607E1CF1
S21401F9083CD1D2F804610F69CE60013704BFD2F842
S21401F918F8700F614F69013704BFD2F8FC704F6168
S21401F9288F69013704BFD2F810718F618F6967BB81
S21401F938C0F1640408688C6110B16D2838BF6D2069
S21401F948C2F808314B68C2E94006C2E943340B697C
S21401F9582846C2F8F8304B690F49C2F8FC30D1F88E
S21401F968FC1007230D4A02F0A1FD0020F8BD04F1A2
S21401F9786D031B1AB34238BF3346BEE704F174065B
S21401F988361ABE4238BF3E46BDE76D34241ABC421D
S21401F99838BF3C46CEE700BF004F00B0A43F00B0DA
S21401F9A870B51CF07CFD05460B4E00F03FFA0128A9
S21401F9B805D028461CF06EFD0224204670BDF3686B
S21401F9C813F0706FF1D1F46814F08054EDD1284625
S21401F9D81CF060FDF1E700BF000002B838B51CF066
S21401F9E85EFD4FF6FF710A4A13888B4203D11CF05D
S21401F9F851FD0E2038BD074C074D1B046566A4F55E
S21401FA088054636611801CF045FD0020F2E700BFB4
S21401FA187A6A0020006001B80000FFFF2DE9F7436D
S21401FA2804460F4615461E46FFF75CF838B3A38A08
S21401FA382BB3204617F060FF78B9744BD3F8F02E35
S21401FA481EB10E2003B0BDE8F08302F03003102B80
S21401FA58F7D002F0C002402AF3D0DFF8E08102F0C6
S21401FA685BFCD8F81430DE07EBD51CF018FD06460B
S21401FA78032001F08BFB20B130461CF00BFD022061
S21401FA88E0E7D8F8142012F00608F5D130461CF045
S21401FA9801FD5E4B4FF400612046D3F8F09ED3F883
S21401FAA8D06E03F0EDFF40B14FF400720121584BC0
S21401FAB808461A64424618F052FB3946204604F0B6
S21401FAC869FA524BC3F8F09EC3F8D06E0028B9D134
S21401FAD894F82430980601D4002D57D0C5F3400079
S21401FAE803F03AF9022315F4807F1FBF494A002123
S21401FAF813644FF03A420BBF454A9161136453634E
S21401FB0803F064F94FF4806315F0040F14BF424AFA
S21401FB18424A15F0400F53624FF004023C4B284608
S21401FB281A644FF0400314BF3D4A3E4AC2F8883073
S21401FB38FEF7FEFE204618F009F838B14FF4807338
S21401FB4815F0010F14BF334A314A1364A90646D586
S21401FB584FF6FF72E38F93420FD0334A3349526E02
S21401FB68100CC2F301120132B3FBF2F308802A4AE1
S21401FB782A492F481B0448665366003D18BF0125CD
S21401FB8894F8243065F3451384F82430204618F099
S21401FB98D7F8F0B1204617F0D9FFD0B14FF40031AD
S21401FBA8204603F06DFF431C03229BB2214801A99E
S21401FBB818F066F99DF8042002F00703052B9DF856
S21401FBC8053015D112070DD443F480731A4AC2F8CA
S21401FBD8D830002003B0BDE8F04318F05EB9FFF74F
S21401FBE8FDFECAE713F0040F09D19DF80630EBE7CE
S21401FBF803F03002202A05D113F0010FF4E74FF481
S21401FC088073E3E79DF80630E0E700BF003000B0F8
S21401FC18002002B8001002B8005001B8006001B810
S21401FC2800D000B800E000B8004001B87A6A0020A9
S21401FC380000FFFF0C0000BA003E00B000C001B88B
S21401FC482DE9F3410646884615461F461CF027FC53
S21401FC580446032001F09AFA38B120461CF01AFC33
S21401FC680E24204602B0BDE8F081042001F08EFA89
S21401FC780028F2D120461CF00DFC01232A464146F5
S21401FC883046FFF7CBFE04460028EAD1DFF8C880E5
S21401FC985FB388F8000039463046FEF76FFD002846
S21401FCA84CD198F80030012B1CD02022244B1A6422
S21401FCB8244B9B6FB3F5817F1FD2012018F006F9FC
S21401FCC81CF0EDFB204B06461B680193CBB901F0EF
S21401FCD8DDFA15F0800526D101F01CFB284603F055
S21401FCE80FF825E003F022F8BBE798F80030012B5F
S21401FCF8F8D0002BD9D12124B3E78022134B1A61FF
S21401FD08DBE7042001F044F900230122042001A9BD
S21401FD1801F05CF90028DAD103F070F821243046A6
S21401FD281CF0B8FB9DE70022094B9A6701F0F2FA2E
S21401FD38084B01215B6800209847F0E7044690E7E6
S21401FD48001002B8003F00B04C530020000002B873
S21401FD5800C001B8D46700201061002008B50B4B1D
S21401FD68D3F84C114B1C10D011F080410DD1084B23
S21401FD781B6813B10320FEF745FE4FF08062054B62
S21401FD88DA6401225A6102229A6208BD0080E00FF5
S21401FD98FC530020001002B84FF40022034B186CE5
S21401FDA803F500531A64C0F3C0407047000002B858
S21401FDB8024B586900F00100704700BF00C001B847
S21401FDC8084B5A69D10707D508B901F0BDB85B6970
S21401FDD8DA0706D401F0AAB85B69DB0701D4002864
S21401FDE8F8D1704700C001B84FF0806310B1024ADD
S21401FDF853617047014AFBE7001002B8002002B8B9
S21401FE08202350B1064AC2F8F433064B196C11F098
S21401FE18010104D1032002F093BA034AF3E77047BD
S21401FE28001002B800C002B8002002B80F4BDB6809
S21401FE38C3F30363013B0B2B0FD8DFE803F0060679
S21401FE480C06060606080A08080802207047042059
S21401FE5870470520704703207047054B5B6913F010
S21401FE68060F0CBF01200420704700BF000002B82F
S21401FE7800C001B8094AD368C3F303630B2B08D043
S21401FE886FF49050184100F0010080F00100400026
S21401FE987047106C10F48030EDD17047000002B83E
S21401FEA80C4AD368C3F30363062B07D8042BD8B2CE
S21401FEB80BD8C31E5842584140007047072B06D13D
S21401FEC8D2F844010028ECD1704702207047002080
S21401FED8704700BF000002B8094BDB68C3F3036331
S21401FEE89A1E012A8CBF00220122012B02701EBF16
S21401FEF84FF4026222FA03F303F001030B70704712
S21401FF08000002B8094AD368C3F30363032B01D080
S21401FF18072B08D1536CDB0605D4906C80F00800DB
S21401FF28C0F3C00070470020704700BF000002B849
S21401FF38024B0022196817F0E6BE00BF7092040053
S21401FF4810B5FF224FF6FF71044617F0FCFE68B99C
S21401FF58FF224FF6FF71204617F006FF30B92046FC
S21401FF68BDE81040FF22024917F010BF10BD00BFC0
S21401FF783892040010B55B0743EA02439DF808204F
S21401FF8843EAC163520502F0BC621A43064942F4C9
S21401FF98C872044603F060FD002220461146FFF7AA
S21401FFA887F9002010BD00BF9007E12D37B50C4634
S21401FFB80546094A09490A4801F038FB94F82830E9
S21401FFC82846009394F82B3094F8292094F82A10A0
S21401FFD8FFF7D0FF03B030BDD4920400DC920400D2
S21401FFE8A492040008B5FFF78DFF88B1094BDA69BA
S21401FFF812030DD5186C10F4003009D19B6C13F060
S214020008100F4FF010030CBF034A044A936408BD4E
S2140200180220FCE7000002B8001002B8002002B86E
S214020028034610B500B3124AD16909031ED5546CAB
S214020038C4F38114032C15D0022C17D122460D497D
S214020048B1F8D40001F10061801A01F53571014456
S2140200581846FDF765FE064A0472926C120A427248
S214020068002010BD0822EAE72120FAE70220F8E776
S214020078000002B8003E00B00A68064B12F0802F55
S2140200881CBF42F20101C3F82812C3F88822C3F83B
S2140200988C227047004001B8F0B585B06C460E4613
S2140200A80B4B074615460FCB84E80F00094BD3F8CF
S2140200B84822009226B16B1EDBB2FD2B88BF326047
S2140200C82A462146384617F07FFE05B0F0BD00BF27
S2140200D8409204000080E00FF0B585B06E460D4BE6
S2140200E807460D460FCB86E80F0017F083FE31460B
S2140200F804460246384617F0C9FF4DB140B9FF2CF0
S2140201081BBF04AB03EB8404009B54F8103C2B6023
S21402011805B0F0BD4092040030B50823054685B008
S21402012880B9094AC2F8FC3351B96C46074B0FCB63
S21402013884E80F00064B2A4621461868FFF7ACFFEC
S21402014805B030BD034AEDE7001002B8509204002D
S214020158FC530020002002B84FF03A43D3F814218B
S214020168D2031ED54FF480320E49C1F81421A1F5E8
S2140201788051C1F818215A6DD1B2C2F30722C3F8CA
S214020188A410C3F8A4200422C3F8A4200022C3F8AB
S214020198A420C3F8A420C3F8A420C3F8A420C3F854
S2140201A8A4207047002000BAF0220B4B01219A6463
S2140201B8A022A3F580539A644FF03A43426CC3F8E0
S2140201C8F410FC21C3F8CC10C3F8D0204FF4005228
S2140201D8C3F8F020704700BF006000B8F8B50D46B7
S2140201E84FF03A44174606461CF059F901230421F3
S2140201F8074A6363E76026616561C2F81411054A17
S214020208C2F884311CF046F90DB102236363F8BDC7
S214020218002000BA00E100E02DE9F041054601247D
S214020228006800F00700063004FA00F3A868EC68D5
S2140202385E1EA04262D000EA060E6C6810441E4398
S2140202480640A3EB0E000EEB040C8242644618D955
S214020258D31A0EEB030298B1431E052B04D94B1C86
S214020268ACEB0303022B59D80B460844ACEB010E41
S21402027803EB0E0113F8014B83420C70F8D10146CA
S2140202886C688AB1531E052B01F1010302D9E01AE4
S214020298022812D80A44611E00E0013313F8010C42
S2140202A8934201F8010FF8D11CF0F9F80223AE6068
S2140202B8AB62BDE8F0411CF0EDB80B46204622F0D2
S2140202C8030E8E4453F804CB734540F804CBF9D199
S2140202D822F00303D01A920701EB030C04EB030780
S2140202E8E2D0CA5C0128E254DED09CF8013002282B
S2140202F87B70D9D09CF80230BB70D5E7042A35D972
S2140203080878043AA86148780431A86111F8020C02
S214020318A86111F8010CA861A8688CE70B4620F0C2
S21402032803070F44ACEB010E1C684EF80340043377
S214020338BB42F9D120F0030310F0030F01EB030EC2
S214020348A0EB03040CEB030728D011F80380012C5A
S2140203580CF8038022D09EF80130022C7B7018BF5E
S2140203689EF80230084418BFBB7088E7013A032A91
S21402037812D8DFE802F00F1507020B4613F8012B16
S2140203881946AA610A4612F8013BAB61114611F8F2
S214020398013BAB610B78AB61BDE8F08108446EE7C0
S2140203A80A46F3E738B50B46154601464FF03A4477
S2140203B868B101221048C4F8F4201A46FFF72CFF49
S2140203C825B14FF03A430422C3F8F42038BD73B17E
S2140203D8D4F8D8209A4284BF0122C4F8F4204FF0F9
S2140203E83A42C2F8D4300223C2F8F430E8E70123CE
S2140203F8C4F8F430E4E700BFCC0000BA38B50446C7
S2140204081CF04DF84FF03A420121238F05465167FA
S2140204184BB3B3FA83F3C3F11903DBB2A069C2F88C
S214020428B410C2F88C300723C2F89000C2F8B03075
S2140204384FF4A02302F50052C2F81431A2F58052F6
S214020448C2F8183100220C4B1A600C4B1B6C5B026C
S21402045809D54FF480020A4B04F1F8001A64D4F85E
S214020468901001F01BFB0023638707232846A38707
S214020478BDE838401CF00EB868530020000002B8E9
S214020488002002B82DE9F84305460C46B1B1D0F86B
S2140204981880078F1CF003F8B5F83AC0791E01EAEF
S2140204A80C0323F00702032C0646DFF8F8E0424462
S2140204B85ED1DEF8004024B91BF0ECFF0E20BDE842
S2140204C8F88324F00104DEF8000020F00100A042C0
S2140204D853D10023CEF80030238894426FEA434370
S2140204E86FEA534323803ED1AB8F08EB07091846C1
S2140204F8083880B202F108044C4528BF444608284A
S21402050804D9B4F800E0BEF5804F40D263440F43E6
S2140205181B1A3B409BB26B87A887947811884FF0CA
S2140205283A42C1F30C019165C2F89830C2F8B0009D
S2140205384FF48022174B04F00704C3F81421012253
S214020548154BC3F88421FFF707FE042C0BD14FF492
S2140205588002124B05F1F8001B6C114B1A64D5F891
S214020568901001F09BFA30461BF094FF0020A6E795
S214020578601E012898BF1446A5E7A88F4344E31ACD
S21402058848BFDB1908389842A6DC304694E722466C
S214020598AEE700BF002000BA00E100E0000002B8A3
S2140205A8002002B868530020154B10B519688A8FC8
S2140205B84B8F088F13440138073B8C69034023F09E
S2140205C807031C4402F108034FF03A429BB28B879A
S2140205D8C2F8B0304FF480220A4BC3F81421012225
S2140205E8094BC3F88421A07800F00700042803D139
S2140205F8064AD3681B03FCD4054B1C6010BD00BF1B
S214020608FC530020002000BA00E100E0000002B817
S2140206186853002010B5064C216839B1CB0703D4BD
S214020628044B1868FFF72EFF0023236010BD00BF97
S21402063868530020FC5300204FF480320C4B0D49BF
S214020648C3F818214FF03A43C1F81421D3F8AC1076
S214020658D3F88C20012302F0070206329340C1F336
S2140206680C01083B994201D8FFF776BD704700BFD8
S214020678002000BA001000BA2DE9F04780460C4662
S21402068816468769058F1BF00AFFB8F83A2005F167
S214020698FF3C02EA0C0323F00701032C8246394486
S2140206A8B8F83C0019D14A4C24689CB90244073A67
S2140206B802EA0C0222F00702BC183B44E31A48BFBF
S2140206C85B19834210DB50461BF0E4FE00242046EA
S2140206D8BDE8F08724F00104EFE7012C02D0022CD3
S2140206E8EBD108380C46E8E7002E3FD08C4241D1C1
S2140206F84FF03A42D2F858904FF03A41D1F8AC202F
S214020708B8F81270C2F30C02934247DA2588B5F598
S214020718804FD8D2A378C5F30C0503F007037A1ED8
S214020728A5EB09053A43052B337005EA02052DD8D1
S2140207382DB2E84340F241420421C00F03F058FCB0
S2140207487580E3783374D8F81C207B1E03EA090305
S214020758D118B160A9B213FA85F5AF422FBF0023AC
S214020768FF1AB780F26024BFB180F36050461BF0D0
S21402077891FEACE7A4F10802974284BFED0802EBAB
S214020788C502B2F80090C9F30C09B5E7114B5B6DC8
S214020798003B18BF0123A5EBC305C9E74B6D7A1EBC
S2140207A8A3EB09033A431A400B4915B2002DCB684E
S2140207B80BDCC3F30363D81E43424341DB003370AA
S2140207C88B6C72801B0A3374BDE70823F7E700BFF9
S2140207D868530020004000B8000002B8054BA82263
S2140207E8D3F84C013121431C0CBF0120C0F38070A2
S2140207F803F0FEBB0080E00F38B5134D0446297897
S21402080819B920221148FDF7FBF86188104A2378A7
S2140208185180002113700F4A022BC2F8CC104FF0F9
S214020828FF010D4A0D4B11704FF007010C4A4FF0AD
S2140208380000C2F8FC130CBF04220122C3F8FC23F2
S21402084801232B7038BD00BF14610020E03F00B0C2
S2140208587C6A0020004001B8F56A0020001002B841
S214020868002002B8034B1A6802609B888380002027
S214020878704700BF7C6A002010B5044600F03AFFB5
S214020888064BD3F8F83724B983F40033C3F3404051
S21402089810BDA31E58425841FAE700BF000002B82E
S2140208A84FF63F720A4BD3F8FC37934206D0094AF2
S2140208B8C3F301131370E022074B1A7041F66A025B
S2140208C8064B1B68B3FBF2F3054A1360704700BF7A
S2140208D8000002B8F66A0020F76A00208853002053
S2140208E86C53002020B1022804D1034B18787047B5
S2140208F8024BFBE700207047F66A0020F76A0020E2
S2140209082DE9F74FD0F8A4204C21022A38BF02223C
S214020918064690F824B16B48013A036AD0F8CC50E0
S2140209286948C3F38213D9400368DFF8C0A193422B
S214020938DFF8BC91654BDFF8BC8101F0010116D1E6
S2140209481C788C4213D19AF800405C450FD1D6F831
S214020958A84064B1AC420AD196F8295099F80040EA
S214020968A54204D1B8F8040003B0BDE8F08F98F8A1
S2140209780040026020461970FFF7B4FF002900F015
S214020988888004234FF07F4000255149C1F8B830CB
S214020998504BC3F8B80096F829301B06C1F8B83091
S2140209A84FF080514A4B2C04C3F8B41040F2712120
S2140209B8494B1B68B3FBF1F319215343182BB3FBBE
S2140209C8F1F173D8002C7BD0B4FA84F2C2F120027B
S2140209D8C2F10F03012B38BF0123D440A14201D232
S2140209E8013B64086A1C03F01F0152008A403B4F11
S2140209F8121B9208C7F8B0201A0242EA03121343DF
S214020A08019305EB052305EB0325354B40F69702C4
S214020A1818682B21003818BF012003F0E9FAFA22D9
S214020A282F4B02FB04F01B6840F6FF72B0FBF3F094
S214020A380A2358432B4B00F57A74C3F8C420019A4C
S214020A48A3F58053C3F8C420A3F58053C3F8CC504B
S214020A58D3F8CC3000F58C50C7F8FC30C6F8A8504E
S214020A68214D14302C6001F0ABFC4FF47A72C7F8B3
S214020A78A400C7F8F8002B68B4FBF2F0B3FBF2F355
S214020A88A8F8043096F829308AF800B089F80030B9
S214020A986AE7002C14BF1025202596F829308342D1
S214020AA894BFED182D1805F0FF0579E7B1FA81F223
S214020AB834B1B4FA84F3D21A002A89DC0F238DE7FC
S214020AC80F238FE7004001B8E46700201561002075
S214020AD8001002B8002002B888530020003F00B079
S214020AE86C530020006001B870530020F46A00209E
S214020AF8F36A00207C6A002010B5114B01461B7869
S214020B08104C0C2B02D1FF20207010BD184617F08F
S214020B18CAF902461846FFF7E5FE884228BF084685
S214020B28C0B2904238BF10462378C0B28342ECD097
S214020B38054B20701868FFF7E3FE2078E5E700BF4C
S214020B487C6A0020F56A0020FC53002010B5044693
S214020B5803F066F878B1154B1B786BB964B1144B81
S214020B681B784BB1134B1B78013B012B04D84FF46F
S214020B780042114BDA6410BD104BDB6C1B04FAD42E
S214020B881BF08DFC044602F021F94FF400420C4B90
S214020B982046BDE81040DA6402220A4BC3F87C24D9
S214020BA80422054B1A641BF075BC00BF16610020B0
S214020BB81761002074530020002002B8000002B813
S214020BC8001002B800D003500122024B00201A700F
S214020BD8FFF7BCBF166100200022024B01201A70E4
S214020BE8FFF7B4BF166100204FF48022014B9A64C7
S214020BF8704700BF005000B8F7B50646544C00F0E0
S214020C0879FD01213A20EBF70BFA524B2578524F21
S214020C181E7085BB2846FFF799FF2378013B012BF8
S214020C2819D8E37B01A88DF80430237C8DF80530AB
S214020C38E9F7FCF9C7F87C544FF6FF72474BC3F83E
S214020C488420F822A3F58053C3F884200022424B5E
S214020C58C3F87C240DE04FF6FF72404BC7F87C546D
S214020C68C3F88420F822A3F58053C3F88420C7F873
S214020C787C543B4B5BE00020FFF768FF2378013B80
S214020C88012B08D8E37B01A88DF80430237C8DF865
S214020C980530E9F7CBF90023C7F87C34002ECBD011
S214020CA862685AB32F4B1B6803EB5203B3FBF2F38B
S214020CB8013B1B0243F0F80326782849022E2A4AEB
S214020CC81ED0032E4FF6FF75234826D0012E38D1A4
S214020CD843F00203C1F88450C2F884300723C0F8F0
S214020CE87C34E37B01A88DF80430237C8DF805302C
S214020CF8E9F770F90120FFF729FF17E0F823DBE789
S214020D084FF6FF7043F00103C1F88400C2F884303E
S214020D180622114BC3F87C24E3E743F00503C1F827
S214020D288450C2F884300423C0F87C340F4B4FF04A
S214020D3880420020DA644FF480220B4B9A6403B098
S214020D48F0BDC1F88450C2F884300023ECE700BF37
S214020D58745300201761002000C00350006000B8DA
S214020D68002002B888530020005000B8001002B8CD
S214020D78F0B52B4F06463D4604460FCE0FC53368E0
S214020D8885B02B6000F0B6FC01213A20EBF748F953
S214020D980022244BC3F87C24A17A627A42EA0142F2
S214020DA8C3F88824217CE27B42EA0142C3F8842401
S214020DB8217B627B41EA0240C3F880043B78032B1E
S214020DC82AD8DFE803F022020C178DF80410042153
S214020DD88DF805200DEB01000022E9F7C7F8E37B42
S214020DE800228DF80830237C042102A88DF80930E9
S214020DF8E9F7BCF8637A01228DF80C30A37A04214D
S214020E0803A88DF80D30E9F7B1F8074B187805B046
S214020E18BDE8F040FFF7F0BE212005B0F0BD00BFE8
S214020E287453002000C0035017610020034BDB6C8C
S214020E38002BBCBF024BC3F888007047000002B8FC
S214020E48004000B82DE9F04700F0AEFC4FF47A7681
S214020E582D4BB0FBF6F618604FF4FA737343074649
S214020E682A48190E1B021818294A4FF0000341F1A6
S214020E780001FCF759FA274BA0F5807205461A635B
S214020E8820B948222B2103F0B3F801254FF47A72D1
S214020E984FF0000A6A43534650083102FCF744FAF8
S214020EA81C4B1D4AB7F57A7F9A601C4B4FEA0568B9
S214020EB819601B4B8946044618604FEA152505D269
S214020EC89B222B21504603F093F801264FF47A739F
S214020ED8A8FB030103FB05117308C01841F10001C2
S214020EE800233246FCF720FA0E4B023419600E4BEA
S214020EF849F10009A408186044EA8974054B013CC4
S214020F089C63BDE8F08700BF8853002020A1070035
S214020F1840420F0000C001B8021101009853002099
S214020F2894530020905300208C5300201022044B28
S214020F38C3F884215A600122024BDA60704700BF68
S214020F4800E100E000C001B81022064BC3F8842175
S214020F58C3F88420BFF34F8FBFF36F8F0422024B70
S214020F68DA60704700E100E000C001B810B5044638
S214020F78A242A2EB0000A3EB010104D2034B013903
S214020F889B6B0133184401F0030110BD00C001B881
S214020F9838B501250A4B02019D504FF4807304466A
S214020FA8084A834053661BF07AFA074AA540137824
S214020FB823EA05031370BDE838401BF06BBA00BF7E
S214020FC800E101B800E001B8206100202DE9F84FE1
S214020FD8164605468A461F461BF061FA022E00F0A0
S214020FE8918080461BF068FA5A4B5B4AD3F82090E9
S214020FF892F891405A6EE4B2520744BFD3F8209052
S214021008013404F003041BF052FA4846214600F065
S2140210182FFA8446DAF80000012E04BF0130604435
S214021028ACEB000C08BFCAF80000BCF1804F7DD3B9
S21402103800F030FA8145A1EB040188BF454BDFF882
S21402104838C188BF01F1FF3101F0030188BF9B6BED
S214021058A0EB090E0CF80510A1B1F90742BF41F63C
S2140210681F723E4B5A67BA0742BF3C4B3C4A5A6706
S2140210787B0742BF0022374B9A673C0742BF0022D3
S214021088344B9A6511244FF0010A324B05F11002CF
S214021098120103EB051BCBF80C0132499C501A6A65
S2140210A80AFA05F4586E0B78A2EB0902E4B2234357
S2140210B872450B7025D34FF48073AB40034220D1A0
S2140210C81CF80520002A40D10EB3274AF8075366B3
S2140210D807D541F61F7140F20110204B5967506739
S2140210E85967B90706D51D4B1D4A1F491F485A6737
S2140210F848675A677A0742BF01221D4B1A613B07A7
S2140211081AD440461BF0C6F90120BDE8F88F194AE2
S2140211182D0142F805A042F89C3C1BF0C0F9114983
S2140211280B7823EA04030B701BF0B4F940461BF055
S214021138B1F90020BDE8F88F2120FFF777FE4FF4BB
S2140211488032044B4046DA60DCE7074A404653667C
S214021158D8E700BF00C001B8003E00B000E001B802
S21402116800001F1F2061002000D001B80000010106
S214021178000002B800E101B818610020024B187896
S214021188003818BF0120704720610020034B10303A
S2140211980001185800F00100704700BF00C001B8EF
S2140211A870B50646FEF704FE044608B1FFF7CCFE05
S2140211B800230A4D3046AB61EB612B6200F06AF9F8
S2140211C8074BC9B283F8911028622CB1FFF7AEFE1E
S2140211D84FF08062034B1A64002070BD00C001B84D
S2140211E8003E00B0002002B82DE9F0419DF81880B4
S2140211F80D46B8F1000F08BF0022214EB5F5803F14
S214021208B168074621F4700141F4A001B1609DF867
S21402121820409DF81C104FEA042444EA016444EA7C
S214021228031444EA084444EA02044FF0180140F260
S214021238E9222CBF00200120746502F0D9FE35642D
S214021248B8F1000F1AD00F4BBC68D3F888306D2C53
S21402125838BF6D245B0606D500F082FB18B10A4B30
S214021268B3FBF0F31C44204600F014F90130854223
S21402127838BF0022024B34BF5A645864BDE8F08176
S21402128800C001B800C000B800093D0038B51A4BC6
S2140212985D6C35BB10242020FFF7C8FD174B9C60F9
S2140212A802F04EFB2022164BC3F8842101F0D2FC32
S2140212B848B12A4600200821FEF7D4F9114B5C668D
S2140212C8A3F580531C67104AD36803F07063B3F122
S2140212D8807FF9D9084B0D4A5A6741F201429A674C
S2140212E838BD01F0B7FC0028F4D0094B054A53660E
S2140212F8A2F580521367EDE700C001B8001002B8E5
S21402130800E100E000E001B8000002B8011B011885
S2140213181000002008B52120FFF788FD4FF4803220
S214021328014BDA6008BD00BF00C001B8F8B5184D19
S21402133804466B6A1B0426D500F086FB6B6AA0FB84
S214021348044613F0787F4FEA9367C3F34450C3F317
S214021358044505D140F25A422B2102F049FE0120EB
S214021368AD01B5FBF0F010EB871005D140F25F42F5
S2140213782B2102F03DFE012002460023204631467C
S214021388FBF7D2FFF8BD00F0EBFAA0FB0401F9E781
S21402139800C000B80246012030B50B4CA0F120036D
S2140213A8C0F1200524FA05F504FA03F32B4304FAE0
S2140213B800F595428B4100D330BD0F2801D001308D
S2140213C8ECE7FF20F8E700BF40420F0010B50C46D6
S2140213D8FFF7ACFFC30943EA4163C01A61EBD111B8
S2140213E8FFF7D8FFFF2814D00F220C4B40F010004E
S2140213F8C3F88820A3F58053C3F88800A3F5805362
S2140214085B6ADBB2802B06D02046BDE8104000F0AF
S21402141807BB212010BD0220FCE700BF00E000B891
S21402142838B51BF049F8084B084A1D6A92F89140ED
S2140214385A6EE4B2520744BF1D6A01341BF037F8ED
S214021448284604F0030138BD00C001B8003E00B0CB
S2140214580346064A103302EB00111B01D1F80C01B1
S214021468D158C1F3400116F03CBD00BF00C001B818
S214021478064B1B68434303EB8171054B1B68A3FBB2
S214021488003013F1004341EB0000704790530020F0
S2140214988C5300200C4A20F04043014610B5002029
S2140214A814684FF00042E4FB0320084A890F1268CA
S2140214B802FB0300064B9B6B984204D901330131A9
S2140214C8C01A01F0030110BD94530020985300205F
S2140214D800C001B8044B01F0F071103041F003016E
S2140214E800011950704700BF00C001B808B5222095
S2140214F8FFF79CFC4FF48022014BDA6008BD00BF60
S21402150800C001B870B51646054600B3F9B1F2B187
S2140215184268104B006803321B68920800F130409C
S2140215289847044688B9EA68A8680332314692089A
S21402153800F1304016F0EEFC044630B9D5E9040254
S214021548214600F13040FCF75BFA204670BD2124A4
S214021558FBE700BFEC67002070B50C68651C15D069
S214021568C4F302669E42C4F3074530D1A4B294423D
S2140215782DD804EB8506B24229D2141BA50824F0FE
S21402158803040E59340F04D0012C08D0002221245B
S21402159802E06B1C51F82320C0E9002470BD0E4CF3
S2140215A834F8133042EA03431A686B1C51F8234096
S2140215B801EB83014B6822405E4036F0704404D14A
S2140215C81B0F032B04BF8B681A430024E4E701357C
S2140215D801EB8501C1E700BF6892040007B501A8C0
S2140215E8EBF71AFD9DF80530022B02BF40220B4B83
S2140215F8C3F8FC23C8220A4B5A650A4B0A4AD3F890
S2140216086032DBB2FF2B08BF03239B0043F47F53F1
S214021618C2F8F83303B05DF804FB00BF001002B846
S214021628008001B80080E00F000002B8836810B49A
S214021638074C03F1304324681B689C4203D15DF8CB
S214021648044BFFF75FBF00205DF8044B704700BFEE
S214021658006800200022012108B51E4B1A645A644D
S2140216689A641D4A516102219162DA68C2F30362E2
S2140216780D2A01D0002AF8D1112218499A6318486F
S214021688184AFFF73FFF00F0E9FF174A93685BB96D
S214021698164A93689BB94FF080620F4B5A61012233
S2140216A803F580535A6108BD1149D268096803F1E7
S2140216B83043032AECD943F8041B043AF9E70C49E9
S2140216C8D268096803F13043032AE4D943F8041BB5
S2140216D8043AF9E7000002B8001002B8D4970400EA
S2140216E8BC920400D8920400A49204008C920400CF
S2140216F800680020012341F6FF710D4AC2F88032C5
S21402170891660C4A53600C4A53600C4A5360A2F521
S21402171880425360A2F54042536002F5C0325360DD
S21402172802F580425360A2F500425360704700BF3C
S2140217380090005000D000B8001000BA005001B85F
S21402174838B50324FFF7D6FF114A124B124DDA6456
S214021758FFF744FF114BC3F8E0400123EB6400F0A7
S214021768DBFD4FF460736B614FF40073EB6416F0A5
S21402177841FB0021FEF7D0FC8022094B1C64A3F52E
S21402178880535C64074BC3F884215A6038BD00BF97
S2140217980048F000000002B8001002B8005001B875
S2140217A800A002B800E100E008B518F0B7FF044B45
S2140217B81B6FC3F300430133B0FBF3F008BD00BF51
S2140217C80080005070B5044698B1B1B13A4A52F852
S2140217D8043B834213D10023384A116CC907FCD450
S2140217E8374800EB830016F09EFB364B106001224A
S2140217F81A6470BD01330C2B02D1334D2CE0012341
S21402180852F8041BA142F5D1304A32F81330E3E706
S214021818C2F3016335F81300110C93B211F0FE0FF0
S21402182843EA0043606820D00434CAB2022A216818
S21402183808D9D4E90160033AC3E9001698600C3463
S2140218480C33F3E704D16268C3E90012083403E0F4
S214021858012A01D1043419602268531CD8D1002207
S214021868164B1A6003F58053C1E7120F072AEDD804
S214021878DFE802F00704090D1013181DC04303F52C
S21402188800531860E2E71A6842401A60DEE703F57A
S2140218988053F6E716F01AFBD8E7012203F58053C1
S2140218A88240F2E7012203F500538240EDE71A6808
S2140218B830EA0202FBD1C9E79C53002000C002B8F6
S2140218C8404000B000D002B868920400E2590020F6
S2140218D80122014BDA647047001002B80122014B5C
S2140218E8DA647047002002B84022014BDA64704777
S2140218F8002002B84022014BDA647047001002B892
S2140219080B4B1B68D3F8E43023B11A68022A01D9B4
S214021918186A7047074B9A6D90B238B1064BC2F3F5
S21402192807421B68DB085343B3FBF0F0704700BF5F
S214021938FC530020004001B888530020064BDB68A1
S214021948C3F30363984206D1044A936E23F0F00366
S21402195843EA011191667047000002B8003F00B0E2
S214021968054B1B68D3F8E43013B11A680A2A01D863
S214021978FFF7C6BF186C7047FC5300202DE9F743E3
S214021988064616F09CFA00248046DFF890901AF075
S21402199886FD0DF1070105460DF10600FEF79CFAD5
S2140219A89DF806308BB9721C29D016F088FAA0EB7F
S2140219B8080428461AF06EFD9DF8063013B99DF8FD
S2140219C807303BB3A642E2D824E0D9F80C3013F429
S2140219D8603FE8D0D9F8180016F0F8FA731C0746E4
S2140219E803D016F06CFAA0EB080428461AF052FD4B
S2140219F817F5007FE0D0384603B0BDE8F0832846E6
S214021A081AF048FD9DF80630002BC0D19DF8073025
S214021A18002BBCD1004FEEE700FEFFFF00C000B867
S214021A2810F1800F04D04D28CEBF7F20323040B24E
S214021A38FF22044BC0B25A62A3F5805358620020B4
S214021A48704700BF00E000B80B4A10B5136E0B4C87
S214021A58116E03F00703E35CC1F3CD0101FB033308
S214021A68126E0748C2F3454202FB03330068800140
S214021A78B0FBF3F010BD00BF004001B8609204004E
S214021A8888530020044BD3F8AC3010B1C3F30332AA
S214021A98027003F00F007047000002B8094B01F00D
S214021AA880011B6C03F480030B4309D14FF4001228
S214021AB8054B1A62837F1BB10122044BC3F800212F
S214021AC8704700BF000002B8006001B8005001B8B5
S214021AD82DE9F04F404F804685B038680C4615F021
S214021AE80BFF20B90024204605B0BDE8F08F224639
S214021AF800214046FBF784FF384B5D6915F0010567
S214021B08F0D102F019F906460028EBD03F683846AD
S214021B1816F073FB4FF6FF73984234D04FF06051BD
S214021B282F4E304B304AD3F82090D6F88C301162BC
S214021B384FF00061A2F58052116224220421C6F8F1
S214021B488C202A4A4FF4804B91604FF4805200272B
S214021B58DFF8A4A0CAF868B0F262A7421ED304212E
S214021B68234A9160A2F5F032C2F88C304FF06052E8
S214021B781D4B1A6209EA02031E4A13624FF4804298
S214021B881D4B9A66AFE73146384616F0DAFA014632
S214021B98384602F0FFF90028C0D0A3E7B26E510417
S214021BA8FCD5B268D205F9D5CAF868B0D6F890203E
S214021BB80135012D0392D0D9E21B042AA8BF0422BC
S214021BC808EB070003A901930092FCF7A9F8009A0C
S214021BD8019B3A4497B2C0E7FC530020000002B8C3
S214021BE8004000B8004001B8006001B8001002B812
S214021BF8002002B8005001B8006000B84FF6040191
S214021C084FF60502044B01201B6C9BB28B4208BFA1
S214021C181346024A136670470080E00F00C001B8F8
S214021C282DE9F74F81460F464FF0FF35FFF7F8FBD1
S214021C38002601908A462C463046DFF8D8B006F1D0
S214021C4810031B015BF8033003F00308B8F1010F19
S214021C5815D13046FFF7FCFB02460B460198514663
S214021C68FFF784F9DBF8643006F10802D340DB0795
S214021C7839D5002F40D000252C463E604046013616
S214021C88082EDCD160B3234A0027D2F808C0916B2D
S214021C980CF440330131A4FB0141641941F10001FF
S214021CA8B3F5003F30D1536B0CF4405C013347F177
S214021CB80006BCF5805F22D1156B15F5807505FB0D
S214021CC806F647F1000203FB0266A5FB033232441E
S214021CD8594304FB0212A3FB04341444C9E9003432
S214021CE803B0BDE8F08FA84271EB0403C6D207B171
S214021CF83E6005460C46C1E73D463C46BEE7320214
S214021D0842EA13621B02E3E7136B13F5807347F18B
S214021D180002DDE700C001B808B516F06BF901222B
S214021D28054B93F88D3002335B00DBB202FA03F3FD
S214021D38024A536108BD00BF003E00B0002000B84A
S214021D482DE9F34105460F4668461146FFF768FF38
S214021D580646B0B1AFB1DDE900321B0A43EA0263B8
S214021D68A5FB0384094B120A05FB02441A6812B93A
S214021D78FFF71AFD0246002340462146FBF7D4FA2F
S214021D883860304602B0BDE8F08100BF88530020B4
S214021D984FF00052014B1A60704700BF00E100E0A6
S214021DA84FF00052034BC3F88020BFF34F8FBFF3A8
S214021DB86F8F704700E100E0F8B50B46002213F873
S214021DC8044B944225D91D68854224D106245A79A3
S214021DD81D79124B88181E6804FB0503104F33F84A
S214021DE8063C7B43B3420ED900238A5A7A4396426C
S214021DF802D804FB0300F8BD9D42FAD9013304FB5E
S214021E0803F2825AF2E740F244423D21002002F0F1
S214021E18EFF80020EFE708330132D2E7CC53002070
S214021E2840420F0000202DE9F84FA2FB018BC74E57
S214021E38C74F18EB060699466BF10003B74270EBDC
S214021E48030307D240F23E220E2102F0D1F8022006
S214021E58BDE8F88FD9F814A00C461546BAF1000F5B
S214021E6804D0DAF80030032B00F21B81B94BBA4AC9
S214021E789F6BA3F58043D3F8EC30C7F314075E00D4
S214021E88B64B48BF47F400171B6ED2F8FCA058079B
S214021E984EBF4FF440039B0503F0E0731F43B04B5D
S214021EA8D3F8E430990748BF47F0807747EA456792
S214021EB818F068FC012D0646C9D10028C7D0A94BE0
S214021EC8984200F0FD8003F5122303F5F863984262
S214021ED800F05A81A44B984200F0A78100250246DA
S214021EE82B4600204FF00071FBF71EFA2B460130F6
S214021EF808FB03F3C7F3130100FB0B33A1FB0662CF
S214021F08A8FB008001FB0522034420339B09C9F87D
S214021F180030F60C954B46EA4236FA021C6058BF69
S214021F287642934B934D34441E602C60BAF1000FF0
S214021F3800F00881FB014FF000038F49C7F3815276
S214021F488A5C194648BF6408002EB8BF76429206D5
S214021F586008C2FB06012246FBF7E6F9DAF800102B
S214021F680E2908D97D4B7B4A926BDE69D3F80C3171
S214021F78F60600F12881C0F3130017F40017C9F813
S214021F88040014BFC42040F207107C4ADAF818602E
S214021F98A2FB04C24FEA521200FB02F24FF4FA7393
S214021FA8B2FBF6F218BF002702FB03F3A4FB00C03D
S214021FB8FA33A3FB063604FB07006345864138BF9F
S214021FC80132D2B242F4006CC9F808C0002A00F006
S214021FD8BB80DAF81C70A2FB070624B1B4FA84F3B5
S214021FE80E2B40F3D880E303002E40F0D180B3FBDB
S214021FF8F0F6700000FB0220A0FB07834FEA044EAF
S214022008C6454FEA144474EB030309D3520010443E
S214022018A7FB0083C64574EB030306F10106F6D256
S214022028C6F30E034CEA033C4CF000630629C9F8D3
S214022038083049D9DAF83030002B45D00023C9F8E1
S2140220480C30C9F8103018F09DFBDAF83010FFF79C
S214022058B3FE044618B18378002B40F0CC8018F003
S21402206857FBDAF83010FFF7A7FE0446002869D0B7
S2140220788378002B66D040794FF4AE62003818BFDA
S21402208801203D2101F0B4FF207940F27152003858
S2140220984FF03D0118BF012001F0AAFF23796279AB
S2140220A84BE0042BDAF828707FF402AFFB014CBF32
S2140220B84FF4400307F0E07327F0E0771F43F7E694
S2140220C800232F481D4613E718F05CFB2C68002CEB
S2140220D800F0AF80B4FA84F3D3F1020358BFDC40B1
S2140220E8284B9C4288BF6408002875D0B4FBF0F3DE
S2140220F8642100FB134201FB02F2904203F1FF3215
S21402210800F2A6805D085308013D1B0243EA051546
S214022118C9F80C5018F002FB002800F09080B4FBB7
S214022128F0F2642100FB124401FB04F4A04200F220
S2140221388D80531E52085B08013A1B0243EA0213BB
S214022148C9F81030002083E6212081E6006CCA8890
S214022158807C814A008001B8004F00B0004001B878
S214022168000002B800F04902005A6202D453002066
S214022178D0530020CC53002074920400D34D621032
S2140221880A3BB2DF3FBE4025002335481D46AFE670
S2140221981046002630E7C3F10F0E03F1110806FABF
S2140221A808F820FA0EF040EA0800AEF1200826FAEF
S2140221B808F840EA080026FA0EFE013004FA03F38D
S2140221C84EF1000610E702F4801203F400131A43D5
S2140221D808BFC0F58010CEE6631EA51E5B086D0814
S2140221E8013B2D0245EA031540F2C2422B2100208C
S2140221F801F0FEFE8CE7407940F25552003818BFCF
S21402220801203D2101F0F4FE207940F256520038B2
S21402221818BF01203D2101F0EBFE237962791B02EB
S21402222843EA0213C9F80C3019E700230D481D4685
S2140222385EE66FF01F0500287FF46AAFD4E740F227
S214022248E5422B2101F0D4FE621E72E71446FBE734
S2140222589D1E6D085308013B2D0245EA031557E7F4
S214022268313641DCD694BFD610B5044686B059B985
S214022278214B4168D3F8FC30827A204805930068DF
S2140222886B46FFF7CFFD69461D4B0A685A631A4B21
S214022298D3F8FC3033B34B6843B11A4B1A4AC3F827
S2140222A80C214A68A3F58053C3F80C218B6843B106
S2140222B8144B164AC3F8EC208A68A3F58053C3F871
S2140222C8EC20134AC868D2F8743123F4EE63034349
S2140222D8C2F87431D2F86C31096923F4EE630B4301
S2140222E8C2F86C31002022890A4B9A6203F5A033A1
S2140222F8186406B010BD00BF004F00B0FC530020A3
S214022308008001B8006001B8FFFF0F00FFF8FF0F5A
S214022318000002B8004000B8064B9A6E920607D52F
S2140223285B6E002B4FF48043B4BF034A034AD36460
S2140223380020704700800050002002B8001002B843
S214022348064B1A6C9207FCD4022240EA0120586017
S214022358034B1A640122034B1A70704700C002B876
S21402236800D002B82161002040B10368012B05D9CC
S2140223780069034B002808BF184670470048704794
S2140223887C92040010B590B10468012C0FD902693A
S2140223986AB11168094B102C196051685960916826
S2140223A888BFD268996094BFD960DA6010BD1022DF
S2140223B800210248FBF724FBF8E700BFDC530020A5
S2140223C8084BC1171A68A2FB000302FB013310F17F
S2140223D8807043F10003400E40EAC310803820EABA
S2140223E8E0707047EC5300200722194B70B5DA6389
S2140223F8184B194A1D68194BEC08E005C0184FEA35
S214022408153141F100010023FAF78EFF144B154EE1
S21402241818601548FFF7D4FF4042C6F8DC0049F6B4
S2140224285800FFF7CDFFC6F8A8001048FFF732F8A5
S214022438024660B1E301500818184FEA15714FF0CA
S214022448000341F10001FAF76FFFC6F8B40070BD49
S214022458000002B88853002065CD1D00B2E60E00C3
S214022468EC530020003F00B07011010040420F00FC
S21402247810B5044698B10B4BD3F8FC00FFF782FF61
S2140224884FF47A7303FB04F0074BA0F57A60DA6818
S2140224989B681044C01ABDE81040FFF791BF49F682
S2140224A84040F8E7004F00B0DC5300202DE9F8431F
S2140224B80546084614461E46FFF764FF05B306F0AF
S2140224C8020716F004061DD1D7B14FF47A706B686E
S2140224D85843002B40F08C80FFF772FF20636B692D
S2140224E8002B00F08C804A4AD0684FF47A7202FBBE
S2140224F80300A0F5FA50FFF763FFE062002E58D1FA
S214022508BDE8F8832869002869D04FF47A735843DF
S2140225183F4BA0F57A609B68C01AFFF751FFA0628E
S214022528A88B00285ED04FF47A735843384BA0F530
S2140225387A609B68C01AFFF743FFE061354BE9688B
S214022548D3F80080002950D04FF47A735943304BA1
S214022558A1F57A619A685B68891AC91A2E4BC81758
S2140225681A68DFF8BC90A2FB011302FB003311F1D4
S214022578807143F10003490E41EAC3118039274BA3
S2140225882162D3F8C4306362D9F8003053B14046AA
S21402259815F0D6FB30B12246D9F800301C49D8F8D7
S2140225A8D80098470021A869FFF762FF6063002FEA
S2140225B88BD1A86830BB47F23050FFF701FF606145
S2140225C84FF47A702B6858432BB1114B1B6803F5EE
S2140225D81C5310331844FFF7F3FEA06190E749F640
S2140225E840409AE749F64040A5E749F64041B5E734
S2140225F8074B1B6803F51C53103318446CE747F265
S214022608305078E74FF47A735843A0F5FA50D4E777
S214022618DC530020FC530020EC530020003F00B09F
S214022628D853002038B5054608461C4615F06AFCFD
S2140226380246D5F8E400FFF797FE4368A018002B79
S214022648044AA8BF4FF4FA721A44034B92FBF3F2F9
S214022658104438BD0CFEFFFF18FCFFFF70B588B0AB
S2140226686D46124C0FCC0FC594E80F0085E80F0094
S214022678D82200210E48FBF7C3F9AC2200210D48E8
S214022688FBF7BEF9202200210B48FBF7B9F915F033
S21402269861FE0A4B1B783BB16D46044E0FCD0FC642
S2140226A895E80F0084E80F0008B070BDE03F00B060
S2140226B87C3E00B0543F00B0E04F00B014610020EA
S2140226C808B519F0ECFE0E4B1A78A2B90D4A126834
S2140226D812F4843F0FD10C4A1021D1641B7863B9D7
S2140226E8084B1B68DB0508D4074B2022DA64BDE8D2
S2140226F8084019F0CFBE054AEEE7044BF5E700BFDF
S2140227082761002000140020002002B8001002B83A
S2140227180A4B197801F0FF0229B1002119700849FD
S2140227289202C1F80421597801F0FF0229B100216A
S21402273859709302024AC2F8083170472261002093
S214022748005000B8064BD3F8F00E064B5B6C1A0125
S21402275803D4054B9B6E1B0401D500F580707047A9
S214022768003000B0000002B8004000B810B519F0FA
S21402277896FE0E2104460320FFF7E0F840F20122F7
S214022788034B2046BDE81040DA6219F083BE00BF4C
S214022798004000B838B519F082FE4FF00043244CCA
S2140227A80546C4F88030BFF34F8FBFF36F8F0123FF
S2140227B8C4F88430BFF34F8FBFF36F8F0223C4F879
S2140227C88430BFF34F8FBFF36F8F0423C4F884306F
S2140227D8BFF34F8FBFF36F8F0823C4F88430BFF35D
S2140227E84F8FBFF36F8FFFF7DBFA1023C4F88430DE
S2140227F8BFF34F8FBFF36F8F2023C4F88430BFF325
S2140228084F8FBFF36F8F4023C4F88430BFF34F8FC8
S214022818BFF36F8F4FF48063C4F88430BFF34F8FD3
S214022828BFF36F8F2846BDE8384019F033BE00BFA5
S21402283800E100E038B519F032FE05464FF00043D5
S2140228480A4C2360012363600423636008236360E1
S214022858FFF79EFA102363602023636040236360B9
S2140228682846BDE8384019F015BE00BF00E100E072
S214022878012370B5074C2370074B1E68074B32407E
S214022888D3E9005319402840FCF7ECFE00232370D6
S21402289870BD00BF25610020F453002000140020FC
S2140228A80022044B1A70044B197811B11A70FFF7FC
S2140228B807BF704726610020276100202DE9F047F0
S2140228C8DDF820A003EA0108099B06460D4602EA3F
S2140228D8000703EA0A09BAF1000F40F05281031F03
S2140228E80B4300F01281052871F1000380F0E8809E
S2140228F850EA010300F07881431E0B4300F028815A
S214022908FFF748FFB94AD2E9004323EA050324EA57
S21402291806043C4343EA0807B54BC2E900471E686B
S21402292826EA0A0646EA09061E60FFF7C9FE14F0FA
S2140229382A4F14BF48F202034FF40043AD4AB007C9
S214022948D26EAD4848BF43F4005383EA020122EA36
S2140229580302C266A94A0B408166D366C4F3804264
S2140229681203210348BF42F48072E30648BF42F4CA
S2140229780052A34BA50648BF42F400726006D3F87D
S2140229880C3248BF42F48062210648BF42F4006215
S2140229989C4882EA030123EA0203C0F80C329A4BE7
S2140229A80A4017F4007FC0F80812C3F80C22974BA7
S2140229B807F4007200F0048101224FF4802583F8A0
S2140229C88820E30448BF45F48035A00348BF45F491
S2140229D88015A10748BF45F4001514F4001FDFF858
S2140229E8688206D0D8F8000015F0B2FC08B945F49B
S2140229F80025E20248BF45F40035FB06844B48BF73
S214022A0845F480051A6A834985EA020323F001031E
S214022A181A400A621D40CB617F4B16F0010F1D62F9
S214022A287E4B7F4A18BF1A467E4B7D071B6F48BFF0
S214022A3842F000627C4882EA030123EA0203036743
S214022A487A4B0A4041661A67794A04F00103926C87
S214022A58A0F5803083EA020122EA03028264754AFC
S214022A680B4041649364D8F80020200248BF724B9A
S214022A7892F8F62058BF714B610748BF43F480634B
S214022A8822B114F4C06F18BF43F4807332074FF0B4
S214022A983A42BDE8F047D2F8181148BF43F000435F
S214022AA883EA010222F4A02265481140C0F81811F0
S214022AB81340C0F81421634AC2F81831FFF7BABEA9
S214022AC8A0F580630B4306D020F48063A3F5007359
S214022AD80B437FF415AF19F0E2FC4449D1E9003202
S214022AE823EA060322EA050242EA08023B43C1E950
S214022AF80032554A126892F8F610514A09B313F48E
S214022B08C06F1ED04FF4807311E019F0C8FC374A24
S214022B18D2E9003123F004033B4341EA080157EAAD
S214022B280807C2E900314FF48063454A0BD0C2F861
S214022B381431A2F58052C2F81831BDE8F04719F0F0
S214022B48A9BC4FF48073C2F81831C2F81431F4E7FE
S214022B5819F0A5FC254AD2E9003123F001033B43CC
S214022B6841EA0801C2E900310123384A57EA080750
S214022B781BBF5364A2F580529364936408BF5364E0
S214022B88DBE750EA01037FF4BBAEBAF1010F7FF42C
S214022B98B7AE19F084FC164A136823F0010343EA19
S214022BA8090313604FF480631F4AB9F1000F04D07B
S214022BB85366A2F580521367BFE713675366BCE7EE
S214022BC893F8881071B183F88820214BD3F8A410A3
S214022BD803F50053C3F8A410C3F8A0104FF050230F
S214022BE8C3F8A4200025ECE6BDE8F0870014002010
S214022BF8F4530020004000B8006000B8005000B847
S214022C08004001B8006001B8005001B8003F00B0AB
S214022C18000002B8002002B8001002B8041C000324
S214022C280418000300C001B800E001B800D001B8DB
S214022C3800C000B800D000B80D0A0A09090A0A0935
S214022C48002000BA001000BAFC53002000E000B8CA
S214022C5800400050024B5868C0F3C000704700BFDF
S214022C6800140020024B186800F00100704700BFED
S214022C7800140020024B5868C0F3C030704700BFEB
S214022C880014002010B50446FEF75AFDFFF782FD31
S214022C982046FDF789FAFEF7DDFCFEF7D3F8FEF7C5
S214022CA845F9FFF7A1FB13490723134AD1F8FC108D
S214022CB804F1F800FFF7FAFB4FF080710020FEF7E8
S214022CC809FC4FF000720D4B4FF400110120C3F8B7
S214022CD80021FEF7FFFBFEF791FF20B940F2923281
S214022CE8142101F085F915F08EF9BDE8104001208F
S214022CF8FDF782BF004F00B0A43F00B000D001B875
S214022D088023074A1364082340B11364054AD2F89D
S214022D18C83E23F02003C2F8C83E7047024AF4E7CA
S214022D28001002B8003000B0002002B810B519F042
S214022D38B6FB012104460020FFF7E2FF044B1961A7
S214022D48044B5B6898472046BDE8104019F0A2BBC2
S214022D58000002B8D4670020F8B5194C054620785A
S214022D6840F2E442B0FA80F03E21400901F040F910
S214022D7855B9607840F2E442BDE8F840B0FA80F00F
S214022D883E21400901F034B94FF440660D4F0E4D0E
S214022D98D7F8043140F2E442C3F381232370C5F81E
S214022DA8046160783E21B0FA80F0400901F020F90B
S214022DB8D7F80831C3F381236370C5F80861F8BDF4
S214022DC822610020004000B8006000B8F8B5084C40
S214022DD8084D236C0423084F2B64236C5B0300D432
S214022DE8F8BD042602203E6415F070F82E64F4E757
S214022DF8000002B8001002B8002002B8A82238B5AF
S214022E081A4B1D6C03F500531A6410229A60A3F538
S214022E18804302F100521A675A66FFF779FC144B90
S214022E281B7813B90320FEF7B3F80024114B9C67EE
S214022E38FFF7CCFF104A114BD2F8F01E0B40C2F82F
S214022E48F03E04220E4B1A640E4BAA06C3F8D04074
S214022E5808D503F580739B6FB3F5817F22BF802266
S214022E68024B1A61BDE83840FCF7B8BD000002B84C
S214022E782461002000C001B8003000B0DF0000FF67
S214022E88002002B8003E00B010B551B920B3154B69
S214022E98DB681B0E13F00E0F1ED1134B1B6CD907E3
S214022EA81AD4FFF763FC0F4C0020FEF7EBFD03284D
S214022EB801D0092805D1A36ADA07F5D4636CDB03C7
S214022EC8F2D4FFF783FF0122084B5A6102229A6264
S214022ED8042203F580531A644FF4C062044BDA6284
S214022EE810BD00BF000002B800C002B8001002B849
S214022EF8006001B808B503210920FEF71FFD20224D
S214022F08014B1A6108BD00BF000002B80D4A10B591
S214022F18D2F8A030D2F8A4100B40B3F1804F0CD3ED
S214022F284FF040400849094CC1F8A400D467C1F8DC
S214022F38A0004FF48021064AD161034AC2F8A030A5
S214022F4810BD00BF00400050006000500000FF01A6
S214022F58001002B838B5054619F0A1FA0E4B044619
S214022F681868FDF74BFA35B1FFF79AFC2046BDE81C
S214022F78384019F08FBA094B1B78002BF6D0084B4D
S214022F881D78002DF2D1FFF78BFC2A464FF48040BD
S214022F980021FFF76DFCE9E7FC53002026610020BC
S214022FA8256100202DE9F84F5A4B06460D46144671
S214022FB81B6C002A40F0AB8013F0A00F14BF4FF032
S214022FC801094FF00009FCF709FDA0234FF0000A9B
S214022FD8DFF85C810320C8F84030FDF7D9FF0420EB
S214022FE8FDF7D6FF4C4FFFF75BFC4C4B4FF0040B3C
S214022FF87B67C7F878A0FFF7E9FE494B4FF4807164
S214023008D3F8C82E42F02002C3F8C82EFF22C8F80A
S2140230180820404A1161D3F8F02E42491140C3F8FD
S214023028F01EC8F840B0C3F8D0AE7B6913F0060F9E
S21402303804D0FEF75BFA5846FDF7AAFFB9F1000F6F
S21402304808D04FF40062384B1A644FF40042A3F5D6
S214023058E0339A6666B1354BDB6C180701D4FFF786
S21402306885FBFFF747FF0420FDF792FFFFF750FBAB
S214023078284B5A69D10748D5DA6812F0706FFBD127
S2140230882B4B2C4A1A642C4A936E23F0F003936651
S21402309815B12046FFF75EFF284BD3F84C315A1C71
S2140230A801D05B0002D50122214B5A616CB31F4B3B
S2140230B8DA6E03F500539A6603F5D0331B6A1C4A88
S2140230C823F00103D3611E4BD3F80C1203F5005309
S2140230D8C3F8081203F50053D3F8841003F5005317
S2140230E899674FF03A43D3F8181103F50053C3F81B
S2140230F81411144B996C03F500535964124903F5DD
S214023108803359664FF608431364BDE8F88F4FF0CC
S214023118000958E7000002B800C001B80000010123
S214023128003000B0DF0000FF001002B8004000B810
S214023138002002B810003000003F00B00080E00F08
S214023148004001B800C000B85000002F9D4B2DE982
S214023158F04F9F6EDB6E85B01F409B4B9F664FF00D
S2140231683A43D3F81451D3F818311D40974BC3F895
S2140231781451974BD3F80822D3F80C3202EA030903
S214023188944BC3F8089203F52043DA691B6A02EAED
S2140231980308914B08F47702DA61904BD3F80422BD
S2140231A8D20605D4D3F80431C3F30016DB0653D58A
S2140231B819F075F98A4B5A695E6E1B6F12F0060F84
S2140231C806EA0306874A26F0007314BF4FF0010A80
S2140231D84FF0000A23F400637407536606D5824A42
S2140231E892F891300133DBB282F8913019F052F935
S2140231F8002F00F0E48017F4004300F0D58019F0A1
S2140232084EF90146FFF79EFA0446784BD3F800B00B
S214023218DBF80020DBF800309A42FBD0DBF800200F
S2140232289A42FBD0FFF78EFAA04217D1084619F049
S21402323831F96F4B1C606F4BD3F840B01BF4E05269
S2140232480ED124F07F4424F0DF040CB9FFF7D6FD34
S2140232584FF0807B002414E0B246C9E70446D7E75D
S2140232680192FFF7CBFD5C4B019A1BF480541A645B
S21402327840F09C801BF4806F0CBF4FF0805B4FF0D1
S214023288806BB80715D55B4A5348126C02F4604146
S2140232980164002900F08D80110400F18D8012F47B
S2140232A8005F0CBF4FF000524FF0006200244BEA5A
S2140232B8020BC7F340377F004F4A2A40002A4BD0FA
S2140232C815F4206F0AD040F6A3120621002000F05B
S2140232D88FFE0020FFF73EFE25F48025EB0506D577
S2140232E8FF213D4A4BF4C06B9160FFF73FFA15F099
S2140232F8090F0BD040F6B8120821002000F078FE1D
S214023308FFF7F8FD4FF03A420121516315F0106FAE
S2140233180CD040F6C1120921002000F069FEFFF722
S214023328E9FD002211461046FDF73CF815F4202F59
S2140233380AD040F6C9120721002000F059FE0020E4
S214023348FFF708FE25F48025E80301D5FDF774F992
S214023358002DB8BF47F0080769070ED54FF03A4266
S214023368126B12F4005F4FF4005217BF1749234935
S2140233780A634BF4000B08BF0A636A0548BF4BF0A2
S214023388040B15F48023019300F0A480FDF70CF9D2
S2140233980138062834D8DFE810F01A011D011A0190
S2140233A820012301260126019B4653E74FF0804B56
S2140233B850E74FF0007279E74FF0004276E7BB46D7
S2140233C83C4679E7004000B8006000B8002000BA22
S2140233D8004001B8006001B8002002B800E100E031
S2140233E800C001B800E001B8003E00B03492040004
S2140233F8F0530020000002B8090B0B89001000BA2F
S21402340840F6FA120321002000F0F2FD4FF03A408F
S2140234180121D0F88C20D0F8AC3002F00702063230
S21402342801FA02F2C3F30C0CA2EB0C0292B2072AC0
S21402343812D9774A126C53020ED4764BC26CC06EFF
S2140234485B6D5BB102F0070206329140C0F30C00D6
S214023458091A89B2072901D84BF4007B6E4A1278FA
S214023468002A37D04FF03A42D2F8142112F4A02F8D
S21402347830D16A4A6A4912789AB9F20411D40A789B
S2140234887AB14FEADB02674842EA447282F00102E6
S214023498D0F8F00E02F00102520020FA02F2930768
S2140234A818D10420FDF774FD5F4A60485067FFF79D
S2140234B8F7F95B490A784AB95D4A127832B15D4A29
S2140234C85D4912680BEA02020A4201D14BF4804BAC
S2140234D826F48056B9F1000F1DD019F4805F18BF84
S2140234E84BF4802B19F4807F18BF4BF4002B19F489
S2140234F8005F18BF4BF0100B19F4007F18BF4BF093
S214023508200B19F4806F18BF4BF0400B19F4006FAC
S21402351818BF4BF0800BB8F1000F3AD018F4802F82
S21402352818BF44F4007418F4803F18BF4BF4805B4D
S21402353818F4801F18BF4BF4003B18F4001F18BF7E
S2140235484BF0020B18F4003F18BF4BF4801B18F41C
S214023558800F18BF44F0100418F4002F19D0314A0F
S214023568D2F8C82E12F0C00F13D02949CA68C2F37F
S2140235780362032A01D0072A05D14A6CD00602D470
S2140235888A6C110732D54FF400212C4A28F40028F9
S214023598D161002E00F01881320540F18A80284851
S2140235A8DFF88490C2782749002A51D04FF4006386
S2140235B8013AD2B24B66C27032B9234A1278C2B105
S2140235C840F60141214A5167002200216EE04BF481
S2140235D8803B1BE74BF4006B18E74BF4806B15E750
S2140235E84BF4807B12E74BF0080B0FE74BF4001BFB
S2140235F8CFE7D9F8782012F4A05F15BF4FF480728F
S21402360840F60142C9F85820C9F87820DCE700BF1E
S214023618000002B8004000B827610020266100209A
S21402362829610020003000B000C001B80000010186
S2140236382861002000140020088D0100002002B82E
S2140236481861002000E001B82461002000D001B80B
S2140236580320FDF79DFCD9F81420A34B12F0060FA1
S21402366804BF41F61F72A149A14808BF4A674FF432
S21402367800619E4A5166D9F8142012F0060208BF65
S214023688C9F87820B3F88E2012F400615DD022F4CF
S2140236980062A3F88E20027802F0FF09002A58D1A9
S2140236A8FDF724FFFFF7AAFB4A4620214BEA020B46
S2140236B80C43B30009D52E20FDF7B8FB4FF0005196
S2140236C88A4A44F0080411675166F00606D52B208C
S2140236D8FDF7ACFB1021854A1167516616F0306F6C
S2140236E805D1F1045DD5BAF1000F00F0A7803201CA
S2140236F811D52920FDF79AFBFFF7ACFA48B17D4AA7
S2140237087D487A494A66026700F54050C068430415
S21402371822D444F0040416F0007A28D00420FDF7D8
S21402372837FC2720FDF782FBFFF768FB4FF0007196
S2140237386E4A5166714AD2F8F01E490678D4704A23
S2140237480221916044F0020428E002784FF4005205
S214023758ACE74FF4004238E70A6720204A66FDF7CE
S21402376865FB2D2044F00C04FDF760FBD3E716F04A
S214023778807FDFF8909146D00420FDF709FC2820C8
S214023788FDF754FBD9F87820002A39D1FFF736FB23
S214023798564A584944F00104116751660021594AAD
S2140237A89165320405D5584A126890474BEA000BD1
S2140237B80C43730508D555498A78002A00F08E808E
S2140237C8013A8A70002217433A4658462146FFF7BE
S2140237D84FF8019B0BB1FCF71DFF01224C4B05F07D
S2140237E80435C3F814514B4B18F4002FC3F8842140
S2140237F81EBF4FF40022424BDA6105B0BDE8F08FD7
S214023808C9F878A0C4E7F004C8D50420FDF7C0FBC1
S214023818414AC9F87420FDF769FED9F8642012F007
S214023828407FBBD12A20FDF701FBFFF7E7FA81E7C5
S214023838D2F8C82E930685D4384A81E733490A79DE
S21402384852B1013AD2B20A7112B92B4A34495167B7
S21402385800224BEA020BA4E70420FDF799FB03209B
S214023868FDF796FB274A2C49516718F018FE814641
S2140238780DF10F00FEF706F92A4A824612780AB1B7
S214023888FEF774FFBAF1030F0ED1DFF8A0A00020EE
S214023898FEF7F8F8032807D1DAF82820D007F6D476
S2140238A8DAF84420D103F2D49DF80F20032A06D171
S2140238B801211D4A4846117018F0ECFDC8E74FF082
S2140238C83A42D2F8142112F4A02FF1D1FEF7E8FFFB
S2140238D8484618F0DFFD4FF48042BAE70220FDF7AB
S2140238E857FB01226FE700BF003E00B000E001B8B8
S2140238F8246100201000002000D001B8003000B07B
S214023908002002B800C001B8E8670020186100204D
S214023918002000BA00E100E000000101001002B831
S2140239280000010D2A61002026610020000002B86E
S2140239380122024B1A62DA61704700BF002002B801
S214023948094A08B5D369116A0B40084923F47F006F
S214023958DB07C86106D5D1684FF0FF30C1F30361B3
S21402396814F05BFB08BD00BF000002B8002002B8D6
S2140239780C4A08B5536C926C13400B4A5364DB0727
S2140239880FD50A4B40F663421878122100F0010060
S21402399800F02EFBBDE80840002201200021FEF7B9
S2140239A867BF08BD00C000B800E000B800140020D9
S2140239B870B5174D2C6C6B6C1C40164B24F002022B
S2140239C8E1071A6405D540F6CA420020296800F0C5
S2140239D80FFBA2071AD502220E4B1A646B68DBB2DB
S2140239E8A3B9FDF71DFD04460D460B4ED6F8F43373
S2140239F8DB060BD5FDF714FD02460B462046294684
S214023A08FDF7B4FA652871F10001EFD370BD00BF67
S214023A18008002B800A002B8000002B838B50B4C05
S214023A280B4DD4F88430DB0706D4A36FD4F8842071
S214023A381340084A936738BDD5F804311A06F0D5FC
S214023A48FFF7B6FF8023C5F88431EAE7008001B89D
S214023A5800E100E000A001B870B514460D4618F063
S214023A681EFD064BD3F8C86E74402C407440C3F84B
S214023A78C84E18F00FFD06EA050070BD003000B00B
S214023A88034BD3F8C83E99430CBF01200020704769
S214023A98003000B02DE9F04117460A43012A1D46B8
S214023AA89DF818409DF81C60DDF8208029D8B4429D
S214023AB827D2082E25D8032B23D8B8F1000F20D0FA
S214023AC80A460021FBF7DAFEFF21EB009940C943BC
S214023AD8DFF834C008F1FF38FF00E2B2964202D897
S214023AE80020BDE8F0813D190CEB8505D5F8F820D5
S214023AF818F8010F0A4098401043C5F8F800013438
S214023B08EBE72120EDE700BF003E00B01E4BD3F8DE
S214023B18C83E13F001001ED01C4B93F84C001C4AFA
S214023B2840F08073C2F8CC304FF480131949C1F8BC
S214023B38B430A1F58051C1F8B830D2F80C31DBB2F6
S214023B48FF2B1FD0984294BF0020012040F61F6228
S214023B583C2100F04DBA1A06E1D40F4A92F84B11EE
S214023B6821B1DB0602D592F84801D8E74FF4801255
S214023B780020084B0649C3F8B820C1F8CC00C3F8A1
S214023B88B42070470120E1E7003000B0003F00B0E3
S214023B98004000B8006000B8003E00B0034B18684A
S214023BA8034B002808BF1846704700BFF85300208A
S214023BB810CB04002DE9F843DFF860900646D9F8E2
S214023BC8008008461746B8F1000F03D00E24204698
S214023BD8BDE8F88306B3336801331DD1E1B100F0BE
S214023BE873F805460028F1D0C9F8000000F092F8EC
S214023BF8284614F06BFA044640B14046C9F80080DD
S214023C0800F088F8284614F05CFAE0E73560002FE2
S214023C18DDD02846B847DAE72124D8E7FC53002047
S214023C28024B1868003818BF01207047FC53002062
S214023C38002108B5024B08465B689847002008BD75
S214023C48D4670020431E033306D8044B984228BF85
S214023C581846642838BF6420704700BF40420F00E9
S214023C6838B505460C4641B10B6833B11B680133BB
S214023C7803D0CB680BB18B684BB914F00AF9002055
S214023C884FF4C172412100F0B3F9212038BD08462D
S214023C98FCF7A4FD00230A4A85F83031C5E9374304
S214023CA8C2E9003363694BB1064A422110684FF4F1
S214023CB8D272C31A5842584100F09AF90020E5E732
S214023CC8F863002088530020F8B5044618F0E7FB8E
S214023CD8002607460E4B1B6893B19E68AEB196F84F
S214023CE82420D20711D435460FCC0FC50FCC0FC5EA
S214023CF823682B6096F8243043F0010386F82430B4
S214023D08384618F0C7FB3046F8BD1B68E4E700BF24
S214023D181068002010B5044618B9054B054A13600A
S214023D2810BDFAF727FED4F8E830002BF6D1F4E7F0
S214023D38B38003000C680020014B1868704700BF68
S214023D48F863002008B502460868FFF77BFF08609C
S214023D584868FFF777FF48608868FFF773FF886050
S214023D68C868FFF76FFF0B69C860581C03D00B487A
S214023D78834228BF03460B614B69581C03D0074889
S214023D88834228BF034688694B61FFF75BFFBDE89D
S214023D98084088611046FBF797BD00BF40420F00F7
S214023DA8D0F8E0302DE9F04105460C4613B1838D74
S214023DB88B424CD0D5F8DC30002B4BD09E68002EB8
S214023DC848D0D868002845D0013800B200281ADB47
S214023DD8002106E0128A591CA24217D209B288426A
S214023DE811DB0B1803EBD3735B1003EBC30206EB72
S214023DF88202B2F80EC003F1FF3EA445EAD90FFAD2
S214023E088EF08842EDDA2120BDE8F0814FF6FF7287
S214023E1899B29142F7D09BB203EBC30306EB830633
S214023E282846B6F9122095F82411D5F8F080E9F755
S214023E38E1F90746B8F1000F04D0002332462846B7
S214023E481946C047AC85C5F8E06085F82D71002094
S214023E58BDE8F0810E20BDE8F08100BF2DE9F047ED
S214023E6882B004460F461646FBF796FF00285ED138
S214023E78454D2B68D4F8DCA0D4F8E0800BB1534546
S214023E8862D04FF00009AF60FBF7D0FF0128074663
S214023E9851D12B68DAF80010D8F8002013B1186848
S214023EA888425CD0204613F000FFC5E900A8D4F883
S214023EB8F0508DF80760002D58D000222046114693
S214023EC80DF10703A8472046FBF728F90546B9F17E
S214023ED8000F0FD076B9D4F888300BBB012F05D067
S214023EE825B12A4B002103205B689847284602B072
S214023EF8BDE8F087B5FA85F040F20752332140094B
S214023F0800F076F831462046FBF70EFB204B0546B6
S214023F181B68414620469847D4F88830002BDDD0E7
S214023F2800224FF400732046FAF734FDD6E7002342
S214023F38154D6B609DE700210120FAF763FDFBF73C
S214023F4875FF0128FBD1A4E76B68002B99D043457F
S214023F5897D1AB689F4215D04FF0010993E769687D
S214023F6811B109689142A0D059689BE794F82810C5
S214023F7894F82D313246994228BF19462046FBF757
S214023F881FF8A0E70025B1E7F8630020D4670020F1
S214023F980C680020F8B50E46054618F080FA314639
S214023FA807462846FFF7FCFE044620B1384618F0B6
S214023FB871FA2046F8BDFBF7D1FE2246314628465E
S214023FC8FFF74CFF0446384618F064FA2046F8BD58
S214023FD838B5044D044C054B286021601A6017F06A
S214023FE859FF38BD005400201468002004540020ED
S214023FF810B550B90548064B0160064802601868B5
S214024008054B18601868FFF7E3FF10BD1468002018
S214024018FC530020045400200054002010B518F069
S2140240283EFA084B04461B683BB1984728B1002263
S21402403800204FF48061FEF71BFC2046BDE81040C6
S21402404818F028BA085400200023F0B585B0CDE948
S21402405801330393124B134D1B78134E8DF804301D
S21402406818F02AFA2A78337804469A420F4F0CD068
S2140240783178386801AA297014F004F850B140F66D
S21402408808210B4818F09FFA04E0386813F0DAFFA4
S2140240980128EDD0204618F00AFA05B0F0BD00BF98
S2140240A8D26A0020006B0020016B002024540020F6
S2140240B804680400F8B52B4B1B7823B140F6FC3194
S2140240C8294818F080FA18F0F7F9284B07461C8892
S2140240D814F0060409D001214FF4807017F046FA4E
S2140240E83846BDE8F84018F0E2B921464FF4807029
S2140240F817F03CFA204600F09DFF022808D18022DD
S2140241081B4B8021186813F059FBFFF79DFFE7E762
S214024118204600F08FFF054638B1012807D040F642
S2140241283141114818F04FFADAE70246E8E7FF226B
S2140241380F4E104B30681A70FFF77AFD306813F08E
S21402414881FF0128CCD02A462946306813F07CFF26
S21402415821462C2017F036FA21460A2017F032FAA2
S214024168BEE700BF3061002004680400FE59002044
S21402417824540020006B00200021014818F03CB8A7
S214024188686800207F2837B5044610D14FF6FF73BB
S214024198022217480DF10601ADF80630EAF74CFF81
S2140241A8BDF80640E2054CBF6FF04A0464B218F048
S2140241B883F9104B05461C700F4B1B88DB0710D57E
S2140241C80E4B1B78002B0E4B0CBF21466FF07F015F
S2140241D8186813F021FB20B140F67861094818F0F8
S2140241E8F2F9284603B0BDE8304018F060B900BFBF
S2140241F8641002C0F86A0020FE59002031610020CF
S214024208245400200468040010B50FF0DEF860B1EC
S2140242180FF0DDF80B4A80B141F20D03BDE81040FD
S21402422841F20D01074817F0F3BA074B1A781B79C3
S2140242389A4204D100220023F0E70D23EEE7034A50
S214024248F9E700BF400D0300D26A0020488D01003E
S214024258F8B5164E0D46337802F0010423B140F243
S214024268C531134818F0AFF9124B134F1D60134DA2
S214024278A4B1134B997801B10121202017F076F9E1
S2140242882B783B700F4B1C780F4B00211C700423B5
S21402429833700E48BDE8F84017F0AEBF214620201E
S2140242A817F064F92B783B70EEE700BF3061002008
S2140242B804680400145400202D610020026B0020BC
S2140242C8185400202E6100202F6100206868002004
S2140242D82DE9F84318F0F0F8DFF8A0810546B8F89B
S2140242E80030614C13F4807F03D0237873BBFFF74A
S2140242F8E1FE0021084617F065F95C4B1A78FF2A9A
S21402430813D01A7802F0FF0632BBFF221A702378FF
S214024318052B0AD100232846237018F0C8F8304621
S21402432814F019F818F0C8F805462378504E062BEC
S21402433809D13378FF2B06D03378022B15D100210A
S2140243484C4817F059FFFF2333702BE000214FF437
S214024358807017F00BF9CCE71A78012A4FF0FF02A3
S21402436814BF33264C261A70D4E7337813B1337841
S214024378012B22D117F09AF907463E4896F8009084
S21402438801F0CEFBFF235FFA89F9337077B1B9F1F2
S214024398010F44D16421374884F8009017F02CFFA7
S2140243A8FFF752FE284618F082F806E028462770DD
S2140243B818F07DF8384613F0CEFFB8F800301B0622
S2140243C805D50021802017F0D1F812F0BAF901F0CD
S2140243D8E3FA294E308000B32778012F42D117F02E
S2140243E81FFE054610B3013018F0CBF900F4406002
S2140243F8B0F5006F1AD104223946284617F050FD48
S214024408284418F0BEF94FF6FF7398420ED10020E2
S214024418318800F0F1FC00233380BDE8F8830023DE
S2140244282846237018F043F83F20C4E7114801F0E5
S21402443877FB002108462170012500F08FFC2378BF
S2140244480BB9FFF737FE0020318800F0D5FC0023B1
S2140244583380002DE1D020780028DED1BDE8F8436D
S21402446814F0B1B80025EAE730610020FF6A0020A0
S214024478FE6A002068680020FC590020FE590020C9
S21402448808B513460A461946064B186813F051FA39
S21402449830B1BDE8084040F2F441034818F093B83A
S2140244A808BD00BF245400200468040008B513465B
S2140244B80A461946064B186813F035FA30B1BDE8B5
S2140244C8084040F2FB41034818F07DB808BD00BF1B
S2140244D82454002004680400024B1878431E5842ED
S2140244E8584170473061002008B5064B1B7823B147
S2140244F840F22551044818F066F8FFF7DBFD002065
S21402450808BD00BF306100200468040008B5054BEA
S21402451801EB81011868490013F080F9002818BFDA
S214024528212008BD2454002008B5044B1868F9F762
S214024538B1FE0A2390FBF3F040B208BD24540020D3
S214024548014B1878704700BF016B002008B5044B72
S214024558186813F017FEB0FA80F0400908BD00BFCD
S2140245682454002038B5124D0C462B78012B04D95A
S21402457840F246510F4818F026F821460020FFF769
S214024588E5FF90B10C4B1C702B785BB9FFF792FDD8
S2140245980A4B93F900100A4BC901186813F05BFE20
S2140245A8002038BDFFF750FDF2E72120F9E700BFEB
S2140245B83061002004680400016B0020326100208C
S2140245C82454002008B5074B186813F0D9FD30B1FB
S2140245D8054BB3FBF0F083B20BB1184608BD0120B9
S2140245E8FCE700BF2454002040420F002DE9F347A1
S2140245F85C4E012017F0E4FF3388990704D440F68E
S2140246083F41594817F0DFFFDFF8808198F80030FD
S214024618053B012B04D940F64141534817F0D3FF16
S214024628524F3B6823B940F644414F4817F0CBFF38
S214024638348814F0200478D00121222016F0C2FF14
S2140246484FF47A74FFF7BEFF3B681B78093343437F
S21402465804EBC30498F80030A5B2062B0BD117F06A
S214024668EDFB0446FFF7AEFF602358430C2303FB1B
S2140246780400284485B2D7F800903D4B99F800808C
S2140246881C7808F1FF381FFA88F8002C52D13388B4
S2140246985A0505D409F1010018F073F8C0F340145E
S2140246A83449354A887812784B7812FB00F2334F31
S2140246B893423B70A4BF9B1A3B703B78CA78BD6096
S2140246C8934238BF13463B700EF087FE002833D05D
S2140246D80EF081FE012814BF102508252543002365
S2140246E8DFF8ACA00093802243464946DAF8000079
S2140246F813F0C6F820B14FF43B611B4817F063FF6E
S2140247081F4BDAF8000019781E4B197033889B067F
S21402471814D52A461C4B009713F0B2FCC0B90020E9
S21402472802B0BDE8F04717F04BBF2146222016F02C
S21402473849FF87E70024B3E72546D0E72A460F4B0A
S21402474813F09CFC014618B9252016F03BFFE6E755
S2140247582146262016F036FF40F6F431024817F0B6
S21402476832FFDCE7FE5900200468040014540020D7
S21402477833610020D26A00202D61002018680020CC
S214024788016B0020006B00201854002030610020C6
S21402479824540020184B10B51B889B0704D440F6F7
S2140247A8A661164817F00FFF154B1B78053B012B21
S2140247B804D940F6A761114817F005FF114B1B688C
S2140247C823B940F6A9610D4817F0FDFE00240E4BEA
S2140247D80E4921201C7016F0F5FE014618B9BDE8F0
S2140247E81040FFF703BF022804D12046BDE8104058
S2140247F816F07EBF10BD00BFFE59002004680400F4
S21402480830610020145400202B610020B5490200B4
S214024818F8B55A4C23889A0704D54FF43E7158487F
S21402482817F0D1FE574801F07BF917F045FE2388AA
S21402483805465B070DD54FF0FF3013F068F8524B6C
S2140248481B68C01AB0F5717F03D90021042016F040
S2140248588DFE28464D4D17F02AFE2B78042B32D1B2
S21402486817F02AFE238806465F0708D54548002122
S21402487817F0C2FC3046BDE8F84017F018BE17F02D
S21402488816FE17F019FE424B06461B78414F13B91F
S214024898238859050FD50523012102202B7016F00F
S2140248A865FEFFF777FF304617F001FE3B68DA78B9
S2140248B8394B1A70F8BD3868013017F062FF820665
S2140248C8E9D50623E8E7062B4DD1344B1B78FF2B98
S2140248D8F0D1334E0EF083FD3378002B3DD017F01F
S2140248E8EBFD238805465B0705D52648002117F009
S2140248F883FC2846BFE717F0DAFD3378013B3370AE
S21402490817F0DAFD04460121022016F02FFEFFF703
S21402491841FF20461F4C17F0CAFD2068013017F0E9
S21402492830FF00F44060B0F5006F13D1246801210F
S2140249380422204617F0B4FA204417F022FF014654
S214024948184B04201A783378D21AD2B2BDE8F84047
S21402495817F0E0BE4FF6FF71F2E740202B70BDE875
S214024968F84013F0F8BC012BA4D100232B700E4B91
S2140249781868FFF75DF93F20F1E700BFFE590020EF
S2140249880468040068680020105400203061002083
S21402499833610020145400202C610020FE6A002097
S2140249A82D610020026B00202454002008B50A4B13
S2140249B81A7882B9012210281A7004D040F69D612E
S2140249C8064817F000FE0021202016F0CFFDBDE8AD
S2140249D80840FFF70BBE08BD2B61002004680400E0
S2140249E808B5094B1B88DB0604D440F2C3510748B6
S2140249F817F0E9FD1020002116F0B8FD044B1868E0
S214024A08BDE8084013F033BBFE59002004680400D2
S214024A1824540020012208B5074B1146186813F0E3
S214024A2813FB00212C2016F0CDFDBDE8084000211E
S214024A380A2016F0C7BD00BF24540020014B4008C8
S214024A48185C7047FA6A002008B513460A461946E3
S214024A58064B186812F073FF30B1BDE8084040F6FE
S214024A68E941034817F0AFBD08BD00BF2454002033
S214024A780468040008B5044B186813F0E3FA013812
S214024A8818BF012008BD00BF2454002070B5054693
S214024A9817F012FD0E4B0F4E1B880446DA073570C8
S214024AA808D50D4B0D4D1B78012B08D90121286816
S214024AB813F04AFC2046BDE8704017F0F8BC1BB15C
S214024AC80EF081FCC305F1D4317881F00101EEE7DE
S214024AD8FE590020F96A0020316100202454002083
S214024AE80C4B10B51B880446DB0711D5FFF78CFB69
S214024AF8094B84F0010208211868D20012F05EFE03
S214024B0830B1BDE8104040F63671044817F05BBD78
S214024B1810BD00BFFE59002024540020046804007B
S214024B2808B5044B0146186812F014FF003818BF7F
S214024B38012008BD2454002010B50A4C23787BB106
S214024B48FFF768FF0021042016F010FD002102205E
S214024B5816F00CFD00232370BDE81040FFF7AABA32
S214024B6810BD00BF3061002038B5094800F0E8FCE7
S214024B780024084D95F84430E0B2834200D838BD88
S214024B8805EBC000043000F0DBFC0134F2E700BF9E
S214024B98C85400202854002008B510460249482266
S214024BA8F9F7BEF8002008BD8054002008B505486D
S214024BB817F07DFE014620B9BDE80840014817F007
S214024BC81BBB08BD88680020002238B51C4B15465A
S214024BD81C461A700132082A5D609D8043F8085FF9
S214024BE8F8D1482200211748F8F70AFF4FF6FE7355
S214024BF8A4F868306FF48033E365134B00211A88F3
S214024C08124B1868F8F7FCFE114BC4E91255C4E9B2
S214024C18283584F8445084F85050656584F8A850BE
S214024C28E9F754FDFF220B4B012118700A4B0020AE
S214024C381A70E1F749FF0020FFF7B8FF002038BDD9
S214024C482854002080540020746A00204067002000
S214024C580000FFFF346100207A61002010B5AC2402
S214024C68084B04FB0030836C53B990F850403CB9AB
S214024C7831B1C0E912122046FFF798FF204610BD50
S214024C882120FCE728540020AC2370B503FB00F56E
S214024C98094E731993F850405CB920460BF022FF70
S214024CA8735D204643F002037355FFF77FFF2046E5
S214024CB870BD0120FCE700BF28540020AC235843EF
S214024CC8024A135C23F00303135470472854002047
S214024CD870B516461F4A04461278C2BBAC211E4D52
S214024CE801FB00518A6C92BB91F850203AB1022B14
S214024CF82DD191F84410072907D91C2026E091F8EF
S214024D0844100729F9D8012B08D0AC2000FB045020
S214024D18CA00011D0C30F8F7C5FE0021AC2303FBC0
S214024D2804F000249DF8143000EBC1012944CB712D
S214024D38049B8E808B602B1893F844202046013201
S214024D488C7183F84420FFF731FF204670BD01209E
S214024D58FCE700BF3361002028540020F8B5234B37
S214024D6804461B780F46002B3ED1AC23204D03FB8E
S214024D780053B3F8A03023B940F245311D4817F066
S214024D8822FCAC2202FB0452D2F8A46036B192F896
S214024D98A33039460020B2F8A020B047AC23002141
S214024DA86343EA18A2F8A010C2F8A410482192F8A1
S214024DB8A82001FB02322A44D2F89820964213D041
S214024DC8EB5C9B070CD5AC226243AB5C204623F017
S214024DD8020343F00103AB54BDE8F840FFF7E6BE12
S214024DE80BF0A2FE0028EED1F8BD00BF336100200A
S214024DF8285400205B6804002DE9F04F89B005901E
S214024E0808460D4617F00CF9044618B9212009B0D1
S214024E18BDE8F08F284617F01FF9C0B20838215CA3
S214024E28221892F802A00491D17852682778039241
S214024E380022B4F80130ADF81E20434A029192F8D7
S214024E4800B0BBF1000F08D0404B1B681BB12046D0
S214024E584FFA8AF298470020D9E703F00703022B95
S214024E6870D0013409225946204617F019F8023F35
S214024E783F1A3B0606465FFA87F8C7D4344FD7F878
S214024E889090B9F1000F27D100210DF11E0B434671
S214024E9822460846CDF800B00BF05CFDC3B20546C4
S214024EA8002B4BD1BDF81E0013F099FAE0B9BDF8F5
S214024EB81E0013F07DFB8146BDF81E0013F08FFA24
S214024EC8F0B906EB080201232146584692B200F0D2
S214024ED87BFDD0B119209AE75B465A46012128463F
S214024EE8C8470028D0D191E7D7F89430BDF81E00FD
S214024EF8002BDCD0A11998470028D8D1022086E7D3
S214024F0842464846A119F8F70BFFBDF81E0017F0EF
S214024F1887F8029B059A0372049B80F809A083729D
S214024F28039B1BBAC360AC2303FB027393F850209F
S214024F38BDF81E0022B1DB6C03B19847E8B266E7FB
S214024F48BB6FF9E7012062E7336100200C540020AA
S214024F58285400202DE9F84308460F46164602F163
S214024F68010913F02AFB8046384613F031FA042862
S214024F7856D1384613F050FA48F661054FF6FF72D6
S214024F8848F64103294C904208BF1D46B4F85C1007
S214024F98301D17F0F8FB384613F03EFA0146B01DEE
S214024FA817F0F1FBB4F85E1006F1080017F0EBFBF9
S214024FB806F10A04384614F0C3FF10B145F010058E
S214024FC8ADB22946484617F0DEFB384613F0F0FA2B
S214024FD8424601462046F8F7A3FE3846012117F056
S214024FE857F84444074660B117F036F8054638467F
S214024FF817F016F8EDB201462A462046F8F790FE54
S2140250082C440B4AA41B13780134591C1170F370F4
S21402501834703046BDE8F8430922012116F040BF35
S214025028484617F0AEFB4C460546C3E72854002010
S21402503834610020AC2210B548245043094B1A1894
S21402504892F8A81004FB0100034493F8770002289C
S21402505806D092F850301BB9032818BF012010BD9D
S2140250680020FCE72854002070B508B1012070BD66
S214025078234C94F8A850002DF8D12946B4F85C20A1
S214025088FFF714FA29462846B4F85E20FFF7F8F91F
S2140250982946284604F16002FFF7D6FC94F87730D2
S2140250A8002BE3D0284694F85860FFF749FA864260
S2140250B815D1002094F95A50FFF736FA854216D1D0
S2140250C80020FFF7B7FF0446002016F09FFE0028D0
S2140250D8CDD02146BDE870400020FFF705BA284625
S2140250E894F85810FFF73EFA0028E2D0BFE70020EF
S2140250F894F95A10FFF70AFA0028E1D0B7E700BF7A
S214025108285400200346AC2010B51446164A00FB65
S214025118032292F8770002280CD1E07F022809D1F0
S21402512841B112490978012913D992F85810227800
S21402513891420ED118462178FFF708FA90B1482214
S21402514821460B48F8F7ECFD002016F05FFE08B97A
S214025158002010BD044B93F8A8000028F8D1FFF7EA
S21402516883FFF5E72120F4E7285400206E6000202C
S2140251788054002038B5AC230D4C054603FB00438B
S21402518800205A6DD86483F8500012B15865FFF7AC
S21402519827FCF5F7D5FBFF281EBFAC2303FB054407
S2140251A884F8A8000020FFF75FFF002038BD00BF84
S2140251B8285400207FB51D4C94F8A83023B100204F
S2140251C884F8A800FFF750FF94F85A30B4F8A060A5
S2140251D88DF80F3026B940F2FD21154817F0F3F97D
S2140251E8144B31461D6800202A46FFF7B3FEE46FCB
S2140251F802469CB10DF10F0301930023294630465F
S2140252080093A04702462C7854B920462146FFF759
S214025218A5FD2046FFF7CAFC04B070BD0122F2E7DE
S21402522829460020FFF714F8F6E700BF28540020A6
S2140252385B6804004067002038B5494B1C78002C90
S21402524858D1484800F06CFC204616F0DFFD0028CE
S21402525850D0454C2378D90733D594F850201AB144
S21402526823F00303237045E023F0010323700BF0B9
S21402527843FC237805469A0701D50BF033FC2946EA
S21402528800200BF049FA40B92378284643F0010378
S2140252982370BDE838400BF025BC0023482284F86A
S2140252A8A33094F8A83084F8A25002FB0343D3F83C
S2140252B89830A4F8A000C4F8A430BDE83840FFF738
S2140252C879BF94F84400B0B104F1A003251D95E80F
S2140252D8030083E80300FFF76DFF94F8442028468E
S2140252E8D20004F10C01F8F7DDFB94F84430013BD8
S2140252F884F8443038BDA26C62B99B0711D523786E
S214025308002023F0020343F001032370BDE838406F
S214025318FFF74CBC0123A06484F8503090472378EA
S2140253289EE70BF001FC0028E9D194F8A83073B187
S214025338F5F706FB94F85030002BDBD1FF2818BF90
S21402534884F8A800BDE838400020FFF78DBED4F8E0
S2140253588C30002BECD098470028CBD1E8E700BF6A
S21402536833610020886800202854002070B504465F
S214025378002016F04BFDAC235C430B4E351995F80E
S21402538850300BB1002070BD0028FBD0074817F03C
S2140253988EFA0028F6D1335D002BF3D195F8440037
S2140253A8B0FA80F04009EEE728540020886800200A
S2140253B810B5084A034613F00EF914684FF6FF7242
S2140253C803EB40039C42184603D9018802339142F4
S2140253D8F8D010BDE45400202DE9F047204F0546CA
S2140253E83B88A3B3B0F90230002B30DBDFF87C80B1
S2140253F81C49D8F80000F8F759FD20B94FF4EA71AD
S214025408194817F0E0F80026DFF85CA0DFF860908D
S2140254183A88B3B29A4204D84FF4EB71504617F062
S214025428D2F8D9F80030B2B253F83200D8F80010E1
S21402543803EBC20468B943F83210A388284601333E
S214025448A38013F0C8F8E38803EB4003E380BDE8C3
S214025458F087F8F72BFD01360028D9D1EDE700BF13
S214025468005A00202868040032680400A868002051
S214025478D854002038B5094C094D22682B689A4240
S21402548804D94FF48771074817F09DF828682368EF
S214025498C01A20F0010080B238BD00BFE4540020D4
S2140254A8EC5400203268040038B5124C124D2146DE
S2140254B82846F5F7F3F823680BB12B681BB9DE21EB
S2140254C80E4817F080F82A680D4B0E491A602368B2
S2140254D823F0010313440B600B4B1A602AB9BDE88C
S2140254E83840F821054817F06EB8FFF7C3FF64285E
S2140254F8F5D938BDDC540020E05400203268040098
S214025508E8540020EC540020E454002038B5094C36
S214025518094D22682B689A4204D34FF48A710748C9
S21402552817F051F828682368C01A20F0010080B2E4
S21402553838BD00BFE8540020EC540020326804004E
S2140255482DE9F0411D4B04461B78012B24D1008817
S21402555816F048FD0546D8B10426DFF864802C46C6
S21402556816F0AAFF07462046FFF736FF638843EA87
S21402557808036380A05B16F035FD0446384616F02D
S21402558896FF1CB1B4F90230002BE9DA062E01D1D7
S214025598BDE8F0810626E2E7022BF9D116F08CFF69
S2140255A80246208816F01EFD18B10388C3F30E03C0
S2140255B823801046BDE8F04116F079BF3561002019
S2140255C80080FFFF2DE9F04F0024BA4B97B006463D
S2140255D81C8016F071FF0123DFF8EC82B64F3B7091
S2140255E8B8F80030A8F80040ADF81630B34B1B6880
S2140255F8019316F05CFFB24B21461A88B14BD200D3
S2140256081868F8F7FDF90DF11600FFF799FF002E56
S2140256183CD1DFF8B8924FF0000B0125D9F80040CC
S214025628019B9C4239D3BBF1000F39D1002DF2D031
S214025638D9F80040DFF898A225462246019B9A42EE
S21402564873D302230DF116003B70FFF779FF002E85
S21402565840F08F80D9F800603246AA4280F0A280D5
S214025668908816F0BFFC18B10388C3F30E03938024
S214025678D08816F0B7FC18B10388C3F30E03D3809C
S2140256881046FFF795FE0246E7E79847E3B256F854
S21402569823300134002BF8D1BBE7BBF1000F3ED014
S2140256A80BF1FF335FFA83FB16AB03EB8B0252F860
S2140256B8402CB2F9020051880028B1DA4B04AFD464
S2140256C8924641F48040931D2AF8020F02933AF854
S2140256D8020F16F087FCF0B1B0F902E0B0F802C08B
S2140256E8BEF1000F17DB6FEA4C4C6FEA5C4CA0F871
S2140256F802C00390FFF770FEBBF10F0F8FBF0025A5
S21402570816AB039A03EB8B009EBF0BF1010340F81E
S214025718402C5FFA83FB029B9A45D8D180E7204645
S214025728FFF746FE22460446C3E7104612F053FF2A
S2140257388346B2F90200118800280AEA010108DA4B
S214025748204616F045FC084381B204EB4B0402EBF4
S2140257584B0510461180FFF72BFE02466EE7984768
S2140257685FFA8AF356F823300AF1010A002BF6D1BB
S21402577870E74FF0000AF3E73046FFF719FE824655
S2140257887EB1B6F902307188002B0ADA3088C0F387
S2140257980E0016F027FC864203462DD1C1F30D01F2
S2140257A871805646AE42E7D3DFF81CA116F084FE97
S2140257B800210646504612F05FFF16F013FC054617
S2140257C8002800F08780304616F071FE284612F050
S2140257D802FF0646204616F0FBFB81467600324656
S2140257E829462046F8F75EF9002249460DF11600CA
S2140257F817F035F83444D9E71BD9304612F0EBFED9
S214025808C1F30D01420071801846314692B2F8F78C
S21402581849F9C6E75046FFF7CBFDD146854203D97C
S214025828B0F90230002B01DA824603E0FFF7C0FD2A
S214025838F4E7B146554507D9BAF80000C0F30E009A
S21402584816F0D0FB8245E5D3B9F1000F30D0B9F88F
S2140258580000C0F30E0016F0C5FB034638B93346FF
S214025868CB46994513D8B1459BD0D946ECE748466E
S21402587812F0B1FEB9F802204946C2F30D02A9F8A1
S2140258880220420092B21846F8F70CF9E7E71846E3
S2140258980193FFF78DFD019B9B46854203D9B0F91C
S2140258A80230002B01DA0346DBE7FFF781FDF4E757
S2140258B8CB46DAE7025A002035610020E45400207D
S2140258C8005A0020D8540020045A0020E854002029
S2140258D80080FFFFBDF816303870A8F80030044B79
S2140258E830461C6016F0E3FD17B0BDE8F08F00BF27
S2140258F8E45400202DE9F041054616F073FB0F46E6
S2140259080446D8B116F095FF20B940F2FB4120486C
S21402591816F059FE284616F09FFB05462046FFF766
S21402592847FDBD42064609D004D840F2035118483E
S21402593816F049FE2588ED0B02D02781BDE8F081D6
S2140259486780204612F047FE074604EB400816F02A
S214025958B3FD104B1A68B2420AD1C3F8008016F09B
S214025968A6FD2A464046BDE8F041FF21F8F748B8AA
S214025978A6EB0806B5B216F09AFD072DF1D9002354
S214025988083D44F81730C8F80430A8F80250D5E79E
S21402599832680400E454002038B516F08DFD002164
S2140259A80546044812F068FE0446284616F07FFDAF
S2140259B8204638BD045A0020024B1888B0FA80F0F8
S2140259C840097047045A00202DE9F74F044600881C
S2140259D81F4616F007FB88461546064616F029FFA8
S2140259E820B940F2FE613F4816F0EDFD3388DB0B26
S2140259F8009306D033892B443381002003B0BDE8D8
S214025A08F08F208816F028FB82463046FFF7D0FC37
S214025A18019016F051FDDFF8D0B0019BDBF80020AC
S214025A2881469A421DD1FFF725FDA84204D2484670
S214025A3816F03DFD1A20E1E70AEB050373803FB135
S214025A48208816F0EDFA2A4641465044F8F768F9D7
S214025A583046FFF7ADFCCBF80000484616F027FDA7
S214025A68CBE716F024FD208816F0F6FA28440099AB
S214025A7880B216F049FB06460028DBD016F0D0FAAC
S214025A888146208816F0CCFA8246208816F0E4FA78
S214025A98514602464846F8F743F93046AFB116F083
S214025AA8BFFA0746208816F0D7FA2A4641463844EF
S214025AB8F8F736F90121208816F0EAFA012102469B
S214025AC8304616F0F9FA268097E716F0A9FA8046C5
S214025AD8208816F0C1FA2A4639464044F7F790FF5E
S214025AE8E8E700BF32680400E45400203421014885
S214025AF816F069BD46680400036910B55BB1826892
S214025B08064B9A4201D1002010BD446916F054FD96
S214025B18201AF9D5F7E74FF0FF30F5E7F55A0200F5
S214025B2882681C4B70B59A420446056819D116F06D
S214025B38C3FC236923B1A34206D100222A601A6154
S214025B48BDE8704016F0B3BC1A4611461269A24266
S214025B58FBD12A68A24208BF29600B610023236191
S214025B68EEE7036993B198426E6803D19D210A480D
S214025B7816F029FD2B46B44209D122699D4218BF68
S214025B881A614FF0000308BF6A60236170BD33468E
S214025B983669F0E7F55A0200466804002DE9F04730
S214025BA8074600254FF0010A154EDFF858808AB0DE
S214025BB8347914B90AB0BDE8F087D6F8009087B9E8
S214025BC800972A46B8F80010234603A816F0D6FE11
S214025BD82246484603A9E9F75BFA2544EDB2083699
S214025BE8E6E7224603A94846E9F726FACDF800A0D2
S214025BF823462A46B8F8001003A816F0BFFEECE7BC
S214025C0848CB0400065A00200148FFF799BC00BF9B
S214025C18065A00209C46174BF7B5054608461988CB
S214025C28164611B1144B1C78CCB101466246304672
S214025C38BDB103B0BDE8F040E9F7FEB91C44E4B2D2
S214025C4808373B79002BF0D03A689642F6D185F0B1
S214025C5801052246009516F091FE03B0F0BD074FE7
S214025C68EFE7E9F715FAB0B203B0BDE8F04010F076
S214025C786CBD00BF065A0020036B002048CB040008
S214025C8810B5074C238843B10020FFF787FF002092
S214025C98FF22044B20801A7010BD0220FCE700BFCA
S214025CA8065A0020036B0020142810B518D80828B6
S214025CB805D110F0B3FDC401E4B2204610BD0E288B
S214025CC802D110F0AEFDF6E7064B53F82040002C42
S214025CD8F3D00A282478F0D105F0A0FE0443EBE7B7
S214025CE8FF24EAE798CB0400014BB3F86800704734
S214025CF8285400200048704792540020014B187818
S214025D08704700BFAC600020014B1870704700BF98
S214025D18AC600020194B022810B5187002D004385F
S214025D2801281BD8164B1B78042B03D000211548D4
S214025D3816F062FA144B1B689A001BD513F0805FA4
S214025D4840F6114418BF4FF44164204611F000F99A
S214025D5890B92046BDE8104010F0F5BC0948FFF798
S214025D68DFFE0A48FFF7DCFE162412F0B1FE11F039
S214025D78E9F8EAE71524E8E710BD00BFB06000209E
S214025D88B1600020AC68002070470020DC46002086
S214025D98024B187800F00F00704700BFB060002072
S214025DA8034B187800F00F00831E5842584170477C
S214025DB8B060002008B512F076FEC0B112F08CFE74
S214025DC8A8B10AF0A7FF90B90A4812F01EFC70B1F3
S214025DD8094812F01AFC50B110F028FD38B111F03B
S214025DE8B9F820B9BDE80840044812F0BFBC002044
S214025DF808BD00BF085A00203A5A0020F054002076
S214025E0830B505460C4693B081B910B9002013B0D8
S214025E1830BD1023214A69460120FFF7FBFE9DF894
S214025E2805305A1E052A28D91720F0E7182200211D
S214025E382046F7F7E5FD002DEBD1FFF7B1FF30B3AB
S214025E4810F0BFFB6A4601460020FEF7A5FEBDF825
S214025E580430204623819DF80230A3729DF8003054
S214025E68E37212F0BFFF002304F11401237304F156
S214025E78100003F0CBFDE081C8E7094A9DF804103C
S214025E8812789142D0D12B70002CD6D1BEE7054BA2
S214025E981B78033B022BD3D9C6E700BF64EE01008A
S214025EA8DD6A0020B060002030B593B005460C4687
S214025EB8FFF776FF20B90C4B1B78033B022B10D852
S214025EC810F07FFB6A4601462846FEF765FE00206C
S214025ED89DF80230607023709DF80030A37013B0EE
S214025EE830BD1720FBE700BFB0600020054B1878CE
S214025EF8012805D000F0FD00A0F1310358425841B0
S214025F08704700BFB06000201FB50146002201A8F6
S214025F1816F042FA064801A916F0FEFC20B116F061
S214025F287FF84089C0F3400005B05DF804FB00BF67
S214025F38826A002030B585B00D460022014601A8C7
S214025F4816F02AFA084801A916F0E6FC50B116F02F
S214025F5867F80446014608222846F7F7A3FD608933
S214025F68C0F3400005B030BD826A0020F8B5054689
S214025F78F8B100210F4816F06CFC0446A8B10D4F84
S214025F88204616F04DF8064616F0F2F9830705D4B1
S214025F98082229463046F8F77FF838B121463846AF
S214025FA816F07BFC04460028EAD10024201E18BFFF
S214025FB80120F8BD826A002010B50C460146064844
S214025FC816F0AAFC30B116F02BF843891C4214BF0F
S214025FD80120002010BD00BF826A00201FB51446AB
S214025FE8024601A816F0D8F9074801A916F094FC4B
S214025FF840B134B116F014F8142201462046F7F7D9
S21402600851FD012004B010BD826A00201FB501466A
S214026018002201A816F0C0F9094801A916F07CFC6E
S21402602858B115F0FDFF4389024613F0020004D06A
S214026038507B80F00800C0F3C00005B05DF804FB92
S214026048826A0020F7B59DF824400D4601949DF813
S2140260582040064600941F4613F061FF4FF6FF7174
S2140260688842044610D0BB0711D4284600F056FFD3
S214026078204616F078FCFF281FBF084A32F8103070
S21402608823F4804322F81030204603B0F0BD0246BF
S2140260982946304612F000FCEAE700BFD85900202D
S2140260A873B50E460146144816F036FC0546D8B1B6
S2140260B815F0B6FF43890446334012D09B0736B222
S2140260C80BD5002E09DAA17B437B0289007B01915E
S2140260D8012100912146FFF7B5FF638923EA0603EB
S2140260E86381628912B1012002B070BD2946024856
S2140260F812F0E1FAF7E700BF826A00200148FFF7CC
S2140261081FBA00BF826A002013B53E4C0DF06CFD24
S214026118D4F8FC311020C3F307430193FFF7C4FDFC
S214026128000650D50020FFF7BFFD01064BD5019BA0
S214026138802B3ED1236A9A0704D440F6154420469B
S21402614802B010BDE3699B07F7D52F4811F0B7FFD9
S214026158012012F01BF90DF05AFD04460028EED174
S21402616800F042F9294812F0DBFA00F099F9E8F74C
S214026178ADF80DF038FD08F003FF08F055FFF4F708
S214026188D7FAF4F775FBF4F78FFB03F0DBFD10F094
S21402619847FB10F048FB10F0E0FE1D4813F0C8FE5F
S2140261A806F08CFA10F09CFE0028C8D010F09AFE72
S2140261B8C5E7019B812BC0D1D4F80C315B00BCD556
S2140261C8D4F80C31BFE71020FFF76EFD0006BCD4EA
S2140261D80020FFF769FD0106B7D5019B802B05D184
S2140261E8084B1A6AD207A8D5DB69ACE7019B812B54
S2140261F8A3D1044BD3F80C21002A9EDAD3F80C312B
S214026208A1E700BF0080E00F690345ECF0540020C8
S214026218115F020010B512F058FC70B301F0E0FAF4
S21402622880F00104E4B20020FEF724FC44EA80046D
S21402623824B212F038FC10BB02200443164816F0AB
S21402624836FB44EA4014154816F031FB24B244EAF9
S2140262580014134816F02BFB24B244EA80141148A3
S21402626816F025FB24B244EA40240F4816F01FFB1A
S21402627824B244EAC02080B210BD0124D3E70B48FA
S21402628812F0C3F90028D7D0094812F0BEF980F0F8
S2140262980100C0B24000D0E7EC680020D0690020B8
S2140262A87447002050690020B0690020085A002070
S2140262B83A5A002008B501F07FF8FEF709F81448A4
S2140262C812F0A3F908B904F025FF124812F09DF956
S2140262D808B906F0DDF902F095FF0F4812F052FAF7
S2140262E80E4B1B78043B022B09D80D4816F0DFFA32
S2140262F828B1FFF78FFF102801D107F0E1FC10F054
S21402630897FA12F0D8FABDE808400648FFF75AB9D5
S214026318085A00203A5A0020F0540020B1600020A3
S214026328D069002010CC0400014B1868704700BFE3
S214026338245400204FF6F77370B5984204460D466B
S21402634886B043D812F0C5FAA04207D108222049DF
S2140263582846F7F7A7FB002006B070BD1D4EB6F814
S2140263686830A3420AD10022082106F16A0012F018
S2140263783EFA18B9082206F16A01E9E784B1002351
S214026388012219462046009308F05CFDFF2811D129
S2140263982946204608F000FF80F00100C0B2DBE77D
S2140263A80D4B1B689B07EAD4284606F0FBFD00281F
S2140263B8E5D0D0E702A913F05DFC0028E8D1DDF8A5
S2140263C80D302B60DDF811306B60C4E70120C3E79F
S2140263D8366100202854002070470020014B1870B0
S2140263E8704700BFDD6A002010B5054C082221461A
S2140263F80448E8F721FE204612F0A5FA10BD00BFB1
S2140264083661002034B608C000487047366100205E
S214026418082208B50349F7F73FFEB0FA80F04009AC
S21402642808BD00BF36610020014B1870704700BFD8
S214026438A4600020F7B50D46044616461F460021FE
S214026448284601F061FD0B4B002183F859402A4685
S2140264583346204600970AF03FF9014630B1022239
S214026468204603B0BDE8F04000F006B8012003B0AD
S214026478F0BD00BF2854002013B513460C461AB1C7
S214026488022A0CBF134601230021044A01910092F6
S2140264982246FEF71DFC02B010BD00BFB58B0300F6
S2140264A800B5002093B0FEF78FFB1E4B188813F03A
S2140264B840FD1D4B1D491A7800200AF091F9342236
S2140264C800216846F7F79CFA0B238DF800306FF424
S2140264D8803301934FF6FE73ADF8103003238DF820
S2140264E81D30134B134A0893134B10680993134B2A
S2140264F851680D93124B6A460E93124B0F93124B2A
S2140265081093124B119302AB03C300210846FEF701
S214026518F9FD6A4601210020FEF7F4FD13B05DF886
S21402652804FB00BF6E6A0020EC6A00200C780400A8
S214026538516902003661002051890300399602002B
S214026548F96A020065A50200B58B0300699202008B
S214026558014B1878704700BF3E610020014B18882F
S214026568704700BF866A00202DE9F74F814610461D
S2140265780E46904616F005F9DFF840B105469BF838
S214026588003033B94A4B1B681BB94A4B1B68002BB1
S2140265987FD015F4406A05F040071BD19FBBB5F5BE
S2140265A8804F61D24FF48074B9F1400F73D0B9F1BD
S2140265B8800F63D0B9F1100F6BD100239BF800004F
S2140265C83D4AD9B2884264D932F8021B0133A14245
S2140265D8F7D166E008F1030016F0D3F84FF6FF731A
S2140265E8984214BF0124022487B1052705F44043C4
S2140265F8B3F5004F44F0080425D0B5F5804F24D2F1
S21402660844F4807421E054460327EFE7B5F5804F3B
S2140266184FF00507F4D3BAF5406F14BF02200820DE
S2140266283844404416F0ADF8019012F06FF9019B19
S21402663805F4404598420CBF44F0080444F00404AC
S214026648B5F5004F01D144F08004BAF5006F0FD1BA
S21402665808EB070016F095F8054612F03AF9A84234
S214026668A2D144F010049FE7544603270220D7E736
S214026678BAF5406F08BF44F0200495E70C4B1B6838
S2140266883BB10022D1B233F8110033F911100029B8
S21402669803DA002008E0074BF1E7A04202F1010204
S2140266A8F0D106B13480012003B0BDE8F08F00BFF8
S2140266B80055002004550020585A00207761002013
S2140266C8034B1A78022A04BF09221A70704700BFC1
S2140266D83F6100200C22034B1A211A700320002265
S2140266E801F090BD3F6100200C2208B5054B1A2127
S2140266F81A700022104601F085FD0022024B1A602D
S21402670808BD00BF3F6100200C5500200C2270B562
S2140267180D4B05461E781A7030B93046BDE87040F3
S21402672800221A2101F06EBD084B1C78E1B21A2924
S214026738F3D825FA04F3DB0703D54422304601F0E2
S21402674861FD0134F2E700BF3F610020056B0020BF
S2140267580C22024B1A7010F0F6BB00BF3F610020F5
S214026768F0B50C8805460E468BB0E4B94FF6FF77AF
S214026778ADF8247010F0FCFB10B902200BB0F0BD87
S214026788CDE90340CDE90544134A0294B2F85C30D9
S2140267986032019300923B464CF60101FF2009AA9B
S2140267A813F0E2FB3080284612F0D9F90B4C70B190
S2140267B8237863B1013BDBB22846237012F0CFF987
S2140267C838B12078B0FA80F04009C0B2D6E705237F
S2140267D8F2E70120F9E700BF28540020046B0020E6
S2140267E8034B11461B6803B118470FF06CBF00BF76
S2140267F80C5500200C22024B1A7008F039BF00BF55
S2140268083F6100200148FEF79BBE00BF0A5A0020DF
S2140268187FB505460C46164615F02CFE00286BD1A9
S214026828062D03D85223EB40DB071AD4B4F1006FC7
S21402683805D3E30E1C3B032B18D94F202EE000226B
S2140268482F4B1A602F4B1D7011F0F7FF03460A2DC7
S21402685854D8DFE805F02D183E4918251853534139
S214026868360002F0A3F8B4F1006FE2D20022244BFD
S214026878042D1A60234B1D70E6D1022001F0B6F9EA
S21402688811F0DBFF0346012202921F4A01921F4AB9
S21402689800921F4A314620460AF078FA04B070BDC4
S2140268A8314620461B4A04B0BDE870400AF056BA84
S2140268B831462046184B194A04B0BDE870400AF023
S2140268C831BA00220292164A0192104A0092154ADA
S2140268D8E0E702220B4B1A7000221046124904B057
S2140268E8BDE87040FEF7BAB9002202920F4A01923A
S2140268F8064A00920E4ACDE74D20CFE70120CDE7A3
S2140269080C5500203F6100201567020051690200FD
S214026918A18B0300FD670200F1660200E967020028
S2140269285967020069670200C9660200DD6602004E
S214026938638B030008B50AF059FA0C22014B0020B3
S2140269481A7008BD3F610020F0B585B0ADF80600A4
S21402695818B97621644815F036FEBDF8060011F01F
S21402696837FD0446BDF8060011F032FD082846D069
S2140269780C2CBDF8060042D111F01AFE074615F097
S21402698800FF0DF10F010646BDF806000FF039FFAD
S214026998002879D009220021384615F081FA9DF898
S2140269A80F301033C518BDF8060015F055FBEDB2CA
S2140269B8854269D22946BDF806000AF025FB06F488
S2140269C84C4416F44066054614D0F81C15F0D9FE59
S2140269D84FF6FF73984208BF44F04004B6F5006FBE
S2140269E808D1781D15F0CDFE4FF6FF73984208BF02
S2140269F844F010049DF80F305BB3072D44D1BDF860
S214026A08060011F0DBFC0446BDF8060011F0E0FCB7
S214026A18082817D0A30615D524F0200189B2BDF898
S214026A28060011F0B6FCBDF8060011F0C1FD002103
S214026A38092215F035FA00F1100189B20DF10600A7
S214026A4813F0BBFB0022BDF80610284815F007FF16
S214026A581AE0082D16D8BDB1013D072D14D801A39A
S214026A6853F825F0C96A0200D56A0200916A020044
S214026A78956A0200916A0200E16A0200076A020049
S214026A88E76A02007C2D24D005B0F0BD24F48844C1
S214026A98A4B2B4F5084FF7D1BDF8060011F093FC7E
S214026AA8BDF8061013F04AFA0028A8D0BDF806006A
S214026AB811F0E1FC00220146022015F02BFEE3E766
S214026AC824F48064A4B2B4F5484F97E7B4F54C4F63
S214026AD894E7B4F54C4F92D04CF6500301E04CF6CE
S214026AE840439C428AE700BF54680400085A0020C4
S214026AF82DE9F7430F4690469946064615F090FA52
S214026B080446304615F0A8FAC5B2083D2C44E1788A
S214026B18094BA2781970094B31461A700020434671
S214026B283A46CDF800900DF0EAFC003818BF01206E
S214026B3803B0BDE8F08300BF596100205861002009
S214026B482DE9F04FDFF84081DFF8409198F80020F1
S214026B5899F8003006469A4285B004D340F21911D5
S214026B68424815F030FD30460DF10F0115F02CFCA9
S214026B7820B14FF48E713D4815F025FD98F8007047
S214026B889DF80F403D1B15F0FF0530D04FF0FF3C37
S214026B98374B01211B78A140184699F800304FF66A
S214026BA8FF790CFA03FC0023324A01F1FF3E0193F7
S214026BB8C1F1000A9DF80430984243D8122004FB1B
S214026BC800002D4BA0F1120105EBC5025200194434
S214026BD804F101091844F6F765FF4FEA89092748C0
S214026BE8A9F104010144AA004844F6F75BFF2249CA
S214026BF804EBC40201EB420321F81260204A013773
S214026C0812784FF6FF71DA731A745A7412025A809F
S214026C181C4A0D2012781A7110225A7100229A7391
S214026C28C3F80620C3F80A20144B43F8242088F831
S214026C38007015F06FFD0EB912F0DFFF204605B0A2
S214026C48BDE8F08F13884B450AD053680AEA030B4F
S214026C5803EA0E030B4403EB4B0343EA0C035360AD
S214026C68019B083201330193A4E700BF676804005A
S214026C78E96A002040450020A45900203C4500202F
S214026C885961002040610020AA600020E76A0020BF
S214026C9810B5074C2046FEF743FF04F06BFB02F0E4
S214026CA8DDFE2046BDE810404FF47A5115F0A4BA2E
S214026CB8AC6800202DE9F041074600250A4B0B4E2A
S214026CC893F80080ECB2A04503D8FF242046BDE81E
S214026CD8F08108223846B11DF7F7DEF9013500289B
S214026CE8F4D01236EEE700BFAA600020A4590020AE
S214026CF807B50DF1070115F067FB30B19DF80730AF
S214026D08034803EBC30300EB430003B05DF804FB40
S214026D18A45900202DE9F843294E044633785D1E0F
S214026D282D1A8342EDB204D84FF4A171254815F006
S214026D384AFC0123A3404FF0FF305F1E3B4400216C
S214026D484FF6FF7E6FEA03081F4A92F800C01F4AF2
S214026D58127890401E4ACBB29C4523D8BDB127B2C2
S214026D6804EBC4041B48640005EBC50204F11201D7
S214026D78014452002044F6F795FEBF001648AA00C2
S214026D88391D014402F0FC023844F6F78BFE3378CC
S214026D980022013B33704FF6FF71BDE8F8430E2020
S214026DA815F0B8BC1388734507D0536808EA030978
S214026DB83B4003EB59030343536008320131CAE7E9
S214026DC8AA60002067680400E96A0020E76A0020D3
S214026DD840450020A45900203C45002010B50A4C26
S214026DE8207858B9094B1B781A2B03D999210848D9
S214026DF815F0E9FB0322074B1A7010BD0138C0B222
S214026E08FFF788FFECE700BFAA600020E76A0020C9
S214026E1867680400A66000202DE9F047054615F0CD
S214026E2891FDFF28044624D1DFF884901E4B99F87A
S214026E3800201B789A422BD22846BDE8F047FFF777
S214026E487FBE38883B79504518D86F2B4FEA131205
S214026E5814D85B0710D0123708F1010899F8001009
S214026E685FFA88F6B142ECD80023104ADEB28E42A8
S214026E7814D32046BDE8F087022AECD913F02EF880
S214026E880028E8D129463046BDE8F04711F0A8BEEA
S214026E984FF000084FF6F77A044FDFE71079013310
S214026EA88F28EFD81232E1E7E76A0020A4590020BB
S214026EB8AA6000204FF6F773984210B514D8FFF769
S214026EC8ABFFFF2810D0134C00B200EBC00004EB57
S214026ED840040DF026FD104938B962880B7802EB9B
S214026EE80313A3EB1213638010BD227C637C09781C
S214026EF89A42E2732374617407D98B4203D213460B
S214026F088B4228BF0B461B02EDE78A42F8D313468C
S214026F18F9E700BFA4590020596100202DE9F04185
S214026F2806460F4600240E4DDFF8388098F80030E3
S214026F38A34201D8BDE8F081082229463046F7F771
S214026F48ABF840B935F8063CBB4204D02046FFF7FA
S214026F58E1FE013CE4B20134E4B21235E6E700BFD2
S214026F68AA590020AA600020F8B5054608460E462B
S214026F78FFF7A0FEFF2830D01D4B294653F8207095
S214026F883046FFF7CBFF2846FFF746FFFF280446A2
S214026F9825D112F0BEFFFF280AD1164C207838B148
S214026FA80FF012FB2378B0FBF3F202FB1300C0B219
S214026FB8294611F015FE044623B20F4D03EBC30310
S214026FC805EB430508223146A81DF6F76BFD2B791B
S214026FD8204603F00F032B71F8BD0027D3E7074BB3
S214026FE81B78002B18BF0027014B43F82070E3E7F5
S214026FF83C450020E76A0020A4590020066B0020C2
S21402700838B50B4B04461B780D46834204D840F22B
S2140270185A21084815F0D7FA074804EBC40400EBCF
S21402702844002946BDE8384008220630F6F73ABD3D
S214027038E76A002067680400A459002070B5044671
S21402704808460E4615F07EFCFF28054610D0204658
S214027058FFF730FEFF2807D0084B1B7823B9084BEA
S21402706853F8202043F8252021462846FFF7C8FF74
S21402707831462046BDE87040FFF750BF066B002039
S2140270883C4500202DE9F843002480460127264681
S214027098114DDFF84C9099F80030A34210D83E43C1
S2140270A80134E4B21A2C4FEA470705F11205F2D169
S2140270B84FF0FF30094B1B7898403043BDE8F88301
S2140270C82B884345EBD0284611F0D3FD0328E6D893
S2140270D82B796F2BE3D8E3E7A4590020E76A002050
S2140270E8AA60002010B5084C00EBC00004EB400470
S2140270F823795B0707D1204611F0BBFD237923F0DD
S21402710807031843207110BDA45900200022084B1B
S2140271181878084BD1B2884203F1120300D8704798
S21402712813F80D1C013221F0100103F80D1CF1E7CB
S214027138AA600020A45900202DE9F047022612274B
S214027148DFF85C90DFF85C8099F8004000250CE0D8
S21402715807FB05F338F803A00021504611F09EFD00
S21402716810B15CB1013CE4B2013599F80030EAB2DC
S2140271789342EDD8A34204D14FF6FF7A5046BDE8B3
S214027188F0870FF021FA99F80030012EA3EB0403DA
S21402719890FBF3F202FB1300C4B2EDD00126D5E74A
S2140271A8AA600020A4590020034B00211A7803483D
S2140271B89200F6F725BC00BFE76A00203C4500208F
S2140271C810B5134B0C461B7886B0834212D9114968
S2140271D800EBC00001EB4001082220460631F6F714
S2140271E861FC00220821204611F001FB80F0010014
S2140271F8C0B206E0C01A01A9C0B212F093FE10B1DE
S214027208002006B010BD01AB03CB20606160E8E742
S214027218E76A0020A459002008B5074B024653F82F
S21402722820308B4206D915204FF6FF7115F072FAF8
S214027238002008BD0120FCE73C450020024B013136
S21402724843F82010704700BF3C4500202DE9F3475D
S21402725881460C4600272A4EDFF8ACA09AF8003082
S214027268FDB2AB4210D86946204612F074FEC0B38F
S214027278082269464846F6F70FFF90B34946204665
S21402728811F0B2FFFE2537E006F10608082241464D
S2140272984846F6F701FF90B94FF6FF739C422BD08B
S2140272A83388A34228D0204615F05DFBFF2814D168
S2140272B84946204602B0BDE8F047FFF755BE14B966
S2140272C812360137CAE73388A342F9D100220821C9
S2140272D8404611F08CFA0028F2D12846FFF71AFD2C
S2140272E8CCE74946002015F03CFBFF28054603D0AC
S2140272F8044B1B780344DDB2284602B0BDE8F0878B
S214027308A4590020E76A0020AA6000200F4B1B78C9
S21402731883420CD8C01A0E4AC0B232F81030D904CA
S21402732811D443F4805322F8103001207047094BD9
S21402733800EBC00003EB40035A79D10603D442F0AF
S21402734810025A71F1E70020704700BFE76A002072
S214027358D8590020A4590020F0B5134B06461B78CE
S214027368FBB100251148DFF84CC090F800E0104841
S21402737807781F44E8B2864501D80020F0BD7C1B7A
S21402738894FBF3F003FB10440CEBC4003CF83440C7
S214027398B44204D1002AF1D184788C42EED0013569
S2140273A8E8E71846EAE700BFE96A00205C470020DB
S2140273B8A86000204045002070B50CF006FC142595
S2140273C80F49104E0B78328830809B1A03449BB2C2
S2140273D8B3FBF5F405FB14330B700B49E2B20B78DA
S2140273E8934292BF00239B1ADBB2032A0B7088BF14
S2140273F8002306499EBFD2000B68D3400B6070BDBF
S214027408426100200C5A0020A76000205C4700203A
S214027418084B1868084BC2B21B789A4208D2074B28
S214027428C0F307201B78984234BF0020012070471B
S214027438012070475C470020E96A0020416100206D
S214027448F8B505461746FFF7E3FF064610B9184B88
S2140274581A783AB9212001224FF6FF7115F05AF927
S2140274680020F8BD1348DFF854C003780133B3FB95
S214027478F2F402FB143303700F48DCF8002000EB2A
S214027488C30420F8335002F10132A1703846CCF812
S2140274980020FFF7F7FDE670606011F01AFAA842BE
S2140274A801D10120DDE7E3780133E370F9E700BF95
S2140274B8E96A0020A8600020404500205C470020BA
S2140274C810B50B4C0B4A2378063B13700CF07DFB69
S2140274D80022094BFF211880084B09481A602278B7
S2140274E8D200F6F78DFA0422064B1A7010BD00BFBA
S2140274F8E96A0020416100200C5A00205C470020FF
S21402750840450020A76000202DE9F843074615F0FD
S21402751853F805461A4815F0CAF91A4B48B31C68B8
S2140275283C1B2C44A4B20022174BDFF864901B784D
S214027538164D99F8006005EB03155FFA82F8464582
S21402754809D9AB8805F11000A34215D9B21A294603
S2140275581201F6F7A7FA013689F80060AC80B8F18E
S214027568000F03D13946064814F046FE2846BDE801
S214027578F8833C461D60D6E705460132DDE700BFC4
S214027588CC68002010550020446100203C440020AE
S214027598456100202DE9F74F15F00EF84FF0000E62
S2140275A8284D294F2978294C97F800A004EB011397
S2140275B803EB0A120092F3465246DFF898801FFA47
S2140275C880FC0646B8F80000ACEB0009A0EB0C00FD
S2140275D81FFA89F901900098984217D1BEF1000F58
S2140275E800D02970524503D200203A70FDF7DEFA21
S2140275F83B7823B32B78164804EB0314A188C8F803
S214027608006003B0BDE8F04F14F0F6BDB3F804C04E
S214027618CC450FD84FF0010E93F802C001310CF199
S214027628FF3C013AA3F804B083F802C0C9B2D2B24A
S2140276381033D0E701988444A3F804C0F8E703B0EF
S214027648BDE8F08F44610020456100203C440020DC
S214027658CC680020105500207FB56C461E4B1F4D87
S2140276681E78013EF6B21E7095E80F0084E80F00F9
S2140276781B4B28461A7805F1100132441201F6F718
S21402768811FA9DF8026016F00F0511D1BDF8080030
S21402769809F02CFE360918BF29464FF00002BDF83D
S2140276A8000008BF039904B0BDE8704002F022BD8E
S2140276B8BDF80400FFF728FF0346828804ADADF83C
S2140276C80420224603CAAA4218605960144603F1E7
S2140276D80803F6D104B070BD446100203C44002083
S2140276E845610020F8B50024084D094F094E3B783D
S2140276F83178E2B20B449A4204F1010400DBF8BD89
S2140277082846FDF71DFF1035F1E700BF3C44002070
S214027718456100204461002070B5134B06460D46AD
S214027728104612491A78124B09781B780B44934272
S21402773806DB1F204FF6FF7114F0ECFF002070BD29
S214027748FFF7E2FE013506808570044614F02FFF27
S214027758E08009F0D1FD40F602432081E360002074
S214027768FDF724FA0120EAE7E66A002045610020D0
S214027778446100202DE9F84386460023144FDFF8BB
S2140277885C803E7898F8005012497219DCB294422E
S2140277981CDA4FEA041C31F80C900133F14501EB70
S2140277A80410F3D1631CD21A0CF1100C12016144B6
S2140277B8F6F778F9A5428BBF05F1FF3506F1FF36D5
S2140277C888F800503E700CB9034B1C70BDE8F8836D
S2140277D8456100203C4400204361002044610020AB
S2140277E8044B054A1B781278D3420CBF01200020AE
S2140277F8704700BF4461002045610020024B18789C
S214027808003818BF0120704744610020002108B5DF
S214027818084B09481970094B1970094B1970094B1E
S2140278281A781201F6F7ECF8BDE808400648FEF7A3
S21402783877B900BF456100203C440020446100201F
S21402784843610020E66A0020CC68002010B50B4C85
S21402785823784BB10A4802F03BFD58B1084B012188
S214027868188811F028F908B9002010BD0122054B26
S2140278781A70FAE7FFF7F0FEEAE700BF4461002055
S2140278883C4400204361002010B50E4B1B78BBB168
S2140278980D4C238883424FF0000311D10B4AE16056
S2140278A8137049B9A3781033A37011F0CEFB18B938
S2140278B8A37823F00F03A370FFF7CEFE012010BDB6
S2140278C81846FCE7446100203C440020436100203F
S2140278D870B592B00C4606460EF073FEE17A05467F
S2140278E80020FCF733FE28B394F90A0010F08AFF4A
S2140278F810BB134BE27A294683F85820A27A83F8FB
S2140279085A206A46FDF748F94FF6FE739E420CBFA8
S2140279184FF6FF7323896A4629460020ADF80660AB
S214027928ADF80430FDF7EEFB40B92289054B5A80C4
S21402793812B070BD5520FBE75620F9E72120F7E77D
S214027948285400201455002010B504460146082283
S2140279580948F6F7A7F8237B022B0AD8002B14BF90
S2140279683122012205490B7017234B61044B1A700A
S21402797810BD00230122F5E71855002014550020F3
S214027988B0600020014610230120014AFEF742B9E2
S21402799864EE0100014B5861704700BF1455002081
S2140279A8014B1878704700BF1455002010B5054CD7
S2140279B82378112B03D0E221034814F004FE412356
S2140279C8237010BDB060002072680400064B0146A2
S2140279D81B78042B04D1054A137E053313767047A9
S2140279E8034814F009BC00BFB160002014550020FB
S2140279F8EC68002008B50648FDF7A2FD0548FDF725
S214027A089FFD0EF00AFFBDE8084000F0EBBF00BF7E
S214027A18085A00203A5A0020064B1878332806D00F
S214027A2800F0EF00A0F14303584258417047012086
S214027A38704700BFB0600020002208B5074B4FF61B
S214027A48FE701A7010F051FF4FF6FF7010F06AFFC2
S214027A58034B5869BDE808400EF075BEB0600020BA
S214027A681455002008B5064B187838B10548FEF7B5
S214027A7843F84FF47A73B0FBF3F0C0B208BD00BF08
S214027A88A56000201C4700202DE9F0438BB007466E
S214027A98154698460E469DF8489049B9104605ACD4
S214027AA814F061FF214612F03DFA172818BF264641
S214027AB8B9F1000F0AD1124B1B781BB9284612F0EF
S214027AC84EFAD0B92846FEF7A1FA02E0284612F086
S214027AD846FA80F00104E4B29DF850302A46029332
S214027AE89DF84C303146CDE9009338464346039418
S214027AF811F025F90BB0BDE8F0834C46ECE700BF61
S214027B08AC6000200022014B1A76704714550020FC
S214027B1808B50020FEF788FC0023024AC2E90133B2
S214027B28538008BD1455002010B5144B1B78033B30
S214027B38012B16D8124BB3F868204FF6FF739A42F9
S214027B480FD10320FEF7E6F801F052FFFFF7E0FF39
S214027B58002014F05BF978B1BDE81040002010F060
S214027B6835BDFEF7C7F80446FEF7BEF801462046BE
S214027B7807F01AF80220E5E710BD00BFB160002042
S214027B882854002008B5114A114B58611378032B64
S214027B981BD0D3B1332B01D0432B10D10D4B1B78FE
S214027BA8033B012B05D803231370BDE808400EF0EB
S214027BB8CABD0EF0C8FDBDE80840FFF7B5BF2123D1
S214027BC81370BDE8084001F07DBD08BDB060002016
S214027BD814550020B160002008B50348FDF7A0FF41
S214027BE8FFF796FF022008BD1C47002038B5114D46
S214027BF804462B78834218BF28700FF0B1F980B17B
S214027C0824B920460FF0AEF902220DE001200FF04B
S214027C18A9F92B781A1F012A05D9062BF4D10322B3
S214027C2802E0002CF5D10122BDE8384000210846C2
S214027C3810F0C5BFB160002030B5044685B068466E
S214027C480D46FFF79FFE94B100212846144A01F01C
S214027C58F3FE144B20681B7861688DF80430124BCB
S214027C681B788DF8053002AB03C305F071F90F4B8C
S214027C7893F8582093F85A308DF803208DF802307E
S214027C8810F044FEADF8000010F023FE1023ADF805
S214027C98060069460020064AFDF7BCFF05B030BD5F
S214027CA800F8FF07DD6A0020B16000202854002093
S214027CB864EE010010B5104B04461A780F4B0020EC
S214027CC883F8582014F0A2F810B1002010F07EFCB9
S214027CD800210846FFF7B0FF0FF034F92046FDF7FB
S214027CE849FA40F617400EF02EFD0023044A138088
S214027CF8044A138010BD00BF4661002028540020A5
S214027D08E2590020E05900201FB504466846FFF7EE
S214027D1839FE54B100238DF8053010236946002039
S214027D28064AFDF777FF04B010BD10F0D2FDADF895
S214027D38060010F0EBFDADF80000EEE764EE010079
S214027D4810B5014604460020FCF700FC90B10C4B27
S214027D581B78023B032B0FD80A4B1C7014F08AFBC5
S214027D6860B9094A0949FCF779FF003818BF0120AB
S214027D78800010BD5520FCE70220FAE74D20F8E700
S214027D88B0600020466100200DA60200BD7C0200FD
S214027D98F8B5064614F06EFB044668B914F036F8D1
S214027DA850B1064D204695F8587085F8586010F080
S214027DB80DFC10B185F858704D20F8BD28540020E7
S214027DC82DE9F04180461846033B012B0E4617461E
S214027DD802D918B1212438E0FFF708FF274B1D788F
S214027DE8022D08D0032D46D1B8F1000F03D1244B3B
S214027DF81B689B073FD43320FDF78CFF01F096FAE9
S214027E08B6F1006F34BF1F4B052231464FF006000D
S214027E1838BF1A78FEF7FCFC044628BB1A4D2873AE
S214027E28012000F017FE10F071FD68802846B8F1B0
S214027E38000F0DD0022300F8043B10F0D3FF6C733A
S214027E482F61394630460EF0C2FB2046BDE8F08167
S214027E58012300F8043B10F0C5FF6C732F61394606
S214027E6830460EF0B3FBF0E72846FDF753FFB8F1AD
S214027E78000FF4D0E5E70224E7E700BFB060002071
S214027E8870470020076B002014550020034B187813
S214027E9818B9034B034A1B78D05C7047AF600020C2
S214027EA8B1600020F4CC040038B5437B0446DB07F7
S214027EB803D590F909000FF044F800250F4B83F814
S214027EC859502079FFF764FFFFF7E0FF618824889E
S214027ED8034622462846FEF7ADFA044620B1172086
S214027EE8FFF750FE204638BD1723054DC821054822
S214027EF86B6114F081F903232B76F3E728540020EC
S214027F0814550020EC680020F0B51A4D06460C46BB
S214027F1893B0A5F8680005F16A0729BBC5F86A1088
S214027F2879600EF04EFB6A4601460020FCF734FEE6
S214027F38D5F86A30ADF81060CDF812307B68CDF807
S214027F4816300EF03EFB6A4601460020FDF7DAF8C8
S214027F584FF6FF73B5F86800984203D014B1064985
S214027F680EF038FB13B0F0BD08223846F5F79AFD36
S214027F78D7E700BF28540020925400202DE9F0418C
S214027F88DFF8B8801F4698F8003005460C461646B5
S214027F981BB102252846BDE8F081531E052BF8D8EA
S214027FA814F068FA0028F4D13B7B032B14D14FF661
S214027FB8FE739C4212D1012E09D0022EE9D110F08E
S214027FC888FC4FF6FB73984203D810F082FC0446EE
S214027FD804E011F0D9F8FAE7012EDAD0EDB93946FD
S214027FE82046FFF775FC05460028D3D198F80030DE
S214027FF8332B03D0532B1CBF0E4B18613046FFF7AA
S214028008F5FD00214FF6FF70FFF77EFF0A4B1B783F
S214028018002BBFD011F089FFBCE7397B721ECB1E3E
S214028028594259415042504105F07CFF0546002806
S214028038D5D0AFE714550020086B0020B0600020AA
S2140280482DE9F04105460F46904610F042FC6B7B40
S2140280580446DB0703D595F909000EF072FF10F007
S21402806838FC384B384E188010F050FC374B1880C6
S214028078FDF73AFE364B1880FDF73CFE082201460D
S2140280883448F5F70FFD10F0E6FB334B18702879E5
S214028098FFF77EFE00216888FFF736FFFDF726FF0A
S2140280A860B14FF6F672631E9BB2934206D911F080
S2140280B86BF8B6F8683004468342F8D0204610F0CB
S2140280C814FC288810F02EFC4146B6F86800B8471B
S2140280D8044628B91920FFF755FD1920BDE8F08196
S2140280E8B6F8681010F0AEF900231C4D86F8593021
S2140280F82B7803F0FB03022B02D0204610F00FFE6B
S214028108002220461146FFF707FB0446B0B11723A4
S2140281186B61134B1B78042B09D1C821114814F044
S2140281286BF803232B7684F00100C0B2D6E74FF42F
S21402813816710C4814F060F80023F3E71720FFF7CF
S21402814821FDF0E7125A002028540020105A002079
S2140281580E5A0020476100204F6100201455002067
S214028168B1600020EC680020F0B50C461E460B46AF
S2140281782049074689B004F1140053F8045B834289
S21402818841F8045BF9D11B8802AD0B80D4F80E00C7
S214028198D4F81210238803C5ADF8103023798DF869
S2140281A812208DF8133000233A468DF814304FF615
S2140281B8FE71012002ABFFF7E1FEC8B902A8FFF77D
S2140281C8C3FB237B4BB10C4D0C4B01AA294601205D
S2140281D801930EF094FE2A781AB92046FFF764FE39
S2140281E803E020460199FFF72BFF08B9044B1E70DF
S2140281F809B0F0BD145A002014550020038E03005F
S2140282085061002001232DE9F341304E05460F4602
S21402821800202F491446737300F0EAFB0EF093FE13
S214028228DFF8AC8038B9012D01D9042D0FD12146CB
S21402823838460EF04CFA1020002111F08EFE002867
S2140282483CD0002002B0BDE8F041FCF7AFBC002CE1
S214028258F1D1204B1B78212B03D0062B01D0532BB0
S21402826802D101F02FFAE6E7FDF740FE0028E2D039
S21402827800F0EAFB28B9307BC0F11800FFF782FC51
S214028288D9E7154B41462046019300F0B1FB20B1D1
S21402829840F61901114814F096F901AA0B4998F804
S2140282A80C000EF02CFE32781AB90948FFF7FCFDCE
S2140282B8C1E701990648FFF7C3FEBCE7FFF79EFA37
S2140282C80028BED102B0BDE8F08100BF14550020D8
S2140282D8145A0020B0600020038E0300726804005F
S2140282E81FB5144B04461B88DB0707D44FF6FF70EE
S2140282F80021FFF709FE002004B010BD0A230E4A2B
S214028308012001A9FDF786FC4FF6FF73BDF80C2085
S2140283189A42EBD00822FF2101A810F068FA00283A
S214028328E4D10CB90120E7E7BDF80C0001A9FFF774
S214028338EBFDF7E72C5A002026E1010038B50C467B
S214028348154610F0D2FA02F053FF29462046FFF7E8
S214028358DBFD00F079FB48B1054BDB790E2B28BF15
S2140283680E230133DBB2034A137038BD0123FAE742
S214028378145A00205C61002038B51D46FFF7FEFD42
S2140283880446C8B92B7B2846032B03D1BDE83840E0
S21402839810F047BDFFF7D8FA084B25469C8110F027
S2140283A85AFA0121064B81401A780620FEF730FA5F
S2140283B8044608B1034B1D70204638BD14550020EC
S2140283C8076B0020B060002030B5012087B0FFF7A9
S2140283D887FF6B460446144A1068516803C384B97B
S2140283E804F0C4FD02A8FFF7CDFA4FF6FF75224641
S2140283F8BDF80E002946FFF7A1FF0EF0EFF807B00A
S21402840830BD6B46094AD2F86A00D2F86E10B2F846
S214028418685003C304F0AAFD02A8FFF7B3FA6A4637
S214028428BDF80E00E6E700BF06F103002854002058
S21402843837B5324B04461B781BB10224204603B0DC
S21402844830BD14F017F80028F7D100F00DFB14B170
S21402845822882B4B1A8000210DF10700FDF7D0FC6D
S214028468002848D110F0AFFC04460028E6D1254D76
S2140284789DF80700FFF7BAFB2B78033B012B27D89A
S2140284882046FFF72DFF18B3FFF79EFF00F0FCFE0D
S214028498FFF74AFB012010F0A8F948B9184B1B88C9
S2140284A89A0707D52346052201201749FFF788FCB5
S2140284B80446C3E7154D022329460120144AFDF750
S2140284C8A9FB2B885B07B9D5204600F0F1FEB5E775
S2140284D82B78053B012BB1D8FFF776FFFFF724FB75
S2140284E82B78052B0CBF04200520FDF713FC012072
S2140284F810F07BF9DCE71724A0E700BFB060002085
S2140285082C5A0020B160002000F8FF07DE59002030
S21402851827E101007FB50024184E194D3278E3B2E0
S2140285289A4201D804B070BD4FF6FF73B5F86820BA
S2140285389A421AD0134B1B88DB0714D5124AB5F891
S214028548683010685168ADF80C3001AB03C30F4AA7
S2140285580A23002001A9FDF75DFB022300200C4A2E
S2140285680C49FDF757FB0134D8E7002208210648D4
S21402857810F03DF90028F6D1DCE700BFE86A0020D3
S214028588285400202C5A00209254002026E101008C
S21402859827E10100DE59002010B500F0C7FE01F001
S2140285A813FCD8B10E48FDF7BBFA0E480E4C017AFA
S2140285B80E30FFF741FB23781BB100F0F7F90023D2
S2140285C823700022094B1A73FFF7AEFA07F0B8F9C0
S2140285D800F012FFBDE81040FFF79CBF10BD00BFB9
S2140285E8EC680020145A0020506100201455002020
S2140285F810B52548FDF794FA01F0E6FB30B1234B97
S2140286081B781BB9BDE81040FFF7C6BF01F0DCFBBC
S21402861878B11F4C237E83B1C8211B4813F0ECFDAA
S2140286280021237E0846013B2376BDE81040FCF76E
S2140286382BBBFDF75BFC0028EBD1FDF757FC154B6F
S2140286481B7858B9112B03D003F0FD03412B19D11F
S214028658BDE810400E4B5869FFF794BA332BF7D192
S2140286680D4B188810F041F90C4B188810F05AF97F
S2140286780B4B0C491888FFF747FC0B4B1878FFF78B
S21402868887FBE5E710BD00BFEC680020AC60002061
S21402869814550020B0600020125A0020105A0020FC
S2140286A80E5A0020476100204F6100202DE9F04F46
S2140286B80F4685B002AD044629463846914611F063
S2140286C8DEFE4FF0000B82463846CDF804B00FF0B7
S2140286D86FFF4678022C804606F0020609D85CB17F
S2140286E8FDF704FC0446002848D1754B01241B7884
S2140286F865E0043C022C3AD9FDF7F8FB38460FF041
S214028708D0FE00240546A046DFF8D8A138460FF06A
S2140287184FFF50F809300DF10500019314F031F8B7
S2140287289DF807B00746B8F1000F4DD1BBF1000F10
S2140287385BD0DFF88C9199F800300BB1002E63D02D
S214028748002C61D05F4B1B78022B5DD1BBF1000F6A
S21402875853D1384610F0C9F858465946FFF76CFA0E
S21402876807F0EEF840F607400DF0EDFF34E010F0A3
S2140287781EFBFDF7BBFB0446F8B15C464EB1524BF6
S2140287881B78012B02D0043B012B0BD805B0BDE8A1
S214028798F08F4B4B1B782BB14B4B1B7803F0FB032C
S2140287A8022BF3D0BAF1000F404608BF002511F09D
S2140287B859FE4FF001088246A8E7414B1B78002B6A
S2140287C8F0D0002EEED1E1E7BAF1000FAED0504657
S2140287D8FDF71EFE0028A9D1002013F017FB00287B
S2140287E8D4D000200FF0F2FED0E74FF6F7739F4280
S2140287F89FD91720FFF7C6F9EEE7FDF777FB48B1D2
S2140288083248FDF78DF9F4E7FDF770FB10B1BBF1BE
S214028818000FF5D1FDF76AFB0028DDD02846FEF7E3
S21402882849FAFF28DFF89CA0294C03D09AF80030B2
S214028838012B04D12946B4F86800FEF795FBFEF72B
S21402884851FC2A463846B4F86810FFF777FD214BE4
S214028858214A93F906301B0213809AF80030012B3E
S21402886819D0312B14BF432311238AF800301B4B2F
S2140288781648196813F0C0FC00F006FD0023124CD7
S21402888899F80010237641B9104813F0B5FC40F663
S2140288981B436361A0E71123E7E7B8F1000F03D093
S2140288A816B1FFF779FEF2E70D4B1B78042BEED1D3
S2140288B80521064813F0A0FC09232376E7E700BF44
S2140288C8AC600020B060002014550020EC68002040
S2140288D828540020145A00202A5A00200C69002026
S2140288E8B16000203661002070B508468CB00D468F
S2140288F80FF05EFE09220021064613F0D1FA04465E
S21402890828460FF0CEFD052228460DF10F0304A9CE
S2140289180DF06BFF02281BD09DF80F3029461C4429
S2140289280023E4B204F11002365D01200093D2B2AD
S2140289380BF0E5FD60B1022E0AD1064B1B78012B1F
S21402894806D1054B187818B922462946FFF7AEFE17
S2140289580CB070BDB06000201455002008B5084B56
S214028968187050B1074B1B883BB14FF47A71064812
S214028978594313F041FC002008BD0120FCE700BF64
S214028988A3600020886A00203C460020014B18801D
S21402899800207047886A002008B5FDF7C1F8002253
S2140289A8014B1A7008BD00BFA360002010B5002452
S2140289B8044B05481C80054B1C70FDF7B1F8204691
S2140289C810BD00BF2E5A00201069002051610020F9
S2140289D808B50348FDF7A4F8BDE80840FFF7E6BF68
S2140289E8106900200148FCF7ABBD00BF2E5A0020D4
S2140289F8F7B5134B04461B780E46EBB183421DD9D6
S214028A080021104813F025FF002501460D4F09B92D
S214028A18012009E0AC4209D100241623224630463A
S214028A28009413F0ABFF204603B0F0BD384613F0AF
S214028A3834FF01350146EAE71820F5E72720F3E771
S214028A48516100202E5A0020014B1878704700BF4B
S214028A585161002025289DBF024B18700020212056
S214028A68704700BF096B0020012307B51846064A5F
S214028A780DF10701FDF7CEF89DF80720034B1A7093
S214028A8803B05DF804FB00BF29E101008A6A0020F2
S214028A9884B010B502AC84E80F00082224480DF111
S214028AA81601089CF5F7F8FA38BB9DF815309B07AF
S214028AB805D4204B1B7803F0FD03312B23D11E4926
S214028AC86378097803F00F028A4203D0012928D175
S214028AD8022A18D12278B2B91B09022B13D194F9AB
S214028AE80230002B21DB154BB3F86820BDF80A309C
S214028AF89A4208D1FEF790FF06E0002208210C48A9
S214028B080FF075FE20B90020BDE8104004B070478B
S214028B180B4BBDF808205B889A42C6D0002BC4D0FF
S214028B28F1E70229EFD1012AD3E70120ECE700BFDB
S214028B3818550020B0600020DD6A00202854002066
S214028B481455002084B02DE9F0478EB016AC84E8A0
S214028B580F00DFF868C1564BBCF802009DF85D901E
S214028B6810F001049DF96220BDF870E09DF875A02A
S214028B789DF976709DF878509DF97A109DF95E8079
S214028B889DF860601B782FD09DF87D00C0F34004E6
S214028B98C0F38000002B44D0464B1B78012B02D131
S214028BA8002C00F08280C0B19CF800301E335BB205
S214028BB8BB42ACBF002701279845D4BF0023012338
S214028BC8BB4209D18A4208DB0CD1A81BC0B2802856
S214028BD88CBF0020012000E038460EB0BDE8F04702
S214028BE804B070470020F8E710F0020F18D0C3B19F
S214028BF8490814BF01200020520814BF012300238D
S214028C088342EAD1AB1BDBB2802B0AD9AE42E9D14A
S214028C18B84506DB49D1CA4594BF00200120DCE7E7
S214028C280BB90120D9E7AE4216D002AC1CAF0FCF63
S214028C380FC497E8030044F8040B2180DDE91A0103
S214028C4816AB0090ADF804100FCB0EF051F90028C1
S214028C58E7D1AE42B9D1C0E7BDF8583073451ED049
S214028C6808AC0DF1700CBCE80F000FC49CE80300BA
S214028C7844F8040B2180104C638873450FD10822F0
S214028C88211D0DF12E00F5F707FA024638B908211C
S214028C98201D0FF0ACFD10B96388002BC1D1B84572
S214028CA8BFDBC2D1CA45BCD8BFE7204695E700BF9E
S214028CB851610020B0600020145500208A6A002006
S214028CC884B02DE9F04F8FB06A4E18AC08AD84E830
S214028CD80F00162200212846F4F792FE33783BB995
S214028CE80024654B32781B789A4239D2002726E050
S214028CF80021624813F0ADFD00270446B846DFF8A7
S214028D087C91002C45D13FB1224639465B480FF08C
S214028D18D2FC3378013B33703378002BE0D0002145
S214028D2856484FF0000913F094FD4F468046CA464F
S214028D38DFF848B1B8F1000F6CD1002FD1D0162158
S214028D48002218A80FF04FFC014648B1002F00F089
S214028D588B80224649480FF066FC3378013333701D
S214028D68454B32781B789A4207D944480022018834
S214028D780FF0A1FC3378013B33703378012B03D113
S214028D883F49404813F038FA0FB0BDE8F04F04B038
S214028D9870470022214616232846CDF8008013F095
S214028DA8EDFD1622294618A8F5F776F90028EBD025
S214028DB89DF864209DF824309A4225D1BDF860209B
S214028DC8BDF820309A421FD108220DF12E010DF16E
S214028DD86E00F5F761F9B8B902AF0DF1600CBCE8A0
S214028DE80F000FC79CE8030047F8040B39800EAB48
S214028DF813E903000090ADF8041095E80F00FFF79A
S214028E08A1FE0028C0D027462146484613F045FD55
S214028E18044676E71623002241462846CDF800A0E7
S214028E2813F0ACFD02AF0DF1600CBCE80F000FC7E3
S214028E389CE8030047F8040B39800EAB13E90300DD
S214028E480090ADF8041095E80F00FFF77BFE074682
S214028E5820B1B9F1000F04BF444681464146584640
S214028E6813F01BFD804665E73A46044813F0F7FC04
S214028E7873E700BF51610020096B00202E5A0020BC
S214028E8820BF0200106900202DE9F04F0021044699
S214028E989FB00DF14008162240460E91CDE90C11FE
S214028EA8CDF83B10F4F7ACFD052220460DF11F0362
S214028EB816A90DF09AFC0228074600F0F280204612
S214028EC80FF076FB064613F05CFC8146F01C13F0A6
S214028ED858FCADF84000701D13F053FC012FADF896
S214028EE84200204640F0E0800FF062FB054620462E
S214028EF813F096F80D3502232D1A009321464346A1
S214028F080820EAB20BF0FBFA002800F0CA802046D6
S214028F180FF053FB012F83469DF84D3040F0DC805E
S214028F2800252F4643F001038DF84D3016AE3388E0
S214028F38022B4DD1F1782046023108F065F81B283D
S214028F4846D1F1782046033108F05EF819283FD159
S214028F58F1782046043108F057F84A2838D14FF0FD
S214028F68050AF17820460131514408F04DF8F178A7
S214028F7805905144204608F047F8059B00EB03206D
S214028F8883B200F03F02932B059240F095800023AF
S214028F98F778214602375744FFB23A4600930CA8A0
S214028FA80F2313F0EBFC07F10F01204611F040F9EE
S214028FB807F111010546204611F03AF9ADF84200CC
S214028FC8059B023353445FFA83FA33795345C8D86C
S214028FD806360DF17603B342A9D19DF84D20C5F3A6
S214028FE8C03363F3410220468DF84D200FF077FA1E
S214028FF88DF8440020460FF067FA8DF845002046A3
S2140290080FF067FA9DF83230BBF1190FC3F3C302AB
S2140290188DF84720DDF833208DF84600CDF84E202F
S214029028DDF83720CDF8522094BF00229DF83E2066
S2140290388DF8482003F003028DF84A209DF84D204B
S214029048DB0963F38202694B8DF84D201B78022BED
S21402905856D1BDF840600FF059FC864250D108A898
S2140290680FF0C0FEBBF1190F47D908220DF14E01C9
S21402907808A8F5F711F800283CD1B9F5004F02D038
S214029088B9F5624F0DD140F6FF7325F440459D426F
S21402909807D1002208210DF14E000FF0A8FB002888
S2140290A83ED01FB0BDE8F08F0FF082FA0546204684
S2140290B812F0B6FF07351EE7412B81D1F17820461C
S2140290C80231514407F0A0FF494B1B78C3F1B303A2
S2140290D818448DF8490073E76FF30003F01D8DF806
S2140290E84D3013F04EFB0CA9054620460FF0CCFE79
S2140290F80B2772E700F058FDBFE700F055FDD0E7F2
S214029108B9F5004F02D0B9F5624FCAD140F6FF73DF
S21402911825F440459D42C4D1BBF1190FC1D9B8E721
S214029128BBF11A0F06D007F11F0142462046C9B204
S2140291380DF0E4FE2F4C304D637BDBB12B78012B10
S2140291481DD1012323730CAB029314AC94E80300DD
S2140291580090ADF8041098E80F00FFF799FC90B15C
S21402916894E803000090ADF8041098E80F00FFF7A3
S214029178A7FD08E0FCF7BAFE0028DFD0E1E703F017
S214029188FD03042BDDD02B78012B01D0042B88D1CC
S2140291981A4BDDF84E001B78DDF852108DF8223097
S2140291A8BDF84030ADF820309DF84D30C3F340038B
S2140291B88DF823309DF8313003F00F038DF82C30EC
S2140291C89DF848308DF82D3009AB03C30C4B1B684D
S2140291D81BB1414608A8984763E79DF946209DF8C3
S2140291E8451008A80DF071FA5BE700BFB0600020D2
S2140291F858610020145500203F6100205761002066
S2140292080855002010B513F0D7F9114B1B78022B1E
S2140292181CD1104A1468A04218D00F4910600A6878
S214029228121B10440D4A086012786AB1013A93403C
S2140292383C2253434FF47A725343984206D9BDE808
S21402924810400320FCF766BD0A23F3E710BD00BFF3
S214029258B06000206847002064470020D96A0020D2
S214029268064B1B88DB0708D50022054B43F820204F
S214029278044A135C63F00F0313547047305A0020F5
S214029288B84500207560002008B513F095F900224D
S214029298024B1860024B1A6008BD00BF68470020E0
S2140292A864470020014B1868704700BF64470020D7
S2140292B808B50C48FCF734FCFCF772FD80B10A4B83
S2140292C80322B3F8681001200DF038FE4FF47A71C5
S2140292D8064B04481B885943BDE8084012F08CBF69
S2140292E808BD00BF30690020285400206C6A0020A0
S2140292F8014B1880002070478E6A0020044A054BEE
S2140293081870138823F00303184310800020704750
S214029318305A0020DA6A0020034B1888C0F30E0081
S214029328003818BF01207047DE59002008B5FFF73D
S214029338F3FF30B1002004490223044A0880FCF7F0
S21402934869FC002008BD00BFDE59002027E10100A5
S214029358024B1888C0F30E00704700BFDE59002083
S2140293680023084A01201370074A08491370084B5D
S214029378084A1B7843F0040313800223064AFCF7C4
S21402938849BC00BF5461002053610020DE5900200A
S214029398DA6A0020305A002027E1010030B50121A0
S2140293A800240B2385B0104D019400918DF80C30E3
S2140293B88DF80D000323B5F8680003AA8DF80E4051
S2140293C810F0EFFF68B1B5F868100FF01AFE40B15A
S2140293D80522064B64211A70054B06481C7012F0CB
S2140293E80BFF05B030BD00BF285400205361002093
S2140293F85461002050690020064B1B78033B012B62
S21402940806D8054B1B781BB9044B1878FFF7C6BF5E
S214029418704700BFB160002052610020D96A002060
S21402942810B51548FCF77CFB144B1978F9B9144AA1
S21402943813787BB1013B1370124B1B78042B02D1B5
S2140294480846FBF721FCBDE810404FF496710A481F
S21402945812F0D2BE0C4A128802F00302022A0AD17D
S214029468BDE81040032201200849FEF7A9BCBDE862
S2140294781040FFF7C1BF10BD50690020546100209C
S21402948853610020B1600020DE59002000F8FF0773
S214029498084B1A785AB10223013A93404EF66022D4
S2140294A8534303210448B3FBF1F112F0A5BE42F27E
S2140294B81073F6E7D96A00205069002070B5054691
S2140294C81748FCF72DFB0122164B28461A7010F097
S2140294D88CFF411C044689B2284607F095FDA11C5C
S2140294E8064689B2284607F08FFD0F4C02232080D5
S2140294F8214600200D4AFCF78DFB86B9238803F027
S2140295080303022B03D1FFF7BFFEFFF7C1FF238831
S2140295185B0704D5BDE870400548FFF7C9BE70BDB5
S2140295285069002054610020DE59002027E101001E
S214029538306900202DE9F0431F4C0546238889B080
S214029548002B33D01D4E00214FF4807010F0E5FC3E
S2140295583378DB0728D50121208812F099FD0746C3
S21402956820880FF025F8023013F00BF905A980467B
S214029578208811F021F83378384613F0020F104B82
S21402958818BF0025B3F8009012F066FD0646384666
S21402959812F046FDF6B20290424606212846CDE96A
S2140295A8009605AB0DF04DF800232380054809B058
S2140295B8BDE8F043FCF7B4BA365A002055610020DD
S2140295C8345A00207069002010B5044640F621403F
S2140295D8FFF7B0FF01214FF4807010F09EFC78B1BF
S2140295E80022084B1C80084B1A7007F085FEBDE85F
S2140295F81040064B1880064B0648198812F0FCBD28
S21402960810BD00BF365A002055610020345A00208B
S2140296186E6A002070690020044A137818B943F06D
S21402962801031370704743F00303FAE755610020FD
S214029638044B1B781BB9044A1380FEF707B90020AF
S214029648704700BF43610020325A0020042230B51A
S21402965801F0400387B0002B054614BF01240024FE
S2140296688DF80C208DF80D1004D004A910F073FCA8
S21402967810B304ABCDE9004301210223284603AA0E
S21402968810F08FFE0446C8B10D4BB3F868100EF002
S214029698D9FE4FF6F7739D4209D932220221204697
S2140296A8FEF73AF880F00100C0B207B030BD29468E
S2140296B820460FF0A6FCF5E70120F6E71920F4E7A6
S2140296C82854002010B5FFF731FE04F031FA0FF0E7
S2140296D824FB002010F037FC12F0CCFE08B1FDF790
S2140296E829F9204C2378532B12D103232370002305
S2140296F8FF2219460120FEF763FB002012F086FBC4
S21402970810B100200EF062FFBDE810400DF01ABC42
S214029718062B01D0212BF0D10120FEF7F5FA4FF6E1
S214029728FE700FF0E2F84FF6FF700FF0FBF800201D
S214029738FEF752FA0020FEF759FAFEF7E9F900F0AA
S21402974829FB0DF002FC2378212B02D1FEF774F9CF
S214029758D3E70020FCF7DEFA00214FF4004010F0B1
S214029768CCF9CAE7B060002010B50A4C0A48FCF7E4
S214029778D7F92378062B02D10120FEF7C5FA2378FB
S214029788062B01D0532B03D1BDE81040FFF79ABF32
S21402979810BD00BFB0600020906900202DE9F04798
S2140297A8DFF8C08004460E461746FFF7BFFD98F856
S2140297B8005015B90220BDE8F087212DFAD02848B6
S2140297C813F075F80028F5D114F02004394630460F
S2140297D8DFF894A0DFF8949005F00F051BD00CF084
S2140297E8F8FE012D8AF80070A9F8006029D1212315
S2140297F888F80030FFF766FF0020DCE7212388F8A8
S2140298080030FFF75FFF00214FF6FE70FEF77CFB85
S214029818FEF780FEF0E70CF0DBFE012D8AF80070FA
S214029828A9F80060EAD0062321464FF6FD7088F8AC
S2140298380030FFF70BFF40F22621094812F0DCFC45
S214029848E1E7532321464FF6FD7088F80030FFF70C
S214029858FDFE40F22621024812F0CEFCCCE700BFFD
S21402986890690020B060002056610020906A0020AF
S214029878F8B50D460646511C284607F0C5FB0446B1
S21402988828460EF095FE0546023012F07AFF154B72
S21402989807461B78022B02D0043B012B21D8124B19
S2140298A81B68580201D5A1061BD5620619D50F4BAF
S2140298B8B3F86830B34214D16B781B070DD5284627
S2140298C810F0D0FDFCF7A4FD58B1314604F0200094
S2140298D80122BDE8F840FFF761BF0EF0FAFFB84272
S2140298E8F3D0F8BDB060002070470020285400204E
S2140298F873B504460D4613F036F8FF28034625D0FE
S214029908134A12784AB1134A32F81020520404D580
S21402991810F00AFB002002B070BD184610F015FBC6
S2140299286946064610F017FB40B1FCF7E7F928B17E
S214029938002302226946304605F0DCF8204645F048
S214029948400102B0BDE87040FFF780BE0120E2E7A2
S214029958AC600020D859002038B505460EF028FE1F
S2140299680446284610F041FD411C89B2284607F0F5
S2140299784BFB42060DD563781B070FD5204610F021
S21402998871FD0146002012F0ECFFBDE8384010F0E9
S214029998CBBA0348BDE83840FFF7E6BE38BD00BF7D
S2140299A89069002038B54FF6FF75A842044617D0CE
S2140299B80EF0ACFFA04213D04FF6FD72094B198881
S2140299C891420DD9084A1288AA4201D0A24207D16A
S2140299D81C804FF47A71BDE83840044812F00CBC7B
S2140299E838BD00BF766A0020926A0020FC46002036
S2140299F808B50448FCF794F84FF6FF72024B1A8033
S214029A0808BD00BFFC460020766A002037B505462A
S214029A180C46082369460120064AFCF7FBF815B1EE
S214029A289DF806302B700CB1009B2360BDF804002D
S214029A3803B030BD25E1010007B508238DF80600FE
S214029A48ADF80410009269460020034AFCF7E2F8D3
S214029A5803B05DF804FB00BF25E10100024A137853
S214029A680BB1013B13707047A160002008B50EF0D9
S214029A7859FF00214FF6FF72054B08461A80FEF77B
S214029A88DBF8BDE8084040F616400CF05CBE00BFA6
S214029A98766A002008B5FCF743F80A4B1B78023BA7
S214029AA8032B08D84FF6FE73074A108898424FF6DB
S214029AB8FF7301D1138008BD9842FCD0BDE8084068
S214029AC8FFF7D4BFB0600020766A002010B5084BB6
S214029AD81B78042B0AD00EF0FCFE0021044608462A
S214029AE8FFF794FF231A5842584110BD0020FCE79E
S214029AF8B1600020F0B5002689B00546CDE90566B6
S214029B08ADF81C6010F071FC0A230246044629468A
S214029B18009605A812F032FF9DF815309DF81470CD
S214029B281F2B27D803A80FF05DF908220DF116019E
S214029B3803A8F4F7B1FA0646E0B9092F1CD1FFF7D5
S214029B48C5FFB8B1144B1B78A3B1144B1A884FF64D
S214029B58FD739A420ED9124C124A23780433DBB2AA
S214029B6823701278013AB3EB820F03DD58B20AF07B
S214029B78A4FE267009B0F0BD0A34E4B2214628468F
S214029B8807F042FA0FF0C1F9611C284610F050FBA4
S214029B98FFF708FFEEE700BFED6A0020766A0020AE
S214029BA8A1600020D86A002038B5134B1B78033B07
S214029BB8012B20D9114B4FF6FF711B78ABB1104D14
S214029BC82B888B4217D10EF0A1FE4EF66021044672
S214029BD80C4812F011FB4FF6FE7322462B8000212A
S214029BE8BDE8384009200FF09EB9074A13888B4211
S214029BF81CBF0133138038BDB1600020ED6A002017
S214029C08766A0020FC460020DA59002008B5044887
S214029C18FBF786FFBDE8084000210846FBF734B884
S214029C28B069002010B5044661B1FF210EF061FC50
S214029C38002120460EF063FC0EF0A4FB01462046E7
S214029C480EF063FC2146BDE810400022014812F0DF
S214029C5806BE00BF3A5A00202DE9F0410D461746C7
S214029C6804460EF0A5FC06782846FCF74DF9294668
S214029C78804620460EF0E6FB0EF02BFEA84206D1E2
S214029C8820460121FFF7CEFF0120BDE8F0812846D5
S214029C98B8F1000F0AD0FCF7B9F950B9144B3A4696
S214029CA82046BDE8F0411978FDF736BD10F057F9A1
S214029CB8F3E706F00306012E08D00EF00AFE00238C
S214029CC82246294602F042FA0028D9D120460EF04A
S214029CD875FB430505D52046BDE8F04100210EF088
S214029CE8EABE204610F026F9B0FA80F04009CCE722
S214029CF8D76A002010B586B0044610F076FB104BE3
S214029D080246186819790290D3F805005B7A013280
S214029D188DF8143000238DF80C1004902146009319
S214029D2892B2052304A812F029FE052204A902A865
S214029D38F4F7B2F9B0FA80F0400906B010BD00BFD9
S214029D486CCC040008B511480EF0EFFC104B1B78DB
S214029D58012B06D8FF2010F0C0F8FDF7B1FB10F073
S214029D68DBF8FDF73BF801F091FCFFF7F9FA10F083
S214029D78B4FC07F0F1FDFDF749FD07F03DFB0CF0DA
S214029D882AFCBDE8084002F0D3BC00BFF05400200D
S214029D986E60002008B5F0F7D3FDFF2803D0094B04
S214029DA81B78012B06D9002010F097F8FDF788FBE0
S214029DB810F0B2F8FDF712F801F068FCBDE80840AA
S214029DC802F0B6BC6E600020064B1878112806D042
S214029DD800F0FD00A0F141035842584170470120A7
S214029DE8704700BFB06000202DE9F8430446FDF72F
S214029DF80FFB18B100263046BDE8F8834FF6FF7809
S214029E08184BB3F868104145F4D020460EF01AFBFA
S214029E18154B022120461A88FDF77EFC06460028C6
S214029E28E8D020460EF0C4FB90F8079005460430AA
S214029E3812F0A7FC07460EF04CFD49460246384685
S214029E48FDF7FEFAA81C12F09CFC404502D12046FB
S214029E58FFF7BAFB2B789B07CDD101212046FFF7E7
S214029E68E1FEC8E728540020385A0020F8B507460D
S214029E780EF09EFB0546043012F083FC0646A81C2C
S214029E8812F07FFC0446304612F06DFD3046FCF7B1
S214029E983BF82B789B0701D10EF01BFDAB790BB96B
S214029EA80320F8BD0EF015FDA0420CD10EF011FDF0
S214029EB80446094B214638461A78FFF7CDFE002895
S214029EC8EED00020EDE7054B1B78052B1CBF044B94
S214029ED8B3F86840EDE700BF385A0020B1600020AA
S214029EE8285400202DE9F041064610460D4610F08B
S214029EF87CFAA0F11004E7B256FA84F42146EA1B6B
S214029F0804F10E00F3F7CEFD2823DFF84480F3555C
S214029F1898F80030637301F0CDFB611C02460120FD
S214029F280DF028F808220949601DF3F7BBFD98F8DA
S214029F3800000FF03EFE05F10E0130463B460022B9
S214029F48C9B201F069FC1220BDE8F0813661002032
S214029F58AB6000202DE9F04F87B004460EF028FBD0
S214029F68064620460EF087FA0746301D12F009FC10
S214029F788146B01C12F005FC384696F807A012F087
S214029F88FBFC33789A075FD12146042001F04CFD8A
S214029F98002859D0204610F028FA0146204607F035
S214029FA833F8830750D1204610F01FFA01462046A0
S214029FB807F02AF810F00303039345D12046FFF76B
S214029FC899FE002840D0204610F0E5FA451C2046A7
S214029FD812F042F8EDB205F10A0B83455DDA304A13
S214029FE804AB1068516803C3691C204607F00CF8D6
S214029FF829468046204607F007F800EB082059460F
S21402A0081FFA80F8204606F0FFFF8346039B214688
S21402A018AA1C009304A8082312F0B0FC20460EF0EF
S21402A0282AFA5A4641460CF097FF0122404604A9EE
S21402A0380FF0F5F888BB022007F032FC013003D196
S21402A048404604A9F0F744FD0EF043FC48453A465C
S21402A058514607D10EF045FEF8B907B0BDE8F04FF5
S21402A0680FF091B848460EF03CFEB0B90D4B1B787F
S21402A0781BB9394648460EF09CFF3A4651464846B2
S21402A088FDF7DEF948B1317811F0030105D1204613
S21402A09807B0BDE8F04FFFF7C5BD07B0BDE8F08FC3
S21402A0A806F10300A760002038B5114D2B78023B55
S21402A0B8012B18D80CF052FF0446B0B9FFF7A2F8E5
S21402A0C82B78032B07D12346FF2221460120FDF7D2
S21402A0D877FE012038BD21462046FAF7D5FD00381E
S21402A0E818BF0120F6E71720F4E70220F2E700BFC0
S21402A0F8B06000202DE9F74305460E4614460EF0DA
S21402A10867F90C2828464AD10EF052FA092200218D
S21402A11811F0C6FE00F11001C9B2284606F074FF17
S21402A128042813D07C282BD0012840F0AC8046B9EE
S21402A1381321284610F07CF803B0BDE8F0430EF071
S21402A148F1BB03B0BDE8F043FDF7DCBC5B4B1B7804
S21402A158022B40F0988046B9FFF7FAF8C3070AD5EB
S21402A168FFF792F8002C08BF3F26304603B0BDE83A
S21402A178F0430CF04CBAFFF7CFF80028F0D0F1E71E
S21402A188284611F069FF0446284611F049FF0246A0
S21402A1983046E1B203B0BDE8F0430CF036BA0EF032
S21402A1A807FA8046043012F0ECFA074608F1020075
S21402A1B812F0E7FA4FF6F773984204460CD8404A6C
S21402A1C8138801339BB213800BB93E4A13801EB123
S21402A1D83C4A13880133138098F8009009F0030963
S21402A1E8B9F1010F1DD1284610F0FFF8014628469E
S21402A1F806F00AFF0B2809D00D2807D0042842D1FA
S21402A208284603B0BDE8F043FFF7A6BB2E4B1B78E3
S21402A218042B38D10021084603B0BDE8F043FAF70C
S21402A22833BDB9F1000F2ED13146284603F05EFD44
S21402A2384EB34FF6F7739C4225D898F8016020462D
S21402A24816F0040622D10FF058FE054620467DB1C8
S21402A2580FF085FE034600BB0C22009021463846C6
S21402A2680FF075F80C22002339462046009308E0C2
S21402A2780FF075FE0346C8B9144A009012782146B4
S21402A28838460FF064F803B0BDE8F0830FF067FEB7
S21402A298034678B90B220090F1E706223346214698
S21402A2A8384600960FF053F80622DCE72B46009550
S21402A2B80622E4E74B46CDF80090F9E7B0600020A6
S21402A2C8E2590020E0590020B16000200B6B002004
S21402A2D82DE9F04F05888BB0044628460EF068F93B
S21402A2E80746043012F04DFA8146B81C12F049FAB5
S21402A2F805A98046284610F0C2F8284610F075F8D8
S21402A30801460646284606F07FFE3B78824603F05C
S21402A3180303012B0CBF83464FF0FF0B12F047F9DD
S21402A328E388019002930EF0D4FAFB79009048462F
S21402A338039300F081FF002876D1404600F07CFFA8
S21402A348002840F08880FDF72BFB8046FBF7CEFD01
S21402A35810B9FFF739FD30B1A8F104085FFA88F89A
S21402A368B8F1020F1BD90BF0FD03042B00F0B380E3
S21402A378FFF72AFD20B10AF0030ABAF1010F0ED040
S21402A388FBF70EFD28B9714B1B7803F00F03062B5B
S21402A39868D16F4B2846B3F868100EF053F8BBF135
S21402A3A8010F63D128460EF037F84FF6FF7398422E
S21402A3B840F0918000233146284607AA0FF0A5FDF3
S21402A3C80746002842D042799DF82530934209D99B
S21402A3D8711D284689B206F02BFEA37823F00F03D8
S21402A3E80233A3700CF0F0F87E23B0FBF3F202FB04
S21402A3F8130303F58073A3809DF8263013F0180F15
S21402A4080AD0A3781B0707D1009B4B4504D04846C1
S21402A4187A7905A90CF00DF99DF82700003818BFBF
S21402A42801200BB0BDE8F08F28460EF0C1F80230C6
S21402A43812F0A7F94FF6F773984207D9039B2BB980
S21402A4482846FFF757FC00287FF477AFA37823F057
S21402A4580F03A37008E0404612F08EFA00287FF435
S21402A46872AFF3E72823A3800020DAE7BBF1020FD6
S21402A47854D10123314607AA28460FF046FD8046E6
S21402A4880EF027FABDF8223098421FD1B8F1000F15
S21402A498DCD00122B8F80230314628460FF033FDE8
S21402A4A82C4A13780133DBB2FB711370B8F802300A
S21402A4B8BDF81E209A421FBFA37823F00F0302336B
S21402A4C8A3704FF4C873A3800120AAE7184612F0B7
S21402A4D853FA0028DAD128460DF09EFF12F0ECF95E
S21402A4E8012808BF1C4BA27809BF1B78FA2303EB86
S21402A4F8830303EB830302BF9B00FA339BB2120962
S21402A508A4D1DDE90121521A92B293429ED30CF0ED
S21402A5185BF800F01F001030A080D5E7BBF1030FF0
S21402A528D9D1009B4B45D6D1711C284689B206F074
S21402A5386BFD0C28CFD1FCF7FFFD4FF6FF73984250
S21402A5480146C8D028460DF07DFFC4E7B06000205B
S21402A55828540020AE600020E66A00202DE9F0416B
S21402A56805460C460DF034FF082802D10120BDE846
S21402A578F081201D12F005F90646284694F8078051
S21402A5880DF079FF074628460DF018FF010612D58A
S21402A598184B1B78042B0ED1174B1B78022B0AD1AB
S21402A5A8164BB3F868204FF6FF739A4203D0002181
S21402A5B80846FAF769FB124B1B78002BD6D1A01C6B
S21402A5C812F0DFF84FF6F773984202D86378DA0784
S21402A5D80DD523789B070AD13A46414630460EF0F7
S21402A5E880FB80F00100C0B200F00100BFE7012046
S21402A5F8FAE700BFB1600020B060002028540020AF
S21402A6085B6100202DE9F04F9DB004460DF0E0FE98
S21402A618054620460DF0DCFE082869D14FF40043B3
S21402A6282046ADF85030ADF85C4011F015FDBDF887
S21402A6385C20A0F11005EDB210461023002100950B
S21402A6480FF0E3FD294617A80FF0B7FD204611F0D4
S21402A658E7FC0AF048F9002321461A460C20009324
S21402A66809F04DFF98B3204611F0DAFC14A9024609
S21402A6781020FBF779FF0501204611F0D1FC14A93A
S21402A68802464020EDB2FBF76FFF10B120460BF0F2
S21402A698A4FF204611F0C4FC14A902468020FBF74A
S21402A6A863FFB8B99DB1102517A805F067FF2046C5
S21402A6B8BDF8507011F0D0FC0646204611F0B0FCEA
S21402A6C829460090F3B2384617AA0CF01CF81DB0BB
S21402A6D8BDE8F08FBDF8503017A8ADF85E40ADF86B
S21402A6E85C300CF033FC0028DCD145F08005DBE753
S21402A6F820460DF0ADFEB0F5006F40F0058120460D
S21402A7080DF0B9FE0646042D40F0018120460DF0F4
S21402A71855FE80F40060C0F3C02000223146400097
S21402A72811F0F8FF944B1A78022A0DD0FFF74CFB6B
S21402A73850B902F0FD03312B06D0043A012A03D998
S21402A7488E4B1B78002BC2D02146022001F06CF9F2
S21402A75805900028BBD02046ADF846400DF028FFED
S21402A7680446BDF846000DF086FE0646201D12F089
S21402A77808F8A31C83461846039312F002F812A997
S21402A7880746BDF846000FF07AFE63780690BDF8D5
S21402A798460094F8008008930FF027FE6378054673
S21402A7A808F0030830460C93FBF7AEFBB8F1010F2E
S21402A7B80CBF032302230E93714B08BF4FF00B09FD
S21402A7C81E80237818BF4FF00A0903F03C03082BB3
S21402A7D80D907FF47CAFBDF8460011F03DFCA84210
S21402A7E87FF675AFB8F1010F03D023789B077FF485
S21402A7F86EAF644BB3F86830B3420DD1624A634B0E
S21402A808B2F9001093F90030002900F0A58001EB98
S21402A8180313A3EB211313804FF0010AA5F11003CB
S21402A828DBB20A938DF8453010224846BDF846102A
S21402A838CDF800A00DF1450309F061FE00283FF4AB
S21402A84846AF089B13F00203099300F00981504BA8
S21402A8581B78002B3FF43BAFBDF8469048460FF0F6
S21402A868C4FD002307904846CDE917331993ADF87F
S21402A87868300DF000FE079B039003F10E01484670
S21402A88889B20FF085FD002870D000234946079A42
S21402A898009317A80E2312F071F850460DF15D01C9
S21402A8A80CF076FB9DF869300B9004939DF85C30AB
S21402A8B8282B5BD10DF16100FBF7AAFD0F9000284B
S21402A8C854D104980FF075F90F9B002866D1314BC6
S21402A8D8049A1B78D31A1C0648D404F059F9504532
S21402A8E83CD111F069FE2C4E0546346824B104F0BA
S21402A8F855F92C1B844239D30023FF2219461846E1
S21402A908FDF75EFA356031E04FF6FD76FBE64FF668
S21402A918FF70301A18BF012000223146400011F09D
S21402A928F9FE0C2D0DD12146012001F07DF80028F4
S21402A9383FF4CDAE214600201DB0BDE8F04FFDF72E
S21402A948D3BF2DB920461DB0BDE8F04FFEF79CBA1E
S21402A958042D7FF4BCAEE5E61B025CE704F018F9AA
S21402A968022803D104F0F6F80028BAD000221920EB
S21402A978039911F0CFFEAAE6B06000205B610020C2
S21402A988565A0020285400202A5A002058610020CF
S21402A998AC600020AB6000203855002010214846E5
S21402A9A8079ACDF800A00EF054FF0028DED0BB4B65
S21402A9B8049A1B78934240F0AA8003990DF161022B
S21402A9C814A811F0E9FC012114A8FBF7F5FA82464F
S21402A9D848F2030114A8FBF763FBBAF1000F03D091
S21402A9E8082114A80CF077FA48460FF01CFD0399C4
S21402A9F80DF16100FCF72AFCFE288246B6D0FF2835
S21402AA080AD1039811F09EFFFF28824600F087803D
S21402AA180DF16101FCF7F4FAA04B049A1B789342F5
S21402AA2800F0A38050460B99FCF7F6FB00283FF48B
S21402AA384EAE50460B99FCF701FC237898070FD1C7
S21402AA4848460FF0D2FC0146484606F0DDFA00F00A
S21402AA580300012804D103980DF16101F0F738F8D4
S21402AA68BDF846000DF0AAFC010440F18580204698
S21402AA7811F087FE40F4007189B2204611F083FE79
S21402AA8800224FF40041BDF846000DF088FCDDF8C0
S21402AA981490012310220093BDF846100E980DF16B
S21402AAA8450309F02CFD00283FF411AE032866D1B1
S21402AAB8204611F066FE40F4007189B2204611F075
S21402AAC862FE304611F058FF002840F0B680DDF8E6
S21402AAD81490B8F1010F40F0B6800320BDF8461076
S21402AAE800F0A2FF002840F0AE802946BDF84600D6
S21402AAF806F08AFA0F2801467FF6E9AD4FF6F77395
S21402AB089F423FF6E4AD30460EF0C0FADFE5504607
S21402AB18049903F085FA00287FF44FAF26E72378D6
S21402AB2803F00303012B08D148460FF05EFC0146EA
S21402AB38484606F069FA082892D0594B1A78594BB3
S21402AB481B789A4209D20DF161010398FCF70CFAB8
S21402AB58039811F0F7FE82465EE7A01C11F011FE7C
S21402AB684FF6F7739842EED900E75046FCF7CEFB4D
S21402AB7800283FF457AF5CE74FF0000989E73046F4
S21402AB8811F0FAFE0028A4D0099B002B57D1B9F180
S21402AB98000F52D1B8F1010FBDF846009DD02946E4
S21402ABA806F032FA8246DFF8089199F80030002B50
S21402ABB854D00DF08EFE87427FF489ADB8F1010FAE
S21402ABC87ED1BAF1070F75D8BAF1050F7FF67FADB9
S21402ABD8354B1B78022B02D0043B012B03D899F87D
S21402ABE80030002B41D00C9B9A0640F1B4800D9B96
S21402ABF8002B40F0AC80304611F0B5FEFF2840F03E
S21402AC08A6805E457FF463AD069B002B00F09D8010
S21402AC1812AB46F204020124ADF85C2001932146E9
S21402AC2802233046009417AA0FF0BBFB00283FF415
S21402AC384EAD21460DF03FFF49E5DDF8149030464B
S21402AC480FF075F945E72946BDF8460006F0DCF927
S21402AC58099B824613B9B9F1000FA4D0124B1B7890
S21402AC68022B02D0043B012BBDD8304600F0E4FA92
S21402AC78814600287FF42BAD0DF02BFE864225D1A7
S21402AC880A4BB3F868400DF024FE4B4601460D22E7
S21402AC982046CDF800900EF05AFB18E5AB6000206F
S21402ACA8AA600020E76A0020B0600020285400202E
S21402ACB8AC600020AAF10E03DBB2012B88D906E5A8
S21402ACC80AF00303012B7FF402AD81E7304611F048
S21402ACD853FE58B90DF01AFE4FF6FF73984205D088
S21402ACE811F0C8FB10B93046FCF7E4F8304611F00C
S21402ACF843FE88B10DF00AFE4FF6FF7398420BD05A
S21402AD0811F0B8FB40B9B8F1010F02D1BAF1060F3B
S21402AD1802D030460FF00AF9069BA3B9194601225B
S21402AD2858460EF07CFA814600287FF4D0AC2046BE
S21402AD380FF098FB4A46014638460EF070FA00288D
S21402AD483FF451AFC3E412A9E9E7069B61E76378CB
S21402AD5823F0200363704FF6FC739F423FF4B7ACB0
S21402AD684FF6FD739F4204D1B34B1B78042B3FF476
S21402AD78AEACA3790BB1013BA37163785B0727D509
S21402AD880023584617AA14A917930FF0B0F8179875
S21402AD98F0B10FF0A5F88146384611F0E4FD179A8F
S21402ADA80146137903F03000102806D003F00C0091
S21402ADB808281CBF23F00C031371137903F033031E
S21402ADC8202B05D1FF2903D0012248460FF097F819
S21402ADD8304611F0C8FDFF281EBF0022974B43F8E5
S21402ADE82020089B03F001094FF6F7739F4200F2F2
S21402ADF8F980B9F1000F40F00181314658460EF04D
S21402AE08D8F80DF066FD874200F0C680384611F085
S21402AE18B3FD002841D0B8F1010F27D1BAF1010FCE
S21402AE2817D14A462946BDF846000FF06BF8384651
S21402AE3811F0A2FD824B1B78002B72D1584611F0F6
S21402AE489BFD002866D1384611F096FD002861D190
S21402AE583DE4384611F090FD50B3BAF1030F27D1FE
S21402AE682946BDF846000EF0AAFA30E4384611F034
S21402AE7883FD38460FF073F8002847D0002339467A
S21402AE885846BDF8462001F061F900283ED0002158
S21402AE98BDF84600FEF7C6FE19E4384611F06CFD0A
S21402AEA818B1B8F1010FD8D0E3E7B8F1010FE0D135
S21402AEB8634B1B78002BC1D0BAF1050F31D10DF0C8
S21402AEC808FD8DF85C000DF004FD000A8DF85D00A3
S21402AED80123022217A90DF14600FAF775FD00288C
S21402AEE87FF4F5AB691C89B2BDF8460006F07AF81D
S21402AEF80378013303706378590715D40DF0E9FC1B
S21402AF08834522D0002239461C2032E54C4B1B785A
S21402AF18002B93D0B8F1010FCED063785A0714D518
S21402AF2802E06378580718D5BDF8464020460FF069
S21402AF381EFA411C89B2204606F054F80378B8F186
S21402AF48010F03F1FF33037004D0BDF84600FEF785
S21402AF588DFF09E0BAF1050FD0D0BDF84600FEF71E
S21402AF6885FFBAF1030FCDD00228CBD1002158466F
S21402AF7817AA0EF0BFFF30B10379468003F03C03F0
S21402AF8843F04003037100232E4A0093394658467D
S21402AF9812780EF0DCF9B5E7B8F1010F7FF477AF57
S21402AFA80AF1FF330C2B00F2868001A252F823F036
S21402AFB819B0020019B0020069AE02002FB00200F2
S21402AFC851B00200D7A6020075B0020085B0020092
S21402AFD891B0020091B00200D7A60200A7B0020004
S21402AFE8B3B00200B8F1010F71D0B9F1000F08D161
S21402AFF8BDF84600FEF7AEFFFFF769BBB8F1010FD2
S21402B008CED0237A03F00303012B7FF460ABEFE77D
S21402B018AAF102035A422946BDF846005A410EF0E2
S21402B02871FFFFF754BB2A465846BDF84610FEF78E
S21402B0381FFCFFF74CBB00BFB1600020B8450020DC
S21402B048EB6A00200B6B0020691CBDF8460089B22B
S21402B05805F0DAFF0235EDB20246BDF8463058462C
S21402B068009512A906F0D4FDFFF731BB01200A9A13
S21402B078BDF84610FDF71AFBFFF729BBBDF84600D8
S21402B0880EF046FFFFF723BBBDF84600FEF732FD7B
S21402B098FFF71DBBBDF84600FEF72CFDA8E7BDF876
S21402B0A84600FEF70BFAFFF712BBBDF846000BF098
S21402B0B847FFFFF70CBB2B4622465046BDF8461004
S21402B0C80BF014FF00287FF402AB51461BE50AF189
S21402B0D8FF330C2B3FF6FBAA01A252F823F000BF5F
S21402B0E819B0020019B0020069AE02002FB00200C1
S21402B0F851B00200D7A6020075B0020085B0020061
S21402B1089DB002009DB00200D7A60200A7B00200BA
S21402B118B3B0020010B5002111480DF0ADFA04468E
S21402B128E8B10DF0D1F90F4B187020460DF0D1F9A1
S21402B1380D4B187020460DF0D2F90C4B18702046AD
S21402B1480DF0D2F90A4B1860012011F039FA2046A0
S21402B158FFF758FABDE81040002011F031BA10BDCA
S21402B168085A0020596100205861002057610020C3
S21402B1783055002070B5144E044633680D46BBB1F0
S21402B1880DF026F90C2813D120460DF011FA0922E3
S21402B1980021044610F084FE235C042B08D10B4CD5
S21402B1A825B10B4B22781B789A4203D300232370CF
S21402B1B8002070BD0748316811F01EF82378012078
S21402B1C801332370F5E700BF345500205A6100208A
S21402B1D80A6B0020B0690020014B93F90100704702
S21402B1E82A5A0020014BB3F86800704728540020FA
S21402B1F870B500240D4D2C70EFF77CFAE6B2B0421B
S21402B20808D800220A4B1A700A4B198801B11A800C
S21402B218012070BD304611F0ACFBC30748BF2B783F
S21402B22804F1010444BF01332B70E5E7A96000204E
S21402B238A2600020DC59002038B50B4B05461B7867
S21402B24873B101335C08094B188810F0E9FE002335
S21402B25830F81320AA4205D00133DAB2A242F7D355
S21402B268002038BD0120FCE7A2600020DC5900203F
S21402B27830B5054685B008460C4611F076FBFF2821
S21402B2880CD00DF081FF012200210346CDE9011200
S21402B298009221462A460720FCF7F6FB284611F0BC
S21402B2A862FBFF2804460FD011F063FBC2070DD5D8
S21402B2B8204611F05EFB830708D40B4A32F8143096
S21402B2C843F4806322F8143005B030BD0DF05CFFFD
S21402B2D8012200210346CDE90112009207202A46E0
S21402B2E8FCF7D2FBF0E700BFD85900204FF6FA72F7
S21402B2F8431E9BB2934270B504462AD8FFF79CFFBA
S21402B30838BB194B1B78042B23D0204611F01AFBA6
S21402B318FF2801D0FBF7FEFC20460EF0E3FD08B13D
S21402B3280EF0DAFD2046114E03F0ACFE20460BF076
S21402B3387EF931780E4D69B1288810F071FE0546FF
S21402B34801461E220230F2F7ADFB2C8033781E2B04
S21402B35807D970BD202010F0D7FE28800028EBD130
S21402B368F7E702333370F4E7B1600020A2600020EA
S21402B378DC590020044A13782BB1013BDBB2137068
S21402B3880BB9024A13807047A2600020DC590020DD
S21402B3980148FAF7D5B800BFDC5900202DE9F04776
S21402B3A8804617460D468CB061B903AE00211B488D
S21402B3B811F04FFA4FF000090446DFF860A01CB9F6
S21402B3C820461DE00E46F1E7002221462423304699
S21402B3D8CDF8009011F0D2FA082241463046F2F72C
S21402B3E85BFEA8B9337C9BB96FB945B92A46214694
S21402B3F80A480DF060F90A4A1388013B13800120B7
S21402B4080CB0BDE8F0873B88B28953405B06ECD5A2
S21402B4182146504611F041FA0446D0E73E5A00202B
S21402B4283C5A0020024B1888003818BF0120704783
S21402B4383C5A00202DE9F04330488DB0FAF770FBED
S21402B44811F0BAF82E4D2B68C41A4FF47A73B4FB6F
S21402B458F3F4A4B214B111F0AFF82860294F4FF6EE
S21402B468FF763B88DFF8A080ADF80A3000233B80E1
S21402B47800210DF10A000DF0FFF8054658B9224BD7
S21402B4881B882BB14FF47A711C48714310F0B4FE36
S21402B4980DB0BDE8F0834FF0000924234A4629463A
S21402B4A8CDF8009003A811F069FABDF81A30A34245
S21402B4B894BFDB1A1B1B9BB2ADF81A3063B9BDF8F2
S21402B4C818301B0602D508980BF01EFBB8F8003099
S21402B4D8013BA8F80030CBE79E4228BF1E46012350
S21402B4E84A462946009303A8242311F047FA4A46F7
S21402B4F82946384611F0B3F9BAE700BF9C46002041
S21402B5083C5500203E5A00203C5A0020F0B504461E
S21402B5182E4A8DB01068516801AB03C3A378012B7D
S21402B5284FD1162200210DF11A00F2F769FAD4F863
S21402B5382110D4F81D0003AB03C32388190644BFA1
S21402B54862680892DA050BD5221D08AE04F11407C4
S21402B558354610685168083203C5BA422E46F7D1F6
S21402B568ADF8183013F0040318BFA3690593EFF774
S21402B578D9F80023ADF81A00082201A903A88DF805
S21402B5881C30F2F789FD18B106A903A80EF097F841
S21402B5980022242103A80DF026F8044698B10020BC
S21402B5A8FFF748FF00222146094811F058F9094AD0
S21402B5B80020138801331380FFF73CFF00200DB0EC
S21402B5C8F0BD0220FBE71920F9E700BF06F10300E9
S21402B5D83E5A00203C5A0020F7B5044600200E4684
S21402B5E8FFF728FF104B1B88A34202D8212003B07E
S21402B5F8F0BD00210D4811F02CF9002501460B4F2D
S21402B6080029F3D0A54208D1002424232246304636
S21402B618009411F0B3F92046E9E7384611F03DF9EF
S21402B62801350146ECE700BF3C5A00203E5A00208E
S21402B6380148F9F785BF00BF3E5A0020014B18881B
S21402B648704700BF3C5A002070B50C4611460E4A99
S21402B65823781278064613F0200542EA030222707F
S21402B66818BF611D0822F2F71DFA002D0CBF05202F
S21402B6780D20D4F80130B3602378337303F018032F
S21402B688082B08BF013070BDAC600020042307B544
S21402B69801200DEB0301054AFAF7BCFA019B044A9E
S21402B6A81B03136003B05DF804FB00BF63E51100DB
S21402B6B86047002010B5064C2368C3F30B0313B982
S21402B6C80448E3F7A9FC2068431C236010BD00BFAA
S21402B6D86047002063E51100014B1868704700BFF9
S21402B6E86047002007B50020054B064A1860042369
S21402B6F80DEB03010190FAF78DFA03B05DF804FB2F
S21402B7086047002063E511007FB511230A4A01202D
S21402B71801A9FAF77FFA094B9DF814201A70084B0C
S21402B7281B780BB1052B05D10AF04DFF012007B097
S21402B7385DF804FB0020FAE779EB0100AB60002015
S21402B748AC6000202DE9F04F0646CBB0884600884C
S21402B7580121174610F09CFC2E4B3A463188ADF86C
S21402B768160006A80EF04AF80DF1280B5A4641466E
S21402B778C41930880DF0CCFFE4B208EB0003A342EC
S21402B78808BF044605464FF004091CBFA4EB08048C
S21402B798E4B223465A460121CDE900090BEB050A15
S21402B7A8CDF808B02D1B06A8EFF7ECFBEDB20BEBB5
S21402B7B804030093019523465A46414630880DF005
S21402B7C8D5FF34883946204605F01EFC394600F077
S21402B7D8F802204605F02CFC0121308810F058FCAF
S21402B7E801234A46514680B10DF11600FAF7ECF8E5
S21402B7F801210446BDF81620308810F05DFCB4FA24
S21402B80884F040094BB0BDE8F08F3046FAF7DCF812
S21402B8180446F4E7366100202DE9F04FC9B0044625
S21402B82888469246C118224A04A81F46FFF70CFF0C
S21402B8384FF00409C519EDB208AB0293A5EB0A0B43
S21402B848A8EB0A035FFA8BFBA8EB0506DBB2F6B297
S21402B85804EB0A02009301215B46CDF8049004A883
S21402B868EFF790FB06F590730DEB03025A44A2F528
S21402B8788072136808A844F80830E35D324623F05D
S21402B8880703E3552C442146F2F74AFA08ABCDE9FA
S21402B898019308AA00230121009604A8EFF772FB79
S21402B8A83246204608A9F2F73BFA49B0BDE8F08FBF
S21402B8B836610020F8B506460EF06DFE811C054678
S21402B8C889B230460EF064FDF0B1EDB12946304635
S21402B8D805F09AFB1228074616D80C4B691C1C5C06
S21402B8E889B2304605F090FB2C44052FE4B205D108
S21402B8F8052809D8064B1B5C1C44E4B22146304690
S21402B908BDE8F8400EF044BD0020F8BDAECC0400F9
S21402B918A8CC0400F8B505460EF067FD044628468E
S21402B9280CF046FEA11C074689B228460EF030FDEA
S21402B93800283ED0002C3CD02146284605F064FB61
S21402B9480646611C284689B205F05EFB0F2E30D8E3
S21402B958194B9B5DE118731E89B2092B0ED8DFE8D6
S21402B96803F009050D0D120D0D181E1EC40644BF60
S21402B978083189B2820601D5083189B22846BDE85F
S21402B988F8400EF005BD7B78DB0612D501EB4001C8
S21402B998F3E700F01F0000EB40000144EDE71F2824
S21402B9A805D8092E0ABF4000022080B2F5E7C8284B
S21402B9B8E4D00020F8BD00BFC1CC0400F8B50646A6
S21402B9C80CF0F6FD09220021054610F069FA00F18E
S21402B9D81004284610F0D5FEE4B207462146304643
S21402B9E805F012FB0546304610F036FBBA05A0EB0A
S21402B9F80403DBB20AD47C2D0AD0082D0AD8064ADC
S21402BA08505D98428CBF00200120F8BD1220F8E74E
S21402BA180320F6E7FF20F4E7D2CC0400014B18789F
S21402BA28704700BF0C6B002038B5114B04461B78D4
S21402BA3808469BB9012038BDA24205F101050FD17F
S21402BA4803EBC1035B6898470028F3D11E20224601
S21402BA584FF6FF7110F05EFE0020ECE70025054B5E
S21402BA68E9B213F83120002AE6D11446EEE700BF01
S21402BA780C6B002078CC04004FF6FF7307B5022241
S21402BA880DF106010348ADF80630E3F701FB03B0F3
S21402BA985DF804FB603202E0002307B5ADF8043017
S21402BAA8134B984221D10B88DA0703D5232003B01B
S21402BAB85DF804FB9B0748BF4FF47F434FF0020232
S21402BAC80C480DF1060148BFADF80430E3F7B4FAA6
S21402BAD84FF6FF73BDF806209A42E7D102220548C0
S21402BAE801A9E3F7D5FA0020E1E72120DFE700BF46
S21402BAF81FD1BACA603202E0002313B502220380BD
S21402BB0804460DF106010F48E3F796FA2D2801D0F0
S21402BB18112805D14FF6FF73ADF80630FFF7ACFFD4
S21402BB289DF80630BDF806201BB1238843F00103B2
S21402BB3823800020FF2A82BF238843F00203238043
S21402BB4802B010BD603202E0034B1B78002B14BF14
S21402BB58442056200E307047AC6000202DE9F04F86
S21402BB688DB0179C06468946CDE90223BDF8587063
S21402BB78D588ADF816103CB9EC0605D500970AF03C
S21402BB8853FE0DB0BDE8F08FC5F380242B054FEAAF
S21402BB98043448BF44F40064A80511D544F0800470
S21402BBA80A2E00F26981DFE816F09A002F001700C5
S21402BBB8370067016701370010009A0037009E00B9
S21402BBC8E90548BF44F04004EAE74FF001084FF0A1
S21402BBD8020B4FF0000A14E008A95FFA89F00EF08B
S21402BBE849F8DDF82500DDF8291006AB03C3A44B97
S21402BBF833F81930ADF816304FF00008C3460DF189
S21402BC08180A002F5DD125E006AA0DF116015FFA83
S21402BC1889F003F017FAEFE74FF6F773994540F203
S21402BC282B8115F4026F40F02781964B1B78022B66
S21402BC3803D0043B012B00F2218147BB032E4FF0B1
S21402BC4801080CBF4FF00C0B4FF0080BBA4624F451
S21402BC58C074A4B28C4B18884FF6FF73984206D06D
S21402BC688A49FAF767FB10B124F48054A4B2039BFE
S21402BC7838460093BDF81620534644F4027105F080
S21402BC88EBF9ADF82000002838D1192079E73846B4
S21402BC9810F0E2F90246FFF757FF032E08BF0138F5
S21402BCA8824201DD38206CE7032E4FF001080CBFF4
S21402BCB84FF00C0B4FF0080B4FF0000A24F4C07438
S21402BCC8A4B2029B1B889BB91A46394606200093E3
S21402BCD808F038FC0028BDD140F6014051E74FF085
S21402BCE80008C34675E74FF001084FF0030B70E7EC
S21402BCF8002339461A4607200093E9E74FF6FF73F2
S21402BD08614A118899421CD00CF052FC03465E4ADE
S21402BD1804301188039310F036FD5D49039B0978B9
S21402BD2814F4805FD9715949574A1FBF086898604A
S21402BD384868D8604FF6FF7313804FF0FF330B60E6
S21402BD484B605946029A08A805F03AFA00289CD091
S21402BD58504C2378002B3CD1A7B1384610F07CF91A
S21402BD680746BDF8200010F077F923780744002B21
S21402BD7814BF12220022EB1003F0040317443B44BC
S21402BD88842B8FDC15F400570AD0BDF820402046D5
S21402BD980CF014FB40F4806189B220460CF0F9FAE4
S21402BDA8A6F10803012B05D801221021BDF82000B0
S21402BDB80CF0F5FA179BBDF8204043B32046BDF8B1
S21402BDC816100CF03FFBBDF82030179A002013809F
S21402BDD8D7E6AA06C0D56B0103F020030A2E14BFC5
S21402BDE843F0010363F07E03DBB2B8F1000F08D01C
S21402BDF800215246009108A800F082FE0028ABD027
S21402BE08BFE61A46514608A80DF023FEF6E7204676
S21402BE180EF0EBFA179B024621460420009308F020
S21402BE2891FB00283FF458AF0A2E18D84FF4D9636E
S21402BE38F340DB0713D5072E0AD00A2E08D0BDF822
S21402BE4820000DF0C6F880F00100C0B2800098E627
S21402BE5808A80BF058F80028F1D0042091E617B18C
S21402BE6825F04005ADB22B463146BDF820005FFAF4
S21402BE7889F201F07DFE84E6012082E6162080E63D
S21402BE880C590020B0600020946A00200D6B002038
S21402BE9866610020AC600020F7B50F469DF82810B2
S21402BEA80446DDE90B061D46F1B94FF6FF739C42C0
S21402BEB81CBF174B1C804FF000041CBF154B1A7092
S21402BEC8BDF8240005F012FA00232A46CDE90043FD
S21402BED8394606209DF82030FFF740FE10B90EB10D
S21402BEE8AB7A337003B0F0BD78B14FF6FF739C425D
S21402BEF81FBF074B1C80074B1A7000220CF073FBFF
S21402BF0804460028DCD11920ECE72120EAE700BF26
S21402BF18946A0020666100202DE9F04788469DF85D
S21402BF282810074616461D469DF820A0BDF8249000
S21402BF380B9839B158B300220CF055FB044610B9D9
S21402BF48192025E00C464FF6FF739D421FBF114B82
S21402BF581D80114B83F800A04FF6F7739E4208D84F
S21402BF680E4B4FF6FD761A784FF6FF73002A18BF67
S21402BF781E46484605F0BAF900233A46CDE9084374
S21402BF8831464346BDE8F0470320FFF7E7BD2120C8
S21402BF98BDE8F087946A0020666100206D60002084
S21402BFA82DE9F04786B09DF838600546DDE90FA80A
S21402BFB80C4617469946B6BB374B1B78022B1DD143
S21402BFC825BB4FF6F7739C4214D80026484605F060
S21402BFD88DF900233A46CDE900632146FF23284619
S21402BFE8FFF7BCFD38B9B8F1000F04D0BB7A88F861
S21402BFF8003000E0012006B0BDE8F087043B012BC4
S21402C008DED908460AF07CFF10B31DB3022D31D1E3
S21402C018EEF76AFBA042EDD9204B33F814204FF610
S21402C028FD739A4219E0BAF1000F32D01A4B1B7808
S21402C038022B05D1FFF788FDB042E6D23820DAE7B0
S21402C048043B012BF6D908460AF05AFF0028F1D11C
S21402C0581620D0E74FF6F7739C42CBD8002EB4D002
S21402C0683146002250460CF0BEFA06460028ADD1EC
S21402C0781920C0E7012DBDD104AA0DF10E01E0B2C8
S21402C08802F0E0FF064B1B78A342B3D9BDF80E2098
S21402C098C5E72120AFE700BFB06000200C5900209A
S21402C0A8E16A002030B5104B87B005460C46186882
S21402C0B8596803AA03C298680C4910609A88DB88F4
S21402C0C852BA23F04003ADF812300023CDE90043FC
S21402C0D8ADF81020FF23098803AA0720ADF80E50F2
S21402C0E8FFF73CFD07B030BD4A5A0020565A0020DA
S21402C0F838B50C461146124A124D108022682A603C
S21402C10862686A60A268AA60E288500616D5EA885B
S21402C118520613D561B1002218460CF064FA01469D
S21402C12850B16088FFF7BEFF0522074B1A7038BD6C
S21402C13808460EF09BF8F2E71920F5E70220F6E724
S21402C148565A00204A5A0020766100202DE9F04F00
S21402C158074689B0104615461C468A460EF045F92B
S21402C1680146284604F050FF064628460CF020FAF8
S21402C178043010F006FB80460CF0ABFB804550D02E
S21402C188B2074ED1DFF8AC80284605A9B8F800B049
S21402C1980EF012FA9DF81930A8F8007003BBBDF825
S21402C1A81430EBB928460CF003FA023010F0E9FA1C
S21402C1B84FF6F773984294BF4FF000094FF0010903
S21402C1C801230134E4B22A463846CDF8009005A980
S21402C1D8039303F001FC039B40B901339C421ED231
S21402C1E80020A8F800B009B0BDE8F08F022CF8D1FC
S21402C1F8012BF6D10C4A0D4BA3F800A01378591C54
S21402C20811700B4A7F3B16F00C01137007D1BDF86C
S21402C2181A305B0603D5BDF81600FFF743FF022364
S21402C228D1E70020DFE700BFAE600020946A002056
S21402C23866610020565A00202DE9F04FABB00F4633
S21402C248ADF81E000CF0B4F900F1020A0646504694
S21402C25810F097FABDF81E40054620460EF0C5F8BF
S21402C2680146204604F0D0FE814600F00308301D41
S21402C27810F087FA414C20800CF02BFBA8422DD0F8
S21402C2884FF6F7739D4229D87378DA0726D42846DC
S21402C2980DF065FE30B101232946BDF81E20208820
S21402C2A8FFF754FF0CF015FB344B1B8883420FD163
S21402C2B8BDF81E4020460EF098F80146204604F0C7
S21402C2C8A3FE10F00C0103D1BDF81E0001F00EFD0E
S21402C2D800222B4B1A602BB0BDE8F08F2949BDF817
S21402C2E81E000EF069F92849BDF81E000EF0C7F8C0
S21402C2F80028254B08BF0023214ABDF81E001360FC
S21402C3080CF0E2F8214B1870BDF81E000CF0E1F8AC
S21402C3181F4B1870BDF81E000CF0E6F81D4B18608F
S21402C32800238DF82230002F3AD0164BDB889B0666
S21402C33836D5194B1B689D071ED4B8F1010F14BFDA
S21402C348082318230DF12202009200220DF11E0086
S21402C358114600F0D5FB18B3B8F1010FA2D10F4B66
S21402C3681B78112B9ED10DF013FC00289AD140F6AB
S21402C3781D40FBF70FFB95E70823E3E7565A002014
S21402C388445500204A5A00205E6100205961002068
S21402C398586100203055002070470020B060002009
S21402C3A8504610F0EEF98246BDF81E000FF054FE15
S21402C3B8A0F11005EDB22A4631460AA8F1F7B0FCFC
S21402C3C8FF238DF82F304FF6F7739A4540F2DF8039
S21402C3D8B8F1010F00F0E780B8F1020F00F04681CD
S21402C3E8B8F1000F7FF45EAFA44DBDF81E00EB88CF
S21402C3F8ADF8240004930CF0DBF8BDF82460074679
S21402C40830460DF0F2FF0146304604F0FDFD8DF889
S21402C4182300B81C7E7810F0B4F907460CF059FAD7
S21402C42806F00106B4F8009003906C88002E7FF49C
S21402C43839AF4FF6F77A4246494657458CBF06202B
S21402C448082010F067F9BDF824B058460DF0CDFF65
S21402C4585946024643460420CDF8008008F04FF8B5
S21402C468574583460AD8B5F90620EB88002A05DB25
S21402C478580603D541462046FFF714FEBBF1000FC7
S21402C4883FF410AF2B88002B5AD16B79002B57D16B
S21402C4984FF6F7730DF126019F42BDF8240094BFAC
S21402C4A84FF0000B4FF0010B0DF043FCDFF8D8A15C
S21402C4B800F1FF38BAF800301FFA88F10593EB88C6
S21402C4C8BDF82600069304F09FFD069B049901908A
S21402C4D8009322465B460598C1F340110AF01DFDFB
S21402C4E800283FF4DFAE042306200093BDF826108A
S21402C4F8624B5FFA88F208F002F800283FF4D2AEE0
S21402C50848F202036A889A4205D1BDF82410BAF89E
S21402C518000000F025FF594D09AA29460DF123000F
S21402C5280AF0F9FC034600287FF4BCAE2104BAF8E8
S21402C5380000BDF8242060D5234629460DF00EFCDF
S21402C5489DF823304D4D03F00C030C2B75D128892A
S21402C5580DF0CFFB00283FF4A5AE039B00202989E7
S21402C5684B4514BF0226032602F044FC444B1870BF
S21402C5784FF6F7739F42BDF8240075D8A4F1380227
S21402C5885342534132463D4904F036F88AE6B8F13A
S21402C598020F6BD0394BB3F90630002B26DAB8F106
S21402C5A8010F7FF41DAF0CF094F9238883423FF401
S21402C5B879AE0520BDF81E10FFF736FA00283FF4BC
S21402C5C871AE2E4AD3885B0607D50023CDE9003321
S21402C5D80A20FF232188FFF7C1FA3A469DF822303F
S21402C5E82188BDF81E0002F01DF85BE629460AA857
S21402C5F800F070F80028D2D054E60221DFF88C80CA
S21402C60888F800102946CDF800B003F0E5F9132C97
S21402C61896D0EB885D0493D41A4B1B78D80703D5BB
S21402C62898F80020022A8BD099077FF53BAE98F837
S21402C6380030012B7FF436AE82E700222B791248AF
S21402C64800936B791146008802F0FCFB0C4B1870BD
S21402C6589DF8233003F00C03082B89D1039B4B4526
S21402C66814BF0426052683E701238BE74846BDF850
S21402C6781E20024901F0AEFA14E600BF4A5A00200C
S21402C6887561002071600020565A002067610020FC
S21402C69810B5002108480BF0EFFF044650B10146DA
S21402C6A80420FFF7C1F928B12046BDE81040012151
S21402C6B8FFF7C2BD10BD00BF3A5A0020034BFF2148
S21402C6C81A7803489200F1F79BB900BFE26A002085
S21402C6D82844002070B5451804464FF0FF31AC4296
S21402C6E812D1104B10481A7805460023934211DBE4
S21402C6F80E4C2078431CB3FBF2F602FB163345F8C1
S21402C7082010237000200CE014F8010BE1F7F4FD6A
S21402C7180146E4E750F8044BA14201D00133E5E7AD
S21402C728012070BDE26A00202844002068610020CB
S21402C738042307B501200DEB0301054AF9F76AFA47
S21402C748019B044A1B03136003B05DF804FB00BF99
S21402C75823E1110040550020014B1868704700BFBE
S21402C76840550020014B1868704700BF405500200E
S21402C77810B5064C2368C3F30B0313B90448E2F753
S21402C7884BFC2068431C236010BD00BF40550020A8
S21402C79823E111002DE9F04F93B003930023DDE95E
S21402C7A81C79069399F8003083460DA804930E4622
S21402C7B815460AF040F899F8003013F003043ED004
S21402C7C8039B0DF1250A8DF82430002208213846ED
S21402C7D80CF00DF8002870D028880BF0E9FE99F8BE
S21402C7E800301C074CBF043002300FF0CAFF07A9FE
S21402C7F88046F9F79FFB9DF824300446980633D501
S21402C808288806F10D010DF0C3FDA8B10023009398
S21402C818384608232988721D10F0B0F899F80030B7
S21402C82803F01803182B4AD1B8F1000F47D0A94BCA
S21402C838B3F86830434542D040F60A4327E02888D2
S21402C848711D0DF0A5FD0028F6D00094052332468A
S21402C858298809A810F092F89DF824300DF1240AC8
S21402C86803F018030393B0E714BB39464046F9F7BA
S21402C87861FD0028D2D099F800309907DCD0402311
S21402C8882246214640460DF010FB40F6094399F829
S21402C898002012F0030440F0F780288803930BF078
S21402C8A8EAFD224601461A200FF034FF039BEBE00E
S21402C8B807AB03CB38607960B0E74FF6FF780AF02B
S21402C8C80FFB044620B104213846F9F74FFB04460D
S21402C8D81E9B002B5AD009231E990DA88DF83430BA
S21402C8E80AF023F9209B0BB1209B0693039B002B8F
S21402C8F840F08E800DA8EEF7A7FB99F800309A074D
S21402C90800F09880FFF734FF5146024601200AF0ED
S21402C91831FB99F800309B0710D5594628880DF048
S21402C92811FE0BF1090350FA83F35FFA83FB5946AB
S21402C93828880DF0DEFD00EB0B06F6B299F80030FB
S21402C94813F0C20F0AF104030DD09DF824206249A1
S21402C95842F020028DF824200A68CAF804204A68A1
S21402C9685A600AF10C03012209A800921B1A3246E1
S21402C97829889BB210F002F8324659462846FEF736
S21402C988E1FE002800F0A48000237DE01F9B5BB137
S21402C9989E460DF1340CBEE80F00ACE80F00DEF838
S21402C9A80030CCF800309DE7049B594603F020037C
S21402C9B82888049304F028FB10F0030F0CBF012309
S21402C9C800230593049B059A003B18BF012342EAFD
S21402C9D8430300930DAA06AB38461F9900F0FEFAE9
S21402C9E8049A034682B1002880D0059B0DAA0093BC
S21402C9F8384606AB1F9900F0F1FA034699F800206C
S21402CA0822F0200289F80020002B3FF46FAF3EE7A1
S21402CA18039B102B06D1BDF8363043F00103ADF860
S21402CA28363067E7039B182B4FD1BDF8363043F0F4
S21402CA380203F4E701200DF125010AF0A9FA99F894
S21402CA480030824613F0040F288821D1069B1BB3B8
S21402CA58002C35D00BF00FFD0022014616200FF0F1
S21402CA6859FE84B17FB14FF6FF7398450BD0002369
S21402CA780DA91A4638460AF069F9394640469DF81D
S21402CA8835200AF043FA0123184613B0BDE8F08FA2
S21402CA98002CDFD1104F01E0002CDBD100233246F8
S21402CAA8009359463B460CF0D4FE00283FF4C4AE29
S21402CAB8002C3FF469AF069A0AF10103136063E794
S21402CAC81B685345C6D80124E8E740F60A43DBE765
S21402CAD81923D9E72854002036610020002307B519
S21402CAE8054A0648136004220DEB02010193E2F799
S21402CAF8CFFA03B05DF804FB4055002023E111008D
S21402CB082DE9F04F0446B1B000888DF82F3016464E
S21402CB188A460DF06AFC0146814620880DF0E9FC3B
S21402CB2800EB090820880DF036FD00239DF82F50EB
S21402CB385FFA88F815F001070790ADF8363008D185
S21402CB4801460DF1360220880DF0DCFB08B1ADF87F
S21402CB58367016B9CDE90E660EAEFEF763FC18B14E
S21402CB6845F020058DF82F500023CDE903330293B4
S21402CB780DF12F03CDE90063224653464146484647
S21402CB88FFF708FE0546002800F043819DF82F307F
S21402CB9813F0010746D1B44A23F0200310685168FF
S21402CBA88DF82F3010AB03C3184600F0FBF9054684
S21402CBB8FEF744FDBBB2984200F2B7803A9B13B127
S21402CBC800233A9A1370BDF83630CBB1012120887B
S21402CBD80FF05EFA27880546002800F04F810121EB
S21402CBE838460FF055FABDF83670054638460FF047
S21402CBF833FA002300903A46194628460DF005FBFC
S21402CC080023CDE9033302930DF12F03CDE9006328
S21402CC182246534641464846FFF7BCFD05460028CD
S21402CC2800F0F7809DF82F3003F01103102B40F028
S21402CC3803818E4B1B78432B40F0FE808C4B1B687F
S21402CC485B0640F1F980208808F105010DF0A0FB8B
S21402CC588346002800F0F0804146208804F0D4F984
S21402CC68844B10F0200F08BF1E4612A800F09AF94F
S21402CC780822314612A8F1F70FFA002800F00E81B2
S21402CC88314612A80AF00BF9012326AE0093324663
S21402CC98002314A912A800F0A1F9002840F0CC80BD
S21402CCA812AB0DF12F07CDE90360029000932246DE
S21402CCB85346414648460197FFF76CFD002800F0A8
S21402CCC8EF80BDF89A30102043F0080318AA14A97A
S21402CCD8ADF89A300CF094FC002840F0AD8012AB08
S21402CCE8CDE90360CDE901700093224653464146DA
S21402CCF84846FFF74FFD0546002840F09D8018ABD2
S21402CD084FF49071002012AA00F0D4F84FF00051A8
S21402CD1800200CF0F2FEBBF1000F00F08C804FF002
S21402CD28805100200CF0E9FE85E018AB14AA26A96B
S21402CD38F8B20AF060F8002840F09480082210A999
S21402CD4827A8F1F7A9F98346ADB19DF8A53013F0E7
S21402CD58020F08930FD0082212A927A8F1F79CF908
S21402CD6848B9089B590706D53A9B13B101233A9A44
S21402CD781370089507E03A9B002B61D1BBF1000FB0
S21402CD8870D1002308930DF1740C14AB0FCB8CE80A
S21402CD980F00BDF83630CBB1012120880FF078F9A4
S21402CDA8B4F800B000284FD0012158460FF070F9A9
S21402CDB8BDF836208346104609920FF04DF9002337
S21402CDC81946099A009058460DF01FFA2A4B0DF19B
S21402CDD8740B0493002303930DF12F03CDE900632C
S21402CDE82246534641464846CDF808B0FFF7D2FCDD
S21402CDF8002837D1002D33D012AA5B464FF4827131
S21402CE084FF4005000F056F8089B13B126A809F014
S21402CE180DFE174B1B689A070DD4FEF703FB50B19D
S21402CE28114A18AB1068516803C3002226A918A82D
S21402CE380CF009FC68BB0025284631B0BDE8F08F27
S21402CE4800233A9A137099E7BDF836200A901046DE
S21402CE5809920FF001F9DDE9092307990090B2E774
S21402CE682A46CAE70137A3E606F10300B0600020A7
S21402CE7870470020925400206C470020BDF836B058
S21402CE8858460FF0E9F82B4600905A463846079956
S21402CE98B4E626A918A80CF012FCC6E78346F3E601
S21402CEA814AB2DE701461A230120014AF8F7B2BE51
S21402CEB824E10100F0B5164691B0074609A80D46CA
S21402CEC81C46FFF7EFFF3EB1336845F04005CDF844
S21402CED826307368CDF82A301B4B1A6822EA0702F6
S21402CEE842EA050119604B040DD5BDF824200B0A49
S21402CEF803F4E243C9B222F4E3420B4322F07F0270
S21402CF081343ADF824301A230020104A09A9F8F76B
S21402CF1881FEB4B104A809F08EFC02236A468DF895
S21402CF2810301546234604F1100614461868596848
S21402CF38083303C4B3422246F7D1294604A809F0A7
S21402CF48F4FD11B0F0BD00BF7047002024E10100D7
S21402CF5847F2FF10044B196841F48042014041F43D
S21402CF6880411A600CF0C9BD7047002000B589B030
S21402CF78FEF7CAFB01A8FFF795FF0948BDF804208B
S21402CF880168130221F0FF0103F4E2030B43D2B255
S21402CF98134343F48043036009B05DF804FB00BF03
S21402CFA87047002010B50C4B0446186888B08307F3
S21402CFB806D54FF0FF3323600120636008B010BD2A
S21402CFC810F04000FAD001A8FFF76CFFDDF8063033
S21402CFD82360DDF80A30EFE7704700202DE9F04FAE
S21402CFE899B081460C461E4617469DF88880A2B11F
S21402CFF81546284609F01FFC18F0020B0FD004B994
S21402D00811AC6B4622462946484609F0D2FE0EB1B6
S21402D0180023336019B0BDE8F08F0CADE9E76B4624
S21402D0282946484604AA09F091FE6B7808F00108DA
S21402D038FF2B25D000287AD154B104AB08AF1A4684
S21402D04803CABA4220606160134604F10804F6D1A6
S21402D05826B16A78374B03EB82033360B8F1000FC8
S21402D06801D10020D6E7BDF80030D906F9D4182039
S21402D0784FF6FF716A780FF04DFB40F60E40C9E78F
S21402D088DFF8B8A0DAF800302EB19A0756BF2A4A57
S21402D098C6F800B0326003F03003102B01D0202B04
S21402D0A81ED111A8FFF7FEFE082248460DF14601DA
S21402D0B8F0F7F2FF28B1DAF8003003F04403402B09
S21402D0C80ED0B8F1000F0ED108A80CF01AFD0223F4
S21402D0D82B70C4B9002FC4D0281DFFF763FFC0E722
S21402D0E840F60A4096E7DAF80030DB03ECD508A8E3
S21402D0F80CF007FD02232B70BCB9002FB7D0281DF1
S21402D108FFF750FFB3E7002608AB0CAF1A4603CA70
S21402D118BA4220606160134604F10804F6D1281D5D
S21402D128FFF740FF002E9CD0A1E70126ECE72D2052
S21402D13870E700BF844300206C4700207047002039
S21402D14849B9084B197849B14EF66023594328B1B4
S21402D15805480FF051B841F28831F8E70248F8F767
S21402D168DFBC00BF6F600020BC46002070B586B0EA
S21402D1780546F8F7C3FD10B9022006B070BD01A82F
S21402D188FFF710FF06460028F6D08DB92E4B1C680E
S21402D19814F0020406D02D4B1B78112BECD12C4B25
S21402D1A8B3F868404FF481630221ADF80C3023E0EF
S21402D1B82846F9F72DF90028DED1234B1C6814F00F
S21402D1C8020406D0214B1B78112BD5D1204BB3F87D
S21402D1D868400822294601A8F0F75EFF0028E1D039
S21402D1E84FF4027300260A21ADF80C302B68CDF8EE
S21402D1F80E306B68CDF81230002203A80BF0F3F954
S21402D208024608B91920B8E70F4B196801F030032F
S21402D218102B17D0202B14BF01230323490001F03B
S21402D22804010B432046002100F0F4FF0028E9D051
S21402D23800210120FFF784FF16B10122054B1A7060
S21402D24800209AE70323E9E770470020B060002031
S21402D258285400205D61002030B500251D4C85B09D
S21402D268CDE90055F8F75CFC23784BB31A491B48FE
S21402D2780A780078904223D90132012B0A700ED11F
S21402D2882A464FF4A071284602F0BEFAC0B2B8B9D0
S21402D29841F2883112480EF0AFFF05B030BD022BBE
S21402D2A809D1284602A9F9F745F80028EED102A8BE
S21402D2B8FFF75CFFEAE7032B02D101F065F9E5E721
S21402D2C8002108462170FFF73BFF0421684609F053
S21402D2D820FAE2E7696100206A610020156B0020E7
S21402D2E8BC46002070B5194A194D044651681068A4
S21402D2F886B02E7801AB03C31EB10224204606B0C0
S21402D30870BDF8F745FD0228F7D103A800F0E8FD3E
S21402D318082201A90DF10E00F0F7BEFEA0B10D4BD2
S21402D32832464FF4A07130461C7002F06DFA04467D
S21402D3380028E3D10123084A41F2883107482B70B6
S21402D34813700EF059FFD9E72324D7E7DBCC040085
S21402D35869610020156B00206A610020BC46002027
S21402D368F0B50C4600219BB02B4F0646492207A86B
S21402D3780691F0F745FB3B78012B34D19EBB0DF1A5
S21402D3880E0120460CF0D5FC0546BDF80E000EF040
S21402D39863FE441BE4B2BDF80E1023462A460096E6
S21402D3A806A80FF0EBFA304604A9F8F7C3FFD0B97F
S21402D3B8CCB19DF81920B2B9BDF8233003F47E43E8
S21402D3C8B3F5285F1ED3B3F5385F0ED31349BDF8FD
S21402D3D80E000B6843F400030B60294609F079FD3A
S21402D3E818B104233B701BB0F0BD01220C4B04A8F5
S21402D3F81A70FFF7BBFE41F288310A480EF0FCFEAF
S21402D4080223EFE711463A70FFF79AFE1E2104A898
S21402D41809F07FF9E7E700BF69610020704700203E
S21402D4286A610020BC460020014B1870704700BF96
S21402D4386A610020014B1878704700BF69610020B6
S21402D448014B1870704700BF696100202DE9F04F44
S21402D4580446408891B00E298846ADF81A0074D062
S21402D46894F80890A7790BF0A3F809A90546BDF821
S21402D4781A00E6790DF0A0F8BDF81A000AF09EFF29
S21402D488430542BFBDF82A3043F40053ADF82A30AC
S21402D498E379D80642BFBDF82A3043F48053ADF884
S21402D4A82A30BDF82A30990613D5022F52D10CA974
S21402D4B8207A0CF0DFFBDDF83500DDF8391007AB13
S21402D4C803C307AA0021042300910DF11A00FFF7EF
S21402D4D817FB0121BDF81A000EF0DAFD022F82466C
S21402D4E844D1454B33F81950B8F1000F79D0BDF83E
S21402D4F82A305A0675D54FF6FB72954271D83F4ABE
S21402D508B2F86820AA426CD0DB0502D528460CF091
S21402D518F7FCBDF82A30D80463D5002F33D1BDF8FE
S21402D5281A000AF04BFFC10663D548F23403BDF869
S21402D53826209A4209D1324E3078FF2805D0032297
S21402D5482946FCF72BF9FF2333700023236011B01A
S21402D558BDE8F08F012F01BF237A2A4A03EB430363
S21402D56802EB830314BF00229A1CABE7012F05D1F6
S21402D5780C2303FB09F3234AD55AB5E7A81C0FF078
S21402D58800F90546B0E7284601F07CFDBDF81A000A
S21402D5980AF014FFC206C8D46389504605930EF0F3
S21402D5A85BFD834650460EF03BFD059B02905FFAF4
S21402D5B88BF04A46394601900093404609AB09F07B
S21402D5C840F8B8F1000F14BF0B20092016F003022A
S21402D5D818BF02F1FF32294618BFD2B20FF09AF8E6
S21402D5E8A3E7BDF81A000AF0E9FEC3069DD4002F89
S21402D5F8D2D1A946D0E700BF0C59002028540020F3
S21402D608196B00204C58002038B500240F4B104DDB
S21402D6182A78A24205D8C2B9BDE838400D48F8F7BC
S21402D6287FBA598869B9013AD2B2A2422A70EFD0B3
S21402D638121B184603F110011201F0F733FA0346DB
S21402D648E6E701341033E4B2E2E738BD8843002047
S21402D6586D610020D069002070B51A4B1A4A1D78F1
S21402D6680023DCB2A54200D870BD14466688013392
S21402D678864202F11002F4D1E379A588E16003F04C
S21402D68840028DB9CAB123F00403E3710AF090FF91
S21402D698037803F07F03037021880029E4D1BDE8EC
S21402D6A870400A480EF0A8BD00216580A180002AB5
S21402D6B8E9D1BDE87040FFF7A7BF2046FFF7C6FED0
S21402D6C8F7E700BF6D61002088430020D06900207C
S21402D6D82DE9F047044686B040880F4615460AF0FC
S21402D6E867FFA3798046082B52D8DFE803F0052E99
S21402D6F8185151515151050002300FF042F8002DD1
S21402D7084ED06946F8F716FE002841D1684601F061
S21402D71863FDB0FA80F0400906B0BDE8F08702A9BA
S21402D728207A0CF0A7FA6B466E46DDF80D00DDF897
S21402D7381110334A03C3237A32F81390314AD05C65
S21402D74875B131460CF0BAFAE6E7237A2E4903EBAE
S21402D758430301EB830231F82390907A961CEFE795
S21402D7684FF6FB7AD14515D930460CF0F1FB4FF649
S21402D778FF739842054615D00146304601F09EFCD6
S21402D788554508D9E379DA060ED440F62243E36013
S21402D7980020C1E74D46294608F102000EF0F3FFC5
S21402D7A80120B9E74D46EDE74FF6FC78454512D11C
S21402D7B803F00C030C2B1CD1DFB130464FF6FD717B
S21402D7C801F07CFC40F61F412046E160FFF73EFE72
S21402D7D8FFF71AFFDCE74FF6FD739D4209D10023D7
S21402D7E8304619461A4602F0DBF84146304601F042
S21402D7F865FCE37943F00C03E37140F62343C6E77E
S21402D8080C590020766000204C58002073B5044658
S21402D81840880E460AF0CCFE02300EF0B2FF09F03F
S21402D8286FFB18B1A11C201D09F06FFBE6B1E57964
S21402D8380135EDB2E57115F0400514D0ECF74EFF50
S21402D8480122054600212046FFF742FF18B1394B50
S21402D8581B882B449DB2384B1B78042B01BF354BD3
S21402D8681B885B199DB22580002231462046FFF7A9
S21402D8782FFF20B360880AF09BFEE2792F4922F038
S21402D8880C03E3710B7805460133DBB20B70C371E8
S21402D8982B4BA61C1B780BB3E37998061ED5294991
S21402D8A8097871B159060CD592070AD500220423C5
S21402D8B8114630460092FFF723F910B1E06002B035
S21402D8C870BD00220123114630460092FFF718F970
S21402D8D820B1E37943F00303E371EFE7304609F03A
S21402D8E812FB0028EAD16088FCF7C0FA0328E6D8BB
S21402D8F8DFE800F0020D1D19E37943F00403E37133
S21402D9081B06DCD5104B1A78104B1A70D7E740F670
S21402D9182443E360E37943F00803E3712B7803F0CA
S21402D9287F032B70CBE740F62543E360C7E740F654
S21402D9382643FAE76E6A0020B1600020AE60002037
S21402D948AC600020166B0020746000206C6100201A
S21402D9582DE9F74F06460EF02AFE5F4B0546B3F84A
S21402D968009018805D4BA0EB09041B78A4B2A34272
S21402D97898BF00234FF000084FF6FF7788BF1B1B9F
S21402D988564A88BFDBB21370DFF864B1A9EB00030E
S21402D9980093534B5FFA88F2197891420ED80EB16B
S21402D9A8FFF732FE4FF6FF739F4200F08E8039462D
S21402D9B84C4803B0BDE8F04F0EF01EBCBBF8022080
S21402D9C8002A3CD0484B9BF807201878BBF800A0E2
S21402D9D8042818D00020BAF1000F08BFA246204437
S21402D9E8504523D2BBF80010009B1944ABF8001030
S21402D9F8002E4ED002F04802482A4AD10021584644
S21402DA08FFF704FF45E00192F8F704FC30F0100334
S21402DA18019ADFD1FBF746FC344B019AB3F800C0F3
S21402DA288445D7D9ACEB000080B2D4E702F00C00EC
S21402DA38042807D10022ABF800200BF1100B08F1DE
S21402DA480108A6E7510602F0030C02F008000ED5FC
S21402DA5828B3BCF1030F25D1DEB1DBF80C1058460B
S21402DA68002908BF4FF44261FFF7F0FC11E040B30B
S21402DA78BCF1010F25D11206EED44FF4C862ABF8FA
S21402DA8800209BF8072022F0030242F002028BF8DD
S21402DA980720BBF80020974228BF1746CDE7032089
S21402DAA88445D9D213060ED50C4B1A780AEB020017
S21402DAB8844208DA4A44521B0AEB0201ABF8001009
S21402DAC8E7E70120ECE7012199E7064803B0BDE83D
S21402DAD8F04FF8F725B800BF405A00206C610020C6
S21402DAE86D610020D0690020B16000206E6A0020B7
S21402DAF888430020F8B500250A4E0B4F3378ECB25F
S21402DB08A34204D8BDE8F8400848F7F719BD07EB62
S21402DB180414A01CF7F714FD201DF7F711FD0135B4
S21402DB28ECE700BF6D61002088430020365A0020CB
S21402DB3870B500240B4D0C4E2B78A34208D81B1B3D
S21402DB48DBB22B706BB9BDE870400848F7F7E8BF40
S21402DB5806EB041040F621410134FFF777FCE4B2E5
S21402DB68EAE770BD6D61002088430020D069002076
S21402DB78F8B5154EDFF858E035789EF800E0134FF2
S21402DB88AE454FEA051C07EB051419D0002503F429
S21402DB98835343EA1323A1712272E371608027F844
S21402DBA80C50A58003F0A8FB40F60243E3603378E6
S21402DBB86081013328463370FFF7CAFE2846F8BD4F
S21402DBC840F60340FBE700BF6D6100208843002053
S21402DBD8E06A00202DE9F04F344B0D461C781746B4
S21402DBE885B05CB9B1F90680DFF8C890DFF8C8A03E
S21402DBF8DFF8C8B099F80030A34202D805B0BDE8ED
S21402DC08F08F0AEB0416B08800B9708801A90CF0E8
S21402DC18D3FCAA7A9DF80E309A4244D1B8F1000F86
S21402DC280FDA297A9DF80C202B89914209D82048C8
S21402DC3800780844824236DA521A1B0A1341D90778
S21402DC4831D538460CF0A7FCBDF80A3004469A06C9
S21402DC5802D5EB889B06D1D5F37903F00C03042B87
S21402DC6808D17088F9F786FD002372881946184687
S21402DC780CF068F900213046FFF7E8FBFFF7C4FC12
S21402DC8838460EF0E9F9844208D2337A01228BF834
S21402DC98003029460023384602F0AEFCB8F1000FE1
S21402DCA8ACDA0024A6E70134E4B2A3E76B610020ED
S21402DCB8DF6A00206D61002088430020756100201D
S21402DCC808B50EF074FC074B1B88C01A80B2B0F574
S21402DCD8807F05D9BDE80840002103480EF08CBABB
S21402DCE808BD00BF405A0020D06900202DE9F04741
S21402DCF888B004460D460CF078FB0146204603F031
S21402DD0883F910F003035FD110F00C0F06D12946F1
S21402DD18204608B0BDE8F047FFF79EBC20460AF04A
S21402DD284DFBC30638D420460CF05FFB014620465E
S21402DD3803F06AF9064620460AF03AFC80460230A4
S21402DD480EF01FFD05A9074620460CF035FC06F026
S21402DD580C0698F801300C2E0CBF4FF003094FF052
S21402DD680609012113F0010F204618BF4FF00309D8
S21402DD780EF08EF9174B80461B88A3420FD1B5FAD0
S21402DD8885F04009FBF748FC20460AF045FB0022CE
S21402DD98014607200EF0BEFC08B0BDE8F08703F087
S21402DDA8ABFA824640460EF057F9064640460EF053
S21402DDB837F9F6B202903A4649462846CDE900A611
S21402DDC805AB08F03EFCDFE7012BE5D110F00C0F9F
S21402DDD8E2D19CE7365A0020002210B5094B1C787F
S21402DDE8094BD1B28C4201D8002010BD197A814263
S21402DDF802D19979022902D010330132F1E70120C3
S21402DE08F3E700BF6D610020884300200146002228
S21402DE1810B5084B1C78084BD0B2844201D80020B3
S21402DE2810BD187A884202D198790128F8D01033A2
S21402DE380132F1E76D61002088430020002210B409
S21402DE480A4B1C780A4BD1B28C4203D85DF8044BB5
S21402DE58FFF7DABB197A814205D19979012902BFFF
S21402DE6800211980598010330132ECE76D610020D9
S21402DE7888430020024B1878003818BF01207047E4
S21402DE886D610020044B1B6813F0300F03D020216D
S21402DE9830200BF032BE704770470020002310B5C2
S21402DEA8044608491A4601EA00414FF07F60FFF728
S21402DEB801F8E30703D5002130200BF01EFE0020F0
S21402DEC810BD00BF00007207044B5B8823F478433A
S21402DED823F08D0303800020704700BF70470020A0
S21402DEE808B500220346C3F80220C3F806200B4AE8
S21402DEF802301268D1B212F0200F18BF41F010019A
S21402DF081980930701D4FFF74DF8054B1B78023B9F
S21402DF18032B8CBF1720002008BD00BF70470020C7
S21402DF28B060002038B505460C46FDF7EDFB98B103
S21402DF380E4B187878B10E4B1B681A040FD58CB1A5
S21402DF4813F0420F00D17DB103F44073B3F5407F5E
S21402DF580CBF0020232038BD40F60840FBE740F6F9
S21402DF680B40F8E72046F6E72320F4E7AC600020EB
S21402DF7870470020F0B504468DB007A80D46164631
S21402DF8808F059FC1022002103A8EFF739FD5CB10E
S21402DF98234603AC03F1100722461868596808336B
S21402DFA803C2BB421446F7D1012703A986EA070330
S21402DFB807A88DF81C708DF81D3008F0A7FD80EABA
S21402DFC8070401A8E4B2EDF79DF8B6B101A88DF8EA
S21402DFD80650EDF7C3F864B1002303A907A88DF825
S21402DFE81D3008F0A2FD0C4B1B78432B01D1F9F724
S21402DFF8DBF80A4B1D700DB0F0BD01A88DF807506E
S21402E008EDF7ACF8002CF6D003A907A88DF81D701A
S21402E01808F08BFDEFE700BFB0600020AB60002081
S21402E028F0B5012593B007460DA80C4608F003FC88
S21402E03805A90DA8ADF8345008F092FD01A8EDF731
S21402E04861F809A90DA88DF835509DF8066008F004
S21402E05887FD0DA89DF8075008F018FD70BB731BC6
S21402E068DBB2802B28D91FB1A64225D0A54223D1E0
S21402E07805A90DA808F059FD03A8EDF743F803A86B
S21402E0888DF80F60EDF76AF80122294609A8FFF70E
S21402E09871FF0AF018FE01214FF400700BF03DFFE5
S21402E0A8FDF71AFBB0F1004F01D9FDF71BFB044B35
S21402E0B8187808F02CFB012013B0F0BD0020FBE70F
S21402E0C8AB60002070B50E46144605460320FFF7DF
S21402E0D8B7F946F004022946204608F080FD0022D9
S21402E0E8014B1A6070BD00BF6C470020F0B587B0C0
S21402E0F8078805461022002102A8EFF781FC3E4B4E
S21402E1081B78002B76D1BC055ED407F08403842BDB
S21402E11863D00022394C11461046FFF72BFF17F43E
S21402E128045F276005F102061CD0B9040AD53046FA
S21402E13802F09CFA00284ED1236823F4005343F4D5
S21402E1488073236030460BF054FD002842D108F055
S21402E15870FB18B9236843F480332360236843F0BE
S21402E1682003236022680DF1060042F40043236070
S21402E178FFF7AAFE12F4805FBDF8063031D043F0EE
S21402E1882003ADF806302168334611F0400218BF66
S21402E19805F123024FF07F60FEF78CFEBDF80630CD
S21402E1A8DA0703D5002130200BF0A7FC23689B056D
S21402E1B806D5012295F8221005F11200FFF7DAFEBD
S21402E1C800200F4B186006E005F112000BF011FD57
S21402E1D800289AD0292007B0F0BDB80799D5232081
S21402E1E8F9E723F02003ADF80630FDF77BFAFEF7D1
S21402E1F875FCC8E70220EEE7B060002070470020F2
S21402E2086C470020024B1868C0F30050704700BFE6
S21402E218704700202DE9F04F064689461046002131
S21402E22889B01546984602F0EFFE102807460AD827
S21402E2386A4B0341DB0706D4C8F340049DB90020A5
S21402E24809B0BDE8F08F664B1C78002CF6D0FFF7B5
S21402E258D9FF00280CBF4FF4F0744FF4D074FC407A
S21402E26804F00104EAE74FF0000A18F0010F5346DB
S21402E278524629464FF00500CDF800A00CBF4FF0D5
S21402E288080B4FF4027B06F05DF90028D7D0C823A6
S21402E2983246009359465346284602F0DDFEADF84C
S21402E2A80E000028CBD018F0080A4AD14FF6F773AA
S21402E2B8A7F10F02D2B29E428CBF09230123012A7C
S21402E2C801D843F04003474A8DF810301378591C9A
S21402E2D811708DF81130002C4FD09DF81030052F94
S21402E2E843F020038DF8103033D03F4B1D78002DB5
S21402E2F85AD04FF6F77300259E424FF00F0248D9C0
S21402E308012304A90DF10E00F7F75EFB002896D14B
S21402E318002C4DD1BAF1000133463A4618BF012106
S21402E328BDF80E00CDF8009008F0F4FDADF80E002A
S21402E338002884D018F0040F4DD031460AF061FE4A
S21402E3487EE749460DF10E000BF00CFE0028ADD113
S21402E35875E70121BDF80E000DF09AFE012102F0C4
S21402E36853FE0123834013F0620F1CD11E4B1B7809
S21402E378E3B14FF6F7731825BEE71B4B25461B7805
S21402E3880222002BBCD04FF6F7739E42B8D8052F50
S21402E398B6D0BAF1000FB3D19DF8103043F040035F
S21402E3A88DF81030ACE710250F22A9E71825FBE7F1
S21402E3B8BAF1000F0AD002234A46009029460DF108
S21402E3C80E00FEF79DFB0028A4D038E741235246EC
S21402E3D8CDF800A0F2E70AF0FCFD31E79FFEFEFF4B
S21402E3E8AC600020AD600020A06000202DE9DF436D
S21402E3F81E46144B80461B680F469B0791460A9C8E
S21402E4081BD4204614B108F06FFDC0B20622CDE92F
S21402E41802403B460020CDE900890B490BF065FF18
S21402E428024650B10021002E0CBF012303230846E2
S21402E43804B0BDE8D043FFF7EDBE002004B0BDE847
S21402E448D08300BF70470020806804002DE9F04F93
S21402E4588DB081468A461F4693469DF85C803AB937
S21402E46803A8FEF79FFDB0BB00200DB0BDE8F08FF5
S21402E47815460022232110460AF0B5F8ADF80A0020
S21402E4880028F1D00DF0CCFD0523044618F0100F35
S21402E49800F8023B677020D011220021EFF7B0FA8D
S21402E4A804F11306032F4FF0080237D159463046B7
S21402E4B8EFF7F8FAC8F3801306F10905337208F085
S21402E4C80FFD00283ED000232B706B700123033506
S21402E4D805F8013C36E003ADCBE701261022169973
S21402E4E8EFF7E0FA06FA07F313F0620F02D104F127
S21402E4F81206D7E707A808F09EF905A88DF81C604B
S21402E508ECF700FE9DF8162018F0200F9DF817303D
S21402E51808BF134604F11306A374C3E751463046F0
S21402E528EFF7C0FA012306F10802121B28460093E9
S21402E538BDF80A10082392B20EF020FA042F06F14C
S21402E5481005BCD02D1BA9B20DF10A000BF035FE42
S21402E558002889D118F0040F0BD048460EF003FAAB
S21402E568FF281FBF074A32F8103023F4804322F8E8
S21402E5781030434651464846BDF80A20FFF74AFE81
S21402E58873E700BFD859002070B5032690B08DF8FF
S21402E5980760F7F7B3FB18B90224204610B070BD1F
S21402E5A802AD2846FEF7FEFC0028F5D01B4B1C6879
S21402E5B814F00204F0D140F20F43194AADF82430A1
S21402E5C8136804A8CDF826305368CDF82A3008F028
S21402E5D832F995E8030005AB83E80300062304A88E
S21402E5E88DF81D308DF81060ECF72EFD01210DF127
S21402E5F82E020DF10700ECF77FFC22461A2109A825
S21402E60809F0F1FF024608B91924C6E7012329468C
S21402E6182046FFF7FFFD0028BFD1F5E77047002028
S21402E628366100202DE9F04F04460D46002191B0D0
S21402E6381F2208A89B460791EFF7E2F920460BF03F
S21402E648D4FE0146204602F0DFFC8DF81100204673
S21402E65809F0AEFF9DF81130467899068146C6F352
S21402E6684006204648BF46F002060BF094FF804656
S21402E67820460DF0F1FC0022A0EB0803DBB2232BA8
S21402E68828BF232300922146424607A80EF076F9B1
S21402E69800283AD1A24B9DF81C701B789DF81DA045
S21402E6A8B3B3FFF7AFFD00280CBF4FF4F0734FF477
S21402E6B8D073FB40DA072BD5B30729D4082F22D10B
S21402E6C8BAF1040F21D1FBF77FFBF0B901234246CA
S21402E6D80093214605200DF1110305F010FFA0B1A5
S21402E6E8053F0D2F11D8DFE817F024001000AF0100
S21402E6F8BC01C50110001000100010001000100028
S21402E708CB01F901F901052F07D011B0BDE8F08F4A
S21402E718102F05D1BBF1000FF7D0FBF755FBD5E755
S21402E728FBF752FB0028D1D0052FCFD0112FCDD022
S21402E738EBE7BAF1050FE8D8204609F09CFE0290EE
S21402E74809F102000EF01DF882460DF11200FFF7DD
S21402E758BBFB01239DF81D8003FA08F313F062033E
S21402E76803932DD0BDF812309D0722D5B407CCD519
S21402E778FBF72AFB0DF11E000BF03BFAB8F1030F6C
S21402E78804469DF82EB02FD10DF12F050AF0A1F8F8
S21402E798824540F03181032EB7D19DF836100DF12F
S21402E7A81E02003918BF01210DF12E0008F0BDFB2C
S21402E7B8ABE7FBF709FB0028DCD1002EA5D0D9E78A
S21402E7C8FBF702FB68B10DF11E000BF012FAB8F166
S21402E7D8030F04464FF0000B40F082800DF12E0521
S21402E7E8D4E7002E91D0EEE74E4B1B6898072AD541
S21402E7F8FF2208210DF1370009F0F9FF814610BB08
S21402E808034601460DF137020220FEF753FB0AF0D3
S21402E81860F882450DF137070DF12F0523D04FF624
S21402E828F7739A4540F2ED8000220821284609F03F
S21402E838DEFF002800F0E580002259460DF11E0092
S21402E848FFF798FB61E70DF137070DF12F053846FC
S21402E8580BF07BF9002848D00AF03BF8824540F0D6
S21402E868CC804FF000092846F7F7D2FD002800F0C2
S21402E878C480B8F1010F5BD0B8F1040F7FF445AF3E
S21402E8880BF086F910B1032E7FF43FAF002C7FF40D
S21402E8983CAF3A4602210DF11E00FFF713FC224B4D
S21402E8A81B7863B1FFF770FEFEF7C4FD022806D197
S21402E8B80120FEF7B9FD01210846FEF741FC1B4B75
S21402E8C81B78022B20D10321384607F022FFFEF7D9
S21402E8D8B1FD014600287FF418AFFEF731FC14E7B5
S21402E8E80DF136070DF12E05B1E7104B1B78432BB9
S21402E8F87FF40BAFB8F1010F7FF407AF09F0E9FF19
S21402E90882457AD1C146AEE7412B7FF4FEAE054B6F
S21402E9181B6859057FF5F9AEF9F73EFEF5E600BF26
S21402E928AC600020704700205D610020B0600020C7
S21402E9386C4D2B78022B22D02B78412B3FF4E5AE78
S21402E9483CB9FBF741FA594602460DF11E00FFF79D
S21402E95811FBFBF739FA00283FF4D7AE0BF018F98B
S21402E968614C98B123681B0502D42B78432B0DD132
S21402E978B0070BD440F61A40F9F70CF8C5E60BF0C8
S21402E98807F90028D8D0B207D6D4BEE6206810F019
S21402E998020002D102990BF0BAFA2B78112B16D183
S21402E9A82368590513D50020FEF7E0FB0446002825
S21402E9B87FF4ABAE0AF0FBF940F61C40F8F7EAFF24
S21402E9C821462046FEF7BCFBF8F7F0FF9DE6B207A5
S21402E9D801D5FFF757FAB9F1000F9DD007F029FFC6
S21402E9E818B94FF480310BF088F800223F4B3846AE
S21402E9F81A600BF0A1F88FE70027039B002B7FF421
S21402EA080EAF4FF6FF73284605A9ADF8143009F085
S21402EA1853FF20B1284609F030FFADF814004FF630
S21402EA28FF73BDF8140098423FF46FAE002C0CBF7B
S21402EA380423152301930DF11E0300933A46434619
S21402EA482946FFF703FD60E60DF11D00F7F7E0FC27
S21402EA5800283FF45AAE022229460020FAF79EFE04
S21402EA6853E6F3077FF551AE3246284607A90BF060
S21402EA7878FA4AE69DF81D100120FFF7D1FA44E617
S21402EA88184B1B78022B20D1002D7FF43EAE05A82A
S21402EA98FEF788FA00283FF438AE154B1D709DF82D
S21402EAA81D30002B14BF64246524FEF7C3FC03281C
S21402EAB806D128462946FEF743FB2846FEF7C0FC41
S21402EAC8214605A807F025FE1FE6043B012BDBD9E5
S21402EAD8284608F015FA0028D6D116E6204608F089
S21402EAE811FA12E6B0600020704700206C4700203A
S21402EAF85D6100202DE9F34105460E461746984605
S21402EB080BF046F8044640B101233A4631462846F9
S21402EB18CDF80080FFF76AFC04460BF039F830B1EE
S21402EB28FFF770FB78B10A4B1B689B010BD40023D6
S21402EB383A4631462846CDF80080FFF757FC002CA7
S21402EB480CBF0446012404F0010002B0BDE8F081BF
S21402EB587047002070B58AB005A807F06CFE02233D
S21402EB6801AA15468DF81430084B03F11006144610
S21402EB7818685968083303C4B3422246F7D12946AF
S21402EB8805A807F0C3FF0AB070BD00BFE3CC0400B7
S21402EB98014B1878704700BF176B0020014B188886
S21402EBA8704700BF966A00204FF6FF732DE9F043C0
S21402EBB8994280460D4685B00BD000274FF6FD7960
S21402EBC81C4EEBF791FDFCB2A0420BD84FF6FF7035
S21402EBD81DE0F7F71DFC0028EFD005B0BDE8F043AE
S21402EBE809F077BE36F814304B4517D869462046E2
S21402EBF80BF004F8082241460DF10500EFF74CFA2F
S21402EC084FF6FF7360B99D4204D136F8140005B07A
S21402EC18BDE8F08326F814500AF0CAFF0137D0E799
S21402EC289D42FBD036F81430AB4208BF26F8149043
S21402EC38F4E700BF0C5900202DE9FF4706460F46A9
S21402EC4800254FF6FD79DFF83C80DFF83CA0EBF7AD
S21402EC584BFDECB2A04202D804B0BDE8F08738F803
S21402EC6814304B450CD8694620460AF0C7FF0822DE
S21402EC7831460DF10500EFF70FFA08B90AF80470E5
S21402EC880135E4E70C59002076600020014B33F882
S21402EC98100070470C590020F0B5064600250D4FA7
S21402ECA885B0EBF721FDECB2A04201D805B0F0BD65
S21402ECB837F81430B3420BD1694620460AF0DAFF19
S21402ECC89DF80030022B1CBF4FF6FD7327F8143050
S21402ECD80135E6E70C59002030B585B004460D46E6
S21402ECE8EBF702FDA0420FD9084B33F814204FF673
S21402ECF8FD739A4208D8694620460AF0BBFF2946A1
S21402ED080DF10500FFF750FF05B030BD0C59002085
S21402ED1830B585B00446EBF7E7FCA04219D9204681
S21402ED28FFF75AF80546B0B9694620460AF066FF64
S21402ED389DF800302BB1694620468DF800500AF03F
S21402ED487BFF4FF6FF720020044B23F8142005B011
S21402ED5830BD2820FBE740F60440F8E70C590020AF
S21402ED682DE9F0410B7805460E461BB9BDE8F04181
S21402ED78FFF7CEBFEBF7B8FCA84231D92846FFF713
S21402ED882BF878BB374617F8058B4FF6FF713846CF
S21402ED98FFF70AFF0446384600F01EFAB0FA80F07B
S21402EDA84009B8F1000F15D0B8F1030F15D04FF689
S21402EDB8FF724FF6FD73944208BF1C460B4B314652
S21402EDC823F815400A4B585528460AF035FF002006
S21402EDD8BDE8F0814FF6FF74F0E74FF6FE74EDE7F4
S21402EDE82820F5E740F60440F2E700BF0C59002059
S21402EDF8766000202DE9FF410D4604464FF6FE7860
S21402EE080F4F0E0AEBF770FCA04204D8FF242046E8
S21402EE1804B0BDE8F08137F8143043450CD1694692
S21402EE2820460AF0EBFE9DF80520EBB29A4203D183
S21402EE389DF80630B342EAD00134E4B2E2E700BFF6
S21402EE480C5900202DE9F04F0C4617469846002527
S21402EE584FF6FD7B87B09DF840A0DFF85C900190E6
S21402EE68EBF742FCEEB2B04201D8FF2616E039F8BC
S21402EE7816205A451ED8304602A90AF0BFFE3FB9E8
S21402EE889DF80920424515D19DF80C20524511D10E
S21402EE9844B939F81620019B9A420BD1304607B07E
S21402EEA8BDE8F08F082220460DF10D01EFF7F4F8C1
S21402EEB80028F3D00135D3E70C59002010B51446C4
S21402EEC80AF09CFE2046BDE8104008220149EEF7EB
S21402EED8E9BD00BF366100202DE9FF470746154603
S21402EEE80846082224491E46EFF7D6F804460028A4
S21402EEF83FD14FF6FF7ADFF88490EBF7F5FB5FFA1F
S21402EF0884F880450BD385B3384605F0B9FB01254E
S21402EF180C9B18700120357004B0BDE8F08739F8EC
S21402EF28183053451FD0694640460AF067FE7A787D
S21402EF389DF801309A4216D17A88BDF802309A4274
S21402EF4811D13A799DF804309A420CD108220DF173
S21402EF580501781DEFF7A0F828B9002DD7D140464D
S21402EF6805F0A9FBD3E70134C7E7FF2005F0A3FBAA
S21402EF78CEE70020D0E700BF366100200C590020FB
S21402EF88F0B50025154E164F85B0EBF7ADFBECB283
S21402EF98A04201D805B0F0BD694620460AF02EFE0A
S21402EFA89DF80030032B06D90023694620468DF8C3
S21402EFB800300AF041FE9DF8002062B14FF6FD735C
S21402EFC84FF6FE71032A08BF0B4626F814300023B4
S21402EFD801353B55D9E74FF6FF73F6E70C59002083
S21402EFE876600020F8B50E4604464FF6FF770C4BBF
S21402EFF80C4D1B7803EB430305EB8305A54202D8A9
S21402F00800242046F8BD2388BB4206D00822314693
S21402F018A01CEFF741F80028F3D00C34EEE700BF47
S21402F028E16A00204C580020044BFF211A78044855
S21402F03802EB42029200EEF7E3BC00BFE16A002050
S21402F0484C580020F8B504460C4B0D461B78104663
S21402F058A3420DD90C27022117FB04117C43084E44
S21402F06808223144EEF71EFD335B00202B80F8BDE4
S21402F0780023136053604FF6FF73F6E7E16A002039
S21402F0884C58002038B504464FF6FD75FFF704FEC7
S21402F0980022084B1878084BD1B2884200D838BDEF
S21402F0A833F80C1C0132A14208BF23F80C5C0C335F
S21402F0B8F2E700BFE16A00205858002070B50546FE
S21402F0C80E460846FFF7DEFF31462846FFF76CFD78
S21402F0D829460648FFF786FF00B970BD044624F89D
S21402F0E80C6B0AF065FD29462046F3E74C580020CB
S21402F0F810B5082286B023490446EEF7CDFF20B99C
S21402F10806B0BDE8104009F0E4BB082220461E49B6
S21402F118EEF7C2FF20B91D4BB3F8680006B010BD63
S21402F1280023012221464FF6FF700093FFF78AFE5E
S21402F138FF2806D0164B33F810004FF6FB7398429A
S21402F148ECD903A8FEF7CCFE58B9BDF80C305B061E
S21402F15807D5082221460DF10E00EEF79DFF00287E
S21402F168DCD021460B48FFF73DFF40B14FF6FB7255
S21402F1784FF6FF730088904288BF1846CEE74FF6D0
S21402F188FF70CBE7366100209254002028540020F6
S21402F1980C5900204C58002070B5002204464FF641
S21402F1A8FB7608460A4B1D780A4BD1B28D4201D827
S21402F1B8002009E01988B14207D8A14205D10822E1
S21402F1C8991CEEF76FFC012070BD0C330132ECE798
S21402F1D8E16A00204C58002037B5014605460E481D
S21402F1E8FFF700FF044640B1807A29460AF066FD1A
S21402F1F880F00100C0B203B030BD03460090012281
S21402F20829464FF6FF70FFF71DFEFF2816BF034B71
S21402F2182046185CE9E700BF4C58002076600020BC
S21402F2282DE9F341224B04461B780F4683421546C6
S21402F23838D9FEF7EBFDB8BB4FF6FD739D421D4E5F
S21402F2480ED004EB440326F823504FF6FF739D4274
S21402F2581FD12046FEF7F2FD002002B0BDE8F0817D
S21402F2680DF10601384609F027FB4FF6FF72BDF886
S21402F27806303846934218BF1D460C236343F552A0
S21402F28806EB0308FFF7A8FFB0FA80F0400988F8F3
S21402F2980A000C2303FB0460082239460230EEF704
S21402F2A801FCD9E72820D8E740F60540D5E700BF95
S21402F2B8E16A00204C58002038B504460D46FFF790
S21402F2C8BBFC21460448FFF78DFE00B938BD85729F
S21402F2D821460C30F7E700BF4C5800200023074AA7
S21402F2E81370074A1370074A118801B11380064B38
S21402F2F81A880AB100221A80704700BF6F61002080
S21402F3086E610020465A0020445A00202DE9F04F2C
S21402F3183C4C1D46238887B00746884610469DF80B
S21402F32840605BB952B10AF061FF20804FF4FA617F
S21402F338354807B0BDE8F04F0CF05EBFDFF8D8904E
S21402F348B9F80040002C49D020460CF085FEC0F3E0
S21402F358470620460CF064FEDFF8C0A00296BAF80C
S21402F3680030DFF8BCB00193BBF8003004460093C7
S21402F37800222B46012025490AF0B7FFADF81600F1
S21402F388E8B1012504EB4606B4420DD1BDB9BDF875
S21402F3981630A3B12A464146384600F06FF9ABF854
S21402F3A80050AAF800500AE0012321461A460DF139
S21402F3B81600F6F709FB023405460028E4D00023B7
S21402F3C8134AA9F800301378013BDBB21370002BFE
S21402F3D8ACD107B0BDE8F04FFFF780BF0D4C2378DD
S21402F3E823B90DF047F808B9012323703246294697
S21402F3F80520F7F70DFA0028EBD1207007B0BDE814
S21402F408F08F00BF465A0020F06900208668040084
S21402F4186F6100206E610020445A0020E0590020E7
S21402F428E259002030B5154D87B02C889CB9234682
S21402F4384FF4A07248F2380103A80AF01BFD2146D1
S21402F4482046FAF7E3FA22460D4B009403A9FFF783
S21402F4585DFF07B030BD204609F0AAF804300DF06B
S21402F46890F903A9044628880BF0A6F8002300930F
S21402F47820462A8803A900F0AFFAEAE7465A00208F
S21402F48800F8FF0737B5002001A9FAF7BFFA0D4CB6
S21402F498014623780C4D7BB10C4B019A1878FAF783
S21402F4A8CBFA2078F8F74CFC002323702B70084818
S21402F4B8F6F736FB03B030BD2B78002BF7D0FFF7F4
S21402F4C8B1FFF4E7716100206F61002070610020CF
S21402F4D8F069002008B50548F6F732F80448F6F74A
S21402F4E82FF8BDE808400348F6F72AB8465A00201F
S21402F4F8445A0020425A00202DE9F04F89B0894626
S21402F5080446CDE905239DF84870139E30B316F8D5
S21402F51801ABBAF1000F23D00AF1FF34A400E4B21B
S21402F5283146012007F034FDC00E1BD1DFF838B192
S21402F5383146012007F02CFD9BF80050344422790E
S21402F548BDB1002F47D180234846CDE90277CDE9E1
S21402F55800773E4A059900F091F83CE08246DFE7DC
S21402F5685446DDE71B28ECD93146012007F010FD8A
S21402F578E7E7DFF8F880FF2A00EA08080BD14246D8
S21402F588E379A179607901EB032189B209B0BDE874
S21402F598F04FFAF751BA2E4909688B070AD5FE2AA0
S21402F5A835D101230135EDB2202D4FEA43030AD1A6
S21402F5B8FF250AE0294628460792FAF727FA484519
S21402F5C8BFD1079AEBE79845ECD1224B1B78FF2B65
S21402F5D804D0AB4204D009B0BDE8F08FFF2DFAD0B4
S21402F5E829460020F4F7B2FF0028F4D09BF8003032
S21402F5F86479002BEFD1FFF771FE17484FF41051CC
S21402F6080CF0FAFD154B8BF800501C70E3E7052A40
S21402F61897D8BAF1010F94D8B8F1000F91D0002FFD
S21402F628D9D17379002BD6D00D49098821B9082B70
S21402F63828BF08230B490B70434648461292DDE959
S21402F648051209B0BDE8F04FFFF760BE86680400F1
S21402F65870470020186B0020F069002070610020B7
S21402F668465A00206F6100207161002000F8FF07EB
S21402F678014B1880FFF7D6BE445A00200CB42DE979
S21402F688F04F8BB014AA0E4652F8041B074609928E
S21402F698002940F08F80BDF85400ADF822000028FB
S21402F6A800F0A18033794FF6F778002B40F0868079
S21402F6B847458CBF4FF009084FF008084C4B1C789A
S21402F6C8FF2C40F08380B6F90230002BA9BF494BC5
S21402F6D8347A1C780134A2BFE4B21C7044F0800469
S21402F6E8DFF81CB12246002101F0A2FC9BF800308C
S21402F6F8BDF82200002B6CD0DFF808A14FF00009F5
S21402F708BAF8003007930CF0A7FC0546BDF82200AD
S21402F7180CF086FCEBB2CDE90193FF23CDE9030991
S21402F72800932246334639460798FCF7B5FB4FF650
S21402F738FF7305468BF80090AAF80030382D33D1AF
S21402F7483246394640460DF1220307F0E1FB00280F
S21402F7584BD04FF6F7739F4226D8B6F90230708818
S21402F768002B21DA48F204022349244B4FF0000802
S21402F778904214BF8946994609F0ABF849460346B3
S21402F7888A220120CDF800800AF0AFFD814658B1E2
S21402F7982246414601F04CFCFF2332463946404693
S21402F7A8CDE90098FCF7DAF928460BB0BDE8F04F29
S21402F7B802B0704701200AF075FD6EE70023474540
S21402F7C88CBF4FF006089846337177E7FF221A7007
S21402F7D886E7CDE900033246FF2339464046FCF762
S21402F7E8BDF90546AAE71925DEE70546DCE700BFA8
S21402F7F81A6B002073610020976804008C68040066
S21402F80872610020485A002070B54FF40033002475
S21402F8180546164688B0ADF81A100DF10F0204A96F
S21402F8280593ADF81840ADF81C4004948DF80F40C7
S21402F83807F04DFB9DF80F3028460193049B044AB7
S21402F848009305A93346FFF719FF08B070BD00BF3D
S21402F8589068040030B54FF48035002487B00395CD
S21402F868BDF82850CDE900128DF81030074A034635
S21402F87803A9BDF82C008DF81140ADF81250ADF86A
S21402F8881440FFF7FBFE07B030BD00BF9C680400BB
S21402F898B1F1006F2DE9F04314462CBF3922382205
S21402F8A88BB01D464FF00003ADF81E204FF48002C1
S21402F8B82CBF4FF001099946FF2C0646ADF81C30BE
S21402F8C80892ADF824304FEA11471FFA81F80FD193
S21402F8D809F010FBB9F1000F19D1154ACDE9020556
S21402F8E843463046CDE9007407A9FFF7C7FE1AE07B
S21402F8F8FE2C0AD109F0FEFA0130C0B209F005FB67
S21402F908B9F1000F12D00B4A02E0E8B2F8E70A4A49
S21402F918CDE9030501233046CDE90174CDF8008010
S21402F92807A9FFF7ABFE0BB0BDE8F083034AD5E79D
S21402F938946804009A680400936804009B680400AC
S21402F9484FF498124FF0806310B586B0CDE90323C2
S21402F9580023ADF8143008F0BCFF0446F8F796FA10
S21402F968054B01900093054A234603A94FF6FD70FE
S21402F978FFF784FE06B010BD36610020A0680400BA
S21402F98808B5064B1B78022B02D0043B012B03D882
S21402F998FFF7D6FF002008BD0220FCE7B060002073
S21402F9A830B500244FF4806587B0CDE900128DF893
S21402F9B81030084A034603A94FF6FD708DF8114029
S21402F9C80394ADF81250ADF81440FFF757FE07B08F
S21402F9D830BD00BFA46804002DE9F04F99B00E466A
S21402F9E805460CA91046CDE90A329DF888700AF039
S21402F9F8A0F9BDF83090804648460CF02DFBB6F9C3
S21402FA0802300446002BB6F806A0B6F802B004DAAE
S21402FA1800228D4B1A70002049E048460CF01CFB69
S21402FA284045F5D3A4EB0804E3B2002F18BF4FF401
S21402FA38A07A152B099328BF15230024013308F151
S21402FA48FF324946DBB292B2009412A80CF096FF37
S21402FA586FEA4B436FEA53437C499DF8482008688F
S21402FA684968ADF83E300DAB03C3ADF84040ADF87B
S21402FA783C40ADF842A0ADF84420BBF1000F24D1BB
S21402FA880DF14900F6F7C4FCA0B108F022FF5C4667
S21402FA9880460DF151060DF149030A9A96F8009030
S21402FAA8012A2CD14FB384F0010404F0010019B0E6
S21402FAB8BDE8F08F0DF149000AF04AFA4FF6FF74D6
S21402FAC8011B4C4280464C41E3E7BBF1010F57D17C
S21402FAD8BDF8498008F0FDFE80450AD040460DA9CB
S21402FAE80AF039FA80F00104E4B20DF14B060DABC8
S21402FAF8D3E7574B0DF14B06CFE70A9CD5E75FB322
S21402FB0844BBB9F1010F25D830D108F0E2FE08F05F
S21402FB18E0FE2246804671784D4B02910021012074
S21402FB28CDE900814B490AF0E0FBADF8320088B116
S21402FB3824BBB9F1010F0CBF0D210C210DF13200C7
S21402FB480AF03BFB024628B92846BDF832300FA910
S21402FB58FFF794FD0120AAE7B9F1010F04D1002CA2
S21402FB68D3D081227178D8E7002CFAD1B9F1010FE7
S21402FB7894BF002201227178D201CEE70C21DDE77C
S21402FB880A9B002B7FF447AF7388342B4BD1099B13
S21402FB98092B7FF440AF002F7FF43DAF9DF95160EB
S21402FBA83A46B41008210DF1490004F0200408F082
S21402FBB81EFEA0B1284B1B78012B3FF42CAF274A18
S21402FBC8274BB2F868201B68AA421DD0DA001BD55C
S21402FBD8C8232846234A0FA9FFF750FD1BE70DF155
S21402FBE84900F6F715FC0028E4D10DF149000AF0A1
S21402FBF8AFF94FF6FF739842EAD02146F9F778FE36
S21402FC0803460028E4D1E4E75B0201D5002E08DAB1
S21402FC1800232846134A0FA9FFF730FD124B1C7023
S21402FC28F9E68D23D5E7099BCDE905A204930DF1E4
S21402FC384903CDE9028331462846CDE900790B9B74
S21402FC480FAA00F03DF8E6E66761002006F1030019
S21402FC5836610020A8680400B160002028540020FD
S21402FC6870470020F01D0400196B0020024B18781C
S21402FC7840F08000704700BF73610020014B188077
S21402FC88002070479E6A00204FF6FF7103460288DE
S21402FC981B798A4217BF074901200A8041881EBF7E
S21402FCA8054A00201180FF2B1EBF044A002013704D
S21402FCB8704700BF9A6A0020986A00207461002084
S21402FCC82DE9F04FA1B09946BDF8AC302D9F0D93A3
S21402FCD89DF8B03004460E93BDF8BC3038460F93F4
S21402FCE89DF8C0304E88884615469DF8A8B01093F1
S21402FCF80CF047FD112E824671D808F0EAFD5045F1
S21402FD0876D0062E10D14FF6FD72924526D0BBF15C
S21402FD18000F10D100228023CDE900A229462046F2
S21402FD28BC4AFFF7ABFC06E0BBF1000F03D1032E7B
S21402FD3807D8012E09D80022B74B1A7021B0BDE8A1
S21402FD48F08F043E022EF6D8E4E7802329462046A2
S21402FD58B24ACDF800A0FFF791FCECE7B04B1B784F
S21402FD685E074CD408F0B5FD00260346324601204D
S21402FD78A84900960AF0B9FA3B79ADF866000F93DF
S21402FD880028DBD0DDE90E320D9803EB42090CF0B1
S21402FD9863F95FFA89F909F105085FFA88F8804578
S21402FDA8CCD241460D9801F02FF9109008EB400886
S21402FDB80D980CF051F98045C0DADDE90F3213438D
S21402FDC8DBB2002B40F03482BBF1000FB6D1D84626
S21402FDD842460421BDF8660001F02AF974E1904A09
S21402FDE83A2E127812D948F23B039E4207D013E005
S21402FDF88B4A127850070BD5321F022A08D8B8F851
S21402FE08063043F48043A8F8063097E71B2E1DD821
S21402FE18B21E91B213295FD9109B494602930F9BD3
S21402FE283046CDE900B30E9A234607F057F80F2856
S21402FE3884D10122784B1A70794B1B789B0740F1C4
S21402FE482783BBF1000F7FF479AFD8E7A6F11C0130
S21402FE581E29E1D801A050F821F000BFAF04030024
S21402FE6821FE020021FE020045FD020021FE0200DC
S21402FE789D0203009D02030021FE020021FE0200ED
S21402FE8821FE020021FE020021FE020021FE0200DF
S21402FE9821FE020021FE020021FE020021FE0200CF
S21402FEA821FE020021FE020021FE020021FE0200BF
S21402FEB8CF020300CF0203008104030021FE0200E2
S21402FEC821FE0200A304030021FE0200FF04030031
S21402FED81505030023050300132A9DD801A151F82E
S21402FEE822F000BF3DFF0200CDFF0200EBFF02003A
S21402FEF8030103006DFD020021FE020021FE02003E
S21402FF0821FE020021FE020021FE020021FE02005E
S21402FF1821FE020021FE020021FE020021FE02004E
S21402FF2821FE020021FE02004702030021FE020013
S21402FF38DB04030000231A938DF866300DF166037E
S21402FF4822460E99484600931AAB06F0C1FF08F0FF
S21402FF58C0FC0646EAF7D4FB162894BF4FF00209FF
S21402FF684FF02209F7F792FF2E4B0746B3F800A088
S21402FF78FBF7EAFD2C4B80464FF6FF70B3F800B04D
S21402FF8809F09EFF294B9DF866201988244B1B789A
S21402FF9813F002031CBF264B1B780B921A9ACDE964
S21402FFA80701CDE9093240232946CDE901932046C7
S21402FFB80023CDE9058BCDE9037A1E4A0096FFF7A2
S21402FFC85DFBBBE608F085FC1B4B1C4A1B88CDE98B
S21402FFD82A0300232946204621B0BDE8F04FFFF742
S21402FFE84DBBBE781AA9731EDBB2EF2B304627D953
S21402FFF8F22E25D005F09EFA822608F06AFC002327
S2140300082946CDE90003034A33462046FFF736FB65
S21403001894E600BF8C6804006761002097680400B4
S214030028716000209E6A00209A6A0020986A002061
S21403003874610020AE6804009C6A0020BB68040054
S21403004805F078FA002856D008F043FC9DF86C2093
S2140300589DF86E100492BDF86A2049000392BDF815
S2140300686820C9B2CDE901629DF86D2003465200A7
S214030078D2B208320A44009201200022C6490AF086
S21403008834F99DF86D30ADF866008DF863300028B6
S2140300983FF454AE4FF0000801230DF163011A46EE
S2140300A80DF16600F5F790FC074600287FF446AE88
S2140300B89DF86330FAB293420CD89DF86E308DF8EB
S2140300C86330B8F1000F02D0BDF8663036E04FF063
S2140300D80108E1E74146304605F02EFA0123ADF85C
S2140300E86400022219A90DF16600F5F76DFC0137C5
S2140300F80028DDD022E683267FE708F0EAFB0646DB
S21403010805F039FA3346009000220120A3490AF085
S214030118ECF800283FF412AE00273E46ADF8680018
S21403012805F029FA5FFA87F840450DD832460421C8
S214030138BDF8680000F07CFFBDF868300022294649
S2140301482046FFF79BFAF9E5404605F0F1F9FF2844
S2140301588DF866000BD0012301361A460DF16601A9
S2140301681AA8F6B2F5F730FC00287FF4E7AD013796
S214030178D6E75046B7F8029005F0DAF9FF288DF867
S214030188640000F0E2811AA905F0D4F9BDF86830D6
S2140301984B4507D04FF6FF72914540F0D6811904B8
S2140301A800F1D3819DF86D3012930E9B0533DBB2B5
S2140301B813930F9B149300234FF0000911934B4698
S2140301C813E017934900139BC9B219440D9889B2D3
S2140301D80AF02EF84FF0000A179B159012995FFA4B
S2140301E88AF28A4216D309F10109149A5FFA89F149
S2140301F89142E6D39DF86E201292169A1392002B1C
S21403020840F09581119B002B40F09F81109B14931F
S2140302180123D1E711999DF86400179305F08CF92B
S214030228159A179B0AF1010A824208BF0123D5E7EC
S21403023809F106095FFA89F3B046169386E1BD1CF1
S21403024829465046BC7A06F0CCF901222946504680
S21403025808F0E5FF504609F047FE284609F078FE01
S2140302683A88824207D04FF6FF72904203D00CF0CA
S2140302787AFB09F059FE84F00804C4F3C004214647
S2140302882846FFF719F82146284621B0BDE8F04F5F
S21403029806F04DBEBBF1000F7FF450AD12073FF5D5
S2140302A8AEAD33463A462946204601F08FF9002874
S2140302B87FF444AD842329462046394A21B0BDE855
S2140302C8F04FFFF7DBB90F9897F8008009F0B4FBF7
S2140302D800210746204601F0E3FC312EA7EB000772
S2140302E8FFB240F0D5804FF0000A0120534652462D
S2140302F8CDE9008A2B4909F0F8FFADF86600002817
S2140303083FF41CAD162251461AA8EDF779FB1AA836
S21403031808F068FD4FF0FF33DFF894B0CDE91C33DF
S2140303289BF80090B9F1000F02D14FF0010A55E08F
S2140303381D4E33796F2B02D90026324625E05046E8
S2140303481CA9F6F73DFF0028F6D0184BB6F8009020
S214030358B3F86830B9F1000F2CD1003B18BF01235E
S2140303685B0143F004038DF87A3002238DF87B3063
S21403037873881B0A49461EA88DF87D300CF003FACD
S214030388B8F1000F65D0002601220221BDF86600E9
S21403039800F04EFE32461CE5BF6804008C68040075
S2140303A8F01D0400C7680400A45900202854002040
S2140303B8AA600020B3EB090318BF01235B0143F0CF
S2140303C805038DF87A3002238DF87B300F238DF8DA
S2140303D87C30CDE70AF1010A5FFA8AFA0AF1FF369A
S2140303E8F6B230460CF0C5FAC307F3D59BF80030CF
S2140303F819EB030F04D009F101095FFA89F9E9E754
S214030408584B1CA918783044C0B2F6F7D9FE002812
S21403041892D0304609F099FD814630460CF0A9FA89
S214030428C0070FD416238DF87A304F4B1B78013349
S214030438DBB20F2B28BF0F238DF87C304B4B33F8DA
S214030448163096E730460CF094FA8107EAD412235E
S214030458E9E7BDF866000BF0FFFD1630B84292DCFC
S214030468012316221AA90DF16600F5F7ADFA00283E
S2140304787FF464AC012660E712073FF5C0AC3B4641
S214030488224629460F9801F0F9F800287FF456AC5F
S214030498BBF1000F7FF452AC0CE7BBF1000F7FF4FF
S2140304A84DAC802307E708F014FA50457FF446ACB2
S2140304B8B81CF5F7ADFF00283FF440AC08F009FA7E
S2140304C8064608F006FA2A4B2A4ACDE92A03334693
S2140304D880E538460CF055F909F0F2FC00283FF49D
S2140304E82DAC2A90002329462046234A21B0BDE88E
S2140304F8F04FFFF7C3B84B462A4621460020CDE9FE
S2140305082AB721B0BDE8F04FFEF7F6BF4B462A469A
S21403051821460120CDE92AB7F3E75B464A46294632
S21403052820462A9721B0BDE8F04F06F005BD012303
S21403053819A91A460DF16600F5F746FA00287FF45E
S214030548FDAB08F101085FFA88F8013605F013F8E1
S2140305585FFA86FA50453FF60CAEB8F1000F3FF443
S21403056833AC35E4E76A00205C610020D6590020E6
S21403057836610020CC68040097680400F8B5164B6B
S21403058804461D88154B20F8025B196879B10822C2
S214030598EDF788FA124B0C201B78124EA372124BF7
S2140305A819780023DAB2914205D8FF2209E0C4F885
S2140305B802104160EEE7013300FB03F7F75BAF4237
S2140305C8F0D10A4BE2721B782373094B1B786373CB
S2140305D8084B1B682361F8BD565A00204455002073
S2140305E87561002040580020E16A00205961002008
S2140305F85861002030550020F0B589B006460C46F1
S214030608154609F0C8FF0DF10A020146304609F0FF
S21403061879FE144F0346F0B901223A702288BDF8D2
S2140306280A102AB102460090072003F068FF90B12B
S21403063803A8FFF7A3FFBDF80A000BF00DFD064657
S214030648BDF80A000BF0ECFC21460090F3B22846EE
S21403065803AA05F0F0FF0023034A3B70136009B0B2
S214030668F0BD00BF7661002044550020142230B543
S2140306788BB005460DEB02011548DEF7DDFC10BB13
S214030688BDF81430DA0720D413F0060FC3F341027B
S21403069808BFC3F341220F4B0DF116019C5C684655
S2140306A82246EDF73DFBBDF8263004F128026A44DE
S2140306B802F8283C02341B0A02F8273C69462A46F5
S2140306C8E0B208F09DFF0BB030BD2320FBE700BF68
S2140306D8703214E0FBCC040010B58AB0ADF82620BF
S2140306E80022CDE9052204920CAA02924FF6FF7265
S2140306F80446AC2101200192064A039004FB01221A
S214030708603200924CF620010DF1260209F02CFC0B
S2140307180AB010BD2854002010B54FF6FF741E4AC1
S2140307288AB0B2F86800B2F85E10A042ADF82600A8
S214030738B2F85C304FF6FD70ADF8241018D081423D
S2140307484FF0000094BF48F660014CF66001CDE90F
S2140307580500CDE90300CDE9010094BF09AA60327C
S21403076800920DF12602042009F0FEFB0AB010BD24
S21403077881424FF000008CBF603209AA00928CBFFA
S2140307884CF6604148F66041CDE90500CDE9030023
S214030798CDE90100014AE6E72854002092540020D8
S2140307A800B50E4B0022B3F85E308BB0ADF824309C
S2140307B84FF6FF73CDE90522CDE90322CDE90122E1
S2140307C809AA00924FF400610DF126020720ADF83E
S2140307D8263009F0C9FB0BB05DF804FB285400204B
S2140307E8202A10B5144614D8012A04D10C88B4F567
S2140307F8004418BF0124620030B10748EDF752F9E8
S214030808064B00201C7010BD0548EDF74BF9054B49
S214030818F7E72120F7E700BF585A00207761002042
S214030828985A0020786100202DE9F04710461746AD
S2140308380BF0A7FFDFF814A1DFF814919AF800303D
S21403084899F800200546134302D10020BDE8F08737
S21403085810F4406800F0400619D186BBB0F5804F07
S2140308685CD24FF4807400239AF80000344AD9B255
S21403087888425DD8002399F80000324AD9B28842E4
S214030888E3D932F8021B0133A142F7D155E0F81C2D
S2140308980BF077FF4FF6FF73984214BF0124022428
S2140308A886B1052605F44043B3F5004F44F0080423
S2140308B824D0B5F5804F23D244F4807420E0444610
S2140308C80326EFE7B5F5804F4FF00506F4D3B8F5E2
S2140308D8406F14BF02200820304438440BF051FF01
S2140308E8194B05F44045B3F85C3083420CBF44F01B
S2140308F8080444F00404B5F5004F01D144F080041D
S214030908B8F5006F0ED1B8190BF03BFF0E4BB3F8D2
S2140309185E308342A7D144F01004A4E74446032676
S2140309280220D9E7B8F5406F08BF44F020049AE7D9
S21403093832F8021B0133A14299D1012086E700BF92
S214030948985A0020585A002028540020786100201E
S214030958776100202DE9F04F104685B01646984675
S2140309680BF00FFF5D4F00F00803B7F85C10044662
S21403097800F00709F01C02930391B7F85EB00BF07A
S21403098800FF06F1050A054650460BF0FAFE034635
S2140309984FF6FF70854218D00399A1EB050CDCF1DE
S2140309A8000545EB0C056D004FF6FF718B420ED123
S2140309B845F004050BF05EFD029B6BB1B9F1000F21
S2140309C811D0422005B0BDE8F08F0125ECE79B4522
S2140309D808BF45F00805EDE7B9F1030FF1D8DFE8DE
S2140309E809F0021B795D0BF045FD08B9A807E8D5A1
S2140309F824F00804A4B2B4F5004F05D0B4F5624F4A
S214030A0802D0B4F5404FDCD10025294697F8A82034
S214030A18002007F0ABFD3CE0D7F88030E3B90021AF
S214030A2832460846FFF700FFD8B948F6410224F0D5
S214030A3838039BB29342C4D10A2D49D0062DC0D1A0
S214030A4897F87730023B012BBBD8F3F745FD002810
S214030A58B7D140F6040505E04146304698470028D6
S214030A68DDD00825E20648BF45F08005A30648BF43
S214030A7845F4805505F00C03042BC6D1F01D0BF086
S214030A8880FE97F8A8303246009341462B4607F077
S214030A9842FD08B30E9B1880002093E7A90705D1EB
S214030AA84FF6FF73B7F85C209A428AD104F4406382
S214030AB8B3F5006F0AD0B3F5406F82D108225046CB
S214030AC80749EDF7E9FA00287FF47BAF0C25C9E759
S214030AD80425C7E7432075E7192073E72854002041
S214030AE888540020034B1A781AB1FF2A04BF002241
S214030AF81A7070477A61002070B5084C084E237840
S214030B08F55C1DB13E2107480BF05DFDFF222378F7
S214030B182846F2540023237070BD00BF7961002075
S214030B287A610020D0680400034B044A1B78D05C23
S214030B38FF3818BF01207047796100207A610020CA
S214030B480023074A07491360074A1360074A1360D6
S214030B58074A11600121074A1170074A1360704754
S214030B6854550020FBA00300505500204C55002088
S214030B78106A00201B6B00205C5500200E2A70B5F7
S214030B880C4606461546194603D9FFF7D9FF5020E3
S214030B9870BD012807D10020F3F7B8FCB0B1FFF702
S214030BA8CFFF2120F4E780220021224B1A70224B24
S214030BB81960224B1B684BB134200BF0A5FA204B67
S214030BC8188018B9FFF7BCFF0120E1E724F0FF639C
S214030BD823F4FF231BB1FFF7B3FF4F20D8E774B9FD
S214030BE82046F3F7ADFC0124032510F0800F43B22B
S214030BF81BBF00F01F039C409C4044F07844002031
S214030C08104B24F078441E700F4B10491D70104B80
S214030C181C60104B1870104B1A68F4F71FF818B1BD
S214030C28FFF78EFF0420B3E79DF810200B4B1A70CE
S214030C38AEE700BF7B610020585500204C550020C6
S214030C48D85A0020806100207E610020490F0300E7
S214030C585C5500207F610020545500207C610020ED
S214030C687FB5244B00251A7801232348234903FA22
S214030C7802F200781A440A60ADF80E5020B3984280
S214030C8836D11F4C1F4B20781B680DF10E01984771
S214030C981D4EBDF80E20307092B11C4B29460093AA
S214030CA8284602230195F4F713F83278237822B1FD
S214030CB8012A12BF1B230133DBB2237004B070BDB5
S214030CC8013818BF0120F0E778235A43013A0A602F
S214030CD808220F490BF05EF90B49094A097813787D
S214030CE821B1012912BF1B230133DBB21370E5E7D9
S214030CF81846E3E77E6100208061002060550020E7
S214030D087F610020106A00201B6B0020850F0300FC
S214030D1809C40300024B1868003818BF012070473F
S214030D284C55002037B505461C460BF0A3FB68B99F
S214030D3874B1084B1A60084B0A461C6001232946FF
S214030D4800930323FFF71AFF03B030BD4D20FBE7DC
S214030D582520F9E7485500205055002013B50446CA
S214030D680BF088FB58B962B1074B1A6001230A4691
S214030D78009321460323FFF701FF02B010BD4D2061
S214030D88FBE72520F9E700BF4C5500202DE9F04185
S214030D980446DDE906861D469DF820700BF06AFBBF
S214030DA888B99EB1A2B10B4B01201A600A4B0A46BA
S214030DB8C3F80080094B21461E602B460697BDE8FC
S214030DC8F041FFF7DBBE4D20BDE8F0812520FBE7A9
S214030DD82120F9E7106A00205455002050550020BA
S214030DE80148F4F7ADBB00BFD85A00202DE9F041FF
S214030DF80020F3F7A1FE114B114C1E68114B2088F7
S214030E081D68114B114FD3F8008010B13978F4F7E9
S214030E1871FD00203870FFF793FEF4F7ABF90EB1B7
S214030E284046B0473DB12088A84700232380BDE845
S214030E38F0410BF043BCBDE8F08100BF50550020DD
S214030E48D85A00204C5500205C55002081610020AC
S214030E58F8B52F48F4F764FE2E4B187830BBF3F733
S214030E686FFB2D4F06463B6803B32C4B2C4D1C6873
S214030E7824B195F900301A461946A047294B1B6832
S214030E8883B1294C2378312B0CD8284B18880BF0C0
S214030E98C7F823785A1C22702A78C25423785A1C17
S214030EA82270C65480232B7000233B60204C237883
S214030EB81A2B22D81F4A1278012A09D100211E4A62
S214030EC8156825FA03F0C007DAB20ED501B1227009
S214030ED80020F3F735FB2178884212D10022174BFE
S214030EE81A70FFF7BDFE40B9F8BD0133D8B21A2809
S214030EF84FF00101E5D90A442270BDE8F840FFF730
S214030F0875BF0020F3F72EFB0028E7D0F5E700BFF0
S214030F18146A002080610020585500204855002098
S214030F287B6100204C55002081610020D85A0020A0
S214030F387F6100201B6B00205C5500207D6100202C
S214030F4808B50B4B187880B90221F3F7CDFA094B8D
S214030F581B782BB100214FF6FF720846F3F7A6FA63
S214030F68BDE808400448FFF773BF00210846ECE7CE
S214030F78806100207C610020146A002038B5144B79
S214030F880C461D78012D21D181B90846F3F7D8FA06
S214030F98104A05FA00F013680F4923EA00031360A2
S214030FA820462A46BDE838400AF0F4BF0B4A1378B1
S214030FB80133DBB2022B137004D9BDE83840084866
S214030FC8FFF746BFFFF74CFE0028F6D138BD00BF33
S214030FD8806100205C55002009C403007D61002061
S214030FE8146A002038B50C4605460BF035F8A042BF
S214030FF803D82D2103480BF0E6FA28460BF010F821
S214031008204438BDE468040070B506460D460BF068
S21403101807F8044648B130460BF01EF8A84203D832
S214031028352102480BF0CFFA605D70BDE468040012
S21403103870B50C46064615460BF00EF8A04203D8C4
S2140310483E2104480BF0BFFA30460AF0E9FF00B128
S214031058055570BDE46804002DE9F0438FB00746D4
S2140310680C4615461E469DF85880F8F755F920B1E4
S214031078F4F796FE08B144F400544D4B1B7813B9A5
S21403108824F40074A4B2200509D546B9284604A951
S214031098F5F750F9002846D024F40064A4B2ADF856
S2140310A81840ADF81A5007F014FC424BADF81C0074
S2140310B8B8F1000F02D01A78424501D293F800809F
S2140310C83D4AE105137848BF0DF1210103F10103F9
S2140310D8DBB2137058BF08A922058DF81E808DF859
S2140310E81F3006D53368083141F8083C736841F861
S2140310F8043CE30407D5314A0831136841F8083C31
S214031108536841F8043C0DF11808A1EB08005FFA90
S21403111880F9002148460AF0F7FF064628B900205A
S2140311280FB0BDE8F08304AEB9E70AF079FF41468D
S2140311384A46ECF7F5FD30460AF08EFF8046304601
S2140311480AF06EFF0023024600934FF6FF7004234F
S2140311585FFA88F107F0DFF9ADF80E000028DED055
S21403116840F201131C421AD14FF6F7739D4216D864
S2140311780AF072FF0DF10E010446284600F090FDB2
S214031188BDF80E000AF068FFE4B2A04207D9BDF81E
S2140311980E0007F00DFA437843F004034370BDF8D6
S2140311A80E003A4601210AF087FFBDF80E00B7E79E
S2140311B8AC600020DB6A0020AE60002036610020A9
S2140311C8F0B50829D58889B028D00C2926D0AE04CE
S2140311D824D405F040030B43424C267816B105F099
S2140311E8200423432FB2002FB8BF43F080030329FC
S2140311F820D11223AC068DF80430937A10D48DF8D8
S21403120805300DF1060401A9621A012392B2F4F718
S214031218DBFBB0FA80F0400909B0F0BD0B46DBE70C
S21403122832228DF805308DF80420002EE9D00DF112
S2140312381304E8E70C298DF804300ABF1389537999
S2140312488DF80530548805BF1B0A8DF806308DF8CF
S21403125805300DF1070318BF0DF106031C70240AA9
S2140312685C70148802399C70240ADC70147901298E
S2140312781C7111D8917A002F597131DA022112891B
S2140312889971DA71120A03F109041A72002EBAD098
S214031298AB06B8D50534B6E7A9071AD4002F0CDA77
S2140312A8117A51B1917A59711189127A03F10804A6
S2140312B892B102229A71D971E8E70B4C217801F1B1
S2140312C8010C84F800C091729C1D002F5971DDDA59
S2140312D8EAE7917A9C1DF8E70122090A9A71EAE778
S2140312E89C1DD3E7AC600020AD600020014B18803E
S2140312F8704700BFDA5A0020014B1888704700BFB2
S214031308DA5A00202DE9F84307460BF055F9054647
S2140313181B480BF0CCFA1B4B60B31C683C1B2C44D5
S214031328A4B20022184BDFF868901B78174D03EB1E
S214031338830399F8006005EB43055FFA82F8464590
S2140313480AD9AB8805F10A00A34216D90A23B21AAA
S21403135829465A43ECF7A6FB013689F80060AC80A9
S214031368B8F1000F03D1394605480AF045FF284669
S214031378BDE8F8833C461D60D3E705460132DCE743
S214031388346A0020645500208261002072590020C8
S214031398836100201FB5154A154C1378013BDBB251
S2140313A813706168206801AA03C221891180114A53
S2140313B81278D21805D00A2320465A43E118ECF7C8
S2140313C871FB9DF806301B070DD0BDF80C00FFF720
S2140313D899FF03468288ADF8082001AA03CA128833
S2140313E8186059601A8104B010BD00BF82610020DE
S2140313F87259002083610020002108B5084B09486C
S2140314081970094B1970094B1A7802EB82025200BD
S214031418ECF7F6FABDE808400548F4F781BB00BFC9
S214031428836100207259002082610020E56A00204B
S214031438346A0020F8B50024084D094F094E3B7856
S2140314483178E2B20B449A4204F1010400DBF8BD9A
S2140314582846F4F775F80A35F1E700BF72590020F5
S214031468836100208261002010B5064C207828B1DD
S214031478054807F0C9FD10B1034B188810BDFFF7E0
S21403148889FFF3E7826100207259002008B50A4AEB
S2140314980346107860B1094A1088984209D121B9E1
S2140314A89378103323F00F039370FFF773FF01202D
S2140314B808BD0020FCE700BF8261002072590020A7
S2140314C82DE9F74F00260BF077F8DFF8F890B246C9
S2140314D899F80070B3463A46DFF8EC801FFA80FEA8
S2140314E8B8F800C0344CAEEB0C039BB201932378D8
S2140314F8324D009303EB830305EB4303ACEB0E0C6F
S2140315085FFA86FEBE4515D3BAF1000F01D0009BDD
S2140315182370BA422AD3002F37D00A222378C8F872
S214031528000002FB03532648998803B0BDE8F04F32
S2140315380AF062BEB3F804E001998E4512D84FF05C
S214031548010A009993F802E001310EF1FF3EC9B291
S214031558013AA3F804B083F802E00091D2B20A3342
S2140315680136CDE7E644A3F804E0F8E789F8002057
S2140315784AB10A222378C8F8000002FB035310482E
S21403158899880AF039FE237813B903B0BDE8F08FBB
S214031598FFF76AFF06460028F5D006F03DFF01462A
S2140315A8304607F02EFD20B100212888FFF76EFF8E
S2140315B8E9E740F60241F8E7826100207259002005
S2140315C8346A002083610020645500202DE9F04129
S2140315D892F808801F4608F1FF33DBB2EF2B054667
S2140315E80E46144688B00BD982238DF80E30314642
S2140315F828469DF80E30204AFEF740F8012037E0CB
S2140316080E22002104A8ECF7FBF9B4F809308DF88C
S2140316181180ADF81230E37A03F07F02032A08D06C
S214031628012B24D103238DF81030A389ADF8153088
S2140316380EE0032B14BF022301238DF81030E36852
S214031648CDF815302369CDF81930237D8DF814307D
S214031658A7F121014A420DF10E034A4100932146A0
S2140316680DF10F0304A8FDF737FC0028BFD10020AF
S21403167808B0BDE8F08100BFF01D04002DE9F04F67
S21403168800241D7895B0CDE902010492234622462C
S2140316980120CDE90054404908F027FEADF81E00A6
S2140316A8F8B1A346264627460DF120090DF1380A58
S2140316B8E9F71AF85FFA84F8404516D83A4602213D
S2140316C8BDF81E00FFF7B4FC32460421BDF81E0021
S2140316D8FFF7AEFCDDE903100022BDF81E30FDF768
S2140316E8CDFF012015B0BDE8F08F4A4640460AA94B
S2140316F8FDF7E4FB9DF8282022B12DB1013DEDB29C
S2140317080137FFB20134D3E7BBF1000FF8D199E8EC
S21403171803009DF829308AE803008DF84030BDF8A9
S2140317282A30032A8DF841304FEA13238DF84230C6
S21403173817BF032301238DF843309DF82C30DDF8BB
S2140317483110DDF82D0014BF8DF84C308DF843307A
S21403175811AB03C302980CBF4FF00E084FF01508E1
S21403176808F06AF90590BDF81E000AF075FC05999D
S21403177800EB080399420BDB0123424651460DF161
S2140317881E00F4F721F90028ABD10136F6B2B7E705
S2140317984FF0010BB4E700BFC768040038B5054629
S2140317A80D4B0E481C88F4F7A7F9012D0CD10C4BEA
S2140317B81C88FA21614358B1884209D28408012C4F
S2140317C8204638BF012038BD022D08BF0224F0E7A3
S2140317D802480AF011FDF2E76E5900205C46002025
S2140317E86C590020012208B5054B06481A700021DB
S2140317F80AF002FDBDE808400020FFF7CFBF00BF90
S214031808976000205C4600201E4B73B51A8802F1C9
S21403181808039BB2012B02D81B4B1B7823B902B0D3
S214031828BDE87040F4F77CB90024184B184D1C70BB
S214031838184B1C702B787BB14FF6FC73164E00932F
S214031848224623462146308808F01CFB4FF6FD73D4
S2140318582C70338001200FE0104B1046197807F0E0
S214031868CEFB0028F6D10C4B1A884FF6FD739A4226
S214031878F0D0012302202B7002B0BDE87040FFF7BA
S2140318888DBF00BF70590020976000209A60002023
S21403189898600020996000206A5900209B60002009
S2140318A8012808B50AD002280CD020B9084B1870AE
S2140318B80848F4F735F94FF0FF3008BDBDE808408F
S2140318C8FFF790BF0020BDE80840FFF767BF00BFDB
S2140318D8976000205C46002002280CD859B1064AB7
S2140318E813780133DBB21370044A12789A4202D88B
S2140318F80220FFF7D5BF7047996000209C60002040
S21403190838B5A0F61343012B04460D4615D80E4AE0
S21403191813780133DBB213700C4A12789A420CD848
S2140319284FF6FD720A4B00201988914201BF002228
S2140319381D80084B1A70FFF731FF29462046BDE87D
S214031948384004F07CBE00BF9A6000209D600020EB
S2140319586A5900209860002000234FF6FD71054A57
S2140319681370054A1370054A1180054A1370054A11
S214031978137070479A600020996000206A59002007
S214031988986000209760002030B5094B02461B7804
S21403199833B1084B084C19780023D8B2884201D3D0
S2140319A8FF2004E0013334F823509542F5D130BDC7
S2140319B8E46A00209F6000204A5900200022FF2185
S2140319C8044B05481A70054B1970054B1A78920094
S2140319D8ECF716B89F6000204E5900209E60002042
S2140319E8E46A0020F7B58DF807100DF107010446E1
S2140319F802F0F1FD234B1D78002D41D02046FFF75A
S214031A08C3FF214EFF283178204B05D1204A107892
S214031A1885422DD9451C1570884219D01C4A1B4D82
S214031A2892F800C00022D7B2BC450CD92F4697F8C7
S214031A3803E00132864505F10405F4D102B203EB4F
S214031A488202D278FA7002B203EB8202D170307047
S214031A5802B203EB820123F82240FF228A709DF824
S214031A680720FF2A02D003EB8203987003B0F0BD69
S214031A780A46104603EB8202D278FF2AF9D1CBE74F
S214031A88FF20F3E7E46A00209E6000204E590020FA
S214031A989F6000202DE9F843FFF776FFFF280446EA
S214031AA869D04FF6FF72354F03B2DFF8DC80344E49
S214031AB827F8232098F80050A54202D10020BDE855
S214031AC8F883337820B28100A34207EB800090F8AE
S214031AD803E010D00023294A5FFA83F94D4594465C
S214031AE806D99CF803900133A14502F10402F3D109
S214031AF88CF803E001E086F800E0013DEDB22A1B0E
S214031B08D2B2043192003944EBF7CCFF88F8005080
S214031B183378FF2B04D0A34224BF03F1FF3333707B
S214031B2800214FF6FF70154BCAB2AA420CD3002306
S214031B384FF6FF71134ADCB2AC42BBD2013332F81C
S214031B4823008842F7D1B5E79A78A2420BD11880CA
S214031B58DA78FF2A04D0A24224BF02F1FF32DA70F1
S214031B6801310433E0E7FF2AF2D0A24224BF02F190
S214031B78FF329A70ECE72D20A1E700BF4E590020EC
S214031B889E6000204A5900209F600020F8B51C4B31
S214031B9805461B78084673B3FFF7F6FEFF28044688
S214031BA829D02846FFF7F0FEFF2806D0154B164E19
S214031BB81A780023D9B2914218D3FF212846FFF793
S214031BC811FFFF28014616D00546104F23B207EB30
S214031BD8830237F823009678FFF704FFA84208BF66
S214031BE8FF25FF2E214608D12846F8BD013316F8EF
S214031BF823108142DED1FF25F6E73446E6E700BF29
S214031C08E46A00209F6000204C5900204E590020AB
S214031C182DE9F04180460E461F46002386B001A8EC
S214031C2814469DF830508DF80330FEF7A7FCADF840
S214031C3804802EB13368CDF806307368CDF80A30C1
S214031C4838460AF0EDF90DF103034219214601A8B7
S214031C5804F001FD9DF8033093B931464046E8F792
S214031C6837FF0E4B1B785BB10B2C09D8FF21404678
S214031C78FFF7B8FE064605EB4404E4B2A54202D1D4
S214031C8806B0BDE8F0812946384608F0D1FA314651
S214031C98FFF7A8FE02350646EDB2EFE7E46A002032
S214031CA800232DE9F3470DF107028DF807300446A4
S214031CB80E4602F07BFC9DF80730054663B92046BE
S214031CC8FFF762FE04465EB130880AF0C5F95FFA8C
S214031CD880F8FF2C45D10025284602B0BDE8F087DA
S214031CE8B046F6E701320C2AF5D02DB207EB850588
S214031CF8AD78FF2DF6D112F0FF0AECD04FEA4A056D
S214031D080235EDB2002EE7D0304605EB080108F0A1
S214031D1854FA0028DFD1524641463088FFF788F93F
S214031D280AF1FF3208F1010108F102093088D2B23C
S214031D38C9B25FFA89F9FFF77BF924B207EB840483
S214031D48A478FF2CC8D023B2494637F82320308816
S214031D5808F07EFA0028BED109F102095FFA89F96C
S214031D68EBE725460022014FBFE700BF4E59002088
S214031D7808B5D5F76FFED5F759FA00F04AFAD6F73D
S214031D8869FEBDE80840D5F701B810B504460188D2
S214031D980120D5F71FFFE3880BB9C823E38010BDDE
S214031DA837B50446D5F724FF658885420ED8A1883B
S214031DB8E288814205D3431B5343491BB3FBF1F324
S214031DC89AB280B240EA024003B030BD0022F8E778
S214031DD870B50C46088800F04BF994F8443005466D
S214031DE883420FD004F11C06304600F07CF984F8D1
S214031DF8445000F07CF9618BA0643046BDE870401F
S214031E0800F06CB970BD38B5044690F84410837872
S214031E18826CCB1A59425941D5F722F8E37893B125
S214031E28257985B900F063F90346A268218A04F187
S214031E381C009C1A8C4236BF52182946D11ABDE894
S214031E48384000F04BB938BD09B100F0FDB800F0D2
S214031E5805B938B58388044603B3E3780088A178C0
S214031E6804F10C05A3B10023B1FA81F1E370490923
S214031E78FFF7EAFF4FF6FF72A388218993421CBF38
S214031E8803F1FF33A3802846BDE8384000F026B99F
S214031E980123E370FFF7D8FFE188F4E738BD10B5F0
S214031EA8044681780088FFF7CFFF0123E3700023F9
S214031EB8A38010BD10B581780446B1FA81F1008875
S214031EC84909FFF7C1FF0023E370A38010BDFFF79E
S214031ED8F1BF70B50446054600262B4655F8040B95
S214031EE810B11B1B0C2B00DD70BD237C8680002BDA
S214031EF8F3D0637C13B1FFF7D2FFEEE7FFF7DAFF01
S214031F08EBE7FFF7E6BF70B5044605464FF6FF76E0
S214031F182B4655F8040B10B11B1B0C2B00DD70BDAC
S214031F288388B342F4D04FF4FA724FF6FF73114620
S214031F38D4F7EAFFECE709B100F086B800F08EB8EC
S214031F4810B50446C0600830D5F7B6FF2179208857
S214031F58B1FA81F14909FFF7EEFFA37943B1217975
S214031F686088B1FA81F1BDE810404909FFF7E3BF7D
S214031F7810BD00F0A9B80346184613F8012B8A4289
S214031F8801D0002AF8D1704710B53B2104460068F3
S214031F98FFF7F1FF0022034603F8012B20682360AE
S214031FA810BD10B540B1421E0A24002012F8013FA6
S214031FB8303BD9B2092900D910BD04FB0030F5E738
S214031FC808B500F07EF808B540F2BA4200211020A2
S214031FD8D5F77CFD41F2E823584340F6FF7300F239
S214031FE8FF70B0FBF3F080B208BD50F80C3C23B189
S214031FF850F8041C30F80E0C18477047084619B1F9
S214032008FF21103002F0F9B9704773B505460E463E
S2140320186DBA1446D5F786FEADF804507EB1012C8A
S21403202804D0032C09D00022012101E02246022114
S21403203801A8D7F79BFF02B070BD0022F7E704217B
S21403204832460DEB0100F4E707B540BAADF80400D5
S21403205801A8D7F7BFFF03B05DF804FB07B540BA7E
S214032068ADF8040001A8D7F7E1FF03B05DF804FB59
S214032078002307B540BAADF804000DF1030101A823
S2140320888DF80330D7F7FEFF9DF8030003B05DF81D
S21403209804FB007800F0DF03552B07D0642807D02D
S2140320A8663818BF4FF0FF30C0B27047012070473C
S2140320B80320704718B12D280CBF01200220704753
S2140320C8704708B501F08BFD08B500F083F8BDE846
S2140320D8084004F08EBA50E9023018470A4608301A
S2140320E8FF2102F081B9FF21083002F08EB908B546
S2140320F80AF0C1FABDE8084009F046B813B500244B
S2140321080DF107008DF8074003F025FA40B99DF84E
S2140321180700033803288CBF0020012002B010BD37
S2140321282046FBE72DE9F041044600274FF00C0E46
S2140321388F4202DB0020BDE8F0812078904204D16C
S214032148002594F80780454502DB01370C34EFE792
S2140321580EFB05F6D4F808C00CEB06003CF8066040
S2140321689E42E8D00135EEE7F0B585B005460E4643
S2140321781746D5F7F7FE0446A0B131462846D5F7E5
S214032188A9FE83783A46002BA36831460293A378C0
S214032198284601934FF0000300930CBF8023402387
S2140321A8E4F732FF05B0F0BD08B51288D5F7DAFEB6
S2140321B850B10279BDF80C309A4207D88168029864
S2140321C8EBF770FC002008BD8620FCE78920FAE7B9
S2140321D8D5F7CCBF002004F088BA08B504F0EDFAAA
S2140321E8002814BF0320002008BD10B50446FFF7D7
S2140321F885FF20B12046BDE81040DFF74BBE10BD73
S21403220808B5FFF77BFF18B1BDE80840DFF734BE13
S21403221808BD704708B501F0CCFFFFF7A9FDD6F750
S2140322280BF86420DFF746FE6420DFF733FE01F081
S214032238C2FFD4F7D9FD08F0D1FBF8E7F8B5D0E923
S2140322480176437B04460D4613B133463E461F4686
S214032258FFF74DFF012D206438460ED1D4F7BAFE9A
S2140322683046D4F7DBFE257360784FF47F42BDE82B
S214032278F8404FF48171FFF777BF022D05D1D4F7E5
S214032288CDFE3046D4F7A6FEEDE7D4F7C7FE3046B4
S214032298D4F7C4FE0025E6E738B5037B04468B422D
S2140322A80D4607D190F844305BB3BDE83840483054
S2140322B8FFF719BFFFF71BFF216C431AC72B0CD870
S2140322C80123C83184F8455084F84430091A04F1C8
S2140322D84800BDE83840FFF701BF0DB1237B2BB993
S2140322E829462046BDE83840FFF7A8BF0021204608
S2140322F8FFF7A4FF0123C82184F8455084F8443027
S214032308E5E738BD90F84510FFF7C6BF0121FFF78C
S214032318C3BF0221FFF7C0BF0021FFF7BDBF4FF6BB
S2140323280173994210B5044602D10021FFF7B4FFA2
S2140323382046BDE81040D6F71FB9032910B5044652
S2140323482BD0007B30B9012903D002290CBF01200A
S214032358FF2010BD032A07D8DFE802F0020810148E
S21403236801291CD002291FD0FF20F2E70029FBD140
S214032378B4F85C20012A12D0022AF4E704290ED006
S2140323880529F0E7042914D0052914D00029EBD130
S214032398B4F85C20111F0129ECD80220D9E75A1E8D
S2140323A8534253415800D4E7022B0CBF02200120A6
S2140323B8CFE70020CDE70120CBE730B587B0054649
S2140323C80C46D5F7C1FE012820D11CB1611E4B422D
S2140323D84B4158006B784FF480728DF804304FF4F5
S2140323E88273ADF806304FF48173ADF808300123D5
S2140323F88DF80B30002385F8900001A8CDE9032358
S2140324088DF80A408DF81430D5F7D6FE07B030BDE0
S21403241841680346C978027B99B98168C97899B92E
S214032428002A08BF0321D6F76BB99B7B002B0CBF8A
S21403243801210221F7E79B7B002B0CBF0221012118
S214032448F1E7012AF1D17047012AF4D1704704292C
S21403245810B5044604D831B1BDE81040D6F7D4B950
S21403246805290DD010BD037B5522002B08BF032179
S214032478A0F85C1040781221FFF776FE2046EBE7BB
S21403248843681A8A83681A82E6E701230373037884
S214032498013343734FF44073C38103230374002348
S2140324A8A0F85C3080F89030704738B504460D467F
S2140324B801B945890123E373FFF719FEFA2202FBE4
S2140324C8050020612089BDE838405043FFF78DBEDC
S2140324D810B50446806BD8B1E278022A04D0636B41
S2140324E85B7972B984F83C3094F83C306BB1FFF7EB
S2140324F8D6FC60784FF60272BDE810400621FFF757
S21403250833BEB3FA83F35B09ECE7FFF7D3FCF0E7D4
S21403251810BD10B50446406BD4F75CFD2046BDE8F5
S2140325281040FFF7D5BF10B50446406BD4F776FDC9
S2140325382046BDE81040FFF7CBBF10B50446406BF6
S214032548D4F792FD2046BDE81040FFF7C1BF10B58B
S2140325580446002206214078FFF706FEA378022BDE
S21403256801D0FF2B04D12046BDE81040D6F7AEBCF9
S21403257810BD4FF60273994210B5044601D1FFF712
S214032588A7FFE378022B02D02046FFF7A1FF2046D9
S214032598BDE81040D6F79ABC10B583680446DA78C7
S2140325A88AB11B797BB102231221A0F86C3055221D
S2140325B84078FFF7D9FD04F1A8004FF4FA71BDE897
S2140325C81040FFF78BBD10BD10B5D0F8A4407CB102
S2140325D803791BB14079D6F739FD48B9A3883BB9C7
S2140325E832222046BDE8104001231146D4F78CBC9E
S2140325F810BD10B50446A830FFF775FD2046FFF753
S214032608E3FFA278237982B913B12046D6F744FDAF
S2140326182046D6F781FD03236078A4F86C3055224C
S214032628BDE810401221FFF79FBD012B02D12046BB
S214032638D6F732FDA379012B02D12046D6F76CFDD7
S2140326480123E9E710B50446A830FFF74CFDA37845
S214032658B3B92046FFF7B8FFA3788BB9237913B12C
S2140326682046D6F739FD2046D6F79AFD0423607828
S214032678A4F86C305522BDE810401221FFF774BD4C
S214032688B4F86C30022B0DD02379032B02D12046E5
S214032698D6F702FDA379032B02D12046D6F73CFDD5
S2140326A80023E4E72046D6F7BDFDF9E7827883687A
S2140326B85AB9DB78002B14BF03230423A0F86C3025
S2140326C8552212214078FFF74FBD1A7922B9DB78D5
S2140326D8003B18BF0123F1E70223EFE77FB500238A
S2140326E89E6A0446B6F5C04F0D460CD201A8D6F727
S2140326F855FF039B5B0506D529462046336C04B075
S214032708BDE87040184704B070BD00239B6AB3F554
S214032718C04F05D21B6BB3F5C04F01D29B68184751
S2140327284FF4817070471FB500239A6AB2F5C04FFD
S21403273804D340F2011005B05DF804FB126BB2F542
S214032748C04FF6D2012201A8CDE902338DF8042042
S214032758D6F724FF039BDB03EBD5029B1A0EE8D0C0
S214032768012A03D1C3F307430A2BE2D900239B6A42
S2140327781B6B1B6C9847DEE70023036070470368F0
S2140327880B600160704710B538B132B129B1002328
S2140327980139D45C14B90023037010BD8B42FAD2F6
S2140327A800F8014B0133F4E7034638B100208142B1
S2140327B804D01A5C02B970470130F8E770474FF047
S2140327C8FF31FFF7F1BF70B50C461646054660B1F4
S2140327D85AB151B1FFF7F3FF844206D9211A32469C
S2140327E82844BDE87040FFF7CEBF70BDFEE7FEE79E
S2140327F800239A4200D1704710B550F8234041F899
S214032808234001339A42F8D110BDD7F793BB4369E7
S214032818426CD91C143AB1FBF2F103EBC100033046
S214032828B0FBF2F00230704738B505460C46FFF7A2
S214032838EEFF6A6CE31D143AB3FBF2F3013304EBC1
S214032848C30402FB004038BD38B505464469214633
S214032858FFF7EAFF6A6CE31D143AB3FBF2F301339E
S21403286804EBC304204438BDF7B507460E460025D7
S2140328787C6CA819644280EA06031C4003D02C46E5
S214032888204603B0F0BDFB6B01225B6901A998479C
S214032898019B0133F4D10435EAE770B505460C46C7
S2140328A8D9F722F9EB6B2046BDE87040DB6818477A
S2140328B870B50025044686B00562E369AB4202D8C4
S2140328C8206A06B070BD666C2068E36B05225B69F8
S2140328D801A906FB0500984701A800F023FC00F0B1
S2140328E846FC10B1236A013323620135E5E738B5A0
S2140328F80446456C006804F1400305FB0101E06BE0
S21403290800F042FC05462046FFF7D2FF284638BDAE
S214032918F0B50546002687B0EC69013CB44203D8F7
S2140329280C46204607B0F0BD01B14C1E6F6C2868F4
S214032938EB6B05225B6901A907FB0400984701A80E
S21403294800F0F0FB00F013FC0028EAD1214601361C
S214032958E2E7F0B504460D46466CE36B006887B0BD
S21403296805225B6901A906FB0500984701A800F044
S214032978D9FB00F0FCFB20B101A800F0AAFB07B0C6
S214032988F0BD29462046FFF7C3FF0646676C206856
S214032998E36B05225B6901A907FB0600984701A8B4
S2140329A800F097FB431CEAD0B54238BF0130E6E790
S2140329B82DE9F0434FF6FF79D0F8248004460E46F7
S2140329C8C84514BF45460025002787B0E369BB42C0
S2140329D802D807B0BDE8F083E26B2368606CD2F8D0
S2140329E814C000FB0530052201A9E04701A800F042
S2140329F899FB022806D0C8450CD1721C29462046E6
S214032A08FFF775FFE3690135B5FBF3F2013703FBFF
S214032A181255DBE729462046FFF79BFFB0F1FF3F39
S214032A2814BF024632460132E8E70368F0B5CC1A0B
S214032A38436C0646B4FBF3F4002587B0F36937689E
S214032A485A1E9542706C08D3706C336800FB0430CA
S214032A5807B0BDE8F04000F095BB0134B4FBF3F2D1
S214032A6803FB1244F36B05225B6901A900FB0470A0
S214032A78984701A800F056FB00F079FB0028E3D13D
S214032A880135DBE710B423F0030422449B070A440A
S214032A98436C18BF04325B4281EA0204234203D024
S214032AA85DF8044BFFF7C1BF10465DF8044B70474B
S214032AB82DE9F041D0E90A369E42044686B028D16D
S214032AC81422C369456802FB1355284606B0BDE8B9
S214032AD8F0812068676C331AB3FBF7F3E26B07FBE6
S214032AE80300D2F8148001A90522C04701A800F004
S214032AF819FB012804D0636C1D44013B3340ED1ACF
S214032B0831462046FFF791FF0646A36AB342E0D153
S214032B18DBE70025F9E708B508301346D1E90012C4
S214032B28D8F768FF012008BD13B50C4600212176A7
S214032B380093616813462246D7F756FB18B1E37D20
S214032B4803B1A07EA075A07D02B010BD73B516466E
S214032B5800F108050C46284609680DF1070200F03F
S214032B6898F9032E06D16368834203D12846216861
S214032B7800F076F9012002B070BDD01E009B4242D9
S214032B884241187E824211D11A688A420ED85A6880
S214032B988A420BD35A6901325A61D3E90302824245
S214032BA83FBF986840F8221001321A610120704727
S214032BB810B5032A029C07D1A26A5340626C52429C
S214032BC8134201D100F04CF9012010BD08B5C368C3
S214032BD800209847BDE80840D8F78EBF012814BFE1
S214032BE80420022070B5002442431C70CC7D101DBF
S214032BF802F002024CB91AB1012220F003001A703F
S214032C0800F108034868184470BD1AB1012220F081
S214032C1803001A7000230C7E01F12005DAB2A242E3
S214032C2801D30020F0E735F833205E1C824206D92C
S214032C3801EBC30300F10802D8691044E4E73346FE
S214032C48801AEBE773B5054690F842601C46304693
S214032C580DF10303FFF7C2FFEB6B012E5B690DD182
S214032C68324601A998479DF8033013B1BDF80630DC
S214032C780193BDF80430236002B070BD01222146DB
S214032C8802B0BDE870401847F0B50546002448680A
S214032C98EB6B87B00E4601225B69029402A90830E3
S214032CA89847274695F84230012B40F0AC80632CB2
S214032CB800F2AB80612C08D805AB2246314628467D
S214032CC8FFF7C0FF9DF814305BB305AB22463146C9
S214032CD828468DF81070FFF7B5FF95F84230012B9C
S214032CE8059B7FD14FF6FF72934256D0082205A95B
S214032CF804A800F063FA059B9DF81010C3F3072297
S214032D0891424AD1DBB2029A1A44029245E0DCD0D9
S214032D1805AB224631462846FFF794FFBDF8143024
S214032D28D2E795F84230012B39D1612C2ED82246AA
S214032D383146284603ABFFF785FF3146284604ABE2
S214032D48621CFFF77FFF3146284605ABA21CFFF738
S214032D5879FF102208230DEB02010DF107008DF809
S214032D68073000F02BFA102205A90DF1070000F032
S214032D7825FA039BDAB24AB99DF80720B2EB132F5C
S214032D8804D1DDE9043203EB0243029395F842309B
S214032D98012B14BF012302231C44013482E7302C81
S214032DA8F4D822463146284603ABFFF74BFF314695
S214032DB8284604AB621CFFF745FF102320220DEBC1
S214032DC803010DF107008DF8073000F0F7F9039BB0
S214032DD89AB2002ADAD19DF80720B2EB134FD5D161
S214032DE8049BD2E70133D8D0102205A90DEB0200C5
S214032DF800F0E4F9059B9DF81010C3F307429142CF
S214032E08CBD19BB27FE7312C81D9029807B0F0BDAE
S214032E1813B500240194049C0094D7F7C1FE02B0AE
S214032E2810BD13B501240194049C0094D7F7B8FE8B
S214032E3802B010BD00234FF0FF3230B544689C4201
S214032E4802D10023037230BD016801EBC30541F8C4
S214032E5833206A600133F2E7C0E90012FFF7EABFDE
S214032E680023F0B545689D4210D00468DF0054F887
S214032E78332004EBC306B2F1FF3F08D0C2F31302B4
S214032E88914204D14FF0FF33E3517360F0BD013331
S214032E98E9E70023F0B545689D4202D14FF0FF30BD
S214032EA80EE00468DE0054F83340671C09D0C4F308
S214032EB81307B94205D1240D1470036833445868C0
S214032EC8F0BD0133E8E7704770B59400224605461F
S214032ED80E4609F08DFD431C0AD058B922463146E2
S214032EE82846EBF7D9F8002814BF3D20002070BD0C
S214032EF86E20FCE77120FAE713B5044601A8DAF753
S214032F088BF89DF8063023804FF480736380DAF7D6
S214032F189DF86060002002B010BDD9F7FDBF08B564
S214032F28D9F7EAFF002008BD10B5044644EA0103B2
S214032F3813F00303084609D1934201D1002010BDBC
S214032F4854F8231040F823100133F5E7214692007E
S214032F58EAF7E6FEF2E710B5044609F051FD431C0E
S214032F6810D088B9DAF772F8234620F00300204415
S214032F78984201D1002010BD53F8042B0132F7D034
S214032F883E20F8E76E20F6E77120F4E7704713B59E
S214032F980023044601461B220DF107008DF807306F
S214032FA800F00CF922689DF80730B3EBD26F0CBF1C
S214032FB80120002002B010BD13B5002304460146C5
S214032FC820220DF107008DF8073000F0F7F80DF111
S214032FD807001A22211D00F0F1F862689DF80730F1
S214032FE8B3EB926F0CBF0120002002B010BD00683F
S214032FF8431C584258417047006810F07E0F0CBFB8
S214033008C0F3C160002070470068C0F3D310704750
S214033018006800F07F0001288CBF0020012070475D
S214033028036813F07E0F14BF042008207047036854
S21403303813F07E0F03D1406820F07C40704713F0EE
S21403304878001CBF03F07F03D81F7047006800F0A2
S2140330587F007047032809D0022803D1C1F1020173
S214033068C8B2704700290CBF07200020704737B541
S214033078054601F10C044369694601222046984730
S214033088BDF80030012201932046AB6901A9984791
S21403309803B030BD37B501F10C0443690122694614
S2140330A80546204698474FF6FF72009B99B2914211
S2140330B80DD16FF30F0343F4254343F0A5030193A0
S2140330C801222046AB6901A9984703B030BD00200A
S2140330D8FBE737B5044600251B22011D0DF1070043
S2140330E88DF8075000F06AF860689DF80720B2EB81
S2140330F8D06F03D120F0784003B030BD0DF1070040
S2140331081B2204F108018DF8075000F057F8A06851
S2140331189DF80730B3EBD06F01D1C043EAE74FF011
S214033128FF30E9E74BF29A22036810B5B2EB134F68
S214033138044613D19BB2012B13D1FFF7CAFF013004
S2140331480CD04FF6FF72E068B2EB104F4FEA10430D
S21403315809D180B2C01A18BF012010BD23680133F5
S21403316803D00420F9E70220F7E70320F5E7012850
S2140331788CBF002001207047033801288CBF00202D
S21403318801207047143070472DE9F04105469846EC
S214033198036908460E4617469847044638B9434611
S2140331A83A4631462846D8F717FD044618B131463D
S2140331B82846FFF75CFF2046BDE8F0811F2A0B6808
S2140331C89EBF4FF0FF3191408B43590801F05531AC
S2140331D85B1A03F033319B0803F033330B4401784F
S2140331E803EB13130A444FF0013103F00F334B4339
S2140331F8A2EB13620270704708B507F0BBFABDE886
S21403320808400021D8F7E6BE0029CCBF01210021DB
S214033218D8F7E0BE02214FF42070D9F7B1B970474A
S21403322870470020D9F74CBA0120D9F749BA704736
S21403323870B5054614460E4609F031F92B685C400E
S21403324834405C402C60BDE8704009F023B94369FC
S214033258DB01FCD4012300F5005043607047022AC3
S21403326810B54FF0000405D9033A022A0CD90360B7
S214033278047110BD11F4000218BF4FF07F4221F00D
S2140332887F4313430C0EF2E721F0FF03CCB2EEE7BD
S21403329830B4012500F5805344685D60CB784D78DB
S2140332A85B0443EA05230D7889782B43090401F464
S2140332B880310B43C0F89830E30702D430BCFFF7DD
S2140332C8C6BF30BC704738B50C460546FFF7BFFF88
S2140332D823781146627803F0070343EAC203E278C9
S2140332E8284643EA0223A278120102F03002134367
S2140332F82B67EB6AA27923F48B3323F4807343EAB0
S21403330802432279120202F4E0621343627912033B
S21403331802F480521343EB62FFF7BAFF012305F565
S21403332880525360E27902B1EB6038BD08B50A6F84
S214033338C96F02F00702FFF792FF08BD4FF050234C
S2140333484FF400321A6770474FF0B0435A6812B109
S2140333589A6A002AFAD1704770B5054614460E468F
S21403336809F09DF82B685C4034405C402C60BDE84F
S214033378704009F08FB80122417803788A403021DB
S2140333884B4342F2100103F1A04303F570335A503E
S214033398704721FA00F2D20730B5034600F0FC0462
S2140333A80FD500220132D2B2042A02D14FF0FF30E1
S2140333B808E0831803F00303234421FA03F5ED0713
S2140333C8F0D4184630BD0020704700207047002010
S2140333D870470020704701207047012070470F2070
S2140333E87047EBF77BB900207047FFF7FCBF002058
S2140333F8704770470020704700207047C368194419
S214033408836853F8210030F8023B136070470123A2
S21403341810B580F888300378044653B100F061FA93
S21403342821462046DAF776F92046BDE8104000F034
S2140334384DBA10BD38B50D460446DAF753F96B682E
S2140334482046C4F8B032A96800F096F94FF0FF3367
S2140334582046C4F8B432FFF7CDFF38BDD0F8B432EF
S21403346810B50133044601D0002010BD00F0BCFAA5
S214033478C4F8B4020130F7D194F8B80280F001001A
S214033488F3E708B5DAF76AF908BD0A7801382D2A8A
S2140334980ABF012200228918DAF7BCB907281BD805
S2140334A8DFE800F0060A0D1013150417012070470D
S2140334B800220820DAF7AEB900221020FAE7002225
S2140334C82020F7E70820FFF7E0BF1020FBE72020BF
S2140334D8F9E70846DAF700BA002070472DE9F743FC
S2140334E807280C46DDE90A7690461D4608D80138B3
S2140334F806280AD8DFE800F01D27303A44574A0062
S214033508212850D003B0BDE8F08300222046114698
S214033518EAF742FA3368C0B205EB83013A6845F81E
S2140335282300013348F8221033603B6801333B60BD
S214033538E8E7002220461146EAF72EFA336880B2F7
S21403354805EB8301EAE7002220461146EAF724FA48
S214033558336805EB8301E1E7002220461146EAF7C4
S214033568C9FB336840B205EB8301D7E70022204640
S2140335781146EAF7BFFB336800B205EB8301CDE7D4
S214033588002220461146EAF7B5FBE1E70023894601
S2140335981E461D468DF8063019F8013F7D2B06D1C9
S2140335A825702D0A65703B6848F82340BDE7202B35
S2140335B8F2D006F00102013612B98DF80430EBE7B3
S2140335C81022002101A88DF80530EAF793FB63194A
S2140335D801359870ADB2DFE72DE9F04F9B4600231F
S2140335E885B08B45814688469246CDE902336BDC27
S2140335F81A461E4619F80340212C09D81F2C04D84E
S214033608103C072C98BF012200E001260133F1E79E
S214033618FF2CFBD15B4436B1013B43450ADD2B2027
S21403362805B0BDE8F08F62B1013B4345F7DC35468C
S214033638374602E000252F462E46454504DB002084
S214033648EEE79845F3D0EAE75D453BDB19F8073024
S214033658202B18D109EB07035B78FF2BDFD1CEB9F4
S21403366820465AF82510FFF719FF78B303AB0193E2
S21403367802AB00932046DDE90E235AF82510FFF720
S2140336882DFF0135D9E7212B0ED109EB07035B780C
S214033698FF2BC4D1029B5AF825200E99012641F820
S2140336A8232001330293ECE7A3F11004072C02D975
S2140336B81C460137D3E709EB07035B78FF2BAED12C
S2140336C8E4B2CCE70624CAE72120A9E72620A7E721
S2140336D82DE9F04F07460E4615469846044685B02C
S2140336E8DDF84490DDE90FAB206808B3DAF800206C
S2140336F8D8F800108A421BDA0E9B53F82210D6F726
S2140337084DFB48BBDAF800200132CAF8002062688D
S214033718117BFE291BD10E9B1068012100932A46B4
S2140337284346CDE902B9CDF804A0FFF7D1FF044616
S2140337382B7843B999F800302BB97EB101233C4660
S21403374889F800302B70204605B0BDE8F08F0123BA
S2140337588BF800302B70EBE70C34C5E73446F2E7FA
S21403376810B50446236803B910BD237A13B9204657
S214033778DAF7E8F80C34F5E710B541B10A7932B947
S21403378801249C300C71FEF7FAFF204610BD00207A
S214033798FCE72DE9F041BAB005460AAA084603A98C
S2140337A800F05FF90446B0B90DF10A0301930DF171
S2140337B80B038DF80A0000930AAA284604AB03A94C
S2140337C8DAF770FA9DF80A20B2B19DF80B2048B1D3
S2140337D82AB1DAF7B7F820463AB0BDE8F081FFF722
S2140337E8BFFFF8E7D5F89C50002DF4D0A86808B1B9
S2140337F8FFF7B6FF2D68F7E700B346681AAB06F17E
S2140338080C082AAF01934046049B039900970AAA1B
S214033818FFF7E2FE04460028DDD1039B05A8CDE9A1
S2140338280637049B0595CDE90838DBF72BFD05A875
S2140338383368984705A800F03FFDCCE72D24CAE770
S21403384810B50446AC30E9F7D7FF04F1AB031A18F2
S2140338580020934200D110BD13F8011F0029FAD0A7
S2140338680A2908BF0130F4E70023F0B50B6013609C
S2140338780646D0F8AC0278B196F8AC0060B10124DD
S21403388806F1AC07D6F8AC02844210D306F1AC00B6
S214033898B3F5007F10D30120F0BD0D6801350D6028
S2140338A8156801351560F85C01330A2802D0B3F5AC
S2140338B8007FF2D30134E5E7C15C0A29EBD000297F
S2140338C8E9D01168013301311160E1E710B5002131
S2140338D8D0F88C200446EAF793F80023C4E9243387
S2140338E810BD73B5044600F1AC0580212046FEF7EB
S2140338F85BFF4FF4007106462846FEF755FF013670
S214033908C0F50070864220461FD8E9F775FF0646BD
S2140339182846E9F771FF01362946421CA819EAF733
S214033928C1F82046E9F768FF214602462846EAF723
S214033938F7F92046E9F760FF0A23204480F8AC30FD
S2140339480023C4F8AC3202B070BDFFF779FF01AAB2
S214033958C4F8AC0269462046FFF786FF0022009BA0
S214033968234483F8AC20C0E773B50D460446FFF737
S21403397867FF6B1C19D1D4F8AC3213B1013BC4F8FA
S214033988AC3200252046E9F737FFA84215D820466B
S214033998FFF79CFFD4F8AC322BB16946204601AA40
S2140339A8FFF762FFA0B902B070BD012DFBD1D4F8B2
S2140339B8AC328342F7D20133E1E7082000F023F85C
S2140339C8202000F020F8082000F01DF80135D9E77C
S2140339D8009D04F1AC06019BAB42E4D9715D204619
S2140339E8DAF78EFA0135F6E707B500200DF1070179
S2140339F800F0E7F820B99DF8070003B05DF804FB6C
S214033A084FF0FF30F9E710B5C1B20446002000F0C6
S214033A18C8F800280CBF20464FF0FF3010BD0FB47F
S214033A2807B504AA52F8041B00200192DAF70CFC27
S214033A38002003B05DF804EB04B0704710B54C1CC7
S214033A480B460119045D222C03D07B2C01D05C2C79
S214033A5805D1D21A1844EAF725F8012010BD00202C
S214033A68FCE72DE9F047054691468846E9F7C4FE84
S214033A782A4606461346197801322029FAD0C9F889
S214033A8800305C1B01236FF0404AC8F80030A6429A
S214033A9801D8002014E02F5D29197B2F12D0222F7E
S214033AA82ED1D8F80030621C53442A4449F8232000
S214033AB8012C09D911F8013C13F0DF0F04D021209B
S214033AC8BDE8F0877D27F3E701342B5DBB4209D1B8
S214033AD82B195B7813F0DF03F1D1222F00D12B5576
S214033AE80134D4E75C2B07D1324621462846FFF734
S214033AF8A5FF0028E3D0013E0134A642E5D8DEE759
S214033B085C2F08D1324621462846FFF797FF002840
S214033B18D5D0013EE4E7202FE2D10022631CB3424E
S214033B280A70DDD2EA18EB5C202BD9D0D8F800301F
S214033B380F2B05DC49F823200133C8F80030CFE7FC
S214033B481E20BDE700F000B800207047D6F714B96A
S214033B5870B50C46154610B9DAF76AFB38B14368F0
S214033B682BB12A462146BDE8704000681847232033
S214033B7870BDF7B50D4616461C4638B9DAF758FB36
S214033B8804B901AC20B9232003B0F0BD03B901ACD6
S214033B98C768002FF7D02346324629460068B84739
S214033BA8F2E707B501228DF807100DF10701FFF7B5
S214033BB8CFFF03B05DF804FB0B4601461846FFF734
S214033BC8F0BF00230122FFF7D4BF08B508F0F4FCC2
S214033BD8FA23B0FBF3F080B208BD0420704740F226
S214033BE80160DAF71BBC7047012070470020704756
S214033BF849BA89B280EA0103C3F303125340180390
S214033C0880B258405B0103F4FF535840704708B529
S214033C18DBF706F858B1A0F15903042B06D8042B92
S214033C2804D8DFE803F00404040304005C2008BD9A
S214033C38DBF738B97047F8B50C468D180735524286
S214033C481540A5F108070646384600F0DFF9A188AF
S214033C58381B628801EBE00189B2A2EBE00225F883
S214033C68041C25F8062CA288C310AAB1A4EBC2022A
S214033C78B2F802C0D18003EB0C015180E28892B1FE
S214033C88D31A9BB204EBC20425F8023CA380B3689C
S214033C980344B3603846F8BD15F8082C42F0020210
S214033CA805F8082CEAE725F8022CF0E72DE9F04F8B
S214033CB84FF0000887B09946531C109B05461746D5
S214033CC814BF14460824CDF81480002B00F0C580D2
S214033CD8C3F80080002900F0C28042688A4240F296
S214033CE8BE80073121F0070608F0E6FB05AACDE9F2
S214033CF8008282463A464B463146284600F08AF901
S214033D08059F834607B130B9504608F0D0FB192003
S214033D1807B0BDE8F08FB7F8028029694FEAC802F2
S214033D28C0EBC8080139B8F1270F29617AD9B9F168
S214033D38000F51D1864206F1080848D02246394674
S214033D482846FFF778FF04460590059B98444046A7
S214033D5800F05CF9059906F10F004A88C308A2EB40
S214033D68D002A8F80220CA88A8F80430002A30D05F
S214033D78D31A9BB201EBC202A8F8063093808B884D
S214033D88F608A380B8F804303A46E3804146002391
S214033D982846668000F0A6F9AB680833AB6023783C
S214033DA843F0010323702B6901332B616288AB68E8
S214033DB8504603EBC203EA68AB60934288BFEB60E6
S214033DC808F075FB109B083400201C60A0E73C46EF
S214033DD8BBE7A8F80620D2E707EB080420460392B9
S214033DE800F014F90BF10703DB080599638008F163
S214033DF80703DB08A380CB8893B1DB00039AD81D9F
S214033E08821A5A44C2F3CF020B44E2809A80A388EC
S214033E1808F1FF384FEAD808A1F80280CB80BBE741
S214033E28E380F4E7B9F1010F1BD107F10803B3FBED
S214033E38F4F204FB1233B3B1224639462846FFF799
S214033E48FAFE044623783A4643F0010323702146D4
S214033E580123284600F046F9A8E7222058E7212040
S214033E6856E78642E8D13C46ECE707B500224FF012
S214033E78FF3101AB0192DAF755FC019803B05DF800
S214033E8804FB2DE9F74F04460D46002900F0AB80E6
S214033E98D0E9056808F010FB15F8087C35F8061C09
S214033EA8FB07009000D531B9009808F000FB012005
S214033EB803B0BDE8F08FA368D4F8109035F804EC87
S214033EC8A3EBC10B09F10103A5F1080C4A1CC4F8BE
S214033ED808B02361BEF1000F7BD0ACEBCE03D888C5
S214033EE8B3F802A00190187807F00207C00765D454
S214033EF8002F64D10198A0EB0A07012F69D18A1C09
S214033F08ABF108075244C4F81090A76035F802ECE2
S214033F18BEF1000F61D0D4E900700CEBCE0A07EBB4
S214033F280009CA4559D21CF83EC057461CF0010C76
S214033F3815D1AEEB0101012911D1BAF80210AAF87E
S214033F4802C001310A44BAF80610002943D00AEB26
S214033F58C107216901392161A1680839A16015F8EB
S214033F68081C013A21F0010105F8081C002125F870
S214033F78061C5A801A7861F300021A707FB3C3F1DD
S214033F8807023A44C2F3CF02DA80BA804EB3B3428A
S214033F9827D37288002A08BF1E46B8F1000F06D03A
S214033FA8434504D8B8F80220002A18BF43460098A9
S214033FB8C4E9056308F07BFA002079E74FB115F8E2
S214033FC8087C724427F0020705F8087C00279F80C0
S214033FD89CE763469AE70F46BBE70027BFE7DF8001
S214033FE8D4E71E46D9E7222062E710B50446DAF777
S214033FF8B1FB2146BDE81040FFF743BFFFF7F5BF07
S2140340080846FFF732BF0846FFF7F8BF00230360EA
S21403401843607047F0B5D0E90554561C08BF08221C
S214034028002B4FF0000008BF2C46DDF818C0CCF86C
S2140340380000002C37D09DF814706588FF0007EB46
S214034048C505C2F1000E2078C00708D51BBBE0885B
S214034058A0B104EBC004658807EBC505F3E78D42FA
S214034068F4D363B904F10806B6FBF2F002FB106654
S21403407870180EB1A842EAD8CCF80040F0BD082A5A
S2140340880FD06088013004EBC000461A06EA0E0615
S214034098801B8542F0D2A0880028EFD0A4EBC0048A
S2140340A8D9E70846E8E72046E8E703460069C0B1CB
S2140340B80AB951B91A6810460378DB0711D531B91E
S2140340C8C3885BB100EBC300F6E79A69F3E70129F7
S2140340D804D1838823B1A0EBC300EDE70020704723
S2140340E8184670472DE9F041D0E905540746884637
S2140340F81646ABB1954200D00ABB42460021384665
S214034108FFF7D3FFB442054600D02EB94246012135
S2140341183846FFF7CAFF0446C7E90554BDE8F081E9
S214034128954208D08D4228BF0D46B44205D0444573
S21403413838BF4446F0E70D46F7E74446ECE79442B3
S214034148EAD1E3E770B500261C46C3E90001C3E9D4
S2140341580266C3E905001E611A775E62FFF756FF1B
S21403416823690139C908013341802361A3683046AE
S2140341780833A360E3680833E36070BD002307B51C
S214034188684600938DF80430D8F72CFB03B05DF827
S21403419804FB10B508F083F9044606F059FB2046DD
S2140341A8BDE8104008F076B970474FF4C870DAF7E0
S2140341B859BBDAF741BC00F01CB87047704708B51E
S2140341C803F015FA03F01DFA03F024FA03F033FAA2
S2140341D8BDE8084003F040BA704708B503F002FA92
S2140341E803F001FA03F000FA03F000FAFFF7F4FF0E
S2140341F808BD08B503F031FA03F030FA03F030FAD5
S214034208BDE8084003F033BA7047012070472DE92C
S214034218F34112F001050446884622D110F003053F
S21403422825D12F465208BA4209D1D8F765FE00268B
S214034238B74204EB860008D1D8F76EFE11E054F8AF
S214034248273001330CD10137EDE7042258F826301E
S2140342580DEB0201019308F0CBFB30B1D8F75CFEF7
S2140342683D25284602B0BDE8F0810136E0E7012582
S214034278F7E77047B0F1006F0FD300F07843B3F158
S214034288006F0CD000F06040B0F1404F09D0B0F199
S214034298604F14BF04200320704700207047012096
S2140342A8704702207047002070471AB111B180B2D8
S2140342B8DAF7F8BD2120704701F056BEE3F722BFB0
S2140342C8FFF78DBCD0E9023253F822300021187864
S2140342D8E3F76ABB704702F08CB901F0DABDC3682E
S2140342E88268013BDBB252F823305B78652B02D138
S2140342F80020E5F7A9BE6E2B01D10120F9E7662B4E
S21403430801D10220F5E7704710B5D0E9023204461A
S21403431853F82230187802F046FAE368A2680133A5
S21403432852F82330BDE81040187802F03ABA10B5B0
S2140343380446C0B2DBF784FF200ABDE81040DBF76B
S2140343487FBFD0E9023253F822301878DCF780B8FA
S21403435802F0E1B9E4F776BB08B501F0B8FEBDE8AC
S2140343680840E5F75FBDD0E9023253F822301868F3
S21403437801F0ABBE0020E5F75BBE0120E5F758BEAB
S2140343880221DBF7FBBF0321DBF7F8BF0521DBF7C9
S214034398F5BF08B501460C20DBF7CCFFBDE808409F
S2140343A8DBF75ABF08B501460020DBF7C3FFBDE8B5
S2140343B80840DBF751BF07B5C2688368043253F871
S2140343C8223001211B880DF10602ADF806300023C2
S2140343D8DCF758FD03B05DF804FB08B508F000F9F0
S2140343E8BDE80840F1F766BF10B51446DDF766F872
S2140343F82146BDE8104007F0FFBE08B5DDF75EF8B6
S214034408BDE80840002107F0F7BE08B5DDF756F803
S214034418BDE80840F1F784BB08B5DDF74FF8BDE8FB
S214034428084008F044BA08B5DDF748F8BDE8084080
S214034438F1F762BB7047704708B508F0D1F8FFF785
S214034448FAFF03F077F9BDE80840DDF783B870474D
S214034458012070470120704708B5DDF717F90028D3
S2140344680CBF0420012008BD70472DE9F34104461C
S2140344780D4616461F46DDF8208008F049F93B46E8
S214034488324629462046CDF8008003F055F93B46C8
S214034498324629462046CDF80080FFF7E5FF02B0EE
S2140344A8BDE8F04101F060BD2DE9FF4704460D461F
S2140344B816461F46BDF830809DF83490DDF838A0C0
S2140344C808F026F93B46324629462046CDE9019AA6
S2140344D8CDF8008000F0FDFF04B0BDE8F04701F01A
S2140344E843BD704708B508F013F903F028F9FFF73A
S2140344F8F8FFBDE8084001F037BD012070472DE9F5
S214034508F74304460D4616461F469DF8289008F0BE
S214034518FFF83B46324629462046CDF80090FFF77B
S214034528ECFF80463B46324629462046CDF80090A7
S21403453803F006F901F018FD404603B0BDE8F08322
S214034548012070472DE9F74304460D4616461F46D5
S2140345589DF8289008F0DCF83B4632462946204664
S214034568CDF80090FFF7ECFF80463B4632462946D7
S2140345782046CDF8009003F0E4F801F0F5FC404639
S21403458803B0BDE8F083F8B504460D4616461F4645
S21403459808F0BEF83B4632462946204603F0D2F8D2
S2140345A8BDE8F84001F0E0BC00207047F8B50446C3
S2140345B80D46164608F0ACF8324629462046FFF75D
S2140345C8F3FF074632462946204603F0BCF801F0B7
S2140345D8CBFC3846F8BD38B504460D4608F098F8BF
S2140345E82946204603F0B0F8BDE8384001F0BCBCC5
S2140345F810B5044608F08CF8204603F0A6F82046C3
S214034608FDF7E6FDBDE8104001F0AEBC704738B5CF
S21403461804460D4608F07CF82946204603F0A7F81A
S21403462829462046FFF7F2FFBDE8384001F09CBC58
S214034638704770B504460D46164608F069F83246C4
S2140346482946204603F095F8324629462046FFF7C2
S214034658EFFFBDE8704001F087BC704738B50446E5
S2140346680D4608F055F82946204603F084F82946EF
S2140346782046FFF7F2FFBDE8384001F075BC7047E7
S21403468838B5054608F044F8284600F0EFFE044619
S2140346980146284601F0ABFF01F066FC204638BD0C
S2140346A838B504460D4603F068F829462046FFF752
S2140346B8E6FF38BD704738B5054608F029F828469A
S2140346C8E3F7CCFC04460146284601F08EFF01F0CA
S2140346D84BFC204638BD38B504460D4603F04EF865
S2140346E829462046FFF7E6FF38BD704710B504464F
S2140346F808F00EF8204603F042F82046FFF7F5FFC9
S214034708BDE8104001F030BC704738B504460D4686
S21403471807F0FEFF2946204603F033F829462046CD
S214034728FFF7F2FFBDE8384001F01EBC704770B5CE
S21403473804460D46164607F0EBFF32462946204642
S21403474803F020F8324629462046FFF7EFFFBDE878
S214034758704001F009BC704738B504460D4607F0AB
S214034768D7FF2946204603F00EF829462046FFF7CA
S214034778F2FFBDE8384001F0F7BB704738B504468A
S2140347880D4607F0C5FF2946204602F0FDFF2946D9
S2140347982046FFF7F2FFBDE8384001F0E5BB704757
S2140347A810B5044607F0B4FF204602F0EEFF204695
S2140347B8FFF7F5FFBDE8104001F0D6BB704710B50C
S2140347C8044607F0A5FF204602F0E0FF2046FFF761
S2140347D8F5FFBDE8104001F0C7BB7047704770B5DA
S2140347E804460D46164607F093FF324629462046EA
S2140347F802F0CFFF324629462046FFF7EFFFBDE813
S214034808704001F0B1BB704710B5044607F080FF4F
S214034818204602F0BFFF2046FFF7F5FFBDE810402D
S21403482801F0A2BB704738B504460D4607F070FF83
S2140348382946204602F0AFFF29462046FFF7F2FF37
S214034848BDE8384001F090BB704770B504460D4686
S214034858164607F05DFF32462946204602F09DFFBE
S214034868324629462046FFF7EFFFBDE8704001F0C1
S2140348787BBB70472DE9F34104460D4616461F4693
S214034888DDF8208007F044FF3B463246294620469B
S214034898CDF8008002F082FF3B4632462946204682
S2140348A8CDF80080FFF7E5FF02B0BDE8F04101F060
S2140348B85BBB0E2070470E20704738B5044607F0DA
S2140348C827FF2046FFF7F7FF0546204602F067FF57
S2140348D82046FFF7EEFF01F047FB284638BD0020C9
S2140348E870470020704738B5044607F011FF204686
S2140348F8FFF7F7FF0546204602F052FF2046FFF76C
S214034908EEFF01F031FB284638BD704708B507F0BF
S214034918FFFE02F046FFFFF7F8FFBDE8084001F088
S21403492823BB002070477047704708B5DCF780FF45
S21403493800280CBF0420012008BD70470B68DA7BEB
S2140349481AB9DB7C0BB9DCF797BF8120704708B52B
S214034958DCF7AAFFBDE80840DCF7B4BF7047DCF70E
S214034968A3BFDCF7AFBF082808D84FF48B73C34040
S21403497813F0010F0CBF2120002070472120704739
S2140349880121DDF791B80221DDF78EB80421DDF7A2
S2140349988BB80821DDF788B81021DDF785B808B588
S2140349A800F026F808B1002008BDDDF7CDF800288A
S2140349B8F9D1DDF7DBF80120F6E7152808B503D1AA
S2140349C8BDE80840DDF7C6B801F089FE60B9E2F72E
S2140349D899FE032806D100F009F828B9BDE808406F
S2140349E8FFF7DDBF0028EBD008BD704700207047EF
S2140349F80020704708B5DDF79FFAFA23B0FBF3F0FB
S214034A0808BD0321DDF7C8BA01207047D0E9023292
S214034A1853F822301878DDF7C7BC0868C37B1BB980
S214034A28C37C0BB9DDF7F0BC81207047D0E90232AE
S214034A3853F822301878DDF729BD704730B5054698
S214034A48044615F8100B85B0029565691D44CDE933
S214034A5800250B46A21D618801F023FE05B030BD74
S214034A68704710B492F80A4192F8053103EB042311
S214034A780B8100235DF8044B1A4601F010BE1FB5E0
S214034A880446084671B12178FF290BD0238B02937D
S214034A9863690193237C00936288A31DE3F7FAFAFC
S214034AA8FF23237004B010BD0868C37B73B9C37CA7
S214034AB8032B0BD8DFE803F002080406DDF7E6BF8E
S214034AC8DEF716B8DEF746B8DDF7F4BF8120704781
S214034AD87047704700207047137810B5032B0CD126
S214034AE85479CBB29C4208D19379B3EB112F04D1F6
S214034AF853781B1A5842584110BD0020FCE77FB56F
S214034B0805460E4600246946E0B201F076FD28B94C
S214034B186A4631462846FFF7DFFF18B90134202CCA
S214034B28F1D1002004B070BDFFF7E9BF0868C37B66
S214034B389BB9C37C052B10D8DFE803F0030D070BDE
S214034B480905DEF7ABB8DEF7E7BADEF741B9DEF7F5
S214034B5893BADEF711BADEF7E3B881207047002070
S214034B68704730B5102587B001AA00210195FEF7D6
S214034B7845FC04462A46002102A8E8F741FF2A46D0
S214034B88214602A8E8F78EFF012102A8DEF7A2FC59
S214034B9807B030BDDEF730BC7047FFF7FDBF0B68C4
S214034BA8DA7B5AB9DB7C012B04D0022B04D02BB951
S214034BB8DFF7B4B8DFF7BEB8DFF7C8B881207047A9
S214034BC8002307B5012101A80193D4F709FF08B903
S214034BD8D4F7FAFC012003B05DF804FB08B502F02D
S214034BE830FA052803D0003818BF012008BD022074
S214034BF8FCE77047D0E9023253F8223018780038B9
S214034C0818BF0120E0F722BCE0F726BC0020704757
S214034C18002070477047FF207047FF20704700202A
S214034C28704700207047002070477047062070477B
S214034C38DFF7CABE0868E0F7A3BB70B50D4604469F
S214034C4800212846164601F074F9324620800221D0
S214034C58284601F06EF9324660800421284601F0A2
S214034C6865F90023A360E3606060082070BD03460F
S214034C7841B181424FF0640005D94343B3FBF1F0D9
S214034C88C0B2704708467047E0F7F4BBE1F7EAB9E5
S214034C98E1F7F2BAB0F5807F05D0A0F50073584265
S214034CA85841400170470820704730B599B00D4603
S214034CB869461446E1F744FA30B915B1BDF802302F
S214034CC82B600CB10D9B236019B030BD2DE9F0475E
S214034CD888B00E46904604A905AA07461D46FFF760
S214034CE8E4FF044638BB28800DF10C09DDE904A36C
S214034CF89A4520D2062251463846CDF8009006AB90
S214034D08E1F73AFAD8B9039B062B18D12A88DDF8B7
S214034D181A3042450ED2BDF8181026F832102A88E3
S214034D2806EBC20253602A885344013206332A80AC
S214034D380493DBE7F7D9204608B0BDE8F0870124DB
S214034D48F9E72DE9F0438FB00F46904601A90022F4
S214034D5804469946FFF7A9FF18B101200FB0BDE82E
S214034D68F083062220460DF1020302A9FFF7AEFFE1
S214034D780028F2D105460246BDF80210019CEEB2A1
S214034D888E42EAD20EAB03EBC60656F82C3C36F830
S214034D98306C0634BE4217BFE418012213460022BD
S214034DA8013522B1C8F80040C9F80030D6E71A46DC
S214034DB8E5E770B50024012602F01DF9E5B2C268DE
S214034DC806FA05F59542234604F10104F4D3D8B24E
S214034DD870BD70B586B0E1F701F800F11006E6F786
S214034DE86DFB00240546142201A9301902F00AF9BE
S214034DF81CB99DF80430FF2B16D0002303F11802C4
S214034E086A4412F8142CFF2A06D11C44601E90FB31
S214034E18F5F080B206B070BD2B44DBB2132BEDD988
S214034E281434B4F5826FDED14FF0FF30F2E7E0F7C3
S214034E380BBE07B504220DEB020102F0E3F8019856
S214034E4803B05DF804FB37B5054608460C46FFF77E
S214034E58F0FFA84206D0042220460DEB0201019576
S214034E68E6F77EFB03B030BD07B50B46009200217C
S214034E7802460120E0F77AFE03B05DF804FB08B5A6
S214034E880121E0F7ABFDBDE80840E6F715BDE1F7FD
S214034E98E9B808B5FFF7F3FF002008BD08B51346C1
S214034EA80A4601461846E0F7F5FE80F00100C0B250
S214034EB808BD00207047704708B1E1F7F3B970479B
S214034EC830B4DDE902451DB1029430BC00F0C6B922
S214034ED830BC70471F2804D8142200F5A030DAF730
S214034EE8ABB870471F2804D8142200F5A030DAF7A9
S214034EF8CFB87047152808B505D1FFF7DCFFBDE81E
S214034F080840E1F715BB08BD10B5142486B0224641
S214034F18002101A8E8F774FD2023224601A94FF4CF
S214034F28A03001F078FC06B010BD0020704713B51A
S214034F3800230C461A460146CDE90033E0B2E2F7F1
S214034F48BBF802B010BD13B5002314460190012226
S214034F580093E0B2E2F7B0F802B010BDD0E902322F
S214034F6853F822301868E2F71FBA194491420ADC4C
S214034F784218002003B9704712F8011D013B01EBE4
S214034F880020DBB2F6E7002070472DE9F04F4FF01C
S214034F98000A85B0019381460F4615465346019A83
S214034FA811785FFA8AF2914203D8002005B0BDE86B
S214034FB8F08F019909EB050801EB4202517892F844
S214034FC802B011F04004009101F03F061BD0AC1963
S214034FD8BC42D4BF0024012433466400A20740F130
S214034FE88880009B1B0640F192800E9B324603EB9B
S214034FF80B000021E8F704FD3D4600231D44ADB22F
S2140350080AF1010ACBE7042E07D866B1B31E022BB2
S2140350180BD8DFE803F0122130003E2E37D03F2EA0
S2140350285BD03D2E4BD00320C0E7BD4234BF0024DF
S2140350380124012664003346D0E7AB1CBB4250DC90
S21403504802233A4629464846FFF78FFFADF80A007B
S21403505802230DF10A08C1E7EB1CBB4243DC03231A
S2140350683A4629464846FFF780FF0390042603235B
S2140350780DF10C08B2E72B1DBB4236DC04233A4677
S21403508829464846FFF771FF03900423F0E77A1E84
S21403509895422CDA02233A4629464846FFF765FF27
S2140350A84FF6FF7380B298420EBF0223023083B2D4
S2140350B85C19A742B4BF0324012404268EE7BD4225
S2140350C815D298F80030FF2B0CBF01230133EC18D8
S2140350D8BC42CCBF03240124EFE7012404260023A3
S2140350E87CE73446B4E70224C0E70224CDE703246A
S2140350F8E3E70E9A02EB0B0014B142F80B807DE748
S214035108324641460093E8F70BFE009B76E70220FB
S2140351184CE710B5144686B018811A460A9B0291C6
S214035128CDE9034301230193099B0146009303201A
S214035138BDF82030E2F7FCF906B010BD1FB5002411
S2140351480294079C0194BDF818400094FFF7E1FF0A
S21403515804B010BD2DE9F0410E461746054686B045
S21403516898B391B38AB34FF0000802A95FFA88F0A0
S21403517801F043FA044640B99DF80830032B08D0DB
S21403518808F10108B8F1200FEFD1204606B0BDE8B4
S214035198F0819DF809202B799A42F1D1BDF80A20AF
S2140351A86B889A42ECD19DF80C30BDF80D006B71F4
S2140351B828812B4622464FF6FF71CDE90067FFF795
S2140351C8BDFF0028DCD00446DFE72124DDE710B561
S2140351D886B00A9C04949DF824400394BDF82040A6
S2140351E802940124CDE9003413460A4601460620F4
S2140351F8E2F79EF906B010BD1FB5044608461946E1
S21403520800230094CDE90123079BBDF81820FFF778
S214035218DEFF04B010BDF0B5022805460E46144658
S2140352281F468BB00AD106A9F0B201F0E6F998B981
S2140352389DF8193023719DF81C306371119B224623
S21403524804930023CDE902330193109B3146009360
S21403525828463B46E2F76CF90BB0F0BD13B50024BD
S2140352680194049C0094FFF7D6FF02B010BD2DE905
S214035278F0450646884614469A46002701258BB00D
S21403528806A9F8B201F0B9F920BB9DF81830012B2E
S21403529819D19DF8192033799A4214D1BDF81A20EA
S2140352A873889A420FD19DF81C3032467371B9B28F
S2140352B8CDE9030ACDE90100434602200094E2F74C
S2140352C837F9054610B90137202FD9D128460BB030
S2140352D8BDE8F0850546F9E70023FFF7C8BF10B514
S2140352E80446E2F703FF0021631E04F10F0213F8D6
S2140352F8010FFF2808BF19709342F8D100232374BF
S21403530810BD0020704770B506461D46E2F762FDDD
S214035318044608B9212070BD3046E3F729F800286B
S214035328F8D0A0682A46FF21FFF75EF89DF81030EC
S214035338002063719DF81430A371ECE713B59DF84C
S2140353481040CDE9003413460122FFF7DCFF02B014
S21403535810BD08B5E2F73EFD28B18068FF21FFF7C8
S21403536854F8002008BD2120FCE70122FFF7F1BF0F
S2140353781FB50B466A460146184601F034F96A46D5
S2140353880823002032F8021B013B13F0FF0380EAD0
S2140353980100F7D1012838BF012080B205B05DF8B7
S2140353A804FB2DE9F04F87B0DDE9109B05468846D8
S2140353B8484619461F461446BDF848609DF84CA053
S2140353C8FFF7D6FF042D0346ABF800001AD8022DC4
S2140353D81DD9042D07D04FF2F222A188914222D17B
S2140353E8E28891071FD5E17A0022CDE901372046E6
S2140353F83346CDE90392CDF800A001F043F907B090
S214035408BDE8F08F6A1F012A11D92120F7E7002289
S2140354184146CDE9119228462246109707B0BDE8C3
S214035428F04F01F03EB94FF6FF760C21DCE7052D69
S2140354380ED10023E17A0022CDE90137CDE90392A4
S2140354480091234652464146304601F00EF9D6E708
S2140354584FF2F222A188914204D1E288920701D53D
S214035468E17AE8E74FF6FF760C21E4E7F0B585B076
S2140354780546E2F76FF948B16B88B3F5006F05D1B7
S214035488681D05B0BDE8F04000F0EEBC284600F005
S21403549804FD0446C8B9E7B26946384601F0ADF8D4
S2140354A878B99DF8006066B92946384601F0A9F828
S2140354B820B140F60443984207D08C26304605B000
S2140354C8F0BD0134202CE6D1F7E78D26F6E7E2F7A0
S2140354D827BB2DE9FF4704460D46014618461746DF
S2140354E81E46BDF830809DF83490DDF838A0DDF709
S2140354F80DF9D0B92146284601F021F933463A4634
S21403550829462046CDE9019ACDF80080E2F7ACFBA0
S21403551833463A4629462046CDE90D9ACDF83080DB
S21403552804B0BDE8F04702F009B904B0BDE8F08757
S214035538E2F744BDE2F7FCBCE2F720BD10B504462B
S21403554801F009F9082201462046BDE81040E8F7AD
S214035558A9BA01F002B9002101F0FFB801F011B9A8
S2140355680020704720207047EFF784BFEFF7CEBFC1
S214035578F2F778BA7047E2F76DBE70B506460C4682
S214035588154600F04CF850B13CB135B1204600F052
S214035598D6FC013080B2A84200D9002070BD304640
S2140355A800F043F840B1002CF7D0012DF5D920467A
S2140355B800F0CAFC0230EDE73046E2F7ABFDEAE757
S2140355C8F8B5BDF8185010B3967855B9D478A6F13F
S2140355D84107012F07D8621ED2B200F0CFFD002084
S2140355E8F8BD2C46F3E7433E012E04D8A21E92B21A
S2140355F800F0DCFDF3E7D27813B90DB1AA4206D85A
S21403560811B9E8F7FDF9EAE7E8F74CFAE7E789207E
S214035618E6E7413803288CBF00200120704741384D
S21403562801288CBF002001207047433801288CBF0F
S2140356380020012070470020704700207047038829
S214035648B3F57C4F01D3FFF7F8BF0846FFF7F3BF60
S21403565810B54A880488A2420DD1037B0C792340EF
S21403566809D0B2F57C4F08D3FFF7E7FF0B891B1A5F
S2140356785842584110BD0020FCE70120FAE738B528
S2140356880D88D488A5420AD10388B3F57C4F08D27F
S214035698FFF7D5FF13891B1A5842584138BD002017
S2140356A8FCE70120FAE72DE9F04715460446B8B1AA
S2140356B849B1EAB100264FF0140AB04690F80490B0
S2140356C8F3B2994501D800240AE027680AFB06774F
S2140356D83846FFF7BDFF013628B13C46A5F80080DB
S2140356E82046BDE8F0877B8943441FFA83F8E7E73B
S2140356F81446F5E72DE9F0470E4615460446B8B1B5
S21403570849B112B300274FF00C0AB846B0F8089010
S214035718BBB2994501D800240AE06368324620469E
S2140357280AFB0731FFF7ABFF28B10C46A5F8008044
S2140357382046BDE8F0870B79013713F0300F02BF18
S214035748CB7843441FFA83F8E2E71446F0E72DE9DB
S214035758F04186B00D461446984604AA05AB03A93D
S2140357680646E2F7ADFD40B30DB1049B2B6034B398
S214035778049D03982946FFF762FF2B8807460246CF
S2140357887188307800F04FFBD8B1297911F01003EF
S2140357980BD0EB782A46CDE900433B467188307830
S2140357A8FCF702FD06B0BDE8F0812A4620460599B7
S2140357B8CDF80080FFF704FFF4E78620F2E72046DB
S2140357C8F0E77E20EEE71FB51C460023ADF80A2057
S2140357D8BDF818208DF80400ADF80610ADF80C20B7
S2140357E869461A4601A800938DF80840FFF7AFFFED
S2140357F8009804B010BDF0B587B00E4605AB04AAF2
S21403580803A90446E2F75CFD08B3049D03982946FA
S214035818FFF715FF2B88074602466188207800F0B5
S21403582804FBB0B1297911F0100108D000963B4665
S2140358382A4661882078D2F76BFC07B0F0BD009142
S21403584801232A4631460598FFF7BAFEF5E7862070
S214035858F3E77E20F1E72DE9F041064600254FF0F1
S21403586814080779E8B2874201D800241AE008FB2F
S21403587805F0D6F800C00CEB00043CF800008142A3
S2140358881AD132B1802A10D194F90CC0BCF1000F9A
S21403589812DAB0F57C4F05D32046FFF7CEFE8342D7
S2140358A800D04BB92046BDE8F081402A04D194F8CD
S2140358B80CC01CF0400FECD10135D3E70121E2F709
S2140358C83BBC08B513460022E2F764FD003818BF50
S2140358D8012008BD08B513464022E2F75BFD0038F1
S2140358E818BF012008BD08B513468022E2F752FD0B
S2140358F8003818BF012008BD08B540220023E2F788
S21403590849FD003818BF012008BD08B580220023CA
S214035918E2F740FD003818BF012008BD0023E2F770
S21403592839BD0021E2F7A6BD10B504460121E2F70A
S214035938A1FD2046BDE8104001F034BF7047F8B516
S21403594816461F469DF81820BDF81C300546E2F794
S21403595821FD78B10421E2F70BFE044650B1284630
S21403596800F00EFB3A4631462846A047BDE8F84005
S21403597800F0FABAF8BD2DE9F74F1E46DDE90C9B91
S214035988074688461446BDF838302AB3B9F1000FDF
S21403599822D00EB392F804A099F80020504612F0CD
S2140359A8080F0CBF802240226188E2F7F3FC98B107
S2140359B80821E2F7DDFD054670B1504600F0E0FA2F
S2140359C83346224641463846CDE9009BA84703B0EE
S2140359D8BDE8F04F00F0C8BA03B0BDE8F08FF8B5DD
S2140359E8BDF8187016461A463B460446E2F7D2FC3C
S2140359F8E0B177B90221E2F7BBFD0546B0B1204610
S214035A0800F0BEFA31462046A847BDE8F84000F045
S214035A18ABBA1021E2F7ACFD054638B1204600F0D4
S214035A28AFFA3A4631462046A847EEE7F8BD73B5BF
S214035A38BDF8184016461A4623460546E2F7AAFC5A
S214035A48B8B1C4B92021E2F793FD044670B12846DD
S214035A5800F096FA099B3146009328469DF82030B5
S214035A689DF81C20A047044600F07EFA204602B0A4
S214035A7870BD8624FAE70024F8E72DE9F041866826
S214035A880446007800F07CFA002514273279EBB236
S214035A989A4203D8BDE8F04100F066BA7B43326801
S214035AA82078D15A02EB030800F0C1F901214046D9
S214035AB8E2F75EFD034608B1207898470135E5E727
S214035AC82DE9F04F1C4689B09DF84C30BDF8488048
S214035AD801939DF850309246029322464346074662
S214035AE80D46E2F757FC8DF814700646ADF81650C7
S214035AF88DF81840ADF81AA0ADF81C8018B9012027
S214035B0809B0BDE8F08F05A9FFF7A2FD0028F6D077
S214035B1800252F46A8462C4634E00C231FFA85F9A1
S214035B2803FB09F931887368B1F57C4F33F809200C
S214035B3803EB090B1AD333F8090050452CD3019B02
S214035B48A3422DD900F0B8F99BF80200E3F7BCF995
S214035B58029B43B19BF8043013F0010F0CBF0520DA
S214035B680720E3F7B1F90134A4B219E0ADF81A2017
S214035B785946304605AA0393FFF781FD039B002881
S214035B88D9D101353289ABB29A42C6D804EB08009C
S214035B98C31B58425841B3E708F101081FFA88F8AF
S214035BA80137BFB2EDE710B5012488B006949DF817
S214035BB83C4005949DF8384004949DF8344003947B
S214035BC89DF8304002940B9C0194BDF8284000943D
S214035BD8E2F712FE08B010BD2DE9F04786B0BDF80F
S214035BE83880DDF83C909DF840A0CDF80080CDE9DC
S214035BF8019A04460D4616461F4600F012F9B8B138
S214035C08431EDBB2012B10D800230122811E484213
S214035C184841CDE90432CDE902A03B46324629463F
S214035C282046CDE90089FFF7BEFF06B0BDE8F0873A
S214035C380120FAE730B50024012587B0CDE90445ED
S214035C4803959DF82C5002950A9DCDE90045FFF76C
S214035C58AAFF07B030BD30B50024012587B0CDE9CB
S214035C68044503959DF828500094CDE90135402353
S214035C78FFF799FF07B030BD10B5012486B0CDE90C
S214035C880444002403949DF828400294099C019434
S214035C98BDF820400094FFF786FF06B010BD1FB579
S214035CA8089C03949DF81C400294069C01940024C7
S214035CB80094E2F79DFE04B010BD70472DE9F84F37
S214035CC80229074688460C9D04D84FF0000A50461A
S214035CD8BDE8F88F1BB10429F7D942F004023A70DD
S214035CE82BB303247B701B0ABB70E4F797F94FF0BA
S214035CF800099DF82830385504F1020A01343B554B
S214035D080B9A5FFA89F3D45C002CE0D0732C10D876
S214035D182E464C2C56F804BB3DD0532C15D0622C7B
S214035D2845D1AC8805F1080600231A4616E0012477
S214035D38DBE7A4F17503032BC7D8763C2E1D022C8C
S214035D4852D8DFE804F0565A58006A6805F1080680
S214035D5894B2D2B2B2F1FF0318BF01230AEB0401CF
S214035D6819448845B1DB50461946002947D15344A0
S214035D781FFA83FA5CB1BBF1000FA6D0224607EBE5
S214035D880A005946E7F7CCFF54441FFA84FA354607
S214035D9809F10109B4E74FF6FF736A6805F10806C7
S214035DA894B222469C4214BF02230023D6E76C2CE7
S214035DB805D1584600F0C8F8841CA4B2B4E7732C7F
S214035DC804D1584600F0BBF8441CF6E7A4F13003A8
S214035DD8DAB2092A01D89CB2A6E7A4F14103062B36
S214035DE83FF673AF373CE8E7012300242A68A34647
S214035DF8B4E70223F9E70323F7E70423F5E700F1FB
S214035E08010C01393A54C9B2120A1FFA8CF0ACE7EE
S214035E180020E2F7E1BF0022E2F7FEBF0023E3F724
S214035E2811B801207047012070470120704770475A
S214035E3800207047002070470020704700207047F6
S214035E48002070470020704770470E2070470020D8
S214035E58704700207047002070470020704770473F
S214035E68FF2070470E207047842070477047002035
S214035E78704770470020704700207047002070471F
S214035E8800207047002070470020704700207047A6
S214035E9870470E2070470020704700207047002088
S214035EA87047704770470E2070477047002070474A
S214035EB8812070477047704738B50546C0B2E3F788
S214035EC803F80446280AE2F7FFFF14B1002808BFC0
S214035ED80024204638BDF8B50546C0B2E2F7F4FFFD
S214035EE80446C5F30720E2F7EFFF0746C5F3074066
S214035EF8E2F7EAFF0646280EE2F7E6FF24B12FB1DB
S214035F0836B1002808BF00242046F8BD3C46FBE708
S214035F183446F9E710B4CC18944203DC5DF8044B16
S214035F28FFF723B800205DF8044B70470423FFF7F8
S214035F38F1BF08B50223FFF7EDFF80B208BD00786E
S214035F48FF2808BF0020704708B502220021FFF784
S214035F58F0FF4FF6FF73984208BF002008BD0038CD
S214035F6818BF0120400070470020704708B5FFF7A8
S214035F78A5FCFF284FF0FF3018BF0020C0B208BDAD
S214035F8808B5FFF7F3FFFF280CBF2120002008BD44
S214035F98F8B506460C4615461F4600F011F810B12C
S214035FA82544AC4200D1F8BD3946304614F8012BD7
S214035FB8E3F77CF8F5E7014600220220E3F706B884
S214035FC80120704737B50546E1F790FA0446019570
S214035FD80CB981201CE0237823B12046E1F78EFA1A
S214035FE80446F5E72B6862685B889A42F5D1A3688E
S214035FF8EA7B99B272B12A8A9142EED16A7DB2EBF4
S214036008134FEAD10020E36801A998478128E4D012
S21403601803B030BD4FF6FF72EEE72DE9F8430446AA
S2140360280F46904699460BB3012A1FD80C20E7F76C
S214036038EDFE064610B91920BDE8F8831020E7F7E9
S214036048E5FE18B93046E7F7E9FEF4E7012300252D
S21403605847EA084770600570C0F80C90446087608C
S21403606833803046E1F73AFA2846E5E72120E3E7A6
S21403607838B50446436808460D469847B4F90830C9
S214036088002B02DB2B78042B06D100232046636003
S214036098BDE83840E3F79CBB38BD30B54FF48A55A6
S2140360A887B0ADF816200DF116041A46029543B1CB
S2140360B800230122CDE90033234600F01EFA07B079
S2140360C830BD019401240094F7E7FFF7EBBEFFF712
S2140360D8BEBE0020704708B500F001FB20B900F0EB
S2140360E848FB08B9E0F7F2FBFFF7D2FEBDE8084025
S2140360F8FFF7DBBE0020E3F7D3BF0021E4F770B851
S2140361080022E4F72FB81FB5D2880B4612F0200FEB
S2140361184FF6FD7114BF49245224ADF806105105F5
S21403612844BF083CE4B2110544BF083CE4B2120479
S21403613844BF023CE4B2032805D8DFE800F0020FA8
S214036148161CADF80630BDF80600FFF789FEFF28D3
S2140361581CBF241AE4B2204604B010BD02AA0DF1EF
S2140361680601D8B200F079FAEDE7D8B200F047FA9C
S214036178ADF80600E7E7013CE4B2E4E7F8B50646FF
S21403618817460D4681B10C78FF2C0BD00846FFF74F
S214036198D6FEB84228BF3846C4B22246691C701CCD
S2140361A8E7F780FC3470F8BD0C46FBE770B5044689
S2140361B815460E4611B94170017070BD0B78FF2B5A
S2140361C805D14B78FF2B02D103704370F5E73046B1
S2140361D8FFF7BAFEA84228BF284685B22A46B11C4E
S2140361E8A01CE7F75FFC25702D0A6570E5E7F0B598
S2140361F823B9013A531C2FD1002020E0042AFBD8E8
S21403620800231C46551E6E1C1AD1042A10D00121E1
S214036218D200501E01FA00F020421EBF91404942A8
S2140362280C4318421EBF4FF0FF3101FA02F2134324
S2140362389C421EDCB4BF4FF0FF30002040B2F0BDD6
S21403624840B1465DEF00BE4034434E5D013DBE405F
S2140362583343D8E70646F5E78C5C38B90346A342CA
S21403626802F1FF32C6D24FF0FF30E8E7835CA34261
S214036278F5D90120E3E7283807288CBF002001203A
S21403628870471D2810D004D840B11C2804D05520C8
S21403629870471E380128FAD81A2901E00B390F2946
S2140362A88CBF5520002070470829F9E700200021F5
S2140362B87047F7B59DF820400546082C1046194642
S2140362C89DF8246036D8002213462C44AC4208D1E5
S2140362D806F0FD04382C0ED10096FFF7E7FF03B04F
S2140362E8F0BD14F8017D1B0243EA12631202BA18C2
S2140362F843F10003EAE7392E10D107EE100A07EE3A
S214036308902AB4EEE77AF1EE10FACCBF77EE677A06
S21403631877EEC77A002117EE900AE0E7824273EB1E
S214036328010403D2801A61EB0301D8E7101A63EB62
S2140363380101D4E700200146D1E738B5C3681446FF
S2140363481944836853F821501AB12846E7F754FAD4
S2140363582070284638BD2DE9F3411C4616460DF134
S21403636807029DF82050FFF7E8FF9DF807308046A0
S214036378A34288BF8DF807409DF807700DB1E41B4C
S214036388E5B22A4600213046E7F73AFB3A46414645
S2140363987019E7F787FB384602B0BDE8F0812DE9A8
S2140363A8F3411D46164601AA9DF82040FDF726F838
S2140363B8019B80469D4238BF0195019F04B1EC1BA3
S2140363C8224600213046E7F71BFB3A46414630197A
S2140363D8E7F768FBF8B202B0BDE8F08173B50024AE
S2140363E8154601AA1E460194FDF708F8019B072BDC
S2140363F80AD92146CCB216B1C4F10704E4B2425C0A
S214036408013108292A55F5D1D8B202B070BD1FB597
S214036418030A8DF80E300323009303AB8DF80D00A3
S21403642800F0BBF805B05DF804FB1FB58DF80F1038
S2140364380421030A8DF80E30009103AB8DF80D0086
S21403644800F0ABF805B05DF804FBF0B589B0166844
S2140364589DF83C50CDF809608DF811305668BDF8A4
S2140364683830012D109FBDF84440CDF80D60ADF8C7
S21403647812308DF8145014D0032D19D13B68CDF87B
S21403648815307B68CDF819309DF848308DF81D30E7
S21403649816230093BDF84C2002AB00F07EF809B033
S2140364A8F0BD8DF81540240A0F238DF81640F0E743
S2140364B80120F4E71FB50446084611461A46022388
S2140364C88DF80D100093214603AB00F066F804B070
S2140364D810BD10B514461A460B6886B0CDF80D30B5
S2140364E84B683421CDF811300A23009303AB8DF89B
S2140364F8154000F052F806B010BD2DE9F041B6B0CD
S21403650814461D4606460F469DF8F080E4F78CF8B9
S21403651803AA8DF80C001046330A8DF80F703F0A4D
S2140365288DF80E308DF80D602B468DF810708DF8AB
S214036538114005EB4405AB4202F102021FD162008B
S214036548D2B2931DDBB23D99D8336B44073203F8B6
S214036558CC8C01EB4805D3B250FA82F2A94202F179
S214036568020212D103EB4803009006213046BDF819
S214036578F820DBB2E4F762F836B0BDE8F08133F80A
S214036588021B1171090A5171D5E731F8024B02F85B
S214036598024C240A02F8014CE0E72DE9F0411C46B8
S2140365A805460E4617469DF81880E4F73DF8207012
S2140365B843463A46314628460694BDE8F041E4F792
S2140365C83DB8002070477047D8F780B870477047C3
S2140365D87047704770470020704770477047002021
S2140365E870477047704703F00BB8FEF774B8FEF7AA
S2140365F857B803F04EBBF8F78BBB03F03BBBF8F773
S21403660845BBF8F7ADBBF8F767BBFEF71EB9FEF751
S2140366186DB8FEF77AB8F4F7DFBDF4F7E3BDF3F722
S21403662843BDF2F765BEF2F769BEEFF73DBBFEF76B
S214036638B7B8FEF77CB8FDF718BFFEF79FB8FEF7A6
S2140366488BB830B4BDF808409DF80C50CDE9024528
S21403665830BCFDF729BFFDF796BFF8F7F3BCE4F7A0
S2140366683DB8F8F7B9BDF7F705BC70B49DF80C400C
S214036678BDF810509DF814600394CDE9045670BC19
S214036688F5F70ABC70B49DF80C40BDF810509DF899
S21403669814600394CDE9045670BCF5F73DBCF5F7D2
S2140366A827BD10B49DF8044001945DF8044BF5F734
S2140366B877BC10B49DF8044001945DF8044B02F0CF
S2140366C890B802F090B8FDF7A2BFFDF7B2BFFDF78A
S2140366D8C5BFF1F775BBF2F7B7B9F2F789B9F1F7A2
S2140366E89BB902F0BCBBF1F73FBD02F0FEBBF1F766
S2140366F89FBEF1F771BAF2F7ADB9F2F72FB9F2F711
S21403670845B9F0F785B8FEF7B5B8FEF768B8FEF7EB
S2140367187BB8FEF788B800F00BBC00F004BCF7F7AC
S214036728DFBBF5F7E9B9F7F7B9BBF7F7DFBCF5F75A
S214036738B3B9EFF7A5BAF6F7D5BDFFF745BFFBF72D
S214036748CBB8FEF7E3B8FDF753BFFEF738B801F04A
S2140367581EBEE3F721BFEFF757BEEFF751BB02F0B4
S214036768B8B802F088B8EFF79FBBEFF7DDBDEFF7D1
S214036778E1BDEFF70DBBE3F72BBFE3F73DBFE3F749
S21403678815BFEFF7BBBAE3F71BBFF9F77DBA02F0FD
S21403679870B802F037B8EFF7B7BAEFF71FBEEFF7E0
S2140367A8FFBAE3F7B9BFE3F7B1BFF9F771B8F9F77B
S2140367B85DBA03F07ABB03F080BBF9F7E1B8F9F7E3
S2140367C85DBA00F063B900F0A1B900F0C9B900F0EA
S2140367D8A0BA00F010BB00F079BAE4F793BC00F057
S2140367E8E6B900F013BA00F026B810B51C4601F057
S2140367F8DFFE05F0C6FF0023C0F3402023704000E9
S21403680810BD002208B50B461146FFF7EEFF023807
S21403681818BF012008BD0020704770470020704746
S21403682870470020704770470E2070470120704756
S21403683870470120704714220021E7F7E1B8704734
S21403684870B505460C468AB0252200210DF10300D3
S214036858E7F7D6F86B68CDF81D30AB68CDF821306E
S214036868234601AC03F11006224618685968083314
S21403687803C2B3421446F7D101236A7B8DF802306C
S21403688812F0040F0CBF4FF480734FF4A073110774
S21403689848BF43F48063ADF80030930748BFBDF89C
S2140368A80030684644BF43F00803ADF80030F4F7F9
S2140368B82DFE0AB070BD30B5427B0D46D10704469F
S2140368C88BB007D5407801A9F4F786FED8B12D20FA
S2140368D80BB030BD9307FAD5C2F3800310074FEA0F
S2140368E88313ADF8023044BF43F48063ADF8023037
S2140368F8BDF80220201D0AB10DF1020201A902F01B
S2140369089CFE0028E3D001AB03CB9DF81430A160AE
S2140369182373BDF810306060590642BF627B42F0AD
S214036928040262735A0542BF627B42F0080262732E
S2140369381B0742BF637B43F0020363732B4606AC15
S2140369480AAD224603CAAA4218605960144603F1E0
S2140369580803F6D10020BBE7F0B504460D4693B00E
S214036968252200210DF12300E7F74AF8636804F1AE
S214036978040CCDF83D30A36809AECDF841302B465C
S21403698805F11007324618685968083303C2BB4234
S2140369981646F7D105238DF82230637B5B0103F493
S2140369A80073ADF820306378FF2B1AD100236046B6
S2140369B81A4601A900F0CAF99DF80530FF2B0DD138
S2140369C8002301A91A46184600F0C0F99DF80530B9
S2140369D8FF2B03D11C26304613B0F0BD9DF80530B7
S2140369E863700020617808AA00F09BFA0646002820
S2140369F8F1D1607801A900F02FFA2B4603AD2A4699
S214036A0818685968083303C2BB421546F7D1637B37
S214036A186078DB0648BF9DF81C3001A944BF63F0C5
S214036A287F038DF81C3000F02EFAD4E710B5044621
S214036A388AB02422002101A8E6F7E2FF637B590700
S214036A4844BF4022ADF810201A0742BFBDF81020F5
S214036A5842F48062ADF81020DB070FD5607801A9F1
S214036A68F4F7BAFD10B12D200AB010BD01AB03CB65
S214036A78637B606043F00203A160637304A9201D6F
S214036A8802F0DDFD0028EED00020EDE71FB56946CD
S214036A9800F066F8002818BF2D2005B05DF804FB43
S214036AA873B50D4614460646E3F75AFF6B881A076E
S214036AB81AD522463146102002F0A2FD2046E3F7F7
S214036AC84FFF6B88D90717D50023224601210DF1FE
S214036AD807008DF80730E4F70FFA6B88002B0CBF16
S214036AE82120002002B070BDDE06EAD52246082122
S214036AF8281DE4F701FAE1E79A0701D50223E4E73C
S214036B085B07EAD50323E0E70F2070471FB50C465B
S214036B18694600F025F8102221466846E7F7BCFACE
S214036B28B0FA80F0400904B010BDB8B1B1B14388DB
S214036B38A3B90378013B082B10D8DFE803F0050751
S214036B48090B0F0F0F0F0D00E4F7D8B8E4F732B9A7
S214036B58FFF776BEFFF700BFE4F7C0BA21207047F9
S214036B6838B50D4609B300B30378013B082B1AD88A
S214036B78DFE803F0050D1013191919191600E4F7C1
S214036B88F5F80446284602F03BFF204638BDE4F7EE
S214036B9831F9F6E7FFF78FFEF3E7E4F761F9F0E775
S214036BA8E4F7A6FAEDE72124ECE72124EDE770B530
S214036BB886B0064601A80C461546FFF73CFE042396
S214036BC88DF804301CB12068616802AB03C32946FC
S214036BD801A88DF80560FFF7A8FF06B070BD70B56D
S214036BE886B0044601A80D461646FFF724FE03237F
S214036BF8206861688DF8043002AB8DF8116003C312
S214036C08294601A8FFF791FF06B070BD0022FFF7DB
S214036C18E6BF30B5437B044613F001020D468BB03E
S214036C2807D0407801A9F4F7D7FC70B12D200BB034
S214036C3830BD9B07FAD5ADF8022001A90DF1020273
S214036C48043002F0FAFC0028F0D000210E22A81C1B
S214036C58E6F7D6FEBDF810302B80039BAB60BDF875
S214036C681230AB819DF81430237301AB03CB6060FD
S214036C78A1600020DBE770B5437B0446DB070E46BE
S214036C888AB003D42D2528460AB070BD69464078D5
S214036C9800F045F905460028F4D1DDF81D300E222C
S214036CA86360DDF821300146A360637BB01C43F0C4
S214036CB802036373E6F7A4FEBDF80030069A43F0B2
S214036CC804033380059BB2607360DCE70B4610B59C
S214036CD80446102200211846E6F792FE2278032A75
S214036CE809D0042A0DD0022A11D101462046BDE850
S214036CF81040E4F763BA01462046BDE81040FFF7A4
S214036D0888BF01462046BDE81040FFF7B4BF2620DB
S214036D1810BDF8B5074608460C4616461D46FFF747
S214036D288AFD04232370637B314643F00103204620
S214036D3867706373FFF714FF08B12D20F8BD294663
S214036D482046FFF7C3FF0028F8D0F6E7F8B5054650
S214036D5808460C461F461646FFF76DFD04232370A8
S214036D6825B108222946E018E6F79CFE637B43F024
S214036D78020363734EB932460121284600F0DAF857
S214036D88FF28607007D12D20F8BD31462046FFF74F
S214036D98E7FE0028F7D1637B43F0010363730DB95D
S214036DA80020F1E7002FFBD039462046FFF78EFF79
S214036DB8F6E7F8B50C460746084616461D46FFF797
S214036DC83AFD03232046394600F8043B0822E6F733
S214036DD869FE637B314643F0020320466373FFF77D
S214036DE8BFFE08B12D20F8BD29462046FFF76EFFE3
S214036DF80028F8D0F6E7F8B5074608460C461646C0
S214036E081D46FFF718FD03232370637B314643F0C3
S214036E180103204667706373FFF7A2FE08B12D20AF
S214036E28F8BD29462046FFF751FF0028F8D0F6E7B5
S214036E3818B18022012100F07DB8FF207047002397
S214036E4807B51A4619460093F6F7C8F8B0FA80F05D
S214036E58400903B05DF804FB0B4610B51922044637
S214036E68FF211846E6F7CCFD7E2C01468CBF04F5B9
S214036E78C43004F583304FF01902BDE8104088BFCC
S214036E88AD30D8F7D9B87E2888BF00F5C4304FF0A0
S214036E98190294BF00F58330AD30D8F7F9B830B58A
S214036EA889B00D46FFF7C4FFFF2804460DD001A995
S214036EB8FFF7D2FF2868696801AB03C3204601A918
S214036EC8FFF7E1FF002009B030BD2D20FBE7704730
S214036ED870470020704770470F2070470F20704791
S214036EE8002070470F207047002070470020704727
S214036EF884B08DE80F00002004B0704770477047D1
S214036F08002070477047002070477047002070477E
S214036F1801207047704700207047012070470E20F5
S214036F2870470E2070470E20704700207047704742
S214036F380E207047FF207047704770470020704741
S214036F4870477047704700207047704700207047A7
S214036F58002070470020704770477047002070472E
S214036F68002070477047002070470020704770471E
S214036F780020704710B50024E3B210B9C3F1030329
S214036F88DBB20134042CCA544FEA1222F4D110BDE2
S214036F9810B50B784C788A78C97828B910462246F3
S214036FA8044608461946034642EA012043EA0423F0
S214036FB843EA004010BD7047E4F7B4B908B5D2F702
S214036FC84DFC002814BF8620002008BD08B5D2F75C
S214036FD815FE003818BF012008BD08B5D2F7CEFD48
S214036FE8003818BF012008BD08B5D2F753FE00388D
S214036FF818BF012008BD08B5E4F774FABDE80840D1
S214037008E4F722BA70B504460D461646E4F76AFA5C
S2140370180420E4F70BFA324629462046FFF7DDFF3D
S21403702804460220E4F702FA204670BD08B5E4F7E2
S21403703859FABDE80840D2F785BDE4F78BBDE4F7F7
S2140370486BBD08B5E4F768FD20B1BDE8084000202D
S214037058E4F7A0BE112008BD08B5E4F77DFFE4F702
S21403706883FFE4F78BFFBDE80840E4F79BBF10B542
S214037078044622F07042103060602160A26039B185
S214037088A26803F070431343A360029BE36010BD3A
S214037098A36843F08043F7E701234360C36843F0DC
S2140370A82003C360836843F000538360704737B593
S2140370B815464A6804463AB18C680093096845EA57
S2140370C80403FFF7D4FF0446204603B030BD2DE97A
S2140370D8F04FD3B0CDE90123DDE9608500230390A3
S2140370E8042003ACCDE9050307C907AB83E807000B
S2140370F8214618465D9E0494E4F76CFF074600286D
S21403710840F0BA805C9A0AAB07CA83E8070049428C
S21403711801F00F0900215E9B5F9A5B6852680D9128
S21403712813445B4203F00F0AD8F8043012915B420B
S2140371380093B368DA0048BF73684FF0100242BF83
S214037148033323F003037360AB68DB0041BF6B684C
S214037158033323F003036B605E9BD3F804B05F9B93
S2140371685C680BEB04035344CDE90E3173685B424A
S21403717803F00F03CDE910136B685B4203F00F03AC
S214037188CDE9131316AB18461591E6F739FC5C9A46
S214037198516851B9D8F804100C4354EA0B0401BFDC
S2140371A810229146CDE90B240A9011234FF0005282
S2140371B804A932A8FFF77BFF40F611034FF00052ED
S2140371C807A9FFF774FF42F611034FF0005202991E
S2140371D8FFF76DFF44F611034FF000520199FFF7CE
S2140371E866FF412300225E99FFF761FF4FEA0A23F1
S2140371F84FF000525F9943F04103FFF758FF4FEAF9
S21403720809234FF0005243F001030AA9FFF74FFF83
S214037218009B4FF000521B0203F47063414643F091
S2140372280103FFF744FF1038FFF736FF00230DA9C5
S2140372381A461AA8FFF73BFF002331461A46FFF7FC
S21403724836FF002310A91A46FFF731FF0023294605
S2140372581A46FFF72CFF002313A91A46FFF727FF42
S214037268002362991A46FFF722FF1038FFF714FF28
S2140372781AA932A8FFF7F0FE384653B0BDE8F08FD8
S21403728810B5044608B1E4F787FF2046BDE810406A
S214037298FCF7B4BE10B50446006A10B1616AFFF77E
S2140372A8EFFF0020C4E9080010BD38B50546FFF710
S2140372B8F1FF2B7E0446012B0ED0023B012B0ED882
S2140372C8EB69012B18BF6FF0960428220021284685
S2140372D8E6F796FB204638BDEB69002BF2E76FF01E
S2140372E89604F2E718220021E6F78ABB70472DE9D1
S2140372F8F84F9846DDE90B490D9B15469A0706464F
S2140373080F4623D02A460A9B03EB040A1444A242D8
S21403731820D10D9B9B0705D5A2EB050AD14505EBA6
S2140373280A0420D82046BDE8F88F4346394620206D
S214037338B0470AF1010ACA450AEB0B02F5D3A9EBD3
S21403734804024C4588BF00222A44DCE7A246A5EB84
S214037358040BF0E702F1010B434639461AF8010D10
S214037368B0475A46D3E74346224639462020B04715
S2140373780AF1010AD2E72DE9F047DDE90D7616F0A2
S214037388020F9DF82880DDE90854DDE90BCE1FD1EE
S21403739806F001094FB1B9F1000F06D0B8F1000F96
S2140373A802D116F00C0F00D0013F4FF0300A04E06C
S2140373B8202C04D005F804A001347445F8D3B9F199
S2140373C8000F05D04FF03009A74201D9202C2DD144
S2140373D816F0100F1FD016F4806F2CD15CB37445CB
S2140373E801D0BC4227D1B4F1010E23D0BCF1100F53
S2140373F846D1023C16F0200F28D1202C28D04FF077
S214037408780C05F804C00134202C21D04FF0300C3A
S21403741805F804C00134202C1AD0B8F1000F23D085
S2140374284FF02D0C05F804C0013412E005F804905B
S2140374380134C9E77446BCF1100FDBD0BCF1020F68
S214037448E2D1202C04D04FF0620CDAE7202C08D1C6
S2140374582024CDE90A76CDE90854BDE8F047FFF7BE
S21403746846BF4FF0580CCCE716F0040F02D04FF087
S2140374782B0CD7E716F0080FEBD04FF0200CD1E70C
S214037488BCF1020F7446C1D1DDE72DE9F04391B094
S214037498189D1A9E1D9F0DB927F010077C0500D569
S2140374A815B317F0200F14BF4FF0410E4FF0610EBF
S2140374B8AC4600250DF12008AEF10A0EBCFBF6F922
S2140374C806FB19C95FFA89F4B9F1090F94BF30347A
S2140374D87444E4B2B44508F8014B05F10105BCFB56
S2140374E8F6F401D3202D10D11C9C069705941B9CFB
S2140374F8CDE903649DF86440CDE9015408AC0094D3
S214037508FFF739FF11B0BDE8F083A446D6E72DE9A7
S214037518F04F95B0269ECDE90A23DDE91E74DDE912
S214037528229B57EA040308BF26F010067205CDE926
S214037538080102D557EA040337D016F0200F14BF04
S2140375484123612300250DF1300AA3F10A082146D9
S2140375584A465B463846E5F7E7FED2B2092A94BFA1
S214037568303242444F45D2B274EB0B0405F10105A1
S2140375780AF8012B01D3202D14D1259B06960593D3
S214037588249BDDE90801CDE903939DF88030CDE916
S21403759801530CAB0093DDE90A23FFF7ECFE15B0A5
S2140375A8BDE8F08F07460C46D1E70025E5E708B1A6
S2140375B800F014B8704710B1D1E900311847704786
S2140375C838B5441E14F8015F25B90A2000F006F8FA
S2140375D8284638BD284600F001F8F3E701460020A0
S2140375E8FCF7DFBA70477047EDF75EBF704708B51C
S2140375F8FCF7A8FAD2F732F9BDE80840D4F76ABA16
S214037608704708B5D2F796FCFBF7FFF8BDE80840C5
S214037618E3F768BF08B5FBF7E8FEE4F7F1FDFBF709
S214037628E2FEE5F79BF9E5F787F9E5F7FDF8BDE828
S2140376380840D7F7DBBC08B5D5F7B6FEFBF7D1FE8F
S214037648D5F7BEFED9F7E4FED9F78AFFDAF792F83C
S214037658BDE80840D9F7B0BF70477047E5F70AB9E1
S21403766808B5FCF7BAFEBDE80840FCF7E5BE704768
S21403767807B500220346114601200092D9F742F8BF
S21403768803B05DF804FB07B500920B46027D8189BB
S2140376988068FDF77AFC003818BF0120C00103B0E4
S2140376A85DF804FB08B50020E0F7B4FB0020E2F71A
S2140376B845F90020DAF73EFA0020DAF7D5FC002071
S2140376C8DAF7D4FE0020DBF7C1F90020DBF7EAFE81
S2140376D80020DEF719FA0020DEF784FF0020DFF724
S2140376E879FDBDE808400020DFF764BE08B5012031
S2140376F8FDF72DF90120DAF77DFBBDE808400120E8
S214037708DBF7A4B908B50220E0F778FC0220DFF718
S2140377186BFE0220E2F720FC0220FFF790FC022013
S214037728FDF7B5FB0220DEF75DFFBDE80840022043
S214037738E0F704B9DAF7A2BCFDF7C9BE704770478D
S2140377487047704770477047704710B50446E0F7B0
S2140377580FF82046FDF731F92046DCF7B5F9204641
S214037768DDF708F92046BDE81040FDF7C3BBFDF773
S214037778DEBBFDF7E8BBDFF737BD70477047FDF79D
S21403778840B970477047704770477047704704F0B2
S214037798BEBF70477047DFF7C1BD70477047704775
S2140377A8704770477047D0F7FFBBFEF76BBB704751
S2140377B800207047FEF768BBFEF771BBE7F738BAD9
S2140377C838B504460D4600F097F850B129462046CA
S2140377D8ECF7E0FB30B929462046BDE83840E7F722
S2140377E8EFB90E2038BD08B5ECF71AFA18B1BDE89C
S2140377F80840EAF791BD08BD70B516460C4604F076
S2140378084EFE314605462046EAF762F90446284600
S21403781804F040FE204670BD00F032B970B5044649
S21403782800200E4600F039FBD4F8F0503DB1002393
S21403783831462046AC46BDE870401A4660472B469C
S214037848012231462046E7F73BFC284670BD38B58B
S214037858044648880D4600F020FBD4F8F0302BB9D0
S21403786829462046BDE83840E7F73CBB022038BD2A
S21403787800F015BB00F03CB9E7F770B800F01BBB87
S21403788870B5BDF81060054606B16BB1334428469B
S2140378989BB200F073F9044620B91EB13146284658
S2140378A800F0ADF9204670BD2124FBE7E8F7E4BEF7
S2140378B8C0F8EC1000207047E7F722BDE7F712BEC2
S2140378C810B4BDF8044001945DF8044B00F09FB86B
S2140378D80B4610B514461846A1689288E6F720FAB0
S2140378E8E168034631B1A0886288121A92B2184436
S2140378F8E6F716FA002010BD0346408A18B1188A20
S214037908003818BF012070470846E9F731BA00F077
S214037918D6BA00F0D4BAE9F743BC084708B5E7F780
S21403792865F8C0B208BD022A01D800F00CBA2120B7
S2140379387047022A01D800F017BA21207047022A96
S21403794801D800F023BA21207047E8F74BBB084656
S214037958E8F766BB00F033BA00207047002070478C
S2140379687047D0F8903003F06003402B0DD0602B9F
S21403797803D0203B58425841704749B10B68012B46
S21403798806D9486940F00100704740F20110704775
S21403799800207047F7B504461046D4E952C7DDE918
S2140379A808268CEA020587EA06010540194085EA97
S2140379B80C057940C4E95251002523F4004106EA30
S2140379C8010320F0010043F40073024043F002036E
S2140379D8CDE90055EAF772FF94F824309A0713D5D1
S2140379E8D4F84C319B050FD54FF48811204600F088
S2140379F834FC94F82430024665F3410384F82430B3
S214037A0820460B46E6F7C6FF002003B0F0BDF0B5E8
S214037A1887B01C461746BDF830601AB900242046BE
S214037A2807B0F0BD002BF9D00029F7D001AAE8F774
S214037A3823FE0028F2D0BDF80630A2199A42BDF8F4
S214037A480850C4BF9B1B9CB2B54212D90399AD1B01
S214037A58ADB23144A5420391ADF808500DD22A467B
S214037A683846E6F75DF90499621B7819E6F758F97C
S214037A78D5E70499761B3144049122463846F5E740
S214037A880846E9F7CDBF0220E9F780BB08B5D0F86A
S214037A98E4304BB11A68022A06D993F825204AB16E
S214037AA8186AB0FBF2F008BD4FF446624C2100207A
S214037AB8ECF79EFA0020F6E7D0F8E42008B57AB18A
S214037AC81368022B0CD9536A13F47F4FC3F30721A9
S214037AD806D0126ADBB253438B42B3FBF1F006D2ED
S214037AE8002040F67F424C21ECF782FA002008BDBE
S214037AF80346D0F824010860B3F8283100208B80A9
S214037B08704790F824310C2B14BF90F82900FF20F7
S214037B18704738B50C464FF400610546EBF7B0FFDF
S214037B2870B17CB195F81E3173B94FF480724FF477
S214037B3880712846EBF790FF003818BF012038BD40
S214037B482202F4E72246F2E70020F8E74FF48071B2
S214037B58EBF796BF08B54A024FF40071EBF77CFFC4
S214037B68002008BD08B58A024FF48061EBF774FF5E
S214037B78002008BD4FF40071EBF782BF2DE9F041F2
S214037B88884618F0030706461546194633D1B2F554
S214037B98805F30D89A422ED33F2A28D9B2FA82F485
S214037BA801220120C4F11F03DBB29A4092B2AA4213
S214037BB82CBFC4F11904C4F11A04E2B2931DDBB254
S214037BC8984080B2A84214D096F8F530ABB9012095
S214037BD896F8243060F3C71386F824304046E8F74F
S214037BE8FDFAC6F82080B5823846BDE8F0813A46E5
S214037BF8EAE70020ECE72127F6E70E27F4E708462E
S214037C0800F02EB9F8B511F0030607460D461446DC
S214037C1821D102B313883F2B1DD9B3FA83F3C3F1DB
S214037C281901C9B2062901D8192B12D0062928BF6B
S214037C38062101238A1DD2B293402846238000F0EA
S214037C4815F923883846FD617B82E8F7D7FB30466B
S214037C58F8BD3146EDE72126F9E738B5148811F063
S214037C6803054FEAC4041ED13F2C1CD9B4FA84F486
S214037C78C4F11903DBB2052B01D8192C11D0052B37
S214037C8828BF052301240633DBB204FA03F3C3F340
S214037C98CF041480816104820387E8F7AFFB284684
S214037CA838BD2B46EEE72125F9E710B514460846F6
S214037CB80121E9F787FD2046BDE810400121E9F7D1
S214037CC881BDF8B504460E46174604F0E8FB3A4667
S214037CD8054631462046EAF733F80446284604F0B4
S214037CE8D9FB2046F8BD0220704703207047E9F702
S214037CF845BA10B50023E7F791FE044608B9EBF733
S214037D0815F8204610BD70B505460E46144600F015
S214037D18C9F83146284600F04CFA00F0C3F82307A2
S214037D2844BF24F00804A4B221462846E6F764FEB6
S214037D3800224FF400312846EBF78EFE002070BD74
S214037D488021EBF79DBE7FB5531C05AAADF814102A
S214037D58029202210022DBB2CDE900211146EBF79D
S214037D6899FE07B05DF804FB7FB5531C05AAADF86A
S214037D781410029204210222DBB2CDE9002100226C
S214037D880121EBF787FE07B05DF804FB1FB5531C0C
S214037D98029100220821CDE900210122DBB2114617
S214037DA8EBF778FE05B05DF804FB10B50446E6F776
S214037DB81DFE01462046BDE81040E6F71DBE002915
S214037DC814BF21200020704738B5054610460C46D8
S214037DD8E8F752F965B1D5F8E0304BB15B693BB1CA
S214037DE82268013204BF6FF00102226022681A601B
S214037DF8002038BD002070472DE9F74F01251C46A3
S214037E089DF83030064601930368174603F00703C8
S214037E1806339D4005F1FF380B46A1B1416804EAD5
S214037E28080BA5EB0B0A41F00059524509EB0B0169
S214037E3814D952461846E5F773FF49467A1B5A443F
S214037E485044E5F76DFF019B2BB13C4448EA05080F
S214037E5804EA0804F46003B0BDE8F08F1846F0E7B8
S214037E684FF03A43022298615A6370474FF03A43F9
S214037E7801225A6740F6FF72D96418651A67704775
S214037E8837B5002514460095FFF7B6FF204603B01E
S214037E9830BDE7F763BF0020704700207047002017
S214037EA870477047704710F0FD0F14BF4FF0FF3050
S214037EB80020C0B27047704700200021704708B5FD
S214037EC8E9F7AEFABDE80840E9F7D2BA38B504468A
S214037ED8FFF7F5FF0546FFF7F2FF431BA342FAD366
S214037EE838BD38B50D460446E9F79AFA35B18442E3
S214037EF800D90139204601F0030138BD844238BF52
S214037F080131F7E708B50121FFF7EBFFBDE80840A5
S214037F18E9F7AEBA08B521B19200E5F701FF0020EC
S214037F2808BD2120FCE700F06F43B3F1804F02D071
S214037F38B3F1204F02D120F07040704700F0604341
S214037F48B3F1204F08BF20F0805070470B0C23F482
S214037F588053B3F5284FF7B50D468FB2064699B248
S214037F6816D04AF60103994214D04AF602039942F8
S214037F7812D0B1F5204F14BF04240324D6F8E030FA
S214037F880BB1196851B9D6F8DC3093B928680EE0F6
S214037F980024F3E70124F1E70224EFE723466846C3
S214037FA83A46E9F7D9FADDE90003002BEBD103B02B
S214037FB8F0BD19680029E9D0234668463A46E9F72A
S214037FC8CBFADDE90003002BE0D1F0E70204C0F3A7
S214037FD8891307D56FEA83536FEA935313F5007F24
S214037FE818B206D0A3F1C8006FF4FF739842B8BF5F
S214037FF8184670474FF0384359699A6903F5005392
S2140380080A405A6170470E207047EBF79FB8EBF7A4
S2140380189DB8EBF79BB8EBF799B808B50846EBF7A6
S21403802887FC08BDEBF792B802207047022070471A
S2140380380020704701207047002070470E207047C5
S21403804800207047E7F7F2BE08461146012200F003
S21403805886B870B505460C4611461A46EBF79EFDDC
S21403806806682B462046B446BDE87040604710B500
S214038078EBF794FDBDE8104083681847FFF739BE51
S214038088E7F7DEBDFFF79CBBE7F7DCBA70B5044637
S2140380980D4616464FF4881100F0F4F83246294682
S2140380A82046BDE87040E7F7F7BF7047431E012B2D
S2140380B803D9031F58425841704701207047FFF7FA
S2140380C8EABE4FF4D4720021E5F79ABC70B50446AD
S2140380D8E7F750FB0546A8B9A169F1B1238AD3B1DE
S2140380E8204604F11002FFF7B8FD38BBE16919B35F
S2140380F8638AA3B1204604F11202FFF783FD78B121
S214038108054603E00023A3612361E36100232846B1
S2140381186361236270BDA061E8E72082E6E7E36156
S214038128216A0029F2D0A28A002AEFD02046E38AE1
S214038138BDE87040FFF722BD6182F1E76582E5611D
S214038148DEE711B9D0F8DC1021B1CB6813B18B6820
S214038158D88970474FF6FF707047E6F72DBC10B501
S2140381680C461146E6F74EFCE7F760FE012801D1F8
S214038178002010BD002CF7D10520FAE7FFF786BCD0
S214038188FFF79ABC70B500232425D0F8DC00C46832
S2140381989C4201D1212070BD826805FB0322D68943
S2140381A88E4202D8128A8A4201D20133F0E70020AF
S2140381B8F1E7F8B506460D46EBF752FDD8B94FF684
S2140381C8FF734FF0240CEF68C1B28F4208D81C46E1
S2140381D821463046EBF7DEFEFFF763FE2046F8BD82
S2140381E8AA680CFB0122D4899C4202D2002CEFD049
S2140381F823460130E8E70024F0E7808D70470A78C5
S21403820838B505461046FFF751FF60B14C7820464F
S214038218FFF74CFF38B12243530704D42846BDE87A
S2140382283840E6F727BE212038BD10B5044608783F
S214038238FFF73CFF58B14A781046FFF737FF30B1CF
S214038248042A04D02046BDE81040E6F731BE2120B4
S21403825810BDFFF79FBBE7F757B938B505460C4679
S21403826804F01DF9D5F88C301C40D5F88830234324
S214038278C5F8883004F00EF9211E18BF0121002026
S214038288490238BD38B504460D4604F008F9D4F853
S2140382988C301D40D4F8883023EA0505C4F8885086
S2140382A804F0F8F8284638BD38B504460D464FF4AA
S2140382B88811FFF7E7FF29462046BDE83840E7F769
S2140382C80BBF73B50D7806460C4635B304238DF8F5
S2140382D804302379304601A98DF80530FFF7A5FF4A
S2140382E80546B8B92278A37952BB8DF80430E379EA
S2140382F8304601A98DF80530FFF781FF054648B9D2
S21403830823783BB161883046E6F7C0FF0121304643
S214038318FFF7FFFB284602B070BD2946FFF7F9FBB7
S21403832829463046FFF716FC29463046FFF71AFC5F
S2140383382378002BCAD123798DF804306379C9E7EB
S21403834802228DF80420D3E7FFF704BCFFF712BC1C
S21403835800207047704710B50446EBF7ABFE21467E
S2140383680020ECF7FBFCBDE81040002000F02BB91A
S21403837870470120704708B5EDF71EFB80F0010033
S214038388C0B208BD4FF0FF30FFF7C1BA70470020F0
S214038398704710B50C4603F043FE048010BD38B58D
S2140383A80C46154603F03CFE03881DB11C43A1B2D8
S2140383B8018038BD23EA040189B2F9E708B503F05A
S2140383C82FFE008808BD08B503F02AFEC07808BD4E
S2140383D808B503F025FE008800F00C0008BD08B5B4
S2140383E803F01EFE008800F00C00031F5842584195
S2140383F808BD38B5054603F013FE04462846FFF7BE
S214038408EEFF30B904F1100004F0BBF900F4406045
S21403841838BD4FF40060FBE738B5054603F000FEA9
S21403842804462846FFF7DBFF014648B910342046C2
S214038438042203F035FD2044BDE8384004F0A1B912
S214038448A08838BD10B50C4603F0EAFD848010BD3D
S21403845838B5054603F0E4FD04462846FFF7BFFF94
S21403846830B904F1100004F08CF900F4404038BD2C
S2140384784FF40060FBE738B5054603F0D1FD044624
S2140384882846FFF7ACFF014648B9103420460622B3
S21403849803F006FD2044BDE8384004F072B9A0880E
S2140384A838BD38B5054603F0BBFD04462846FFF736
S2140384B896FF014608B1201D38BD10340622204613
S2140384C803F0EEFC2044F7E708B503F0A9FD007AAD
S2140384D808BD08B503F0A4FD90F9090008BD08B562
S2140384E803F09EFD807A08BD08B503F099FDC068C1
S2140384F808BD10B50C4603F093FD047210BD10B505
S2140385080C4603F08DFD447210BD10B50C4603F0FF
S21403851887FDC46010BD2DE9F8430F468046002149
S21403852807F110001646994603F0EEFD0446D0B14F
S21403853803F076FD0546204603F08EFD002102462D
S2140385482846E5F75DFA00232046AB7049F0040198
S214038558FFF71FFFA5F804802EB13A46314605F10A
S2140385681000E5F7DDFB2046BDE8F883F8B50546B9
S2140385780F461020002103F0C7FD0446B0B103F0F0
S2140385884FFD0646204603F067FD002102463046A7
S214038598E5F736FA002339462046B370FFF7F9FEA7
S2140385A825B12A460121204603F086FD2046F8BD5C
S2140385B808B503F035FD103008BD08B503F04CFDCB
S2140385C81038C0B208BD0020ECF7F0BA08B5ECF7CF
S2140385D84BFD002008BD4088C0F30C00033080081C
S2140385E840000430704770B50E46054611463046BF
S2140385F803F08AFD044635B128B103F011FD32466F
S2140386082946E5F74FFA204670BD0088B0FA80F091
S2140386184009704738B505880022044604F01FF958
S21403862805B1258038BDF8B507460D4600880021F4
S214038638164603F02DFDB042044605D129463846B2
S214038648BDE8F840FFF7E6BF0021204603F020FD0B
S214038658B04205D02046002103F01AFD0446F3E78E
S2140386682A462046002103F027FD32462846BDE861
S214038678F840002103F020BDF8B5058807467DB10C
S214038688CCB22146284603F003FD8542064609D1A7
S21403869800233B8000222146304603F00DFD354675
S2140386A82846F8BD214603F0F3FC21460246284631
S2140386B803F002FDEEE72DE9F04707888246884671
S2140386C814465FB3384603F0C7FC3D460646E4B295
S2140386D82146284603F0DCFC4045814616D1214650
S2140386E803F0D6FC21460246284603F0E5FC474538
S2140386F804D1454508BF0025AAF8005000222146A4
S214038708404603F0D9FC3046BDE8F0878742FAD0E6
S21403871803F0A2FC30444D4686B2D9E73E46F2E75C
S21403872800220123C0E900237047F8B50446012751
S214038738002603F0C1FE23683BB903F0B8FE002207
S2140387486368012B0ED16360F8BD1D691F6126603F
S21403875803F0ADFE012DF2D02B462D691E61012DC7
S214038768FAD1E6E719691A610B46EAE7036823B9FB
S2140387784068012803D0EDF7BFB9002070474FF0D3
S214038788FF307047F8B5054603F016FF0123064683
S2140387980027A8602B7303F08FFE2B6802467BB175
S2140387A81C692169A1420CBF2F6019612761104615
S2140387B803F07DFE012C08D0204663689847EAE755
S2140387C86C68012C04D103F072FE00232B73F8BDEA
S2140387D86169711AB1F1004FF5D82169696023619F
S2140387E8E5E70220704702207047002070470144DF
S2140387F8884201D10120704710F8013B9342F7D015
S2140388080020704770B50146064692B00020EBF785
S2140388187DFE044670B9FDF7D4FE054601466A4652
S2140388282046ECF7B9F96A46294620468DF80260D1
S214038838ECF768FC204612B070BD00B593B0FDF7A0
S214038848C0FE6A4601460020ECF7A6F99DF9020029
S21403885813B05DF804FB00B593B0FDF7B2FE6A46A5
S21403886801460020ECF798F99DF8000013B05DF870
S21403887804FBECF755B9012070477FB54FF6FF7137
S21403888801AAEDF7ABFB20B1BDF80C0007B05DF805
S21403889804FB4FF6FF70F9E708B51046EEF764FBDE
S2140388A8BDE80840EEF71EBC704770477047704730
S2140388B8704770477047704738B54FF6FF750D8099
S2140388C80C46F6F715FC2080A8420CBF2D20002086
S2140388D838BD002100B593B06A460846ECF75CF944
S2140388E8BDF8060013B05DF804FB002110B592B07E
S2140388F804466A460846ECF74FF900216A460846D6
S214038908ADF80640ECF7FEFB12B010BD002100B52B
S21403891893B06A460846ECF73FF9BDF8040013B06F
S2140389285DF804FB002110B592B004466A46084673
S214038938ECF732F900216A460846ADF80440ECF72E
S214038948E1FB12B010BD70472DE9F04F87B00C4617
S21403895891460746FFF73CFD0546661C304603F07E
S21403896810FF042D40F090803846FFF721FE037869
S214038978092203F00303012B14BF02230323012157
S2140389882046039303F08CFA092200210546204665
S21403899803F086FA21788DF817000139002220465D
S2140389A889B2FFF720FE04EB09088346F0B14FF0BF
S2140389B8010A2A460146CDF800A003980DF11703CD
S2140389C8FBF7C0FD0228054626D1584603F044FBAC
S2140389D800222070C0B2431E00929BB252465946EC
S2140389E8304603F0CBFF2378534423703846FFF70B
S2140389F8E5FC020424D498F8013021789B071FD598
S214038A080139A1EB09013A464046C9B2F1F76AFAB9
S214038A1823781844207013E020B92070284607B03E
S214038A28BDE8F08F032809D1404603F0AAFE20F4D8
S214038A38007189B2404603F0A6FED7E70428D5D1CD
S214038A480125002220462178FFF7CDFD074600289A
S214038A58E4D04FF000080146434601224046CDF8CD
S214038A680080FBF76FFD022819D1384603F0F4FAA5
S214038A78C2B2013A207093B2394601223046CDF885
S214038A88008003F07BFFC9E780F0800520F08000B4
S214038A9881B23046C5F3C01503F075FED1E700284A
S214038AA8BCD12070BAE708B50020FFF764FC80F055
S214038AB80100C0B208BD0A4608B501460020EDF716
S214038AC8DBFCB0FA80F0400908BD0020ECF74EBC8A
S214038AD800210846ECF7F2B80020FFF74ABC70B549
S214038AE8044603F04EFE042200210646204603F001
S214038AF8D7F9204403F045FE032205460021204605
S214038B0803F0CEF9204403F03CFE4FF6FF7305400E
S214038B18ADB29D4214D1F30712D506220021204692
S214038B2803F0BEF9204403F02CFE0446EDF716FDC9
S214038B38844214BF02240624EDF70AFD204070BDC4
S214038B482046FBF7D0FEC400E4B2F5E708B5FFF706
S214038B58C6FF003818BF012008BD0120704710B5AE
S214038B680446FEF700FA08B9FEF7FFF903050FD423
S214038B780C231B2B01D1002009E020FA03F1C907B7
S214038B8803F1010206D5DBB2E31A5842584110BD79
S214038B980B23F9E71346ECE710B50C46098819B911
S214038BA80846F7F7FDFD2080012010BD08B51046DE
S214038BB81A4600F08CFABDE8084003F080BD70B58D
S214038BC804460D46164692B06A46EBF7E5FF6A4634
S214038BD8294620468DF81F60ECF794FA12B070BD4C
S214038BE810B50C46EEF796F82046BDE81040EDF7AC
S214038BF8A7BF0129F8B505460C461DD003291ED084
S214038C08052920D0072922D0002600240027012082
S214038C18EBF714FF304485421DDA0320EBF70EFF0B
S214038C282044854219DA0520EBF708FF38448542C5
S214038C38B4BF07200520F8BD6FF00406E5E76FF01C
S214038C4804040526E2E700266FF00407DFE700249E
S214038C5805272646DBE70120EDE70320EBE738B1D7
S214038C684379490023F00C0301F00C010B434371CD
S214038C78704710B5044678B141794088490801F031
S214038C8806010131000AFFF7B4FF024601462046F3
S214038C98FFF7E5FF104610BD0722FBE738B50D467C
S214038CA8EEF726F8044608B9002038BDFFF7E1FFBB
S214038CB8002DFAD1237913F00703F5D0984238BF6D
S214038CC81846C0B2F1E7EEF721BA0022EEF744BB26
S214038CD80021012208B5EEF73FFB401A18BF012012
S214038CE808BD38B51546FFF7F0FF0446284603F0D7
S214038CF829FE84B1FF2804D0626822FA00F3DB0752
S214038D0801D5012038BD0123834013436360E3780C
S214038D180133E370F5E72046F4E7EEF777BD10B5C1
S214038D2803F07EF900F11004204603F02AFD20F430
S214038D38007189B22046BDE8104003F024BD2DE932
S214038D48FF411546019101218DF80D301B0A8DF858
S214038D580E309DF82C308DF80C008DF80F30284611
S214038D680423009103AA9DF828809DF830709DF887
S214038D78346001F016FB044670B12946FFF762FB20
S214038D88B8F1000F02D12046FFF7C9FF2FB146B945
S214038D983146204601F0D0F80024204604B0BDE84A
S214038DA8F081002220461146EEF7B6FCF4E74FF4AE
S214038DB87A70EEF70BBE08B5ECF7B2FEBDE80840CE
S214038DC80020EEF709BF00B58BB06846EEF7DAFD6C
S214038DD8009BBDF8060004A90693EEF779FD0BB0D1
S214038DE85DF804FB1FB504466846EEF7CBFD02ABF9
S214038DF803CB2060616004B010BD1FB5062304468C
S214038E088DF80C30EFF742F800238DF80D00CDE906
S214038E18003301210223204603AA01F0C2FA04B054
S214038E2810BD38B5002208210546FFF7E0FC0446C6
S214038E3898B9FFF74EFD22464FF6FF71EFF77EFA15
S214038E482846297CEEF7F8FE287C6A69E989F0F754
S214038E58F3FDEEF769FE204638BD0120FCE770B542
S214038E680C4605460120EFF7F5FD237B4BB1FFF7CC
S214038E7830FD014623462A46BDE870400120EFF739
S214038E887BBA4FF6FE71F5E7F8B50E460746FFF7C9
S214038E988FFB054603F075FC00F44040B0F5404FE1
S214038EA814BF0022062202F10A03EB5C0B325C00B5
S214038EB804F00E045B08144403F0380338461C44D5
S214038EC8FFF77BFB844208D2001BC2B20F2A28BFD7
S214038ED80F2230462919E4F723FF2046F8BDECF79E
S214038EE81FBE40F62740F0F725BBFF224FF6FF715B
S214038EF8F0F754BC07B500210DF10700F0F786FD1F
S214038F089DF8070003B05DF804FB13B5044601A9F2
S214038F180020F0F77BFD019A01462046F0F78CFD0A
S214038F28204602B010BDF0B50F46002187B00446B0
S214038F3808461646F0F76AFD012305460DF10A00B2
S214038F488DF808408DF80930FFF74CFF092C1DD122
S214038F5831460DF1120003F016FC05AB002102AAF8
S214038F689B1A2846CDE90011DBB2642101F019FAF1
S214038F780546E0B1092C15D1F0F7A8FD044688B1DB
S214038F882846F0F7B7FD204607B0F0BD31460DF189
S214038F9813008DF812704FF6FF7503F0F4FB0DF10E
S214038FA81503DBE7284600F014F80446EBE7044607
S214038FB8E9E738B504460D4603F0DEFC40B1AC429B
S214038FC806D0204603F0CFFCBDE8384000F0ACBF1F
S214038FD838BD10B50446FFF7EBFA023003F0D1FBB1
S214038FE84FF6F7739842204603D9BDE81040F0F7CA
S214038FF8FBBEF0F73BFFB0FA80F0400910BD012036
S21403900870470022F0F728BE70B504460088FFF7BD
S214039018CFFA0546043003F0B4FB0646A81C03F053
S214039028B0FB054603F0C3FA3046F2F705F930B944
S2140390382846F2F701F910B1284603F09DFCA378F9
S214039048002023F00F03A37070BD70B50546FFF725
S214039058AFFA0646284601F0C8F901462846F7F748
S214039068D3FF04462846FFF7D7F94FF6F773984217
S21403907808D8337803F00303012B05D1A31E5842FF
S214039088584170BD0120FCE70020FAE741F203339C
S21403909830B585B00D46ADF808300446FFF719FC21
S2140390A88DF80A00FFF715FC0021000A8DF80B005F
S2140390B805232046CDE9001102AA8DF80C5001F0CD
S2140390C870F910B12146FFF79CFF05B030BD2DE9B6
S2140390D8F041044617460D46E1B13F294FF0000616
S2140390E800D135462046FFF773F9082814D1012125
S2140390F8204602F0CDFF064602F0AEFF0446304691
S21403910802F08EFF3B4601462A46E0B2BDE8F04130
S214039118FDF7FBBA0126E5E72046FFF759F90246AD
S21403912830B9BDE8F0414FF6FF71012003F0F2BAFB
S2140391382046FFF75EF9B0F5006F0ED12046FFF71D
S2140391486BF94FF6FF739842014617D0002D0CBFF4
S21403915803200520002203F0DDFA29462046EEF711
S21403916893FB68B929462046F2F704F840B9324615
S21403917829462046BDE8F041F0F7BCBF0120E9E7E1
S214039188BDE8F0817047704737B54FF6F675FDF7BB
S2140391981BFA431E9BB2AB420446F8D8EDF7A8FD6C
S2140391A80028F4D169462046EDF7C4F80028EED027
S2140391B8204600F09AFE0028E9D12046FFF788FDEE
S2140391C80028E4D12046F2F737F80028DFD12046F6
S2140391D803F0D2FB0028DAD12046FDF700FA002870
S2140391E8D5D1204603B030BD73B504460E46F2F714
S2140391F823F8054688B92046F2F778F821462B4621
S2140392080D224FF6FD70009500F0A1F83146204672
S21403921802B0BDE87040F2F72BB802B070BDF7B5E0
S21403922804460D461746FFF754FB0646002D3FD067
S2140392384FF6FB739C423BD82046F1F7FDFF08B177
S214039248A64235D02046F1F7F7FF10B1012003B048
S214039258F0BD2046FDF7C3F9C0B1A642F6D0F4B177
S21403926869462046EDF766F80246C0B908216846FF
S214039278FFF7BDFA98B9082269462846E4F70CFFB3
S21403928868B129462046FFF7AFFFDFE7A642E6D1D7
S2140392982846EDF7BDF810B900F03DFED6E73FB116
S2140392A821462846EDF7CAFE21462846F5F706FF67
S2140392B80020CCE737B5054614460C2914D8DFE852
S2140392C801F02C132C13131307131313132424005E
S2140392D86946EDF72FF818B901216846F5F7ECFF4C
S2140392E841202946F8F70CFBD4B12046FFF760F96E
S2140392F8023003F046FA4FF6F773984210D9204621
S21403930803B0BDE83040F0F725BE40F6144040F6FB
S21403931813430B2908BF1846E3E700F0EDFDE3E720
S21403932803B030BD1FB50346084603218DF80D303C
S2140393388DF80C1001230021ADF80E20CDE900317D
S21403934803AA042301F02DF805B05DF804FB2DE904
S214039358F34106460F4614461D469DF82080FFF740
S214039368B8FAB04207D100222146384602B0BDE813
S214039378F041FFF79FBF3A4631462046FFF7D2FF34
S214039388ADF8060060B10D2C05D100224FF6FF712B
S214039398282003F0BFF935B9BDF80600FFF719FE14
S2140393A802B0BDE8F0810123424629460DF10600C6
S2140393B8ECF70AFBBDF80630002BEDD1F0E7F7B55E
S2140393C80C460546FFF7F4F8611C06462846F7F7E9
S2140393D81BFEA11C0746284600F02AFF0146044642
S2140393E83846FDF72AF90D2F34D12046F1F724FF26
S2140393F878B1301D03F0C5F904462846F679FFF719
S2140394083AF831460246204603B0BDE8F040FFF777
S21403941868BCB01C03F0B5F94FF6F773984202D947
S2140394282846F0F797FD2046F1F760FFFFF751FA55
S214039438A04205D1002003B0BDE8F040FFF7A2BE66
S2140394486B46B068F16803C369462046F1F710FF18
S21403945803B0F0BD2A463946204603B0BDE8F040BF
S214039468FFF728BF14220021E4F7CABA2DE9F04F04
S21403947811F00F0704460E4615468FB05CD101203F
S214039488E1F710FE09A8FDF7D6F9092309A88DF810
S2140394982430FDF7D4F909A8E1F7D6FD01A909A8F0
S2140394A8FDF75EFB26F00F08A84404F1100904F143
S2140394B80F0A454511D1236901A93344236109A835
S2140394C8FDF733FB0020E1F7EDFDB6F1005F28BF9B
S2140394D8272738460FB0BDE8F08F05AA23469646D9
S2140394E89446186859680833ACE803004B45624647
S2140394F8F6D12B46224605F1100B53F8041B5B45A1
S21403950842F8041BF9D1714609A8FDF70EFB09A812
S214039518E1F79AFD224621460120E1F77FFD013D4A
S214039528631E13F8012F15F8011F534582EA01023B
S2140395381A70F6D15D46BCE70227CAE7F0B51746A8
S21403954885B005460C46102200216846E4F758FA0B
S214039558BFB3C4B30F2C04F00F0608D924F00F04C6
S2140395683A4621462846FFF781FF40BB2744324642
S21403957839466846E4F7D4FB80222F6906F11003C0
S21403958837446B44B7F5005F03F8102C2F61C6F118
S21403959810061AD3062E1FDDFB001A0E8DF80A20B6
S2140395A81A0C5BBA8DF80B20ADF80C306A461021FE
S2140395B82846FFF75BFF00202B69103B2B6105B09D
S2140395C8F0BD3E46D8E72646D6E7022E04DDFB0066
S2140395D85BBAADF80E30E9E76A4610212846FFF76E
S2140395E845FF2B691022A3F11004002168462C615D
S2140395F8E4F706FAB7F5005F4FEAC403CDD2E7E708
S21403960870B50E46054686B001A81446FFF72AFF2E
S2140396183246294601A8FFF791FF2246054601ABC5
S21403962805AE1C4603CCB44210605160234602F1D3
S2140396380802F6D1284606B070BDF1F7AFBE0A4653
S2140396480021F1F7ABBEF0B58BB00C4601A9F1F7D4
S214039658A5FE054680B325220021E01CE4F7D0F9D1
S2140396680123A3700E23BDF810702380FA0510D5C6
S21403967823464FF4877206AE23F8042B0DF1280C05
S214039688324603CA624518605960164603F1080352
S214039698F6D13B0605D5238843F080032380069B33
S2140396A8636001AB03CB039BC4F81D00C4F8211009
S2140396B8A361F3F757F8606128460BB0F0BD30B5E1
S2140396C805460C4687B001A8FDF7B5F8286869680B
S2140396D802AB03C39DF8113043F002028DF8112044
S2140396E874B12288510644BF43F006038DF811303F
S2140396F8530542BF9DF8113043F008038DF8113027
S21403970801A8FDF793F9B0FA80F0400907B030BD19
S2140397182DE9F3410F460546164602F09DFC4FF029
S2140397280008C41BE4B2294623463A463046CDF819
S214039738008003F023F90121284602F0A9FC88B12A
S2140397480121284602F0A4FC074602F085FC0546DC
S214039758C3B2424630193946CDF8008003F00EF9F5
S2140397682544ECB2204602B0BDE8F0812DE9F04F5F
S21403977885B00C46054691461F464FF0010ADDF8AC
S21403978838809DF83CB002F067FC22463B462946E3
S2140397980646CDF800A0484603F0F0F8514628469A
S2140397A802F076FC3C4418B35146284602F070FC97
S2140397B8F6B2B442814610DAE7B2F31BDBB2404690
S2140397C822462946CDF800A003935F4403F0D6F853
S2140397D8039BBF1B984407F0FF0B012300220E933D
S2140397E849465B46404605B0BDE8F04F03F0C6B8A9
S2140397F85B4622462946CDF838A0F3E72DE9F04123
S214039808002686B0074608460C4615469846CDE910
S214039818026604968DF8146002F01EFC411BCBB258
S2140398280D2B28BF0D232A462146009602A803F0CF
S214039838A5F8424602A93846F1F706FF0646294622
S21403984820469DF80820F7F7F3FB304606B0BDE838
S214039858F0812DE9F04F0E46CBB001210546174699
S2140398681C4602F015FC23463A462946814606A8B6
S214039878FFF7C4FF0DF1280A00EB070B52463146E3
S21403988828465FFA8BFBFFF743FFB34503D2002056
S2140398984BB0BDE8F08FABEB06085FFA88F808F123
S2140398A804039842F3DB331F18440423C4B201931A
S2140398B8A31BDBB20093524643460021CDF808A00B
S2140398C806A8E1F75FFB0028E1D1A4EB0B040AEB3B
S2140398D80803E4B2524628463146009301944346A9
S2140398E8FFF744FF39462846F7F78EFB394600F05C
S2140398F8F8022846F7F79CFB0121284602F0C8FB26
S214039908002818BF4D462846ADF8165002F0A4FBAB
S214039918011FC9B20DF1160000F04FFC0120B7E78E
S2140399282DE9D841064600F060FD411C044689B27D
S214039938304600F02DFD98B394B321463046F7F72A
S21403994863FB00F00C03042B074629D000F003083A
S214039958B8F1020F00D11BBB384600F0B0FD3B063A
S2140399680444A4B216D5611C304689B200F010FD33
S214039978B0B121463046F7F747FBB8F1010F014669
S21403998800F003030CD0032B0AD0384600F0A6FDDC
S21403999803199CB221463046BDE8D84100F0F8BC0E
S2140399A80020BDE8D881F8B5064600F0E0FC054679
S2140399B804463046FEF7FCFD43785B0718D5AC1C17
S2140399C8A4B22146304600F0E3FCB8B12946304637
S2140399D8F7F71AFB0746691C304689B2F7F714FBF4
S2140399E81FB1874201D8FF2808D104EB4704A4B265
S2140399F821463046BDE8F84000F0CABC0020F8BD52
S214039A0813B5044601A8F2F777F8BDF80430DA0769
S214039A1810D49B0707D410220021204602B0BDE8C5
S214039A281040E3F7EDBF224621461020FFF7E8FD76
S214039A380028F0D102B010BD024608B5F2F784F844
S214039A48510544BF0838C0B2130544BF0838C0B22E
S214039A5808BDF0B5D30705460C468BB04AD5008833
S214039A6800F0C3FC00230646029314B9CDE9034469
S214039A7803AC002208212046FEF7B9FEA8B12888C1
S214039A88FEF796FD023002F07CFE21460746ECF709
S214039A9851FC50B1002240231146384600F005FA1F
S214039AA840F6094528460BB0F0BD31462888F7F737
S214039AB8ABFA10F0030F0CBF01260026F1F7B2FC31
S214039AC846EA4000C0B200900021204602AB05AA31
S214039AD8F3F784FA0546F1F7A5FC0028E2D0002D33
S214039AE8E0D000212046009602AB05AAF3F776FAE3
S214039AF80546D7E740F60A45D4E700231A46F3F7A0
S214039B08D9B930B58BB005AD04462846FCF793FEA5
S214039B180223284601A98DF81430FDF721F82346B9
S214039B2801AA144603CCAC4218605960224603F1D6
S214039B380803F6D10BB030BD08B500230246194614
S214039B481846F3F7B7F9012008BD37B50446684643
S214039B58F3F728FA054648B1082221466846E4F78B
S214039B689BFAB0FA80F0400903B030BDFF22082103
S214039B782046FEF73CFE034628B106212846FFF793
S214039B88BCFF0120F0E722460146F3F793F9F8E70E
S214039B9807B56846F3F706FA10B16846FDF74FF9B6
S214039BA800F0010003B05DF804FB0120F3F7D0BE14
S214039BB8704730B50124054689B003A8FCF73BFE79
S214039BC801A88DF80C40E1F79DFA9DF806209DF84C
S214039BD80730AA4209D0AB4209D103A88DF80D4035
S214039BE8E1F732FA012009B030BD0024F5E700207A
S214039BF8F9E700221021FEF7FABD70477FB50D4638
S214039C0800F582300D22694600F58070D5F714FA00
S214039C186B462A4602AE1C4603CCB442106051601B
S214039C28234602F10802F6D12068106023791371DF
S214039C3800236B7304B070BDF0B585B06A4605465D
S214039C480B46164601F10807144618685968083380
S214039C5803C4BB422246F7D118680D2220601B793D
S214039C6805F582303146237100F58070D5F710FA72
S214039C7805B0F0BD38B504460D46E0F735FDA042FD
S214039C8805D920462946FFF7B9FF002038BD282006
S214039C98FCE730B5002485B08DF80040E0F724FDD6
S214039CA8E5B2A84204D8F5F76BF9002005B030BD35
S214039CB869462846FFF7C0FF0134EFE738B5044680
S214039CC8002002F04EFEFF2805460FD002F051FE94
S214039CD810F0010009D0284602F04BFE400840EA7F
S214039CE8C17080F0010000F0010038BD04F00100E7
S214039CF8FBE70146F8B506460020F5F77BF8FF288C
S214039D0801D00120F8BDE0F7DFFC00240546871CD8
S214039D18E0F7DEFCE3B2984201D80020F2E735F814
S214039D282430B34203D117F82430002BE9D1013489
S214039D38EEE738B50D460121044602F0A9F930B11D
S214039D480121204602F0A4F92880012038BD2046C8
S214039D582C8000F020FC0130C0B2F7E72DE9F0476D
S214039D6888B00746894610460DF10A011D469046F7
S214039D78FFF7DFFF4FF0000ABDF80A6004463046D7
S214039D88CDE905AACDF81BA002F066F9031BDBB2E2
S214039D980B2B28BF0B2322463146CDF800A005A877
S214039DA802F0ECFD48F21F039D4243D00BD885F41E
S214039DB80043012B15D923464246494628460097B1
S214039DC8FDF78AF833E048F23A039D42F3D1FEF7EB
S214039DD880FDB8422BD02246414605A8FDF7ADF8CC
S214039DE825E09DF8143013BBBDF81D40DDF81500BB
S214039DF8DDF8191003AB03C3204603A9E0F768FE92
S214039E080122204603A9FFF70AFAA74206460ED000
S214039E18012103A8F5F750FA48F201039D4206D13B
S214039E282EB9334632463946204600F058FC08B069
S214039E38BDE8F0879DF81450002DF8D12F469DF8FD
S214039E4815800234EAB24245F1D2D200D2B2224495
S214039E580823314692B2009703A8CDE9037702F0A8
S214039E688DFD03A800F074F802F07DFD00F05CF8A1
S214039E780135E7E710B50024418084800480C2805A
S214039E88038110BD13B5BDF81040CDE90034002397
S214039E98F5F7E0FC02B010BD13B5BDF8104001900D
S214039EA80094F5F7D7FC02B010BD07B5009301235D
S214039EB8FFF7F2FF03B05DF804FB0123F5F770BD67
S214039EC838B50546EFF702FE0446E0F719FCA40189
S214039ED844EA4020284038BD704770470020704742
S214039EE8FF207047002070477047002070474FF6E2
S214039EF8FF70704700207047704700207047704710
S214039F08002070477047002070470020704770474E
S214039F1870470020704770477047002070474FF619
S214039F28FF70704717207047704770477047704731
S214039F38704770470120704701207047002070471C
S214039F48002070477047704770474FF6FF7070479A
S214039F584FF6FF70704700207047002070470020B8
S214039F6870477047002070472DE9F04F002785B0EB
S214039F7881460C467E2039469846BDF83CB09DF887
S214039F8844A0BDF84C500192ADF80E7002F0BCF830
S214039F980646002800F0AA8002F042F839467E22D8
S214039FA8E3F72EFD304602F03BF80090304602F009
S214039FB837F8B9F1FF0F0CBF274644F003073B0AEF
S214039FC814F44062077043705FD14FF00808C31C4F
S214039FD8184642460199E3F765FD034604F44044F0
S214039FE8434484B1790606D419464FEA1B2201F87E
S214039FF802BB5A700B46B4F5004F56D0A4F5404240
S21403A00854425441E400224618460E99E3F74AFDA3
S21403A018009A03462044A0EB02085FFA88F89DB12D
S21403A0284FF47C521A53841C284601F0F9FF8346E2
S21403A038284602F011F8C5B22A4659462046E3F7E1
S21403A0486FFE60190235EDB2B9F1FF0F2FD05246F5
S21403A058109900F8019BE3F763FE08F101015AFA29
S21403A06881F129443046EBF745FC0C210022FF001A
S21403A07807F0800710463943FEF778FAADF80E0066
S21403A088E8B9002005B0BDE8F08FB2F5006F80F898
S21403A09803804FEA182880F8048000F1050314BFEC
S21403A0A84FF008084FF0020892E70224ABE708EBE4
S21403A0B80A0129443046EBF71DFC0821D6E730464B
S21403A0C801F0AEFF0446304601F0C6FF0123024600
S21403A0D821460DF10E00EBF777FC0028D1D10121BC
S21403A0E8BDF84820BDF80E0001F0E6FFBDF80E00E7
S21403A0F8C8E710B50C46098821B90846F6F750FB99
S21403A108208008B1012010BD0220FCE72DE9F047A6
S21403A11880460F460646002402F1FF39BC4202D2A7
S21403A12819F8015F25B9A6EB080080B2BDE8F087E9
S21403A1389A46A5F13102012A5AF8041B10D832466A
S21403A148322D02F8011B06D10134A4B2A74232D33A
S21403A1580912B21C7170013453461646A4B2DDE7E1
S21403A168342D0CD10334BC42DDDA0B0A317073701C
S21403A1780B0C090EB370321DF170A4B2EBE7A5F110
S21403A1883302062A0DD8303DADB22B19BB42CADAC4
S21403A1982A463046013CE3F785FC15FA84F472191F
S21403A1A8EBE7A5F14102062A01D8373DECE79D887F
S21403A1B803F1080AE9E71646B5E770B505460088C9
S21403A1C80C4601F049FFA04228880AD201F044FF52
S21403A1D80023221A19462846BDE8704092B2EBF7C8
S21403A1E8F3BB2146EBF786FB002070BD38B5054662
S21403A1F801F016FF0446284601F02EFF002201460A
S21403A2082046BDE83840FEF7EEB9F8B516460C46C4
S21403A2181D46BDF8187001F003FF0444304601F0EC
S21403A228FFFE3A4641192046BDE8F840E3F73ABC34
S21403A23870B50C46013189B20646F6F7E5FE2146A7
S21403A24805463046F6F7E0FE00EB052080B270BD03
S21403A2581FB50123ADF80C2000930A4602230146D6
S21403A26803A802F08BFB05B05DF804FB0FB437B503
S21403A278069D0021A8B201F047FF044601F0D0FE70
S21403A2882CB1002207AB0193D1B28D4205D82046E4
S21403A29803B0BDE8304004B0704753F8041B81543C
S21403A2A80132F1E773B504460D46402000211646F1
S21403A2B801F02AFFADF8060001F0B2FEBDF806303D
S21403A2C813B9002002B070BD402133462A46204405
S21403A2D8FFF71CFF211889B20DF10600FFF76DFF83
S21403A2E80028EED1BDF80600ECE70EB403B503AAC2
S21403A2F852F8041B0192FFF7D5FF02B05DF804EB92
S21403A30803B070472DE9F7430F46012181461646E9
S21403A31801F0BEFE054658B1FFF768FF308088B9DE
S21403A328284601F099FE68B1192003B0BDE8F0830A
S21403A338484601F091FEFF2FA0EB0704E4B214D0C1
S21403A34814B934800020F0E72A4621462846FEF74B
S21403A3584AF980460028E7D03B464A4629460094F1
S21403A368FFF753FFA6F80080ECE70120DDE708B502
S21403A378FEF71EF9437803F001001A074CBF1030A6
S21403A3880830DB0644BF0830C0B21030C0B208BD80
S21403A39810B50C4601F060FEA04234BF0020012031
S21403A3A810BD7FB514460091024641F2092141F6D5
S21403A3B809209DF820601D46002E18BF0146099BFC
S21403A3C80020F6F749FEADF80E0010B9002004B0D9
S21403A3D870BD01232A4621460DF10E00EBF7F4FA69
S21403A3E80028F3D1BDF80E00F1E738B50546FFF7A8
S21403A3F8BEFF0446284601F02FFE631C9BB2834229
S21403A4080FD82846FEF7D4F843785B0707D52146C6
S21403A4182846F6F7F9FD013004EB4004E4B220467B
S21403A42838BD0024FBE71FB5ADF80E0001F014FE97
S21403A4380446BDF80E00FFF7D8FF00F10E03DBB2A3
S21403A448BDF80E200146E01A80B200901046FFF7CA
S21403A458DCFEA4F10E0189B20DF10E00FFF7ADFE86
S21403A46804B010BD4278034612F0080006D0D2079F
S21403A47802D403F10800704703F10900704737B5A3
S21403A48805460C46FEF794F8437813F0100212D0EC
S21403A4989CB103F001021B074FF000032946009303
S21403A4A820464FF0080354BF1832203202F066FAEB
S21403A4B8012003B030BD1046FBE72046F9E700F05D
S21403A4C80303012B08D0C30606D400F00C000C289F
S21403A4D814BF08200920704702207047034611F06E
S21403A4E8030005D003F00303022B14BF0220032046
S21403A4F87047F8B50C46064601F0AEFD631C83426A
S21403A50802D900252846F8BD21463046F6F77CFDD5
S21403A5180746FFF7D4FF3B060546F3D50444304603
S21403A52801F09AFDA4B2631C9BB28342E9D8214684
S21403A5383046F6F769FD01463846FFF7CFFF28444D
S21403A548C5B2DFE770B506460D46FFF7D2FF0446E9
S21403A55810B90024204670BD29463046F6F754FD48
S21403A5688206F7D5304601F077FD2544ADB26B1C5D
S21403A5789BB28342EDD829463046F6F745FD00F0F0
S21403A5881803082B14BF05340634E4B2830644BF05
S21403A5980834E4B2DEE738B50546FFF726FF044677
S21403A5A808B9002038BD01462846FFF7CBFF002828
S21403A5B8F7D02044C0B2F5E72DE9F04387B0054647
S21403A5C80C46FDF7F5FF804602F0DBF807462846FB
S21403A5D8FFF70BFF064601462846FFF78AFF0022C9
S21403A5E8034600922946324602A802F0C7F99DF8A8
S21403A5F8086006F00C030C2B06F003090BD0B9F120
S21403A608010F59D0F10657D49DF809300DF10A0504
S21403A6180020637107E0FF230DF10900637102F060
S21403A628B0F80DF10B05208198F80130DA0704D548
S21403A63808F1020002F0A5F82081B9F1010F5FFACC
S21403A64889F83DD0F3063BD4284602F09AF8608092
S21403A658A81C02F096F8053515F8013C20802371EE
S21403A6682B78B006A37206F0400348BF43F02003D6
S21403A678390627D543F40073F80448BF43F48063C8
S21403A688390548BF43F400633206E38011D56A7878
S21403A69812F003020DD06FEA43436FEA5343A978D7
S21403A6A8B8F1020FE3800B4611D1EB7841EA032198
S21403A6B8218107B0BDE8F083FF230DF10905A7E75D
S21403A6C8FF23CCE77A0648BF43F48073D4E7012A0E
S21403A6D804BF0B029BB22381EBE7F7F76FB90BB105
S21403A6E8F7F7D8B90AB9F7F751BAFF21F7F77AB9DE
S21403A6F8431C08BF0020E4F759BA0000034B586808
S21403A708C0F30800003818BF0120704700ED00E0CA
S21403A718014B1868704700BF30650020084B1B6F55
S21403A72803F00703022B04D0032B05D0012B05D017
S21403A738FEE7044B18687047034BFBE7034870476C
S21403A748008000503065002038650020002D310158
S21403A75808B5FFF7E3FF054B1B6FC3F3033301335A
S21403A768B0FBF3F0024B186008BD00BF0080005032
S21403A7782C6500200048704700B4C404004870479E
S21403A788002D3101014B1868704700BF386500205B
S21403A798014B1868704700BF34650020B8B10368DA
S21403A7A813F4E07F03F03F00C3F382120AD0012AB2
S21403A7B80DD1084B41B103F58053012282401A603C
S21403A7C800207047044BF5E703F50053F5E70E2022
S21403A7D8704700BF688000506480005007B500F0DB
S21403A7E895FC6A4600F0F2FC18B14721034801F0CD
S21403A7F8EAFEDDE9000103B05DF804FBE1D20300DD
S21403A8080229F8B596BF104B00245C5C0128054660
S21403A8180E4608D0022809D008B944F002040B4BA8
S21403A8281F6837B9F8BD44F00804F8E744F0200475
S21403A838F5E77B681A68144203D0314628465B68F6
S21403A84898473F68EDE700BF066D0400143D0020F7
S21403A85838B5104D2B78ABB10F4C23781BB100F0ED
S21403A8684FFA00232370002001F0C0FE0B4C50B1B2
S21403A87800F098FA0023012120782B70FFF7C0FF19
S21403A8880123237038BD0122054B1A702278054B25
S21403A8981A70F7E70E5B00200C5B0020145B0020A1
S21403A8A80F5B0020105B00200E490B78FF2B01D1AD
S21403A8B898B170470BB990B97047002814BF0122A6
S21403A8C8FF2213440B7060B1074B1B78012B08D982
S21403A8D8064B1B782BB9FFF7BBBF1A46F1E70122D5
S21403A8E8EFE77047135B0020145B00200F5B002024
S21403A8F810B501F0D4FD064B04461B781BB1BDE822
S21403A908104001F0C7BDFFF7A3FF2046F7E700BFD7
S21403A9180B5B002002282DE9F04147D0294803782D
S21403A928FF2B41D1002941D11A461344DBB20370E9
S21403A93800293BD0244E3278012A37D9002B3ED043
S21403A94801F0ADFD214F04463B780BB3204D2B7821
S21403A9581BB901222A701F4A1370DFF87C8098F807
S21403A968003023B100F0CCF9002388F800302046E5
S21403A97801F090FD012001F039FE01F090FD2B78DF
S21403A98804461BB100F00EFA00232B7000233B701D
S21403A998204601F07FFD01243078A04206D02146E8
S21403A9A8FFF72EFF347001E013B931B9BDE8F08123
S21403A9B8002914BF0122FF22B7E70122B5E70224C4
S21403A9C8EAE700BF135B0020145B00200E5B002041
S21403A9D80B5B00200F5B00200C5B00202DE9FF4774
S21403A9E8EFF3108572B6AFF3008001F0D4FE0028AB
S21403A9F800F0A4806B4E6C4F337823B10020FFF72A
S21403AA0853FF00233370387878B903A900F04EFB58
S21403AA18044650B9654B039A1B689A4200F296801F
S21403AA280120FFF741FF012333703B78002B40F0EA
S21403AA38AB805F4B1B78002B00F0A3804FF0020817
S21403AA485C4CDFF890912078DFF88CA140450AD05B
S21403AA58002389F800309AF8003013B94146FFF707
S21403AA68CFFE84F8008099F800303BB12378022B98
S21403AA7804D1002389F8003001F0D7FEB8F1020F9D
S21403AA880FD1DFF82C8198F8003053B94A4B1B785E
S21403AA9823B900F02FF90122484B1A70012388F8CE
S21403AAA80030207800F0FEF89AF8003013B1444BD3
S21403AAB81B782370AFF30080284601F092FDEFF36E
S21403AAC8108572B63F4B1A7852B100221A703C4B67
S21403AAD820781B78984203D101212170FFF790FE56
S21403AAE8394800F0A3FA01F06AFE8046002883D1AD
S21403AAF82F4F89F800003B789BB1DFF8C0908AF89F
S21403AB08000099F800301BB100F0FAF889F80080C5
S21403AB18002001F06BFD002839D000F043F900232C
S21403AB283B70337823B10020FFF7BEFE0023337053
S21403AB3800212078FFF764FE00232370AFF300801C
S21403AB48284604B0BDE8F04701F04BBD1F4BD3F8C9
S21403AB58008000F061F9039B80449845BFF460AF1A
S21403AB6800F054F98200039942F0020292B2CDE94A
S21403AB7800422346164AA1EB0801134801F038FDA4
S21403AB8853E700F0A1F859E74FF0010858E701200A
S21403AB9800F088F8284601F024FDEFF3108572B616
S21403ABA8B6E700BF0D5B0020135B00201C3D0020AA
S21403ABB80E5B0020145B0020125B00200C5B002059
S21403ABC8105B0020095B0020203D0020183D002074
S21403ABD8F9A80300115B00200F5B002010B501F0F5
S21403ABE85EFC0022054B1C781A7001F053FC00F03B
S21403ABF821FBE4B22043C0B210BD00BF0A5B0020AD
S21403AC0838B501F04CFC094B05461B78012B04D8D4
S21403AC1801F040FC0024204638BD054B1C6800F0B4
S21403AC28FBF80444284601F035FCF4E7145B0020DF
S21403AC38183D00201649174A0B6F10B503F0070393
S21403AC481360154A154C9269032B02F00200C2F3EF
S21403AC58400222701AD0D1F8203103F00303022BE6
S21403AC6814D0D1F8243103F007039C1E63426341D2
S21403AC780B4A137048B143B9054BD3F8003103F0B8
S21403AC880303591E4B424B41137010BD0123EFE7D4
S21403AC98008000507C3D002000C00150195B002056
S21403ACA81A5B0020012805D00238012808D800209E
S21403ACB8D1F764BD034A136923F00403136130BF55
S21403ACC8704700BF00ED00E0074A0849D2F8203174
S21403ACD803F003030B60D2F82431054A03F0070395
S21403ACE81360F8F79EBA00BF00800050883D002026
S21403ACF8843D00200122014B1A707047185B002020
S21403AD08F8B51F4B1B78002B39D01E4C2378B3B9E4
S21403AD181D4B9A6DD10302D5DA6D92072FD49B6D1E
S21403AD28DB072CD401F0A7FC184B194A1860136FDD
S21403AD3823F0070343F003031367FFF709FD01F046
S21403AD489AFC124B134D1B68134EC01A2B78134FDD
S21403AD5856F8232046F82300111A3A681048521A60
S21403AD680A213A600932B2FBF1F20133DBB2026020
S21403AD78B3FBF1F201FB12332B7000232370F8BDEB
S21403AD881A5B0020175B002000C00050743D0020AB
S21403AD9800800050165B00204C3D0020483D0020F4
S21403ADA8443D002008B5F8F73FFA124B12491A6FCC
S21403ADB8096822F007020A431A671049D3F82021C4
S21403ADC8096822F003020A43C3F820210C49D3F882
S21403ADD82421096822F007020A43C3F82421094BF1
S21403ADE81B7813B10122084B9A62BDE80840FFF7A7
S21403ADF8AFBC00BF008000507C3D0020883D00208B
S21403AE08843D00201A5B002000E00050014B1878B0
S21403AE18704700BF1A5B0020054B187818B1054B1E
S21403AE28186800EBD000044B1B681844704700BF33
S21403AE381A5B0020443D0020783D002008B5104BDF
S21403AE481A78C2B100221A700E4B1A6F22F0070244
S21403AE5842F001021A67D3F8202142F00302C3F82E
S21403AE682021D3F8242122F0070242F00302C3F874
S21403AE782421FFF76DFC0122034B5A6708BD00BF68
S21403AE88185B00200080005000E000500D490B6856
S21403AE98A0B10022A3B1834203D1836822B90B6011
S21403AEA803E01A469B68F5E7936083680BB90020AE
S21403AEB870475A6941690A445A61F8E7222070477D
S21403AEC802207047943D002010B501F0F0FB0A4CB1
S21403AED80A4B19682368C31A09B9206010BD002BEA
S21403AEE8FBD04A699A423ABF9B1A0022D21A4A6191
S21403AEF828BF00238968EFE7903D0020943D002093
S21403AF0838B5154D2B682BB35B69B3B1134A0220CA
S21403AF1814681C4400F088FA204600F047FA00221A
S21403AF280F492B680A70012A05D823B1D8888007E9
S21403AF380AD501230B70002038BD022000F074FAEE
S21403AF48022000F093FAEAE79B68002BF3D05869CF
S21403AF580244E8E72220EFE7943D0020903D0020D6
S21403AF681C5B0020C38870B504460D463BB9FFF743
S21403AF7847FE8542064602D2F9F70BF935460E4ACE
S21403AF88656113689BB91460A3600FE02D1A98686F
S21403AF9819466561034618B15869A842F6D941B1FE
S21403AFA88C60A36013B15A69521B5A6170BD0021A5
S21403AFB8F2E71460F5E700BF943D002070B5164627
S21403AFC89DF81420C0E903360271049ABDF81830B8
S21403AFD80260002204460D468260C38006BB01F069
S21403AFE866FB2844A0613DB9E368656113B1204652
S21403AFF82168984796B1354601F051FA0646FFF799
S21403B00863FF29462046FFF7ADFF074B1B68A3429D
S21403B01801D1FFF775FF304601F03CFA002070BDFA
S21403B02801F045FB3044DDE7943D0020F8B50546BE
S21403B038D0B101F034FA0646FFF746FF0B4B284615
S21403B0481F68FFF723FF044620B1304601F022FAB3
S21403B0582046F8BDAF42F8D1FFF752FF2228F4D1B5
S21403B068022000F0EDF9F0E72224F1E7943D0020F2
S21403B07838B50C460546A8B1A1B100230B7001F0FC
S21403B0881BFA0121084B1B6833B901F010FA00209C
S21403B09838BD9D4204D121702278002AF9D0F4E7FE
S21403B0A89B68F1E72220F3E7943D0020F8B50646AF
S21403B0B80F4601F001FA00250446124B1B6823B914
S21403B0C8204601F0F4F91B2011E05A691544DA8882
S21403B0D8B2420DD101F0EBFA0B4E3368C01AA84200
S21403B0E80AD3002320463B6001F0E1F90020F8BDAF
S21403B0F8FF2EEFD09B68E2E701F0D9FA33682B44BA
S21403B1081B1AEFE7943D0020903D002070B501F030
S21403B118D3F9064601F0CBFA084B044601201D680E
S21403B12801F0B5FA18B101F0C2FA04460135304603
S21403B13801F0BDF92046294670BD00BF9C3D00209E
S21403B148014B1868704700BF983D0020F8B50C4BB4
S21403B15805461B680E4683420FD3002440F2E730A9
S21403B1682146084B4FF47A721F680023E5FB070154
S21403B178E2F7DAF830602046F8BD2120FCE700BF86
S21403B1888C3D0020983D00200F4B10B51A689AB1E5
S21403B1984FF47A71531E1342A0FB01010ED1B2FA83
S21403B1A882F2C2F11F04531CD243E04001FA03F3B0
S21403B1B8184321FA02F20243104610BD0023E2F7B1
S21403B1C8B3F80246F8E700BF983D002038B5164B9B
S21403B1D814468342154B8B4123D3154B1A6802B387
S21403B1E84FF47A75A0FB050305FB0131531E134282
S21403B1F811D1B2FA82F3C3F11F055A1CDB4301FAD5
S21403B20802F2E84021FA03F310431843E940C4E97D
S21403B2180001002038BD0023E2F786F8C4E90001E0
S21403B228F7E72120F6E700BFEFA7C64B37894100AB
S21403B238983D002010B501F03FF9034B1C7801F048
S21403B24836F9E4B2204610BD1B5B002008B5084B50
S21403B2581B7803F0FF004BB101F00DFA054B1B6892
S21403B2689B69C01A02288CBF0020012008BD00BFB6
S21403B2781C5B0020943D0020C2072DE9F8430446D2
S21403B28807D5474A136801331360FFF71DFEFFF718
S21403B29837FEA30740F1818001F00EF94FF000084E
S21403B2A805464646FFF710FE3E4F3C680CB16369F9
S21403B2B8A3B100223C4B012E1A7003D118F0020FDB
S21403B2C818BF1E70FFF71CFE222802D1022000F0CA
S21403B2D8B7F82846BDE8F84301F0E9B823465A69A3
S21403B2E83AB91A792179914288BF1C469B68002B84
S21403B2F8F5D1284601F0DBF8D4F81080B8F1000F32
S21403B3083FD001F0D4F9A269851AEB17454573F1C6
S21403B318000337DB23691344A36101232269CAB1F7
S21403B328C3B9A38BB8EB050833B1E28B13449BB2BE
S21403B338B3F57A7F1CD2E38301F0BEF8054641468F
S21403B3482046FFF70FFEA369226928461344A36124
S21403B35801F0ADF8E36813B1204621689847B4F8BE
S21403B368068001F0A9F801360546FFF7ADFD9CE710
S21403B378A3F57A73E383A36918F1FF38013BA36146
S21403B388DAE7454601F098F881462046FFF77EFD42
S21403B398484601F08CF80023C0E7BDE8F88300BFF1
S21403B3A89C3D0020943D00201B5B002010B50446FE
S21403B3B801F075F84FF0B042936A1907FCD4136A84
S21403B3C8116C5269520604D4CA1A032A01D8994240
S21403B3D80ED1E21A022A98BFDC1CB4F1FF3F38BF2D
S21403B3E8013C4FF0B04340221C6403F580539A6136
S21403B3F801F050F8054A13783BB14FF0B041CB6BD8
S21403B40843F00203CB630023137010BDA46A002025
S21403B41807B5044B01A9187901F06AF8019803B037
S21403B4285DF804FB506B040000F001038207034A2F
S21403B43848BF43F040039361704700BF00100058AD
S21403B448820700F001030AD50121064A43F04003A8
S21403B45811704FF0B041CA6B22F00302CA63024A66
S21403B46893617047A46A002000200058830742BFF0
S21403B4784022014B5A6170470010005873B502AB5F
S21403B488164603E90600044600F052FF0546204622
S21403B49800F05EFF9DF800208DB1202C33780ED87F
S21403B4A8012B2ED84FF6FF752D4803EB4313234481
S21403B4B830F81310A94202D0013120F81310294B93
S21403B4C8294E33F8141036F81400814232D34FF657
S21403B4D8FF75A9424FF0010502D0013123F8141075
S21403B4E804F0FD01092927D1998AB68A0A44B2428B
S21403B4F8B4BF9A829E8233F81430834227D202B0AE
S21403B50870BD022BDBD14FF6FF704FF6FF75144B59
S21403B51833F81410814218BF013104F1210018BF13
S21403B52823F8141033F81010A9421CBF013123F86E
S21403B5381010C4E70025D0E71D2CDCD1598F8E18D0
S21403B548864203DA01390A445A87D4E75887002D16
S21403B558D5D1204602B0BDE8704001F0C3B800BF9D
S21403B56820570020F8570020A457002038B50D466A
S21403B578044600F0A1FF064A13889BB22DB1234365
S21403B5881380BDE8384000F092BF23EA0403F7E7C8
S21403B598FE5900200022034B01214FF480701A70D5
S21403B5A8FFF7E4BF3061002008B5054B1868FCF7C1
S21403B5B849FD00F00300C31E5842584108BD00BFAA
S21403B5C82454002038B5044601F02AF90C4B0546E6
S21403B5D81978187981420FD0631E082B0CD8DFE838
S21403B5E803F0050D0B0D0B0D0D0D0D000022014686
S21403B5F8044B1868FCF724FD284638BD0022F7E7F5
S21403B608D26A00202454002038B54FF0FF300C4689
S21403B618FFF76EF80A4B05461868FFF769F8641BC8
S21403B628241A20B210F1630F06DB10F1240F05DA93
S21403B63864308000C0B238BD0020FCE7FF20FAE77C
S21403B6482454002008B5134B1B78062B04D040F669
S21403B6582101114800F0B7FF104B1B881B0704D4C1
S21403B66840F622010C4800F0AEFF0D4B2A2019784D
S21403B678FFF7A8FF00210820FFF778FF0222094BEF
S21403B6881A70094B1868E8F7D3FABDE8084001F0C2
S21403B69816B800BF3061002004680400FE59002075
S21403B6A82D610020FE6A00202454002010B50E4C9D
S21403B6B8236823B940F6A3410C4800F084FF2068AA
S21403B6C8013001F05EF800F0070003280AD1246869
S21403B6D809220121204600F0E3FB205C031F5842A1
S21403B6E8584110BD0020FCE71454002004680400E9
S21403B6F838B50C4640B100210420FFF737FF00F0A9
S21403B708DEFF012C1DD038BD244B1B889B07F6D5BE
S21403B7180129234A2FD1117869B30139C9B21170A7
S21403B72811B92020FFF722FF00210220FFF71EFF92
S21403B73804221C4B00211C481A7000F05DFD00F023
S21403B748BEFF1A4C2068013001F01BF800F4406075
S21403B758B0F5006F1FD1246801210422204600F0AB
S21403B7689FFB204401F00DF80146BDE8384000224F
S21403B778202000F0CFBF00210D4D02201170FFF7E7
S21403B788F5FE2B78FF2B04D040F29961094800F0A8
S21403B7981AFF2C70B3E74FF6FF71E6E7FE59002051
S21403B7A82F610020306100204868002014540020D0
S21403B7B8FF6A00200468040038B5134C054623883E
S21403B7C8580709D5FFF7F0FE01460720FFF7FAFEEC
S21403B7D8FF210120FFF78CFF238899070BD50B4B16
S21403B7E8284619788A1F51425141FFF7EBFE01217B
S21403B7F80020FFF77DFF23881B0703D5BDE83840E5
S21403B808FFF720BF38BD00BFFE5900203061002077
S21403B818F7B5124CD4E9006586EA020C85EA0307F5
S21403B8280CEA000C0F405CEA070E15D086EA0C06F5
S21403B8387D40C4E90065CDE900230B460849024666
S21403B8480868FCF706FD38B14FF4FD71054803B0E8
S21403B858BDE8F04000F0B7BE03B0F0BDB015002059
S21403B868245400200468040008B50A4B1B88DB062A
S21403B87804D440F64701084800F0A5FE002110202E
S21403B888FFF774FE002000F06BFBBDE8084000F0ED
S21403B89816BF00BFFE590020046804002DE9F04FC8
S21403B8A85706804614461D4691B005D5FFF77CFE1D
S21403B8B801460120FFF786FEEE0403D500212D205E
S21403B8C8FFF780FEA00224D54046FCF73FFD01465D
S21403B8D8F8B94020FFF74AFE40460AA9FCF737F8AE
S21403B8E8B8B99DF83030022B40F0D980BDF828004F
S21403B8F801F039F8FF2808D14046FCF726F840B986
S21403B90801214020FFF732FE03E001F030F800285B
S21403B918F2D1A10305D5FFF747FE01460320FFF73B
S21403B92851FEE20104F0807640F1C080854B1B8807
S21403B9389B072DD5844E3068FBF79EFF40BB834B91
S21403B948834F18703B78FF2B04D040F25761814829
S21403B95800F039FE4FF0000900210220FFF706FE2B
S21403B96887F800907C4F3B78062B07D101210820E7
S21403B978FFF7FCFD49462820FFF724FE3B78052BF6
S21403B98806D100212B20FFF71DFE3068E8F750F993
S21403B99800F095FE220717D56B4F0321386805AAD2
S21403B9A8FBF784FF064620B940F2C961694800F0F0
S21403B9B80AFE9DF81430072B00F0D080FFF7F4FD3D
S21403B9C801460420FFF7FEFDE10505D5FFF7ECFD6C
S21403B9D801460420FFF7F6FD14F4863F05D0FFF76B
S21403B9E8E3FD01460220FFF7EDFDA20113D5FFF79D
S21403B9F8DBFD01460820FFF7E5FD00210420FFF7DD
S21403BA08B5FD554B1B78012B03D14F4B1868E8F748
S21403BA180FF900F054FE14F0084F09D0FFF7C4FDE1
S21403BA2801460720FFF7CEFDFF210120FFF760FE42
S21403BA38A30009D5FFF7B8FD01460620FFF7C2FDA8
S21403BA48FF210120FFF754FEA70705D53D4B1B88AA
S21403BA581E0701D5FFF7F6FD6C0603D500210A205D
S21403BA68FFF7B0FD280602D50120FCF781FCE9059F
S21403BA7840F1858140460AAA05A9FCF7DFFA9DF836
S21403BA881430222B00F06D8100F28281152B40F2D0
S21403BA986A8140F60A112F4800F095FD6FE1032BE3
S21403BAA87FF437AF0AA800F05AFF30E705F002071D
S21403BAB856EA07030DD0284B26201978A1F1060E5F
S21403BAC8DEF1000141EB0E01FFF77CFD0121304654
S21403BAD811E004F0805656EA07030FD01E4B2620C3
S21403BAE81978A1F1060CDCF1000141EB0C01FFF714
S21403BAF869FD02213846FFF7FBFD4BE704F0884152
S21403BB0851EA060309D0144B272019788F1F794268
S21403BB187941FFF757FD0221D9E705F008030B43E0
S21403BB2802D02320FFF74EFD680703D50021242003
S21403BB38FFF748FDE9077FF52DAF00212520FFF71E
S21403BB4841FD27E7FE590020245400202F610020DA
S21403BB58FF6A002004680400306100203146386814
S21403BB680AAAFBF7A9FE20B14FF4DA619E4800F053
S21403BB782AFDBDF81630386802330AA9ADF82C300A
S21403BB88FBF79CFE20B140F2DF61974800F01BFDEF
S21403BB980023009331460423386804AAFBF790FE73
S21403BBA8042804D040F2E4618F4800F00CFDDFF867
S21403BBB8589299F80030C3BB0DF1110000F0E1FD6F
S21403BBC800F00700022830D1FFF7EEFC01460920F3
S21403BBD8FFF7F8FC854B1B78062B23D1844B9DF87F
S21403BBE813201B789A421DD19DF8353023B940F2AD
S21403BBF8FA617D4800F0E7FC0DF1110000F0C1FD85
S21403BC08C0F3001631462920FFF7DCFC0021082084
S21403BC18FFF7ACFC774B1E70FFF748FD10B9386882
S21403BC28E8F706F800F04BFDCEE6BDF8160001214E
S21403BC38083080B200F068FA039030B9FFF7B4FC16
S21403BC4801460420FFF7BEFCECE700F0E9F905AA75
S21403BC58014606463868FBF73BFE99F800A0BAF19A
S21403BC68000F22D106F1010B584600F08AFD830621
S21403BC785AD53868FCF76AFB0746FFF795FC05377D
S21403BC880146F8B2FFF79EFC584600F07AFD00F02E
S21403BC9807000328584F2DD001210420FFF766FC20
S21403BCA84FF0FF30FBF733FE386000225349BDF8E8
S21403BCB816300978F718F1549DF83630BB709DF89E
S21403BCC83730FB700A9B190E3971190C7971FB71A1
S21403BCD8190A99F80030B97123B9737892B343F007
S21403BCE820037370002000F069F97870039800F059
S21403BCF871FA97E701210922304600F0D1F8305C43
S21403BD0801210428C9D1FFF731FC4FF0FF30FBF7B8
S21403BD18FEFD3B4B38601B885806C6D55146402067
S21403BD28FFF724FC0122C1E7FFF73EFC0146092082
S21403BD38FFF748FC2D4B1B78012BB6D13868E7F77D
S21403BD4877FFB2E723F02003CBE701227E33DBB28B
S21403BD5802FA03F313F00A1F31D113F0011F3FF45D
S21403BD6898AE27202CE0012202FA03F3254A1A404C
S21403BD782ABB13F0041FF4D1DA077FF58AAEAB05A6
S21403BD882FD50121802011B0BDE8F04FFFF7EEBB99
S21403BD98652B1AD8622B12D8452B0CD8422B0ED8F3
S21403BDA8352B06D8322B0AD8252B08D9322BD8D0D0
S21403BDB86FE6422BFBE7552B05D8522BF7D92620DF
S21403BDC8FFF7FAFCDBE7622BF1E7952B3FF661AE4C
S21403BDD8812BBAD8722BC4D0733B022B3FF659AECD
S21403BDE8EDE711B0BDE8F08F046804003061002069
S21403BDF82C610020FE6A002010540020006B0020EF
S21403BE08FE5900203A00380033610020024B1878A8
S21403BE18B0FA80F0400970473061002008B5064B39
S21403BE284FF0FF311868FCF72FF90028B8BF033026
S21403BE3840F3870008BD00BF2454002008B5074B0D
S21403BE481868FCF79BF930B1054BB3FBF0F083B2E7
S21403BE580BB1184608BD0120FCE700BF2454002098
S21403BE6840420F0038B510200C460121FFF77EFB31
S21403BE78064B1D68FFF7E2FF012200FB04F1044BA3
S21403BE882846FCF7E6F8002038BD00BF24540020F7
S21403BE9871B80300014800F096BB00BF1E68040093
S21403BEA8032A70B5144602D82C4B985C70BD81F0F3
S21403BEB8010519B90D2A07D1FF20F7E70D2A03D183
S21403BEC800780538C0B2F1E7084400F05AFCC5F11B
S21403BED8040110F440660246C9B209D1042C084688
S21403BEE8E4D0052C16D112F0400F18BF0846DDE73C
S21403BEF8C5F10603042CD8B2D8D0B6F5006F03D123
S21403BF08C5F10805E8B2ECE7B6F5406FE9D1C5F127
S21403BF180E05F7E712F4404107D1062CC6D0072CC6
S21403BF28C4D0082C13D10130CCE755065CBF831C5C
S21403BF38D8B2062CBAD0B1F5004F02D1831CD8B2BA
S21403BF48EDE7B1F5404FEAD100F10803F7E7130729
S21403BF5844BF0530C0B20C2CA8D9ADE744CB0400C7
S21403BF68AC2370B5094C054603FB00435E6D26B942
S21403BF7840F2FD31064800F026FBAC2303FB0544DC
S21403BF88002363653346BDE87040184728540020ED
S21403BF985B68040010B40C461146AC22064B02FB41
S21403BFA80033586D20B95C655DF8044BFFF75ABF3C
S21403BFB802205DF8044B704728540020AC22034B3C
S21403BFC802FB003393F8A800704700BF28540020EC
S21403BFD828B1034B1B68C01A4010013080B2704763
S21403BFE8E854002030B1044B00F100401B680138C8
S21403BFF803EB4000704700BFE8540020064B1B685D
S21403C008834206D8054B1B68834294BF0020012051
S21403C01870470020704700BFE8540020E45400200F
S21403C02810B5044608B9002010BD00F00BFC20B973
S21403C03840F2CD41074800F0C6FA2046FFF7D2FF84
S21403C0480028F0D00388DB0B14BFD0F80A000830AA
S21403C058EAE700BF3268040010B508B9002010BD2F
S21403C068FFF7C0FF044600F0E4FB20B94FF49D61D8
S21403C078064800F0A8FA002CF0D02388DB0B0ABF8A
S21403C08860882089C0F30C00E9E700BF3268040023
S21403C09838B5FFF7A7FF0D46044650B100F0C9FBB5
S21403C0A820B940F24151034800F08DFA023534F8BE
S21403C0B8150038BD3268040070B5FFF793FF0C46C9
S21403C0C816460546B0B100F0B4FB20B940F24D5110
S21403C0D80C4800F078FA3046FFF784FF00F0A9FB17
S21403C0E820B940F24E51074800F06DFA023425F89D
S21403C0F8146070BD40F25251BDE87040014800F02C
S21403C10862BA00BF326804002DE9F843074688463A
S21403C11800F0FBFA20B940F28E512A4800F053FA91
S21403C128FC1CA408284B64000434B7F5005F1E689B
S21403C138A4B204D340F29551224800F044FA00F022
S21403C148BBF9224981460B687BB9214B1D68761BD0
S21403C158C6F34F06B44227D90025484600F0A7F988
S21403C1682846BDE8F843FFF733BFB8F1000F11D0F0
S21403C178174A15685A1BC2F34F029442ECD8144860
S21403C188620005EB44040460B8F1000F0FD11344B2
S21403C1980B600CE0F61AC6F34F0676B940F2A651C2
S21403C1A8084800F010FAD7E705EB44041C600023A0
S21403C1B86F80AB80EB802B80CFE7B442CCD8044AA1
S21403C1C81568DCE732680400EC540020D4540020D9
S21403C1D8E454002038B5054600F06EF904462946AF
S21403C1E80448002200F03BFB2046BDE8384000F038
S21403C1F85EB900BF045A002082684B4B2DE9F04114
S21403C2089A4204460E46056815D121B140F2131129
S21403C218464800F0D8F900F04FF923691BB92B6894
S21403C2282BB924612C60BDE8F04100F040B91A69C7
S21403C23822611C61F6E700F0BFF98046FEF75EFA56
S21403C24820B14FF49571394800F0BDF96FF00043FB
S21403C2589E4221694BD22B7B08EB0602002B4DD05E
S21403C268AB6893424AD1531C002949D06169994265
S21403C27842D01EB9521AB2F1004F3DD96361236901
S21403C2886E689C4203D19D21284800F09CF92F46EE
S21403C2980023B4420BD0002B41D172696169891A15
S21403C2A8B1F1004F32D83269374694422CD122690D
S21403C2B8BD420CBF6A603A617BB92669B44203D1B2
S21403C2C8B8211A4800F07FF93B46012E05D062696B
S21403C2D87169521AB2F1004F23D99D420BBF6B689E
S21403C2E81A69236122610CBF6C601C6104E0434435
S21403C2F831B162699342C1D1BDE8F0811346B3E711
S21403C3086A6822616C60B9E71646C6E7A8EB0202BC
S21403C318B2F1004FC7D93B4637463669B9E71F46D9
S21403C328F9E733463669D0E7F55A0200466804004B
S21403C3380823064A12F8011B814205D0013B13F075
S21403C348FF03F7D11846704701207047F5CB040062
S21403C3580823064A12F8011B814205D0013B13F055
S21403C368FF03F7D11846704701207047EDCB04004A
S21403C37810B5082207490446E1F78EFEB0FA80F0A6
S21403C3884FF6FF732289400940009A4208BF40F0DF
S21403C398010010BD06CC040030B504460D4685B032
S21403C3A802B9084A1068516801AB03C301AB03CB53
S21403C3B820602046ADF80C501B886160238105B0C9
S21403C3C830BD00BF06F10300002270B50A4B1C7887
S21403C3D80A4BD5B2AC4202D800200C7008E01E887F
S21403C3E80132864205D30D701B881B1A58425841E2
S21403C3F870BD1233EDE700BFAA600020A4590020E1
S21403C40810B5164B187860B1154C2368CBB14FF4AA
S21403C418707200201349FFF7BDFD2368013B2360B4
S21403C42810BDFFF7FBFC1049104A91F9004013684A
S21403C43884420B4C03F1010313602368B8BF0870EA
S21403C44853B90B4800F033FA0028E9D1BDE8104089
S21403C45801460748FFF7D0BE0822DAE780610020C6
S21403C4686055002009C403007B610020585500204E
S21403C478146A0020054B1B682BB9054B186800384F
S21403C48818BF012070470120704700BF5055002091
S21403C4984C55002010B962B6BFF36F8F7047EFF3A1
S21403C4A8108072B67047302383F31188704780F381
S21403C4B81188BFF36F8F7047EFF31180302383F330
S21403C4C811887047002070474FF4004070474FF4B8
S21403C4D87A7070470122417803788A4030214B43AB
S21403C4E841F2100103F1A04303F570335A50704725
S21403C4F809B100F008B8222070470121FEF74EB9AB
S21403C5080021FEF74BB970B506460D46FFF7D4FF74
S21403C51804461D2E48D8DFE806F00F18471D2023CB
S21403C5284726292C47472F32473538473B473E4748
S21403C5384744474747474741FEF7F0F80026286031
S21403C5482046FFF7B4FF304670BD4FF4C070CFF7F0
S21403C55881FDF3E74FF42070F9E74FF44070F6E7F0
S21403C5684FF46070F3E74FF40070F0E74FF4806021
S21403C578EDE74FF49060EAE74FF4C060E7E74FF45F
S21403C588F060E4E74FF4B060E1E74FF4D060DEE72D
S21403C5984FF4E060DBE74FF4A060D8E74FF4807011
S21403C5A8D5E74FF40860D2E700202126C7E708B589
S21403C5B8FEF714F980B208BD08B5FEF70FF908BDF3
S21403C5C8704742DE704738B504460D4600F008F853
S21403C5D8FFF769FF29462046BDE83840FFF7F1BF55
S21403C5E8704710B962B6BFF36F8F70470120704764
S21403C5F82DE9FF410D4616461F460446A8B14FF0DF
S21403C6080008C0F81C80FEF711FDBDF82C30424622
S21403C61802939DF828302946CDE900732046334611
S21403C628FEF7CCFC04B0BDE8F0812220FAE7F0B5AB
S21403C6381F46002387B00D46164604468DF8173066
S21403C648A8B1C3610DF11701FEF712FD9DF8172077
S21403C6587AB9BDF83430294602939DF8303020461F
S21403C668CDE900733346FEF7A9FC07B0F0BD2220D8
S21403C678FBE70320F9E738B5FFF71EFF054600F08A
S21403C68816F804462846FFF712FF204638BD4FF033
S21403C698B04301285B6904D0022805D1C3F3801090
S21403C6A8704703F0010070470020704770474FF04B
S21403C6B8B0439A6A1207FCD4186A7047704708B5DD
S21403C6C8FFF7FCFF00F01DF808BD10B5FFF7E7FEFF
S21403C6D8012104460846FEF71DF92046BDE810402A
S21403C6E8FFF7D8BE10B5044600F012F82046FBF74D
S21403C6F84EF82046F8F771F8BDE81040F9F734BC51
S21403C708704708B5FFF7FCFF08BD01207047704760
S21403C7180020704730B589B00446ADF806108DF88A
S21403C7281020FFF705FE05462046FFF711FE0346D1
S21403C7389DB1BDF80600ABB900F0BEF8FF2808BFE8
S21403C74800200DF10F038DF80F001A4620460499B2
S21403C7580593FEF793FE09B030BD0028F5D00DF11A
S21403C7680603F2E700F0A8F8FF2808BF0020BDF884
S21403C77806308DF80F00ADF81A308DF8180006ABA2
S21403C788E3E7008870470170090A41707047012083
S21403C79870470120704738B5E0F766F80446D4F7C3
S21403C7A875FF051E18BF2546D5F742F8041E18BFA1
S21403C7B82C46FFF7ECFF002818BF204638BD38B5CF
S21403C7C8FEF70CFA0446F7F708FA04281ED00228E0
S21403C7D84FF0000508BF0124F8F7A7F8042817D078
S21403C7E8022808BF0124F7F737FE042812D00228C8
S21403C7F808BF0124FFF7CDFF04280DD0022808BF81
S21403C8080124002D18BF0024204638BD0125E3E780
S21403C8180125E8E70125EDE70024F5E7FF20704743
S21403C82808B5FFF7FBFF002008BD02210120E1F74A
S21403C8385DBE08B520B1FFF7E1FB00F0010008BDB7
S21403C8480120FAE708B5FFF7CDFBBDE80840FFF778
S21403C858F0BF008810B1C9B2FFF71ABC70472DE9BC
S21403C868F041B0F8008006460C46D5B2B8F1000F82
S21403C87811D029464046FFF70BFC224607462946B1
S21403C8884046FFF719FC3A4629462046FFF714FCAC
S21403C8983480BDE8F0810F46F5E703461B88084653
S21403C8A88B4202D00021FFF7F3BB002070470069D4
S21403C8B8003818BF0120704700207047F8B50646B1
S21403C8C80D46FFF755FD0328044621D02846FFF7F3
S21403C8D84FFD032807461BD010F0020318D1A00704
S21403C8E80DD5F90716D401233C43E20704D431894E
S21403C8F82A89914218BF002303F00100F8BD0822D5
S21403C90829463046E1F7C8FBB0FA80F35B09EBE744
S21403C9180020F3E71846F1E770B50D4600210646F2
S21403C928FFF797FF044630B1FFF77AFB0146284620
S21403C938FFF7C4FF08B1204670BD21463046FFF70F
S21403C948ACFFEFE707B50DF10701FFF73DFD20B193
S21403C9589DF8070003B05DF804FBFF20FAE7002004
S21403C9687047FF207047FF207047FF20704700205E
S21403C9787047002000217047002070472DE9F843D0
S21403C98807460846154688461C469DF82090FFF736
S21403C99847FB4619A4B19EB14046FFF75DFB254405
S21403C9A885420FDC2246B9F1000F06D131463846D8
S21403C9B8E1F778F80020BDE8F88339463046F7E70C
S21403C9C82120F8E71D20F6E700000000000000001D
S21403C9D80000000000000000F8B500BFF8BC08BC63
S21403C9E89E467047F8B500BFF8BC08BC9E4670471D
S21403C9F85FF800F0816300205FF800F021620020F2
S21403CA085FF800F0D9620020446576696365207490
S21403CA18797065206368616E67652064657465630D
S21403CA287465643A202564202D3E2025640D0A008B
S21403CA3850726573732064657465637465640D0A60
S21403CA48004D756C74692070726573732064657421
S21403CA5865637465643A2025640D0A0052656C653F
S21403CA686173652064657465637465640D0A004CB8
S21403CA786F6E67207072657373206465746563747C
S21403CA8865640D0A0072656C61795F73746172740C
S21403CA985F6C61746368696E675F70756C73653A1B
S21403CAA820616E6F746865722070756C7365206993
S21403CAB873206163746976650D0A0072656C617923
S21403CAC85F6F6E0D0A0072656C61795F6F66660D3F
S21403CAD80A0072656C61795F746F67676C650D0A27
S21403CAE80057726974696E6720636F6E666967209C
S21403CAF8746F206E763A2025730D0A0053697A659B
S21403CB083A2025640D0A004661696C656420746FD3
S21403CB18207772697465204445564943455F434FF9
S21403CB284E4649475F4441544120746F204E562C65
S21403CB38207374617475733A2025642E20286279ED
S21403CB487465733A202564290D0A00737563636553
S21403CB587373210D0A004661696C656420746F203F
S21403CB6872656164204E565F4954454D5F44455689
S21403CB784943455F434F4E4649472C207573696EB4
S21403CB88672064656661756C7420636F6E66696793
S21403CB9820696E73746561642C207374617475738D
S21403CBA83A2025642E202862797465733A20256412
S21403CBB8290D0A005573696E6720636F6E66696789
S21403CBC83A2025642063686172732066726F6D0D60
S21403CBD80A25730D0A00736F6E6F66663B5A424DDD
S21403CBE8494E494C322D637573746F6D3B42413021
S21403CBF8753B4C4335693B534136753B524135418A
S21403CC08343B004E6574776F726B2073746174756A
S21403CC1873206368616E67656420746F2025640DEE
S21403CC280A004D616E756661637475726572207469
S21403CC386F6F206269670D0A004D6F64656C207418
S21403CC486F6F206269670D0A00496E697469616CC3
S21403CC58697A696E67205A696762656520776974B9
S21403CC68682025642073776974636865732C2025A8
S21403CC78642072656C6179732C20256420636F7653
S21403CC8865722073776974636865732C202564203E
S21403CC98636F766572730D0A00436F6E6669672065
S21403CCA87061727365642073756363657373667501
S21403CCB86C6C790D0A007265616420766572736917
S21403CCC86F6E20666F726D206E6577206C6F63617A
S21403CCD874696F6E0D0A004661696C656420746F2B
S21403CCE8207772697465206C6173745365656E5634
S21403CCF8657273696F6E20746F204E562C2073749A
S21403CD083A2025640D0A004F6C64207665727369B1
S21403CD186F6E3A2025640D0A0043757272656E7449
S21403CD282076657273696F6E3A2025640D0A005281
S21403CD384553455420414C4C210D0A0068616C5FED
S21403CD486770696F5F63616C6C6261636B3A2065D9
S21403CD58787469206C696E6520256C642073746129
S21403CD6874757320256C750D0A0068616C5F6770AF
S21403CD78696F5F63616C6C6261636B3A206E6F20E8
S21403CD88667265652045585449206C696E65730D4F
S21403CD980A002F686F6D652F72756E6E65722F7732
S21403CDA86F726B2F747579612D7A69676265652D65
S21403CDB87377697463682F747579612D7A69676206
S21403CDC865652D7377697463682F73696C6162731D
S21403CDD85F746F6F6C732F73696D706C69636974B6
S21403CDE8795F73646B2F2E2E2F2E2E2F7372632F5D
S21403CDF873696C6162732F68616C2F7A6967626501
S21403CE08652E630044726F7070696E67206F6C647A
S21403CE18204F544120696D6167652C2063757272D3
S21403CE28656E74206F66667365743A20256C750A9A
S21403CE3800556E6B6E6F776E20636F766572206330
S21403CE486F6D6D616E643A2025640D0A00556E6B2E
S21403CE586E6F776E20636D642025640D0A00427535
S21403CE6874746F6E2070726573732064657465637B
S21403CE787465642C20627574206E6F2062757474F2
S21403CE886F6E20697320707265737365640D0A008C
S21403CE98427574746F6E206C6F6E6720707265735C
S21403CEA8732064657465637465642C2062757420E6
S21403CEB86E6F20627574746F6E206973206C6F6E64
S21403CEC86720707265737365640D0A004E6F20637E
S21403CED86F7665722073776974636820636F6E660E
S21403CEE8696720696E204E562C207573696E672015
S21403CEF864656661756C74730D0A004174747269AF
S21403CF0862757465206368616E6765642C20657056
S21403CF183A2025642C20636C75737465723A202551
S21403CF28642C20617474723A2025640D0A00506FCD
S21403CF386C6C20636F6E74726F6C3A2073656E64E4
S21403CF48696E6720636865636B2D696E0D0A005A00
S21403CF58434C2061637469766974792C20656E7412
S21403CF686572696E67206661737420706F6C6C0DEA
S21403CF780A00506F6C6C20636F6E74726F6C3A2085
S21403CF88636865636B2D696E20726573706F6E7365
S21403CF98652C20666173743D25642C2074696D6561
S21403CFA86F75743D25640D0A00506F6C6C20636FB3
S21403CFB86E74726F6C3A206661737420706F6C6C53
S21403CFC82073746F700D0A00506F6C6C20636F6E5D
S21403CFD874726F6C3A20736574206C6F6E6720707A
S21403CFE86F6C6C20696E74657276616C3D256C7522
S21403CFF80D0A00506F6C6C20636F6E74726F6C3A18
S21403D008207365742073686F727420706F6C6C205D
S21403D018696E74657276616C3D25640D0A00506FFF
S21403D0286C6C20636F6E74726F6C3A20636865630A
S21403D0386B2D696E20696E74657276616C207772E3
S21403D048697474656E3D256C750D0A00506F6C6CBB
S21403D05820636F6E74726F6C3A20696E76616C69C2
S21403D0686420636865636B2D696E20696E746572E8
S21403D07876616C2C20726576657274696E670D0A24
S21403D08800506F6C6C20636F6E74726F6C3A206618
S21403D09861737420706F6C6C2074696D656F75743A
S21403D0A8207772697474656E3D25640D0A00506FA7
S21403D0B86C6C20636F6E74726F6C3A20666173745F
S21403D0C820706F6C6C2074696D656F75742C207393
S21403D0D87769746368696E6720746F206C6F6E6710
S21403D0E820706F6C6C0D0A00556E6B6E6F776E2032
S21403D0F84C6576656C4374726C20636F6D6D616EF8
S21403D108643A2025640D0A00556E6B6E6F776E20A1
S21403D1184F6E4F666620636F6D6D616E643A2025A9
S21403D128640D0A00496E6465782061742077726915
S21403D138746520617474723A2025640D0A004E6F74
S21403D1482073776974636820636F6E6669672069FE
S21403D1586E204E562C207573696E6720646566616B
S21403D168756C74730D0A00496E76616C6964207277
S21403D178656C61795F696E64657820256420696EDD
S21403D188204E562C20726573657474696E67207416
S21403D1986F2064656661756C740D0A003E20005541
S21403D1A86E6B6E6F776E206572726F7200496E7063
S21403D1B87574206275666665722069732046554CD9
S21403D1C84C004D6178696D756D206E756D6265727C
S21403D1D8206F6620617267756D656E747320657857
S21403D1E86365656465640054686520617267756D78
S21403D1F8656E74206973206E6F7420666F726D6136
S21403D2087474656420636F72726563746C7900491D
S21403D2186E636F727265637420617267756D656E8F
S21403D22874207479706500496E636F7272656374EF
S21403D238206E756D626572206F6620617267756D04
S21403D248656E7473004E6F20636F6D6D616E642038
S21403D258666F756E640075696E7438006164646918
S21403D26874696F6E616C002A00756E6B6E6F776EED
S21403D2780077696C6463617264006865786F7074BC
S21403D28800737472696E676F70740075696E7433B1
S21403D298326F70740075696E7431366F707400750A
S21403D2A8696E74386F707400686578007374726991
S21403D2B86E670075696E7431360075696E7433323D
S21403D2C8002E2E2E200068656C70000A25730A252A
S21403D2D87325730025732008002F686F6D652F72FA
S21403D2E8756E6E65722F776F726B2F747579612DF5
S21403D2F87A69676265652D7377697463682F7475D1
S21403D30879612D7A69676265652D737769746368D1
S21403D3182F73696C6162735F746F6F6C732F7369B5
S21403D3286D706C69636974795F73646B2F706C6175
S21403D33874666F726D2F736572766963652F6C6595
S21403D348676163795F68616C2F7372632F626173B9
S21403D358652D7265706C6163656D656E742E63000A
S21403D3682F686F6D652F72756E6E65722F776F7285
S21403D3786B2F747579612D7A69676265652D737786
S21403D388697463682F747579612D7A696762656550
S21403D3982D7377697463682F73696C6162735F743E
S21403D3A86F6F6C732F73696D706C69636974795FDB
S21403D3B873646B2F706C6174666F726D2F7365720E
S21403D3C8766963652F746F6B656E5F6D616E6167F3
S21403D3D865722F6C65676163792F7372632F736C3D
S21403D3E85F746F6B656E5F6D616E616765722E63E2
S21403D3F8002F686F6D652F72756E6E65722F776F67
S21403D408726B2F747579612D7A69676265652D73FA
S21403D41877697463682F747579612D7A69676265AD
S21403D428652D7377697463682F73696C6162735FBC
S21403D438746F6F6C732F73696D706C696369747935
S21403D4485F73646B2F706C6174666F726D2F736590
S21403D45872766963652F746F6B656E5F6D616E6157
S21403D4686765722F6C65676163792F7372632F73B1
S21403D4786C5F746F6B656E5F6D616E756661637402
S21403D4887572696E672E630043757272656E7420D3
S21403D498436F6E6669673A202530780053657420B3
S21403D4A8434341206D6F646520746F2025643A20DA
S21403D4B825307800656E61626C6564006469736123
S21403D4C8626C6564006F757428636C69656E74298D
S21403D4D800696E202873657276657229004D464783
S21403D4E820537472696E673A202573004170704240
S21403D4F875696C646572204D464720436F64653AC8
S21403D50820307825303458006E6F6465205B004100
S21403D51864646974696F6E616C20696E746572669B
S21403D5286163657300202025643A2000706167658F
S21403D538205B25645D206368616E205B25645D203F
S21403D548707772205B25645D006E6F742061637468
S21403D558697665006572726F7220307825303858A0
S21403D5680070616E4944205B3078253034585D205E
S21403D5786E6F64654944205B3078253034585D20E7
S21403D588007870616E205B307800706172656E7427
S21403D5984944205B3078253034585D2070617265C5
S21403D5A86E7452737369205B25645D006E6F6465E1
S21403D5B854797065205B00536563757269747920C6
S21403D5C86C6576656C205B253032585D006E657435
S21403D5D8776F726B207374617465205B25303258DD
S21403D5E85D20004275666665722062797465733AD3
S21403D5F8202564202F20256400457020636E743A26
S21403D608202564006570202564205B656E64706F52
S21403D618696E742025732C206465766963652025F6
S21403D628735D20006E776B205B25645D2070726FD8
S21403D63866696C65205B3078253034585D206465F0
S21403D648764964205B3078253034585D20766572D9
S21403D658205B3078253032585D0020202020257343
S21403D66820636C75737465723A20307825303458A5
S21403D67820004E776B20636E743A202564006E771D
S21403D6886B202564205B25735D005072696D61729B
S21403D69879202870726F290020206E6F646554798C
S21403D6A87065205B3078253032585D00202073651E
S21403D6B863757269747950726F66696C65205B303E
S21403D6C878253032585D0045502025643A20257366
S21403D6D820004572726F723A2020556E6B6E6F7714
S21403D6E86E20656E64706F696E742E00456E616297
S21403D6F86C65206576656E74206465627567206957
S21403D7086E666F20696E20436F726520434C49200E
S21403D718636F6D706F6E656E74006F6E6C792063E1
S21403D7286F6F7264696E61746F72732063616E20C3
S21403D738666F726D0A006A6F696E20307825303816
S21403D748580A006C656176650025732030782530A5
S21403D75832580A0072656A6F696E0072656A6F6985
S21403D7686E446966664465766963655479706500D0
S21403D7786578742E2050414E2049443A20004E576F
S21403D7884B206F70656E3A20257520736563004ECF
S21403D798574B20636C6F7365640066696E64206A12
S21403D7A86F696E61626C653A2030782530325800AE
S21403D7B866696E6420756E757365643A20307825DD
S21403D7C8303258004368616E67696E6720746F204D
S21403D7D86368616E6E656C2025643A203078253060
S21403D7E8325800696E76616C6964206E6574776F6B
S21403D7F8726B20696E6465780053686F727420498B
S21403D808443A203078253034582C20455549363448
S21403D8183A20002C2050616E2049443A203078255F
S21403D8283034580053746172746564206D756C7473
S21403D838692D70687920696E746572666163650020
S21403D8484661696C656420746F20257320257320F0
S21403D858307825303258005465726D696E61746588
S21403D8686420257320307825303258004B65657060
S21403D87820616C69766520737570706F72742065A5
S21403D8886E61626C65642E006661696C65642074FB
S21403D8986F20736574206B65657020616C697665A7
S21403D8A8206D6F64652E00737563636573736675A1
S21403D8B86C6C792073657420746865206368696C7A
S21403D8C8642074696D656F7574206F7074696F6E04
S21403D8D8206D61736B2E006661696C656420746FD6
S21403D8E82073657420746865206368696C642074A3
S21403D8F8696D656F7574206F7074696F6E206D61DE
S21403D908736B2E00646973636F766572004D61747A
S21403D9186368202573792066726F6D20307825300A
S21403D92834582C206570202564004E574B204164DC
S21403D938647265737320726573706F6E73653A20CD
S21403D948307825303458004945454520416464728B
S21403D95865737320726573706F6E73653A20005330
S21403D9686572766963652025737920646F6E652E04
S21403D97800232020747970652020206E776B202082
S21403D9886C6F6320202072656D202020636C75738E
S21403D9982020206E6F64652020206575690020208E
S21403D9A825642020202030782530345820203078ED
S21403D9B825303458202030782530345820307825C0
S21403D9C83034582000736C5F7A69676265655F67F1
S21403D9D865745F62696E64696E67204572726F72FA
S21403D9E83A203078253038580A002564206F662098
S21403D9F825642062696E64696E677320757365644F
S21403DA0800656E61626C6564207072696E7400648A
S21403DA18697361626C6564207072696E7400616410
S21403DA2864206C696E6B206B6579004552523A2008
S21403DA3843616C63756C6174656420435243206468
S21403DA486F6573206E6F74206D617463680045524A
S21403DA58523A20496E7374616C6C20436F64652078
S21403DA686D75737420626520382C2031302C203174
S21403DA78342C206F722031382062797465732069DC
S21403DA886E206C656E677468004552523A204145AD
S21403DA98532D4D4D4F2068617368206661696C6528
S21403DAA8643A2030782530325800536574206A6FFC
S21403DAB8696E696E67206C696E6B206B6579007397
S21403DAC865742062696E642025643A2030782530B0
S21403DAD8327800454D50545900554E494341004D40
S21403DAE8324F4E45004D554C5449003F20202020C8
S21403DAF800496E646578204945454520416464724B
S21403DB086573732020202020202020204E574B4961
S21403DB186E6465782020496E204643202020202006
S21403DB2854544C28732920466C6167202020204BC8
S21403DB38657920202020002564202020202000202E
S21403DB48202564202020202020200020202530386F
S21403DB585820200020307825303458202000496E7D
S21403DB686465782049454545204164647265737346
S21403DB78202020202020202020496E2046432020D5
S21403DB882020205479706520204175746820204B26
S21403DB986579002D202020202000256320202020C2
S21403DBA820256320202020200069657300574152F2
S21403DBB84E494E473A202052454144494E47204F46
S21403DBC846204B45592056414C5545532044495306
S21403DBD841424C4544204259204D464720544F4B1A
S21403DBE8454E004E574B204B6579002573206F75BD
S21403DBF8742046433A202530385800257320736529
S21403DC0871206E756D3A20307825303258002573AA
S21403DC18206F75742046433A2025303878005443DD
S21403DC2820257320002573205461626C65002564E3
S21403DC382F256420656E7472696573207573656431
S21403DC482E005472616E7369656E74204B65790095
S21403DC58256420656E7472257320636F6E73756D05
S21403DC68696E67202564207061636B65742062752E
S21403DC786666657225732E0057494C4C0057494C07
S21403DC884C204E4F540054727573742043656E745B
S21403DC98657220257320616C6C6F772074727573B8
S21403DCA8742063656E7465722072656A6F696E7335
S21403DCB8207573696E672077656C6C2D6B6E6F774E
S21403DCC86E206B65792E005365742074696D656FD5
S21403DCD8757420666F722054727573742043656E6C
S21403DCE87465722072656A6F696E73207573696EE0
S21403DCF8672077656C6C2D6B6E6F776E206C696E1C
S21403DD086B206B657920746F202564207365636FB9
S21403DD186E64732E004552524F523A200025737391
S21403DD287461636B206D75737420626520646F7706
S21403DD386E2E0052656164696E6720416C6C6F775E
S21403DD4865640048617368696E67206F6E6C790056
S21403DD58736C5F7A69676265655F6B65795F736520
S21403DD687474696E67735F743A2030782530345854
S21403DD780020205065726D697373696F6E733A205D
S21403DD882573004572726F723A204661696C656442
S21403DD9820746F2067657420636F6E6669672C202E
S21403DDA87374617475733A20307825303858004692
S21403DDB861696C65643A20307825303858004D73AD
S21403DDC8673A20636C7573203078253034582C20D6
S21403DDD8636D64203078253032582C206C656E20AD
S21403DDE82564006275666665723A2000454D4245AD
S21403DDF8525F00257353454355524954595F4C4562
S21403DE0856454C3A2025303258002573657261739F
S21403DE1865206B65792025643A2030782530385894
S21403DE2800636D64206E6F74206275696C7400738A
S21403DE38726320657020253032782C20636C7573E6
S21403DE4820253034780073656E64696E6720746FB6
S21403DE58206D756C7469636173742062696E6400FF
S21403DE6825733A2065703A2025642C20636C3A2083
S21403DE783078253034582C20617474723A20307800
S21403DE8825303458002C207376723A2025630025F3
S21403DE98733A20726561643A203078253032780008
S21403DEA82C207376723A2025632C20647479706567
S21403DEB83A2030782530325800417267756D656EA2
S21403DEC87420617420696E6465783A202564206935
S21403DED873206F7574206F662072616E67650043E2
S21403DEE86F6D6D616E6420616C7265616479206222
S21403DEF875696C742E202043616E6E6F742073658B
S21403DF0874204D46472073706563696669632063AA
S21403DF186F646520666F7220636F6D6D616E642E25
S21403DF28004D464720436F64652053657420666F2B
S21403DF3872206E65787420636F6D6D616E643A2027
S21403DF4830782530345800557365204E657874202C
S21403DF5853657175656E63652053657420666F72C5
S21403DF68206E65787420636F6D6D616E643A203039
S21403DF7878253032580044697361626C65204465BD
S21403DF886661756C7420526573706F6E7365205383
S21403DF98657420666F72206E65787420636F6D6D86
S21403DFA8616E643A20307825303258004552523A2A
S21403DFB82072656164696E6720617474726962753C
S21403DFC874652025303278004552523A20617474BD
S21403DFD87269627574652073697A6520256420748E
S21403DFE86F6F206C6172676520666F722062756654
S21403DFF8666572004572726F723A2061747472694C
S21403E0086275746520494420307825303458207268
S21403E01865706F727461626C65206368616E6765AC
S21403E0282069732073697A65202564422C206275FB
S21403E038742025644220656E74657265640A006EF2
S21403E0486F20636D64004572726F723A20434C49C1
S21403E0582053656E64206661696C65642C2073744E
S21403E068617475733A2030782530385800457272D3
S21403E0786F723A2020455549363420617267756DAC
S21403E088656E7420697320656D70747920616E649B
S21403E098206C6F6F6B7570206279206E6F646520D5
S21403E0A84944206661696C65642E0047726F757013
S21403E0B800556E696361737400556E62696E6420F9
S21403E0C825732025733078253032580052657175CC
S21403E0D86573743A20005A444F2073696D706C65F3
S21403E0E82064657363207265712025303278005A80
S21403E0F8444F206E6F646520646573632072657190
S21403E1082025303278005A444F206D6174636820A6
S21403E1186465736320726571202530325800557321
S21403E128696E67206D79206C6F63616C204555496D
S21403E138363420666F7220646573742045554936F5
S21403E1483420696E2062696E64696E67005A444FAC
S21403E1582062696E64207265712025303278006308
S21403E1686C7573746572206C696D69742072656169
S21403E1786368656400696E76616C696420706167BC
S21403E188653A202564206F72206368616E6E656C3D
S21403E1983A202564004368616E6765206368616E8C
S21403E1A86E656C207374617475733A203078253005
S21403E1B83278006475726174696F6E206D75737456
S21403E1C820626520696E2072616E67652030202D97
S21403E1D8203500636F756E74206D757374206265E1
S21403E1E820696E2072616E67652031202D20380005
S21403E1F87363616E20737461747573203078253089
S21403E2083258006E6574776F726B2075706461742C
S21403E218652073657420737461747573203078256C
S21403E228303258004163746976652045502072651C
S21403E2387175657374207374617475733A203078D6
S21403E24825303258004C5149205461626C6520725F
S21403E2586571756573743A203078253032580042F4
S21403E268696E64696E67205461626C6520726571B5
S21403E278756573743A20307825303258004C6561DA
S21403E288766520257330782530325800506F7765C9
S21403E298722044657363726970746F7220257330D5
S21403E2A87825303258005573696E67206D79206C6F
S21403E2B86F63616C20455549363420666F72206457
S21403E2C865737420455549363420696E20756E6229
S21403E2D8696E64696E6700526F757465205461626F
S21403E2E86C65202573307825303258002F686F6D9B
S21403E2F8652F72756E6E65722F776F726B2F7475D6
S21403E30879612D7A69676265652D737769746368C1
S21403E3182F747579612D7A69676265652D737769D8
S21403E3287463682F73696C6162735F746F6F6C7361
S21403E3382F73696D706C69636974795F73646B2F87
S21403E34870726F746F636F6C2F7A69676265652F77
S21403E3586170702F6672616D65776F726B2F636F6E
S21403E3686D6D6F6E2F736C5F7A69676265655F7331
S21403E378797374656D5F636F6D6D6F6E2E6300459D
S21403E3887874656E64656420526573657420696E77
S21403E398666F3A20307825303458202825732900AC
S21403E3A82F686F6D652F72756E6E65722F776F7235
S21403E3B86B2F747579612D7A69676265652D737736
S21403E3C8697463682F747579612D7A696762656500
S21403E3D82D7377697463682F73696C6162735F74EE
S21403E3E86F6F6C732F73696D706C69636974795F8B
S21403E3F873646B2F70726F746F636F6C2F7A6967B1
S21403E4086265652F6170702F6672616D65776F72CE
S21403E4186B2F636F6D6D6F6E2F7A69676265655FC5
S21403E4286170705F6672616D65776F726B5F736C30
S21403E4386565702E630053746179206177616B6537
S21403E448207768656E206E6F74206A6F696E6564E0
S21403E4583A20257300466F72636564207374617986
S21403E468206177616B653A20202020202020202019
S21403E47820257300466F7263696E67206465766944
S21403E488636520746F2073746179206177616B65A7
S21403E49800416C6C6F77696E67206465766963659F
S21403E4A820746F20676F20746F20736C6565700027
S21403E4B82F686F6D652F72756E6E65722F776F7224
S21403E4C86B2F747579612D7A69676265652D737725
S21403E4D8697463682F747579612D7A6967626565EF
S21403E4E82D7377697463682F73696C6162735F74DD
S21403E4F86F6F6C732F73696D706C69636974795F7A
S21403E50873646B2F70726F746F636F6C2F7A69679F
S21403E5186265652F6170702F6672616D65776F72BD
S21403E5286B2F636F6D6D6F6E2F7A69676265655FB4
S21403E538737461636B5F736C6565702E6300525802
S21403E5483A205265736574546F466163746F7279C3
S21403E55844656661756C747343616C6C6261636B66
S21403E56800657A737020636F756E746572732066C0
S21403E57861696C656420257500657A737020526539
S21403E588736574205468726573686F6C642065726B
S21403E598726F7220257500657A7370205365742030
S21403E5A85468726573686F6C64206572726F722044
S21403E5B82575002575292025733A2025750053658A
S21403E5C87474696E67205468726573686F6C642028
S21403E5D8636F6D6D616E64003F3F3F004D6163205E
S21403E5E85278204263617374004D61632054782027
S21403E5F84263617374004D616320527820556361EA
S21403E6087374004D616320547820556361737400F6
S21403E6184D61632054782055636173742052657482
S21403E6287279004D616320547820556361737420B2
S21403E6384661696C004150532052782042636173E7
S21403E6487400415053205478204263617374004128
S21403E65850532052782055636173740041505320F9
S21403E66854782055636173742053756363657373B5
S21403E67800415053205478205563617374205265C3
S21403E688747279004150532054782055636173742B
S21403E698204661696C00526F75746520446973631C
S21403E6A820496E69746961746564004E65696768B4
S21403E6B8626F72204164646564004E6569676862C8
S21403E6C86F722052656D6F766564004E656967687C
S21403E6D8626F72205374616C65004A6F696E2049D5
S21403E6E86E6469636174696F6E004368696C64205D
S21403E6F84D6F76656400415348204F766572666CA5
S21403E7086F7700415348204672616D6520457272E3
S21403E7186F7200415348204F76657272756E2045B6
S21403E72872726F72004E574B204643204661696CDF
S21403E73875726500415053204643204661696C75DF
S21403E74872650041534820584F666600415053206F
S21403E758556E617574686F72697A6564204B65795E
S21403E768004E574B2044656372797074204661697E
S21403E7786C757265730041505320446563727970F3
S21403E78874204661696C75726573005061636B65C6
S21403E798742042756666657220416C6C6F6361749B
S21403E7A865204661696C757265730052656C61799C
S21403E7B865642055636173740050687920746F200C
S21403E7C84D4143207175657565206C696D697420C4
S21403E7D872656163686564005061636B657420568F
S21403E7E8616C69646174652064726F7020636F7509
S21403E7F86E74004E574B207265747279206F766577
S21403E80872666C6F7700434341204661696C757284
S21403E81865730042726F6164636173742074616226
S21403E8286C652066756C6C00505441204C6F205004
S21403E838726920526571005054412048692050720D
S21403E848692052657100505441204C6F20507269FC
S21403E8582044656E69656400505441204869205019
S21403E86872692044656E69656400505441204C6F94
S21403E87820507269205478204162727400505441C3
S21403E88820486920507269205478204162727400C7
S21403E8984164647265737320436F6E666C69637450
S21403E8A82053656E740043534C2052782073636874
S21403E8B86564756C65206661696C6564000D004463
S21403E8C865627567207072696E742067726F7570FB
S21403E8D82025730A0057726F6E6720706172616D28
S21403E8E8657465720A005363686564756C65206DA4
S21403E8F86F7665206E776B0025732025643A20258E
S21403E90864004D6178206D6F7665206C696D697457
S21403E9182072656163686564206E776B2025643AA8
S21403E92820256400456E6420446576696365205037
S21403E9386F6C6C20496E666F726D6174696F6E00DA
S21403E948454D4245525F454E445F44455649434507
S21403E9585F54494D454F55543A2020202020202007
S21403E968256400506F6C6C20636F6D706C657465FE
S21403E978642063616C6C6261636B3A2025730020C4
S21403E9882043757272656E7420506F6C6C20496EE6
S21403E99874657276616C20287173293A20202025C5
S21403E9A86C640020204C6F6E6720506F6C6C204997
S21403E9B86E74657276616C20287173293A2020205C
S21403E9C8202020256C6400202053686F7274205022
S21403E9D86F6C6C20496E74657276616C202871734F
S21403E9E8293A2020202020256C6400202057616BBC
S21403E9F8652054696D656F757420287173293A20EC
S21403EA082020202020202020202020256C64002081
S21403EA182057616B652054696D656F75742042696C
S21403EA28746D61736B3A202020202020202020302C
S21403EA38782530385800202043757272656E742026
S21403EA48417070205461736B733A20202020202075
S21403EA5820202020202030782530385800202043D6
S21403EA68757272656E7420506F6C6C20436F6E748B
S21403EA78726F6C2020202020202020202025730061
S21403EA88202044656661756C7420506F6C6C204357
S21403EA986F6E74726F6C2020202020202020202088
S21403EAA8257300466F7263696E67206465766963CB
S21403EAB86520746F2073686F727420706F6C6C00B7
S21403EAC8416C6C6F77696E67206465766963652049
S21403EAD8746F206C6F6E6720706F6C6C00534C5F9E
S21403EAE85A49474245455F41465F4C4F4E475F503C
S21403EAF84F4C4C00534C5F5A49474245455F414685
S21403EB085F53484F52545F504F4C4C00706F6C6CB9
S21403EB18206E776B2025643A2030782530325800EB
S21403EB2846696E6420616E642042696E6420496E8D
S21403EB3869746961746F723A20436F6D706C65749B
S21403EB48653A203078253032580053746172742041
S21403EB587461726765740046696E6420616E64202A
S21403EB6842696E64205461726765740025733A209F
S21403EB7825733A2030782530325800467261676D1F
S21403EB88656E746174696F6E2052582077696E6477
S21403EB986F772073697A652073657420746F2025F0
S21403EBA864002F686F6D652F72756E6E65722F77AA
S21403EBB86F726B2F747579612D7A69676265652D37
S21403EBC87377697463682F747579612D7A696762D8
S21403EBD865652D7377697463682F73696C616273EF
S21403EBE85F746F6F6C732F73696D706C6963697488
S21403EBF8795F73646B2F70726F746F636F6C2F7AA1
S21403EC0869676265652F6170702F6672616D6577D7
S21403EC186F726B2F706C7567696E2F667261676D9E
S21403EC28656E746174696F6E2F667261676D656E63
S21403EC38746174696F6E2E630052583A2041646497
S21403EC4847726F7570526573706F6E736520307890
S21403EC58253032582C203078253034580052583A0C
S21403EC68205669657747726F7570526573706F6E55
S21403EC787365203078253032582C20307825303488
S21403EC88582C20220052583A2047657447726F75ED
S21403EC98704D656D62657273686970526573706FDF
S21403ECA86E7365203078253032582C20307825301E
S21403ECB832582C00205B3078253034585D00525883
S21403ECC83A2052656D6F766547726F757052657335
S21403ECD8706F6E7365203078253032582C20307864
S21403ECE8253034580065705B253032585D206964DA
S21403ECF85B253034585D00436C656172696E672026
S21403ED08616C6C2067726F7570732E004552523AA9
S21403ED18204661696C656420746F2063726561744C
S21403ED28652062696E64696E6720283078253032FC
S21403ED385829004552523A2042696E64696E672024
S21403ED487461626C652069732066756C6C00455245
S21403ED58523A2077726974696E67206E616D652012
S21403ED68737570706F727420253032580052583A93
S21403ED782041646447726F757020307825303458A4
S21403ED882C20220075760052583A20566965774734
S21403ED98726F757020307825303458007576730096
S21403EDA8766965775F67726F75700047726F7570FF
S21403EDB8733A206661696C656420746F2073656EA8
S21403EDC86420257320726573706F6E73653A2030FE
S21403EDD87825303258006765745F67726F75705FA1
S21403EDE86D656D6265727368697020726573706F9E
S21403EDF86E73650064656661756C745F72657370BF
S21403EE086F6E73650052583A2047657447726F757C
S21403EE18704D656D62657273686970203078253049
S21403EE2832582C007575620047726F7570733A20F6
S21403EE386661696C656420746F2073656E6420254B
S21403EE48733A203078253032580052583A205265A3
S21403EE586D6F766547726F75702030782530345835
S21403EE68004552523A204661696C656420746F20E7
S21403EE7864656C6574652062696E64696E672028CC
S21403EE88307825303258290072656D6F76655F676E
S21403EE98726F75700052583A2052656D6F766541E9
S21403EEA86C6C47726F7570730052583A20416464ED
S21403EEB847726F757049664964656E7469667969E1
S21403EEC86E67203078253034582C2022006164641D
S21403EED8004368616E6E656C206E6F742076616C95
S21403EEE869643A202564005072696D617279002559
S21403EEF873206D61736B206E6F77203078253038FA
S21403EF0858005365636F6E64617279004D61736B65
S21403EF18206E6F742076616C69643A2025640070ED
S21403EF2872696D617279007365636F6E6461727975
S21403EF380025733A20536574202573206D61736B1F
S21403EF4820746F20307825303858005374617475F0
S21403EF58730025733A2025733A004368616E6E651D
S21403EF686C206D61736B3A002020202028312920FD
S21403EF78307825303858205B002020202028322976
S21403EF8820307825303858205B0053746174653A0E
S21403EF982030782530325820282573290043757287
S21403EFA872656E74206368616E6E656C3A202564BC
S21403EFB800546F74616C20626561636F6E733A20E8
S21403EFC82564004A6F696E20617474656D70747386
S21403EFD83A202564004E6574776F726B20737461EC
S21403EFE874653A203078253032580053746F7000B1
S21403EFF825732053746F702E2020436C65616E69E9
S21403F0086E672075702E0042726F61646361737455
S21403F018696E67207065726D6974206A6F696E0021
S21403F02854727573742063656E746572206C696EAA
S21403F0386B206B65792075706461746520737461E1
S21403F0487475730025733A205741524E494E473A12
S21403F05820736C5F7A69676265655F7365745F6959
S21403F0686E697469616C5F73656375726974795FD9
S21403F0787374617465206661696C65642E20436FDA
S21403F0886E74696E75696E6720776974686F7574D0
S21403F09820696E7374616C6C20636F64652E00451B
S21403F0A872726F723A20696E7374616C6C20636F48
S21403F0B86465207365747570206661696C65642E73
S21403F0C820497320616E20696E7374616C6C2063CB
S21403F0D86F646520666C6173686564206F6E746F11
S21403F0E820746865206465766963653F00D0D1D26D
S21403F0F8D3D4D5D6D7D8D9DADBDCDDDEDF00FFFFFD
S21403F108FFFFFFFFFFFF005A6967426565416C6CA6
S21403F11869616E636530390025733A2069737375C0
S21403F128696E67207363616E206F6E202573206394
S21403F13868616E6E656C7320286D61736B2030781A
S21403F148253038582900257320697320616C726549
S21403F15861647920696E2070726F677265737300D5
S21403F1685374617274004578616D696E696E6720C1
S21403F178626561636F6E206F6E206368616E6E658D
S21403F1886C20256420776974682070616E49642052
S21403F1983078253034580054686973206265616393
S21403F1A86F6E206973206E6F742070617274206F9F
S21403F1B866207468652063757272656E742063686A
S21403F1C8616E6E656C206D61736B20283078253010
S21403F1D83858292E2047657474696E67206E6578DB
S21403F1E87420626561636F6E2077686F736520634A
S21403F1F868616E6E656C206269746D61736B2069F5
S21403F20873207365742E004572726F723A202573E5
S21403F21820636F756C64206E6F7420617474656DFB
S21403F2287074206A6F696E3A203078253032580039
S21403F2384E6F20626561636F6E73206C656674201B
S21403F2486F6E2063757272656E74206D61736B2EB4
S21403F258204D6F76696E6720746F206E657874200C
S21403F2687374617465002573206A6F696E696E67C7
S21403F27820307825303458206F6E206368616E6EB0
S21403F288656C2025640025732053746174653A20E1
S21403F2982573004572726F723A20257320636F7563
S21403F2A86C64206E6F742073657475702073656361
S21403F2B875726974793A2030782530325800457269
S21403F2C8726F723A205363616E20636F6D706C655C
S21403F2D874652068616E646C6572207265747572F5
S21403F2E86E656420307825303258002573207363A2
S21403F2F8616E20636F6D706C6574652E2042656160
S21403F308636F6E732068656172643A20256400250E
S21403F3187320737461636B20737461747573203020
S21403F3287825303258002573206E6574776F726BB4
S21403F338206A6F696E65642E002573207472796976
S21403F3486E67206E657874206E6574776F726B2EA1
S21403F358004E6F6E65005363616E205072696D616F
S21403F3687279204368616E6E656C7320616E6420E3
S21403F37875736520436F6E66696775726564204B9F
S21403F3886579005363616E205072696D61727920E6
S21403F3984368616E6E656C7320616E642075736571
S21403F3A820496E7374616C6C20436F646500536305
S21403F3B8616E205072696D617279204368616E6E62
S21403F3C8656C7320616E64205573652043656E749F
S21403F3D872616C697A6564204B6579005363616E64
S21403F3E8205072696D617279204368616E6E656C30
S21403F3F87320616E6420557365204469737472695B
S21403F4086275746564204B6579005363616E205397
S21403F41865636F6E64617279204368616E6E656CAE
S21403F4287320616E642075736520436F6E66696723
S21403F43875726564204B6579005363616E20536566
S21403F448636F6E64617279204368616E6E656C7370
S21403F45820616E642075736520496E7374616C6CE5
S21403F46820436F6465005363616E205365636F6E54
S21403F47864617279204368616E6E656C7320616E91
S21403F48864205573652043656E7472616C697A658A
S21403F49864204B6579005363616E205365636F6E12
S21403F4A864617279204368616E6E656C7320616E61
S21403F4B8642055736520446973747269627574654C
S21403F4C864204B6579005363616E205072696D61E1
S21403F4D87279204368616E6E656C7320616E642072
S21403F4E855736520416C6C204B6579732028696ECB
S21403F4F87374616C6C20636F64652C2063656E742B
S21403F50872616C697A65642C2064697374726962C3
S21403F5187574656429005363616E205365636F6E63
S21403F52864617279204368616E6E656C7320616EE0
S21403F538642055736520416C6C204B6579732028CD
S21403F548696E7374616C6C20636F64652C206365E5
S21403F5586E7472616C697A65642C2064697374725C
S21403F56869627574656429004F6E2F4F666620734B
S21403F57865742076616C75653A20253032582025E7
S21403F588303258004552523A2072656164696E6794
S21403F598206F6E2F6F66662025303258004F6E2F09
S21403F5A86F666620616C7265616479207365742082
S21403F5B8746F206E65772076616C756500546F6787
S21403F5C8676C65206F6E2F6F66662066726F6D2098
S21403F5D82530325820746F20253032580045525251
S21403F5E83A2077726974696E67206F6E2F6F666646
S21403F5F8202530325800496E7374616C6C6564203C
S21403F60854797065202842617365293A202030783A
S21403F61825303258004361706162696C69746965A4
S21403F628733A2020202020202020202020307825F0
S21403F63830345800426F6F746C6F6164657220567D
S21403F648657273696F6E3A20202020203078253043
S21403F65834580053656375726520426F6F746C6F18
S21403F66861646572204B65793A20202020202000AB
S21403F678426F6F746C6F6164696E67206661696C4C
S21403F68865642100446F776E6C6F616420666169F8
S21403F6986C65642E0044656C6574696E67206661E4
S21403F6A8696C656420646F776E6C6F61642C207375
S21403F6B874617475733A2030782530325800496D72
S21403F6C861676520646F6573206E6F7420636F6E61
S21403F6D87461696E20616E20557067726164652077
S21403F6E8496D616765205461672028307825303472
S21403F6F858292E20536B697070696E67207570677A
S21403F708726164652E00457865637574696E672053
S21403F718626F6F746C6F61642063616C6C626163A3
S21403F7286B2E005374617274696E672045424C20D1
S21403F738766572696669636174696F6E0045424CE3
S21403F748206661696C6564207665726966696361BB
S21403F75874696F6E2E0045424C207061737365643E
S21403F76820766572696669636174696F6E2E002513
S21403F77873696E67204F544120636C69656E742005
S21403F7887374617465206D616368696E650073746C
S21403F7986F7070004572726F723A204E6F20696DF3
S21403F7A861676520617420696E6465782025640046
S21403F7B84E6F7420737570706F727465642E004391
S21403F7C86C69656E7420696D61676520717565720D
S21403F7D87920696E666F004D616E75662049443AF6
S21403F7E82020202020202020203078253034580060
S21403F7F8496D61676520547970652049443A20202D
S21403F80820203078253034580043757272656E743C
S21403F8182056657273696F6E3A2020307825303823
S21403F8285800486172647761726520566572736919
S21403F8386F6E3A20004E4100517565727920446513
S21403F8486C6179206D733A20202020202020202008
S21403F858202020256C6400536572766572204469FF
S21403F86873636F766572792044656C6179206D736E
S21403F8783A20256C6400446F776E6C6F616420448D
S21403F888656C6179206D733A202020202020202083
S21403F89820256C640052756E205570677261646526
S21403F8A82044656C6179206D733A2020202020203F
S21403F8B8256C64005665726966792044656C6179BF
S21403F8C8206D733A20202020202020202020202569
S21403F8D86C6400446F776E6C6F6164204572726F58
S21403F8E872205468726573686F6C643A20202564C6
S21403F8F8005570677261646520576169742054689F
S21403F908726573686F6C643A202020202564004F64
S21403F918544120446F776E6772616465733A204476
S21403F928697361626C6564004F544120446F776E57
S21403F9386772616465733A20456E61626C6564003C
S21403F948426F6F746C6F61642073746174653A20D8
S21403F958257300496E76616C6964204550202564DA
S21403F968207768656E20747279696E6720746F20D5
S21403F97873656E64204F5441206D657373616765C4
S21403F9882E0053656E64696E6720557067726164EE
S21403F9986520456E6420726571756573742E00253F
S21403F9A8733A20696E76616C696420636D64496492
S21403F9B820307825303258004572726F723A20200C
S21403F9C84661696C656420746F2073656E64204FA6
S21403F9D8544120636F6D6D616E6420307825303234
S21403F9E8582C207374617475733A20307825303236
S21403F9F8580053657276657220756E6B6E6F776EF8
S21403FA082C2066616C6C696E67206261636B207478
S21403FA186F20646973636F766572792E004D61781B
S21403FA28696D756D207175657279206572726F726E
S21403FA38732068697420282564292C2073746172DE
S21403FA4874696E672073656172636820666F7220D7
S21403FA586E6577204F5441207365727665722E0A59
S21403FA68004170706C79696E67207570677261649F
S21403FA78650025733A20696E76616C6964206F6643
S21403FA88667365742063757272656E7454696D6502
S21403FA982830782530385829203E207570677261DB
S21403FAA8646554696D652830782530385829004FC1
S21403FAB8544120436C75737465723A207761697490
S21403FAC820666F722025642073005258656420747C
S21403FAD8696D654F75742030782530385820732C37
S21403FAE8204D41582074696D654F7574203078250C
S21403FAF83038582073004D6178696D756D207570C0
S21403FB086772616465207265717565737473206DB9
S21403FB18616465202825642920776974686F75747D
S21403FB2820726573706F6E73652066726F6D2073CF
S21403FB3865727665722E00557067726164696E67C2
S21403FB4820616E79776179004F5441205365727648
S21403FB5869636520646973636F766572792070726A
S21403FB686576656E746564202D20616E6F746865AE
S21403FB787220697320616C726561647920696E20EE
S21403FB8870726F6772657373004661696C6564208B
S21403FB98746F20696E69746961746520736572761B
S21403FBA869636520646973636F766572792E004F9F
S21403FBB85441205365727669636520446973636F9D
S21403FBC87665727920696E2070726F6772657373D3
S21403FBD800436C69656E742076657269666963614D
S21403FBE874696F6E206661696C65642E0053696775
S21403FBF86E617475726500437573746F6D0070611A
S21403FC0873736564004641494C4544004E6F207340
S21403FC1869676E617475726520766572696669636D
S21403FC286174696F6E20737570706F72742C2061BF
S21403FC387373756D696E6720696D6167652069738F
S21403FC48206F6B61792E0025732076657269666965
S21403FC58636174696F6E2025733A203078253032D5
S21403FC6858004D6178696D756D206E756D626572A5
S21403FC78206F6620646F776E6C6F6164206572729E
S21403FC886F727320726561636820282564292C20A7
S21403FC9861626F7274696E672E004F544120436C1D
S21403FCA875737465723A2073657474696E67204950
S21403FCB84545452061646472657373206F66204FFB
S21403FCC8544120636C75737465720050617274696D
S21403FCD8616C2066696C6520646F776E6C6F61640F
S21403FCE820666F756E642C20636F6E74696E756913
S21403FCF86E672066726F6D206F6666736574203054
S21403FD08782530385800466F756E642066756C6CB7
S21403FD187920646F776E6C6F616465642066696CBE
S21403FD286520696E2073746F72616765202876652F
S21403FD387273696F6E20307825303858292E00463E
S21403FD486F756E642066696C6520696E2073746FC0
S21403FD587261676520776974682064696666657288
S21403FD68656E742076657273696F6E202830782501
S21403FD7830385829207468616E2063757272656E10
S21403FD88742076657273696F6E202830782530384C
S21403FD9858290046696C6520696E2073746F726112
S21403FDA867652069732073616D65206173206375C9
S21403FDB87272656E742072756E6E696E67207665EC
S21403FDC87273696F6E202830782530385829004EAC
S21403FDD86F20696D61676520666F756E6420696E4E
S21403FDE82073746F726167652E004F544120536504
S21403FDF8727669636520446973636F7665727920E2
S21403FE08756E626C6F636B65640049676E6F7269C3
S21403FE186E67207365727665722066726F6D206CE6
S21403FE286F6F706261636B206164647265737300DD
S21403FE3849676E6F72696E672030782530345820AC
S21403FE484F54412073657276657220696E20736518
S21403FE5861726368206F662054430053657474693F
S21403FE686E67204F54412053657276657220746F0F
S21403FE78203078253034580044656C6179696E679C
S21403FE88202564207365636F6E6473206265666FEE
S21403FE987265207374617274696E67204F544120CB
S21403FEA8636C69656E740054696D656F7574207745
S21403FEB8616974696E6720666F72206D6573736116
S21403FEC867652E00426164204F544120636F6D6D51
S21403FED8616E643A20307825303258004F544120FA
S21403FEE8636F6D6D616E64203078253032582074E8
S21403FEF86F6F2073686F727420286C656E20256494
S21403FF08203C206D696E20256429004F54412063E8
S21403FF186F6D6D616E642066726F6D20756E7265A7
S21403FF28636F676E697A6564207365727665722097
S21403FF383078253034582E20204D79204F544120D0
S21403FF487365727665723A203078253034580049DE
S21403FF586D616765204E6F7469667900476F742014
S21403FF68756E65787065637465642025732E202026
S21403FF78537461727420646973636F766572792E3D
S21403FF880064656661756C74004F54413A20666177
S21403FF98696C656420746F2073656E64202573200E
S21403FFA8726573706F6E73653A20307825303258F1
S21403FFB800496D616765206E6F7469667900476FDF
S21403FFC87420756E65787065637465642025732E72
S21403FFD8202049676E6F7265642E004F54413A209D
S21403FFE844656661756C7420726573706F6E7365AD
S21403FFF820666F7220496D616765206E6F74696647
S214040008792C2073746174757320307825303258CF
S21404001800496D616765206E6F7469667920636F41
S2140400286D6D616E6400257320756E696361737403
S2140400382C207175657279696E6700496E76616CF5
S2140400486964002573202573207061796C6F616478
S214040058207479706520307825303258002573204E
S21404006825733A206F7574206F662072616E676513
S214040078206A6974746572202564002573202573C4
S2140400883A207061796C6F6164206C656E67746879
S21404009820646F65736E2774206D617463682074BA
S2140400A87970652030782530325820282564203C1D
S2140400B8202564290025732025732064756520741B
S2140400C86F206E6F6E2D6D61746368696E67206D40
S2140400D8616E75666163747572657220494400259D
S2140400E8732025732064756520746F206E6F6E2DDB
S2140400F86D61746368696E6720696D6167652074ED
S2140401087970652049440025732025732064756535
S21404011820746F206D61746368696E6720666972FF
S2140401286D776172652076657273696F6E002573E4
S2140401382025732C2052782764204A6974746572C3
S2140401482028307825303258292C205069636B656E
S21404015864204A69747465722028307825303258C9
S21404016829005175657279206E65787420696D6109
S214040178676520726573706F6E73650025732072E9
S214040188657475726E6564203078253032582E2072
S214040198204E6F206E657720696D61676520746FE1
S2140401A820646F776E6C6F61642E00257320746FFD
S2140401B86F2073686F727420282564203C20256499
S2140401C8290025733A204E657720696D6167652096
S2140401D8697320617661696C61626C6520666F720A
S2140401E820646F776E6C6F61642E002573206973C4
S2140401F8206E6F74207573696E67206D7920696D3B
S21404020861676520696E666F2E004552524F523AF2
S214040218204E65787420496D61676520697320747B
S2140402286F6F2062696720746F2073746F7265201D
S21404023828307825303858203E20307825303858ED
S214040248290025732072657475726E65642073615F
S2140402586D652046696C6556657273696F6E2061B4
S214040268732063757272656E746C7920696E737424
S214040278616C6C65642E004F544120446F776E673A
S21404028872616465732044697361626C65643A20BC
S21404029846696C6556657273696F6E20626568692F
S2140402A86E642063757272656E7420696E73746109
S2140402B86C6C6174696F6E005374617274696E67EE
S2140402C820646F776E6C6F61642C20566572736950
S2140402D86F6E20307825303858004572726F723A3F
S2140402E8204661696C656420746F2064656C657467
S2140402F86520696D6167652E004572726F723A20D3
S2140403084661696C656420746F2065726173652044
S2140403186F6C642074656D7020646174612E004986
S2140403286D61676520626C6F636B20726573706FAE
S2140403386E7365004F54413A20496D616765426C97
S2140403486F636B5265706F6E736520636F6E74614E
S214040358696E7320696E76616C6964206F722069B1
S2140403686E636F6D706C65746520646174610055A6
S21404037870646174696E67204D696E20426C6F63A1
S2140403886B205265717565737420506572696F6465
S21404039820746F202564206D7300446F776E6C6F2D
S2140403A861642064656C617920627920736572766D
S2140403B86572202564206D7300446F776E6C6F61D8
S2140403C8642061626F727465642062792073657252
S2140403D87665722E0053657276657220646F65734F
S2140403E86E277420737570706F72742070616765F9
S2140403F820726571756573742C206F6E6C79207520
S21404040873696E6720626C6F636B207265717565BD
S21404041873742E00536572766572207265747572ED
S2140404286E65642027756E737570706F7274656474
S21404043820636C757374657220636F6D6D616E648A
S214040448272E00556E6B6E6F776E20257320737497
S2140404586174757320636F6465203078253032586C
S2140404680025732068617320646174612073697A57
S21404047865202825642920736D616C6C6572207468
S21404048868616E2061637475616C207061636B6566
S214040498742073697A6520282564292E002573201C
S2140404A86572726F723A2045787065637465642065
S2140404B86F6666736574203078253038582C206249
S2140404C8757420676F74203078253038582E2020AD
S2140404D849676E6F72696E6700257320696E666F6A
S2140404E820646964206E6F74206D61746368206D7F
S2140404F87920657870656374656420696E666F2E06
S214040508202044726F7070696E672E004661696CAD
S214040518656420746F20777269746520746F20731D
S214040528746F726167652064657669636521004443
S2140405386F776E6C6F6164005570677261646520CE
S214040548656E6420726573706F6E736500536572AA
S2140405587665722061626F7274656420757067725E
S2140405686164652C207374617475733A2030782539
S214040578303258004572726F723A202573206861CB
S2140405886420696E76616C69642025733A20006677
S214040598696C652076657273696F6E004164646978
S2140405A86E67202564206D732E2064656C6179203F
S2140405B8666F7220696D6D6564696174652075700F
S2140405C867726164652E00436F756E74646F776E28
S2140405D820746F20757067726164653A20256420FC
S2140405E86D73002053746174653A202020257300C7
S2140405F82057616974696E6720666F722072657326
S214040608706F6E73653A20257300204E65787420E3
S2140406184576656E742054696D65723A20256420A3
S2140406286D73002043757272656E7420446F776E1E
S2140406386C6F6164204F66667365743A203078255B
S214040648303858202825642525290025733A20663D
S21404065861696C65642070617273696E67204F54B3
S2140406684120636D6420307825303258004F544159
S2140406782044656661756C7420726573706F6E735A
S2140406886520746F20636F6D6D616E642049442025
S2140406983078253032582C20737461747573203082
S2140406A8782530325800496D61676520626C6F633F
S2140406B86B20726571756573742074657374206F26
S2140406C86E6C7920776F726B73207768656E20730B
S2140406D87461746520697320424F4F544C4F4144EB
S2140406E85F53544154455F4E4F4E450052616E6405
S2140406F86F6D2044656C6179206265666F7265204B
S214040708737461727400446973636F766572696E94
S21404071867204F54412053657276657200476574A6
S214040728204F54412053657276657220455549001A
S2140407384F627461696E206C696E6B206B65790014
S2140407485175657279696E67204E65787420496DAF
S21404075861676500446F776E6C6F6164696E6720C5
S214040768496D61676500566572696679696E6720C2
S214040778496D6167650057616974696E6720666FBD
S214040788722055706772616465206D65737361675E
S2140407986500436F756E74646F776E20746F2055AA
S2140407A87067726164650057616974696E6720745E
S2140407B86F207570677261646520766961206F754D
S2140407C8742D6F662D62616E64206D656368616E54
S2140407D869736D0025733A202564252520636F6D9B
S2140407E8706C65746500496D616765202564002032
S2140407F8204552524F523A20436F756C64206E6FF0
S21404080874206765742066756C6C20686561646519
S21404081872210020204865616465722056657273EB
S214040828696F6E3A203078253034580020204865A1
S21404083861646572204C656E6774683A2020256486
S2140408482062797465730020204669656C642043C9
S2140408586F6E74726F6C3A202030782530345800E6
S21404086820204D616E75662049443A2020202020B9
S2140408782020307825303458002020496D6167657B
S21404088820547970653A202020202030782530348A
S2140408985800202056657273696F6E3A202020200F
S2140408A8202020203078253038580020205A6967C0
S2140408B86265652056657273696F6E3A20307825CE
S2140408C83034580020204865616465722053747279
S2140408D8696E673A20202573002020496D61676594
S2140408E82053697A653A2020202020256C642062EB
S2140408F8797465730020205365637572697479206A
S214040908437265643A202030782530325800202017
S2140409185570677261646520446573743A202020B4
S2140409280020204D696E2E204857205665723A20BE
S2140409382020203078253034580020204D61782E29
S214040948204857205665723A2020202030782530D3
S2140409583458002020546F74616C20546167733ACD
S21404096820256400202020205461673A203078250A
S214040978303458002020202020204C656E67746888
S2140409883A20256C64004572726F723A20436F757C
S2140409986C64206E6F74206F627461696E20746173
S2140409A86720696E666F2066726F6D20696D616771
S2140409B8652E000A256420696D6167657320696E73
S2140409C8204F54412073746F726167652E00496D19
S2140409D86167652064656C65746525732E004572C9
S2140409E8726F723A2020436F756C64206E6F7420A1
S2140409F87265616420626C6F636B3A2030782530C8
S214040A0832582E0A005374617274696E67206572D0
S214040A186173652066726F6D206F666673657420F1
S214040A2830782530385820746F2030782530385878
S214040A3800436F756C64206E6F74207374617274EF
S214040A4820455241534521202830782530325829EC
S214040A5800454550524F4D20457261736520636FBB
S214040A686D706C657465002F686F6D652F72756E92
S214040A786E65722F776F726B2F747579612D7A692C
S214040A88676265652D7377697463682F7475796111
S214040A982D7A69676265652D7377697463682F7341
S214040AA8696C6162735F746F6F6C732F73696D70B2
S214040AB86C69636974795F73646B2F70726F746F93
S214040AC8636F6C2F7A69676265652F6170702F662D
S214040AD872616D65776F726B2F706C7567696E2FB0
S214040AE86F74612D73746F726167652D73696D70A9
S214040AF86C652D656570726F6D2F6F74612D7374D8
S214040B086F726167652D656570726F6D2D706167AC
S214040B18652D65726173652E63002F686F6D652F8A
S214040B2872756E6E65722F776F726B2F7475796136
S214040B382D7A69676265652D7377697463682F749F
S214040B487579612D7A69676265652D73776974634B
S214040B58682F73696C6162735F746F6F6C732F733D
S214040B68696D706C69636974795F73646B2F7072EE
S214040B786F746F636F6C2F7A69676265652F61702F
S214040B88702F6672616D65776F726B2F706C756700
S214040B98696E2F6F74612D73746F726167652D7338
S214040BA8696D706C652D656570726F6D2F6F7461F5
S214040BB82D73746F726167652D656570726F6D2E1F
S214040BC863004F54412053696D706C652053746FED
S214040BD87261676520454550524F4D207761726EA5
S214040BE8696E673A20636F756C64206E6F7420674D
S214040BF8657420736C6F7420696E666F20666F72F6
S214040C0820736C6F7420256420286572726F7220B6
S214040C18307825303258292E2044656661756C7400
S214040C28696E6720746F20737065636966696564A6
S214040C382061646472657373206F66667365747383
S214040C480053746F72616765204472697665723AF8
S214040C58202020202020202020202020204F5441FF
S214040C682053696D706C652053746F7261676520D4
S214040C78454550524F4D20506C7567696E00526555
S214040C886164204D6F6469667920577269746520BB
S214040C98537570706F72743A20206E6F00534F430A
S214040CA820426F6F746C6F6164696E672053757049
S214040CB8706F72743A2020202079657300426F6F33
S214040CC8746C6F616465722053746F726167652013
S214040CD8537570706F72743A20557365206669721E
S214040CE8737420736C6F7400536C6F7420746F2065
S214040CF87573653A202020202020202020202020DC
S214040D082020202025640043757272656E74204482
S214040D186F776E6C6F6164204F66667365743A20ED
S214040D282020203078253038580045424C2053740B
S214040D38617274204F66667365743A2020202020FA
S214040D48202020202020307825303858004545506B
S214040D58524F4D2053746172743A2020202020206C
S214040D6820202020202020202030782530385800C5
S214040D78454550524F4D20456E643A202020202089
S214040D8820202020202020202020202030782530D5
S214040D98385800496D61676520496E666F2053743C
S214040DA86172743A20202020202020202020203021
S214040DB8782530385800536176652052617465206A
S214040DC8286279746573292020202020202020207A
S214040DD82020307825303858004F666673657420AE
S214040DE86F6620646F776E6C6F6164206F666673D7
S214040DF86574202020307825303858004F6666738E
S214040E086574206F662045424C206F666673657469
S214040E183A20202020202020307825303858004FCB
S214040E286666736574206F6620696D6167652073EE
S214040E38746172743A2020202020203078253038B7
S214040E485800736C5F7A69676265655F61665F6F91
S214040E5874615F73746F726167655F6472697665DF
S214040E68725F726561645F63622829206661696CD3
S214040E7865642100426164206D61676963206E754C
S214040E886D62657220696E2066696C653A203078F2
S214040E98253032582030782530325820307825309E
S214040EA832582030782530325800426164207665FE
S214040EB87273696F6E20696E2066696C6520307877
S214040EC825303458004572726F723A207265616430
S214040ED8416E6456616C696461746553746F7265B7
S214040EE864496D616765282920747269656420748D
S214040EF86F2072656164206D6F7265206461746129
S214040F08207468616E20697420636F756C64206849
S214040F186F6C642E00736C5F7A69676265655F61DF
S214040F28665F6F74615F73746F726167655F64721E
S214040F38697665725F726561645F63622829204614
S214040F4841494C454421004C617374206F666673AE
S214040F58657420646F776E6C6F616465643A2030DC
S214040F6878253038580053746F72616765204D6F62
S214040F7864756C653A204F54412053696D706C65EE
S214040F882053746F7261676520506C7567696E00CC
S214040F98496D616765732053746F7265643A2020DF
S214040FA82564206F6620310A00253032583A0065D9
S214040FB870202530325820636C75732025303458D9
S214040FC82061747472202530345820737672202574
S214040FD86300206D666720253032580020726570DD
S214040FE86F7274206D696E2025303458206D6178D0
S214040FF82025303458207270742D63686720253095
S21404100838580020726563656976652066726F6D68
S21404101820253034582065702025303258207469CD
S2140410286D656F7574202530345800636C6561727D
S2140410380072656D6F766500636C656172696E67CC
S214041048206C617374207265706F72742074696D95
S21404105865206F6620616C6C2061747472696275B1
S2140410687465730074657374696E672074696D6952
S2140410786E67206F6620766172696F757320726575
S214041088706F7274696E67206F7065726174696FC9
S2140410986E73002D2D2D2D2D2D2D2D2D2D2D2D2D15
S2140410A82D2D2D2D2D2D2D2D2D2D2D2D2D2D2D2D5F
S2140410B82D2D2D2D2D2D2D2D2D2D2D2D2D2D2D2D4F
S2140410C82D2D002D2D7461626C6520726561647324
S2140410D8202D2066756C6C207461626C652D2D005D
S2140410E8726573756C74203D202564206D73002D1D
S2140410F82D696E6974202F207363686564756C6542
S214041108207469636B2D2D2D002D2D6C6F61642062
S214041118636F6E66696775726174696F6E2064655D
S2140411286661756C74732D2D002F686F6D652F724C
S214041138756E6E65722F776F726B2F747579612D65
S2140411487A69676265652D7377697463682F747541
S21404115879612D7A69676265652D73776974636842
S2140411682F73696C6162735F746F6F6C732F736926
S2140411786D706C69636974795F73646B2F70726FD2
S214041188746F636F6C2F7A69676265652F61707018
S2140411982F6672616D65776F726B2F706C756769F1
S2140411A86E2F7265706F7274696E672F7265706FD2
S2140411B87274696E672E6300524541445F525054F8
S2140411C85F43464700726561645F7265706F727448
S2140411D8696E675F636F6E66696775726174696F57
S2140411E86E005265706F7274696E673A206661693C
S2140411F86C656420746F2073656E64202573207292
S2140412086573706F6E73653A2030782530325800EF
S2140412184552523A2072656164696E6720636C753C
S214041228737465722030782530345820617474726B
S2140412386962757465203078253034583A203078D9
S21404124825303258004552523A207265706F7274CF
S214041258696E67206F66204C4F4E47207374726918
S2140412686E67206174747269627574652074797027
S21404127865206E6F7420737570706F727465643A47
S21404128820636C7573746572203078253034582062
S21404129861747472696275746520307825303458C0
S2140412A8005265706F7274696E6720456E74727941
S2140412B82046756C6C202D206372656174696E67B0
S2140412C8206E6577207265706F7274004346475FB8
S2140412D852505400202D20646972656374696F6ED9
S2140412E83A253032582C20617474723A25303458B2
S2140412F800202020747970653A253032582C206DE9
S214041308696E3A253034582C206D61783A25303485
S21404131858002020206368616E67653A0020202004
S21404132874696D656F75743A2530345800636F6E4A
S2140413386669677572655F7265706F7274696E67E1
S214041348002054434C4B2075706461746520616CAE
S214041358726561647920696E2070726F677265734E
S21404136873004D616E75616C2054434C4B20757048
S21404137864617465206661696C65642E2573005320
S21404138874617274696E672075706461746520741C
S214041398727573742063656E746572206C696E6BFF
S2140413A8206B65792070726F63657373005570647B
S2140413B8617465205443204C696E6B204B65790034
S2140413C8204E6577206B65792065737461626C6955
S2140413D8736865643A00204572726F723A00506109
S2140413E872746E65723A20005A434C20676C6F62BA
S2140413F8616C20636C757374657220636F6D6D61C0
S2140414086E647300646972656374696F6E006469F8
S21404141873632D636F6D2D67656E00646973632D42
S214041428636F6D2D726563006578706563742D72DD
S21404143865706F72742D66726F6D2D6D65007577A5
S21404144872697465006E7772697465007265706F88
S21404145872742D726561640073656E642D6D652DF6
S214041468612D7265706F727400437265617465737A
S214041478206120676C6F62616C20646973636F76A1
S214041488657220636F6D6D616E6420666F7220747A
S2140414986865206173736F63696174656420766137
S2140414A86C7565732E00636C757374657249641F76
S2140414B861747472696275746549641F6D61784EE7
S2140414C8756D626572546F5265706F72741F00434F
S2140414D8726561746573206120676C6F62616C2045
S2140414E873656E64206D652061207265706F727412
S2140414F820636F6D6D616E6420666F722074686514
S214041508206173736F6369617465642076616C75B2
S21404151865732E00636C757374657249641F617411
S2140415287472696275746549641F64617461547978
S21404153870651F6D696E5265706F727454696D6557
S2140415481F6D61785265706F727454696D651F7289
S21404155865706F727461626C654368616E67651F57
S2140415680043726561746573206120676C6F6261FD
S2140415786C2072656164207265706F7274696E6738
S21404158820636F6D6D616E6420666F722074686583
S214041598206173736F63696174656420636C757323
S2140415A87465722C2061747472696275746520613E
S2140415B86E64207365727665722F636C69656E74E3
S2140415C820646972656374696F6E2E00636C757344
S2140415D874657249641F61747472696275746549C6
S2140415E8641F646972656374696F6E1F00476C6F65
S2140415F862616C207265706F7274696E6720636FBF
S2140416086D6D616E6400656E64706F696E741F63D9
S2140416186C757374657249641F6174747269627553
S214041628746549641F6D61736B1F0043726561744A
S2140416386573206120676C6F62616C2072656164F3
S21404164820636F6D6D616E64206D65737361676585
S21404165820746F20726561642066726F6D207468EA
S2140416686520636C757374657220616E642061749A
S21404167874726962757465207370656369666965F2
S214041688642E00636C757374657249641F617474A0
S21404169872696275746549641F004372656174658E
S2140416A873206120676C6F62616C20777269746559
S2140416B820636F6D6D616E64206D65737361676515
S2140416C820746F20777269746520746F2074686557
S2140416D820636C757374657220616E64206174741B
S2140416E87269627574652073706563696669656492
S2140416F800636C757374657249641F6174747269E7
S2140417086275746549641F747970651F64617461D1
S2140417181F0043726561746520612065787065638F
S214041728742D7265706F72742D66726F6D2D6D658B
S214041738206D6573736167652077697468206173C3
S214041748736F6369617465642076616C7565732E5E
S21404175800636C757374657249641F617474726986
S2140417686275746549641F74696D656F75741F00C6
S214041778437265617465206120446973636F766596
S2140417887220436F6D6D616E64732047656E657273
S2140417986174656420636F6D6D616E642077697427
S2140417A868206173736F6369617465642076616C1D
S2140417B87565732E00636C757374657249641F735C
S2140417C874617274436F6D6D616E6449641F6D61F4
S2140417D878436F6D6D616E6449641F005365747356
S2140417E82074686520646972656374696F6E206620
S2140417F86F7220676C6F62616C20636F6D6D616ECB
S21404180864732C2065697468657220636C69656EF8
S2140418187420746F20736572766572206F722073F5
S214041828657276657220746F20636C69656E742EB3
S2140418380053657473206120666C616720736F209B
S2140418487468617420746865206170706C6963617B
S21404185874696F6E206672616D65776F726B205758
S214041868494C4C204E4F5420726573706F6E64203A
S214041878746F20746865206E657874205A434C200B
S2140418886D657373616765207468617420636F6D32
S214041898657320696E206F766572207468652061AA
S2140418A869722E0053657473206120666C61672024
S2140418B8736F207468617420746865206170706C36
S2140418C869636174696F6E206672616D65776F729D
S2140418D86B2057494C4C20726573706F6E64207485
S2140418E86F20746865206E657874205A434C206DA2
S2140418F8657373616765207468617420636F6D65CA
S2140419087320696E206F7665722074686520616935
S214041918722E005365747320746865204469736175
S214041928626C652044656661756C742052657370D4
S2140419386F6E7365204672616D6520436F6E7472B0
S2140419486F6C2062697420746F2075736520666FE7
S2140419587220746865206E65787420636F6D6D6197
S2140419686E642069662074686520636F6D6D616EA9
S21404197864206973206E6F7420616C726561647983
S214041988206275696C742E0064697361626C6544C0
S214041998656661756C74526573706F6E73651F0047
S2140419A8536574732074686520666C616720746F69
S2140419B8207573652074686520696E6372656D6545
S2140419C86E7465642073657175656E6365206E75DF
S2140419D86D6265722066726F6D2074686520667223
S2140419E8616D65776F726B20666F72207468652008
S2140419F86E6578742072617720636F6D6D616E64AE
S214041A082E007573654E65787453657175656E63D7
S214041A18651F00436C6920636F6D6D616E64207486
S214041A286F2063616C6C20736C5F7A6967626565A6
S214041A385F61665F7365745F74696D652066756E4D
S214041A486374696F6E20646F63756D656E74656420
S214041A5820696E2061662E680075746354696D6526
S214041A681F0053657473207468652074776F20624A
S214041A78797465206D616E756661637475726572D6
S214041A88207370656369666963206964656E746942
S214041A986669657220746F2075736520666F722098
S214041AA8746865206E65787420636F6D6D616E6406
S214041AB82069662074686520636F6D6D616E6420A6
S214041AC86973206E6F7420616C7265616479206234
S214041AD875696C742E006D6667537065636966690C
S214041AE86349641F006E6F742000534C5F5354415F
S214041AF85455535F4E4554574F524B5F55502030FC
S214041B0878253034580054727573742043656E749F
S214041B18657220455549206861732025736368619A
S214041B286E6765642E00534C5F5354415455535F97
S214041B384E4554574F524B5F444F574E00534C5FD5
S214041B485354415455535F4E4F545F4A4F494E457C
S214041B584400534C5F5354415455535F5A494742C3
S214041B6845455F4E4554574F524B5F4F50454E457B
S214041B78443A2025642073656300534C5F535441EC
S214041B885455535F5A49474245455F4E4554574F47
S214041B98524B5F434C4F5345440025733A202573F4
S214041BA80064697374726962757465640063656E4B
S214041BB87472616C697A656400466F726D00257389
S214041BC8696E67206F6E2063682025642C20706118
S214041BD86E496420307825303458004572726F7226
S214041BE83A2044657669636520646F6573206E6F72
S214041BF87420737570706F7274202573206E657404
S214041C08776F726B20666F726D6174696F6E004AC7
S214041C186F696E00496E76616C69642053656375F6
S214041C28726974792050726F66696C653A203078E8
S214041C382530325800704A6F696E20666F72202508
S214041C4864207365633A20307825303258004C692E
S214041C586D6974696E67206475726174696F6E2045
S214041C686F66207065726D6974206A6F696E206687
S214041C78726F6D20666F7265766572202832353508
S214041C882920746F203235340052583A205A444F6B
S214041C982C20636F6D6D616E64203078253034585F
S214041CA82C207374617475733A2030782530325852
S214041CB80053696D706C650052583A2025732044A9
S214041CC86573632052657370004D61746368002CF5
S214041CD8204D6174636865733A202564004465760C
S214041CE869636520416E6E6F756E63653A20307859
S214041CF8253034580052583A204945454520416411
S214041D08647265737320526573706F6E73650052E0
S214041D18583A2041637469766520455020526573A5
S214041D28706F6E73652C20436F756E743A20256445
S214041D38004E6F6465002C204D6174636865733AC1
S214041D482030782530345800737461636B207665C8
S214041D58722E205B25642E25642E256400202573A8
S214041D68206275696C642025645D005A444F0053EC
S214041D784500484100436C757374657200476C6F80
S214041D8862616C0025737478203078253038582CB6
S214041D98200050726F66696C653A202573202830D7
S214041DA87825303458292C20436C75737465723A38
S214041DB8203078253034582C2025642062797465C0
S214041DC8732C00205A434C20257320436D64204905
S214041DD8443A202564005072652D52656C6561731B
S214041DE86500416C706861203100416C7068612040
S214041DF83200416C7068612033004265746120319A
S214041E0800426574612032004265746120330047DD
S214041E184100526573657420696E666F3A2030789F
S214041E282530325820282573290064656C65746546
S214041E382062696E64696E673A2025303258202518
S214041E48303258000102030405060708090A0B0C79
S214041E5800010101010101010101010101005752BC
S214041E68495445204552523A20002573657020256A
S214041E7830325820636C75732025303458206174CA
S214041E8874722025303458206E6F74207375707001
S214041E986F72746564002573696E76616C69642074
S214041EA86461746120747970650025736174747252
S214041EB8206E6F74207772697461626C650057527D
S214041EC84954453A206E6F2077726974652C206AE7
S214041ED87573742061207465737400524541443ADE
S214041EE8206174747269627574652073697A6520F2
S214041EF8746F6F206C6172676520666F7220636109
S214041F086C6C657200636C6E740073727672005241
S214041F185700524F00202052414D20200020746F55
S214041F286B656E200065787465726E2000454E44B5
S214041F38504F494E54202530325800636C75732030
S214041F482F2073696465202F2061747472202F20F3
S214041F586D666720202F74797065286C656E292F46
S214041F68207277202F2073746F72616765202F2084
S214041F7864617461202872617729002530345820FA
S214041F882F202573202F2025303458202F2000207A
S214041F982F202530325820282530325829202F2043
S214041FA82573202F202573202F2000556E737570F7
S214041FB8706F72746564004F544120524541443A28
S214041FC82065703A25303258206369643A253034DF
S214041FD8582061747469643A25303458206D736BDC
S214041FE83A25303258206D66636F64653A25303476
S214041FF85800524541443A20636C757320253034A2
S214042008582C20617474722025303458206661690F
S2140420186C6564202530325800524541443A2063A2
S2140420286C757320253034582C20617474722025FE
S2140420383034582C20646174614C656E3A2025301F
S21404204832582C204F4B0028256329253032582532
S21404205830325825303258253032582530325825F3
S2140420683032582530325825303258006469736146
S214042078626C65002573642C2064726F7070696ED8
S214042088672065702030782530325820636C757365
S2140420982030782530345820636D64203078253015
S2140420A832580047656E65726174656400526563EC
S2140420B8656976656400446973636F766572204360
S2140420C86F6D6D616E647320726573706F6E736581
S2140420D82028636F6D706C6574653A202563292C17
S2140420E8202573204944733A200030782530325826
S2140420F820005F45585400524541445F41545452A9
S2140421080057524954453A20636C75732025303479
S214042118582061747472202530345820004641498A
S2140421284C20253032580057524954453A20746F8B
S2140421386F2073686F727400444953435F41545464
S2140421485200257325733A20636C75732025303442
S214042158580053766320446973633A2000257357FE
S214042168616974696E672025642073656320666FE9
S2140421787220646973636F7665727920746F20635E
S2140421886F6D706C65746500537461746520636F55
S21404219872726573706F6E64696E6720746F2074EC
S2140421A86865207468652072657175657374206E39
S2140421B86F7420666F756E640A002573636F6D709E
S2140421C86C6574652E0A00257353657276696365B3
S2140421D820446973636F76657279205374617465F5
S2140421E8206C696D69747320726561636865640A36
S2140421F8002573496C6C6567616C2062726F616454
S2140422086361737420616464726573732C207265E9
S2140422186D617070696E6720746F2076616C69648E
S214042228206F6E652E0025734661696C656420749C
S2140422386F2073656E64206D6174636820646973C7
S214042248636F766572793A203078253032580025DF
S214042258735374617274696E6720646973636F7606
S21404226865727920666F7220636C75737465722064
S2140422783078253034580025734661696C656420C7
S214042288746F2073656E642073696D706C65206462
S214042298657363726970746F72207265717565739D
S2140422A8743A203078253032580025734661696CB4
S2140422B8656420746F2073656E642049454545201F
S2140422C86164647265737320726571756573743AB4
S2140422D8203078253032580025734661696C656469
S2140422E820746F2073656E64204E574B20616464B7
S2140422F87265737320726571756573743A203078E5
S21404230825303258004572726F723A20257320625F
S21404231861642073696D706C6520646573637269A3
S21404232870746F72206C656E6774682E0025734D22
S21404233865737361676520746F6F2073686F727452
S2140423480025734D65737361676520746F6F20731A
S214042358686F727420666F72206E756D2E20656EB7
S21404236864706F696E74730025734D6174636825B1
S2140423787320666F756E642066726F6D20307825DC
S2140423883034582E004572726F723A2025732069CD
S2140423986E76616C6964206C656E6774682028259F
S2140423A86420213D2025642920666F7220416374C9
S2140423B869766520456E64706F696E7420726573FD
S2140423C8706F6E7365002573676F74206163746934
S2140423D8766520455020726573706F6E7365005578
S2140423E854432074696D653A2025642F25642F2587
S2140423F8642025643A25643A25642028253038580C
S214042408290028556E6B6E6F776E20636C75732E75
S214042418205B3078253034585D29000D0A54253061
S21404242838583A005258206C656E2025642C20656E
S2140424387020253032582C20636C7573203078252C
S2140424483034582000206D66674964202530345897
S21404245800204643202530325820736571202530E5
S214042468325820636D642025303258207061796CA8
S2140424786F61645B004261736963004F766572201E
S2140424887468652041697220426F6F746C6F61646A
S214042498696E67002573525820706B7420746F6FCA
S2140424A82073686F72743A202564203C20256400E3
S2140424B82573525820706B74206D616C666F726D4C
S2140424C865643A202564203C202564002020486161
S2140424D8766520526F7574657220537570706F72C6
S2140424E874002020456E6420446576696365204F31
S2140424F86E6C79002020456E61626C65640020204D
S21404250844697361626C6564004572726F72207206
S214042518657472696576696E6720696E666F20668B
S2140425286F72206C6962726172792049442025644E
S214042538002573206C696272617279257320707243
S2140425486573656E74005A69676265652050726FB4
S2140425580042696E64696E670053656375726974D0
S2140425687920436F726500536563757269747920C0
S2140425784C696E6B204B6579730043424B4520319A
S21404258836334B310043424B45204453412053696C
S214042598676E004543430043424B4520445341205D
S2140425A8566572696679005061636B657420566176
S2140425B86C6964617465005A4C4C0043424B452070
S2140425C83238334B3100454343203238334B3100DD
S2140425D843424B4520636F7265004E4350004D7569
S2140425E86C7469206E6574776F726B00456E6861EB
S2140425F86E63656420426561636F6E205265710080
S21404260843424B45203238334B31204453412056FD
S2140426186572696679004D756C74692D50414E0073
S2140426282F686F6D652F72756E6E65722F776F7271
S2140426386B2F747579612D7A69676265652D737772
S214042648697463682F747579612D7A69676265653C
S2140426582D7377697463682F73696C6162735F742A
S2140426686F6F6C732F73696D706C69636974795FC7
S21404267873646B2F70726F746F636F6C2F7A6967ED
S2140426886265652F737461636B2F636F6E66696723
S2140426982F736C5F7A69676265655F636F6E6669D8
S2140426A86775726174696F6E2E63002F686F6D6547
S2140426B82F72756E6E65722F776F726B2F747579BD
S2140426C8612D7A69676265652D7377697463682F07
S2140426D8747579612D7A69676265652D737769748F
S2140426E863682F73696C6162735F746F6F6C732FA2
S2140426F873696D706C69636974795F73646B2F7042
S214042708726F746F636F6C2F7A69676265652F736F
S2140427187461636B2F6672616D65776F726B2F6178
S21404272865732D6563622E63002F686F6D652F725F
S214042738756E6E65722F776F726B2F747579612D4F
S2140427487A69676265652D7377697463682F74752B
S21404275879612D7A69676265652D7377697463682C
S2140427682F73696C6162735F746F6F6C732F736910
S2140427786D706C69636974795F73646B2F70726FBC
S214042788746F636F6C2F7A69676265652F737461FB
S214042798636B2F73656375726974792F7A696762D8
S2140427A865652D73656375726974792D6D616E61DF
S2140427B86765722D6E6F2D7661756C742E63004591
S2140427C872726F723A20204661696C656420746F71
S2140427D820726561642066726F6D20454550524FBD
S2140427E84D2061742030782534582C207374617415
S2140427F875733A20256400454550524F4D20496E5E
S214042808697469616C697A65643A2025630045458C
S21404281850524F4D20427573793A20256300506113
S214042828727469616C20576F72642053746F726196
S214042838676520436F756E743A20256400416464A6
S214042848726573733A2030782534582C2050617298
S2140428587469616C20576F72643A20307825580082
S214042868636F6E6669726D656400617373756D6512
S21404287864000A454550524F4D20496E666F004E17
S2140428886F7420617661696C61626C6520286F6C70
S21404289864657220626F6F746C6F61646572290078
S2140428A850617274204465736372697074696F6EDC
S2140428B83A20202020202020202020257300436151
S2140428C8706162696C69746965733A2020202020F7
S2140428D82020202020202020203078253258005020
S2140428E86167652045726173652074696D65202883
S2140428F873293A2020202020202564005061727411
S2140429082045726173652074696D65202873293AB9
S21404291820202020202025640050617274204572EF
S2140429286173652074696D6520286D73293A2020C3
S21404293820202020256400506167652073697A6525
S21404294820286279746573293A20202020202020C4
S2140429582020256C00506172742073697A652028DB
S2140429686279746573293A202020202020202020AC
S214042978256C00576F72642073697A65202862791B
S214042988746573293A2020202020202020202564DE
S214042998202825702900454550524F4D20696E69F8
S2140429A8743A2030782558002F686F6D652F727535
S2140429B86E6E65722F776F726B2F747579612D7AC8
S2140429C869676265652D7377697463682F747579AA
S2140429D8612D7A69676265652D7377697463682FF4
S2140429E873696C6162735F746F6F6C732F73696D50
S2140429F8706C69636974795F73646B2F7574696C3A
S214042A082F706C7567696E2F706C7567696E2D63A9
S214042A186F6D6D6F6E2F656570726F6D2F6565705F
S214042A28726F6D2E6300556E61626C6520746F203C
S214042A38626F6F7420696D61676520617420736CBA
S214042A486F7420256C640A00536C6F74204D616E95
S214042A5861676572206661696C656420746F2065B9
S214042A687261736520736C6F740A004D6178207206
S214042A78656164206C696D69742073657420746F6D
S214042A882025642062797465730A0041646472655B
S214042A987373202020202020202020204461746185
S214042AA80A00307825346C78202020202020203016
S214042AB87825780A004661696C656420746F20720C
S214042AC86561642066726F6D20666C6173680A00BF
S214042AD8536C6F7420256C640A2020416464726504
S214042AE8737320202020203A20307825346C580A26
S214042AF820204C656E6774682020202020203A2009
S214042B08307825346C582028256C642062797465DE
S214042B1873290A002020547970652020202020205C
S214042B2820203A20004E6F2047424C20707265736E
S214042B38656E740A005A69674265650A00546872C5
S214042B486561640A00436F6E6E6563740A00426CBE
S214042B587565746F6F74680A00426C7565746F6F78
S214042B687468206170706C69636174696F6E0A00BA
S214042B784D43550A004F7468657220283078256CD2
S214042B8858290A00202056657273696F6E20202023
S214042B9820203A203078256C580A0020204361709B
S214042BA86162696C69746965733A20307825346C97
S214042BB8580A00202050726F6475637420494420B4
S214042BC8203A2000307825582000536C6F74204D26
S214042BD8616E616765723A206661696C6564207423
S214042BE86F20696E697469616C697A6520626F6FB3
S214042BF8746C6F6164657220286572726F72203017
S214042C0878253478290A0056657273696F6E202011
S214042C182020203A2025640A00506172742020205F
S214042C2820202020203A2025730A00436170616220
S214042C38696C69746965733A20307825780A005097
S214042C486172742073697A652020203A20256420EE
S214042C58420A00506167652073697A652020203A25
S214042C6820256420420A00576F72642073697A65C7
S214042C782020203A20256420420A00536C6F74737F
S214042C88202020202020203A2025640A0046616956
S214042C986C656420746F20726561642066726F6D5B
S214042CA82073746F7261676520666C617368202888
S214042CB86572726F72202564290A00496E76616C03
S214042CC8696420736C6F7420256420286D617820ED
S214042CD8736C6F74202564290A004661696C656400
S214042CE820746F2067657420696E666F20666F723D
S214042CF820736C6F742025640A00536C6F74204D1F
S214042D08616E616765723A20736C6F7420777269B6
S214042D187465206661696C7572652E2041646472F8
S214042D28657373206F666673657420282564292086
S214042D382B207772697465206C656E677468202822
S214042D482564292067726561746572207468616EEB
S214042D5820746F74616C20736C6F74206C656E6776
S214042D68746820282564290A00536C6F74204D6102
S214042D786E61676572207761726E696E673A207352
S214042D886C6F74202564206C656E6774682028252B
S214042D986429206E6F7420616C69676E656420749C
S214042DA86F20706167652073697A65202825642911
S214042DB82E2054686520656E7469726520736C6F7E
S214042DC8742077696C6C206E6F7420626520657257
S214042DD8617365642E0A00536C6F74204D616E61CE
S214042DE86765723A206661696C656420746F20654D
S214042DF87261736520256420627974657320696E30
S214042E0820736C6F74202564206174206164647276
S214042E1865737320307825347820286572726F724B
S214042E282030782578290A00457261736564202560
S214042E386420627974657320696E20736C6F7420DD
S214042E4825640A004661696C656420746F2073659E
S214042E587420736C6F7420746F20626F6F742028EC
S214042E686572726F72203078253478290A004661B4
S214042E78696C656420746F20736574206C69737458
S214042E88206F6620736C6F747320746F20626F6F84
S214042E987420286572726F72203078253478290A6F
S214042EA8004661696C656420746F20676574206EDB
S214042EB86577206C697374206F6620736C6F7473FF
S214042EC820746F20626F6F7420286572726F722088
S214042ED83078253478290A00426567696E6E696E0B
S214042EE86720696D616765207665726966696361DE
S214042EF874696F6E2E2E2E002E6661696C656421C9
S214042F0820284572726F72203078253478290A0092
S214042F182E7061737365642120426F6F74696E67DF
S214042F2820736C6F742025640A00666E692B00662D
S214042F386E69006E616E00666E692D006C69627358
S214042F48006273656E6400726573657400726177F7
S214042F580073656E645F6D756C7469636173740081
S214042F6873656E642D7573696E672D6D756C7469FB
S214042F78636173742D62696E64696E670074696D43
S214042F886573796E63006765742D7074692D726154
S214042F9864696F2D636F6E66696700636F6E666932
S214042FA8672D6363612D6D6F6465006576656E7461
S214042FB873007365637572697479007A6967626504
S214042FC8655F7072696E7400706C7567696E006E02
S214042FD86574006B657973006F7074696F6E007042
S214042FE86C7567006368616E67656B65790063680E
S214042FF8616E67656B007A646F007072696E742020
S21404300872656C6174656420636F6D6D616E64735C
S2140430182E0061747472005A646F2072656C617451
S214043028656420636F6D6D616E64732E00726F75D0
S214043038746500706F776572006D676D742D6C71BA
S21404304869006D676D742D62696E64006E6F6465E1
S2140430580073696D706C65006965656500756E62F8
S214043068696E64006E776B2D757064006F75742DC9
S214043078636C2D6C69737400696E2D636C2D6C69B2
S2140430887374005A646F20696E2D636C2D6C6973B3
S214043098742072656C6174656420636F6D6D616E0F
S2140430A864732E005A646F206F75742D636C2D6CD0
S2140430B86973742072656C6174656420636F6D6DE2
S2140430C8616E64732E005A646F206E776B2D75706C
S2140430D8642072656C6174656420636F6D6D616EDF
S2140430E864732E007363616E2D6368616E2D6D6163
S2140430F8736B007363616E006368616E5067006388
S21404310868616E005A646F20756E62696E64207218
S214043118656C6174656420636F6D6D616E64732E8F
S21404312800756E6963617374006368616E67656BC6
S21404313865792072656C6174656420636F6D6D6172
S2140431486E64732E006C696E6B004F7074696F6ED4
S2140431582072656C6174656420636F6D6D616E645E
S214043168732E0072656769737465720064697363A5
S21404317800696E7374616C6C2D636F6465006269B4
S2140431886E64696E672D7461626C65007072696E30
S214043198742D72782D6D736773006170737265741D
S2140431A872790041505320726574727920666C6196
S2140431B86720666F72636520636F6D6D616E6473F6
S2140431C800456E61626C65732F44697361626C6551
S2140431D873207072696E74696E67206F6620527801
S2140431E8206D657373616765732E00656E61626C26
S2140431F8650042696E64696E67207461626C652056
S21404320872656C6174656420636F6D6D616E64735A
S2140432182E005365637572697479206B657973201B
S21404322872656C6174656420636F6D6D616E64733A
S2140432382E0064656C657465004E6574776F726BF2
S2140432482072656C6174656420636F6D6D616E646D
S214043258732E00666F726D0072656A6F696E2D64F0
S2140432686966662D6465766963652D74797065008C
S21404327865787470616E69640069736F70656E0052
S21404328862726F61642D706A6F696E006368616E3E
S21404329867652D6368616E6E656C00696E69740097
S2140432A86368616E67652D6B6565702D616C6976FC
S2140432B8652D6D6F64650074696D656F75742D6F23
S2140432C87074696F6E2D6D61736B006D756C7469BF
S2140432D82D7068792D7374617274006D756C7469D9
S2140432E82D7068792D73746F700066696E64006E4D
S2140432F86574776F726B2066696E6420636F6D6D94
S214043308616E64732E006A6F696E61626C6500751F
S2140433186E7573656400736C6F742D6D616E61678A
S214043328657200636F756E7465727300656E642DDE
S2140433386465766963652D737570706F727400665C
S214043348696E642D616E642D62696E6400667261CE
S214043358676D656E746174696F6E0067726F7570F9
S214043368732D736572766572006E6574776F726B0B
S2140433782D7374656572696E67006F74612D626F6C
S2140433886F746C6F6164006F74612D636C69656E2D
S21404339874006F74612D73746F726167652D636F43
S2140433A86D6D6F6E006F74612D73746F72616765EF
S2140433B82D656570726F6D0069646C652D736C6538
S2140433C86570007570646174652D74632D6C696E20
S2140433D86B2D6B6579007570646174652D74632D47
S2140433E86C696E6B2D6B65792072656C61746564A7
S2140433F820636F6D6D616E64730074696D65720029
S2140434086E6F7700436F6D6D616E647320746F2002
S214043418636F6E74726F6C2069646C696E672F7361
S2140434286C656570696E67206F66207468652064CD
S214043438657669636500666F7263652D6177616B8F
S21404344865006177616B652D7768656E2D6E6F74A0
S2140434582D6A6F696E6564007265706F7274696E42
S214043468672072656C6174656420636F6D6D616E48
S21404347864732E00636C6561722D6C6173742D72AF
S21404348865706F72742D74696D6500746573742D38
S21404349874696D696E67006F74612D73746F7261F9
S2140434A867652D656570726F6D2072656C617465ED
S2140434B86420636F6D6D616E64732E007769706542
S2140434C8006F74612D73746F726167652D636F6D19
S2140434D86D6F6E2072656C6174656420636F6D6DC4
S2140434E8616E6473007072696E74496D61676573A2
S2140434F80072656C6F61640073746F726167652D22
S214043508696E666F00646174612D7072696E74000A
S2140435186F74612D636C69656E742072656C617472
S214043528656420636F6D6D616E64732E00766572D4
S21404353869667900626C6F636B2D746573740070CA
S2140435486167652D72657175657374007570677249
S2140435586164652D72657175657374006469736159
S214043568626C652D646F776E677261646573006557
S2140435786E61626C652D646F776E677261646573DD
S214043588006F74612D626F6F746C6F61642072656E
S2140435986C6174656420636F6D6D616E6473006E30
S2140435A86574776F726B2D7374656572696E6720C0
S2140435B872656C6174656420636F6D6D616E6473A7
S2140435C82E007072652D636F6E6669677572656422
S2140435D82D6B65792D736574006D61736B20726548
S2140435E86C6174656420636F6D6D616E642E007320
S2140435F8756274726163740067726F7570732D7385
S21404360865727665722072656C6174656420636F92
S2140436186D6D616E64732E00667261676D656E7497
S2140436286174696F6E2072656C6174656420636F7B
S2140436386D6D616E64732E007365742D72782D77C4
S214043648696E646F772D73697A650061727469664A
S214043658696369616C2D626C6F636B2D64726F703D
S2140436680046696E6420616E642062696E64207226
S214043678656C6174656420636F6D6D616E64732E2A
S21404368800696E69746961746F7200656E642D648E
S21404369865766963652D737570706F7274207265CC
S2140436A86C6174656420636F6D6D616E64732E005F
S2140436B8706F6C6C2D636F6D706C657465642D63C8
S2140436C8616C6C6261636B00666F7263652D736808
S2140436D86F72742D706F6C6C00656E61626C655FDA
S2140436E87479706500737461636B00617070007A36
S2140436F8636C006C65676163795F61665F646562C5
S214043708756700636F756E746572732072656C6195
S21404371874656420636F6D6D616E64732E007072D9
S214043728696E742D636F756E7465722D7479706521
S2140437380073696D706C652D7072696E74007072B2
S214043748696E742D7468726573686F6C647300733D
S21404375865742D7468726573686F6C64007265733B
S21404376865742D7468726573686F6C64730073652A
S2140437786E642D726571756573740073656375720E
S2140437886974792072656C6174656420636F6D6D05
S214043798616E6473007365742D616C6C6F772D7439
S2140437A8727573742D63656E7465722D72656A6FAF
S2140437B8696E2D7573696E672D77656C6C2D6B6EE7
S2140437C86F776E2D6B6579007365742D616C6C6FFD
S2140437D8772D74727573742D63656E7465722D72A5
S2140437E8656A6F696E2D7573696E672D77656C6C7F
S2140437F82D6B6E6F776E2D6B65792D74696D656F9D
S2140438087574007365742D6B65792D7265717565AD
S21404381873742D706F6C696379006D66672D746FA9
S2140438286B656E00617073005365637572697479AD
S214043838206170732072656C6174656420636F6DB3
S2140438486D616E64732E004765742F736574204D1E
S214043858464720746F6B656E2E00656E64706F69DC
S2140438686E742072656C6174656420636F6D6D6137
S2140438786E64732E00656570726F6D207574696C5E
S2140438886974792072656C6174656420636F6D6D04
S214043898616E647300536C6F74204D616E61676566
S2140438A8722072656C6174656420636F6D6D616EF9
S2140438B8647300626F6F742D736C6F740065726145
S2140438C873652D736C6F74006578742D666C6173FC
S2140438D8682D696E666F00736C6F74732D696E66F7
S2140438E86F005072696E74732074696D652E00508B
S2140438F872696E7473206174747269627574652E65
S21404390800436C6561727320746865205A444F20BE
S2140439186C697374206F6620636C69656E742028FE
S214043928696E2920636C7573746572732E0041641E
S214043938647320636C75737465727320746F207473
S2140439486865206B6E6F776E20636C69656E74208D
S21404395828696E2920636C757374657273206F6E9C
S2140439682074686973206465766963652E00436C01
S2140439786561727320746865205A444F206C6973B5
S21404398874206F6620636C69656E7420286F75747E
S2140439982920636C7573746572732E0041646473AE
S2140439A820636C75737465727320746F207468650D
S2140439B8206B6E6F776E20636C69656E7420286F53
S2140439C875742920636C757374657273206F6E2022
S2140439D874686973206465766963652E0053656E3A
S2140439E8647320616E207570646174652063686111
S2140439F86E6E656C20726571756573742E006368E7
S214043A08616E6E656C1F0053656E647320616E206C
S214043A18757064617465206368616E6E656C207089
S214043A28616765207265712E205468652073746119
S214043A38636B2073656E6473206E776B20656E689F
S214043A48616E63656420757064617465207265715F
S214043A5820666F72206E6F6E2D7A65726F207061A5
S214043A6867652E006368616E6E656C1F70616765B6
S214043A781F00506572666F726D7320616E20656EE6
S214043A8865726779207363616E2E00746172676568
S214043A98744E6F646549641F7363616E447572611E
S214043AA874696F6E1F7363616E436F756E741F005F
S214043AB842726F6164636173747320746865204925
S214043AC844206F6620746865206E6577206E65747A
S214043AD8776F726B206D616E6167657220616E64C4
S214043AE820616374697665206368616E6E656C73BD
S214043AF82E006E776B4D676549641F6368616E6E4A
S214043B08656C4D61736B1F00506572666F726D73DA
S214043B1820616E20656E65726779207363616E2016
S214043B286F6E20676976656E206368616E6E656C75
S214043B38206D61736B2E007461726765744E6F64D2
S214043B486549641F7363616E4475726174696F6E48
S214043B581F7363616E436F756E741F6368616E6E60
S214043B68656C4D61736B1F0053656E64732061202A
S214043B786E6574776F726B20616464726573732004
S214043B887265717565737420666F72207468652033
S214043B98676976656E2049454545206164647265A3
S214043BA873732E00696565651F00526571756573C4
S214043BB8747320616E2049454545206164647265C6
S214043BC87373206261736564206F6E206120676971
S214043BD876656E206E6F64652049442E006E6F64A9
S214043BE86549641F0053656E647320612073696DAC
S214043BF8706C652064657363726970746F72207282
S214043C0865717565737420666F72207468652073B1
S214043C18686F7274206164647265737320616E647D
S214043C2820656E64706F696E742073706563696668
S214043C386965642E00646573741F746172676574BD
S214043C48456E64706F696E741F0053656E647320E6
S214043C5861206D6174636844657363726970746F18
S214043C6872735265717565737420746F2074686511
S214043C7820676976656E2064657374696E61746915
S214043C886F6E20776974682074686520676976653E
S214043C986E2070726F66696C652E006E6F64654977
S214043CA8641F70726F66696C651F0053656E647373
S214043CB82061206E6F64652064657363726970742E
S214043CC86F72207265717565737420746F20612035
S214043CD8676976656E2074617267657420646576B4
S214043CE86963652E007461726765741F0053656E98
S214043CF864732061205A444F2042696E6420636FBF
S214043D086D6D616E6420746F2061206465766963E6
S214043D18652073706563696669656420696E2074D6
S214043D28686520636F6D6D616E6420617267756D7A
S214043D38656E74732E0044657374696E6174696F76
S214043D486E1F536F7572636520656E64706F696E57
S214043D58741F44657374696E6174696F6E20656E4A
S214043D6864706F696E741F636C7573746572494406
S214043D781F72656D6F746545554936341F646573DF
S214043D887445554936341F0053656E647320616E56
S214043D982061637469766520656E64706F696E74F5
S214043DA8207265717565737420746F207468652055
S214043DB86465766963652077697468207468652025
S214043DC8676976656E2073686F72742049442E009E
S214043DD853656E647320616E20756E62696E642026
S214043DE87265717565737420666F72206120756ECE
S214043DF869636173742062696E64696E6720746FA0
S214043E0820746865207461726765742064657669D1
S214043E1863652E007461726765741F736F757263C9
S214043E28652065756936341F736F7572636520651A
S214043E386E64706F696E741F636C7573746572490B
S214043E48441F64657374696E6174696F6E45554979
S214043E5836341F64657374696E6174696F6E2065A1
S214043E686E64706F696E741F0053656E64732061A8
S214043E786E20756E62696E642072657175657374FA
S214043E8820666F722061206D756C74696361737443
S214043E982062696E64696E6720746F207468652092
S214043EA8746172676574206465766963652E007448
S214043EB861726765741F736F7572636520657569CB
S214043EC836341F736F7572636520656E64706F6928
S214043ED86E741F636C757374657249441F67726FDA
S214043EE87570416464726573731F0053656E6473FA
S214043EF82061205A444F204D616E6167656D656E7A
S214043F0874204C6561766520636F6D6D616E642000
S214043F18746F2074686520746172676574206465BC
S214043F28766963652E007461726765741F72656DC1
S214043F386F76654368696C6472656E1F72656A6F2E
S214043F48696E1F0053656E64732061205A444F20BF
S214043F584D474D542D42696E64202842696E646943
S214043F686E67205461626C652920526571756573A5
S214043F787420746F20746865207461726765742091
S214043F886465766963652E007461726765741F7369
S214043F9874617274496E6465781F0053656E647341
S214043FA82061205A444F204D474D542D4C514920EA
S214043FB8284C5149205461626C65292052657175F4
S214043FC865737420746F20746865207461726765FD
S214043FD874206465766963652E0053656E64732081
S214043FE861205A444F20506F776572204465736386
S214043FF8726970746F722052657175657374207473
S2140440086F207468652074617267657420646576C9
S2140440186963652E0053656E64732061205A444FA5
S21404402820726F7574652072657175657374206384
S2140440386F6D6D616E6420746F207468652074619A
S214044048726765742E007461726765741F696E649E
S21404405865781F00696E6465781F65756936341F50
S214044068696E7374616C6C436F64651F00696E6473
S21404407865781F65756936341F6B65791F00544368
S214044088206C696E6B206B65792072657175657333
S2140440987420706F6C6963791F417070206C696E48
S2140440A86B206B6579207265717565737420706F03
S2140440B86C6963791F00426F6F6C3A20616C6C6F91
S2140440C8772074727573742063656E7465722072D3
S2140440D8656A6F696E207573696E672077656C6CA0
S2140440E82D6B6E6F776E206B65791F0070726F6626
S2140440F8696C6549641F636C757374657249641FDB
S2140441080074617267657449641F00456E61626C69
S2140441186573207072696E74696E67206F662052C4
S21404412878206D657373616765732E0053657473C1
S214044138207468652062696E64696E6720746162BB
S2140441486C6500696E6465781F636C757374657254
S2140441581F6C6F63616C45701F72656D6F7465457F
S214044168701F65756936341F00436C656172732069
S2140441787468652062696E64696E67207461626C2F
S214044188652E005072696E747320746865206269BF
S2140441986E64696E67207461626C6520746F20743F
S2140441A8686520636F6D6D616E64206C696E652E3C
S2140441B800436C6561727320616C6C20736563756B
S2140441C872697479206B6579732E0044656C65741E
S2140441D8652074686520737065636966696564201C
S2140441E86C696E6B206B657920696E6465782E0041
S2140441F85072696E747320616C6C20736563757293
S214044208697479206B6579732E005465726D696ECE
S2140442186174657320746865206D756C74692D50B7
S214044228485920696E7465726661636500557365DE
S2140442386420746F207374617274206D756C74696D
S2140442482D50485920696E74657266616365206FDF
S21404425874686572207468616E206E617469766528
S21404426820616E6420666F726D20746865206E65C2
S21404427874776F726B2E2054686520737461636B51
S21404428820757365732073616D652050616E49648B
S214044298206173206E617469766520726164696F43
S2140442A8206E6574776F726B2E00706167651F6386
S2140442B868616E6E656C1F706F7765721F6F7074B9
S2140442C8696F6E734D61736B2028426974203020C1
S2140442D83D20526F757465727320616C6C6F7765D8
S2140442E8642C204269742031203D2042726F616438
S2140442F86361737420616C6C6F776564291F004171
S2140443087474656D70747320746F206368616E6767
S2140443186520746865206368696C642074696D65D3
S2140443286F7574206F7074696F6E206D61736B207F
S214044338746F2066696C746572206F757420756E68
S214044348646573697261626C652076616C75657301
S2140443582028652E672E206E6F206D6F7265207478
S21404436868616E20332064617973292E0074696D40
S214044378656F7574206F7074696F6E206D61736BEA
S2140443881F0053776974636865732062657477657C
S214044398656E20646966666572656E74206B65650D
S2140443A87020616C697665206D6F6465732073751B
S2140443B870706F72746564206279206120726F75FC
S2140443C87465722E004B65657020616C697665208D
S2140443D86D6F64651F005072696E74732074686527
S2140443E82063757272656E74204E6F646520494446
S2140443F82C2045554936342C20616E642050616E55
S2140444082049442E00496E697469616C697A65733B
S2140444182061206E6574776F726B3B2074686973CD
S2140444282069732061207465737420636F6D6D61F1
S2140444386E64207573656420666F722074632D73CA
S2140444487761702D6F75742074657374696E672E42
S214044458005365747320746865206E6574776F728C
S2140444686B20696E646578207573656420627920AC
S214044478616C6C2066757475726520434C492063BC
S2140444886F6D6D616E64732E20204265666F72656B
S21404449820657865637574696E67206120434C49A6
S2140444A820636F6D6D616E642C2074686520667277
S2140444B8616D65776F726B2073776974636865736B
S2140444C820746F2074686973206E6574776F726BD6
S2140444D82E202041667465722074686520636F6DAB
S2140444E86D616E642066696E6973686573206578A5
S2140444F865637574696E672C2074686520667261D6
S2140445086D65776F726B207377697463686573205B
S2140445186261636B20746F207468652070726576B8
S214044528696F7573206E6574776F726B2E202054CE
S214044538686520434C492075736573207468652044
S21404454873616D65206E6574776F726B20696E642F
S214044558657820756E74696C207468652064657661
S21404456869636520726573657473206F7220697455
S214044578206973206368616E676564207468726F67
S214044588756768207468697320636F6D6D616E64FF
S2140445982E00417474656D70747320746F2063689C
S2140445A8616E676520646576696365206F766572F3
S2140445B820746F206120646966666572656E74206F
S2140445C86368616E6E656C20676976656E20696ED1
S2140445D820746865206368616E6E656C2061726716
S2140445E8756D656E742E00546865206368616E6E1A
S2140445F8656C20746F206368616E676520746F1F2E
S2140446080066696E64556E7573656450616E4964B8
S2140446180066696E644A6F696E61626C654E65749D
S214044628776F726B005065726D697473206A6F6970
S2140446386E696E67206F6E20746865206E65747781
S2140446486F726B20666F72206120676976656E20CC
S2140446586E756D626572206F66207365636F6E642F
S2140446687320414E442062726F616463617374738D
S2140446782061205A444F204D676D74205065726D32
S2140446886974204A6F696E696E672072657175650C
S214044698737420746F20616C6C20726F7574657205
S2140446A8732E00412073696E676C652062797465A1
S2140446B820696E6469636174696E6720686F772021
S2140446C86C6F6E6720746865206465766963652018
S2140446D873686F756C642068617665207065726DA2
S2140446E86974206A6F696E696E67207475726E6580
S2140446F864206F6E20666F722E20412076616C757A
S21404470865206F662030786666207475726E73202E
S2140447186F6E207065726D6974206A6F696E2069A1
S2140447286E646566696E6974656C792E1F004368E5
S21404473865636B73206E6574776F726B20706A6F2F
S214044748696E207374617475732E00577269746584
S214044758732074686520657874656E646564207073
S214044768616E20494420666F72207468652064650B
S214044778766963652E0065787470616E69641F00D7
S21404478852656A6F696E7320616E20657869737402
S214044798696E67206E6574776F726B20696E206128
S2140447A820736563757265206F7220696E7365631E
S2140447B8757265206D616E6E6572207769746820FF
S2140447C86120646966666572656E742064657669D8
S2140447D8636520747970652E00426F6F6C65616E30
S2140447E8206E6574776F726B206B657920617661CD
S2140447F8696C6162696C6974791F4368616E6E6579
S2140448086C206D61736B1F416E20656E756D6572E5
S2140448186174696F6E20696E6469636174696E6732
S21404482820746865206465766963652074797065A4
S21404483820746F2072656A6F696E2061732E5468DF
S2140448486520737461636B206F6E6C792061636393
S2140448586570747320534C5F5A49474245455F4513
S2140448684E445F44455649434520616E6420534C84
S2140448785F5A49474245455F534C454550595F453D
S2140448884E445F4445564943452E1F0052654A6FB9
S214044898696E732061206E6574776F726B2E0042A2
S2140448A86F6F6C65616E206E6574776F726B206BC4
S2140448B8657920617661696C6162696C6974791FCF
S2140448C84368616E6E656C206D61736B1F004C6582
S2140448D8617665732061206E6574776F726B2E003F
S2140448E85475726E73207065726D6974206A6F6988
S2140448F86E696E67206F6E20666F72207468652016
S214044908616D6F756E74206F662074696D652069B5
S2140449186E646963617465642E00412073696E670A
S2140449286C65206279746520696E6469636174696C
S2140449386E6720686F77206C6F6E672074686520D2
S2140449486465766963652073686F756C642068614E
S2140449587665207065726D6974206A6F696E696E13
S21404496867207475726E206F6E20666F722E2041F3
S2140449782076616C7565206F6620307866662074CC
S21404498875726E73207065726D6974206A6F696ECD
S21404499820696E646566696E6974656C792E1F0095
S2140449A84A6F696E732061206E6574776F726B2028
S2140449B86F6E206120676976656E206368616E6E27
S2140449C8656C2C2077697468206120676976656E43
S2140449D820545820506F77657220616E64205041C9
S2140449E84E2049442E00546865206368616E6E65DF
S2140449F86C206F6E20776869636820746F206A6F0E
S214044A08696E20746865206E6574776F726B1F4FC5
S214044A186E652D62797465207369676E65642076A1
S214044A28616C756520696E6469636174696E672074
S214044A3874686520545820506F77657220746861CE
S214044A48742074686520726164696F2073686F7572
S214044A586C642062652073657420746F1F546865DF
S214044A682050414E204944206F6E20776869636859
S214044A7820746F206A6F696E20746865206E65748A
S214044A88776F726B1F00466F726D732061206E65B8
S214044A9874776F726B206F6E206120676976656E17
S214044AA8206368616E6E656C2C2077697468206173
S214044AB820676976656E20545820506F7765722093
S214044AC8616E642050414E2049442E005468652087
S214044AD86368616E6E656C206F6E207768696368BC
S214044AE820746F20666F726D20746865206E657416
S214044AF8776F726B1F4F6E652D62797465207369C4
S214044B08676E65642076616C756520696E64696392
S214044B186174696E672074686520545820506F77EE
S214044B2865722074686174207468652072616469AB
S214044B386F2073686F756C642062652073657420D3
S214044B48746F1F5468652050414E204944206F6E88
S214044B5820776869636820746F20666F726D2074A6
S214044B686865206E6574776F726B1F005468697386
S214044B7820696E6974696174657320612054434CB6
S214044B884B207570646174652070726F6365647514
S214044B9872652E00537065636966792074686520AB
S214044BA8616D6F756E74206F662074696D65207408
S214044BB86F2077616974206166746572206F6E650C
S214044BC82054434C4B20757064617465206F70657F
S214044BD8726174696F6E20636F6D706C657465734B
S214044BE8206265666F726520626567696E6E696EB7
S214044BF8672061206E65772054434C4B207570649B
S214044C08617465206F7065726174696F6E2E0054E6
S214044C18686520616D6F756E74206F662074696DA3
S214044C2865206265747765656E2073756273657151
S214044C3875656E742074727573742063656E746516
S214044C4872206C696E6B206B65792075706461746C
S214044C58657320696E206D696C6C697365636F6E25
S214044C6864731F00536574206F7220636C656172E9
S214044C782073746179206177616B65207768656E47
S214044C88206E6F74206A6F696E65640053657420BD
S214044C986F7220636C65617220666F72636520614B
S214044CA877616B6500446973706C61792074686514
S214044CB820736C6565702073746174757300464F51
S214044CC8522054455354494E4720505552504F533A
S214044CD84553202D206761746865722074696D6970
S214044CE86E67206D65747269637320666F722072CE
S214044CF865706F7274696E67207461626C65206F84
S214044D087065726174696F6E732E00436C656172A8
S214044D187320746865206C617374207265706F7292
S214044D28742074696D65206F662061747472696294
S214044D38757465732E00416464732061206E65770C
S214044D4820656E74727920746F20746865207265A5
S214044D58706F7274207461626C652E0054686520E6
S214044D686C6F63616C20656E64706F696E74206620
S214044D78726F6D207768696368207468652061744B
S214044D8874726962757465206973207265706F72CF
S214044D987465641F54686520636C75737465722043
S214044DA877686572652074686520617474726962D0
S214044DB8757465206973206C6F63617465641F5429
S214044DC86865204944206F66207468652061747499
S214044DD8726962757465206265696E6720726570AB
S214044DE86F727465641F3020666F7220636C696521
S214044DF86E742D736964652061747472696275745F
S214044E086573206F72203120666F72207365727620
S214044E1865722D7369646520617474726962757449
S214044E2865731F546865206D696E696D756D2072AB
S214044E3865706F7274696E6720696E7465727661E0
S214044E486C2C206D6561737572656420696E2073B9
S214044E5865636F6E64732E1F546865206D61786988
S214044E686D756D207265706F7274696E6720696EF1
S214044E7874657276616C2C206D65617375726564F1
S214044E8820696E207365636F6E64732E1F5468659D
S214044E98206D696E696D756D206368616E6765203F
S214044EA8746F2074686520617474726962757465B9
S214044EB820746861742077696C6C20726573756CED
S214044EC87420696E2061207265706F727420626542
S214044ED8696E672073656E742E1F0052656D6F7653
S214044EE8657320616E20656E7472792066726F6DC4
S214044EF820746865207265706F7274207461626CC1
S214044F08652E0054686520696E646578206F66208F
S214044F18746865207265706F727420746F20626599
S214044F282072656D6F7665641F00436C65617273E5
S214044F3820616C6C20656E74726965732066726F86
S214044F486D20746865207265706F7274207461626F
S214044F586C652E005072696E7473207468652072CE
S214044F6865706F7274207461626C652E0057697080
S214044F78657320616C6C206461746120696E2074AA
S214044F8868652073746F7261676520646576696303
S214044F98652E005072696E74732061726269747249
S214044FA8617279206279746573206F662074686507
S214044FB8204F544120696D616765206F6E206469CF
S214044FC8736B2E0054686520696E646578206F6676
S214044FD82074686520696D61676520746F20707237
S214044FE8696E742069747320646174611F546865FB
S214044FF8206F666673657420696E746F20746865BE
S214045008204F544120696D61676520746861742077
S21404501877696C6C206265207072696E7465641FAB
S214045028005072696E747320696E666F726D61746F
S214045038696F6E2061626F75742074686520737476
S2140450486F72616765206465766963652E005265CC
S2140450586C6F6164207468652073746F7261676529
S214045068206465766963652E0044656C65746573AB
S2140450782074686520696D616765206174207468AA
S214045088652073706563696669656420696E64651E
S214045098782E0054686520696E64657820617420EB
S2140450A8776869636820746F20626567696E206430
S2140450B8656C6574696E672074686520696D6167D8
S2140450C8651F005072696E74732074686520696D74
S2140450D8616765732E00456E61626C6573204F5474
S2140450E84120646F776E6772616465732E00446945
S2140450F87361626C6573204F544120646F776E67E2
S21404510872616465732E0053656E647320616E2045
S21404511855706772616465456E645265717565732A
S2140451287420746F20616E204F5441207365727624
S21404513865722E0043616E2062652075736564206F
S214045148746F2064796E616D6963616C6C79207420
S21404515875726E206F66662073656E64696E672066
S21404516870616765207265717565737473206F6EF8
S2140451782074686520636C69656E74207369646559
S2140451882C206966207468652073657276657220BB
S214045198646F65736E277420737570706F727420ED
S2140451A87468697320666561747572652E00426F4B
S2140451B86F6C65616E2076616C7565207475726EA9
S2140451C8696E67206F6E20283129206F72206F66FB
S2140451D86620283029207468652070616765207207
S2140451E865717565737420666C61671F0053656E18
S2140451F8647320616E20696D61676520626C6F63F5
S2140452086B207265717565737420666F72206120F1
S21404521866696C65207468652073657276657220A5
S21404522873686F756C64206E6F7420686176652E7B
S214045238202054657374206861726E657373206FDA
S2140452486E6C7920287465737420636173652039DD
S2140452582E352E36202D204D697373696E672046C9
S214045268696C6529005072696E747320696E666F7E
S214045278726D6174696F6E206F6E20746865206342
S214045288757272656E74207374617465206F662017
S214045298746865204F544120636C69656E74206495
S2140452A86F776E6C6F61642E0053746F707320741E
S2140452B86865204F5441207374617465206D61637A
S2140452C868696E652E005374617274732074686519
S2140452D8204F544120636C69656E7420737461743E
S2140452E865206D616368696E652E20546865207351
S2140452F874617465206D616368696E65206469739A
S214045308636F7665727320746865204F5441207302
S21404531865727665722C2071756572696573206688
S2140453286F72206E657720696D616765732C2064DB
S2140453386F776E6C6F6164732074686520696D613D
S21404534867657320616E6420776169747320666F7D
S21404535872207468652073657276657220636F6D53
S2140453686D616E6420746F20757067726164652E53
S214045378005072696E747320746865206D616E756A
S21404538866616374757265722049442C20496D61A0
S214045398676520547970652049442C20616E642022
S2140453A856657273696F6E20696E666F726D617486
S2140453B8696F6E2074686174206172652075736500
S2140453C864207768656E2061207175657279206E31
S2140453D865787420696D6167652069732073656EE6
S2140453E87420746F207468652073657276657220FD
S2140453F862792074686520636C69656E742E005043
S2140454086572666F726D73207369676E6174757200
S2140454186520766572696669636174696F6E206F64
S2140454286E2074686520696D6167652061742074F0
S21404543868652073706563696669656420696E6467
S21404544865782E0054686520696E646578206174F2
S21404545820776869636820746F20626567696E20C0
S214045468766572696669636174696F6E206F662013
S21404547874686520696D6167651F00426F6F746C98
S2140454886F6164732074686520696D61676520615F
S214045498742074686520737065636966696564203A
S2140454A8696E6465782062792063616C6C696E67DE
S2140454B820746865204F544120626F6F746C6F6166
S2140454C8642063616C6C6261636B2E0054686520AB
S2140454D8696E6465782061742077686963682074E7
S2140454E86F20626567696E20626F6F746C6F6164A3
S2140454F8696E672074686520696D6167651F00506A
S21404550872696E747320696E666F2061626F757453
S2140455182074686520696E7374616C6C65642062B7
S2140455286F6F746C6F616465722E00537562747263
S214045538616374732061206368616E6E656C2066AF
S214045548726F6D206569746865722074686520706A
S21404555872696D617279206F72207365636F6E6409
S214045568617279206368616E6E656C206D61736B19
S214045578206F6620746865206E6574776F726B2D6D
S2140455887374656572696E6720636F6D706F6E6598
S2140455986E742E00546865206368616E6E656C20B0
S2140455A86D61736B20746F207375627472616374B3
S2140455B820746865206368616E6E656C2066726F19
S2140455C86D1F546865206368616E6E656C20746F21
S2140455D820737562747261637420746865206D61E3
S2140455E8736B2066726F6D1F0041646473206120BC
S2140455F86368616E6E656C20746F2065697468658F
S2140456087220746865207072696D617279206F7291
S214045618207365636F6E64617279206368616E6E69
S214045628656C206D61736B206F6620746865206EE8
S2140456386574776F726B2D7374656572696E67200F
S214045648636F6D706F6E656E742E005468652063A4
S21404565868616E6E656C206D61736B20746F206173
S21404566864642061206368616E6E656C20746F1FC5
S214045678546865206368616E6E656C20746F20617B
S214045688646420746F20746865206D61736B1F00F2
S2140456985365747320656974686572207468652038
S2140456A87072696D617279206F72207365636F6EAC
S2140456B864617279206368616E6E656C206D6173CF
S2140456C86B2E00546865206368616E6E656C206D89
S2140456D861736B20746F20737562747261637420CF
S2140456E8746865206368616E6E656C2066726F6D9B
S2140456F81F5468652076616C756520746F20736521
S2140457087420746865206368616E6E656C206D61CC
S214045718736B20746F2E1F0053657473207468654A
S214045728207072652D636F6E66696775726564208E
S2140457386B657920736F20746861742074686520BB
S2140457486A6F696E696E6720646576696365206347
S214045758616E20656E74657220746865206E657463
S214045768776F726B2E0053657473207468652070A7
S2140457787265636F6E66696775726564206B6579B2
S2140457881F0053746F707320746865206E65747791
S2140457986F726B207374656572696E672070726FBA
S2140457A8636573732E00537461727473207468652A
S2140457B8206E6574776F726B207374656572696E94
S2140457C8672070726F636573732E0041206D617372
S2140457D86B206F66206F7074696F6E7320666F72C5
S2140457E820696E6469636174696E672073706563A3
S2140457F869666963206265686176696F722077698D
S2140458087468696E20746865206E6574776F726B49
S2140458182D7374656572696E672070726F6365733D
S214045828732E1F00446973706C61797320746865FD
S2140458382063757272656E74207374617475732050
S2140458486F6620746865206E6574776F726B207354
S21404585874656572696E672070726F636573732EFC
S21404586800436C65617273207468652067726F758F
S2140458787073207461626C65206F6E20657665723D
S2140458887920656E64706F696E74005072696E7400
S2140458987320696E666F726D6174696F6E206162DB
S2140458A86F75742074686520636F6E74656E7473A0
S2140458B8206F66207468652067726F75707320742D
S2140458C861626C652E004172746966696369616C0D
S2140458D86C792064726F70732074686520626C6FCC
S2140458E8636B206E756D62657220646566696E65A5
S2140458F86420627920746865207061737365642017
S214045908617267756D656E74206F6E6C79206F6E44
S21404591863652C20616E64207468656E20616C6C07
S2140459286F77732069742075706F6E2061207265B6
S2140459387472792E0054686520626C6F636B206EEF
S214045948756D62657220746F206172746966696326
S21404595869616C6C792064726F7020746F20666F4E
S2140459687263652061207265747279202D207365D0
S2140459787420746F203078464620746F20646973E8
S21404598861626C651F0053657473207468652072C1
S2140459986563656976652077696E646F77207369D1
S2140459A87A652E2020427920646566696E69746972
S2140459B86F6E20696E2074686520536D617274205A
S2140459C8456E657267792070726F66696C652069C2
S2140459D874206D7573742062652073657420746F03
S2140459E8203120627574207468697320616C6C6F4A
S2140459F8777320697420746F206265206368616E0B
S214045A086765642E00546865206D6178206E756D30
S214045A18626572206F662074686520626C6F636BBB
S214045A2873207265636569766564206265666F725D
S214045A386520616E204150532061636B2069732092
S214045A4867656E6572617465641F004D616B657386
S214045A582074686973206E6F646520737461727449
S214045A68206964656E74696679696E672061732057
S214045A78612074617267657420666F722062696E4D
S214045A8864696E67207769746820616E20696E6938
S214045A98746961746F72206E6F64652E005468654D
S214045AA820656E64706F696E74206F6E20776869FF
S214045AB8636820746F20626567696E207468652061
S214045AC846696E64696E6720616E642042696E6416
S214045AD8696E67207461726765742070726F636597
S214045AE873731F004D616B65732074686973206E49
S214045AF86F64652073746172742074686520696EB7
S214045B0869746961746F722070617274206F66209C
S214045B187468652066696E64696E6720616E6420C1
S214045B2862696E64696E672070726F636573732E3C
S214045B380054686520656E64706F696E74206F6EB5
S214045B4820776869636820746F20626567696E20C9
S214045B587468652046696E64696E6720616E6420A1
S214045B6842696E64696E6720696E69746961746FE8
S214045B78722070726F636573731F005365747320A5
S214045B88776865746865722074686520434C492094
S214045B98666F7263657320746865206465766963E6
S214045BA86520746F2073686F727420706F6C6C2E27
S214045BB8005468652076616C756520696E6469634F
S214045BC86174696E6720776865746865722074689E
S214045BD865206465766963652073686F756C6420F0
S214045BE873686F727420706F6C6C1F0053657473DF
S214045BF820776865746865722074686520646576BD
S214045C086963657320706F6C6C20636F6D706C6568
S214045C187465642063616C6C6261636B2066756E80
S214045C286374696F6E20697320656E61626C65645F
S214045C382E005468652076616C756520696E646903
S214045C48636174696E672077686574686572207422
S214045C586865206465766963657320706F6C6C206C
S214045C68636F6D706C657465642063616C6C6261E7
S214045C78636B2066756E6374696F6E20697320653E
S214045C886E61626C65641F00446973706C61797335
S214045C982074686520737461747573206F66207445
S214045CA8686520456E64204465766963657320706C
S214045CB86F6C6C696E672E00456E61626C652F6446
S214045CC8697361626C6520646562756720606C65DB
S214045CD86761637920617070206672616D65776F9D
S214045CE8726B20646562756760207072696E7420D2
S214045CF8747970652E00456E61626C652F646973ED
S214045D0861626C651F00456E61626C652F64697319
S214045D1861626C6520646562756720607A636C608E
S214045D28207072696E7420747970652E00456E61F1
S214045D38626C652F64697361626C6520646562755C
S214045D4867206061707060207072696E7420747960
S214045D5870652E00456E61626C652F6469736162B6
S214045D686C652064656275672060636F7265602081
S214045D787072696E7420747970652E00456E61625F
S214045D886C652F64697361626C6520646562756707
S214045D982060737461636B60207072696E7420741B
S214045DA87970652E0053656E647320612072657180
S214045DB87565737420666F72204F544120636F753F
S214045DC86E746572732E0052657365747320616C05
S214045DD86C207468726573686F6C64732076616C83
S214045DE875657320746F203078464646462E0053F1
S214045DF86574732061207468726573686F6C6420B8
S214045E0876616C756520666F7220612070617274A5
S214045E186963756C61722074797065206F66206397
S214045E286F756E7465722E0054797065206F6620DF
S214045E38636F756E7465721F5468726573686F6CE9
S214045E48642056616C75651F005072696E74732001
S214045E58746865207468726573686F6C6473206F01
S214045E686620616C6C2074686520636F756E746553
S214045E7872732E00436C6561727320616C6C2063C8
S214045E886F756E7465722076616C7565732E005036
S214045E9872696E747320616C6C20636F756E7465BA
S214045EA8722076616C7565732E005072696E747311
S214045EB8207468652076616C7565206F6620746842
S214045EC8697320706172746963756C617220636F9C
S214045ED8756E7465722E0054686520636F756E74EB
S214045EE86572207479706520746F207072696E7498
S214045EF81F005072696E747320616C6C20636F7532
S214045F086E7465722076616C75657320616E6420A4
S214045F18636C65617273207468656D2E00536574CE
S214045F28204D464720746F6B656E2C2043414E4EB9
S214045F384F5420424520554E534554204259204339
S214045F484C492E005072696E74204D464720746F73
S214045F586B656E2E005072696E7420616374697680
S214045F6865206576656E74732E0044697361626C89
S214045F78652074686520656E64706F696E74206643
S214045F886F72205A434C206D657373616765732E70
S214045F9800456E64706F696E7420696E6465781F58
S214045FA800456E61626C65732074686520656E646E
S214045FB8706F696E7420666F72205A434C206D6544
S214045FC87373616765732E005072696E74207374F8
S214045FD861747573206F6620656E64706F696E747D
S214045FE8732E0053686F777320746865207665721D
S214045FF873696F6E206F662074686520736F6674A5
S214046008776172652E005365742074686520636F23
S2140460186E66696775726564203830322E31352E9F
S2140460283420434341206D6F646520696E2074688C
S2140460386520726164696F2E2053656520646F63FA
S214046048756D656E746174696F6E207265676172CA
S21404605864696E67205241494C5F49454545383066
S214046068323135345F4363614D6F64655F742E0067
S21404607841205241494C5F4945454538303231350F
S214046088345F4363614D6F64655F742076616C7535
S214046098651F0052657475726E73205054492072D9
S2140460A86164696F20636F6E66696720696E666FE0
S2140460B8726D6174696F6E20746F2064657465729E
S2140460C86D696E6520746865205048592074797027
S2140460D865206265696E6720757365642062792039
S2140460E85241494C2E2072657475726E2076616C26
S2140460F8756520697320656E756D205241494C5F3D
S214046108494545453830323135345F5074695261F3
S21404611864696F436F6E6669675F7420652E6720CF
S214046128205241494C5F494545453830323135346B
S2140461385F5054495F524144494F5F434F4E464966
S214046148475F32503447485A203D2030783030551F
S214046158205241494C5F494545453830323135343B
S2140461685F5054495F524144494F5F434F4E464936
S214046178475F32503447485A5F414E544449562084
S2140461883D203078303155205241494C5F494545C9
S214046198453830323135345F5054495F52414449AA
S2140461A84F5F434F4E4649475F32503447485A5F1D
S2140461B8434F4558203D20307830325520524149C7
S2140461C84C5F494545453830323135345F5054497B
S2140461D85F524144494F5F434F4E4649475F3250EA
S2140461E83447485A5F414E544449565F434F4558CE
S2140461F8203D2030783033550053656E6473206133
S2140462082072656164206174747220666F722074EB
S21404621868652074696D65206F66207468652064F7
S2140462286576696365207370656369666965642E57
S2140462382049742073657473206120666C61672036
S214046248736F207768656E20697420676574732099
S21404625874686520726573706F6E73652069742040
S214046268777269746573207468652074696D65202F
S214046278746F20697473206F776E2074696D652057
S214046288617474722E0049641F737263456E647079
S2140462986F696E741F64657374456E64706F696E97
S2140462A8741F005768656E2073656E64696E672090
S2140462B87573696E6720612062696E64696E672CFF
S2140462C820737065636966696573207768657468A2
S2140462D865722061206D756C7469636173742062DD
S2140462E8696E64696E672073686F756C642062658E
S2140462F820757365642E007573654D756C746963D3
S21404630861737442696E64696E671F0053656E64D0
S214046318732061207072652D6275666665726564A1
S214046328206D756C746963617374206D657373612D
S214046338676520746F206120676976656E206772CA
S2140463486F75702049442066726F6D2061206769F6
S21404635876656E20656E64706F696E742E0067725B
S2140463686F757049641F7372632D656E64706F6908
S2140463786E741F00437265617465732061206D65D1
S21404638873736167652062792073706563696679DB
S214046398696E67207468652072617720627974650F
S2140463A8732E20557365207468652073656E6420A3
S2140463B8636F6D6D616E6420746F2073656E642000
S2140463C8746865206D657373616765206F6E6365B1
S2140463D820697420686173206265656E206372653F
S2140463E8617465642E2045783A2072617720307887
S2140463F830303046207B3030203041203030203159
S214046408312032322033332034342035357D20731E
S214046418656E64732061206D6573736167652074A7
S2140464286F20636C75737465722031352028307854
S2140464383030304629206F66206C656E6774682095
S2140464483820776869636820696E636C7564657359
S21404645820746865205A434C206865616465722E0A
S21404646800436C757374657249641F446174611FD4
S2140464780052657365747320746865206E6F64656E
S2140464882E005772697465732061206D6573736195
S21404649867652E00456E64706F696E741F436C756D
S2140464A8737465722049441F417474726962757402
S2140464B8652049441F4D61736B1F446174612074E1
S2140464C87970651F4461746120627974651F00528F
S2140464D8656164732061206D6573736167652E005A
S2140464E8456E64706F696E741F436C757374657259
S2140464F82049441F4174747269627574652049445E
S2140465081F31206966207365727665722064697225
S214046518656374696F6E2C203020696620636C6925
S214046528656E7420646972656374696F6E1F0053C0
S214046538656E64732061206D6573736167652E00EC
S21404654844657374696E6174696F6E1F536F7572F0
S214046558636520656E64706F696E741F4465737432
S214046568696E6174696F6E20656E64706F696E74A7
S2140465781F00536F7572636520656E64706F696E6D
S214046588741F004C69737473207768696368206F96
S2140465987074696F6E616C206C6962726172696589
S2140465A873206F662074686520737461636B20615A
S2140465B8726520696D706C656D656E746564206FB0
S2140465C86E2074686973206465766963652E005066
S2140465D872696E747320696E666F726D6174696F22
S2140465E86E2061626F757420746865206E657477B2
S2140465F86F726B2073746174652C20636C75737486
S2140466086572732C20616E6420656E64706F696EA3
S21404661874732E006F66667365741F005072696E15
S214046628747320696E666F726D6174696F6E206626
S2140466386F7220616C6C20617661696C61626C654E
S21404664820736C6F74732E005265616473207261D4
S2140466587720646174612066726F6D20666C61735E
S214046668682073746F726167652E0041646472658E
S214046678737320746F20726561641F4E756D62654E
S21404668872206F6620627974657320746F20726551
S21404669861641F005072696E747320666C61736857
S2140466A82073746F7261676520696E666F726D61B8
S2140466B874696F6E2E00457261736573207468651D
S2140466C82073706563696669656420736C6F7420EB
S2140466D849442E0053746F7261676520736C6F7437
S2140466E8206E756D6265721F00426F6F7473207436
S2140466F8686520696D61676520696E207468652021
S21404670873706563696669656420736C6F74204981
S214046718442E00434C4920696E7374616E63652089
S2140467286578616D706C650064756D6D795F696E0A
S2140467387374005A434C20636F6D6D616E64730006
S214046748626173696300676C6F62616C006D66678B
S2140467582D636F6465007573652D6E6578742D7387
S214046768657175656E636500782D64656661756C1C
S214046778742D7265737000746573742D7265737006
S2140467886F6E73652D6F6E00746573742D72657302
S214046798706F6E73652D6F6666005A434C2062618F
S2140467A873696320636C757374657220636F6D6DAB
S2140467B8616E6473007274666400436F6D6D616E17
S2140467C86420746861742072657365747320616CE0
S2140467D86C206174747269627574652076616C7570
S2140467E8657320746F20666163746F7279206465BC
S2140467F86661756C742E005241494C006C6F77655F
S214046808722D6D61632D7261696C2D3830322E31AC
S214046818352E342E63006C69627261696C2E6100D1
S214046828756E636C61696D6564006275666665722B
S2140468382D6D616E6167656D656E742E6300657691
S214046848656E742D71756575652E63007A69676261
S21404685865652D75707065722D6D61632E63006EA7
S21404686865696768626F722E63006173736F636924
S2140468786174696F6E2E63003138323173003134B7
S2140468883232310031323100327300313232313132
S2140468983200313232313100323831003831310089
S2140468A831383231310031323131313231323232EB
S2140468B83173003132320031323131323231003103
S2140468C831313100323238006D61632D6D756C7468
S2140468D8692D6E6574776F726B2E63006C656761DD
S2140468E863792D7061636B65742D6275666665726F
S2140468F82E630000000002000000000000000000F4
S214046908BA040000000000000000020000000000B6
S21404691800000000BA0400000000000000010203A2
S2140469280E312E312E322D616536653230663200D0
S2140469380100000203030100060000000000030033
S2140469480000000013B779FAC925DDB7ADF3CFE028
S214046958F1B614B80102000000000000FFFFFFFFB4
S2140469680100000001000000000000000000000014
S2140469780000000000000000000000000000000006
S21404698800000000000000000000000000000000F6
S21404699800000000073F0300272F0300232F0300EF
S2140469A8012F0300CF2E03005F2F0300312F0300AF
S2140469B8D12E03002C00000002020203000000008F
S2140469C80000000064800050688000500002010047
S2140469D80009007F106A04000100000FF069040033
S2140469E80000000000000000E1FE59FF8FFFADFF25
S2140469F8C1FFD0FFDCFFE4FFEBFFF2FFF6FFFAFF70
S214046A08FDFF0000030005005500EDFEFF006400CE
S214046A181E0000007F001B0DD063FDFF3600B70381
S214046A284DDAFFFF1C005901EC3600001100BD00CA
S214046A38C83B00000B00710014350000070049002D
S214046A48352C000005003700052600000300140056
S214046A58FF140000651E0400A7D10300A7D1030095
S214046A68A7D10300A7D10300A7D10300A7D1030029
S214046A78A7D10300A7D10300A7D10300A7D1030019
S214046A88A7D10300A7D10300A7D10300A7D1030009
S214046A98A7D10300A7D10300A7D10300A7D10300F9
S214046AA8A7D10300A7D10300A7D10300A7D10300E9
S214046AB8A7D10300A7D10300A7D10300A7D10300D9
S214046AC8A7D10300B5D10300A7D10300CAD1030098
S214046AD8A7D10300A7D10300EFD10300A7D1030071
S214046AE8A7D10300A7D10300A7D1030017D2030038
S214046AF8A7D10300A7D10300A7D10300A7D1030099
S214046B082FD20300A7D103004DD2030001030401CA
S214046B18010109030B0000000B000000020000003E
S214046B280000202000000000030000008C8C3C00BD
S214046B380000000000000000000000001E00000026
S214046B480A0000001A0000000000005812000000A6
S214046B58446B0400554E4B00474F200042544C00EB
S214046B68474F3200474F3300474F3400474F3500EE
S214046B78474F3600474F3700474F3800474F3900CE
S214046B88474F4100474F4200474F4300474F440092
S214046B98474F4500474F46004A4D5000424452006E
S214046BA85550520042544D004D534D0046544C0027
S214046BB8554E4B00474F200042544C004241440077
S214046BC846544C00465243004F54410044534C002C
S214046BD84241500055504700544D45004641550023
S214046BE8545A4600554E4B0050494E00454D340005
S214046BF8554E4B0048562000554E4B0045585000FD
S214046C084C574D00554E4B005242540044534C00CA
S214046C18454D3400554E4B0041535400554E4B00D9
S214046C2856465900494E4800554E4B004C434B00B7
S214046C3858544C004F424600554E4B0048524400A8
S214046C484D454D00425553005553470044424700AE
S214046C58444D410056435400554E4B0055502000B1
S214046C68525020004150300041503100415020001D
S214046C7844502000444543005C6B0400606B0400E9
S214046C88B86B0400EC6B0400F86B0400006C04009A
S214046C980C6C04001C6C0400246C0400306C0400A7
S214046CA8406C0400606C0400554E4B004649420094
S214046CB842544C0045585400505752005744470015
S214046CC82053570043525300465348004241440059
S214046CD8464C540042524F000104010303060105C2
S214046CE8010501090600060B0000070B050B00004A
S214046CF800000000000000000400E40C0200010488
S214046D081001000000050002000003009C6F040048
S214046D18986F0400846F0400806F04007C6F04007E
S214046D28786F0400666F0400566F04003C6F040016
S214046D38346F04002A6F0400286F0400106F0400E0
S214046D480D6F0400056F0400F46E0400E46E04007E
S214046D58D26E0400B86E0400B06E0400A46E04007C
S214046D68A06E04009C6E04008E6E0400836E0400FD
S214046D786A6E0400516E0400F56D0400F46D040098
S214046D88E46D0400BC6D0400B16D0400B06D04002D
S214046D989C6D0400000000000000000000000000D5
S214046DA800000000000000000F00000000000000C3
S214046DB800000000000000000000000000000000C2
S214046DC800000000000000000000000000000000B2
S214046DD800000000000000000000000001000000A1
S214046DE80000000000000000000000000F00000083
S214046DF80000000000000000000000000000000082
S214046E080000000000000000000000000000000071
S214046E180000000000000000000000000000000061
S214046E280000000000000000000000000000000051
S214046E380000000000000000000000000000000041
S214046E480000000000000000000000000000000031
S214046E580000000000000000000000000000000021
S214046E680000000000000000000000000000000011
S214046E780000000000000000000000000000000001
S214046E8800000000000000000000000000000000F1
S214046E98000000000000000000000000FFFFFFFFE5
S214046EA8FFFFFFFFFFFF00000000000000000000D7
S214046EB800000000000000000000000000000000C1
S214046EC800000000000000000000000000000000B1
S214046ED800000000000000000000000000000000A1
S214046EE80000000000000000000000000000000091
S214046EF800000000000000000000000000FFFFFF84
S214046F08FFFFFFFFFF9C0000FF00000000000000DA
S214046F1800000000000000000000000080000000E0
S214046F280000FFFFFFFFFFFFFFFFFFFF000000005A
S214046F38FFFF000000000000000000000000000042
S214046F480000000000000000000000000000FFFF32
S214046F58FF00000000000000000000000000000021
S214046F680000000000000000000000000000000010
S214046F780000000000000000000000000000000000
S214046F8800000000000000000000000000000000F0
S214046F9800000000FC0301010101010101010101D7
S214046FA801010101010000000000000100200000AA
S214046FB8000000010100002002041104040211105C
S214046FC81A080A021801081110111A080A04020DF0
S214046FD80B19195C0110280B0114000000000000AE
S214046FE8000000000000000000010101010101008A
S214046FF80101010101010100000101010001000174
S214047008010000000000000000000000000000006E
S214047018000100000000000000000000000000005E
S21404702801FF010023E1010075E4010063E20100A9
S21404703863E5010062E1010079EB010064EE0100FA
S21404704824E1010025E1010026E1010027E1010011
S21404705828E1010029E101002AE1010000000100FD
S2140470688000010000010100800101000002010007
S2140470788002010020E2010000030100000501006F
S21404708880050100000601002C8901008006010025
S2140470980007010001E5010002E5010000080100FF
S2140470A8800801000040010086321010FFFFFFFF31
S2140470B8FFFFFFFFDBDA0300E1DA0300E7DA030089
S2140470C8EDDA0300F3DA030056777777777777777E
S2140470D877777777777777775A6967426565416C04
S2140470E86C69616E636530395A6967426565416CD7
S2140470F86C69616E636530394E574B205374656509
S21404710872696E67000095969595950507090D00B2
S21404711800000000000102030406000059F30300FF
S214047128F40604000E0704002507040038070400C4
S214047138480704005C0704006E0704007E07040082
S2140471489A070400AF0704000208010D0D010101A7
S21404715812010000FFFFFFFFFFFFFFFF0000000013
S21404716800000000010905010002000000000003F9
S2140471781EF1EE0B8C710400F0130400651E040067
S214047188FE0000000C140400EC720400000000006A
S21404719816140400DC720400000000002314040023
S2140471A8CC7204000000000030140400BC72040012
S2140471B8000000004E140400A8720400000000003A
S2140471C84614040094720400000000004D140400E1
S2140471D880720400000000005B140400707204004F
S2140471E800000000CD1204005C72040000000000D9
S2140471F8541404004C7204000000000060140400D8
S21404720838720400000000000CD903002872040039
S214047218000000000000000000000000000000005D
S2140472289B43030071140400AE140400010100FF1C
S214047238F50B0100D71404001C1504000101000115
S2140472480107FF00B10B010069150400D4150400FA
S214047258010100FFF10A0100F51504000E160400EA
S21404726800010100FF000000AD43030033160400CC
S2140472788B1604000101FF0095430300A2160400C0
S214047288F916040001010207FF0000008F430300FB
S214047298A2160400F916040001010207FF00000004
S2140472A889430300A2160400F91604000101020724
S2140472B8FF000000A50A01001A1704005917040065
S2140472C8010101FF450A010078170400BD170400F0
S2140472D8010000FF010A010078170400BD17040026
S2140472E8010000FF890A0100E4170400EA150400F7
S2140472F800FF000083430300391804000543040014
S214047308FF0000007D430300AC1804000543040096
S214047318FF000000E10901001B190400901904008D
S21404732800FF0000B9090100A81904000A1A04009D
S21404733800FF00006F4303001B1A0400611A0400D0
S21404734802FF0000810901006A1A0400DE1A04001C
S21404735801FF000000000000DE1D0400110000000C
S214047368EA1D040012000000F21D040013000000C9
S214047378FA1D040021000000021E0400220000007A
S214047388091E040023000000101E0400AA000000C2
S214047398171E0400FF00000000000000FFFFFFFFA8
S2140473A8FFFFFFFF000000000000000000000108C7
S2140473B80109020A030B040C050D060E070F081034
S2140473C801180119021A031B041C051D061E071FB3
S2140473D8082001210222032304240525062607275C
S2140473E808280129022A032B042C052D062E072F0C
S2140473F808300131023203380239043A08E004E15D
S21404740804E204E802E902EA04F008F110000000C5
S21404741800000000040500008074040002000F0049
S214047428A874040002000F00D074040002000F00C1
S214047438F874040002000F002075040002000F0010
S2140474484875040002000F007075040002000F005F
S2140474589875040002000F00C075040002000F00AF
S214047468E875040002000F001076040002000F00FE
S2140474783876040002000F0000000000607604005E
S214047488030000004000000000000000190000008F
S2140474988476040004000F0080000000000000004A
S2140474A800000000607604000300000040000000AE
S2140474B800000000190000008476040004000F0091
S2140474C88000000000000000000000006076040051
S2140474D8030000004000000000000000190000003F
S2140474E88476040004000F008000000000000000FA
S2140474F8000000006076040003000000400000005E
S21404750800000000190000008476040004000F0040
S2140475188000000000000000000000006076040000
S21404752803000000400000000000000019000000EE
S2140475388476040004000F008000000000000000A9
S214047548000000006076040003000000400000000D
S21404755800000000190000008476040004000F00F0
S21404756880000000000000000000000060760400B0
S214047578030000004000000000000000190000009E
S2140475888476040004000F00800000000000000059
S21404759800000000607604000300000040000000BD
S2140475A800000000190000008476040004000F00A0
S2140475B88000000000000000000000006076040060
S2140475C8030000004000000000000000190000004E
S2140475D88476040004000F00800000000000000009
S2140475E8000000006076040003000000400000006D
S2140475F800000000190000008476040004000F0050
S214047608800000000000000000000000607604000F
S21404761803000000400000000000000019000000FD
S2140476288476040004000F008000000000000000B8
S214047638000000006076040003000000400000001C
S21404764800000000190000008476040004000F00FF
S2140476588000000000000000000020012000000058
S214047668080000000400422130000000F8760400F8
S21404767800FF420030000000000000000000F00890
S21404768840000000197704000100230440000000AD
S21404769821770400060030014000000000000000C6
S2140476A8FDFF21024000000001000000190000044C
S2140476B81900010119000204190003011900050440
S2140476C81900060119000704040041005D2C010096
S2140476D806004100A34B0300190081004D49010030
S2140476E819008400D953010000800000000000003F
S2140476F806435553544F4D00000000000000000098
S2140477080000000000000000000000000000000068
S21404771800FFFFFFFFFFFFFFFFFFFFFFFF0004015F
S2140477280401040104010401040104010401040120
S214047738040104010401FFFFFFFFFFFFFFFFFFFF33
S214047748FFFFFFFFFFFFFFFFFFFFFFFFFFFF000135
S21404775802030405060708090A0B1F1C1F1E1F1E22
S2140477681F1F1E1F1E1F07021F012F0037013F0081
S2140477785701DF02E700FF020000000000000000D7
S21404778800000000000000000000000000000000E8
S2140477980000000000000000000000007D24040033
S2140477A81900000083240400FFFF00000000000006
S2140477B84E25040059250400651E040061250400AE
S2140477C86F250400651E0400822504008D25040028
S2140477D89B2504009F250400AF25040061F40300DC
S2140477E8BF250400C3250400CE250400D8250400BC
S2140477F8E2250400E6250400F4250400082604000F
S2140478081E2604000080000000000000000000009F
S21404781800000000FFFFFFFFFF000000000000005C
S2140478280000000000000000000000400000000007
S2140478380100000009DA0100000000000000F03F23
S214047848000000000000244000000000000059402A
S2140478580000000000408F40000000000088C3407D
S21404786800000000006AF8400000000080842E41F2
S21404787800000000D01263410000000084D797413E
S2140478880000000065CDCD41DAF70300FC8E040045
S21404789800000000442F0400EC8E040000000000E2
S2140478A8492F0400DC8E0400000000004A2F040060
S2140478B8CC8E0400000000005B140400B88E04009C
S2140478C8000000004E140400A48E0400000000000B
S2140478D84F2F0400948E040000000000552F040067
S2140478E8848E040000000000592F0400748E0400DF
S2140478F800000000682F0400648E040000000000E6
S214047908852F0400548E0400000000008E2F040007
S214047918448E040000000000A32F0400348E0400E4
S214047928000000009C050400248E040000000000EB
S214047938B32F0400E48D040000000000B9330400EB
S2140479484085040000000000662304000085040047
S21404795800000000BA2F0400408404000000000061
S214047968C32F04004483040000000000D02F040042
S214047978EC7E040000000000EC250400C47D04002E
S21404798800000000D72F0400C47D04000100000096
S214047998DB2F0400847D040000000000E02F0400B0
S2140479A8487C04000000000099D20300487C0400C8
S2140479B801000000D02F0400EC7E04000000000044
S2140479C8E72F0400EC7E040001000000EC2F0400FE
S2140479D8147C040000000000F62F0400147C040045
S2140479E801000000FE2F0400447A04000000000092
S2140479F811DA0300107A04000000000000000000FA
S214047A080000000000000000207A04000230040091
S214047A18651E0400FE0000001A300400E885040011
S214047A28000000008E340400D8850400000000001E
S214047A38000000000000000000000000547A040063
S214047A481F300400651E0400FE00000035300400E4
S214047A5868870400000000003B30040058870400D0
S214047A6800000000413004004887040000000000BD
S214047A784A30040038870400000000004BD703008F
S214047A88288704000000000055D50300F08604008B
S214047A980000000063DE0300DC860400000000002B
S214047AA854300400CC8604000000000050DA0300BA
S214047AB8BC8604000000000059300400AC860400AC
S214047AC800000000603004009C86040000000000EB
S214047AD8FCE803008C8604000000000065300400FF
S214047AE8E07B0400000000006C300400887B04007F
S214047AF80000000074300400547B040000000000FA
S214047B0880300400207B0400000000000000000011
S214047B180000000000000000307B04008B300400E6
S214047B28651E0400FE000000D5EE03000886040067
S214047B380000000033100400F8850400000000006C
S214047B48000000000000000000000000647B040041
S214047B58AC300400651E0400FE000000D5EE0300E9
S214047B682886040000000000331004001886040069
S214047B7800000000000000000000000000000000F4
S214047B88987B0400CE300400651E0400FE00000046
S214047B98EC3004007886040000000000DD3504009C
S214047BA86886040000000000FB30040058860400C1
S214047BB800000000003104004886040000000000AD
S214047BC807310400388604000000000000000000A6
S214047BD80000000000000000F07B04000C310400E4
S214047BE8651E0400FE00000097EE030014870400D8
S214047BF8000000002931040000870400000000008B
S214047C08000000000000000000000000247C0400BF
S214047C1831310400651E0400FE0000004D310400E6
S214047C28A887040000000000EC25040098870400D8
S214047C380000000000000000000000000000000033
S214047C48587C040052310400651E0400FE0000003F
S214047C586B310400588804000000000058EB030049
S214047C6848880400000000007431040038880400C2
S214047C78000000004D31040088870400000000005E
S214047C887931040078870400000000008631040077
S214047C98447D04000000000094310400107D0400B4
S214047CA800000000A2310400D07C0400000000009C
S214047CB8BA2F0400408404000000000000000000FE
S214047CC80000000000000000E07C0400AB31040063
S214047CD8651E0400FE0000008D6704002888040062
S214047CE8000000009E6704001888040000000000D6
S214047CF889FF030008880400000000000000000054
S214047D080000000000000000207D0400C9310400C3
S214047D18651E0400FE000000F331040078880400A1
S214047D2800000000742004006888040000000000B6
S214047D38000000000000000000000000547D04005D
S214047D48FA310400651E0400FE00000011DA030080
S214047D58AC88040000000000331004009C8804006B
S214047D6800000000DD3504008888040000000000D8
S214047D78000000000000000000000000947D0400DD
S214047D881A320400651E0400FE00000011DA03001F
S214047D98DC880400000000003A320400CC880400A2
S214047DA80000000033100400BC8804000000000033
S214047DB8000000000000000000000000D47D04005D
S214047DC841320400651E0400FE0000005B32040015
S214047DD8108A04000000000023F00300008A040050
S214047DE8000000008E320400F08904000000000041
S214047DF84BD70300E0890400000000005CD70300AA
S214047E08D08904000000000060320400C089040021
S214047E180000000078320400B08904000000000066
S214047E2881320400A089040000000000883204009F
S214047E38908904000000000094320400608904005D
S214047E4800000000DD35040050890400000000002E
S214047E58A33204004089040000000000480004001F
S214047E683089040000000000A832040020890400B9
S214047E7800000000BF32040010890400000000005F
S214047E88D3320400FC88040000000000E332040037
S214047E98EC88040000000000F2320400B87E0400F7
S214047EA800000000000000000000000000000000C1
S214047EB8C87E0400F7320400651E0400FE000000B5
S214047EC80E33040080890400000000001733040001
S214047ED87089040000000000000000000000000094
S214047EE800000000FC7E0400651E0400651E0400F5
S214047EF8FE0000001E330400808504000000000015
S214047F082B330400C4830400000000003433040048
S214047F18048304000000000047330400D0820400F1
S214047F2800000000553304009C8204000000000092
S214047F386333040068820400000000007133040000
S214047F48D08104000000000082330400A8810400E5
S214047F58000000008F3304000881040000000000BD
S214047F689A330400B080040000000000AD33040017
S214047F7888800400000000003F13040024800400E6
S214047F8800000000C0330400E47F04000000000082
S214047F98CB330400B07F040000000000000000009B
S214047FA80000000000000000C07F0400DE33040068
S214047FB8651E0400FE00000002340400308A040033
S214047FC80000000008340400208A040000000000B2
S214047FD8000000000000000000000000F47F040019
S214047FE80C340400651E0400FE00000045F003007F
S214047FF8608A0400000000003E340400508A04002E
S214048008000000004A340400408A0400000000000F
S2140480180000000000000000000000003480040097
S21404802860340400651E0400FE00000011DA030034
S214048038C48A04000000000033100400B48A040054
S2140480480000000039100400A48A040000000000A0
S214048058D5EE0300908A0400000000007C34040077
S214048068808A04000000000093340400708A040028
S21404807800000000000000000000000000000000EF
S214048088988004009F340400651E0400FE00000067
S214048098C4340400D48A0400000000000000000071
S2140480A80000000000000000C0800400C93404007A
S2140480B8651E0400FE000000ED340400248B040052
S2140480C8000000003A320400148B0400000000008C
S2140480D8F9340400048B0400000000000035040092
S2140480E8F48A0400000000000D350400E48A040045
S2140480F8000000000000000000000000000000006F
S2140481081881040018350400651E0400FE000000EB
S21404811886330400D48B04000000000035350400C0
S214048128C48B040000000000DAF70300B48B0400D4
S2140481380000000008070400A48B040000000000E8
S214048148ED320400948B04000000000045F00300A0
S214048158848B0400000000003C350400748B040083
S2140481680000000047350400648B0400000000008B
S21404817854350400548B04000000000064350400E1
S214048188448B04000000000077350400348B040098
S21404819800000000000000000000000000000000CE
S2140481A8B881040089350400651E0400FE0000003A
S2140481B8DAF70300E48B0400000000000000000067
S2140481C80000000000000000E0810400A735040059
S2140481D8651E0400FE00000045F00300548C0400ED
S2140481E80000000008070400448C04000000000097
S2140481F8ED320400348C040000000000CA35040084
S214048208248C040000000000F630040028820400D1
S214048218000000000000000000000000000000004D
S21404822838820400E1350400651E0400FE000000E0
S214048238DD350400148C040000000000D5EE0300AD
S214048248048C040000000000F7350400F48B0400D6
S214048258000000000000000000000000000000000D
S2140482687882040000360400651E0400FE00000040
S21404827811DA0300748C04000000000033100400B4
S214048288648C0400000000000000000000000000E9
S21404829800000000AC82040020360400651E0400BA
S2140482A8FE00000040360400948C04000000000021
S2140482B853360400848C040000000000000000000C
S2140482C80000000000000000E08204006936040094
S2140482D8651E0400FE00000089360400B48C040001
S2140482E80000000058EB0300A48C04000000000003
S2140482F800000000000000000000000014830400D2
S21404830893360400651E0400FE00000045F00300D2
S214048318E48C040000000000B8360400D48C040082
S21404832800000000D0360400C48C040000000000DE
S2140483380000000000000000000000005483040051
S214048348651E0400651E0400FE000000E1360400F5
S2140483586C83040000000000000000000000000019
S214048368000000007C830400651E0400651E0400EB
S214048378FE000000ED360400348D04000000000002
S214048388DD250400248D040000000000F3360400F4
S214048398148D040000000000F7360400048D040061
S2140483A800000000FB360400F48C04000000000003
S2140483B8000000000000000000000000D483040051
S2140483C80B370400651E0400FE00000011DA0300E3
S2140483D8B48D04000000000026370400A48D0400B1
S2140483E80000000039370400948D040000000000E3
S2140483F833100400848D040000000000463704008F
S214048408748D04000000000057370400648D0400CF
S2140484180000000065370400548D040000000000C6
S21404842876370400448D04000000000000000000B5
S2140484380000000000000000508404008337040095
S214048448651E0400FE0000009D370400D88704005B
S21404845800000000D0370400C887040000000000AD
S2140484680B380400B8870400000000002238040013
S214048478CC840400000000002C380400988404000F
S21404848800000000000000000000000000000000DB
S214048498A884040030380400651E0400FE000000AA
S2140484A88D670400F8870400000000009E67040037
S2140484B8E887040000000000000000000000000038
S2140484C800000000DC8404004F380400651E040025
S2140484D8FE00000070EB0300D48D040000000000CA
S2140484E8DD350400C48D0400000000000000000010
S2140484F80000000000000000108504006238040034
S214048508651E0400FE00000011DA0300148E040041
S21404851800000000F3310400048E0400000000008C
S21404852874200400F48D040000000000000000001D
S2140485380000000000000000508504007D38040098
S214048548651E0400FE0000000D3504002C8F040090
S2140485580000000045F003001C8F04000000000023
S214048568DAF703000C8F0400000000000000000087
S2140485780000000000000000908504009D380400F8
S214048588651E0400FE000000BB3804007C8F04004F
S21404859800000000C53804006C8F040000000000CA
S2140485A8D03804005C8F0400000000005B1404004C
S2140485B84C8F040000000000DF3804003C8F0400E1
S2140485C8000000000000000000000000000000009A
S2140485D861430300EA380400651E0400FF00000037
S2140485E85D430300F7380400651E0400FF0000001E
S2140485F8F510010009390400651E0400FF00000098
S2140486089110010036390400FE40040001FF000002
S214048618F510010076390400651E0400FF0000000A
S21404862891100100A4390400FE40040001FF000074
S21404863829110100E5390400063A040000FF000089
S214048648291101000F3A04006C3A04000000FF00E8
S214048658A51101007A3A0400933A0400010001FFC8
S21404866811120100B83A0400FA3A04000102FF00A5
S214048678A5110100103B04003F3B04000100010261
S214048688FF000000210F0100703B0400AC3B04000F
S21404869807FF0000410F0100B23B0400E53B04005D
S2140486A801FF0000550F0100ED3B04003D3C0400AB
S2140486B80100FF00B10F0100523C0400A33C040073
S2140486C80101FF00850F0100B33C0400ED3C0400E3
S2140486D801FF000005100100F53C04003E3D0400BF
S2140486E8010000010707FF0041120100903D040045
S2140486F8E53B040001FF000041130100D83D0400D7
S2140487081C3E0400010700010700FF00BF430300E6
S214048718713E0400B73E04000107000101FF000093
S214048728C9120100F33E04002E3F0400010000FFB6
S214048738991201004C3F0400903F04000100FF001A
S21404874869120100A33F0400903F04000100FF00E3
S21404875811130100E23F0400ED3C040001FF000091
S214048768811301001D4004004E4004000100FF0070
S214048778B1FC0000651E04005C400400000707FF07
S21404878855FC0000651E040075400400000707FF3A
S21404879861010100651E04008140040007FF000013
S2140487A861010100651E04008140040007FF000003
S2140487B811430300651E0400864004000000FF0001
S2140487C83D010100651E04006F17040001FF000048
S2140487D805010100651E0400BE40040000FF0000F9
S2140487E835FC0000651E0400651E0400FF0000003A
S2140487F835FC0000651E0400651E0400FF0000002A
S214048808E7420300651E0400651E0400FF0000001E
S214048818E7420300651E0400651E0400FF0000000E
S214048828E7420300651E0400651E0400FF000000FE
S21404883805FC0000651E0400F44004000101FF0066
S214048848F1FB0000651E04000941040001FF000056
S214048858E3420300651E0400651E0400FF000000D2
S214048868B9FB0000D1310400651E0400FF000000B7
S214048878B9FB000013410400651E0400FF00000055
S21404888839FD0000344104004B4104000001000097
S21404889807FF0000DF42030071410400651E040060
S2140488A8FF000000B5FA00008B410400651E0400B2
S2140488B8FF00000059430300B9410400651E040084
S2140488C8FF0000004B430300D34104005540040056
S2140488D800FF000035040100F8410400651E04008A
S2140488E8FF00000089F9000012420400651E040017
S2140488F8FF0000001DF9000035420400B2420400DF
S21404890800000310FF000000F9F900000743040004
S2140489187543040001FF0000CDF900008A430400F3
S214048928CD43040000FF0000E1F80000DE43040025
S214048938651E0400FF000000DD4203000D44040029
S214048948651E0400FF000000BDF80000594404003A
S2140489585540040000FF000089F800009A4504000A
S214048968EF45040000FF00006DF800000946040007
S214048978651E0400FF00000051F8000019460400B4
S214048988651E0400FF000000CD4203002D460400C7
S214048998AB46040000FF000021F800003647040038
S2140489A8651E0400FF000000DDF7000053470400BE
S2140489B87E47040007FF00009DF700008847040070
S2140489C8E1470400000500FF55F70000944804003A
S2140489D8A74804000002FF0031F70000D648040048
S2140489E8651E0400FF000000CD420300E8480400AA
S2140489F82249040000FF0000C5F60000A849040048
S214048A08EE490400000301FFB5F600008E4A040090
S214048A18D44A0400000301FF51720100744B040099
S214048A28651E0400FF000000654F03009C4B04000D
S214048A38174C040002FF0000611701006C4C040088
S214048A480543040000FF00002D170100944C0400A1
S214048A580543040000FF0000DD160100AD4C0400C9
S214048A68651E0400FF0000005D640100C64C040097
S214048A78651E0400FF00000035640100134D040061
S214048A88651E0400FF000000C16301003E4D04009B
S214048A98644D040000010100010102FF996301000E
S214048AA8E34E04000B4F040000FF00007963010046
S214048AB8324F0400651E0400FF000000C162010076
S214048AC85C4F0400651E0400FF000000374E0300D8
S214048AD8754F0400651E0400FF000000915701004E
S214048AE89B4F0400CC4F04000002FF00994C03007F
S214048AF829500400651E0400FF000000954C03007E
S214048B0856500400651E0400FF0000004557010087
S214048B18715004009B50040000FF00000555010036
S214048B28CB500400651E0400FF00000081400100CD
S214048B38DE500400651E0400FF00000069400100C2
S214048B48F6500400651E0400FF000000114C0300E4
S214048B580F510400651E0400FF000000FD4B0300CF
S214048B683C510400B651040000FF000011540100F3
S214048B78F5510400651E0400FF00000001530100BF
S214048B886D520400651E0400FF000000253F010026
S214048B98B1520400651E0400FF000000093F0100EE
S214048BA8CE520400651E0400FF000000813F010049
S214048BB879530400651E0400FF000000753F010099
S214048BC8075404004C54040000FF0000413F010011
S214048BD883540400D454040000FF00006D3D0100D3
S214048BE807550400651E0400FF0000000532010056
S214048BF8335504009C5504000000FF0005320100AC
S214048C08F1550400535604000000FF00A532010085
S214048C1898560400CB5604000002FF006B4B030072
S214048C28205704006E57040007FF0000D9330100DC
S214048C388A570400651E0400FF000000ED31010099
S214048C48AE570400D357040000FF0000F9320100B1
S214048C582C580400651E0400FF000000BD2B01000C
S214048C6869580400651E0400FF000000852B0100F7
S214048C7893580400651E0400FF000000434A0300DE
S214048C88CE5804003D59040000FF0000E12401000A
S214048C988E5904000D5A040000FF0000354A0300EC
S214048CA8535A0400A55A040000FF0000154A03009E
S214048CB8EC5A0400395B040000FF0000A91D0100FB
S214048CC8835B0400B95B040003FF0000E11D010098
S214048CD8F45B04003A5C040003FF0000911C0100E6
S214048CE8905C0400651E0400FF000000A149030010
S214048CF8C05C0400FE5C040000FF00009B490300FF
S214048D080E5D0400FE5C040000FF000095490300A5
S214048D18355D0400FE5C040000FF00008F49030074
S214048D285C5D0400FE5C040000FF00008949030043
S214048D38845D0400FE5C040000FF0000654903002F
S214048D48AD5D0400651E0400FF0000006B490300C7
S214048D58CF5D0400651E0400FF000000E119010051
S214048D68F75D0400305E04000001FF000D1A0100E0
S214048D78515E0400651E0400FF00000067490300F6
S214048D887C5E0400651E0400FF000000C91901008B
S214048D98975E0400651E0400FF00000085190100A4
S214048DA8B25E0400DF5E040000FF00006D190100D7
S214048DB8FA5E0400651E0400FF000000B501010009
S214048DC8255F0400651E0400FF000000B5010100CD
S214048DD84C5F0400651E0400FF000000A5F60000B2
S214048DE85D5F0400651E0400FF00000071F60000C5
S214048DF8725F0400995F040000FF000071F600002B
S214048E08A95F0400995F040000FF000009F600004B
S214048E18D05F0400651E0400FF000000C54203007E
S214048E28EB5F0400651E0400FF00000065F2000006
S214048E380E6004007860040000FF000045F200009D
S214048E489B600400651E0400FF0000002D0E010050
S214048E58016204008E620400010000FF110D010087
S214048E68AB620400FF62040000FF0000450D010029
S214048E7814630400666304000100FF00B10C0100DB
S214048E887C630400696404000107FF00C942030008
S214048E9879640400651E0400FF0000001106010042
S214048EA88A6404009C640400000101000007FF00B3
S214048EB809050100D7640400E86404000001010001
S214048EC8FF000000450D01003765040048650400EE
S214048ED8010000FF81040100376504007A65040078
S214048EE800FF0000F1A401008B650400651E040061
S214048EF8FF00000099F20000D7650400651E040010
S214048F08FF000000C16F0300651E0400651E040010
S214048F18FF000000B9B20100651E0400651E0400C7
S214048F28FF0000007DB20100651E04001C660400F4
S214048F3802FF000029BA010024660400651E040026
S214048F48FF000000B5B9010050660400736604000B
S214048F580200FF00437003009C660400651E0400BC
S214048F68FF00000091B90100BE660400DC66040038
S214048F7802FF000069B90100F1660400DC6604001B
S214048F8802FF000001000000684C002000000000FA
S214048F9800000000FFFF0000454903000000000031
S214048FA803000000FFFF0100234A0300000000003E
S214048FB804000000FFFF0100B14A0300000000009F
S214048FC804000000FFFF0000354B0300000000000B
S214048FD806000000FFFF0000A74B03000000000087
S214048FE819000000FFFF01003D4C0300F73604009B
S214048FF87467002000000000000000000000000065
S2140490080000000048670400789004000000000090
S2140490184E6704007C7104000000000055670400D5
S2140490284C730400000000008E3404003C730400F3
S214049038000000005E6704002C73040000000000B3
S214049048706704001C730400000000007F670400B7
S2140490580C7304000000000090670400FC7204000F
S21404906800000000000000000000000000000000EF
S21404907888900400A2670400651E0400FE00000031
S214049088BD670400A0900400000000000000000073
S214049098000000000000000079760300C2670400A0
S2140490A8651E0400FF03010001013F040201003F9E
S2140490B8040202003D040202003D0401020001020B
S2140490C80003010002023D0402010002020201003C
S2140490D8020200000020202020202020202028280B
S2140490E82828282020202020202020202020202057
S2140490F82020202020881010101010101010101097
S21404910810101010100404040404040404040410C6
S2140491181010101010104141414141410101010154
S214049128010101010101010101010101010101011E
S214049138101010101010424242424242020202022A
S21404914802020202020202020202020202020202EE
S214049158101010102000000000000000000000009E
S21404916800000000000000000000000000000000EE
S21404917800000000000000000000000000000000DE
S21404918800000000000000000000000000000000CE
S21404919800000000000000000000000000000000BE
S2140491A800000000000000000000000000000000AE
S2140491B8000000000000000000000000000000009E
S2140491C8000000000000000000000000000000008E
S2140491D800000000000000021000000004510020F7
S2140491E8801300200000020800000000FFFFFFFFB5
S2140491F8FFFFFFFFFFFFFFFF000000000000000066
S214049208000000000000000000000000000000004D
S214049218200000007DE5010010000000F5E40100D0
S21404922800000001000001010001010120C001B88E
S2140492380000000000000000FFFFFFFFFFFFFFFF25
S214049248FFFFFFFFFFFFFFFFFFFFFFFFFFFFFFFF1D
S214049258FFFFFFFFFFFFFFFF0304040808080808D2
S21404926800B801B802B800B0D4C604000304040861
S21404927808050000000000000000000000000000D0
S21404928800000000F8330000E0030000D8370000B0
S21404929814000000383E000008000000002F0000FC
S2140492A8F8040000EC37000004000000343E000018
S2140492B80300000000000000002F0000F037000044
S2140492C801000000403E000039000000012F0000A5
S2140492D80100000070B50822804B1A60804B1B689A
S2140492E8DC0302D50020088070BD0C880019401ED7
S2140492F800787C4DA870641C0C8045076D0F052DFE
S21404930805D8794E3668F60603D5022D0DD0032007
S21404931870BD9604AE401E4001D1082070BD052DD0
S21404932803D1104201D1641E0C80AA48486000206C
S21404933870BDF3B582B008886C490978491CC9B26F
S214049348814204D202990918491E097800E00021CE
S214049358644A517093785B075B0F01933023019C32
S214049368052C28D1194232D19478E5081E242C40BD
S214049378CD0702D5250001242C430125A14EE6403D
S2140493882E4072D0019FA04EE641402426403E431C
S2140493984C0602D5340020262643947889080D40C6
S2140493A8A7080C2139402943C02525400D43202110
S2140493B82943967051704A490C6855780221232629
S2140493C82E4008D0660302D52B40202B01D005205A
S2140493D882E0424B196093789B0601D4202203E06E
S2140493E89278120702D540223C4B1A603D4A92787E
S2140493F86B461A70C022854B1E680E4001D1154272
S21404940812D06E46377827263E40232E03D1E6022E
S21404941807D4012606E0252E03D0212E04D12603E0
S21404942802D504262D4F3E601B6819402026019F4E
S214049438002F1CD11E4027D02A4B5B781A40402A9E
S21404944813D00C221A40042A0FD02A073BD4012230
S214049458002902D0E100CB0F5A4069460978CB07A9
S214049468DB0F1A422FD021012AD4072034E0022F1A
S214049478E2D11E4008D00029DED1CC232B4003D1EC
S2140494886B461B785B0601D5032025E0A30311D59C
S2140494989C4E73691B051B0D5B1C3668F60205D5C6
S2140494A8994E36683607B60F9B1B5B1E9BB2052B78
S2140494B804D1C1E7029B1B78052BBDD006200BE020
S2140494C88021064A1160E90702D4401C03990880E3
S2140494D8AB4803994860002004B0F0BD481002A8C1
S2140494E8C83E0000343E0000440002A8543E000073
S2140494F8F2B586494978CA0705D4009A12888018AE
S214049508401E037800E000239E4A106802249E4DFD
S2140495182E68F60611D512695340DBB2002B03D128
S2140495286E68D30973402340002B03D0020204D488
S2140495380A20F2BDE206954E3260744A1E02C02323
S2140495480B403343914E336093785E07760F022EB2
S21404955806D16D682C4003D1002000990880F2BD1E
S214049568A0250D409E08102737402F433D090E07B7
S21404957802D42E0010253543CC240C401A262E403F
S2140495880A2E04D1CC2C02D02E00FD253540804E60
S214049598EE40F60705D4000416D5412B10D1082949
S2140495A812D17C48E8401121014021432020084379
S2140495B810700D210140009808D000F0A9F8F2BDFB
S2140495C80B2B01D10029ECD00720F2BD00F020F8BF
S2140495D8F2BD00005F2F000038B50C006E490B780A
S2140495E81A0953399500491925881B071B0FEB1AC6
S2140495F89A1A8018FEF756FE010002D1200000F0E1
S21404960807F832BDF300A3E398144068480002A89C
S214049618F8B50400614805683C4F3878D0263042CF
S21404962802D00D21014005D008205D490860EF20CE
S214049638FEF7F6FD39782000314204D0090939705E
S21404964800F066F8F2BD052129401FD002884D496E
S214049658CA60544BEC0705D5521C0280690607D429
S214049668514B05E043242C40422C03D1521C028063
S21404967843600DE010224A4B1A604C4A09688B0076
S214049688DB0F1901D16280210903116000210180D2
S2140496980020F2BD0A888018401E0078830601D48C
S2140496A8121D0A801822024004D00888520880181E
S2140496B8C01E088039480068C00702D50888401CC0
S2140496C808803948486000207047344A1368DB0726
S2140496D808D51268920705D40A888018401E0078B0
S2140496E804280CD110202E4A10603048254A1268E7
S2140496F89300DB0F1A01C262802212030260002064
S214049708088070470C4000A8080001A8343E0000F2
S21404971831B581B02649002000900822254B1D78D3
S21404972802230C24254202D10022234903E02C40BC
S214049738082C00D10222EC0703D50C001E21614038
S21404974800931D4207D015490968090601D51B4927
S21404975801E00021C943019B194C21601949FF24E3
S2140497688C70009C15012543CD70087018880099E4
S21404977840188018188014485860002036BD000029
S2140497881D310000C83E0000440002A8441002A888
S2140497980D0F0C0D071708504B3F0000480002A891
S2140497A8482002A8C1320000F73200001C1002A8A4
S2140497B8DE1B2501343E00002084100000FCFF0157
S2140497C8F43E0000483F000005320000343E000026
S2140497D8C1290000D9290000D9290000D929000088
S2140497E8D9290000D9290000000000000000000064
S2140497F80000000000000000D9290000D929000054
S214049808D9290000192E0000D92900005523000084
S21404981865230000F123000039240000B324000067
S2140498281D260000D3240000BD2600001F250000C6
S2140498385D250000D5250000312800000129000018
S21404984827230000632B00004D200000812B000016
S214049858F52B0000D9290000D52C00009D2C00000B
S214049868D9290000D9290000212D0000D929000093
S214049878D9290000D92900005D1000005310000003
S21404988867100000711000007B1000008C48806888
S214049898000200D4704780B580208002A84908607A
S2140498A8CF2000F045FA01BDF8B586480068864C16
S2140498B8802292032260854E316809051DD5110B56
S2140498C8A023034001D0216017E002403FD180273F
S2140498D87F4A17607F4A1760084038D0784D287A40
S2140498E8400705D501207C49086000027B490860CA
S2140498F82878002801D0062801DB0020F2BD00F0F5
S21404990851FB716889684E682978052907D1B90515
S214049918A1606E60B668CC218901704A116000F0B7
S2140499284AFB012E00DA0226BC2080058549086019
S214049938942080058449086065480021C943016469
S2140499487142416481490F6040210160D5E7AE4801
S2140499580160FFF79BFF0120F2BD5A48016889059C
S21404996804D5C06E0004000F022801D000207047FA
S2140499780120704738B580245548046000F012FB6F
S21404998805007348006800F05FF9280000F013FB30
S214049998FFF77CFF4A48007A000705D5A0004A4925
S2140499A8086000F0FEFB31BD600397490860AD48C7
S2140499B8046031BDFEB50500CC208001934948609B
S2140499C8012693480660FFF7C8FF002877D03C4C6A
S2140499D82078002873D031020195052802D02A463B
S2140499E80A406CD1CC27BF01884A17609E4A126881
S2140499F853075B0F022805D1022B5ED308013749AB
S214049A080860F7BD4D01032804D1022B55D9334805
S214049A180560F7BD042802D111404ED0F7BD0528CD
S214049A284BD10198002848D0C005C10F684641703C
S214049A380198C004C10F6846017000F0B3FA02909A
S214049A48606869464978002903D006688021214A57
S214049A5811602C04A7496A461278002A0CD0C268FA
S214049A680B68D21AA44B1B68234001D0066800E092
S214049A784668964200DD1600684640786A461278BC
S214049A88024308D008684242B01E824202DA704294
S214049A98886000E00026029800F08DFA0198800598
S214049AA801D5964804600198054001D0944804609E
S214049AB8002E02D009480760F7BDFFF75BFFF7BD25
S214049AC8403E0000400002A8402002A8C83E00000D
S214049AD80CC001A890E001A894D000A8505201A890
S214049AE838B5802487480460012049490860864DB3
S214049AF82878052802D0600084490860FFF72DFFFF
S214049B08002812D012480068000A80214140A8683C
S214049B18000EC9B2814208D2534800684007400F75
S214049B28022802D2FFF726FF31BD79480168C02211
S214049B380A4002D1C06F204001D00448046031BDF9
S214049B481C1002A808E001A808D001A894D001A80F
S214049B5818C000A8F1B582B00F008026B600A02071
S214049B68384002D06B4806604CE000F01BFA0090C0
S214049B7869480468F80202D5A0680069029000F0F3
S214049B885FFBB102606800F069F9217820000022C2
S214049B98491C43788B4200D2002118234B43C5182E
S214049BA80C352B78082BF3DA0C00017085605648C0
S214049BB8297801703E4007D0574909688968CA68F9
S214049BC8F90201D403218A438260012610463040F4
S214049BD803D100F0F6FB00F0B4FFF104686900F066
S214049BE83DF93C2000F0A4F8E0B200F0A1F8009893
S214049BF800F0E1F930054749086048480660300235
S214049C08024908600298FEBD401002A84C6201A8EA
S214049C1894E000A810B542480068800501D4FE20E8
S214049C2810BDC02080033F49086000F0BBF93A49DC
S214049C3809688A78D20702D589688C7800E00C7897
S214049C4800F0B9F9200010BD334909688A688B7892
S214049C58DB0704D5927818235A438A180C32906086
S214049C6870470000100002A8084001A8F1B582B0A9
S214049C782D4F3C680026200F000702D1E001029011
S214049C882AE000F05EFF00F08DF9019080210903B8
S214049C98606800F0E3F825786D1C6078A84200D266
S214049CA80025E80020180C300090006802908021F7
S214049CB809030098406800F0D1F83D2000F038F811
S214049CC8E8B200F035F825700098A060019800F016
S214049CD872F902A800F09AFF14480068800407D5B1
S214049CE8786901F050FC02990818029000D502968B
S214049CF80298FEBD48C001A8480002A8481002A859
S214049D08482002A894E001A8403E0000506201A83A
S214049D1814C001A8402002A8CC3E000090E000A889
S214049D28400002A8401002A8D03E0000FC0302A887
S214049D3841490968002901D5404908607047F3B5C8
S214049D4881B03F4FB9683F4C4A004CD501250901FC
S214049D5800D5212501003C4A1068566822689206F8
S214049D68920E94463A689300802213406246134340
S214049D78802252001A4300920A0023D0890601D58D
S214049D88012008E0F021014007D16946097A0C222F
S214049D980A4002D0022000F03FF82C49096809045A
S214049DA80AD53968090701D5022605E03968490342
S214049DB801D5002600E003264835009A2449096898
S214049DC8890003E0009A2249C96909094023194011
S214049DD811439A00002E02D01643266608352166DB
S214049DE8024322662566E06D4407640F00F0C4F853
S214049DF8A0070BD0052C09D0B868000406D400F0D8
S214049E08D1F80221134A116000F0D5F800F0BDF825
S214049E18002000F001F8F7BD0B490A68F0239A43BE
S214049E28000110430860C0B270478020C0020A4987
S214049E3808607047000000004C0002A8884000A88C
S214049E48440002A8284000A8683F0000384101A83A
S214049E58084001A87CD40350485000A880B5664A38
S214049E68116001F0BBFBFFF7E0FF01BDFEB500F093
S214049E7899F802901020614908600023604803603E
S214049E880220604908606048C0684005C20DD52AAB
S214049E9801D2D52204E0D1204000824200D9020033
S214049EA810000100594C0194843C246864011DD5B3
S214049EB8574C0094251D574E367806277E43AA53DA
S214049EC80024019D2D7CE540ED070CD5009D062653
S214049ED86643AD19AD888FB2BD4200D2290086B25A
S214049EE8AE4200D22800641C022CEAD389B246315A
S214049EF80904494C0C404638C005C00D2043424965
S214049F080860C0200006454908604048017D0029CD
S214049F180CD04349D52A02D98024E4050C60D12400
S214049F286400A24202D2802424060C6010213D4C10
S214049F3821603D490B604188002900D102800298BF
S214049F4800F039F8F7BD80B538483949086039480B
S214049F58C1680902090A19225143416005210160B2
S214049F68FFF784FF01BD33480068C00300D4704778
S214049F7880B5FFF77BFF01BD8020C0021E4908603C
S214049F882D4800684007FBD470478020C0022B4940
S214049F980860704701E02A4908602A4909680140B0
S214049FA8F9D17047284800682021284A11601021F2
S214049FB8274A116070473021014002D110202349F6
S214049FC8086070472048006830210140102901D1F4
S214049FD801207047002070471E480078062101407B
S214049FE807D01D480068022803D0032801D00120A2
S214049FF87047002070470000401002A8F41302A817
S21404A008048002A8409002A87C400050743F0000D8
S21404A018643E0000603E00000000FF01A06000509F
S21404A028A4500050F42302A818E000E07F1A0601A2
S21404A038500002A810E000E0400002A8402002A851
S21404A048282002A8280002A85C0002A85C2002A80F
S21404A0585C1002A8BC3E00006C3F0000F8B55348EC
S21404A0688021490281610221514A51600021514AE6
S21404A0781160514A118003214D4A11600221016082
S21404A08820204E49086080204D490860CC20800175
S21404A0984C49086001204C4908604648806F009087
S21404A0A80F24070B274049480068C505ED0D103DE9
S21404A0B8C0202843C0B2FFF73BFE3E480069800331
S21404A0C80AD5092F08D0FFF787FF002802D0404892
S21404A0D80068804701F0D8F80098044000943D488A
S21404A0E804680098032803D0022806D1032F3AD020
S21404A0F800F002FA0098032803D0062F33D1062D61
S21404A10831D0354800680104C90F01D001F084FB3A
S21404A11832480068000109D5052D07D1012501201C
S21404A1282F4908604005FFF735FF00E000252100A9
S21404A138380000F0E3F904002A4E002D06D000F09B
S21404A14889FB0120306002202749086080208003AC
S21404A1587065800925490860FFF73EFF002802D08D
S21404A168234800688047124880214902C161002FAD
S21404A17808D10221416000200E490861C020C000B1
S21404A1881C4908602000F2BD80B5FFF7F5FE1A48A2
S21404A1980078800602D4022018490860FFF7F5FE06
S21404A1A801BD022016490860704700002C1002A85A
S21404A1B8282002A8340002A8743E000094E001A8EF
S21404A1C80CC001A8506201A894E000A804ED00E0C1
S21404A1D8E8370000B44000A800E200E0F03E0000C3
S21404A1E8645000A8646000A82C4000A880E200E040
S21404A1F8E43700002C6001A8C83E0000081002A836
S21404A208082002A87B480068800700D4704730B549
S21404A21881480421904A0123E024E4008568254007
S21404A22802D01360D160D3600068044002D0136083
S21404A2385160536030BD89480121816001607047D0
S21404A24810B5012075498A680240FCD1844A042363
S21404A258D3600C680440FCD15360106010BD81497B
S21404A26808680122104200D1704710B5E023DB00CD
S21404A2780340FF24A41CA34204D37B4B1B689B0601
S21404A28800D54868024001D000F0B6F810BDFEB507
S21404A2980700C820754908600620754908608020AC
S21404A2A840037449086074480168744A0A40802167
S21404A2B8090111430160724CC020C00020600225C9
S21404A2C8A56168036F4908606F4E7048F0664C20B5
S21404A2D86F49C86638686F498968814201D2009117
S21404A2E800E000900099401A38600121380000F018
S21404A2F855FB01903868009940183860FFF782FFCC
S21404A308634800686349086063480168490601D5DC
S21404A318624900E0624931670199002908D103219E
S21404A328E16100683068054002D080208002206120
S21404A3380198FEBDF1B55B4C8020C00120605A4DE3
S21404A3480126AE62594F3E601D2028605620686676
S21404A358072001F009FB02202860062129665449D3
S21404A3680968002902D408212966696651492965BD
S21404A378C021C900504A1268F823DB01134001D1F2
S21404A388A96700E07961E16B314008D0216BC90701
S21404A39805D44A490968084001D101F0EDFA48484D
S21404A3A848490860206B064001D1FFF72BFF009848
S21404A3B801F0C8FA206B8001FCD4206A4249086080
S21404A3C8F1BD30B53748414B0121026B0A4001D133
S21404A3D85961D9603E4A3F4C54663F4C1465032481
S21404A3E81C600023CE4D2B6014609162C903016083
S21404A3F830BD00004C0002A8F0210901374A11605C
S21404A4080140374801602020364908603649096803
S21404A4180840C849086070476C0102A8700102A881
S21404A42880B532480821324A13680B4001D00161CE
S21404A43841611178C90602D5862109010160FFF732
S21404A4480EFF14202B490860BB480168490701D051
S21404A458FF21416101BD0000681102A86C2102A811
S21404A468682102A8783F0000400002A8548001A88A
S21404A4780C9001A8942002A8680102A8FFF1FFFF27
S21404A488441102A8A01002A8E40002A8294E060057
S21404A498300002A8A03F0000FC0302A8CC3F00003E
S21404A4A8C43F0000100002A8E01002A8442102A835
S21404A4B828C000A80C1E0000A88001A8483E00007A
S21404A4C8FFFF7F7FB46000A89C3F0000602102A8BD
S21404A4D8E02002A85E060000041E00002C6001A806
S21404A4E82C5001A8442002A8084001A8301102A84C
S21404A4F8F84F0000703F000070470000F8B586B0BB
S21404A50805000C008D48866AFFF74CFD0590B005DB
S21404A51803D58B480068FFF797FB002001900122BB
S21404A5287306DB0F87498F688860B8204000864E1C
S21404A53830606608B82030400978F0260E40402E71
S21404A54802D10100402008430D2D02D1390004270A
S21404A5580F43790704D501001420084310218C43BF
S21404A5687A4909686D462A7004930500784EC8052A
S21404A57806D5802040007749086028000125054351
S21404A5880498002811D10C20284008280DD028004B
S21404A5986A49496BCA0601D410229043890601D435
S21404A5A820218843B121014067D0684600780028F6
S21404A5B865D0B26BB06D012101235207520F921D6C
S21404A5C89340C004C00C181A80B2082809D2802503
S21404A5D806205A4A106008049D4A106000206A46FD
S21404A5E81070812028404DD00820049A002A00D1F3
S21404A5F830623A0008271743102084430420039047
S21404A6080005984A10604008974A10609748016009
S21404A61868460078002832D00398062838D3944829
S21404A628806BC00634D593480068000E01909048A5
S21404A638006880B202908F48006A000604D0029828
S21404A6488021490101430291FFF7C6FC002809D07E
S21404A65889480078C00605D002988021C9010143BC
S21404A66889B2029102983061029800123061374824
S21404A6780168C80500D57AE70AE008203062009425
S21404A688049732E090A06906C90E405C0390BFE7C1
S21404A6980094049703982949CB6A764A1268346862
S21404A6A86F463C8128241C400443980CC001204370
S21404A6B81C001B0E23401024234003439000402212
S21404A6C81040184302AA9070086B000A02A9C870C2
S21404A6D8FFF7A0FA02A9087101984871674800684C
S21404A6E8C8800298F0660398F0660598FFF763FC3E
S21404A6F808240098400601D55A488460FFF76CFC85
S21404A708002805D05E480078002801D05D4804601B
S21404A7180498C1B2E8B2FFF712FB009807B0F0BD80
S21404A728400102A8081A03D2574909684018401C71
S21404A73870470000441002A80C4000A8180002A89D
S21404A7481CC000A8683F0000B46000A81C0100AA4A
S21404A758540000AA1C2100AAF8B54C4E0F24012563
S21404A7684B491027706B38401BD0012008704948A5
S21404A778006849490968FFF7D5FF48490968401839
S21404A78801284BDB01F0A4F945490968090B0C407C
S21404A798022C41D16905434A11604349CF633560A9
S21404A7A83AE0F06BC0001ED540480068E0218905F1
S21404A7B8014033D03A4D286821030140780281428B
S21404A7C82CD1FFF7EFFB3A4A3A490968C90502D57E
S21404A7D83949096811602968090B21400229F3D010
S21404A7E8FFF7E9FBF1BD354E3068002816D00D702A
S21404A7F801F0A8F8002811D101F06AF92849096877
S21404A808090B0C40022C07D12904264A11600221A0
S21404A818254A11600021316001F05EF9F1BD8020FF
S21404A828800427490860704780204004244908604B
S21404A83870478020C00422490860704780200005BD
S21404A8481F4908607047802040051D490860704706
S21404A858141100AA1B480168490701D0FF21416169
S21404A86870470000401002A8205001A8006101A803
S21404A8781C4000A8084001A8C43E0000448001A863
S21404A888F0370000845000A838C001A8100002A8B9
S21404A898773E00001CC101A820C001A8E03E0000C5
S21404A8A8AC0002A81C1002A8082002A8204001A890
S21404A8B8800000AA084000A8904000A84C3E00006B
S21404A8C8382002A80C4000A803010706030107065F
S21404A8D8050106060501060603020706030207061F
S21404A8E80502060605020606FF2807D0032805D231
S21404A8F8A9490978C140C807C00F704700207047A7
S21404A908F0B5802000020821A44A11600A23012118
S21404A918A34A01249C400443B6A5ED5C25439560F0
S21404A928F025A04E35609D4DB5A6F65C0227374344
S21404A9382F6004262E609C4D2D680D4006D1CD024E
S21404A9486D1E03D0966C3603FAD401E00220F0BDDF
S21404A958956CD66C6D036D0BAE4200D220005B1E60
S21404A968D7D508238F4C23609060904B1B685B01F7
S21404A97812D58F4C63785D1C01262E4066701D0028
S21404A9880626754365191268AA80E88023708248EB
S21404A99802789940114301700020F0BDF1B582B0E9
S21404A9A8FFF749FC002481480068400102D40120CE
S21404A9B801901DE07F48826B00207D49C3B20625BE
S21404A9C86B43CB189B8895B2AB4204D0401CC3B2E9
S21404A9D8022BF3D3FF200870012001907348006807
S21404A9E8400105D50878FFF77FFF002800D00194BA
S21404A9F87148006871498861714D02980068296D2C
S21404AA084618002E15DD00F072FD2860C001301AC5
S21404AA1800280EDDFFF714FC00F093F8029800688F
S21404AA28296D401800F08EFF050002D002980460D5
S21404AA3885E0644E802080003060604A10680728ED
S21404AA482ED005210840052805D011600C2000F0FA
S21404AA588BFF050073D15C4D5C482862FFF7F0FB5A
S21404AA6802202860E020C0025949086000025949BB
S21404AA78486080208004706002203060012000F066
S21404AA8873FF802040002862022000F06DFF9020AB
S21404AA9840012862022000F067FF8020C000286278
S21404AAA84D4EE02040003060042000F05DFF0500B5
S21404AAB83CD10220474908608002B062C001B062F7
S21404AAC810203C4908600127F7654026434800687B
S21404AAD830401BD135480068400113D53448007807
S21404AAE86946087068460078FFF7FEFE002809D015
S21404AAF82F4869460978062251434018C0882D49CC
S21404AB08086403E0FFF7FCFE05000FD12948076038
S21404AB18C467022000F028FF314C2660B00020608D
S21404AB28022000F021FF8120C002A06201980028BC
S21404AB3805D02A480068800101D4FFF714FA2800D3
S21404AB48FEBD70B5FFF777FBFFF77AFB02261948B8
S21404AB580660244DF0022862C4082C62012000F026
S21404AB6803FF600828622E601F482862E020400021
S21404AB781B490860174D2E60FFF7FEF91B4E307808
S21404AB88002800D005200D490860FFF7FEF92C6060
S21404AB9817480068706370BD843F0000889001A859
S21404ABA8448001A888A001A8140002A8F03E00006A
S21404ABB8603E00000C8001A8F80302A83C0102A825
S21404ABC88C3F0000941002A83C1102A8BD0800009F
S21404ABD8142102A8942002A82C9001A84C0002A8CC
S21404ABE82CA001A83C2102A8FD680000603F0000D4
S21404ABF8300002A80000000101020408102020000A
S21404AC08505050404040403020202000F8B5040002
S21404AC18FFF716FB2948C021C900294A1268F823F9
S21404AC28DB01134002D1274A116000E0016000945A
S21404AC382549AC2252008A640A220A6023498022E3
S21404AC4852030A60224C626A224B13408022D200C6
S21404AC581A43626280222260022242605003C8605D
S21404AC681D48E0601D4E4C20F0661D4D686996210F
S21404AC78C901471800980068874200D30700C01B1C
S21404AC880099086000210098FFF788FE0099096873
S21404AC98C919009A11603168296012490968490679
S21404ACA801D5114900E011492161F2BD8020000157
S21404ACB80F49086000010F4908607047582102A828
S21404ACC8AC8001A8581102A80C8001A8941002A808
S21404ACD8440102A8FFF1FFFF286E0600300002A810
S21404ACE8903F0000FC0302A8CC3F0000C43F0000CD
S21404ACF8401002A8685000A8F1B584B0B4480068AB
S21404AD080390B448006B9621C901401804998842F8
S21404AD1805D2081A00F016FE002800D013E2AE4C3E
S21404AD286068C00700D50EE20420AC498862800338
S21404AD38AB494862AB480568606B8607B60F032EB6
S21404AD4803D01020A549886224E008468021890299
S21404AD584162A16B890601D5012062E0290610D557
S21404AD68A26B02210A400CD19F4A05231360A36BE9
S21404AD7810273B401943116000211160616B090AD2
S21404AD88116004218162A06B002803D5C803934987
S21404AD9848620026606B400705D5606BC0008021BA
S21404ADA84900084003E08B488068C10701D5FFF7CF
S21404ADB823FB0122154008D0B748B1014018006AA1
S21404ADC8C004C00C401EB549086000200021B44BDE
S21404ADD8DB6E1B0417D5B34B1B68002B13D4012159
S21404ADE8AE4B5B69002B0ED0AF4B1A70AF4A10609F
S21404ADF81022AF4B1A60CA06AE4B9A670723AD4DAE
S21404AE082B60AB4B5A65AC4AC0239B0013603502D3
S21404AE18002901D0190000E02900CC4E31605360A7
S21404AE287560E16B942292050A40150000D001254E
S21404AE3880263602284300062CD06A482821405C1F
S21404AE48C0210140402902D1FFF79EF901E0FFF72F
S21404AE58A8F9202020602D0600D174E1944D606B7B
S21404AE68400708D570085E4948620220686000F00A
S21404AE7859FA002806D004205849886240025849DE
S21404AE8848626E6057480078000600D45BE13001DB
S21404AE985249FEE00125606828405AD1AC4800684B
S21404AEA8C005400F022803D0032801D0062802D183
S21404AEB869464D7005E0002069464870A548A649CD
S21404AEC84860680446498862FFF756F87348406E37
S21404AED8E16B0E4008D1C00606D5FFF763F80221D9
S21404AEE89E4A1160FFF767F8FFF74FF828032060BB
S21404AEF89B4EC02000067060280497490860606B63
S21404AF084007C10F684601703020039949072CD5BD
S21404AF184021A24A1162904F49013966032191647F
S21404AF280021116030607D6580207060062000F086
S21404AF381BFD00280DD12802F866022000F014FD37
S21404AF4828029749886618207060082000F00CFDCF
S21404AF58002800D0F7E024207060E020C002904962
S21404AF68C865A020C00238666FE0E16BC90246D502
S21404AF78BE4949680902090E01914909022901DBFB
S21404AF88884A01E0B32292000199302937D311493F
S21404AF980B88E72B33D395277F00BB4205D8FB1ACB
S21404AFA81B095A43920A534204E07F4FDB191B09D4
S21404AFB85A43930A5BB2019AD2180F6BBC46CF6BFE
S21404AFC87B436746FB180B639F2A0FD39F2210E028
S21404AFD8FC0302A8743F0000100002A81C2002A864
S21404AFE81C1002A8C83E0000E40000AA202A00D8C4
S21404AFF821221102114312040A4329490A606749A7
S21404B008AA020A629A4A8A6414220A603060524F74
S21404B0187D65E020C0026249C865A803B866400298
S21404B0287060062000F0A0FC002833D12D06FD66CB
S21404B038022000F099FC5A48856668097060082062
S21404B04800F092FC002825D17560032000F08CFCE3
S21404B05888481849886700F04AFA874D401DC00199
S21404B068296B401801908548406F8021C901084023
S21404B07802900846824908600198049988421FD2BB
S21404B0880846296B401A00F05DFC002816D0029882
S21404B0987C49086057E000BF0C0000AA204000A8BE
S21404B0A8CC4001A8784201A8763E0000703E000015
S21404B0B8645000A83C6000A8046100A804980190A5
S21404B0C8206AE86204270398384001D0402002E04A
S21404B0D8F8057060C0087060012000F045FCB801EF
S21404B0E81D490860019800F02DFC8A4E68460078D1
S21404B0F8002805D161480068F0613805864908606B
S21404B1080298604908608548854908602448790299
S21404B118416669464978002900D10760206A686252
S21404B12868460078002808D0012000F01DFC307816
S21404B138000602D5780492490860E06BC00202D57E
S21404B1484A480068286305B0F0BD00BF045100A84B
S21404B158204001A8040000FFB41002A87CE40350B1
S21404B168441102A810B5FEF71DFF864900240C609A
S21404B1780A22CA61FEF71FFF8348C02189020160BC
S21404B18882494160824810210160C9054165402012
S21404B198804908608048047010BD0000400102A879
S21404B1A8B82002A833070000D6FEFFFF7B48406B92
S21404B1B8800300D47047F8B579480468002700204F
S21404B1C800257849E20706D5C02080028025ED03CD
S21404B1D8EA0A0A6003E0A20701D4032040252843AC
S21404B1E8C862012000F0C0FB802040006E49086752
S21404B1F808206E4908606E490968090203D46D4937
S21404B20809680140FBD0012000F0AEFB6A4EE00757
S21404B21802D58020800430643564042000F0A4FB42
S21404B228600702D5E020C002F0606448306401205C
S21404B23800F09AFB62483064C320000630645A481B
S21404B2488021490201671021B163890271615D4951
S21404B2580F60012232603022F2638F6280218901F6
S21404B2684E4A116009010160F1BD0000F83F000074
S21404B278F3070000FFFF7F7F743F000020C001A88B
S21404B28894E001A894D001A8F8B54F4800680D27A3
S21404B29807400424002F00D104274C4810256603D1
S21404B2A808214B4A4B4B1B682340126814D0426053
S21404B2B8394004D00220FEF7AFFD474806603C40FC
S21404B2C807D046480068054344480560B008424924
S21404B2D808600220424915E00260394005D0022081
S21404B2E8FEF79AFDA0023C4908603C4006D03B485D
S21404B2F801680D43056070093749086038480660D8
S21404B308300329490860FFF751FF00210020FEF7A3
S21404B31816FDF1BDC83E00001C1002A80300030079
S21404B328482102A810B580202E490A6802400AD08F
S21404B3382D4B1A680624144005D15C6E2B4A22400D
S21404B3481B6D9C0101D5002010BD096808400DD06E
S21404B3582748824203D1180501D5012010BD254887
S21404B3680068C107C90F481E8041C00F10BD224897
S21404B3780321C163A821816310210160704700007E
S21404B3881C2002A8D80000AA402002A804000080B6
S21404B398646000A82C4000A8763E0000100002A8AE
S21404B3A8FC0302A81C1102A8442002A84C6201A8A7
S21404B3B8C44001A84C4201A8082102A824000001A0
S21404B3C898008800600102A8B44000A8E83E00007F
S21404B3D81CC101A8440002A8401002A8683F000047
S21404B3E8685000A8400002A814C001A81F1F000047
S21404B3F8010C000030C101A8082002A86C480068A7
S21404B4080121084209D16B4A12686B4B000C18409C
S21404B418F03291400B40984201D002207047002039
S21404B4287047F8B507000F386A461080604CA06865
S21404B4380A0004D16B461B8882B29A423AD200228A
S21404B4486B461A80012502263A0013D02268324039
S21404B45807D000292ED059480088401C5749088030
S21404B46800203900E16056490E6080B2B84201D324
S21404B47869460D805348456000E030BF2068304078
S21404B48803D1FFF7BBFF0028F7D04D4845603900C5
S21404B49810D02168314005D048490A886B461B8875
S21404B4A8D2180A8006600020E060A068B84201D27C
S21404B4B844480660FFF7A2FFF2BD38B5050000F061
S21404B4C807FB0400012199204543A8093E4A12684F
S21404B4D88018123880B2FFF7A4FF05008020C00148
S21404B4E83A490860200000F0F7FA280032BD3348CD
S21404B4F803883549096802889342F9D11004081864
S21404B5087047FEB51238070C6946088000F0E0FA62
S21404B5180190274C294D2888B8421ADA01202C496C
S21404B5280860274E30BF02202168014006D03060EC
S21404B5384003264908602888401C2880FFF75EFFD9
S21404B548002802D12988B942ECDB01217160002861
S21404B5580DD12888B8420AD1A06869460988884265
S21404B56805D2002168460088FFF75BFF01E0FFF775
S21404B57845FF04008020C00114490860019800F0C3
S21404B588ABFA2000FEBD10B512490A680E4B1B68BC
S21404B5980C689442FAD0DB014033141A02D2886944
S21404B5A82418641C0C4800684443181B10BD00008B
S21404B5B8280002A804ED00E0FF3F0000743E0000E7
S21404B5C8282002A8281002A8300002A880E200E07A
S21404B5D82C1002A820C001A8B43F0000F0B502E071
S21404B5E80A601C602E607EC84F1C07D05F1C04D0FF
S21404B5F86F1CF5D10A601C60F0BD0A60F0BD00003F
S21404B60880B5FEF709FC01207F49086001BD80B5B6
S21404B618EB2000F001F801BD30B57C490B681840F2
S21404B6281022134210D07A4B7A4C2468224008D051
S21404B638A84A14682402FF252D022540DD6200244A
S21404B6481460802252031A60086030BDF3B5010006
S21404B65816001C00002500959F48019A3300002711
S21404B6680BE0BC464F5D4743AE009E597E40575D8F
S21404B67847433740664637436D1CA542F1D339091C
S21404B68839438A080A43510811430840C10901434B
S21404B6980F208A0B0A4302405040F6BDF1B582B02B
S21404B6A80E0000208B490860FD25AD01EF7AA87AC4
S21404B6B801900F21394000910ED00B46874A8849DD
S21404B6C80298FFF7C3FF0199014082480160854844
S21404B6D841438548084001D1012400E04401380963
S21404B6E815D032003B0929000298009E6D7A751918
S21404B6F84019FFF7ABFF0199091101407548026824
S21404B7080B0113430360002901D0480044437748DB
S21404B7180068204001D10420FEBD0020FEBD80B58F
S21404B7280A0000211180724952888018FFF7B6FF74
S21404B73802BD70B50F226F4B5C7905780F20204048
S21404B748C5402009284001259C79C4402C4001D1D5
S21404B758032070BD2F4C2468254005D09D684600FC
S21404B768AD5B6D1E644E3560DD78DE79C640F00745
S21404B77811D5E0060FD5002D0DD06048486008881E
S21404B788488008881C7800192A4080185A78801837
S21404B7982A09801800E000200880002070BD80B5C3
S21404B7A857480168574A0820014201D05061106181
S21404B7B8C90602D58621090111605349534A1268FD
S21404B7C812040CD5524A1268530401D5C00305E086
S21404B7D8C0239B0113404202934200D008600D48E0
S21404B7E80078C022024002D18020400508604948FB
S21404B7F8006820221040086047480068C00101D449
S21404B808FFF705FF01BD00002C4000A8703F0000AC
S21404B8181C1002A8C83E0000F8B5404F38687E6879
S21404B82806403F4830403F4908608024A4033E4D04
S21404B838F00227D53D48016801200A0605D53C498B
S21404B8480968A9602870022014E0014202D0394928
S21404B858A9600FE00020C9060CD52849A960364A15
S21404B86891780B071B0F12789A1809095118A980A2
S21404B878E880A888A880A888002801D0264301E084
S21404B888FFF7C5FE264023D0264E74603460A88889
S21404B89800280BD0F969814208D3291D2748AA68CD
S21404B8A890470100F3D0FFF7ABFEF1BD01000CD0C2
S21404B8B8FC218902B161224902038A6134604C6022
S21404B8C8FA69824204D30C60F1BDEB20FFF7A4FEAC
S21404B8D8F1BD0000503E000001010101F83E0000E1
S21404B8E8383F00001111000021840000F43E0000D7
S21404B8F8183F0000483F0000204000A8531F0000DF
S21404B908F84F0000302102A8441002A8384101A8C4
S21404B918204201A8084001A8CC4000A8B44000A8CA
S21404B928FFFFDFFFB46000A8543E0000C83E0000D6
S21404B938EC370000671F0000493F0000D44000A809
S21404B948B45000A810B5C409FFF7D1FD201A312851
S21404B95806DAC000183801D4C01EFDD5002010BD74
S21404B9682000FFF7CEFD10BDC32148436F3801D42D
S21404B9781E38FDD500207047FEB5C020C0043649E1
S21404B988086036483649C8651024364804601020CE
S21404B998FFF7EAFF00285ED1FF2000053249086059
S21404B9A832483349086033482D49086025042E4830
S21404B9B80560314807680820FFF7D6FF00284AD1F3
S21404B9C808262E4806600120FFF7CEFF2A4880681E
S21404B9D802902B4806602B482149086022480560D7
S21404B9E80820FFF7C1FF002835D124480660012047
S21404B9F8FFF7BAFF204DA868019021480660184E44
S21404BA08214830600299019800F046F80104FC20A9
S21404BA188003084000900298C10B0198C00B00F000
S21404BA283BF80006FC2189050140009801431748A5
S21404BA380A0C4240FF239B1CD2181040084330606F
S21404BA482F60E003084908602868286010480460E6
S21404BA58104981640020FEBD20E000A8F717000006
S21404BA682C0102A8401102A8B02002A80000380E33
S21404BA78B01002A810103030E04001A8E05001A829
S21404BA88E06001A830301010202020203F3F00003E
S21404BA98402102A8F7FFF00010B54904CA10400474
S21404BAA8C310991A00209A18D30F9A1852105218CD
S21404BAB88B115B0E5B18DB11D2182023541A01D4A1
S21404BAC822001843CC0F611849105B08F6D110BD44
S21404BAD8EFF3108072B67047002800D162B670473C
S21404BAE880B5FEF779FA002802D0B7480068804780
S21404BAF801BD80B5FEF7B2FAB448006800030AD45C
S21404BB08FEF7FAFCFFF752FBFEF75BFC0120FFF793
S21404BB1829FBFFF716F880208005FEF73BFA01BDDF
S21404BB2880B5FEF79BFA80204002FEF733FA01BD83
S21404BB38F8B5FEF721FA052097490860FEF725FAB6
S21404BB48964806680124264201D1FEF774FBFEF7E0
S21404BB5885FA9F48016800919E4A40681060B105BE
S21404BB68C80F002126420FD000919B4B5D681560D4
S21404BB781D689A4A17687B1BBD4202D39769DB196E
S21404BB885B1C974FBB42F5D3964D2960002804D01A
S21404BB9831000098FDF7DEFF00902868204004D1A5
S21404BBA86846FEF774FB002802D10098FEF7C2FB2D
S21404BBB8A94804606004FEF7EDF9F1BD38B5A74C52
S21404BBC8E06BC00506D580200006206000BF00BFD5
S21404BBD840082060FEF724FCFEF740FAFDF764FEF2
S21404BBE805009F489F490860FFF77AFF8020C00237
S21404BBF8FEF7D0F9002D01D08020206001209A4954
S21404BC08087031BDF8B5FEF729FA984F2C20385C31
S21404BC180521014002D0FEF7B7FA01E0FEF7C1FAA3
S21404BC288E4C0225F86A284001D001202060102096
S21404BC38C0438F4908600026A6638E480660FEF750
S21404BC48CBF9002803D08C480068804700E03E60A3
S21404BC58FEF792F989480068E16B090407D40007DF
S21404BC6805D5FEF79FF986490D60FEF7A4F9FEF799
S21404BC788CF9FFF794FDA804FEF78CF9F1BD80B59E
S21404BC88FEF7ECF951480068000303D4FEF799FB65
S21404BC98FEF757FF80204003FEF77CF901BD38B550
S21404BCA8FEF7DCF96D4C2025FFF73CFB002806D090
S21404BCB8206B000704D5FFF75AFBFEF7F7FF25604D
S21404BCC8FEF77FFBFEF73DFF6E4800780C21014027
S21404BCD8042902D1FEF758FA01E0FEF762FA68046E
S21404BCE8FEF758F94020206031BD1CB5FEF744F92C
S21404BCF8052029490860FEF748F9FEF7AFF9FFF76B
S21404BD0836FBB848006800906846FEF77FFF0400D4
S21404BD18FFF7E6FE002C02D10098FEF7EDFF802020
S21404BD284004FEF737F913BDF8B5FEF797F9AE4C9D
S21404BD38256A5020284002D0FEF726FA01E0FEF7CE
S21404BD4830FA464FFFF7EEFA00281BD1786B400707
S21404BD581DD4386BE0214901014018D1A80611D436
S21404BD68FEF70AF9256AA14E354207D0FF20C043DC
S21404BD782D182562802000059D490860FEF705F900
S21404BD882E4002D00120386001E000202060802088
S21404BD988004FEF7FFF8F1BD3C1102A8400002A893
S21404BDA880B5FEF75BF993480068400601D5FEF7B0
S21404BDB808FB0120FFF7D6F9FEF7C3FE8020C0046F
S21404BDC8FEF7E8F801BD0000DC3700000C0002A806
S21404BDD8B83F00004C3E0000D43E000020C001A836
S21404BDE801FF0000483E000010B526480468FEF728
S21404BDF835F981490968090328D40321C00601D501
S21404BE08214001E0A0080140012902D1FEF7BCF94F
S21404BE180BE0200107D50E20FFF7F2FBA748042104
S21404BE28016008210160FEF7BCF9A54C2069A54904
S21404BE380860FFF755FE2068002807D0400012283F
S21404BE4802D2FFF791FD01E0FFF737FB802080035D
S21404BE58FEF7A0F810BD0000402002A8100002A8B3
S21404BE6870012000B46000A8773E0000C43E0000BD
S21404BE78442002A8503E0000E0370000844000A892
S21404BE887CE40350F03E0000F8B584B0012668460A
S21404BE98067000270297FEF7E1F80390564C2068D0
S21404BEA8000300D597E00320A849C86386480068BD
S21404BEB8FB25AD010F210F220240032A03D0000BF5
S21404BEC8014006294DD1A2480068A2498E6DE16B4F
S21404BED8890701D59F49CE6DFFF755FB8619FEF7EE
S21404BEE87BF800280ED02879C1060BD02868090DDF
S21404BEF84143890B761897490968002902D100023C
S21404BF08400C3618002E01D5019700E00196606BA8
S21404BF180107C80F03212A6B0A40022A1BD1039A79
S21404BF28D20618D5AA68D30513D5A66B8A4B1E4025
S21404BF389E4203D11021854AD1630CE092050AD4A7
S21404BF48E26B2823134006D16B461F70284A1160FB
S21404BF5801E06A461770029068460678002E03D1F8
S21404BF680FE07C48406D0190FFF7DCF9002808D004
S21404BF78FFF7FDF90298002802D0FEF797FE00E0C6
S21404BF880026022071490860002E10D03020285C54
S21404BF980C210140042902D0A06BC00602D5FEF786
S21404BFA8F3F801E0FEF7FDF82020606013E0FEF7E2
S21404BFB808FA802000060E49086068486849086040
S21404BFC801A8FEF723FE0400FFF78AFD002C02D121
S21404BFD80198FEF791FE80200004FDF7DBFF05B00C
S21404BFE8F0BD0000CC3F0000D03E000000FFFF007C
S21404BFF8441002A8440102A80C0002A8FEB50024B6
S21404C0080194FEF72BF8FFF76BFD564EF06E564D6F
S21404C0180007000F072807D17068002804D40020FA
S21404C028FFF7A0F8286841E0012103204F4A736807
S21404C0385B070BD44E4B1B680B4007D01368DF0511
S21404C0480BD55B0502D43368DB0503D40191916AEA
S21404C058890904E01021474B1960916A09090840C8
S21404C06800900020FFF77EF80098002805D1706835
S21404C078C00602D4FEF795F801E0FEF785F800201E
S21404C0880199002903D13C480068FFF77CFA6969DE
S21404C098401801D5009400E000906846FEF7F7F8CB
S21404C0A8002805D10098FEF745F9A86905490860EF
S21404C0B880200005FDF76EFFF7BD000080E200E073
S21404C0C8AC3F00004C3E0000AC0002A8F8B5FDF7F3
S21404C0D8C5FF002400252948066B80277F053006FF
S21404C0E806D5300709D5FFF742F9FEF7DFFD29E044
S21404C0F801251F480068284019D00020FFF732F8A9
S21404C1080220064002D01E490C60C8611D48046817
S21404C118002D03D02000FDF7A9FD0400FFF727F93A
S21404C1282000FEF7E9FD3800FDF734FFF1BD164898
S21404C1380078C0210140402902D1FEF725F801E025
S21404C148FEF72FF820200D490860ECE7082002A81F
S21404C1580CC101A86C3F000010000010FFFF7F7F91
S21404C168B46000A8400002A8BC3F0000C83E000017
S21404C178B44000A8441002A81CC101A8100002A8D4
S21404C188180000AAD83F0000F03E000000F03CF873
S21404C19802480349486000F052F800BF732A0000BA
S21404C1A80000000080B5EFF305800B2801D23A2181
S21404C1B800E02921FF221632002000F03FFAFEE7AD
S21404C1C810B5C20018231340FF249C40E243890795
S21404C1D8090E9940030004D470489B089B00C018B5
S21404C1E806E0AD4B0007000F0838800880001818D2
S21404C1F803681A401143016010BD80B573225421A8
S21404C208002000F01BFA01BD10B5FFF761FC012100
S21404C218634A1160634B644A1360644A13600323D9
S21404C228634C2360634C2360634B1960634B19604B
S21404C2388023A44C2360D160FFF74EFC10BDFFF7A3
S21404C24847FC05000024012160B2FFF7B9FF641C0F
S21404C2580E2CF8D301210F20FFF7B2FF012111207D
S21404C268FFF7AEFF01211320FFF7AAFF01211720CD
S21404C278FFF7A6FF03210120C043FFF7A1FF012112
S21404C2881B20FFF79DFF7348734908607348C16A0B
S21404C298C1620168016002207149086001208A4968
S21404C2A8086047046F4C20693840FCD02068800139
S21404C2B801D4FDF748FE2800FFF70EFC774D0AE088
S21404C2C800281BD0FDF76EFE18E020693840FCD025
S21404C2D83000FFF701FC206E0004000F022801D18D
S21404C2E8FEF73AFAFFF7F4FB0600FDF76BFE0028A4
S21404C2F8A878E5D0002801D1FDF75DFE012069780D
S21404C308002909D12978002905D1704909688906C0
S21404C31801D45349086030BF002169702978002980
S21404C328D6D102214E4A116067490860CDE76848AD
S21404C338016842680A40674810401B49086080073D
S21404C34803D5A4480188491C0180704770B5624823
S21404C358016840680840000E0006604980221205FD
S21404C368104218D05E4B1C68641C1C605D4C5E4D05
S21404C3782D682D0407D5A568002D04D007250D6063
S21404C3880125AC4E3560402525601B68012B02D973
S21404C39810238B62CA67886770BD000000E400E05B
S21404C3A8040002A80000FF3F282002A82C1002A8B8
S21404C3B840E002A844C002A804C001A8044001A89A
S21404C3C8F8B5854C206B616B01400091834D084697
S21404C3D8286000988249014007D0FDF7FDFD002833
S21404C3E803D000989449096888478020009901403A
S21404C3F81CD0F821C90123680B4017D0C0221201AB
S21404C408934213D880231B06EB6226680E40944F8B
S21404C4183F683F043F0F022F01D0032F03D1002E9D
S21404C42801D09642F1D38F490B6028608E48007875
S21404C43806280DDA0098CC218901014008D0FFF7B8
S21404C44847FB04000098FDF7B5FA2000FFF744FB05
S21404C458F1BD0000FFFF9B0800E100E0E04001A8F2
S21404C4685C2002A84C0002A810B5804801684468FD
S21404C4780C407F48046080210C4205D041607D480A
S21404C48801600020FDF796FA600403D58020400575
S21404C4987949086010BD00001CED00E0763E0000F7
S21404C4A838B57648016844680C40E00707D5FFF7B6
S21404C4B80FFB0500FDF714FB2800FFF70DFB70487B
S21404C4C8046031BD505201A85C1002A8F40302A807
S21404C4D8280002A8FFFF00C0B44000A83C6000A8DB
S21404C4E8703E00002C4000A8384101A8FEB5654CF3
S21404C4F8206C666C064001273E4216D03D0662480C
S21404C5080560206861490F60002802D00021FDF705
S21404C518A5FC5F480068A021C90188428041C04341
S21404C528C00F5C4988705C480560FDF73BFD0290C7
S21404C53802210E4049D06068C2B20192000A0090F7
S21404C54808224B4B4C03554D0020019E012E27D044
S21404C558022E38D1009E012E24D1EE780096504E35
S21404C5682F780C2047430020F05128784005902760
S21404C5787F04C719032038434A4F38601C604A486A
S21404C5880460301D2B780C246343484C2468009FB1
S21404C598E419C45028780C2358433150444811E011
S21404C5A80091DCE7002E0ED1424E37603C4E361D15
S21404C5B82D780C277D4370515C601C60C8043E4B84
S21404C5C818603E480260314801600298FDF7F3FCA3
S21404C5D8F7BD0000743E00001C4201A84C6201A886
S21404C5E80200060070B5FDF7DDFC0400FFF770FADC
S21404C5F82C490A68D20717D5294A121D304B5D7A8A
S21404C6080C2675435659294D2D681E60CE685E6003
S21404C6184968D9818021C9041B4E3160197B691881
S21404C6285B7A0C256B43D150FFF756FA2000FDF7CA
S21404C638C2FC70BD3C5000A8D8370000002800D0C3
S21404C648704710B50C00FDF7ADFC1E490C600122BE
S21404C6581D4B1A600B6C1340FCD1FDF7ACFC10BDE7
S21404C668AC0002A8785201A8403E000090C001A879
S21404C67890E001A80CC001A804ED00E090C000A852
S21404C68890E000A800C002A8401002A840E002A853
S21404C698404000A8763E0000402002A88D3E0000D8
S21404C6A8300000A860C101A894D001A8200000A802
S21404C6B8F42302A860E101A880E200E0F41302A8CB
S21404C6C8843E0000008002A8409002A810C7040018
S21404C6D800000000ECC60400010000000000000092
S21404C6E800F04902000000004063598F404B4C009C
S21404C6F80B000B001A00FF7F0468002000000000EF
S21404C7088CCA0400000000000C40020001801400DB
S21404C7187F400000204002000000000000000000E7
S21404C7283040070000000000000000000000000081
S21404C738000000000000000000400000A0070400FD
S21404C74850400100000000005C40020000000000A9
S21404C75800000000A840010007000000BC400400D8
S21404C76800000000000000000000000000000000B8
S21404C7780441040000400000FF4C0000FF5D000078
S21404C788FF4D000020C0011000F8070020C001304B
S21404C798F502080024C00110FF00000024C0013080
S21404C7A80018000028C00700EC80B3834375405186
S21404C7B8A00F004830400000000000000000000001
S21404C7C82E02000050C00400511130040E2D09E654
S21404C7D854060708D1B6020064C00A000430001CD8
S21404C7E8403018090D647920EBFCFB017FF6E8035A
S21404C7F8BD4B721511A3180510325476980A00001A
S21404C80800000000080001010407000018000101E8
S21404C8180000000020000101088400001C400801F4
S21404C8281000000020F9130407C05200000000009E
S21404C83800000000000000030000000000000000E4
S21404C848584006016402FF00410800000100000089
S21404C858B0070800A700000000000000804011018F
S21404C8684B01A0089BC34A74F003000000000000B4
S21404C878000000000101103050707F7F00000000A7
S21404C8880000000000000000000000000000000097
S21404C8980000000000000000000000000000000087
S21404C8A800000000E0400201330000000000000021
S21404C8B8EC4001017DA8D98BF44005016404830784
S21404C8C88813C83A9C200A0000612000B75635121F
S21404C8D80C410301F95412002030042988BB404057
S21404C8E824410201000000000310000030410A0140
S21404C8F86406660C0C010000E853FA000000000009
S21404C9080000000000000000000000000000000016
S21404C9180000000001010000684103016404830765
S21404C9288813820000000000304204010000000062
S21404C9380000000E0000000000000000444202014F
S21404C94800000000F4811F0054420C01000000009F
S21404C95800003C0000000000000000005555555536
S21404C968170000000000000000000000AAAA060045
S21404C9780000000000000000000000001080010114
S21404C988030000003880020111491000010000006D
S21404C9989C800301EB40020070780300D5C00000B9
S21404C9A8A8800111F0010000A88001310542CB01DE
S21404C9B8AC800111F0010000AC80013105228D0025
S21404C9C8B08002010003000237000001980002024A
S21404C9D8000C00044C000000A4000102000400003F
S21404C9E8D0000202050040AA88010000E400010203
S21404C9F86C2C5111F4000202000000003D210811BD
S21404CA08FC0001123F000000FC0001320054040040
S21404CA18300101026000510254010102C43F0000C3
S21404CA286801010200040000FC4F01033CCA04002C
S21404CA38FFFFFFFF120000006666660000000000A5
S21404CA48F4CA0400E4CA040000000000001A9A00AD
S21404CA58005A620280841E000420F5001149500220
S21404CA68000000008ECA0400000000000000000059
S21404CA7800000000B1841E00000000000000000052
S21404CA880000000005020200000000F04902061437
S21404CA98000000E0930405380000A0080000000029
S21404CAA8580901040706100A01040707C80A0004FF
S21404CAB80807800B00040808380C000409086108F5
S21404CAC800000000680800000000C7090104040309
S21404CAD82C0B01040404920C01040504ED17000051
S21404CAE8ED1700000000000000000000193F0106D2
S21404CAF804100100000101060010270000090000C8
S21404CB080000000000000000B5ED010065ED01001E
S21404CB1871ED010061EE01008F7A03003180030095
S21404CB2835800300398003003D80030041800300FC
S21404CB3800000000A80100000814002000010304F7
S21404CB4864EE01001000000024E101001A00000051
S21404CB5879EB01001100000075E4010011000000E3
S21404CB6863E511000400000023E11100040000003E
S21404CB7825E101000800000026E101000A00000083
S21404CB8827E1010002000000000000000000000089
S21404CB98F9CC0400F3CC040000000000FACC04002E
S21404CBA817780400000000001178040013780400C5
S21404CBB80000000015780400D1CC0400FFCC040063
S21404CBC818780400127804000000000016780400A0
S21404CBD8ECCB04000F7804001078040014780400E2
S21404CBE80E780400000203040508090A0B00010273
S21404CBF80304051D2000B40108020200AA00FFFF72
S21404CC08FFFFFFFFFFFFFFFF519F0300714B02006A
S21404CC18ED7602003D140300FD790200B788030090
S21404CC28B9880300BB880300BD880300FDDA020048
S21404CC3899B30200DDF40200E90D03000D68020052
S21404CC48B188030039B60200B3880300115C0200F9
S21404CC58B5880300776F030005610200ED440300FE
S21404CC6800000000001300000000000000000000A0
S21404CC7801000000C5B9020002000000AF990300D5
S21404CC88030000001DB902000400000029990300EF
S21404CC9805000000BDB80200000000000000000007
S21404CCA80023001B2200FF00000000000C090202FB
S21404CCB8000000001C1A0B0303FF06080402020205
S21404CCC804020A0B030302030480FF0204FF0101A3
S21404CCD801010800000000000000005A6967426568
S21404CCE865416C6C69616E6365303980008F8E8C23
S20C04CCF880808006080C108001
S20C04CD0024A0FB7F01000000E3
S21004CD0814CD0400F8630020CB010000EA
S21404CD140000000000000000FFFF00000100000007
S21404CD2400000000000000000000000000000000F6
S21404CD3400000000000000000000000000000000E6
S21404CD4400000000000000000000000000000000D6
S21404CD5400000000000000000000000000000000C6
S21404CD6400000000000000000000000000000000B6
S21404CD7400000000000000000000000000000000A6
S21404CD840000000000000000000000000000000096
S21404CD940000000000000000000000000000000086
S21404CDA40000000000000000000000000000000076
S21404CDB40000000000000000000000000000000066
S21404CDC40000000000000000000000000000000056
S21404CDD40000000000000000000000000000000046
S21404CDE40000000000000000000000000000000036
S21404CDF40000000000000000000000000000000026
S21404CE040000000000000000000000000000000015
S21404CE140000000000000000000100000000F00113
S21404CE24080000000810002001002301040000008C
S21404CE341010002006003001010000001410002029
S21404CE44FFFFFFFFC0EA2101C0EA210100800000C1
S21404CE5400F04902406500200060070000800000DE
S21404CE64C8350020C8000000FE00000000000000D2
S21404CE74A069040018100020FFFFFFFF006D0400E3
S21404CE8433000000AD150100330000002F490300F1
S21404CE94E0E50300E4E50300F1E50300FEE5030032
S21404CEA40BE6030018E603002BE603003DE6030046
S21404CEB44AE6030057E6030064E6030079E6030043
S21404CEC48CE603009EE60300B3E60300C2E6030012
S21404CED4D3E60300E2E60300F2E60300FEE60300FC
S21404CEE40BE703001BE703002DE703003CE70300FE
S21404CEF44BE7030054E7030069E703007EE70300F7
S21404CF0493E70300B3E70300C1E70300E0E7030085
S21404CF14FBE703000EE803001BE8030030E8030005
S21404CF243FE803004EE8030060E8030072E80300E9
S21404CF3485E8030098E80300AEE803000000000058
S21404CF440F000000E5EA0300FCEA0300FF0000000B
S21404CF5400000000000000000000000000000000C4
S21404CF640000000000000000000000000030E70499
S21404CF7400C8180359F303005EF303008BF303009D
S21404CF84B6F30300E4F3030012F4030041F40300CD
S21404CF946EF403009EF40300CEF403001EF50300AF
S21404CFA4FFFFFFFF00F80300FFFFFFFF000004007D
S21404CFB400000400005C2605A466002006000000A9
S21404CFC4948F040000000000010019000100000012
S21404CFD4B04100200100190001000000B041002007
S21404CFE40100190001000000B041002001001900EE
S21404CFF401000000B04100200100190001000000F7
S21404D004B04100200100190001000000B0410020D6
S21404D0140100190001000000B041002001001900BD
S21404D02401000000B04100200100190001000000C6
S21404D034B04100200100190001000000B0410020A6
S21404D0440100190001000000B0410020010019008D
S21404D05401000000B0410020BC4500200000000090
S21404D0640000000090780400684C002058670020F4
S21404D074284F00203067040006000000000000006B
S21404D0840000000000000000F48F04000C9004006C
S21404D0943B670400651E0400FE0000008867002049
S21404D0A400000000384F0020A04F00200850002045
S21404D0B40000000000000000000000000000000063
S21404D0C40000000000000000000000000000000053
S21404D0D40000000000000000000000000000000043
S21404D0E40000000000000000000000006579030052
S21404D0F461790300FFFFFFFF69790300FFFFFFFF69
S21404D104C17E03001D7F0300FFFFFFFFFFFFFFFF39
S21404D114FFFFFFFFFFFFFFFF2F2A0000FFFFFFFFB5
S21404D12400000000B380030038CB0400FFFFFFFFB9
S21404D1340000000020A1070000000000A5B80300BA
S21404D14400000000000000000000000000000000D2
S21404D15400000000000000000000000000000000C2
S21404D164F054002081410200F55A0200651E0400B2
S21404D17400000000000000000000000000000000A2
S21404D184F05400201948020000000000651E040044
S21404D1940000000000000000000000000000000082
S21404D1A4F054002041520200F55A0200651E0400A1
S21404D1B40000000000000000000000000000000062
S21404D1C428680400F0540020996C02000000000053
S21404D1D4651E0400000000000000000000000000BB
S21404D1E400000000F05400209D75020000000000BA
S21404D1F4651E04000000000000000000000000009B
S21404D20400000000F0540020F9850200000000002D
S21404D214651E04000000000000000000000000007A
S21404D22400000000B80B0000F0540020D989020066
S21404D23400000000651E040000000000000000005A
S21404D2440000000000000000F0540020B992020020
S21404D25400000000651E040000000000000000003A
S21404D2640000000000000000F0540020299402008E
S21404D27400000000651E040000000000000000001A
S21404D2840000000000000000F0540020EB8E0300B1
S21404D29400000000651E04000000000000000000FA
S21404D2A40000000000000000F05400207197020003
S21404D2B400000000651E04000000000000000000DA
S21404D2C40000000000000000F0540020159C02003A
S21404D2D400000000651E04000000000000000000BA
S21404D2E40000000000000000F0540020B39B03007C
S21404D2F400000000651E040000000000000000009A
S21404D3040000000000000000F05400208DF4020029
S21404D31400000000651E0400000000000000000079
S21404D3240000000000000000FBA00300F0540020EE
S21404D334590E0300F55A0200651E0400000000009E
S21404D344000000000000000000000000F05400206C
S21404D354C914030000000000651E04000000000059
S21404D364000000000000000000000000FFFFD007DB
S21404D374B80B0000FFFFFFFFCEFAEFBEFFFFFDFF72
S21404D384FDFF0C002C01001E2C0140068000FFFF4C
S21404D39404F8FFFF0C000000000000004000FDFF3E
S21404D3A42C019C000000FFFFFDFFFFFFFFFF60EA67
S21404D3B48000800010C1CDAB0A01320101FFFFFFDB
S21404D3C4FFFFFFFFFFFFFFFFFFFFFFFFFFFFFFFF60
S21404D3D4FFFFFFFFFFFFFFFFFFFFFFFFFF01FF0548
S21404D3E4FFFFFF0101FFFF0201FFFF640250FF0F6E
S21404D3F40208031E050216010A0C0520070510017F
S21404D404010F080101010104FF0301FF0CFF0F7F54
S21404D4147F0150403000FFFFFF0B03FF050B0103A1
S21404D4240105020201FFFFFFFFFFFFFFFF010102E8
S21004D434FFFFFF01056D0000DD6C00002A
S804009E0558
