S01B00006275696C642F72656C656173652F7A69676265652E73333714
S21400400008100020E57C000079C400003307030098
S2140040103307030081C4000089C40000330703008F
S2140040203307030033070300330703003307030097
S2140040308DC40000744A04003307030033070300EE
S214004040330703003307030033070300FD77000040
S2140040503307030033070300330703003307030067
S21400406033070300330703008DC90000330703003E
S2140040703307030033070300330703003307030047
S2140040803307030033070300330703003307030037
S2140040903307030033070300330703003307030027
S2140040A033070300AD800000918000003307030053
S2140040B0330703003307030033070300751D0200B0
S2140040C04562030041620300D91402005B620300EC
S2140040D049620300351D02004D62030069010200BB
S2140040E0B51D020033070300330703003307030040
S2140040F033070300330703003307030033070300C7
S21400410033070300330703003307030033070300B6
S21400411033070300330703003307030033070300A6
S2140041203307030033070300330703003307030096
S2080041303307030049
S214004134F0B5114A114C124E00F00105E3695F0711
S21400414413D40DB9334213D103EA00078F4207D1C3
S2140041540B4A1A40002A14BF6FF001000020F0BD7D
S214004164013AEBD16FF00200F9E74FF0FF30F6E7C3
S2140041746FF00100F3E700BF80969800000003503C
S214004184020001000B4B70B5D96911F480310DD1D2
S21400419401244FF48072084E084DF46020462C64C7
S2140041A41A61FFF7C5FF3464EC6070BD6FF0010060
S2140041B4FBE700BF0000035000100350002003502C
S2140041C438B541F6713301220C4C0021E569E363EE
S2140041D40B4B05F48035DA600223606121202361ED
S2140041E4FFF7A6FF10B92120FFF7A2FF0122054B17
S2140041F4DA600DB10023E36338BD00BF000003504E
S214004204001003500020035070B5134C6061E3693E
S2140042145B071ED40E4656F8043B8D18A361AE42C7
S2140042240BD10423002121202361FFF781FF58B915
S214004234BDE870402120FFF77BBF08210846FFF742
S21400424477FF10B10423236170BD56F8043BA361C5
S214004254E5E74FF0FF30F7E7000003502DE9F84399
S214004264154641F67132164B8946DF69DA63012238
S214004274064603F58053DFF8508007F48037DA608B
S21400428455B9284601220F4BDA601FB10022A3F568
S2140042940053DA63BDE8F88306F5005404EA08041C
S2140042A4A41BAC4228BF2C46494622463046FFF79C
S2140042B4ABFF0028E6D12644A1442D1BE0E700BF4F
S2100042C4000003500020035000E0FFFF45
S2140042D02DE9F04F4FF0FD0BC9B09A460DF11B09C2
S2140042E09DF8503108AFCDF80C90CDF808B0019786
S2140042F0059303890446009383790E4690464188C9
S2140043008288407812F082FA054650B10090A38861
S214004310002062883A4912F0BDFD284649B0BDE843
S214004320F08F99F800002FF0DFFA38B12846A388FE
S2140043306288344912F0AEFD8D25EEE75A463946BE
S21400434099F800002FF078FA8346002851D0529B47
S2140043501BB1BDF84C3198424BD8002399F8009019
S2140043600793A9F14102012A5FFA8BF123D8384658
S2140043700139254ADFF898C05FFA81FE734513DBE2
S214004380059B04210792C3B907AF18221F489FED6B
S2140043901A7B02FB060420460A460830394684ED9E
S2140043A0027B17F09FFA11E010F8011F013351400D
S2140043B00CFB01F2E2E7059B33B123464A4638463A
S2140043C0009610F0A5F9A8E70829DED9B8F1000F85
S2140043D001D088F80090BAF1000F01D0AAF800B01A
S2140043E0529B002B99D05A46184608A917F07AFA1D
S2140043F093E7012591E700BF0000000000000000E1
S21400440046F303007BF30300C59D1C81801000204B
S21400441093010001000000002DE9F04F93B0CDE9B4
S2140044200A32DDE91C530E9353EC102BCDE908013C
S214004430104619468DED060B1E9E16F0DDFC80B16B
S214004440DDE906014FF0FF32C54B16F0FDFC40B922
S214004450DDE906014FF0FF326FF4801316F0D6FC4C
S21400446070B1DDE908019DED060B0E9B1E96CDE9A9
S2140044701C53DDE90A3213B0BDE8F04F00F088B9EE
S2140044800022DDE90601002316F0C0FC002800F03B
S2140044903381DDE906A303F1004BCBF30A5016F493
S2140044A08063A0F2FF3008BF06250F9316F0D2F9FE
S2140044B09BA3D3E9002316F037FA9BA3D3E9002386
S2140044C016F07CF8CBF31304894644F07F518046FF
S2140044D00022A44B504641F4401116F06DF894A308
S2140044E0D3E9002316F020FA02460B46404649461A
S2140044F016F064F816F0B2FC044616F0ABF98EA37C
S214004500D3E900238046894616F00EFA0022964B21
S21400451016F054F816F0A2FC89A3D3E90023074648
S2140045204946404616F000FA80463846894616F058
S21400453091F985A3D3E9002316F0F6F902460B4657
S2140045404046494616F038F802460B46CDE90C239D
S21400455016F0EAF9DDE90C2380468946104619462E
S21400456016F02CF80022CDE91001804B4046494653
S21400457016F004FB00227E4B16F020F802460B468F
S2140045804046494616F0FAFA00227A4B16F016F81C
S21400459002460B464046494616F0F0FADDE90C2383
S2140045A08046894600204FF0804116F005F8024606
S2140045B00B464046494616F001F802460B46DDE932
S2140045C0100116F0DBFA07F2FF3700226A4B15F0EF
S2140045D0F5FF00223B0516F0A7F952465B468046DB
S2140045E0894616F031FC002840F08980CDE90C8918
S2140045F004F16303C62B8CBF0527042731051BD5A2
S21400460053A3D3E900235046594616F013FC00285E
S2140046107FD051A3D3E900235046594616F0F6FB47
S214004620002876D00027A542C6BF2C1B04F1FF3514
S21400463000253C4646F480660E9B9F422CBF4FF0FA
S2140046400008A3EB070816F0020903D0002F18BFD6
S2140046504FF000083CB1DDE90C235046594616F0F1
S2140046608DFA82468B46DDE906010022002316F00D
S214004670CDFB10B10BF100439B46DDE9080126F4A3
S2140046800063CDE90183DDE90A324BEC10AB0095FF
S21400469000F07EF802465FB3DDE9091316F0200F3E
S2140046A000F10105089E0CBF65204520B047DDE9F6
S2140046B008010523002205930A23002CCDE90232C7
S2140046C007F1FF374FEAD473B8BF64422A46019316
S2140046D004970A9B009430F023FF0246B9F1000FBE
S2140046E006D00B9BC41A0B9B1A190E9BA34245D8E7
S2140046F0104613B0BDE8F08FDDE906ABCDE600222C
S214004700404649461A4B16F039FA013CCDE90C01F1
S2140047106EE7002D90D00F9B002B8DD0013D8BE7D0
S214004720FB799F501344D33FB3C8608B288AC63F9B
S21400473061436F63A787D23F71A379094F930A40FD
S2140047401655B5BBB16B0240EF39FAFE422EE63F76
S2140047502D431CEBE2361A3F0000000080842E41F9
S214004760FFFFEF7F0000F83F0000E03F00002C4016
S21400477000002440000018400000F03F2020DDE943
S2140047800913089DA8470134ADE700BF00000000EC
S2140047902DE9F04F5BEC10AB97B0CDE90501DDE9F4
S2140047A02058CDE90723504652465B465946229F7D
S2140047B016F022FB70B90323CDE902870193AA4BBA
S2140047C00093DDE90501DDE9072330F0DBFD17B0D6
S2140047D0BDE8F08F4FF0FF326FF480135046594615
S2140047E016F014FB28B10423CDE9028701939F4BF2
S2140047F0E6E74FF0FF32504659469D4B16F024FB35
S21400480068B19C4A07F00403002B08BF03229A4BAA
S2140048101CBF13460422CDE902870192D0E750461A
S2140048208DA3D3E90023594616F00EFB38B98CA3A6
S214004830D3E900235046594616F0E8FA68B1DDE998
S2140048400723DDE905014BEC10ABCDE92187209568
S21400485017B0BDE8F04FFFF7DFBD0022002350463B
S214004860594616F0D3FA002800F091805B4652466F
S2140048700020002115F0A0FE012382468B460993F6
S21400488017F4806400F08580092D40F285800024AE
S21400489030210EABA5F109020134202C03F8011BD0
S2140048A0A5EB040901D09442F6D15946504616F0BD
S2140048B0D5FA724B054603EBC90393ED007B8DEDED
S2140048C00A7B15F0C7FF02460B465046594615F0C0
S2140048D073FEDDE90A2316F027F802460B46CDE9FB
S2140048E00C2316F0E3FA064615F0A4FF02460B4624
S2140048F0DDE90C0115F060FE02460B46CDE90C23FF
S21400490000225F4B16F0A0FA002848D00136304649
S21400491015F090FF02460B46DDE90A0116F080FA14
S21400492008B100260135B9F1000F45D1284615F02B
S21400493091FF02460B465046594615F03DFE0022B2
S2140049404F4B16F063FA10B9E90700D501350A2176
S2140049500EAB1A19202C0AD095FBF1F001FB10556E
S214004960303502F8015B013405460028F2D107F025
S2140049700302012A55D1B8F1000F52D0099A12B994
S21400498017F00C0F01D008F1FF38302240E00990F4
S21400499076E74FF0060988E7A946002485E7002257
S2140049A0DDE90C01364B16F031FA0028BBD10EB10A
S2140049B0F007B8D50136B6E70A210EAB1A19202C37
S2140049C00DD0B6FBF1F001FB1063092E03F13003A6
S2140049D009F1FF3904F1010402F8013B11D8302136
S2140049E0A1440EAA202CB2D04C4504F101030AD1F2
S2140049F004F158020DEB02042E2204F8202C1C466B
S214004A00A5E70646DBE7A1541C46EBE71A5501343A
S214004A10444506D2202CF9D1CDE9028701940EAB8D
S214004A20CEE6202CF8D0099B3BB12D2204F158038A
S214004A306B4403F8202C0134EEE77A0704D504F122
S214004A4058032B226B44F4E73B07E5D504F15803E3
S214004A5020226B44EDE700BF0000000065CDCD418D
S214004A600000000065CDCDC1691004006D10040083
S214004A70FFFFEF7F6010040065100400A8590400D3
S214004A800000E03F0000000070B58EB02C22002130
S214004A9003A816F097FD64234FF002320893CDE981
S214004AA005230B2301218DF834305B4B8DF8101055
S214004AB01D880D4040F0A980084634F08DFD0A227E
S214004AC0564B574C1A704FF42873ADF812304FF00F
S214004AD0FF332360534B54491B8820460B82534BAD
S214004AE0534A1B68CD828B61524B0D621B884B82EA
S214004AF0514B1B68CB611DF0D3F920B14FF41B71ED
S214004B004E4835F004FE0521206830F0FCFE20B14A
S214004B1040F27D21494835F0FAFD206815F008FD81
S214004B20474B2068196830F0B1FF0C2535F0BCF90A
S214004B306843099035F0B8F968430DEB0501079016
S214004B40206817F001FC20B140F295213B4835F073
S214004B50DEFD25681FF0DCFB00220146284631F00A
S214004B600DF820B140F29721344835F0D0FD40F2E0
S214004B700353344D344E2B80052396F90000AB705A
S214004B807F2801D11DF082FA3378EB7035F08CF96E
S214004B9000EB80008000A88035F086F90023C00076
S214004BA04FF0FF31E880AB604FF0FF3018A3D3E939
S214004BB0002334F063FE2549206830F098FF206813
S214004BC002A931F0B4FB20B14FF434711B4835F024
S214004BD09EFD042220680DEB020130F02CFF042815
S214004BE004D040F2D721154835F091FD01A90120E7
S214004BF030F02DFB07F084FC01201DF0CBFE2CF0DE
S214004C0090FB1DF0F1FE1DF0D9F90EB070BD00BF8F
S214004C100A0020FF420300009E5A0020CB610020BD
S214004C20C4540020567304007C6800205C730400A3
S214004C3001960300547304005873040032490400BC
S214004C40C4650020B8540020526B002075960300FF
S214004C500348044B834202D0034B03B11847704706
S214004C60806B0020806B002000000000064B074988
S214004C70C91A891048BF0131491003D0044B0BB143
S214004C8001481847704700BF806B0020806B0020EB
S214004C900000000010B5064C237843B9FFF7D8FF94
S214004CA0044B13B10448AFF300800123237010BDFA
S214004CB0B015002000000000DC96040008B5044B88
S214004CC01BB104490448AFF30080BDE80840CDE7B7
S214004CD000000000B4150020DC960400A3F5803A1E
S214004CE0704700BF154B002B08BF114B9D46FFF7C2
S214004CF0F5FF00218B460F461148124A121A16F08D
S214004D0061FC0C4B002B00D098470B4B002B00D0BF
S214004D1098470020002104000D000B4816F098FF6D
S214004D2016F028FC200029002BF0F8F916F07EFF7C
S214004D30000008000000000000000000081000202E
S214004D400810002020620020B9BC010007B5012130
S214004D5020200DF1070201F039F858B10223012195
S214004D6020200DF107028DF8073001F03FF803B060
S214004D705DF804FB9DF807100229F8D002220948C6
S214004D8015F00EFB022301210DF1070220208DF8FD
S214004D90073001F02BF82BF01BF94FF4FA6000F007
S214004DA05FFEE4E748AB030038B501F0E3FF01F02F
S214004DB0ABF9012805D001F0A7F9022801D001F0CF
S214004DC0C9F9064D2B783BB901F09EF90128044637
S214004DD002D12BF086F92C7038BD00BF7C5B00201A
S214004DE010B5044600882BF0C7F8A37884F8440072
S214004DF0834202BF0123E3702371074B04F11C00BA
S214004E00C4E9073401F038F8224620880349BDE893
S214004E10104000F075BF00BF0FFD0200D9FC020075
S214004E2070B5C37804460D461646002B34D1D1B172
S214004E30214815F0B5FA0123E370E36CA6600BB1C8
S214004E40E06D9847E368F61A63699E4221D2217E98
S214004E501A480131C9B2217615F0A2FAA36D13B132
S214004E60217EE06D9847E5702BF0C5F815B32379E1
S214004E7003BBA268238A801A83421BD801231048EA
S214004E80237115F08DFA236DA3B1E06DBDE8704077
S214004E90184701232376E6E70029E4D1094815F0F0
S214004EA07FFA636DE660E5702571002BDBD0E06D60
S214004EB09847D8E770BD00BF70AB030081AB030016
S214004EC0AFAB03009CAB030070B51E468388044658
S214004ED00D46C18002810BB1868070BD8178008846
S214004EE02AF036FF0123E370064BA680C4E903349C
S214004EF00C34204600F0C0FF29462046BDE870402E
S214004F002BF070B85BFD020010B501790446B1FACB
S214004F1081F1008849092AF092FF21796088B1FA68
S214004F2081F149092AF08BFF034B1A68A24204BF9D
S214004F3000221A6010BD00BFCC15002070B5437962
S214004F400446A3B100880E4E04F10805336813B179
S214004F500C4B1B786BB121792AF071FF64210A4B48
S214004F603460A3602846BDE870402BF03BB840880C
S214004F70E9E7064815F014FA054B3221A360F1E77D
S214004F80CC1500207D5B0020094F0000C5AB030058
S214004F903D4F000010B50446E0B10F4815F000FA8A
S214004FA001236371A37953B9217920882AF047FF3A
S214004FB0236B7BB1606B0121BDE81040184720468B
S214004FC0FFF7A2FF04F108002BF011F82046FFF7C8
S214004FD0B5FFEDE710BD00BFFBAB030010B5044600
S214004FE0F8B1104815F0DCF900236371A3796BB9AA
S214004FF021792088B1FA81F149092AF020FF236B34
S2140050007BB1606B0021BDE8104018472046FFF7D3
S2140050107BFF04F108002AF0EAFF2046FFF78EFF28
S214005020EDE710BD06AC030010B5044668B10748AE
S21400503015F0B6F9637920461BB1BDE81040FFF7BE
S214005040CDBFBDE81040FFF7A5BF10BD12AC0300F2
S21400505010B50E4C0E48214615F0A2F982210D48D7
S21400506015F09EF982210220A21E00F0BFFE014626
S21400507030B134F8022C0848BDE8104015F090B95D
S2140050800648BDE8104015F08BB900BF0A56002050
S21400509021AC03003CAC030047AC03008BAC030020
S2140050A038B5124C82212246022000F08FFEA51C45
S2140050B0014698B122880E4815F072F92A460D4B23
S2140050C003F1200153F8040B8B4242F8040BF9D18C
S2140050D019889B78118093702223238035F8021C50
S2140050E0054A0648BDE8384015F05AB9085600206B
S2140050F096AC030016AD03000A560020F4AC03007D
S214005100034B1B781BB18B4201D82AF061BF704756
S214005110F86A002010B5044601460E4815F040F91E
S214005120012C11D10C4B0D481A884FF6FF739A428A
S2140051301EBF0022094B5A742AF067FE01F070FF6A
S214005140BDE8104001F042BE0448BDE810402AF019
S2140051505EBE00BF39AD0300AC6A0020506500207B
S21400516070B500241A4D1B4E3378A3421BDC002476
S214005170194D1A4E3378A3421BDC0024184D194EE5
S2140051803378A3421BDC00F0BFFF012816481CD171
S2140051902AF03BFE01F044FF01F018FEBDE8704027
S2140051A0124800F0D1BF2846FFF71AFE01346035DA
S2140051B0DAE728462AF00FFE01343435DAE72846C7
S2140051C02AF042FE01343835DAE72AF020FEE5E719
S2140051D018220020835B002038260020845B0020F5
S2140051E0E81F0020825B002050650020155100005B
S2140051F02DE9F04F87B0FFF753FFB94B05A805938D
S2140052002AF046FE054616F0D9F8B64CC2B21F2A5A
S214005210627004D9B44815F0C3F800F015FC2946AE
S214005220A01C16F05FFB05A82AF032FE054616F015
S214005230C5F8C2B21F2A84F8212001D9AB48EAE794
S214005240294604F1220016F04DFB05A82AF020FEA0
S2140052503226044600272578002D40F09F80A44C77
S214005260FFF77EFF2378DFF8C8A2DFF8C882A14FD9
S21400527000939AF8003098F8002039789E4815F088
S2140052808FF83A7898F800109AF8000053180344FC
S214005290DFF894B220782C4603445846DBB2AA4284
S2140052A000F3E482012B38BF0123944E029332466A
S2140052B0002335464FF482714FF6FF74029801338F
S2140052C0984213705180948002F10C02F6DC8C4BED
S2140052D08A498448AB6000F0EDFFE879AB68DFF8F8
S2140052E0449200EB400003EB800000F0B9FDEB7940
S2140052F0B9F800200133A242EB7103D07F49814800
S21400530001F0DAF84FF6FF73B9F800207B49D21A9D
S21400531018BF01227C4801F099FC4FF00009784C38
S2140053203A784A4500F3CA8200264FF00C09774ABD
S214005330DFF8C8B198F800003978B04200F3D2829E
S21400534046180C21002501FB06B19AF800009423AC
S214005350A8426F4A00F3E4820C253E7898F80030A5
S21400536000274FF070081E44064405FB06B5DFF81C
S214005370C8A15F4B1B78BB4200F3E58202995F48E9
S21400538000F0FCFD059B56491A468B4240F0EE8223
S214005390604807B0BDE8F04F15F002B8532D0FD1A6
S2140053A063784C2B40F04881A378502B40F0448122
S2140053B00122594B1A7005A82AF06AFD04464AE7EE
S2140053C0442D13D16378303B092BF4D8601C2AF0A7
S2140053D06CFD524B524A1978002386B2994202F16C
S2140053E06002E8DD22F8466C0133F7E7422D0BD168
S2140053F06378542B54D1A01C00F0D0FC494B188085
S21400540018462AF046FCD6E7582D33D8412DD2D977
S214005410433D152DCFD801A353F825F0DB570000E8
S214005420B7530000B7530000B7530000B75300004F
S214005430B75300008B550000B7530000B753000069
S2140054403D55000087540000B7530000B7530000D6
S214005450B7530000B7530000BD5600003956000091
S214005460B7530000B7530000B7530000B75300000F
S21400547033570000692D9ED1601C2AF016FD80B2BD
S2140054802AF0A2FD97E71B4B012019780023264A35
S214005490994202F1D0028EDD02F8CE0C0133F7E716
S2140054A0601C00F07BFC0546E01C2AF076FD01211E
S2140054B0024628462AF02DFD60211848184C03782D
S2140054C05943621865524FF4FA6111824FF44871DD
S2140054D05161164956831165013303706BE700BFAF
S2140054E00A5600206464002058AD03006FAD030028
S2140054F07E5B0020815B00207FAD030098160020B5
S2140055001017002048160020D01500209C1B0020F5
S214005510E0190020CFAD03007D5B0020835B0020F8
S21400552018220020AC6A00209C1C00207BFE020093
S2140055307F5B0020805B002090180020601C00F03D
S2140055402DFC00224FF034088146CC4F11462AF03D
S214005550E0FC3878CA4D08FB00F325F80390EA18FB
S214005560E3781046693B18BF012393702AF033FC9A
S2140055700021C44A3B785160012103FB08550B44C7
S2140055803B7015600F46117415E7601C00F006FCB2
S2140055900022114681462AF0BCFC3422B74DDFF8C3
S2140055A0E082287802FB00F328F8039008EB03015A
S2140055B0E3780846693B18BF01238B702AF00BFC82
S2140055C0B14A00231046916B31BB00EB83103423A5
S2140055D02A7802FB03838363AC4A00231046D2F882
S2140055E0A410F9B9D02202FB030034232A7802FB68
S2140055F00383C0F8A4305FB9A24A3B46114652F86E
S214005600040BA8B93422287800FB028241F8232034
S2140056102B7801332B70CEE60133042B02F14002C7
S214005620D1D1D9E70133042B02F1D002D7D1E2E77A
S2140056300133042BE3D1EBE7601C00F0AFFB8046A0
S214005640E01C2AF0AAFC0121024640462AF061FC32
S21400565060218F488F4D0278DFF854C251436B1893
S21400566025F801804FF44871198259618A495E8392
S2140056709965E178D024642904BF012199709CF8CB
S2140056800030DFF808E25C430EEB04010EF804304D
S2140056904FF400744C8003240C718C7102EB4204AE
S2140056A005EB441532240133DBB201324B718D60B9
S2140056B081F8A04002708CF800307CE6601C00F098
S2140056C06DFB00224FF0380A8146DFF8DC81114678
S2140056D02AF01FFC98F80030704D0AFB03F325F8FB
S2140056E003904FF00109EA1882F80490E37873B14A
S2140056F0E01C00F053FB0022044611462AF009FC89
S21400570098F800300AFB03535C8083F806906448E0
S2140057105D4A03789901535498F8001002EB8314FD
S214005720C1EBC10205EBC2054A1C656388F8002080
S214005730D2E6601C00F032FB8046E01C00F02EFB38
S2140057400546601D2AF029FC044602460121404613
S2140057502AF0DFFB2246284601212AF0DAFB6020E9
S2140057604FF4487CDFF828E14A4A9EF8003000FBF8
S21400577003F422F80480DFF820811119A1F810C084
S214005780C1F814C04E83C1F85880591CC9B24843AA
S2140057901418A4F810C0C4F814C06683C4F858805F
S2140057A0942415523F4D981C8EF800002878DFF898
S2140057B004C1444303EB430301EB41010CEB040E2D
S2140057C002EB431302EB41120CF80400CEF804304F
S2140057D0CEF8082001302870EDE5601C00F0DEFAF7
S2140057E08046E01C00F0DAFA0022054611464046E4
S2140057F02AF08FFB00223824114628462AF089FB1F
S2140058002948264A03784FF0000E04FB03FC22F8D2
S2140058100C804FF0010802EB0C0181F806E081F8DD
S214005820048003EB0801C9B24C4302EB040C155389
S2140058309C1C047070241D4D8CF806E028788CF8AB
S21400584004804443DFF870C0C3EBC303C1EBC1015F
S2140058500CEB040E02EBC30302EBC1020CF80400CF
S214005860CEF80430CEF808204044B4E74679013537
S2140058708E4284BF04714471D03010E5845B0020F2
S21400588038260020506500209C1B00209C1C002011
S214005890835B00201822002001510000E81F002032
S2140058A0805B00207F5B0020825B00207E5B002008
S2140058B0815B0020E019002090180020B9F1000F4D
S2140058C006D016F8052C02EB420204EB8204B46004
S2140058D03146584601F07EFD09F101090BF1D00B67
S2140058E00C361DE571180AD0481E09FB00B0C079B9
S2140058F000EB400004EB800409FB01B08460104616
S21400590009FB0151039201F01DFB39781C48314414
S21400591009FB015101F084F8039A0136403209E58B
S214005920F54218BF11F8050C03911EBF00EB4000AE
S21400593004EB80048C6003FB052000F081FF0399D4
S21400594001350C3101E5F74218BF15F8053C29462C
S2140059501CBF03EB430304EB830408FB07A018BF3C
S214005960AC6000F043FE01370C3502E513F8011D6C
S21400597000297FF408AD3B2102F8011C03E500BFB7
S214005980DC1F002007B5012121200DF1070200F0E1
S2140059901DFA18B99DF80720024B1A7003B05DF87F
S2140059A004FB00BFF86A002007B5064B8DF8070019
S2140059B0187001210DF10702212000F017FA03B03C
S2140059C05DF804FBF86A002007B5022101200DF1FE
S2140059D0060200F0FBF938B9044814F0E1FCBDF803
S2140059E0060003B05DF804FB0020FAE7ECAD030008
S2140059F007B50221ADF806000DF10602012000F001
S214005A00F5F9014610B1034814F0CAFC03B05DF87E
S214005A1004FB00BF0DAE030010B5FFF7D5FF04462C
S214005A200146074814F0BCFC0121064814F0B8FCF7
S214005A3024B9BDE810400120FFF7DABF10BD00BF53
S214005A403DAE03004FAE030008B5044814F0A8FCB2
S214005A5000F0DCF92AF0BCFA2AF0B7FA65AE0300CB
S214005A6038B50446084D094B28462B6000F004FA6A
S214005A70002C18BF21462846BDE8384008BF4FF422
S214005A8096712AF0AFBA00BF3C270020C9FE02007C
S214005A902DE9F043384D91B008AC0746894690464C
S214005AA00FCD0FC495E80F00002684E80F000125EF
S214005AB00323324C3248CDE90366CDE905668DF8FE
S214005AC00E300796029534F0CBFD2E4834F0C8FD14
S214005AD032462D4920468DF8176004F0ADFD33465A
S214005AE032462A498DF81900009020468DF82390FA
S214005AF0CDF82C808DF8216004F0B8FD0A90204681
S214005B008DF8097004F01AFD204608AA05A904F0CD
S214005B10D3FD02AA204603A92BF05FFB4FF40072C8
S214005B201B4B5A62194BE560626A920510D46BB93A
S214005B304FF40072164B11485A6204F0FFFC1148ED
S214005B4034F091FD002011B0BDE8F083013BEBE797
S214005B50002BEDD0094908A82BF072FB4FF4007219
S214005B600B4B06485A6204F0E9FC064834F07BFD0D
S214005B70BDF82000E7E700BF2C4A04000040005AAA
S214005B80D44C0400D04C040080841E0040420F0019
S214005B900060005A0122034B1870034B1980034B18
S214005BA01A707047865B0020B46A0020855B002070
S214005BB0F8B5454B1B780BB90020F8BD434B1B7856
S214005BC0012B03D1BDE8F8402AF081B9404B1C8870
S214005BD04FF6FF739C42EFD03E4834F041FD002361
S214005BE0260AE4B21A462146304604F067FC012E27
S214005BF0354604F0010335D015D9B51E012DDBD886
S214005C00002B0BBF4FF480754FF080754FF470611A
S214005C104FF070610BBF01274FF480370F204FF411
S214005C2070202D4B11E0002B0BBF4FF480754FF00A
S214005C3080754FF470614FF070610BBF01274FF411
S214005C4080370F204FF47020244B1A6802401CD077
S214005C50BA421AD01A680A4032D11A6822EA0102F9
S214005C602A4316E0002B0BBF4FF480754FF080756B
S214005C704FF470614FF070610BBF01274FF480370F
S214005C800F204FF47020164BDFE71A6822EA000256
S214005C903A431A602AF01BF9054600288CD00836CD
S214005CA044EA06102A460321C0B2FFF7F1FE40F68A
S214005CB0FF73684300F2FF70B0FBF3F080B27CE73E
S214005CC095427FF479AFC8E7855B0020865B0020AD
S214005CD0B46A0020D44C040028C3035020C30350E9
S214005CE024C3035010B5044C237823B9034834F07A
S214005CF0B7FC0123237010BD885B0020D44C040041
S214005D002DE9F0431F4C85B0074688469146FFF7BD
S214005D10E9FF23781BB902F081F8012323707BBAD0
S214005D20ADF80C3030220023174E02FB03F4315D31
S214005D30A51901BB012333554FF0FF3304F11000C2
S214005D4012493044AB606F80C5F80480C5F80C90EB
S214005D5009F0F6FA04F10801042231440C4B0095D0
S214005D6003A802F031F9A96802460A4814F018FBA5
S214005D7005B0BDE8F0830133102BD6D1064814F0E9
S214005D800FFBF5E7875B002064270020F3FE020088
S214005D9005FF020072AE0300A0AE030080B10278D9
S214005DA0A2F14103032B0BD840783038C0B2082844
S214005DB006D8054B134413F8413C40EA03207047CD
S214005DC04FF6FF70704700BF4C4A040008B50B46FC
S214005DD042B101460448006803F03AFABDE80840BC
S214005DE02AF0ECB8022008BDBC65002008B50B46BA
S214005DF042B101460448006803F0B2FBBDE8084023
S214005E002AF0DCB8022008BDBC650020F0B50026EC
S214005E10124F8DB0FF2300930A223346386802A93A
S214005E202AF098FFC0B102AB1D4603EB800404E0E5
S214005E3055F8043BB34228BF5E1CAC423868E9D92B
S214005E40296803F013FD0028F2D02D28F0D00DB0FD
S214005E50BDE8F0402AF0B2B80DB0F0BDBC65002039
S214005E6028B1034B0360034B4360002383607047F5
S214005E701900000364650020FF2307B50021044ACB
S214005E800093083009F0E0F903B05DF804FB00BFAA
S214005E90DFFF02000B4604490246086803490978FA
S214005EA008B12AF0C3B87047702A00208A5B002029
S214005EB0F7B50C4618B12921194834F028FC246897
S214005EC023685E795F8830463946FFF7E3FFF0B116
S214005ED08568E5B1A089227D3946904291BF0020B1
S214005EE0801AA36880B294BF03469B18E27C009099
S214005EF03046A8470138032803D8DFE800F0080F2B
S214005F000B0D002420462EF057FA204600E0812094
S214005F1003B0F0BD8024F5E79324F3E78724F1E788
S214005F20C8AE0300F8B515460D4A044610680D4A7B
S214005F300B46117850B122462AF078F8034628B16D
S214005F4000210C27C678B14201DB0020F8BD07FB14
S214005F5001F45A681019125BAA42F7D00131F2E731
S214005F60702A00208A5B002008B5034B1B6803B12B
S214005F709847002008BD00BF6C2A00202DE9F74F87
S214005F8004460D460026454B454F1860454B197094
S214005F9033010021F85C013610F026FA0C2EF7D1FA
S214005FA00C2D28BF0C254FF0000901953C4EDFF85C
S214005FB000A13D4DDFF8FC80019B4B4502DC03B0A1
S214005FC0BDE8F08F23784FF0000B33706388738042
S214005FD0A388B380A379C6F80880B371E379C8F8BC
S214005FE0005088F804304FF00003A768A8F8063081
S214005FF0E3795B450ADC012116F8100B10F0F4F982
S21400600008F1080809F101090C34D5E74FF0000340
S21400601038886B812880FB784FF0000C2B81BA788B
S214006020C5F804A0002A00920CBF802240222A73E2
S21400603079680AF10C02634513DC03EB43030AEBB1
S214006040830ABB6843B1009A4FF6FF71B2FA82F238
S214006050164B52092EF040F914350BF1010B0C3794
S214006060C6E7B1F800E00CF1010C22F80CEC91F850
S21400607002E00C3202F816EC91F804E00C3102F85B
S21400608015EC11F809ECBEF1010F14BF4FF0100E1D
S2140060904FF0110E02F814ECCDE700BF702A002076
S2140060A0A84100208A5B002074300020B15E00000A
S2140060B0742A0020F4320020014B1860704700BF9D
S2140060C0682A0020014B1860704700BF6C2A002029
S2140060D070B5128805460E46FFF724FF044670B1D9
S2140060E002790499806815F0BFFA064B1B680BB955
S2140060F0002070BD3146284622889847F8E786205B
S214006100F7E700BF682A002008B50FF009FA022852
S21400611006D0012806D0044B18784000C0B208BD4F
S2140061200120FCE70220FAE7895B0020054B10B54A
S2140061301C682CB1FFF7E8FF2346BDE8104018475F
S21400614010BD00BF642A0020014B1860704700BFD6
S214006150642A0020034B1A781AB901221A700BF031
S2140061603FBA7047895B00200022024B1A70FFF787
S214006170DDBF00BF895B002037B50446002832D05B
S2140061800FF0CEF9022830D160892EF077FCE07946
S214006190237A003818BF0120012B637A08BF40F02D
S2140061A008000BB140F0100063890BB140F004000A
S2140061B0257CA188A2790DB1E36873B90C4B10F069
S2140061C0EFFC2178084610F067FD2DF080FF0028D0
S2140061D014BF0320002003B030BDCDE90035054BC9
S2140061E010F0DEFCEDE70220F5E70120F3E700BF44
S2140061F093FF03005CCF030008B50DF04FFB01468C
S21400620030B1044814F0CCF8BDE808400DF0EABE02
S21400621008BD00BF3AAF0300034B044A5B7C012174
S21400622003201370FFF7E2BD506500208B5B002053
S21400623010B50446FFF7F0FFB4F57F4F0BD10024EE
S2140062400F4B1A8813449C70FEF702FF2046BDE8E9
S2140062501040FFF705BC4FF601739C4204D1BDE821
S2140062601040084829F0B9BD4FF602739C4205D18C
S214006270BDE81040044B1878FFF796BB10BD00BF72
S2140062800856002050650020F86A002010B5074C1C
S214006290012122460320FFF799FD28B92378044AF6
S2140062A0003B18BF0123537410BD00BF8B5B00205A
S2140062B050650020F8B5564B564C1A884FF6FF73BB
S2140062C09A4218BF03234FF0080218BF2370524BA0
S2140062D030251A7032225A70DA70DA7133229D70C5
S2140062E05D7137251A724FF400129D714B4D36269C
S2140062F0C5644B4D426405654A4D012285654A4D8D
S2140063001E71C565494D86184566494DC667856642
S214006310484D494E0567494D80F848204567202579
S21400632080F8785080F8845000F12105C0F8885035
S214006330434D80F85420C0F88C5080F8602080F8D8
S2140063406C20C0F8806080F89020C0F89440C0F8B8
S214006350B8303C4B3C4CC0F8BC300223C0F89840E8
S2140063603A4C80F8C030C0F8A4400F24384B80F870
S214006370A840C0F8C430374B374CC0F8C83082232A
S214006380C0F8AC40354C80F8CC30C0F8B04009249A
S214006390334B344DC0F8D030334B80F8B440C0F89F
S2140063A0D4302C7C314B80F89C20C0F8A00080F8BC
S2140063B0D820C0F8DC3044B12D4B80F8E420C0F87B
S2140063C0E03005F11103C0F8E8304FF0000CCA7950
S2140063D08E6802EB42039F00443006EB830326F8E8
S2140063E007C0586001200D349870DC701318CB710C
S2140063F0FFF7C8FAFFF74AFFFFF786FE012806D127
S2140064002B7C23B1BDE8F840164829F0E6BCF8BD61
S214006410AC6A0020F96A00208C5B0020654A040004
S21400642001002000644A040002002000634A0400C1
S21400643003002000624A04000500420004004200F7
S21400644007003000FDFF210012001001004042004E
S214006450604A040000FF4401504A0400060042005F
S214006460085600205065002002FF2001F86A002030
S21400647001FF100113B504460D4829F015FC6422EF
S214006480C0F30F43637083B2B3FBF2F3A0782370BC
S2140064902022012129F0ECFDA0782122012129F0FB
S2140064A0E7FD0449201D02B0BDE8104029F09ABD62
S2140064B0AC6A0020E09304000B7870B583704CF64D
S2140064C01E0303804FF02013C362012380F8303090
S2140064D080F83C30C3180364124B0446436402231E
S2140064E0114A80F84830114B8263C3644063CA790E
S2140064F08D6802EB420305EB830004F12C06466030
S2140065000B4E45F8236000238360531CCB71094B68
S214006510201DC4E90134FFF7AFFC2046BDE87040FB
S214006520FFF7A8BFFDFF210021002000664A0400F7
S2140065300100010375640000437B044A01211370C7
S21400654000781130C0B2FFF751BC00BF965B002048
S21400655038B504460078054D11302A460121C0B2F0
S214006560FFF734FC08B92B78637338BD965B0020C0
S214006570024B53F8200029F056BE00BF54330020CB
S214006580012908B506D0022907D049B929F042FEEC
S214006590002008BD29F041FEFAE729F041FEF7E7A2
S2140065A0024813F0FDFE0120F3E700BF67AF0300CB
S2140065B010B4054C114654F820001A46BDF80430B5
S2140065C05DF8044BFFF7DCBF54330020002310B502
S2140065D0044683810364A0F844304830FFF74CFC3F
S2140065E0014BC4E9123410BD0D02030038B5044651
S2140065F00B781A4A43700D4642F82300FFF7E6FF71
S2140066002046FFF7A5FF4FF4401323610123144AE9
S2140066102375A261134A84F82030E261124A84F896
S2140066202C306262114A84F83830A26204F10C02FF
S21400663022630F4A04F10D036263E363EA79A868F4
S21400664002EB420300EB830110344C60094C40F827
S2140066502340094B8B60531CEB7138BD543300202C
S214006660955B002008002000FA6A002000FF30003A
S21400667001FF100102010104B165000010B470248E
S214006680427B0D48013A012904FB020006D002298C
S21400669008D059B95DF8044B29F0BCBD5DF8044B31
S2140066A029F0BBBD5DF8044B29F0BABD03485DF880
S2140066B0044B13F075BE00BF9018002083AF030094
S2140066C0B0F85C302DE9F0418B4204460E4638D0D7
S2140066D0437B077C8BB31C4A12789A422DD37025D5
S2140066E01A4A013B05FB032390F80F801B7B4246AA
S2140066F029F0A7FDB845054601D1FF281FD13A4627
S2140067003146204694F8903029F09BFD2F460546EA
S214006710552212216078A4F85C6029F0A9FCFF2FAE
S21400672003D039462046FFF7A9FFFF2D09D029469A
S2140067302046BDE8F04129F0C4BDFF25DFE7074647
S214006740E6E7BDE8F08100BF7E5B002090180020E1
S21400675041688268C978D27849B112B10321FFF73F
S214006760AFBF837B002B0CBF01210221F7E72AB1C4
S214006770837B002B0CBF02210121F0E7014813F0B8
S2140067800FBE00BF94AF0300037BD3B14368DA7833
S21400679012B18268D278A2B91B7933B1837B002B01
S2140067A00CBF04210521FFF78BBF83681B792BB133
S2140067B0837B002B0CBF05210421F4E7014813F06E
S2140067C0EFBD7047C6AF0300084A437B0521137030
S2140067D0837B5370C37B9370037CD370037B1371EE
S2140067E000780E30C0B2FFF701BB00BF975B0020F9
S2140067F038B5044600780C4D0E302A460521C0B246
S214006800FFF7E4FA20B1BDE83840084813F0C8BDE9
S2140068102B7863736B78A373AB78E373EB7823748E
S2140068202B79237338BD00BF975B002002B00300AE
S214006830024B53F8200029F08EBD00BF7C330020A9
S214006840F8B504460B78424A43700D4642F82300DA
S214006850404E29F09EFDFFF7CBFF6268A3683E48D6
S2140068603E49D6641165D4655065C3E91410DE64EC
S214006870DC654FF0987302266361012304F10C0176
S214006880E16137491032216204F10D01A1623549F8
S2140068902376E16204F10E016163334984F8243003
S2140068A0A16304F10F012164304984F8303061643B
S2140068B004F11001E1642E4984F83C3084F8483035
S2140068C0216584F85460A265E879A96800EB400267
S2140068D001EB820704F1140CC7F804C04FF4817C66
S2140068E0244F41F82270C218D2B202EB420241F89D
S2140068F022C001EB820700227A601F4A84F87030BB
S21400690022661E4A84F88830A2661D4A1D4BE2663F
S2140069101D4AC4F88C3062671C4A8319A26704F1CA
S2140069205C02C4F88020DBB2194A03EB4303C4F8C8
S214006930842084F8646084F87C6001EB8302603411
S2140069405460144A033041F82320E871F8BD00BFB4
S2140069507C3300205167000019030300896700009C
S2140069600100200102001001030030010400300184
S2140069700500210101FC01064A002100684A0400C6
S214006980510010006A4A04006B4A040055002100BA
S2140069906F0018001200010470B50D460646144636
S2140069A013460A4601461A4813F0FAFC25B9204653
S2140069B0BDE87040FFF73CBC072D05D121463046A8
S2140069C0BDE8704000F0CABC4FF601439D4205D1B9
S2140069D021463046BDE87040FFF72ABF062D05D198
S2140069E021463046BDE8704000F066BAB5F5817FB6
S2140069F005D121463046BDE87040FFF7B9BD202DD1
S214006A0004D12046BDE8704000F0ECB870BD00BF71
S214006A1031B003000148FFF74FBB00BF9969000083
S214006A204FF4C01330B5036001230371074B8C6825
S214006A308360CA7902EB420304EB8305686004486E
S214006A4044F82300531CCB7130BD00BF6C4A0400D1
S214006A50040001010368064A0C2113604368536072
S214006A6003891381438922205381FFF7BFB900BFF2
S214006A70A433002010B50368044686B0FBB1114865
S214006A8013F08EFCA37B104A8DF804304FF482730B
S214006A90ADF806300123CDE90223002301A80493B4
S214006AA08DF81430FFF768FB2046618929F081FCD9
S214006AB02046FA2150F8143B594329F093FA06B0C1
S214006AC010BD00BF64B003002000000110B5064CE6
S214006AD0236843B1054813F063FC2068BDE8104006
S214006AE0418929F066BC10BDB033002085B0030094
S214006AF070B5364910460C68BDF81020002C5ED0E4
S214006B0003285CD8DFE800F0021E2745002B5AD089
S214006B10022A58D91D78B3F80160291E18BF012132
S214006B2032462B4813F03CFC2DB13146204629F066
S214006B3040FC002070BDE573FA206368584329F0D6
S214006B40D8FAF6E7234813F02BFCE37B002B38D06B
S214006B500023E373F0E7002B35D0032A33D91D68F2
S214006B601D48294613F01CFC1C4B2A1F9A4201D9CB
S214006B700220DFE723680BB19D42F9D823899D42A6
S214006B80F6D3E37B6560B3B9FA20684329F0B1FA1F
S214006B9011E0002BCED0012ACCD91D8810482946FA
S214006BA013F0FEFB002DE3D063689D42E0D8E37B44
S214006BB02581002BE8D12046FFF74CFFB9E70120DE
S214006BC0B8E70420B6E70320B4E700BFB0330020E0
S214006BD0A8B00300DFB00300FEB00300FCFF6D00AA
S214006BE029B1030038B5154B1C6834B3F0B92168D9
S214006BF0134813F0D5FB23683BB16268934204D276
S214006C00104813F0CDFB6368236004F11405284692
S214006C1029F0EDF9236823B1FA212846594329F0D3
S214006C20E1F92046BDE83840FFF714BF032804D139
S214006C306189054813F0B4FBF3E738BDB033002094
S214006C4054B1030082B10300B7B1030070B53E4BE8
S214006C500D46044609781860002A6FD101231A46AB
S214006C60A1730021E1730121A1814FF46151C4E9B0
S214006C7000132823354E22810C21324622206381C0
S214006C80FFF7A4F860B9D6E900230AB19A4207D301
S214006C90318999429FBFC4E90023738921816381AA
S214006CA02B4B2C4AE363042384F8403084F84C30A2
S214006CB0E3182365284BA2646365022304F10802E7
S214006CC0E265264A84F85830226604F10A02A26673
S214006CD0234A84F8643084F8703004F10C03E266CA
S214006CE063676464EA79A86802EB420300EB8301F9
S214006CF004F13C064E601B4E40F82360FA261A4B01
S214006D001A488B60531CEB71FFF7DCF9208904F1FD
S214006D101405704329F0EDF96189204629F049FBF6
S214006D20134B2846C4E90534FFF7A6F8216849B195
S214006D3028467143BDE8704029F054B94FF4F0730B
S214006D4002228DE770BD00BFB0330020A4330020C0
S214006D50000023010100230002002100030021019E
S214006D60FDFF210020000105F16A0000CD6A000049
S214006D70756A0000134B10B51C680CB3E37BEBB1CF
S214006D8029F039F92369C01A002809DB0E4813F0E8
S214006D9007FB0023FA20E3736368584329F0A9F938
S214006DA0E37B5BB12489FA235C4329F0ADF9A0426A
S214006DB006D02046BDE8104029F09BB96468F2E78B
S214006DC010BD00BFB0330020E4B1030038B5002486
S214006DD0044D55F8040B08B129F0FEFA01340A2CCC
S214006DE0F7D138BDB4330020042908B50AD172B1F2
S214006DF06BB113781BB929F01AFB002008BD29F0E7
S214006E000CFBFAE7034813F0CBFA0120F6E7032061
S214006E10F4E700BF1EB2030010B4054C114654F848
S214006E2020001A46BDF804305DF8044BFFF7DCBFBF
S214006E30B43300200229024608B50ED004D839B96A
S214006E40104629F0F4FA06E04029F9D0412907D186
S214006E50104629F0E2FA002008BD29F0F2FAFAE717
S214006E60024813F09DFA0120F6E700BF3EB2030089
S214006E7010B4054C114654F820001A46BDF80430EC
S214006E805DF8044BFFF7D6BFB4330020426B094BC6
S214006E9052791A7082785A70C2789A70826B12B1E0
S214006EA090F83C20DA70007804210930014AC0B21C
S214006EB0FEF79CBF9C5B0020024B53F8200029F095
S214006EC0DCBA00BFB433002038B504460078084D5D
S214006ED009302A460421C0B2FEF778FF30B96B7835
S214006EE0A370AB78E370EB7884F83C3038BD00BF15
S214006EF09C5B002038B504460078114D09302A46C0
S214006F000421C0B2FEF762FFC8B9A3782A78022B24
S214006F100CD004D863B9204629F089FA01E0FF2B8B
S214006F200AD02046BDE8384029F056BA002AF2D1E9
S214006F30204629F072FAF4E7002AF9D1EBE738BDCB
S214006F409C5B0020F8B504460B78284A0D4642F8AC
S214006F5023004370FFF7B8FF636B254A5C631A6330
S214006F602046FFF7C7FF204629F036FA4FF4801375
S214006F7063600123626BA66B0532E2601D4A2372D2
S214006F802261A21C2375A26166B11B4A84F82030D8
S214006F90E261E21C6262194A84F82C3004F13C0378
S214006FA0A26223630627EA79A96802EB4203002E51
S214006FB021F8237001EB83000CBF02230423C37067
S214006FC0012383700E4B04348360531C4460DBB291
S214006FD00C4C03EB430341F8234001EB83000023F2
S214006FE04360094B02328360EA71F8BDB433002077
S214006FF0570403000340300101FF300102FF100177
S214007000716E000008000100196E000028B1034BE5
S2140070101B78834234BF002001207047805B00202D
S21400702070B500250A4C0B4E3378AB4200DC70BDC1
S214007030D4F8A42042B123791BB16079FFF7E6FFAC
S21400704010B9104628F0BAFE0135D034ECE700BF80
S2140070509C1C0020815B002008B542790146104642
S214007060FFF7D4FFA8B1CB780A48013A042B00EB0F
S21400707082100ED8012B08D81BB9BDE8084029F0AD
S214007080CCB9BDE8084029F0D2B9BDE8084029F0DF
S214007090D8B908BD9C1B002008B5427901461046A9
S2140070A0FFF7B4FFA8B1CB780A48013A042B00EBEF
S2140070B082100ED8012B08D81BB9BDE8084029F06D
S2140070C0B6B9BDE8084029F0A8B9BDE8084029F0DF
S2140070D0B8B908BD9C1B002010B586B00446FFF763
S2140070E013F8012830D1E278042A2DD8DFE802F020
S2140070F013323403030061790846FFF787FF58B35D
S2140071001648032A00EB811050F80C3C58791DD124
S214007110003818BF012063784FF480728DF8043071
S2140071204FF48273ADF806300623ADF8083001231D
S2140071308DF80B3000238DF80A0001A8CDE9032353
S2140071408DF81430FFF718F806B010BDB0FA80F0CE
S2140071504009E0E70020DEE70220DCE79C1B002079
S21400716010B586B00446FEF7CFFF012830D1E2788E
S214007170042A2DD8DFE802F01313320303006179E6
S2140071800846FFF743FF48B31548032A00EB811073
S21400719050F80C3C5B791DD11A1E18BF012263788B
S2140071A08DF80A208DF804304FF48273ADF806305F
S2140071B00623ADF8083001234FF480728DF80B30AB
S2140071C0002301A8CDE903238DF81430FEF7D4FF81
S2140071D006B010BDB3FA83F25209E0E70222DEE7FA
S2140071E09C1B002010B586B00446FEF78DFF0128D4
S2140071F012D16378094A8DF804304FF48273ADF8E3
S21400720006304FF48073CDE90223002301A80493CF
S2140072108DF81430FEF7B0FF06B010BD0800070169
S21400722010B586B00446FEF76FFF012820D16278BD
S214007230104B8DF804204FF4827294F8A01094F846
S214007240A10059701870ADF8062004934FF48072B0
S2140072500223094901A88DF81430CDE90212FEF781
S2140072608BFF94F8A130013B18BF012384F8A130AE
S21400727006B010BDA05B00200800050110B583789D
S214007280044633B30379022B0AD142791046FFF73E
S214007290BDFE28B10F48013A00EB821029F0D1F864
S2140072A0A379022B02D12046FFF716FF2046FFF7F0
S2140072B0B7FF022360781221A4F86C30552228F01C
S2140072C0D7FE04F1A8004FF4FA71BDE8104028F08C
S2140072D089BE10BD9C1B00204388094A08211380E4
S2140072E08388538083681B8A938090F8A0309371BC
S2140072F08379D37100780430C0B2FEF777BD00BF43
S2140073008A56002038B50D4604460178114813F019
S21400731047F84FF602739D420ED10F4B1B782BB9E0
S21400732063712046BDE83840FFF7D6BF62790AB1E0
S2140073309342F6D20123F3E7B5F57F4FF1D120460D
S21400734029F03FF9A378022B0CBF01220022A36884
S2140073509A70E6E75AB20300805B0020024B53F8AF
S2140073602000FFF7CFBF00BFDC33002038B504464F
S2140073700078144D04302A460821C0B2FEF726FDD8
S21400738020B1BDE83840104813F00AB82B88638057
S2140073906B88E978A380AA88A3681A82AB7984F8F8
S2140073A0A030EB79A371094B1B780BB9637138BD1C
S2140073B009B19942FBD9064812F0F2FF237801334F
S2140073C0F4E700BF8A56002074B20300805B0020FA
S2140073D09DB20300F8B504460B784B4A0D4642F8BA
S2140073E023004370FFF7C2FF484B04F1A800C4E92E
S2140073F02A34FEF741FDA268454BD465D364454B5D
S21400740002265365444BA11C13654FF44013E360FA
S21400741001236161E1624149103221632265211D29
S2140074203F4AA1633F484049626504F1A002A0615B
S214007430E163E265E01C611D3C4A206261643C48F1
S2140074403C492266A21D2374237784F8283084F8EA
S214007450343084F84030A16484F84C6084F85830A6
S21400746084F864306062A266E879AA6800EB40019E
S21400747002EB810704F10C0CC7F804C04FF0060CB1
S2140074802D4F42F82170C118C9B201EB410142F8F4
S21400749021C002EB810700217960284F84F88030F4
S2140074A02767274F84F89830A767264F264BE7674D
S2140074B0264F84F8746084F88C60C4F89C3004F11D
S2140074C06C06831CC4F88470C4F89060204F214E6C
S2140074D0DBB203EB4303C4F89460C4F8887002EB95
S2140074E083067034746008261B4C42F82340C31C85
S2140074F0DBB203EB430302EB8304043042F8236061
S2140075006160E871F8BD00BFDC330020A104030011
S214007510090503005B0503007D72000001FF3001D2
S21400752004FF20011000300102FF200105FF30019A
S21400753000FF300103FF2101070001084A00210077
S2140075406E4A040051001000704A0400714A04009C
S214007550550021006F0018001200010400239B6AEA
S214007560B3F5804F03D21968064A914203D0002330
S214007570037083607047012202709A689B694260BC
S214007580F7E700BF07B0CD5E024B034A1A602AF049
S2140075903CBC00BF0000002002020FF073B53F4B5A
S2140075A004461A781AB102221A7002B070BDCDE9EC
S2140075B000220028F9D001261E7032F0B3FF384DA5
S2140075C0384B186017F0CEFC2B785BB902F0F2F956
S2140075D040B935480823354A3549006801F038FE79
S2140075E000B92E70334B5A68E260334A9A601A6EBE
S2140075F022605A6E6260D3F87021A2601B6E5C0433
S2140076002CD52E4AD368D807FCD42D4B1A68531CA9
S21400761029D04FF4801393402A4A13660423294C3A
S2140076204FF0804223664FF4806323661023236660
S2140076304FF400536846236601A92266636628F065
S214007640D8FF009B2366019B63662B78002BACD08B
S214007650164B1A6822665B686366A6E71A4AD36802
S214007660D907FCD4D1E7194B1B78002BD6D1184B81
S2140076705A68144B12B94FF480121A66154A5268AB
S21400768012B94FF400121A66134B5B68002BC5D173
S2140076904FF480020B4B1A66C0E700BFA35B0020C6
S2140076A0A45B002014340020BC65002018340020A1
S2140076B0007108000080004455CEAC000000044075
S2140076C0886500200090004400000450A25B002063
S2140076D00080055000C005500000065038B5224D09
S2140076E004462B78012B02D001232B7038BD0028CE
S2140076F0FCD028F0A3FF013009D028F09FFF40F20D
S2140077000113984203D0194AD368DB07FCD42268D9
S214007710174B1A6662685A66A268C3F87021E26858
S214007720D40744BF00229A60124B1A68013213D164
S214007730114A127882B911494968C80748BF1A60C9
S2140077400F4A5268D10744BF01221A600D4A526898
S214007750D20744BF02221A6017F00CFC0A4B1868C6
S21400776032F0DBFE0023C0E7A35B002000000440ED
S2140077700080004488650020A25B00200080055041
S21400778000C00550000006501434002070B50024D8
S214007790A36AB3F5804F23D21A68134B9A421FD1BF
S2140077A0124E337813F0FD0518D14FF4803410488C
S2140077B0FFF7F4FE032004F04FFC0E4B0320DC60C2
S2140077C004F02EFC0C4B1C61AB6ADB699847044640
S2140077D00748FFF783FF0CB901233370204670BDBE
S2140077E04FF48174FAE700BF07B0CD5EA25B0020BD
S2140077F00434002000A000440090004413B5204B41
S2140078001B7803B9FEE700231E4CCDE900336A4619
S21400781008231D49206801F01BFDF8B91B4AD2F861
S2140078204031D2F840211F2B4FF0010311D9203AE6
S2140078309340019A1A43019208236A461249206827
S21400784001F08EFE124B134A1A602AF0DEFA02B0DE
S21400785010BD9340009A1A430092EDE72D28F1D10F
S2140078600A4AD2F84031D2F840211F2B4FF00103CC
S21400787085BF203A93409340019398BF0093DBE77F
S214007880A35B0020BC650020007108000080004457
S214007890000000200B020FF038B50025AB6A044646
S2140078A0B3F5804F10D21B6BB3F5804F0CD2074850
S2140078B0FFF774FEAB6A20461B6B5B689847BDE813
S2140078C038400248FFF70ABF38BD00BF203400200A
S2140078D013B50024A36A0190B3F5804F13D21B6B37
S2140078E0B3F5804F0FD20948FFF758FEA36A01216F
S2140078F01B6B01A89B69984704460448FFF7EEFEF9
S214007900204602B010BD4FF48174F9E72034002001
S21400791070B50026B36A0446B3F5804F0D4612D202
S2140079201B6BB3F5804F0ED20848FFF737FEB36ADD
S21400793020461B6B29469B69984704460348FFF779
S214007940CDFE204670BD4FF48174FAE72034002047
S21400795070B50026B36A0446B3F5804F0D4612D2C2
S2140079601B6BB3F5804F0ED20848FFF717FEB36ABD
S21400797020461B6B2946DB69984704460348FFF7F9
S214007980ADFE204670BD4FF48174FAE72034002027
S214007990F8B50027BB6A0446B3F5804F0D46164679
S2140079A011D21B6B7BB10948FFF7F8FDBB6A204676
S2140079B01B6B324629465B6A984704460348FFF726
S2140079C08DFE2046F8BD4FF40174FAE720340020FF
S2140079D070B50026B36A0446B3F5804F0D4612D242
S2140079E01B6BB3F5804F0ED20848FFF7D7FDB36A7E
S2140079F020461B6B29469B6A984704460348FFF7B8
S214007A006DFE204670BD4FF40174FAE72034002066
S214007A10F0B50027BB6A0446B3F5804F0D46164600
S214007A20ADF5337D20D21B6BB3F5804F1CD21048CA
S214007A30FFF7B4FDBB6A20461B6B40F2C1225B6AAF
S214007A4001A99847044630B10948FFF747FE20468B
S214007A500DF5337DF0BD836A32461B6B2946DB6A23
S214007A6001A898470446EFE74FF40174EFE700BF1C
S214007A702034002010B50024A36AB3F5804F10D23E
S214007A801B6BB3F5804F0CD20748FFF787FDA36A40
S214007A901B6B1B6B984704460348FFF71FFE2046E8
S214007AA010BD0124FBE700BF20340020F0B58FB0E6
S214007AB0044601A80E461546FFF7EEFE9DF80C306C
S214007AC0012B12D1B5F5402F27D8B4F5402F24D876
S214007AD06319B3F5402F20D821462A46304613F0C6
S214007AE001FF002420460FB0F0BD0027BB6AB3F5A7
S214007AF0804F15D21B6BB3F5804F11D20A48FFF7A3
S214007B004DFDBB6A2A461B6B314620465B6B984789
S214007B1004460548FFF7E2FDE4E740F20244E1E7E9
S214007B2040F20114DEE700BF20340020F0B58FB02D
S214007B30044601A80E461546FFF7AEFE9DF80C302B
S214007B40012B1FD1B5F5402F06D8B4F5402F03D82A
S214007B506319B3F5402F13D940F2024420460FB004
S214007B60F0BDE258013225D104339D42F9D82A46A9
S214007B703146204628F092FD0028EDD00024EDE79F
S214007B800023F2E70027BB6AB3F5804F15D21B6BC4
S214007B90B3F5804F11D20A48FFF700FDBB6A2A46AC
S214007BA01B6B314620469B6B984704460448FFF7FC
S214007BB095FDD3E740F20344D0E740F20114CDE749
S214007BC02034002070B58EB0044601A80D46FFF79D
S214007BD063FE9DF80C30012B22D144EA0503C3F363
S214007BE00C03002B33D1B5F5402F04D940F20244E4
S214007BF020460EB070BDB4F5402FF7D82544B5F535
S214007C00402FF3D8204604F5005428F040FDAC423F
S214007C1002D00028F6D1E9E70028E7D00024E7E7FD
S214007C200026B36AB3F5804F14D21B6BB3F5804FB2
S214007C3010D20A48FFF7B2FCB36A29461B6B2046EF
S214007C40DB6B984704460548FFF748FDD0E740F24F
S214007C500444CDE740F20114CAE700BF20340020F8
S214007C60BFF34F8F0549064BCA6802F4E062134320
S214007C70CB60BFF34F8F00BFFDE700BF00ED00E015
S214007C800400FA0570B5D0B1C9B10E4E431E0139D5
S214007C9013F8014F2046325D02F00302012A11F864
S214007CA0012F08BF04F12000B55C05F00305012D87
S214007CB008BF2032801A01D1002CE9D170BD012006
S214007CC0FCE700BF457204000348044A0449121A40
S214007CD0921028F02FBD00BF34410000D0420000B3
S214007CE0BC62002008B5154B83F30A8800F030F814
S214007CF0FFF7EAFF124B13498B4212D30020124BB8
S214007D0012498B4218D3FCF7EDFF186850F8224052
S214007D10586840F82240013298688242F5D30C3306
S214007D20EAE70022F8E71C6844F8220001325C68A3
S214007D30A242F8D30833E4E70022F8E70800002060
S214007D40E4960400F0960400F0960400F096040012
S214007D50124B134A70B59A60D3F88820114D42F43E
S214007D607002C3F888206FF0010205F50054226601
S214007D7041F2FF7262660222C3F8D020BFF34F8F33
S214007D80BFF36F8F4FF44036032004F065F90320ED
S214007D90E66004F045F92E6170BD00BF00ED00E01E
S214007DA00040000000800044014B1860704700BF90
S214007DB090650020054B1860054B1B6F03F007030A
S214007DC0032B01D130F006BD704700BF9865002038
S214007DD0008000502DE9F04104464FF001080C25C4
S214007DE00D4E0CB9BDE8F08194FAA4F0B0FA80F01C
S214007DF00F2808FA00F2C8BF103824EA0204CABFE7
S214007E0005FB006205FB0062B4325768002FE8D01D
S214007E109168C0B2B847E4E73034002008B50C4893
S214007E2032F01EFC192004F009F928B1192004F0DC
S214007E3013F9192004F0F4F81A2004F0FFF828B11A
S214007E401A2004F009F91A2004F0EAF8002008BD08
S214007E50D44C04002DE9F0410E461746054618B3EB
S214007E600F2923D80378DBB1013BDBB2022B19D8EC
S214007E70104AD35C6A78D340DB0717D50E4BD3F88D
S214007E801043ACB932F04EFB80463A46284631469F
S214007E9002F042FE404632F040FB2046BDE8F0814C
S214007EA07F23E7E70023E5E72224F6E72124F4E72B
S214007EB00224F2E7C44A040000C0035010B504468A
S214007EC010B30378E3B1013BDBB2022B1AD8104A99
S214007ED0D35C6278D340DB0718D532F023FB01224F
S214007EE0617823788A4030214B4341F2100103F138
S214007EF0A04303F570335A5032F00FFB002010BD3C
S214007F007F23E6E70023E4E72220F8E72120F6E7D0
S214007F10C44A040010B5044610B30378E3B1013B2D
S214007F20DBB2022B1AD8104AD35C6278D340DB0748
S214007F3018D532F0F7FA0122617823788A4030218A
S214007F404B4342F2100103F1A04303F570335A503D
S214007F5032F0E3FA002010BD7F23E6E70023E4E7D3
S214007F602220F8E72120F6E7C44A040038B50D467B
S214007F70044618B311B30378E3B1013BDBB2022B1E
S214007F801AD8104AD35C6278D340DB0718D532F093
S214007F90C9FA30222378534303F1A04303F5703324
S214007FA05B696278D34003F001032B7032F0B5FAB8
S214007FB0002038BD7F23E6E70023E4E72220F8E729
S214007FC02120F6E7C44A04002DE9F0410D46164686
S214007FD09846044600284FD000294DD00178002945
S214007FE040D04B1EDBB2022B3ED8254AD25C6378CB
S214007FF0DA40D20701D4FF2940D1022E01D9042E3F
S2140080003CD132F08FFA23780746FF2B05D0324654
S2140080102046296802F0C6FD28602B68013309D186
S2140080202378FF2B06D1174B6078D3F8241429F059
S2140080305CF9286029684B1C18D00C23124A03FBF5
S2140080400122069BC2F8048093602378FF2B04D09D
S21400805001230E4A8B40C2F82434384632F05DFACB
S214008060002007E07F22C2E70022C0E7384632F051
S21400807054FA2D20BDE8F0812220FBE72120F9E705
S214008080C44A040000C003503034002000D003501F
S21400809008B502F037FD044B00F05530C3F8200455
S2140080A0BDE80840FFF796BE00E0035008B502F0B2
S2140080B029FD044B00F0AA30C3F82004BDE80840B0
S2140080C0FFF788BE00E003502DE9F04F1446054642
S2140080D00E469B46C36B87B001225B6902A96068A7
S2140080E09847EB6B01225B6903A93046984702A8C4
S2140080F028F01FFF074648B10023A37563754FF0AD
S214008100FF33A360002007B0BDE8F08F03A828F077
S2140081101DFF0123A375237E04EBC303DE611F84CA
S2140081206368B3420ED1206003A828F031FF4FF0F9
S214008130FF332075A360237D043B022B26D8002343
S214008140A375DFE723681A1A53425341A37503A8A1
S21400815028F01EFF237D834218BFA77503A828F0CA
S214008160F9FE074602A828F0F5FE874218BF00234E
S21400817003A818BFA37528F0F5FE074602A828F046
S214008180F1FE87421CBF0023A375D4E703A828F09E
S214008190E1FE80B1EB6B022230465B6904A998478A
S2140081A004A828F0E6FE0346207D032839D8DFE839
S2140081B000F03838040903A8F3E7CC22237E04EB4A
S2140081C0C3031A8401F06EFC109B187003A8277E68
S2140081D028F0B4FE04EBC70787F82200237E03A826
S2140081E004EBC303B3F8209093F8227028F0B2FE95
S2140081F0804603A828F0B6FE8246B8F1000F15D0D8
S214008200EB6B022230465B6904A9984704A828F065
S21400821075FE6075637D6BB90023A3754FF000088B
S21400822038E0227E04EBC2021384CBE703A828F0D2
S21400823050FEEEE794F81680B8F1000FEED0B9F1D4
S214008240000F09D1DFB10123E375637E002B4FD108
S214008250012F42D1677614E06B6C06EB0A015A4296
S21400826086EA010010421CBF0022A2755A1E0A4070
S2140082709B1A9945D0D8A37D002BE3D1CEE7E37DAA
S21400828043B94FF000084B4652463146284628F080
S2140082909BFBA060A27D12B123694B4423611A495F
S2140082A0237E097899422AD901332376BBF1000F41
S2140082B027D032B3E37D23B3B8F1000F21D1032FCB
S2140082C01FD0A1684B1C1CD0109B2246009328464A
S2140082D00123FFF7F9FEA07513E095F8343063B973
S2140082E0EB6A0133CFD1032FCDD10123A376C8E7A4
S2140082F0012FCFD0032FC4D1F7E79846C3E700235A
S214008300A375A07DFFE600BFE84A04002DE9F04F04
S2140083100E46984600238BB004464FF0FF311046B9
S21400832017468DF8133001F0A7FBB6F5801F20D254
S214008330314605AA04F1080028F04DFD451C01460B
S21400834003D1237CBBB92D2010E0384601F094FB06
S2140083500122394620460DF1130328F087FB00283A
S214008360EFD09DF8133088F8003000200BB0BDE841
S214008370F08FB01CE5D1E56A691C36D12046616AEB
S21400838028F068FA0546B31C18BF0123DFF8CC9026
S2140083900193636A626C0293236805A902FB053A9F
S2140083A0E36B05225B695046984705A828F05CFEFB
S2140083B028F07FFE504628F087FE4FF0000B8246DE
S2140083C001464B1C05D0636C81EA0A025B421342ED
S2140083D011D02946204628F03DFA029BAB422CD00D
S2140083E0BBF1000F2CD10546D3E72368ED1A636C6A
S2140083F0B5FBF3F5C7E7484601F03EFB0DF1130366
S21400840049462046019A28F031FB034690B1B21C3B
S21400841003D0D9F80020B2420CD19DF81320039364
S2140084200D4B88F8002049461A68384613F05AFA69
S214008430039B9B46D9F80810C3E7BBF1000F82D018
S214008440B6F5801F91D2314698F800307A6804F16C
S214008450080001F03FFA88E7E44A04000C3C0020DC
S2140084602DE9F3410446174698460E46184D816A94
S214008470E36A8B4201D04B1C02D102B0BDE8F0810A
S214008480284601F0F9FA0122294620460DF1070395
S21400849028F0ECFA38B14346294620469DF80720D6
S2140084A0B8470028E9D0A9684A1C04D16968204664
S2140084B028F05DFA0146012EDAD16B6881EA0302E4
S2140084C0636C5B421A4218BF4FF0FF31D0E700BF23
S2140084D0E03B00202DE9F04F4FF0FF334FF6FF72E0
S2140084E00025044600F10806C0E909238BB0C362E4
S2140084F0056205633046884628F03EFC204628F094
S21400850079F960BB2046414628F0F4F9204628F069
S21400851071F960BB5E200BB0BDE8F08F2368E26B9C
S214008520606C576900FB0530052205A9B84705A809
S21400853028F09AFD012807460CD12946204628F047
S214008540AAF9012F024600D101322946204628F01A
S21400855070F903E028F0B2FD0028EED10135E3699A
S2140085609D42DBD3204628F045F90028CAD00025D6
S2140085704FF0FF394FF6FF73CA46A846C4E90853C2
S214008580E36998450AD3A5EB0905012D2CD84FF6CB
S214008590FF72636A93423CD16720BCE72368E26BB4
S2140085A0606C576900FB0830052205A9B84705A886
S2140085B028F05AFD834605A828F02DFD07465846A4
S2140085C028F077FD68B1574538BFC4F82480B94510
S2140085D028BFB946BD4238BF3D46BA46236A013376
S2140085E0236208F10108CBE74FF6FF7300256362AC
S2140085F0E3699D42CBD2676C2068E36B052207FBDC
S21400860005005B6905A9984705A828F004FD013513
S214008610EEE7E26B676C2068694607FB0300556966
S2140086200522A847684628F0F6FC626A2368606C54
S2140086304B4D00FB023028F047FD4FF0FF33A062A1
S214008640E3622A466FF00101204605ABFFF75EFEA7
S214008650002846D1AD6829462046E56228F0A6F8EF
S214008660206320B92046E16A28F081F9E0622946B5
S214008670204628F07CF90546A36A9D4233D1204661
S21400868028F067F800278046B946E36999453CD349
S214008690B84559D92046616A28F0DCF80026054618
S2140086A004F1400AB74212D8626C2368694602FB9E
S2140086B00539E36B05225B6948469847684628F00B
S2140086C0AAFC534602464946E06B28F0FFFC2946C2
S2140086D0204628F0BFF80136B0450546E2D16420B2
S2140086E019E7A56AB7E72946204628F05FF8236B06
S2140086F02946034407462363204628F038F90546F2
S214008700002FB9D1C4E90B07B6E7636C25680522CC
S21400871003FB0955E36B05A95B692846984705A83E
S21400872028F0A2FC28F0C5FC58B1284628F0CCFC5E
S2140087300146204628F03AF8636C143B984208BF7E
S214008740013709F10109A0E7304628F015FB0023A0
S21400875020461946034AFFF783FE0020DBE600BFEB
S214008760383C00205B0A03002DE9F041036B90467D
S214008770826B07689A4288BF8363426C436A90B0F4
S21400878002FB0377C36B0E46052201A95B6904460C
S2140087903846984701A828F067FC01280146307043
S2140087A057D0656CE26B2368606AD2F814C005FB8C
S2140087B00030052206A9E04706A828F055FC012847
S2140087C04FF0000523D0D4E90A3201219342CDE9C7
S2140087D00B458DF834800E958DF83C102AD119463D
S2140087E0204628F0C4F8236B626C14339B1AE062B0
S2140087F023630C9B53B99DF83C303BB1626A616CB5
S2140088002368E06B01FB023128F0E6FB0C9DE36B6E
S21400881005225B6901A93846984701A828F024FC80
S21400882030702846236BA26B9A4288BFA36310B0B1
S214008830BDE8F081237C33B91C490BAA04F108007B
S21400884001F096F8D5E72046194A0BABFFF708FE6D
S214008850CFE7237C23BB2246164904F1080001F02B
S21400886087F8616A204628F016F8616A421C20469E
S21400887027F0DFFF054620B9236B626C1344143BD8
S21400888023632046A16A28F072F82368A062C01A03
S214008890636CB0FBF3F06062204628F0ABF8B6E7F6
S2140088A000232046044AFFF7DBFDDAE70D900000C0
S2140088B0898F0000F50A0300910A030073B50D4680
S2140088C0D11E4A421C461B7E4A419A4226D129683E
S2140088D02368994222D3636899421FD8114E0DF13E
S2140088E007033246FFF712FDC0B972686B689A42FA
S2140088F014D19DF80730DA1E53425341227E93422C
S2140089000CD1636901336361D4E90323934205D232
S2140089102968A26842F8231001332361012002B0BF
S21400892070BD00BF383C00202DE9F04F9B4689B053
S2140089309DF848309046514A0193136907465B45B7
S2140089400D46C0F09580D94653680093B9F1000FE4
S2140089507BD0FB6B01225B6905A90098984705A8A8
S21400896028F0F4FA454B1B68984240F0848005A82E
S21400897028F0F8FA0428064615D105A828F0F9FAD2
S214008980009B04461E44019B002B3ED1804512D915
S2140089901C46A8EB00083846009927F0E8FFA9EB2C
S2140089A004090090D2E7FB6B02225B69009806A9D7
S2140089B0984706A8E2E7A0EB08045C4528BF5C469B
S2140089C0032C4644ABEB040B1DD9FB6B2946304603
S2140089D05B69A208984724F0030304F0030A1E44C8
S2140089E01D44DDF80480BAF1000FD4D0FB6B0122E1
S2140089F006A930465B6998475246284606A912F0F3
S214008A0071FF5544C7E7A246EBE7824600F0030332
S214008A1002932B1803930644039BA6EB0A00A3EBD2
S214008A200A05029B9A4514D1BAF1000FB3D0FB6B2E
S214008A30012206A95B6998475246284606A913F004
S214008A400DF90028DDD04FF03609484609B0BDE8DC
S214008A50F08FFB6B012206A95B6998470422284623
S214008A6006A913F0FBF80028EDD1AAF1040AD3E713
S214008A704FF06309E9E74FF06F09E6E7643C002032
S214008A802DE9F0410F4616469846044688B060B376
S214008A9090F83450FDB1012127F0A1FE00210E9B75
S214008AA0CDE90511CDE902379DF83C30CDF80480BC
S214008AB08DF81C30237C04968BB90D4901AA04F16D
S214008AC0080000F055FFDDE90553E06B002E08BFF7
S214008AD01D4628F01DF8284608B0BDE8F08120465F
S214008AE0044A01ABFFF7BCFCEDE70546F3E700BF21
S214008AF0BF0A0300BD8800007FB590F842600446B8
S214008B0001920DF10B030A463046114928F008F889
S214008B10012E0546E36B17D132465B6903A99847D9
S214008B209DF80B10039B019A59B19BB243EA02438E
S214008B30012228460393E36B03A99B69984704B078
S214008B4070BD62F30F03F3E701229B6901A9F5E705
S214008B50643C00202DE9F04F99B00E460D920A694C
S214008B60416C0B931439D31DB3FBF1F3013302EBC5
S214008B70C302036B04469342C0F001820023DFF871
S214008B8004940893E36A48461946059300F074FF78
S214008B90D6E9033707930B9B022B4DD1CC2F40F021
S214008BA0D7810D9B3BB13146204628F00FF8656C07
S214008BB01490012044E00120079B656C1B68149309
S214008BC000F0010000280CBF04230823782F0E9322
S214008BD049D8059A6B1E1340ED1A3B1D9D423CD2A8
S214008BE0002F3DD0082D3ED80023042506934FF0D5
S214008BF0040A336806990B98C9F80030C9F8107053
S214008C0028F0CAF94FEA9A030F93059B89F81400D7
S214008C100393002309930C9304930A93616C039BBC
S214008C204A1E1A408B1A27B35544AB4223D8236BEF
S214008C305B1A134423632FE1782F656CB9D8F07D57
S214008C400D9B002BBCD0E36B01225B69706816A9F4
S214008C50984716A828F07EF9B4E700250695C6E7DB
S214008C6004250697C3E7012300254FF0080A06935C
S214008C70BFE75345DBD3A3EB0A029742039BB846F4
S214008C8028BF90469742534428D90122D9F810109D
S214008C9089F817208F4226D10399C9F80410049248
S214008CA099F817200AB399F818100398CA1C09EB0C
S214008CB0C202506004980131A2F80880907289F8C8
S214008CC01810B8F1000F07D00B9A022A40F08180E6
S214008CD0099A72B1012209929B46ABE0049A002AD7
S214008CE018BF0322DBE70222D9E7039AC9F804205B
S214008CF0E7E70C9A4244032AEED9E26B18469569D8
S214008D0014A901220993A847099B05460028E1D02B
S214008D103D2D40F01E8104F1080303932368059A55
S214008D20606CA2EB030ABAFBF0FA00FB0A3028F0EC
S214008D30CBF9E16A8046204627F019FEA26A8242F5
S214008D4000F00F81626CD9F80830511E0B40216B81
S214008D502768891A0B442363089BE062DF1BB7FB76
S214008D60F2F7BA4540F0FA80059BB3EB080A12D03A
S214008D70E36B4FEA9A0241469B6998478346E36A4B
S214008D80059A5344E362236B03989B1A4344236378
S214008D9027F0F2FFDA462368616CE06B01FB0731CF
S214008DA028F007F9204627F025FD204627F022FE6A
S214008DB02063BAF1000F00F0D4803269616CD31DD5
S214008DC01439B3FBF1F3013302EBC3029042A5D290
S214008DD0BFE00D9A002A77D1B8F1030F4FEA980248
S214008DE06ED9E16B18468D6907991093A847109BBA
S214008DF00546C0B918F0030515D0079A28F0030BEE
S214008E0002EB0B019B444FF0FF3215A815922A4641
S214008E10109312F067FDE26B5846956915A901227A
S214008E20A8470546109B9B46079A42440792002D8A
S214008E3040F08B80049B16A80193069B009399F83C
S214008E4014204346316800F0CDFDE36B0F9A9B6912
S214008E50039816A99847039A051E089B18BF134641
S214008E600893434652462046039927F0ADFD236BF0
S214008E7008F10302A3EB0A0322F003029B1AC9F8C7
S214008E8008002363002D7FF443AF0C9BA7EB080775
S214008E9043440C93CDF80CB02046039927F067FDA9
S214008EA000250390002F7FF4B9AE364A31689368E8
S214008EB004F10800E36252680B9B00F00BFD49E0EA
S214008EC09B46454607999EE79B4606F12002109270
S214008ED0F27D7068A2B1002296F818C00A99D5B241
S214008EE0AC4511D9109D02F1010E35F832508D4275
S214008EF028D90E9806EBC2020144D069084403E064
S214008F000E9A0A990A441044E26B15A95569012283
S214008F101193A847159A0A9B1392E26B043395693E
S214008F205846012213A90A93A847119B054603EB4E
S214008F300802A2EB0B02042A7FF679AF28B90BF1E0
S214008F40040BC5E77246491BC9E7CDF820B088E791
S214008F5070252F46384619B0BDE8F08F4FF0000A4E
S214008F6019E73269616CD31D1439B3FBF1F3013391
S214008F7002EBC302236B9342BFF404AEE9E71C275F
S214008F80E8E700BF0C3C0020032A2DE9F341064623
S214008F900D4617461C4606D1237A012B23D0012006
S214008FA002B0BDE8F081DFF86080096842460DF146
S214008FB00703FFF7ABF960600028EDD19DF80720A6
S214008FC0237A032AE8D0D8F804106A689142E3D1DD
S214008FD0012B2969D4F80CC007D172690CEB010388
S214008FE0934202D92074207CDAE708316144E160BC
S214008FF03B46012229463046FFF7ACFD606000285C
S214009000CAD00020CCE700BF383C00202DE9F34151
S214009010089C032A1746266806D1237A012B24D0FB
S214009020012002B0BDE8F081DFF89080304642466D
S2140090300DF10703FFF76AF960600028EDD1256897
S214009040D8F80400A96AD5F844C04840CCF100031B
S2140090501840227AE1D1012A09D1E268D8F8103006
S21400906013447269934202D92074207CD9E7286899
S214009070EB6A1B1A081AB3FBFCF3B0FBFCF0834246
S2140090800BD1706CF36A421E1340326B121A1344F3
S2140090902846336327F06BFCE862D8F81020E368B4
S2140090A008321344E36001223B4604492068FFF778
S2140090B051FD60600028B0D00020B2E7383C0020A8
S2140090C02DE9F0410025604B0E46D3F8008004469B
S2140090D01D6018B921252846BDE8F08190F8347047
S2140090E007B30A6803689A4240F0A3804A68436858
S2140090F09A4240F09E808A6883689A4240F099803F
S214009100CA68C3689A4240F094800A6943699A42E2
S21400911040F08F808A69C36B9A4240F08A804B6920
S2140091208361D8E768223946856B12F04BFAD6E998
S2140091300212336804F1080023607368A563636055
S214009140336963617369A36127F028FEB36904F18C
S2140091504000E3639B68984720B9676C17B1636863
S214009160B3FBF7F794F84330E761002BB2D0002347
S214009170656C2366002D64D0002F62D02368B3FB95
S214009180F5F205FB1233002B55D16668B6FBF5F3F6
S21400919005FB1363002B4ED1204627F0F7FAA36990
S2140091A0043303449E4248D340F634726369CC3B92
S2140091B0934244D8B5F5805F43D30321204627F079
S2140091C00EFBD4E90001E36B1B6898470546E36B8A
S2140091D00220DB689847CDB941462046FFF77AF96A
S2140091E06428054604D141462046FFF773F9054634
S2140091F0666C5DB9236A2046143E5E4327F0C6FAC5
S214009200A369043303449E4238BF5A25002D0CBF81
S2140092100123002384F8343007D1D4E900010B4A37
S21400922013680133136027F053FEE06B27F070FCE1
S21400923051E75D254FE759254DE75A254BE75F2552
S21400924049E75B2547E700BF9C350020983500209E
S2140092502DE9FF410C4616461F46054680B390F89A
S21400926034307BB3B1F5801F2ED2DFF86080012149
S21400927027F0B5FA2146424628460DF10F03FFF7C0
S21400928045F8044670B99DF80F30012B11D1D8F877
S2140092901030BB4212D10246009031462846FFF7F6
S2140092A043FB0446E86B27F033FC204604B0BDE8D9
S2140092B0F081022B14BF2D246024F3E76324F1E72A
S2140092C02124F2E71124F0E72924EEE7643C00208D
S2140092D02DE9F04385B00C4617461E460546DDF8D8
S2140092E0308098B390F8343093B3B1F5801F31D204
S2140092F0DFF86490012127F072FA21464A46284694
S2140093000DF10F03FFF702F8044688B99DF80F30F9
S214009310012B14D1D9F8102006EB08039A4213D378
S21400932000904346324639462846FFF7FDFA044683
S214009330E86B27F0EDFB204605B0BDE8F083022B76
S21400934014BF2D246024F3E76324F1E72124F2E719
S2140093501124F0E72924EEE7643C002073B50C46A0
S2140093601646054630B390F834302BB3B1F5801F5F
S21400937024D2012127F033FA21462846104A0DF15F
S2140093800703FEF7C3FF044680B99DF80730032B9A
S2140093900CD0022B0CD12846094927F017FC306068
S2140093A0E86B27F0B5FB204602B070BD2D24F7E72A
S2140093B06124F5E72124F6E71124F4E72924F2E7EF
S2140093C0643C00202DE9F3411E4600230C46174658
S2140093D00546336050B390F834304BB3B1F5801F78
S2140093E028D2DFF85480012127F0F9F921464246B9
S2140093F028460DF10703FEF789FF0446A0B99DF83D
S2140094000730032B10D0022B03BF01233B6004233D
S214009410D8F8103018BF38603360E86B27F078FB58
S214009420204602B0BDE8F0812D24F6E72124F7E7B8
S2140094301124F5E72924F3E7643C002073B50446BD
S214009440056B27F0A3F9636E03449D422CBF0023EF
S2140094500123854294BF00252D1A207C84F85030C5
S214009460656584F85800A8B100230C4E1A461946C4
S2140094702046009627F06EFC002305461A4619463D
S2140094802046009627F06FFCE3682844984294BF75
S2140094900020C01AE06502B070BD00BFFFFF0F00DD
S2140094A02DE9F3471E4643690446B34288461746ED
S2140094B09DF828904ED300258DF80750204627F0BB
S2140094C065F9D4F830A082450AD2236AB5EB430F7B
S2140094D006D2002220460DF10701FFF745F9B8B382
S2140094E09DF80730012B05D1002220460DF107011B
S2140094F0FFF73AF9B9F1030F06D03146204627F0B8
S21400950035F9256B854227D3144D4FF0FF31284699
S21400951000F0B2FA4B46294600222046C5E90376FB
S214009520C5F80080FFF716FB236E054663B120469C
S214009530FFF784FF94F8503013B994F858301BB1F5
S214009540236E04F150009847284602B0BDE8F08725
S2140095500135B3E76225F7E71C25F5E7383C002020
S2140095602DE9FF410F4690461E46054698B390F8F3
S214009570343093B3B1F5801F31D21A4C022127F054
S2140095802EF92246394628460DF10F03FEF7BEFE99
S214009590024678B1012342460093394633462846B0
S2140095A0FFF77EFF0446E86B27F0B2FA204604B0C9
S2140095B0BDE8F0819DF80F30012BEBD12169B14257
S2140095C0E8D10093414633462846FFF7ADF90446F6
S2140095D00028DFD1E7E72124E8E71124E6E729247D
S2140095E0E4E700BF643C00202DE9F04790F84230E5
S2140095F086B0012B05460391A1EB020740F0AA8036
S214009600FF2F03D81E464FF0640807E00226012B02
S21400961014BF4FF032084FF06408013600244FF6AE
S214009620FF79DFF844A195F84230012B14BF3223AE
S21400963064239C4202D35FFA88F40DE005AB224611
S2140096405146284627F0A0FA95F84230012B059B94
S21400965034D14B452DD1E4B295F84230012B14BFDE
S21400966032226422121BB24217D3012E39D10022B5
S214009670012B05978DF8132027D1082205A90DF197
S214009680130027F03DFD9DF81330059A42EA0322A9
S21400969021462846FFF730FA40B1022332490093AC
S2140096A02846CC23096803AAFFF7FAFE06B0BDE8F1
S2140096B0F087DBB203B902340134B4E7591CCAD0D0
S2140096C09BB2002BF8D10134F6E7102205A90DF164
S2140096D0130027F015FD9DF81330059A42EA034261
S2140096E0D6E7039A012B059223D10823202205A949
S2140096F00DF113008DF8133027F002FD9DF81320AE
S214009700120221462846FFF7F7F995F84230611C09
S214009710012BC9B21AD10028BFD12846BDF81420A3
S214009720FFF7EAF90028B8D10234BDF81620E1B2F6
S214009730AFE71023202205A90DF113008DF8133092
S21400974027F0DEFC9DF813201204DAE70028A4D1E7
S214009750059A9EE7B7F5803F4FF00106BFF457AF76
S2140097604FF032085AE700BF643C002070B586B060
S2140097700E4605460392A0B390F834309BB3B1F57D
S214009780801F32D2022127F02AF831462846184A8E
S2140097900DF11703FEF7BAFD044618B99DF8173009
S2140097A0032B0ED10223314600932846CC2303AA6E
S2140097B0FFF776FE0446E86B27F0AAF9204606B0C7
S2140097C070BD022B0BD10A49284627F0FFF90399F2
S2140097D002468142EFD02846FFF706FFEAE76124FB
S2140097E0E9E72124EAE71124E8E72924E6E700BFB1
S2140097F0643C0020F7B50C461646054668B390F85C
S214009800343063B3B1F5801F2BD2022126F0E7FF78
S21400981021462846144A0DF10703FEF777FDC0B926
S2140098209DF80730032B14D0022B14D10E4928467E
S21400983027F0CCF9471C024639462846FFF7D4FEE7
S214009840044606B13760E86B27F062F9204603B09D
S214009850F0BD2D24F7E76124F5E72124F6E711246F
S214009860F4E72924F2E700BF643C002030B50C463C
S214009870054685B028B390F8343023B3B1F5801F81
S21400988023D2022126F0ABFF0DF10F032146284616
S2140098900F4AFEF73BFD034688B99DF80F20032AC2
S2140098A00DD003222146009202462846FFF7F8FD17
S2140098B00446E86B27F02CF9204605B030BD2D2471
S2140098C0F7E72124F8E71124F6E72924F4E700BF98
S2140098D0643C00202DE9F043466886B30568984648
S2140098E04FF0000CA946AE4655F83C400CF1010C72
S2140098F0C4F31307013401D0B94217D0B4450EF1B2
S214009900080EF1D12F46002403E0B44207F1080701
S21400991012D055F8343001340133F6D1C1F31301B7
S21400992041EA0851C7E90012BDE8F08341EA085150
S214009930CEE90012BDE8F083B8F1030F03D101238E
S2140099400372BDE8F083002303E0B34209F108097F
S214009950F5D055F833400133C4F30754032CF4D143
S214009960C1F3130343EA0853C9E90032BDE8F083A4
S2140099702DE9F0410646406882B0B8B10F469046E1
S2140099800024336853F8345003EBC403C5F307527E
S214009990C5F31301013506D05B683046CDF800806C
S2140099A0B84718B1706801348442EAD302B0BDE803
S2140099B0F08100BF024B1968024B1868FFF780BBA6
S2140099C09C650020BC65002008B530F09EFD014B6C
S2140099D0186008BD903C0020014B186830F090BD20
S2140099E0903C002073B504462248012A00EAC111C3
S2140099F09DF8185023F07C4007D9961E012E28D9D2
S214009A00073303F07F03194308E09DF81C300A4330
S214009A10DB0603F0C053134343F060410023C4E960
S214009A2000108DF80730B5B1202221460DF1070051
S214009A3027F066FB1A220DF10700211D27F060FBB8
S214009A40082063689DF8072043EA8263636002B0DB
S214009A5070BD1143E2E71B220DF10700214627F0F7
S214009A604FFB23689DF80720042043EAC263236067
S214009A70EDE700BF80FFFF0738B5094B0D461A68B3
S214009A800021044611F09EFD00234FF0FF32238391
S214009A90C4E900252361A260E382A37638BD00BF37
S214009AA0E44A04000138C0B205289ABF014B185C8E
S214009AB001207047E94A04002DE9F04107461546A3
S214009AC000240E46596888B0490A012922464FEA02
S214009AD0510104F10104F8D8DC78997824031B8836
S214009AE0C90201F4006104F480540C43C3F30A0372
S214009AF05203234492B24FF000089C18274B6FEA9B
S214009B000444039325F07843ED4302A90DF10700C2
S214009B101B2202938DF8078027F0F2FA9DF80720A3
S214009B20029B02A943EAC2630DF107001B2225F03F
S214009B307845049302958DF8078027F0E1FA9DF8A2
S214009B400720029B6FEA144443EAC26305934FF072
S214009B50FF330794069307A9BB69012206F110009C
S214009B609847BB6905A90446012206F108009847F4
S214009B70BB69404518BF044604A90122301D98471A
S214009B800122404518BF0446BB69304603A99847E2
S214009B90404508BF204608B0BDE8F08101009AB2F3
S214009BA038B5104B0546D3F800310C4603F00303D6
S214009BB0022B0BD0032B0DD0012B0FD12EF024FE41
S214009BC0032305B1286004B1236038BD2EF066FE7D
S214009BD00723F6E730F0ACFC0623F2E7012300206B
S214009BE0EFE700BF0080005038B5134B0546D3F8AA
S214009BF020010C4600F0070004281AD8DFE800F021
S214009C0003090D111500012305B1286004B1236076
S214009C1038BD2EF0BFFD0423F6E72EF0F5FD032336
S214009C20F2E72EF0F7FD0523EEE72EF0E9FD02231E
S214009C30EAE700231846E7E70080005038B5104BE7
S214009C400546D3F840310C4603F00303022B0BD035
S214009C50032B0DD0012B0FD130F06CFC082305B17F
S214009C60286004B1236038BD2EF018FE0723F6E7FF
S214009C7030F063FC0923F2E701230020EFE700BF82
S214009C800080005038B5104B0546D3F860310C46BE
S214009C9003F00303022B0BD0032B0DD0012B0FD1A7
S214009CA030F048FC082305B1286004B1236038BDB5
S214009CB02EF0F4FD0723F6E730F03FFC0923F2E729
S214009CC001230020EFE700BF0080005041F671320C
S214009CD010B5104C104BA04294BF00240124D96943
S214009CE0DA639A6801F4803122F4401242EA0452A0
S214009CF09A600A4A90420A4AD2F818028CBF40F08C
S214009D00020020F00200C2F8180209B10022DA634D
S214009D1010BD00BF005A62020000035080F0FA0235
S214009D2000C007502E4B98424AD022D82D4B98425E
S214009D3040D014D82C4B984239D00AD82B4B984296
S214009D4032D02B4B98422FD02A4B98422CD0002052
S214009D507047294B9842FAD1284B186F7047284B0A
S214009D6098422AD0274B9842F1D1244BD3F8800052
S214009D707047254B98422BD009D8244B984223D0C5
S214009D80234B9842E3D11D4BD3F88C007047214BF0
S214009D90984221D003F5740303F510539842D6D1A8
S214009DA0164BD3F898007047144B986D7047134BBA
S214009DB0586E7047114B586F7047104B986F70472E
S214009DC00E4BD3F8840070470C4BD3F888007047CE
S214009DD00A4BD3F890007047084BD3F894007047AE
S214009DE00048E8010024F400C0CF6A0080841E000A
S214009DF000093D0040420F00405DC6000080E00FB5
S214009E00C0EA210180BA8C01007E560380D5430249
S214009E10006CDC020090D00337B50C460021114BD5
S214009E200191D3F88031054603F00303022B0ED0D0
S214009E30032B11D0012B03D101A8FFF7D5FE0D216E
S214009E400DB1019B2B6004B1216003B030BD2EF034
S214009E50E1FC05210190F3E72EF0D2FC02210190EF
S214009E60EEE700BF0080005038B5104B0546D3F82B
S214009E7040320C4603F00303022B0BD0032B0DD00D
S214009E80012B0FD130F056FB082305B1286004B132
S214009E90236038BD2EF002FD0723F6E730F04DFBB9
S214009EA00923F2E700231846EFE700BF00800050C2
S214009EB038B5144B0546D3F800020C4600F00700F0
S214009EC004281BD8DFE800F003090D111500012354
S214009ED005B1286004B1236038BD30F02BFB0823A1
S214009EE0F6E72EF0DBFC0723F2E730F026FB09232B
S214009EF0EEE72EF06FFC0C23800AE9E700231846F5
S214009F00E6E700BF0080005038B5144B0546D3F88E
S214009F1008020C4600F0070004281BD8DFE800F013
S214009F2003090D111500012305B1286004B1236053
S214009F3038BD30F0FFFA0823F6E72EF0AFFC072313
S214009F40F2E730F0FAFA0923EEE72EF043FC0C2392
S214009F50800AE9E700231846E6E700BF00800050C5
S214009F60032814D005D8012805D0022809D00020DF
S214009F7005E00F28FBD1084B186FC0F30130013005
S214009F807047054BD3F89000C0F30460F7E7024B28
S214009F90186FC0F38020F2E7008000501FB5002342
S214009FA00193252817D8DFE800F0131A1D272C3652
S214009FB03B51565B60656A78161A401616561A2785
S214009FC02C27361A5127783B3B3B3B2727275B60DD
S214009FD02EF0E6FB0190019805B05DF804FB2EF02C
S214009FE0F9FBF7E72EF0DCFB02460220FFF7B8FF8E
S214009FF0B2FBF0F20192EEE72EF0ECFB02460320F5
S21400A000F4E72EF0E7FB02460320FFF7A9FFB2FBBA
S21400A010F0F25208EEE7002101A8FFF7FDFEDAE7AE
S21400A020002101A8FFF7E0FDD5E702934FF0E023FB
S21400A0301B695B0705D52EF0CDFB0290029B0193B2
S21400A040C9E703A902A8FFF7F9FDF7E7002101A871
S21400A050FFF7F4FDBFE7002101A8FFF713FEBAE7FC
S21400A060002101A8FFF724FFB5E7002101A8FFF7AC
S21400A0704BFFB0E7002101A8FFF792FDABE7094BC5
S21400A080D3F8803003F00303022BA8D0032B01D0B3
S21400A09000209FE72EF0BEFB9CE7002101A8FFF7FB
S21400A0A0E3FE98E70080005008B50120FFF776FF32
S21400A0B0BDE808400349884294BF012102210320DD
S21400A0C000F002B880F0FA02032810B50C4627D03C
S21400A0D004D8012804D0022817D010BD0F28FCD1C0
S21400A0E027F02CF827F032F8124A013C136F23F4BD
S21400A0F0405343EA043313672EF06CFB0021FFF74E
S21400A100E5FDBDE81040FFF7CFBF0A4A4C1ED2F867
S21400A110903023F0F85343EA0463C2F89030DCE74B
S21400A120044A4C1E136F23F4806343EA84231367A8
S21400A130D3E700BF008000501FB5002301932528F9
S21400A14021D8DFE800F013202020202A2F454A4F90
S21400A15054595E7120203420204A202020202A20B6
S21400A1604520712F2F2F2F2020204F54314B1B6F4F
S21400A17003F00703013B032B05D8DFE803F00C02CE
S21400A180080A04230193019805B05DF804FB032335
S21400A190F8E70623F6E70223F4E7002001A9FFF715
S21400A1A03BFEF0E7002001A9FFF71EFDEBE7029358
S21400A1B04FF0E0231B695B0705D52EF00BFB0B2346
S21400A1C00393039BDEE703A902A8FFF737FDF8E732
S21400A1D0002001A9FFF732FDD5E7002001A9FFF70F
S21400A1E051FDD0E7002001A9FFF762FECBE7002073
S21400A1F001A9FFF789FEC6E7002001A9FFF7D0FCFA
S21400A200C1E70C4BD3F8803003F00303022B03D0D6
S21400A210032B05D00023B5E72EF0DCFA0B23B1E7BD
S21400A2202EF0F8FA0523ADE7002001A9FFF71CFE83
S21400A230A9E700BF0080005008B50320FFF790FE96
S21400A240034B187026F07AFFBDE8084026F07EBF64
S21400A250A55B002010B504462EF0BCFA0021FFF7DF
S21400A26035FD1CB1BDE81040FFF71EBF034B0320B1
S21400A270BDE810401978FFF727BF00BFA55B002098
S21400A28038B50546FFF74EFD204B04465A68012AAE
S21400A29004D11F494A609A699207FCD10020FFF753
S21400A2A04BFF042803D126F049FF26F04FFF194A3A
S21400A2B024F0407395421FD0174A95421FD0174A84
S21400A2C0D16811F0060FFBD19068936091684B40FF
S21400A2D013F4F81F16D12846FDF766FD0020FFF799
S21400A2E02BFF042810D12EF075FA0021FFF7EEFCA4
S21400A2F0BDE83840FFF7D8BE43F00073DFE743F011
S21400A3008073DCE79060E9E738BD00BF00C001500D
S21400A31000E0015040420F0080841E000000015003
S21400A32070B504460020FFF707FF03287CD045F6EB
S21400A3300E030221414AC2F88030414B9962012146
S21400A34003F580539962936DD903FCD4D4E90013C6
S21400A3501B0543EA0163E17B94F823500B43217B02
S21400A36043EA0143617B43EA0133A17B43EA81135D
S21400A37013619169D4E904031B0643EA806301F084
S21400A38000410B43A17EE07E0B43217E43EA01435E
S21400A390617E43EA01239361E169136A002923F091
S21400A3A00D0343EA010314BF0121002143EA8003A1
S21400A3B043EAC103136294F8203094F82200916AAD
S21400A3C04FEA431331D194F8216021F0330143EA78
S21400A3D006130B4343F0010393621A49174A936D21
S21400A3E031EA0303FBD10221154B9962936D5B00A2
S21400A3F0FCD41369A16823F4700343EA0153136184
S21400A4004FF000420E4B9A6118B9022203F58053B2
S21400A4109A6215B901220C4B9A6294F824301BB14B
S21400A420064B0A4AC3F8802070BD21F03301294349
S21400A4300B4343EA40039362EFE700BF00C00050BF
S21400A44000D000500300014000E00050F1A7FFFFDD
S21400A450014B93F900007047A65B0020014B188063
S21400A460704700BFB66A00200C4A10B51369044650
S21400A47043F0040313612EF01DFD26F06BFE084B1F
S21400A480084AC3F8202430BF26F065FE02F066F9BD
S21400A4901CB9BDE810402EF09DB910BD00ED00E0DF
S21400A4A000E003500000FFFF034A0179D36E23F05B
S21400A4B030030B43D366704700400050F8B504469F
S21400A4C00D461F4616464AB101238B403021184AD6
S21400A4D001FB0022F7B141F21001535004EB440394
S21400A4E0072D4FF00F014FEA031316D8A80006FAFF
S21400A4F000F281400F48184426F030FE4EB9012382
S21400A50030210B4AAB4001FB042277B141F2100127
S21400A5105350F8BD42F21001DFE7A5F108008000B5
S21400A52006FA00F281400448E5E742F21001EFE740
S21400A53000C0035004C003500CC00350012200F5B5
S21400A540805310B55A60244B244AC36043691340B5
S21400A550FCD18361C0F89830436913F4401FFBD1E7
S21400A5604369DA052CD4836F53BB43699B0529D412
S21400A570D0F8883033BB0121C26FD0F88C2000F5AC
S21400A58000525160302183600361C3620362016739
S21400A590C0F880101249884208D142F2600411497E
S21400A5A08464016543658465016643660C49884298
S21400A5B002D10020102B08D10B4B5362936210BDC2
S21400A5C0436FCDE7D0F88430CFE703F1280441F895
S21400A5D024000133EEE700BF120002005200010023
S21400A5E00040005A00C002808F330F80084608B52E
S21400A5F069B91820FFF7D2FCB0B10C4B984206D9C7
S21400A6000B4B9B68C3F302730133B0FBF3F0094BAB
S21400A61000F5742000F23F20B0FBF3F001387F28ED
S21400A62028BF7F20C0B208BD0120F0E7005A6202B2
S21400A6300040005A40420F000B4B10B5994228BF0D
S21400A64019460C461AB91820FFF7A8FC0246631EE6
S21400A6501344B3FBF4F0A34228BF00F1FF300328F5
S21400A66028BF0320C0B210BD005A620210B51048C1
S21400A670104C002B08BF04468C4228BF0C461AB963
S21400A6801820FFF78BFC02469DF8083040F2FF309A
S21400A6900133B2FBF3F2631E1A44B2FBF4F3A24298
S21400A6A028BF03F1FF33984228BF184610BD00BFED
S21400A6B080969800404B4C002DE9F04F2DED068B10
S21400A6C0B64D0C4616462946002285B00746FFF7CB
S21400A6D0B3FF94F805800122804538BF804607F511
S21400A6E000535A6020795FFA88F850B91820FFF7AF
S21400A6F055FCA842014628BFB0FBF8F13846FFF7E4
S21400A70075FF4FF00009E37822781B01524202F0F1
S21400A710020203F03003134362780004524202F050
S21400A72004021343A27800F4FE00524202F008022C
S21400A73013434FEA087202F0E04213431843E388DB
S21400A7402289B8603B616389DFF85CA243EA024372
S21400A7503B62574502D1B9F1020F08D1012307F534
S21400A76080577B6005B0BDEC068BBDE8F08F0022FD
S21400A77035788B488B49B468954218BF01462B46FE
S21400A7808948CDF80080FFF771FF07EB09118B6C45
S21400A790A2B223F0405323F4EE2323F01F0305F068
S21400A7A003041C43737882424FEA830303F01C03BE
S21400A7B044EA0304B37838BF02461B03F07803F478
S21400A7C0E0432343040404F4E024234334794FEAAB
S21400A7D0091C240704F0405423438B648C6C09F155
S21400A7E0050BC4F30234013C7049042C26D8DFE87C
S21400A7F004F0252503101A00D1F88041240C2DB34F
S21400A800C2F309020AEB0B135A6009F1010910366C
S21400A8109FE7D1F88441002DF2D1D1F88C11A4B273
S21400A8200914490015E0D1F88441002DE8D1D1F88B
S21400A8308C11240C091401EB41010AE0D1F8804187
S21400A840A4B2002DDCD1DFED5A7A06E0D1F88C11E7
S21400A850091407EE901AF8EEE77A01210CF1B44CD1
S21400A8600CF5804C2304DCF8483024F4C045C3F3D0
S21400A870820C0CF1010C01FA0CF107EE101A4FEAEB
S21400A880854548BF45F0004513F01C0FB8EEC79A43
S21400A890F6EE008A454B55D1D3F88C110BB208EE74
S21400A8A0103AB8EEC88A38EE278A9FED42AAF7EE2D
S21400A8B0049A00285DD1039226F0CAFC07EE900A9F
S21400A8C0F8EE677A87EE8A7AC9EE877A27EE888A64
S21400A8D0039A9FED397AC7EE097A9FED387A67EECC
S21400A8E0877AB1EE007AB5F1004F48EE077A0BD0C2
S21400A8F09FED337A06EE104A77EE876ABAEEE86A7C
S21400A900F0EE477A56EE267AF5EEC07AF1EE10FAB9
S21400A910CBBFF1EE677A78EEE78A77EEE87AFDEE5F
S21400A920E87AC8BFFDEEE77A17EE901AB1F5003F59
S21400A9302ADB6FEA55456FEA45451B484FEA0B117F
S21400A94045505DE7D3F8901169EE286A09B207EE24
S21400A950101AB8EEC77AD3F8881177EE677A0BB27A
S21400A96008EE103A87EEA67AB8EEC88A38EE078A5E
S21400A9709BE7D6ED037AF8EE677A87EE8A7AC9EE19
S21400A980877A27EE888AA4E711F5003FAABFC1F3AD
S21400A990110145F400350D43CFE700BF005A6202AF
S21400A9A0404B4C00809698000040005A0080E00F14
S21400A9B00000000000007A440000804300002044AD
S21400A9C00000004941F67132034BDA63012203F5B9
S21400A9D00053DA60704700BF0000035041F6713242
S21400A9E00121044BDA6303F50052D1600022DA63DA
S21400A9F0704700BF00000350044B1868421C02BF9B
S21400AA00034AD2F894001860704700BFC065002063
S21400AA1000400050CB784A7810B55B010C7843EACA
S21400AA2082030A79234343EA02130C22424302F1CB
S21400AA30B0421363012C02BF8A78024B43F82020F1
S21400AA4010BD00BFD080035008B54FF0B0435A6821
S21400AA5002B960B15B680BB126F022FC4FF0B04142
S21400AA6030B10120074B586026F01AFCC86008BDBC
S21400AA7026F016FC0223CB6026F012FC0122024BC5
S21400AA805A60F4E700100058002000584FF0B0411C
S21400AA904B6810B50BB126F003FC01220B4BC478B3
S21400AAA05A608378934043EA8403447823430479C6
S21400AAB043EA0413447943EAC4038B60044B5A60A8
S21400AAC00378C3F10203CB6010BD00BF002000581E
S21400AAD000100058054B5B69C3F38512827003F0C3
S21400AAE03F021B0B42700370704700BF00C0075048
S21400AAF00120034B9B680A3303F01F0398407047FE
S21400AB000080E00F034BD3F82424D3F82004104031
S21400AB10704700BF00C003502DE9F8431E4B0546A2
S21400AB20D3F810334B1E0E2B0E46174690F80090A7
S21400AB3044781DD909B34FF000082846D7B12FF046
S21400AB40FFFC09EB4903072C4FF00F014FEA0313F4
S21400AB5015D8A400114808FA04F2A140184426F0BB
S21400AB60A7FBBEB928468FB1BDE8F8432FF0E8BC76
S21400AB708846E2E726F0ABFBE3E78846E1E7083CD9
S21400AB80A400074808FA04F2A140E7E7BDE8F84346
S21400AB9026F09DBBBDE8F88300C0035004C00350F8
S21400ABA00CC003502DE9F041204B1646D3F8102375
S21400ABB04A1C05460C46407804D1D3F8241426F0E7
S21400ABC094FB0446002C2EDB072C14DC03274FEAEC
S21400ABD084082A7807FA08F73946154802FA08F270
S21400ABE026F066FB6A78394602F00302114802FA3C
S21400ABF008F226F05DFB012316F0050F0E4A18BF7B
S21400AC000E4903FA04F30CBFC2F81034C1F810342E
S21400AC1016F0060F18BF094AC2F814340123064A74
S21400AC20A340C2F820342046BDE8F08100C003509F
S21400AC3000C4035008C4035000E0035000D0035083
S21400AC4070B504462AF033FF064630B90FCC044DE3
S21400AC500FC594E80F0085E80F00304670BD00BFB2
S21400AC60943C002047F6FF739A42F0B570D0022954
S21400AC7070D8394B5B5C022B6CD8384DDE0005EB88
S21400AC80C304A77815F83330012F394638BF0121A1
S21400AC90012B16D1E078401A0021884205D8012FF2
S21400ACA02CBFC0190130C0B2F0BD431A6568A0EBD6
S21400ACB0530335F913509542D4BF194603F1FF30BC
S21400ACC0EBE760680028EFD0B0F90040944204DB60
S21400ACD0B0F902409442B8BF144683883544FF2B2F
S21400ACE019BFC8232827B0F90630B0F90870A3EBBF
S21400ACF004030CBF0122002293FBF7F36E78134483
S21400AD001BB29E4201DD002B01DA731E1BB24FF40C
S21400AD107A7C00EBC305EA88AD685F1C14FB025220
S21400AD201D4622EAE2723BB25C329E42B2FBFCF265
S21400AD3004DD00EBC307BF889742EAD200EBC503E9
S21400AD409888904228BF1046884238BF0846AAE72F
S21400AD50FF20A9E70020A7E7EF4A0400943C002064
S21400AD600229F0B560D8314B595C02295CD8304BCB
S21400AD7013F83100012816D103EBC1039C78D8786C
S21400AD80012C214638BF0121904294BFC1EB00013F
S21400AD90C1EB0201001BCAB28242C8BF00225B6838
S21400ADA033F91200F0BD002A3CD003EBC10359680A
S21400ADB0002939D09878904202D3B1F90200F1E721
S21400ADC0DC78B1F900009442ECD95C788B88013CC1
S21400ADD0A3F1FF06734201F10405E4B2734101F1E9
S21400ADE00C07DEB2B44216D805EBC3034FF47A75EF
S21400ADF06A43B3F902405B68D21A04EBD47302EBE1
S21400AE00630292FBF4F29042CCDBB1F9020090426E
S21400AE10C8DC10B2C6E737F833C05E1C9445E3D3EF
S21400AE203346DEE70348BDE70348BBE7EF4A0400C6
S21400AE30943C00200CFEFFFF0080FFFF08B504488E
S21400AE40FFF7FEFEBDE8084001202AF036BE00BF30
S21400AE50F44A04007FB51422002101A810F0B2FBCA
S21400AE60044B01A94FF0FF3002932AF06CFE07B0A6
S21400AE705DF804FB006A18002DE9F0418CB08846A6
S21400AE80DDE912761D460446002847D0002945D045
S21400AE90002F43D0002E41D013F00F033ED12048A0
S21400AEA02049A360002A08BF01462362C4E90013B4
S21400AEB0404609A926F0ABFA68BB204609992FF050
S21400AEC09AFB294620462FF096FB6946404626F018
S21400AED02DFB00BB6946204626F058FB404603A9DA
S21400AEE026F02FFBB8B9204603A926F04FFB06979D
S21400AEF00127204645F0005506A90797089526F035
S21400AF0045FB204609A909960A970B952FF099FB51
S21400AF1020462FF053FB0CB0BDE8F0812120FAE765
S21400AF2000010004000101042DE9F04F97B08946A6
S21400AF3090461F460546DDF880A0002800F0BB803E
S21400AF40002900F0B8803AB1229B002B00F0B380B5
S21400AF50239B002B00F0AF80BAF1000F00F0AB800F
S21400AF60219B002B00F0A78067B13C680026229B3F
S21400AF7043440293464507D307B13C60002017B010
S21400AF80BDE8F08F3C46F1E75CB1229B219A9B5DC1
S21400AF90125D01345340239A04F00F049355013692
S21400AFA0E8E7A8EB060BBBF10F0F58D9434B484612
S21400AFB0C5E90034AC602C6213A926F028FA0028F4
S21400AFC0DDD1284613992BF00F0B2FF014FB5946B2
S21400AFD028462FF010FB484604A926F0A7FA0028BA
S21400AFE0CDD1284604A926F0D1FA484607A926F06E
S21400AFF0A8FA0028C3D1284607A926F0C7FA0123D5
S21400B00022992F4ACDF828A00B930C928A190D92FC
S21400B01028464BF000520AA90E9303920F9226F090
S21400B020B5FA28460DA926F0B1FA239B039A99197A
S21400B0300123109111931292214A284610A9CDF8A7
S21400B0404CA0149315922FF0FCFA284613A92FF063
S21400B050F8FA28462FF0B2FA5E4400288FD1229BD9
S21400B06003EB060B239B1E44029B9B4501D14646E1
S21400B07080E7ACB9219B2246CDE900A349461023C0
S21400B0802846FFF7F9FE00287FF479AF0AF1100290
S21400B09012F8013D0133DBB213700BB95245F7D1FC
S21400B0A0219A1BF8013B125D0134534006F8013B20
S21400B0B004F00F04D8E7212061E700BF0303000473
S21400B0C0100000207FB50E461D460446F0B102B9BA
S21400B0D0E3B901230192029345F000530393002342
S21400B0E00B4AA360C4E900232362204601A926F088
S21400B0F04DFA314620462FF07EFA204629462FF09C
S21400B1007AFA20462FF05AFA04B070BD2120FBE7E9
S21400B11000000943084B984202D0084B984207D1DA
S21400B1200B88B3F5105F14BF6FF0850000207047E2
S21400B1306FF08500704700BF004440040013C00451
S21400B1401038102808D8064BC34013F0010F0CBF68
S21400B1506FF08600002070476FF08600704700BFD3
S21400B160010101002DE9F04FA7B008AFCDE90501B8
S21400B170DDE93295DDE9346A00210792384610226F
S21400B1809846DDF8D8B010F01DFA102200210CA861
S21400B19010F018FA069B2BB96FF08604204627B0ED
S21400B1A0BDE8F08F079B002BF6D0B9F1000F01D158
S21400B1B0002DF1D1309B13B9319B002BECD116B981
S21400B1C0BAF1000FE8D1BBF1000FE5D04046059973
S21400B1D0FFF7A0FF04460028E0D1014628221CA85D
S21400B1E010F0F0F92022214614A810F0EBF91CA864
S21400B1F02FF0F7F9002840F0AF80DDE90612059839
S21400B20014AB26F00FFA04460028C7D11498FFF7AF
S21400B21097FF04460028C1D115B9CBF80000BDE75A
S21400B220B14518D209EB05039E4214D25545B3D852
S21400B2302A464946304610F017FA554B984526D010
S21400B24006D3544B984524D003F54073984520D038
S21400B2506FF08504A2E74F4B98451BD003F540736B
S21400B260984517D04A4B9845F2D1554594D815F0D5
S21400B2700F0291D12B46CDE9009614A91CA8FFF722
S21400B280FBFD814600285CD1CBF8005086E7B1462E
S21400B290EDE7B1461022002110A810F093F95545AD
S21400B2A03FF67AAF3C4B9845319B39D10D2B7FF456
S21400B2B073AF01238DF84030309B0DF1410203F14E
S21400B2C00C0153F8040B8B4242F8040BF9D11B789F
S21400B2D0137001238DF84F3015F00F0842D025F07B
S21400B2E00F034B440DF1300C03F1100E6246186844
S21400B2F05968083303C273459446F7D10F2D33D8E7
S21400B30025F00F03334403930CABCDE9017310AB68
S21400B31000934246002314A91CA8FFF705FEB0E7D9
S21400B320102B7FF439AF309B10AA03F1100E944611
S21400B330186859680833ACE8030073456246F6D1CE
S21400B340CAE752460021304610F03CF90023B9F116
S21400B350010FCBF8003002D06FF092041EE76FF0BA
S21400B3608B041BE70F2D8FD910ABCDE90296009307
S21400B3700197002325F00F0214A91CA8FFF7D4FD9F
S21400B38081460028DDD1B8F1000F3FF47DAFB7E766
S21400B390004440040010C0040013C0042DE9F04F20
S21400B3A08A46A1B00021DDE92A56DDE92C79059010
S21400B3B0934606A81022984610F004F910220021A1
S21400B3C00AA810F0FFF8BAF1000F05D16FF0860456
S21400B3D0204621B0BDE8F08FBBF1000FF6D00DB9C6
S21400B3E0002EF3D117B9B9F1000FEFD12E9B002B29
S21400B3F0ECD040460599FFF78DFE04460028E7D1BD
S21400B4000146282216A810F0DDF8202221460EA8B4
S21400B41010F0D8F816A82FF0E4F8002854D15A46B1
S21400B420514605980EAB26F0FDF804460028CFD10D
S21400B4300E98FFF785FE04460028C9D116B92E9B44
S21400B4401860C5E7BD4216D2AB199F4213D24E45CF
S21400B450BCD832462946384610F006F93A4B98458D
S21400B4605BD003F54073984531D0384B984511D0E2
S21400B4706FF08504ACE7344B98454FD003F5407326
S21400B480984525D0314B9845F2D14E4503D96FF0FB
S21400B49089049DE73D46330798D133460122CDE91E
S21400B4A000570EA916A8FFF7E7FC2E9B05461E6060
S21400B4B000288DD04A460021384610F083F8002335
S21400B4C02E9A012D13603BD06FF0920480E73D4624
S21400B4D00D3E4E45DBD801238DF828302B460DF166
S21400B4E0290205F10C0153F8040B8B4242F8040BB9
S21400B4F0F9D11B780D3513704FF48073ADF83630E4
S21400B50006AB01930AAB009332460023CDE90257FF
S21400B5100EA916A8FFF708FDC7E73D46103E4E45A4
S21400B520B5D82B460DF1280C05F1100E62461868AA
S21400B5305968083303C273459446F7D11035DFE7E0
S21400B5406FF08B0444E700BF0010C00400444004C2
S21400B55010B54FF42F720021044610F033F8802304
S21400B560C4F88C30054B04F19C00C4F884300123E9
S21400B57084F88830BDE8104025F0A0B8D2B20300A9
S21400B58010B5D0F8A0400A468CB926F061FA0446F9
S21400B59010B90024204610BD2D2896BF064B07493B
S21400B5A053F82010064A074826F098FBF2E7D0F832
S21400B5B0A4101046A047ECE7E04B0400D5B2030009
S21400B5C070AE030005B40300F8B590F8806004463A
S21400B5D016B100263046F8BD26F06DF80028F8D1E2
S21400B5E0012384F8803094F8883033B1D4F884107E
S21400B5F01F4884F8886026F071FB4FF0FF37D4F8B8
S21400B600B402421C1FD0C4F8B47210F0FF052CD050
S21400B610204626F04DF82946204600F0A7FB0028D5
S21400B620EDD0204626F052F894F888303BB1D4F896
S21400B63084100F4826F052FB002384F8883000233D
S21400B64084F88030C6E726F02EFB431CDDD1D4F804
S21400B6508C30D4F89420013B9A4204DB054A064914
S21400B660064826F03BFB0126E9E70126C7E700BFB0
S21400B670A7C5030070AE0300E3B2030005B40300E1
S21400B680F8B50B780446302B0D46164604D14B7899
S21400B69003F0DF03582B11D0284F6A1E12F8011F43
S21400B6A0002934D128460A220FF07CFE202C0346BF
S21400B6B00D4631D1B1FA81F040091AE04A1C1F4903
S21400B6C012F8013F8BB928460FF078FE1C4B023863
S21400B6D02340032B12D10134A41084420AD1A87847
S21400B6E037288CBF0020012003E0CB5C13F0440019
S21400B6F0E6D1F8BDCCBF01200020FAE7002CB8BF89
S21400B7000334B0EBA40FD4BF01200020F1E77B5C2C
S21400B71013F00400C2D1ECE726B1084302D0013B87
S21400B72061F100050122A240013A1A40002D08BF2F
S21400B7309A420CBF01200020DBE700BF45720400E0
S21400B74003000080F0B5037801467B2B17D1064630
S21400B750022400220B4F16F8015F7D2D05D10B5DEC
S21400B7606BB9D24302F0010008E07B5D13F04400A1
S21400B77002D001320134EEE7202DFBD0F0BD0020D0
S21400B780FCE700BF4572040070B506460D460FF094
S21400B79015FE0446304626F0A1FA044EAC4200D30D
S21400B7A070BD304626F09AFA0134F7E77FBC0300F6
S21400B7B02DE9F84F044602215148FFF7E5FF1E2108
S21400B7C02068FFF7E1FF6368586826F087FA4D485F
S21400B7D026F084FA67683B7BFD2B12D8D7F80880E2
S21400B7E04FF0FF3640460FF0E9FD0546DFF81091B2
S21400B7F0DFF870A1DFF84CB10C3717F8013BFF2BD0
S21400B80001D1BDE8F88F212B18D8212B36D8DFE8D8
S21400B81003F0377274111B1D1F213535353535354C
S21400B8203535232527292B2D2F313535353535351B
S21400B83035353D33344C002D2BD12EE0334C344A75
S21400B840FE2B08BF1446F6E7324CF4E7324CF2E71C
S21400B850324CF0E7324CEEE7324CECE7324CEAE79B
S21400B860324CE8E7324CE6E7324CE4E7324CE2E7AB
S21400B870324CE0E7324CDEE7324CDCE7234CDAE7CA
S21400B880314CD8E726F01EFA01362AE0002DB4D057
S21400B8902E4C202B06F10106AFD002214846FFF7BA
S21400B8A073FF1E214846FFF76FFF504626F016FA34
S21400B8B05946204610F0DCF82549002818BF2146D6
S21400B8C0244826F00BFA3B78202B02D12B2026F0BA
S21400B8D0F9F9214826F002FA4DB118F806301F2B68
S21400B8E005D018F806001F2801D0AE42CADB05486E
S21400B8F026F0F4F981E7194C9DE7194C9BE700BF49
S21400B90093FF030070AE03008DB303009FB30300E4
S21400B910C5CF0300EAB30300F1B30300E2B30300AC
S21400B920DEB30300D5B30300CBB30300C1B30300FB
S21400B930D6B30300CCB30300C2B30300B7B303000F
S21400B940B0B30300A7B303008CB3030092B30300A5
S21400B9509DB30300A7C5030016B70300E9B30300B1
S21400B960F0B30300ADD003002DE9F04F9BB00546C1
S21400B9708B460024009203930FF020FD249F039B28
S21400B98004901C6028463C600AAA09A926F0C8F95B
S21400B990064658B90A980FF011FD3446B046039B88
S21400B9A01860D5F89C300293029B1BB920461BB04A
S21400B9B0BDE8F08F029BD3F80890B9F1000F6CD069
S21400B9C02E4416F8013B202B11D000260C2373437F
S21400B9D009EB030A59F803300193002B58D0099B52
S21400B9E0434555DB9AF808202AB1721C39E03B68BB
S21400B9F001333B60E5E73968D5F894200793039B4D
S21400BA00521A1A601AAB03EB880151F8403C0199B0
S21400BA10184605930FF0ECFF06900028E5D1019834
S21400BA200FF0CCFCDDE906230146DAF80400D7F86F
S21400BA3000A090F80CC0BCF1FE0F16D103F1FF3E3B
S21400BA40C64512D0D0F80090059801920FF0B6FCCB
S21400BA500AF1010A019A50442B5C23B1386008F1C0
S21400BA6001081646B2E70130F6E7D5F894200591AE
S21400BA70A2EB0A028A4220DC58460FF09FFC05998A
S21400BA8001447B290DD958461F4A009924F03DFEF3
S21400BA902B46049A2A4493422CD1029B1B6802939D
S21400BAA082E7DDE90012584624F02FFE5846174A72
S21400BAB00099013424F029FE97E7BCF1FE0F94D1DB
S21400BAC0013B434591D1D0F800A0DFF840905AF8EA
S21400BAD00C2B22B9049B3B60039B1A60D8E75846A0
S21400BAE0009924F012FE4A465846009924F00DFEAE
S21400BAF00134ECE713F8011B0029CCD14FF02001EC
S21400BB0003F8011CC7E700BFF7B303007FBC0300C0
S21400BB102DE9F047002486B01C60DDE90EA8064635
S21400BB2089468AF800401168154888F8004017468C
S21400BB301D468DF81740FCF7A5F818B901242B68A8
S21400BB4001332B600020D6F89C6036B914B101236F
S21400BB5088F8003006B0BDE8F087B06868B14B469C
S21400BB600021CDE902A8CDE900750DF1170225F0F8
S21400BB700EFF9DF81730002BE8D13668E5E700BFCA
S21400BB80FCB303002DE9F0470446ADF5447D802262
S21400BB90002104A802AF0FF015FD80222046009772
S21400BBA003AB04A9FFF7E0FE01283DD104A80FF07F
S21400BBB005FC03993B68461A0B4426EAE6762344BE
S21400BBC0054604A83246014418460FF08BFE0022B4
S21400BBD08255D4F89060039B3968D4F890201944B5
S21400BBE0B14212DCD4F89410E81A0244C4F890204B
S21400BBF0014404AAC4F89410D41825182B1B002B53
S21400BC000DDC0DF5447DBDE8F087A05C26F05AF803
S21400BC10D4F8903001360133C4F89030DBE714F8DE
S21400BC20010B26F04FF8E9E7EBDD24AD802200217A
S21400BC3028460DF5887A0FF0C5FC0DF110094FF473
S21400BC400072002150460FF0BDFC4FF001084A4636
S21400BC50002312F8016BA6B904A84AF828300FF0A2
S21400BC60ADFB2946334698451CDB19F8016B0DF5EC
S21400BC70887C5CF8042B82420CD101F8016B0133FE
S21400BC80F1E7202E03F1010304BF4AF8283008F13B
S21400BC900108DEE70DF1100E7244D25CB242E8D025
S21400BCA00022EA54D4F89060039BB3422FDC23466C
S21400BCB02C4A04A92C4826F011F828460FF07EFBE3
S21400BCC00646039B3F68F61A1F4426EAE672E0190A
S21400BCD017441D44E11904F1900399423CD904F13C
S21400BCE09803984238D26A1E81190B1A002B27DD5A
S21400BCF012F8013F00F8013BD4F890300133C4F845
S21400BD009030D4F894300133C4F89430EDE7D4F88A
S21400BD1090300136E05C25F0D5FFD4F89030013342
S21400BD20C4F89030C0E7D4F89020013B0132C4F844
S21400BD309020D4F894200132C4F89420002BF2DC32
S21400BD4000232E44E355731B002B7FF75AAF15F8DC
S21400BD50010B25F0B7FFF6E729460FF0C3FD334683
S21400BD60ECE700BFD2B2030001B403002DE9F843AC
S21400BD70D0E9245604460F46002294F89830012B4A
S21400BD8007D10A2F07D1002384F898300020BDE899
S21400BD90F88300F29F801B2F01D10223F4E70D2FBA
S21400BDA00DD1012384F898300D2025F08BFF0A2052
S21400BDB025F088FF00230120C4E92433E7E74FF08D
S21400BDC00008082F84F8988034D1454530DDB54208
S21400BDD00FD1384625F076FF202025F073FF013D71
S21400BDE0384625F06FFF013E04F80580C4E9245666
S21400BDF0CCE7FBDA05F1FF39384625F063FF04EBA4
S21400BE000903A6EB0902611918460FF02DFC04F889
S21400BE1006800146013E484825F060FF35464D4500
S21400BE2001DC4D46E2E7082025F04CFF013DF6E731
S21400BE30ACD0DBE77F2F1CD1002EA7DDB542A5DAFC
S21400BE406319691C21441846721B0FF00DFC04F898
S21400BE5006800146394825F041FF0820013E25F0BE
S21400BE6031FFB542F9D1D4F89430013BC4F8943090
S21400BE708CE70A2F98D0092F03D12046FFF782FEC1
S21400BE8084E7D4F88C30013BB3427FF77FAFB542EE
S21400BE9004EB050805F101090CDB384688F800704C
S21400BEA0D4F89430C4F890900133C4F8943025F058
S21400BEB009FF6BE74146721B04EB09000FF0D4FB49
S21400BEC0404625F00BFF0820013E25F0FBFEB5425C
S21400BED0F9DDE2E7022B06D15B2F01D1032353E7FE
S21400BEE084F8982049E7032B7FF450AF413F84F84D
S21400BEF09820032F3FF64AAFDFE807F002070A163E
S21400BF000121204625F08FFE40E74FF0FF31F8E78D
S21400BF10B542BFF63BAF605D25F0D4FED4F8903056
S21400BF200133C4F8903031E7002D7FF72FAF013D85
S21400BF300820C4F89050BAE70AB4030004B8030017
S21400BF4008B50248FEF79CF9002008BD00B4C404FA
S21400BF5030B58BB06C46174D0FCD0FC40FCD0FC448
S21400BF6095E8030084E80300134BD3F84C21120332
S21400BF701CD5A3F5FE431C884FF6FF739C4208BFF2
S21400BF808C248DF81940FEF763FA204480F30800ED
S21400BF908DF818000948FBF70DFF6846FEF7C0F954
S21400BFA03220FEF75BFA00200BB030BDD3F85041CC
S21400BFB0E4B2E6E7984C04000080E00F00F0490287
S21400BFC00028ACBF00F16040064B4FEA0111C9B231
S21400BFD0ABBF00F5614000F00F0080F80013195465
S21400BFE0704700BF14ED00E008B52EF09BFA0B4B2F
S21400BFF01A7872B901221A702EF08FFA6FF00402C6
S21400C00010460132052152B2FFF7DAFF3D2AF7D17A
S21400C01008BDBDE808402EF080BA00BFA75B002030
S21400C020002807DB01234109034A00F01F00834074
S21400C03042F82130704700BF00E100E0054B421196
S21400C04053F8223000F01F0023FA00F0C04300F03F
S21400C0500100704700E100E0002808DB01224309E8
S21400C060034900F01F008240603341F823207047E8
S21400C07000E100E010B504462EF047FA024B1C60C3
S21400C0802EF03EFA002010BDBC3C002010B52EF06D
S21400C0903CFA034B1C682EF033FA204610BD00BF56
S21400C0A0BC3C002038B50C461546014610B9FFF7D3
S21400C0B0EDFF01462B46224603480EF093F9002872
S21400C0C0D4BF3720002038BD771E030008B500F027
S21400C0D0E3FB18B16A2102482EF019FB002008BDC8
S21400C0E00FB4030008B500F049F80C4A536A43F44D
S21400C0F070235362EFF308834FF0CD31084A043BB8
S21400C100934208D200F070FAFFF7E0FFBDE808405F
S21400C1100448FEF795BD43F80419F1E700ED00E08A
S21400C12008000020F44A040007B5042200200DEBA6
S21400C130020129F080FC042803D0D72104482EF001
S21400C140E6FA019800F0DCF903B05DF804FB00BFE6
S21400C1500FB40300082310B50C0A41400648C9B2C4
S21400C16041F30002013B024013F0FF0382EA510153
S21400C170F6D184EA010010BD2083B8ED38B5FEF78D
S21400C1803BFC044625F086F8E3072AD40122104635
S21400C190114600FA01F3234002F1010223D01D4BA1
S21400C1A033F811301C48062B028844881B4920D1DE
S21400C1B04FF20F039C4219D1B2F5406F28BF4FF4DF
S21400C1C0C0624CF23C330A80438040F201730A8816
S21400C1D09A4201BF124B134AD2E90001C3E900019B
S21400C1E015E00021DBE7102AD2D1DBE74FF4C0626E
S21400C1F0E7E740F20725AB420AD14FF20F05AC4203
S21400C20006D19A4204D14CF23C320B80428038BDB3
S21400C2100B80DAE75C4E0400B862002092560020DD
S21400C220C03C0020B0620020014B1888704700BF59
S21400C23092560020014B1888000A7047925600203C
S21400C240044B05481B881A0AB3F5406F38BF00EB4D
S21400C25082007047925600202C4E0400044B18882B
S21400C260044B020A53F82230C0B203EB800070473A
S21400C27092560020FC4D040010B504462EF049F9F5
S21400C2804FF20F02044B1C805A80BFF35F8FBDE84D
S21400C290104025F0BABD00BFB86200206D4A2DE9F7
S21400C2A0F0416D4B55686D4C5D65516A99656C49FA
S21400C2B0D1F80002D865D1F80412586B1966916A55
S21400C2C010F0040F5966D16A4FF000009966116BA2
S21400C2D0D966516B1967D26BD8645A67D3E90E12C8
S21400C2E018BF11465F4A91421A655DD301F12000DE
S21400C2F0A04259D88869C5F308051864CE69062D8A
S21400C3005E6455D1584DA84252D3584DA8424FD2DC
S21400C31005884DF6426085424AD11868C3F89000F9
S21400C3205868C3F8940040F20170A242154604D241
S21400C3302E680432B6F1CD3FF7D00022C3E91E22A4
S21400C340C3E92022C3E92222641BDFF81CC1434D47
S21400C350DFF818E19C648D422DD8D3E91EC7D3E9D7
S21400C3602065D3E922414FF0000E013AD2B2FF2AEF
S21400C3703CD1BEF1000F05D0C3E91EC7C3E9206556
S21400C380C3E92241B3F85430C3F308030C2B3BD85F
S21400C390022B54D9DA1E092A51D8DFE802F03157A9
S21400C3A0404350505050504D0021C3E910112D49C4
S21400C3B04FF42060B9E755F8044D6445CBD3744577
S21400C3C0C9D2E607C7D50026294F57F8048FA045DF
S21400C3D0C1D00136062EF8D132B1013AD2B202F1FE
S21400C3E01E0643F82640B6E70522F8E7E0464FF07B
S21400C3F0010EBC4637462E4625460C464146B4E757
S21400C40040F60120BDE8F0813B2B18D1194B9B6903
S21400C41013F0020F40F2025318BF1846F2E740F638
S21400C4200320EFE740F6042240F20173B0F5206FD8
S21400C4300CBF10461846E5E740F60520E2E740F652
S21400C4400722013B4B2B98BF1046DBE740F6022045
S21400C450D8E700BF00ED00E02062002008100020B2
S21400C46000E100E008000020D042000020AB0300FE
S21400C470946200200080015A00F00CB800F00AB860
S21400C48000F008B800F006B800F004B800F002B8F3
S21400C49000F000B872B61EF0080F09D01EF0040FA8
S21400C4A00DD0DFF850E0AEE8FF1F6FF002000CE0A2
S21400C4B0DFF840E0AEE8FF1F6FF00E0005E0DFF8A3
S21400C4C034E0AEE8FF1F6FF006006946EFF309821E
S21400C4D08EE8070086460848084C854501D3A545E2
S21400C4E001D384F30888FFF7D9FE84F30888FFF7A2
S21400C4F0C3FE000020620020480000200810002034
S21400C5004BF6EF6283B2002B08BF1346044A000CBA
S21400C51013804FF6CE2308BF1846024B188070478C
S21400C520BA6A0020B86A00200B4BB3F900201888BE
S21400C530002AB8BF80F0620042001A80074AB2F9AB
S21400C540001013880029BCBF83F4805383F00B03CC
S21400C5505900118058407047BA6A0020B86A002017
S21400C56007B5684600F01AF8DDE900010022034B23
S21400C57003B05DF804EB25F044BF00BFC83C0020C4
S21400C58007B5009313460A460146034825F0EDFC1E
S21400C59003B05DF804FB00BFC83C00200249034A14
S21400C5A00160521A42607047806B00200000012034
S21400C5B000487047C83C002038B5416004462DF05E
S21400C5C0A4FF05462146044824F07BF82846BDE82B
S21400C5D038402DF095BF00BFF03C0020014824F005
S21400C5E06DB800BFF03C00200222014B1A6770476E
S21400C5F00040005070B52DF088FF174E05461748CE
S21400C6002EF02EF83378CBB900F046F9044620B168
S21400C61028462DF075FF204670BDFFF7DFFF2EF091
S21400C620E9F80F4B1C602CF0C1FD0E4B0E4A18604B
S21400C630536F43F00103536725F0FFFE00F028F820
S21400C64025F012FF094B002418600123284633709A
S21400C6502DF056FFDFE700BFB35B0020D44C04008C
S21400C660F43C00201C3D002000400050F83C002018
S21400C670054B1B685843054B00F5742000F23F201D
S21400C680B0FBF3F0704700BF1C3D002040420F0097
S21400C690294B2A4AD3F8003170B503F00303136020
S21400C6A02CF01AFB4FF4C870FFF7E2FF0022244B71
S21400C6B024491860244C0B680132D2B20A2A44F886
S21400C6C0040BF9D1034400EBC00003440B601F4B7E
S21400C6D01F4D1B7813B3184BD3F8003103F0030338
S21400C6E0022B22D0032B23D0012B17D12CF08CF851
S21400C6F0024698B1174B184EDC6800231946C4F35F
S21400C7000B04013404EB84040138E4FB06010EF04C
S21400C710EDFBFFF7ADFF2B6803442B601F20FFF7F0
S21400C720A7FF2B6803442B6070BD2CF0B7F8DFE73B
S21400C7302DF0FEFEDCE700BF008000505C3D0020D0
S21400C740203D0020243D0020283D0020B75B00202F
S21400C750543D002000C0015040420F000122154BFE
S21400C76010B55A67144B154C1B7813B302202EF0E5
S21400C77032F8F0B12CF0A0FDD8B1A36DD90302D5E4
S21400C780E36D9A0715D40D4B9B6DDB0711D4012280
S21400C7900B4B1A702EF013F8BDE81040094B0A4AEE
S21400C7A01860136F23F0070343F0030313672CF09E
S21400C7B011B810BD00D00050B85B002000C000507B
S21400C7C0B55B0020503D0020008000500122014B48
S21400C7D01A707047B85B002007B5FFF7C1FE01A8C6
S21400C7E0FEF778F99DF80530012B25D1234B9A6D7D
S21400C7F0D20311D45A6B6FF3162242F4BC1242F4E1
S21400C800A0625A631A6B22F4704242F440421A63E2
S21400C8101A6B42F4E0621A639DF8043063B94FF075
S21400C82000531B68164B1B68164B1B68164B1B6881
S21400C830164B1B68164B1B68164AD2F8803043F01E
S21400C8400303C2F8803025F017FEFFF7CDFBFFF795
S21400C85077FBFFF77DFB0DF00FFEFFF7CBFE00F03A
S21400C8601BF825F00AFEFFF73DFC25F015FE28F024
S21400C87012FF03B05DF804EB25F000BE00C00050C8
S21400C880004000200080002000C0002000000120A2
S21400C890004001200080005070B52DF043FE144E7D
S21400C8A005463478FCB9134B1C60134B1C60134BC5
S21400C8B01C6000F031F801202CF0ECFD2CF0DEFDC1
S21400C8C00F4B0246186020B928462DF026FE23207E
S21400C8D070BD234640F2E7310A480EF007FB0A4BCC
S21400C8E018600123337028462DF017FE0020EFE76E
S21400C8F0BB5B00206C3D0020683D0020743D00209E
S21400C900703D002018FCFFFF643D0020014B1868B6
S21400C910704700BF643D00201FB50024184B186800
S21400C9209A880290D3F806009B7A00901548ADF8D6
S21400C9300C208DF804302DF093FE02A88DF80840E8
S21400C9408DF80C40FEF7A2F8694601208DF80040ED
S21400C950FEF760F81F220C4B9A615A614FF0B04206
S21400C960936A13F00803FBD113620120FEF76CF8FC
S21400C9700A20FFF771FB0A20FFF752FB04B010BD38
S21400C980854E0400CC4C04000020005810B52DF055
S21400C990C9FD4FF0B04304465B691A07074A03F027
S21400C9A0010003F00D0348BF40F0020053612CF075
S21400C9B099FC2046BDE810402DF0AFBD0020005881
S21400C9C021282DE9F341054604D82C46204602B01E
S21400C9D0BDE8F08100240B4E0B4FDFF830800023BB
S21400C9E0CDF800801A461946386824F0B3F9844218
S21400C9F0EBD2222CE9D056F8043BAB42E6D0013409
S21400CA00EDE700BFA4510400BC650020FFFF0F0047
S21400CA102DE9F04F644E654D89B025F089FD3168EB
S21400CA202868FCF74DFB0446002827D0336800240E
S21400CA30D3E900019A6912689047336804A89B6995
S21400CA409B689847336802209B69DB689847326882
S21400CA5005985368E7B2B3FBF0F3BB42916904F163
S21400CA6001044ED8CB680020984733689B695B6802
S21400CA70984731682868FCF723FB04460027DFF850
S21400CA8044A1DFF84481DFF84491F4B9484B2868A4
S21400CA90DB5D002B00F08380D8F8006002AB3146E7
S21400CAA003AAFCF78FFC2D2807D070B9039B012B37
S21400CAB00BD031462868FCF7D9FEDAF8003031464C
S21400CAC01A682868FCF752FE04460137222F0AF13E
S21400CAD0040A08F1040809F10109D6D1B4FA84F36E
S21400CAE0344A5B0913702B681B7C33B125F0ECFCD1
S21400CAF018B1DB2130482DF00AFE204609B0BDE80B
S21400CB00F08F12680B6907FB002098479FE7D8F85C
S21400CB10003003AA194402AB0191FCF753FC2D2800
S21400CB20034601992BD0286813B30BF1010B5FFA6B
S21400CB308BF18E422868EAD8204BDB5D002BC4D0F0
S21400CB40F3B27E2B2868C0D8D8F8003003AA06EBCC
S21400CB50030B594602ABFCF735FC2D28B5D05946D9
S21400CB602868FCF783FE013604460028E8D0ACE7C8
S21400CB70039B7BB999F80020029B9A42D5D099F87E
S21400CB800030DAF800202868FCF7EAFC0028CCD051
S21400CB900446D1E70191FCF769FE0199EFE7084BDF
S21400CBA0A346DE5DC3E700BF9C650020BC65002091
S21400CBB080510400BD5B002096B403005E51040063
S21400CBC01A510400904E0400A45104003C51040085
S21400CBD0F8B51F46214B04461B780D46164623B172
S21400CBE000F47E23B3F50E2F2BD02046FFF7E8FE89
S21400CBF02128044614D81A4B53F82010194B1B78DA
S21400CC00ABB1194B212C18681DD8184B1B5DD3B13E
S21400CC103268FCF7ABFD044650B125F054FC07E043
S21400CC20FF2807D93A46314680B225F060F900243D
S21400CC302046F8BD4FF4A9710D482DF068FD00217F
S21400CC40DCE70146DAE77F2D08BF00253B46324683
S21400CC5051FA85F1FCF784FCDDE700BFBC5B0020E1
S21400CC60A4510400BD5B0020BC6500208051040078
S21400CC7096B4030030B5134600F07E62B2F17E6FC4
S21400CC808BB00DD10A46C0F30B016846FEF71AFAC0
S21400CC9020B140F2931109482DF039FD0BB030BD9C
S21400CCA05A0825F013FC0028F8D04FF49C7103486E
S21400CCB00BB0BDE830402DF02ABD00BF27B50300FD
S21400CCC02DE9F743C70705460E46144604D540F23D
S21400CCD0E31149482DF01BFDE10704D54FF4F2712E
S21400CCE045482DF014FD454B93F80080B8F1000F31
S21400CCF020D043F260239D4208D122463146404868
S21400CD000EF0F0FD002003B0BDE8F083C5F30B077E
S21400CD1005F44055B5F5805F14BF4FF40F204FF46F
S21400CD200E20234632467F21384303B0BDE8F04349
S21400CD30FFF74EBF05F47043B3F5805F3FD1C5F3F0
S21400CD400B05304A05F17E65631E2B44934230D8AE
S21400CD502F46DFF8A49007EB0408474542D1AA0700
S21400CD600ED04FF6FF7336F8022BA81E43EA024396
S21400CD7004220DEB02010193FFF77CFF0235023C13
S21400CD80A3070ED0023C24F00103F35A04226FEAF4
S21400CD9003436FEA13430DEB020128190193FFF7D3
S21400CDA069FF002CAED0224631462846FFF762FFC8
S21400CDB0A8E740F2FD1110482DF0A9FCC8E705F4DD
S21400CDC06043B3F5005F04D1C5F30B0505F53E25BA
S21400CDD0BEE740F2052108482DF099FC6FF00F07DA
S21400CDE04546B6E717F8013BFF2BB6D04FF4047163
S21400CDF048462DF08CFCB0E727B50300BC5B00204E
S21400CE00BC6A0020FF03E00F10B500F077F825F0AD
S21400CE10A9FB044618B100F079F8204610BD00F0D2
S21400CE207BF804460028F6D10122014B1A70F2E77F
S21400CE30BE5B0020054B1B7833B1054BC0F31301D6
S21400CE4000221868FCF7D6BC11207047BE5B002095
S21400CE50BC650020144B2DE9F0411B7805460E46B4
S21400CE601746FBB125F065FB012805D9841EE4B200
S21400CE70012C09D9212412E03B4631462846BDE85C
S21400CE80F041002200F052B800F038F83B4600228D
S21400CE903146284600F076F8044600F037F820467B
S21400CEA0BDE8F0811124FAE7BE5B0020124B70B596
S21400CEB01B7804460D461646E3B125F03AFB0128DA
S21400CEC005D9831EDBB2012B08D9212410E0324697
S21400CED029462046BDE8704000F040B800F00EF845
S21400CEE020463246294625F03FFB044600F00EF861
S21400CEF0204670BD1124FBE7BE5B002008B52DF070
S21400CF0004FB014B186008BD783D0020014B1868F3
S21400CF102DF0F6BA783D0020024B1968024B1868CF
S21400CF20FCF7CEB89C650020BC65002037B50546EA
S21400CF300C46C0F313010848ED02006805D52246EA
S21400CF4003B0BDE83040FCF709BA0093134622460A
S21400CF50FCF7BEF903B030BDBC65002030B4054612
S21400CF601346074A0C46C0F313011068EA0203D5BD
S21400CF70226830BCFCF7FABB224630BCFCF7F0BA9D
S21400CF80BC650020F7B505460F4614461E461BB97D
S21400CF902125284603B0F0BD0029F9D025F0C9FAAE
S21400CFA04BF23462ABB2934220D14FF0FF332246AD
S21400CFB06946CDE9003325483346FFF7E3FF0822EC
S21400CFC00546234968460EF049FE38B933462246E0
S21400CFD0694641F2F010FFF7D5FF0546002DD8D17F
S21400CFE03246694638460EF07DFCD2E741F2F01232
S21400CFF093420FD1174B311908299A6CDB6CC7D8AE
S21400D000CDE9002332460DEB040138460EF06AFCEB
S21400D0100025BEE702280BD1C5F30C433219934214
S21400D020B6D3C5F30B0104F17E6432462144ECE727
S21400D030032809D1C5F30C4332199342A8D3C5F38C
S21400D0400B0104F53E24F0E70125A2E7021008C014
S21400D050305204000080E00F10B527F0E5FC28F001
S21400D0607CFDBDE81040034601210220014A02F083
S21400D0700BBC00BFBEB5030013B5D0E9023253F8AF
S21400D08022301C78204627F0E1FC23460090012140
S21400D0900220024A02F0F8FB02B010BDD2B503002F
S21400D0A0014B187827F0BAB8BF5B0020FF232DE9A4
S21400D0B0F04F8FB01122002108A88DF813300EF023
S21400D0C081FA08A826F06AFA01210220B04A08ABC5
S21400D0D002F0DAFB41F24903AE4A0121022002F0D7
S21400D0E0D3FB06A826F089FB08A90DF1130026F04D
S21400D0F08FFB02200021A84A02F0C6FB002027F082
S21400D100BEF810B106A809F047FE9DF92A300121A5
S21400D1100220A24A00939DF82B3002F0B5FB27F0C0
S21400D1207FFC831EDBB2FC2B054631D80121022092
S21400D1309B4A02F0A9FB01249A4E9B4FDFF8D0824F
S21400D140234632460021022002F09EFB05A9E0B2EB
S21400D15027F068FC034650B1A0F11602012A40F2FF
S21400D160AA8042460121022002F08EFB0CE09DF9C7
S21400D17014303A4601939DF81630012100930220A0
S21400D1809DF8153002F080FB0134E3B29D42D7D8FB
S21400D190BDF8284008F0ECF923460021834A0090A9
S21400D1A0022002F071FB02200021814A02F06CFB93
S21400D1B0002027F064F810B108A809F0EDFD012161
S21400D1C07C4A022002F060FB27F086FB044627F02C
S21400D1D081FB23460121784A0090022002F054FB8E
S21400D1E008F09EFE00210220744A02F04DFB9DF8D6
S21400D1F01330FF2B65D000210220714A02F044FB59
S21400D20001216C4A022002F03FFB26F006FB0121BA
S21400D21003466C4A022002F037FB08F081F9002131
S21400D2200346694A022002F02FFB26F0FCFA044669
S21400D23026F0FBFA23460121644A0090022002F001
S21400D24023FB2DF071FA08F013FF01210346604A14
S21400D250022002F019FB0025DFF8B88108F008FF6D
S21400D260ECB2A04233D82DF05FFA0123594A194692
S21400D270022002F009FB002026F0D0FF564B574C48
S21400D2800093012100230220554A02F0FDFA23688C
S21400D29063B1012102201B78524A02F0F5FA236896
S21400D2A0012102205B78504A02F0EEFA26F0BBFF1E
S21400D2B00FB0BDE8F08F012102204C4A02F0E4FADC
S21400D2C062E7002102204A4A02F0DEFA98E7494B5C
S21400D2D0204603EB0416D6F8089008F083FF824633
S21400D2E0204608F0CBFE444F00280CBFC346BB4682
S21400D2F0204608F077FF0AF031FD002808BF4746B1
S21400D300534600210220CDE900B73C4A02F0BCFAA1
S21400D310B37901210293B388022001937388384AB7
S21400D3200093337B02F0B0FA0026DFF8ECB099F8F1
S21400D3300430F4B2A34203D82DF0F6F901358DE798
S21400D34014235C43D9F8007002203A5B07EB040A0A
S21400D3509AF90C3000922B4A002132EA230228BFA9
S21400D3605A461346284A02F08FFA002026F087FF16
S21400D37038B150463C5B26F0BFFA014620460AF01C
S21400D3803BFD01210220214A02F07EFA0136CEE75B
S21400D39013B6030022B603003EB603006AB60300C7
S21400D3A045B603005BB6030062B6030097B60300FB
S21400D3B0B7B6030001B70300C0B60300E2B6030029
S21400D3C044D70300EDB6030003B7030019B7030004
S21400D3D02FB70300A8B70300C0B7030074420020AD
S21400D3E0B4B70300CEB70300E2B703007FB603006E
S21400D3F09FB30300A8410020EAB503003AB7030034
S21400D4005AB7030007B6030090B7030093FF030064
S21400D4108AB60300F2B50300FBB503002DE9F74317
S21400D4200025134EDFF8588008F022FEECB2A0422A
S21400D43002D803B0BDE8F0832701204616F807900F
S21400D44008F01CFE0B4A4B46002808BF4246002147
S21400D45002200092084A02F017FAF05D26F0E9F979
S21400D46001210220054A02F00FFA0135DCE700BF71
S21400D470A84100202C060400FDB7030093FF03001C
S21400D4803606040008B583685A681178C26853F8EF
S21400D4902230A1F1650251425141187808F0A4FFEC
S21400D4A030B9BDE8084001210220024A02F0ECB97A
S21400D4B008BD00BF08B8030000210220014A02F0A0
S21400D4C0E3B900BF22B8030000210220014A02F09F
S21400D4D0DBB900BF50B8030010B5044686B018226A
S21400D4E0002168460EF06EF8684626F017FED4E96E
S21400D4F0022052F8203002EB80021B788DF80B30A9
S21400D500516891F900108DF80A1091680988ADF8F5
S21400D51008106168091A032907DDD26803F01F03A3
S21400D520127843EA42138DF80B30684608F0CEF8BE
S21400D53000210346024A022002F0A6F906B010BDFA
S21400D5406CB8030007B5002027F02EFA00210090E3
S21400D550034B0220034A02F097F903B05DF804FB80
S21400D56079B803007FB8030013B5D0E9023253F848
S21400D570221003EB82035B68087819680023094CC5
S21400D580A222994208BF2146C01A18BF012027F0E0
S21400D590FFF901210090044B0420044A02F074F9BC
S21400D5A002B010BD00F8FF078AB8030098B9030060
S21400D5B013B5D0E9023203EB820153F82230D1E9E9
S21400D5C001141878FF22003818BF01202378096854
S21400D5D027F0DEF901210090034B0420034A02F0F5
S21400D5E053F902B010BD00BF91B8030098B903000C
S21400D5F008B5002101230C4A27F04FF80A4826F008
S21400D600AFFD0020094909F05FFC002026F037FE38
S21400D61010B1054809F0C0FBBDE808400121042010
S21400D620034A02F031B900BFF1600020A6B803003B
S21400D63093FF030010B526F0FAF8034630B1BDE8B4
S21400D640104001210420054A02F01EB90121BDE860
S21400D65010400420024A02F017B900BFB4B8030015
S21400D660C5B8030010B526F07DFDBDE810400346A2
S21400D67001210220014A02F007B900BFD0B803001A
S21400D68010B526F041FDBDE81040034601210220FA
S21400D690014A02F0F9B800BFE6B8030037B5D0E992
S21400D6A00232012453F822304FF6FF701D78FE2216
S21400D6B004FA05F1002327F0D7F92B4600902146FF
S21400D6C00420024A02F0E0F803B030BDFAB80300C6
S21400D6D0D0E9023253F822301B7823B10121022010
S21400D6E0024A02F0D1B8024A1370704719B9030013
S21400D6F0BF5B002007B5684626F07FF807F038FFC6
S21400D70001210346084A022002F0BEF8684609F0E6
S21400D71043FB08F0A1F901210346044A022002F067
S21400D720B3F803B05DF804FB2FB9030049B9030052
S21400D73037B5D0E90245406854F82530401B032829
S21400D740D8BF002004EB8504C8BFE068197863687A
S21400D750C8BF00781A78A36893F9003000900120BB
S21400D76027F006F938B901210220084A03B0BDE8BF
S21400D770304002F089B8064B019000930121022048
S21400D780044B054A02F080F803B030BD5AB90300D6
S21400D79062B9030036E8030076B9030007B5012036
S21400D7A027F0EEF848B9009001210220084B094AFC
S21400D7B002F06AF803B05DF804FB054B0190009395
S21400D7C001210220044B054A02F05EF8F2E700BF92
S21400D7D062B903008DB903001B14040076B9030078
S21400D7E008B5D0E9023253F82230187827F07AF8D4
S21400D7F030B9044A0121BDE80840042002F044B8CC
S21400D800014AF7E7A2B90300BEB9030008B5D0E99C
S21400D810023253F82230188827F062F830B9044AEA
S21400D8200121BDE80840042002F02EB8014AF7E7BF
S21400D830DDB903000DBA030073B50378044613F090
S21400D840050F0ED04588062D17D1836801215B6829
S21400D850174A1B780193838804200093154B02F027
S21400D86013F82378012B20D001210420114B124AF3
S21400D87002B0BDE8704002F007B835B983880121D0
S21400D88004200E4A02F000F8EBE7012DE9D1866885
S21400D8900B49002009F018FB304609F07DFA2946AE
S21400D8A00420084A01F0F0FFDBE702B070BD00BFBD
S21400D8B043BA03003ABA030095BA030060BA0300FD
S21400D8C07DBA030093FF03002DE9F04F00268FB0CA
S21400D8D0364D09AC0FCD0FC42B6801210220344A07
S21400D8E0236001F0D1FF3446DFF8DC9025F099FF85
S21400D8F0F5B2A8420BD825F094FF234600900121EC
S21400D90002202C4A01F0C0FF0FB0BDE8F08F284679
S21400D91005A926F0D1FF0346002841D19DF8143012
S21400D920032B39D904238DF814302B46002102200E
S21400D930214A01F0A9FF9DF814300EAA02EB8303DA
S21400D94000214A4653F8143C022001F09DFF284669
S21400D9509DF821A09DF815B09DF81870BDF81680AA
S21400D96026F0ACFF5346CDE9028000210220CDE927
S21400D97000B7124A01F088FF01340020E4B226F016
S21400D9807EFC18B10DF1190009F006FA00210220FC
S21400D9900B4A01F079FF01E0002BC6D10136A5E75E
S21400D9A000210220074A01F06FFFF7E73852040013
S21400D9B0A7BA030020BB03005DB60300D4BA030079
S21400D9C070AE0300FBBA0300A7C50300C3688268F5
S21400D9D0013BDBB252F8233002201B78652B14BFC4
S21400D9E000220121044B1BBF01211A70034A044A7E
S21400D9F008BF197001F048BF236B002037BB030037
S21400DA0045BB0300D0E9023253F822301A88014B96
S21400DA101A807047BE6A002007B5D0E9023103EBD2
S21400DA20810253F8213052681988054B0548128840
S21400DA3000930088012309F0A3FE03B05DF804FB01
S21400DA4039D80000BE6A0020C3688268013BDBB29A
S21400DA5052F823305B78A3F1660253425341014AE1
S21400DA6013707047266B002030B5D0E9023253F8A9
S21400DA70223089B01D78012302AA1946044626F0F2
S21400DA800CFE01230093102302210DEB0302204617
S21400DA9026F0E4FD284604AA02A926F0FFFF044665
S21400DAA0002026F0ECFB18B12146044807F0F0FDF4
S21400DAB00020034909F0EEF909B030BD54BB03005D
S21400DAC093FF0300002330B58FB00221009309AA0C
S21400DAD01223054626F0C2FD05AA014609A807F04E
S21400DAE0B5FB044698B1232805D1134A012104202A
S21400DAF001F0CAFE09E0212801D1104AF6E70346E4
S21400DB00012104200E4A01F0BFFE0FB030BD0123F4
S21400DB102846194603AA26F0C0FD05A903A826F044
S21400DB20BFFF0546204626F0AAFB18B12946054841
S21400DB3007F0AEFD044AD9E761BB030084BB0300CF
S21400DB40BFBB0300E0BB030093FF0300F0B5D0E9C2
S21400DB50023253F8221003EB82039B6805461F78B7
S21400DB6087B038460E7826F06AFB044608BBD5E92F
S21400DB70022101238DF80830194452F8210002EBE7
S21400DB80810200888DF809709268ADF80A00127854
S21400DB9004218DF80C2028460DF10D0226F07DFD9F
S21400DBA0304602A98DF8154026F08AFE044626F077
S21400DBB03AFB334601210420024A009401F064FE39
S21400DBC007B0F0BDF5BB03002DE9F04101218EB092
S21400DBD00220274A01F058FE002005AB01AA09A939
S21400DBE026F056FF00250446224E234FDFF8988085
S21400DBF01CB128460EB0BDE8F08102202B46324606
S21400DC00214601F041FE204626F039FB10B10AA855
S21400DC1009F0C2F83A46002102209DF8303001F0A3
S21400DC2033FE424600210220079B01F02DFE002114
S21400DC300220BDF82030114A01F026FEBDF814304F
S21400DC4000210F4A022001F01FFE013501A826F030
S21400DC5011FBEDB2012102200A4A01F015FE28460A
S21400DC6005AB01AA09A926F013FF0446C0E700BFCA
S21400DC7027BC03006DBC030075BC030063D703001C
S21400DC808ABC030093FF030081BC03002DE9F04724
S21400DC90064698B0C0B925F0C2FD074600250EA876
S21400DCA026F000FF01210220384A01F0EDFD2C4647
S21400DCB0DFF8E080DFF8E090DFF8E0A0BC4205D3B4
S21400DCC0284618B0BDE8F0870127E7E713A826F036
S21400DCD0E9FE002E4CD0022306A913A88DF84C307E
S21400DCE0FE2426F0D1FE00283FD102A913A826F074
S21400DCF0D1FE9DF8593043F001038DF85930002EBF
S21400DD003DD1234631460220214A01F0BDFD9DF853
S21400DD1059300AA943F0010313A88DF8593026F0AC
S21400DD20B9FE002026F0ABFA10B114A809F034F8BA
S21400DD300C9B42460021022001F0A6FDBDF82820DB
S21400DD40002112F4007F0CBF4C23412312F0100F69
S21400DD500CBF6E227922022000924A4601F094FD02
S21400DD6006A826F087FA0135EDB20134E4B2A5E73D
S21400DD7020460AAB06AA13A926F088FEB3E7524649
S21400DD800021022001F080FDC1E700BF94BC030023
S21400DD906DBC030081BC0300D0BC0300C9BC0300FB
S21400DDA030B5012499B00EA826F07CFE13A88DF895
S21400DDB0384026F015FEC0B9BDF84C1011EA04052F
S21400DDC013D121460220444A01F05EFD2946022076
S21400DDD0424A01F059FD214602203F4A01F054FD17
S21400DDE0214602203C4A01F04FFD06A90EA826F067
S21400DDF04BFE20B11022FF2106A80DF0E3FB04A87D
S21400DE0026F04AFE059B01210220354A0093354B39
S21400DE1001F03AFD9DF8123001210220324A0093AB
S21400DE20304B01F031FD00212E4B304A022001F02C
S21400DE302BFD06A826F01EFA13A826F033FE0223B2
S21400DE400AA913A88DF84C3026F024FE00283FD1EE
S21400DE500B9B009301210220254B264A01F014FD5E
S21400DE600121234B244A022001F00EFD0120FFF77A
S21400DE700DFF01211E4B214A022001F005FD002066
S21400DE80FFF704FF044625F0CAFC23460090012154
S21400DE9002201B4A01F0F8FC01211A4B174A022007
S21400DEA001F0F2FCFFF790FE1749022803461748D8
S21400DEB0174A28BF0A46084928BF01460092CDE9FE
S21400DEC0013102200121134A01F0DEFC19B030BDF9
S21400DED04FF0FF33BDE700BF93FF0300E3BC030032
S21400DEE021BD030019BD030031BD0300C0E60300D9
S21400DEF0EDF4030044BD030054BD03005BBD030006
S21400DF0064BD030078BD0300DFBC03002ADC030009
S21400DF107CDC030086BD030010B5D0E9023253F85E
S21400DF2022301C78201E18BF012026F045FD054A29
S21400DF30054B0020002C18BF1A46BDE810400349C8
S21400DF4008F0A8BFB3BD0300AEBD0300BCBD030010
S21400DF50D0E9023210B553F822301C88204626F04D
S21400DF602DFD2246BDE810400020014908F092BF72
S21400DF70FDBD030037B5044607F0D2FA014638B1B6
S21400DF8000200D4A0D4903B0BDE8304008F082BFBE
S21400DF90E368A268013BDBB252F8233008481D78DC
S21400DFA00123084A00936C2D08BF02461023204622
S21400DFB026F054FB03B030BD4BBE030053BE030037
S21400DFC00C6B0020FC6A002013B583689A681278F0
S21400DFD0672A22D101A826F003FD0446A8B9BDF899
S21400DFE00420174908F056FFBDF80430DA070AD4B3
S21400DFF013F0020F134B144A18BF1A461349002099
S21400E00008F048FF19E0124AF8E7024611490020D6
S21400E01008F040FF22461049F1E7C26801A953F80C
S21400E020220003EB82035B6800681B68ADF80430CF
S21400E03026F0DCFC04460028ECD102B010BD00BF80
S21400E04086BE030079BE03001DE80300A7BE0300DA
S21400E05069BE0300B9BE0300E5BE0300034A0449D7
S21400E0601388C85401331380704700BFA25600209F
S21400E070C55B002073B5154D01242B78144E13F0A4
S21400E080040F0CBF02230423124A21461470328860
S21400E09002200192EB5C104A0093104B5B8801F063
S21400E0A0F3FB002102200E4A01F0EEFB0D4B294641
S21400E0B0009332882346022001F02CFC21460220E1
S21400E0C0094A02B0BDE8704001F0DEBBC55B002027
S21400E0D0A2560020C45B0020F4BE03009456002025
S21400E0E019BF03003BBF030093FF030070B516463D
S21400E0F04FF48A52114B124DDA805980114B1B880F
S21400E1001A1E18BF012240EA82000F4A1278003A0F
S21400E11018BF012240EA0210287063B103246B7016
S21400E1201B0AAB7009F088FE631C2855EE54074B9B
S21400E13002341C8070BD0124F4E700BF9456002012
S21400E140C55B0020A0560020C35B0020A25600201E
S21400E15038B5D1E902320C46054653F8223002465D
S21400E16019880C4B1878FFF7C1FFE368A2680133E3
S21400E17052F82330188824F039FA4DB1E368A268C3
S21400E180023352F823301878BDE83840FFF766BFF0
S21400E19038BD00BFC05B0020F0B50546EB68AA6836
S21400E1A0023352F8233008461C78294685B0FFF71C
S21400E1B0CFFF204625F08CFB204E214F78B320461B
S21400E1C025F092FB0321441C03AA284623F075FA87
S21400E1D03288E4B2C2F1FF0303991B1B9BB28B4249
S21400E1E022443CBFC2F1FF030393012303210093A3
S21400E1F03A449DF80C30284626F030FA039A022C52
S21400E200338804BF0F48110AFA5408BFC154134498
S21400E2101C44348005B0BDE8F040FFF72BBF204615
S21400E22007F086FE01233288044600930321034646
S21400E2303A44284626F012FA3388E9E7A256002028
S21400E240C55B0020C65B0020052307B501210093AF
S21400E2500220044B044A01F017FB03B05DF804EB00
S21400E260FFF79EBD22BF030029BF030013B5044677
S21400E27026F0B2FB38B1CDE9004001210220034B65
S21400E280034A01F001FB02B010BD00BF4BBE030005
S21400E29040BF0300194B37B51B783BB9012102205C
S21400E2A0174A03B0BDE8304001F0EEBAD0E90232BA
S21400E2B0144C53F8223001211D7863880220009305
S21400E2C0114A2B4601F0E0FA104B25711B78104DD1
S21400E2D063B1012102200F4A01F0D6FA20460E4A09
S21400E2E0298803B0BDE8304025F093B820460A4A96
S21400E2F0298803B0BDE8304025F04DB9C45B002046
S21400E30057BF03009456002065BF0300C15B002082
S21400E310A25600207CBF0300C55B00202DE9F0411B
S21400E320D0E9023253F8221003EB82035A680C78C5
S21400E33017889A68DB68B2F80080C6B01D7800219E
S21400E340304B0220304A0094CDE9017801F09CFA67
S21400E350002D0CBF6E237923012102202B4A01F0E9
S21400E36093FAFF23002D0DF1170606AD0193204604
S21400E3700CBF80234023424639460296009525F07E
S21400E380EDFD0446002835D1307825F0A7FA07467B
S21400E390B0B1284625F032FF1D4BFD28A8BFFD2052
S21400E3A00093234682B20DF11901022001F0B2FA61
S21400E3B001210220174A01F067FA46B0BDE8F08155
S21400E3C0307825F091FA60B1284625F01CFFFD282C
S21400E3D0A8BFFD200E4B82B200930DF11A013B46FA
S21400E3E0E3E7307807F0A4FD0B4B0246009329467E
S21400E3F00123DAE7009001210220084B084A01F0C9
S21400E40043FADAE789F5030096BF0300BBBF0300B3
S21400E4104109040093FF03003BBF030043C8030009
S21400E420C5BF0300D0E9023253F8221003EB820383
S21400E4302DE9F04F5A680F78B2F800809A68C7B096
S21400E440B2F80090DA681B6992F800A01E780021E6
S21400E4502F4B304A0446CDE901890220009701F08F
S21400E46013FABAF1000F0CBF6E23792301210220A4
S21400E470294A009606AD01F007FAFF220021284639
S21400E4800DF0A0F8304625F029FA834608B300239D
S21400E490052100932046FD230DF1190226F0DEF833
S21400E4A02870BAF1000F0CBF802340234A4641462D
S21400E4B03846CDE9005625F01CFD0146144807F005
S21400E4C0E7F801210220154A01F0DEF947B0BDE861
S21400E4D0F08F304625F008FA60B1FD23052120466E
S21400E4E0CDF800B00DF11A0226F0B8F885F801B0A4
S21400E4F02870D6E70590304607F01AFD059A0346C1
S21400E500009205212A46204626F0A8F8C9E700BF53
S21400E5107CF5030096BF0300D6BF030093FF0300FD
S21400E5202DE9FF471C465B68E5685B1B00255FFA24
S21400E53083F803952E46FFF7D9FDEBB298450BD925
S21400E5400C9B9B5D282B39D8202B00F2CB80013604
S21400E550F6B2002B40F0C980FFF78CFD04B0BDE892
S21400E560F087132A2FD801A151F822F033E60000D5
S21400E57045E6000057E600008BE6000059E500007F
S21400E58059E5000059E5000059E50000C7E5000020
S21400E590C7E50000C7E50000C7E50000C7E50000C6
S21400E5A0C7E50000C7E50000C7E50000C7E50000B6
S21400E5B0C7E50000D7E50000B1E60000A3F1310290
S21400E5C0D1B21329CDD90136F6B2A3F14102032AFE
S21400E5D0C2D8422B6CD06C4F00213A88DFF8B0A12D
S21400E5E0C2F1FE039BB2FF2B28BFFF23013200912E
S21400E5F0DBB22046524469B226F00CF83B880AF893
S21400E600030001331844388011E04FF00409E36832
S21400E610A2682B4452F823301F68F8B209F1FF397C
S21400E620FFF71CFD19F0FF094FEA1727F5D1013552
S21400E63083E7E368A2682B4452F823301878FFF784
S21400E6400DFDF4E7E368A2682B4452F823301888DF
S21400E65023F0CCFFEBE7E368A2682B4452F82330A4
S21400E6601F68B7F1807F09D2F8B2FFF7F7FCC7F34F
S21400E6700720FFF7F3FCC7F30740E0E72B4601212E
S21400E6800820424A01F000F966E74FF00409E36803
S21400E690A2682B4452F823301F68F8B209F1FF39FC
S21400E6A0FFF7DCFC19F0FF094FEA1727F5D1BEE7A4
S21400E6B0294603AA204623F000F80021324F344AA8
S21400E6C03B88DDF80C9002EB030CCAB2914501F1D1
S21400E6D0010102D84B443B80A9E710F802A00CF8D1
S21400E6E002A0F2E7242B3FF670AF013B232B3FF648
S21400E6F033AF01A252F823F033E6000045E60000EF
S21400E70057E600000BE6000059E5000059E500005A
S21400E71059E5000059E5000059E5000059E50000FC
S21400E72059E5000059E5000059E5000059E50000EC
S21400E73059E5000059E5000033E6000045E6000014
S21400E74057E600008BE6000059E5000059E500009A
S21400E75059E5000059E5000059E5000059E50000BC
S21400E76059E5000059E5000059E5000059E50000AC
S21400E77059E5000059E5000033E6000045E60000D4
S21400E78057E600000BE60000A2560020EFBF03008D
S21400E790C55B0020094B1B7823B101210820084ADD
S21400E7A001F072B8D0E9023253F82230054A1B88CD
S21400E7B0012113800820044A01F066B8C45B0020DB
S21400E7C015C00300A056002057C00300D0E902324F
S21400E7D053F82230054A1B780121003B18BF01235D
S21400E7E008201370024A01F04FB800BFC25B002039
S21400E7F07DC00300D0E9023253F82230034A1B786A
S21400E800012113700820024A01F03EB8C35B0020C5
S21400E810ACC0030010B5D0E90232044653F82230EB
S21400E820132219880B4B1878FFF760FCE368A26880
S21400E830013352F823301878FFF710FCE368A2681B
S21400E840023352F823301878FFF708FCBDE8104072
S21400E850FFF710BCC05B002010B5D0E902320446BA
S21400E86053F82230112219880B4B1878FFF73EFC1C
S21400E870E368A268013352F823301878FFF7EEFBFE
S21400E880E368A268023352F823301878FFF7E6FBF5
S21400E890BDE81040FFF7EEBBC05B0020D0E90232B7
S21400E8A053F82230034A1B78003B18BF0123DB00D5
S21400E8B013707047C05B002010B5D0E9023253F8E1
S21400E8C02230044619880E4B06221878FFF70EFCF5
S21400E8D00120FFF7C3FBE368A268034452F8233025
S21400E8E0188823F083FEE368A268023352F82330C8
S21400E8F0188823F07BFEBDE81040FFF7BBBB00BFC7
S21400E900C05B00202DE9F043D0E902324FF0FD094C
S21400E910013253F8221003EB82035A68C7B01788F7
S21400E9209A68B1F80080147853F8043C002C0DF176
S21400E930170506AE18783A4614BF40238023414692
S21400E9400295CDF80490009625F008FB034638B1F2
S21400E950184A0121082000F097FF47B0BDE8F08371
S21400E960201E18BF01200A224146C000FFF7BEFB4A
S21400E970384623F03BFE2878FFF770FB4A463146C0
S21400E980287824F059FF044628B10B4F3D88C5F17E
S21400E990FF03984202DD2346084ADAE702460848A3
S21400E9A03146284425440CF09DFF3D80FFF762FB6E
S21400E9B0D3E700BFE2C00300A2560020FEC003005B
S21400E9C0C55B002010B5D0E90232044653F8223069
S21400E9D0082219880B4B1878FFF788FBE368A268B3
S21400E9E0023352F823301878FFF738FBE368A26842
S21400E9F0013352F82330188823F0F8FDBDE81040A4
S21400EA00FFF738BBC05B002073B5D0E9023205467D
S21400EA10023253F8221003EB820353F8042C53F807
S21400EA20083C0C781988234B168818780622FFF7BE
S21400EA305DFB0020FFF712FB304623F0D7FD204693
S21400EA40FFF70CFBEB68AA68033352F823301888EC
S21400EA5023F0CCFDEB68AA68043352F823301888FC
S21400EA6023F0C4FD204609F0E7FBE8B9204607F08E
S21400EA705FFA05210446019001AA284622F01DFEF1
S21400EA80019B01469C4206D0224631460A480BF0BE
S21400EA9087FC02B070BD094D09482E8822463044D6
S21400EAA034440CF0E1FD2C8002B0BDE87040FFF766
S21400EAB0E1BA00BFC05B00202AC10300A2560020B6
S21400EAC0C55B002073B5D0E902324FF48A5153F883
S21400EAD02230104D1A88104BD9805A8000232A46BF
S21400EAE000930121FF2325F0B9FD2B78044613F08F
S21400EAF0040F0A4B08BF01261B7818BF032613B164
S21400EB0009F09AF9A855064B1C8002B0BDE8704083
S21400EB10FFF7B0BAC55B002094560020C25B002009
S21400EB20A2560020D0E9023253F82230034A1B785E
S21400EB30003B18BF01231370704700BFC15B002065
S21400EB4010B50C4608B908F003F9024B18715C7151
S21400EB5010BD00BF9456002002462DE9F341D0E9CF
S21400EB600253526855F82310D21A0C8805EB83011D
S21400EB70013BDBB255F82380294D022A4868C8BFFE
S21400EB808A682B78D8BFFF210078C8BF11783BB9B8
S21400EB9001210220234A02B0BDE8F04100F074BE15
S21400EBA0FFF7CEFF06F0E4FC1F4F204E3B880146E1
S21400EBB0224600931E48334625F0BDFA0246C8B9E1
S21400EBC098F804103B885F2917D1CDE900364FF638
S21400EBD0FF712046164B24F010FC28B10346012195
S21400EBE00220144A00F050FE0023134A2B701380B4
S21400EBF0124A137002B0BDE8F0814FF6FB718C42EA
S21400EC0008D9CDE900362146094B4FF6FF7024F0AF
S21400EC1052FCE2E72146064A009624F07EFCDCE73A
S21400EC20C45B002075C10300A2560020C55B00200F
S21400EC30945600207CC10300A0560020C35B002031
S21400EC40002210B50A2104461046FFF74FFA0020AE
S21400EC5023F0CCFC0122044B1A70FFF70BFA204677
S21400EC60BDE81040FFF778BFEE60002038B51C46C0
S21400EC7015460123224625F010FD60B92146284698
S21400EC8025F0D4FE044620B101210420034A00F0FA
S21400EC90FBFD204638BD0024FBE700BFA3C10300F0
S21400ECA02DE9F0430C4615461F46D0E9022352F8DC
S21400ECB0231002EB830293680E8893F80080D368D3
S21400ECC08BB0B3F800903246012106ABFFF7CEFFBB
S21400ECD0F0B90DF1200CF4B101232A884021CDE9CA
S21400ECE002C2CDE90471CDE900932221434606AA6B
S21400ECF0304625F009FD0B4B0B4A00930B4B019059
S21400ED00002C08BF134601210420094A00F0BCFD70
S21400ED100BB0BDE8F083624628686968032303C227
S21400ED202246DBE702C20300E7C10300E1C103009D
S21400ED30EFC1030007B501236A46002125F0ADFCAC
S21400ED406846034908F0C8FD03B05DF804FB00BF41
S21400ED5039D80000D0E9023253F822300149188829
S21400ED6008F08CBD39D8000010B5D0E9023203EBAC
S21400ED708201496853F8223009784FF48A5218887D
S21400ED8025F0B2FCBDE81040034601210420014AEC
S21400ED9000F07ABD0CC20300D0E9023253F82230EC
S21400EDA002214FF48A5210B5188825F08FFCBDE872
S21400EDB01040034601210420014A00F065BD00BF53
S21400EDC025C203001FB5D0E9023203EB820153F8D7
S21400EDD02230496818884FF48A5309880293094BF1
S21400EDE0094A0193094B1B7800931278084B25F0CB
S21400EDF0E3FC012103460420064A05B05DF804EB57
S21400EE0000F042BDA4560020C55C0020C45C002073
S21400EE10AE5600203CC203002DE9F043D0E9023292
S21400EE2053F8221003EB82035A680E8817789A6804
S21400EE30DB688BB092F80090B3F80080324604216D
S21400EE4006AB0446FFF712FF28BB08AD01232A468F
S21400EE500521204625F021FC38B9042001210F4A5F
S21400EE6000F012FD284624F0C8FC4FF48A53CDE982
S21400EE7004930023CDE9025303232121CDE9008327
S21400EE8006AA3B46304625F03FFC01210346044ACD
S21400EE90042000F0F9FC0BB0BDE8F08354C2030078
S21400EEA083C2030038B5D0E9024303F18043023B36
S21400EEB002220F4954F823009D000CF0CFFE60B9E3
S21400EEC00C4B0D491A78042A0BD82C44A0680088ED
S21400EED021F8120001321A7038BD084B08491A781A
S21400EEE0F1E70121BDE838400420064A00F0CCBC1A
S21400EEF0B1ED0300C55C0020AE560020C45C0020C7
S21400EF00A456002095C2030008B5C368806803F1C4
S21400EF108043023B0222064950F823000CF09EFE76
S21400EF2010B9044B187008BD0022034B1A70FAE79C
S21400EF30B1ED0300C55C0020C45C002037B5D0E905
S21400EF40023153F821208C0015784268521A012AA3
S21400EF50C5BF1B195B686C091C78DCBF44F018043D
S21400EF6005F01F052946204625F0EAFA034640B17B
S21400EF702346012104200E4A009500F085FC03B0CC
S21400EF8030BD0121A94074B92346FE224FF6FF701A
S21400EF9025F06AFD012103460420064A03B0BDE8B9
S21400EFA0304000F071BCFE2241EAC461EEE700BFCB
S21400EFB0ABC20300CBC2030070B5D0E9021551F80E
S21400EFC0253001EB8501044618884B681A788B6853
S21400EFD0052A1B8802D85E1E072E0BD901210420A5
S21400EFE00C4A00F051FCBDE87040012104200A4A9A
S21400EFF000F04ABC6468641B032CCABFC968074992
S21400F000096825F031FDBDE870400246044900203D
S21400F01007F05ABFE9C2030009C3030000F8FF0760
S21400F02026C3030008B5D0E9023253F8220003EBEA
S21400F03082035968FF22038809684FF6FF7025F09F
S21400F04013FDBDE8084002460149002007F03CBF1A
S21400F05039C3030008B5D0E9023253F8223005213F
S21400F0604022188825F032FBBDE8084002460249D7
S21400F070002007F029BF00BF5AC3030008B5D0E937
S21400F080023203EB8201486853F8221002784023CC
S21400F0900988312025F06DFBBDE80840024602498C
S21400F0A0002007F011BF00BF7BC3030008B5D0E9FE
S21400F0B0023203EB8201486853F82210027840239C
S21400F0C00988332025F055FBBDE808400246024972
S21400F0D0002007F0F9BE00BF95C303001FB5D0E9B6
S21400F0E0023253F8221003EB82039B6808881A78D2
S21400F0F00023D21A18BF0122CDE9023302A9402309
S21400F100D20125F045FB01210090044B0420044A5F
S21400F11000F0BAFB05B05DF804FB00BF02C20300B6
S21400F120B3C3030007B5D0E9023253F822300321F7
S21400F1304022188825F0CAFA01210090034B0420CB
S21400F140034A00F0A1FB03B05DF804FB02C2030013
S21400F150C2C3030037B5C3688268053352F823304C
S21400F16004211D786A460123044625F096FA38B92C
S21400F17004200121064A00F087FB684624F03DFB88
S21400F1802B466A4600212046FFF78AFD03B030BDB5
S21400F190DCC3030007B5D0E9023203EB82014868FE
S21400F1A053F82210027840230988322025F0E1FA2D
S21400F1B001210090034B0420034A00F065FB03B0D6
S21400F1C05DF804FB02C203000DC4030070B5856938
S21400F1D00446EA0705F0020605D476B1C5F3072013
S21400F1E025F02DF809E01EB1B2210F482BF08FFA5A
S21400F1F0A069C0F3810025F011F8E3691BB9BA21B4
S21400F20009482BF084FA204614F00EFCE3693EB160
S21400F210607E9847AB0706D0BDE8704025F003B87F
S21400F22020469847F6E770BD22C4030008B514F0E0
S21400F230EFFE28B1BDE80840472102482BF067BA28
S21400F24008BD00BF22C403002DE9F041FF2B044691
S21400F2500F4690461D469DF8186005D0FF2E03D039
S21400F260D52111482BF053FA0023FF2D18BFAD000F
S21400F2700E4A1CBF45F00105EDB222600C4AC4E9F7
S21400F280063818BFA561FF2EC4E901232361E76095
S21400F29007D0A36943F0020323F47F4343EA06231F
S21400F2A0A361BDE8F08100BF22C403007C3D0020BE
S21400F2B0CDF10000002310B5054C03610460054C39
S21400F2C0C261C0E901430123C160836110BD00BF74
S21400F2D07C3D0020CDF1000070B58669044606F03E
S21400F2E00303032B0D4603D1FC2114482BF00FFA21
S21400F2F0FF2D16D0B20704D440F201110F482BF0B0
S21400F30006FA284624F039FCFF28054604D14FF4B7
S21400F31082710A482BF0FBF92DB204EB4514204607
S21400F32070BDF307FBD5A36913F00C0FF7D040F2BE
S21400F3300B1102482BF0EBF9F1E700BF22C40300E3
S21400F3400023054AC0E9063103610260C360034A30
S21400F350034B4260836070477C3D0020CDF1000087
S21400F360F5390200014827F043BA00BF7C3D002073
S21400F370014827F049BA00BF7C3D002013B50E486F
S21400F38027F010FA23F0B5F926F0D9F926F0FBF9A4
S21400F39026F005FAFCF748FF0446FCF75FFF234615
S21400F3A0009001210420054A00F06EFA02B0BDE884
S21400F3B01040FCF73FBF00BF7C3D0020B5C40300F3
S21400F3C0022808B503D12BF09BF9014B186008BD45
S21400F3D0AC3D002008B50DF05BF90122044B1A7015
S21400F3E02BF017FABDE8084002490348FDF7E4B8D9
S21400F3F0C75C0020C8650020B03D0020014B187097
S21400F400704700BFC65C0020024B187808B106F0B3
S21400F41093B870471C6B002008B5074B1B780BB1E0
S21400F420002008BDFFF7F0FF0028F9D106F05EFCCB
S21400F430023818BF0120F4E7C65C002070B5FFF75D
S21400F440EBFF174D20B1FFF78DFF0428044613D8B5
S21400F4502B781BB92BF0DDF901232B7023F057F91D
S21400F4600446D8B12B781BB9F7210E482BF04FF97C
S21400F470BDE87040FFF776BF23F04BF90028E7D0D1
S21400F4802B785BB12BF041F806460021012029F0CD
S21400F490A7FA30462BF034F800232B70204670BDB8
S21400F4A0C75C0020D6C403001FB5FFF7C7FF04469D
S21400F4B0FDF72CFAA04228BF204688B103A929F000
S21400F4C07BFE034638B9CDE90000064A0399064894
S21400F4D02BF032F918B18E2104482BF018F90120D0
S21400F4E004B010BD0D2703008C3D0020D6C40300D9
S21400F4F00D4B70B51B780D4D0D4C0121002B0CBF2C
S21400F5002B46234602200B4A00F0BEF90A4B012187
S21400F5101B780220002B0CBF2B462346BDE870400C
S21400F520064A00F0B1B900BF1C6B0020D0ED030006
S21400F530EFED03006CC50300C65C00208BC503001E
S21400F54010B5D0E9023253F8223002201B78012190
S21400F550002B15BF01240024044A054A00F094F944
S21400F5602046BDE81040FFF749BF00BFAAC503000C
S21400F570C7C50300D0E9023253F82230034A1B788D
S21400F580003B18BF01231370704700BF1C6B0020A0
S21400F59038B50125084B1D702AF0B7FF04462946EA
S21400F5A0284629F01DFA20462AF0AAFFBDE8384072
S21400F5B002490348FDF700B8C85C0020D06500206B
S21400F5C0D83D002070B514F0A9FD10F0070F1D4DB2
S21400F5D011D02B785BB901262E702AF096FF0446D0
S21400F5E03146304629F0FCF920462AF089FFBDE86E
S21400F5F0704014F063BB25F01BFA022803D1124BAF
S21400F6001B78032BE5D914F089FD18B90E4B1B782F
S21400F610032B14D814F052FB04460028D9D02B78BC
S21400F6205BB100262E702AF070FF05463146012099
S21400F63029F0D6F928462AF063FF204670BD4FF021
S21400F640FF34ECE7C85C00204F6100201FB5FFF7D1
S21400F650B9FF0446FDF75AF9A04228BF204688B1F4
S21400F66003A929F0A9FD034638B9CDE90000064AEA
S21400F670039906482BF060F818B18C2104482BF04B
S21400F68046F8012004B010BDE72B0300B83D00206B
S21400F690E6C5030010B5094C0949002007F0FAFB3F
S21400F6A023681B68587924F09EFA23681B685879EB
S21400F6B023F0A2FA05F066F9002010BD38430020BA
S21400F6C074C6030008B525F0A3F9024628B1BDE8C4
S21400F6D008400020014907F0DDBB08BD97C60300BF
S21400F6E008B525F0ABF9024628B1BDE80840002071
S21400F6F0044907F0CFBB5422BDE80840FF2102486A
S21400F7000BF060BFAFC60300B856002038B50446FD
S21400F7100D4625F097F9024628B1BDE8384000208E
S21400F720034907F0B7BB034B23F8145038BD00BF9E
S21400F730CDC60300B85600202DE9F34100240C4E38
S21400F7400C4DDFF838800C4F56F8043B0BB9D8F850
S21400F750003035F8022B394600920020224601344C
S21400F76007F098FB2A2CEFD102B0BDE8F08100BF6D
S21400F770DC6500200C570020E9C60300D865002091
S21400F78008B52A21034825F055F9BDE80840FFF7DB
S21400F790D3BF00BF0C57002007B5D0E9023253F89C
S21400F7A022301A78292A0DD8084B53F822300BB984
S21400F7B0074B1B680749002031F8121000910649D4
S21400F7C007F068FB03B05DF804FB00BFDC650020B3
S21400F7D0D86500200C570020E9C6030008B52A218A
S21400F7E0034825F029F9BDE80840FFF7A5BF00BF8C
S21400F7F00C57002038B5D0E9023253F8221003EB3C
S21400F80082035B680C781D880020044907F042FBE1
S21400F81029462046BDE83840FFF778BFF4C6030007
S21400F8202DE9F34100240C4E0C4DDFF838800C4FC8
S21400F83056F8043B0BB9D8F8003035F8022B394699
S21400F840009200202246013407F024FB2A2CEFD138
S21400F85002B0BDE8F08100BFDC650020B85600208D
S21400F860E9C60300D865002010B5024623F0DAF991
S21400F87020B9044C236811B11343236010BD23EA5A
S21400F8800203FAE7886600200CB413B502460C465D
S21400F89023F0C8F960B9094B1B681A4208D005A9BD
S21400F8A0049801910AF090FD14B1054825F0D3FEA6
S21400F8B002B0BDE8104002B0704700BF8866002066
S21400F8C0F3C90300034610B5D3E9023253F82230D9
S21400F8D008461C78211E18BF0121FFF7C5FF014608
S21400F8E048B9084A084B0220002C08BF1346074AAE
S21400F8F0FFF7CAFF10BD00210220054AFFF7C4FF2C
S21400F900F8E700BFF2B50300EAB50300F5C9030047
S21400F9100BCA03002DE9F04105461F460C46DFF8EA
S21400F9202C808E18B44201D1BDE8F0810021284613
S21400F93014F8013B069AFFF7A7FF002FF2D04246C5
S21400F94000212846FFF7A0FFECE700BF7FBC0300BE
S21400F9500021024A0248FFF7ADBC00BFE5F90000EF
S21400F960E03D0020FF21014822F0B5BEE03D00202A
S21400F9700022034BFF2103481A7022F0A5BE00BFE9
S21400F980C95C0020E03D002013B5114C2378032B02
S21400F99013D8009300230F4A18460F4907F07AFA47
S21400F9A0237842F21072002B08BF0022FF210B487A
S21400F9B002B0BDE8104022F076BE0022084910468C
S21400F9C007F068FA02B0BDE81040FFF7D1BF00BFED
S21400F9D0C95C00201CCA03002ECA0300E03D0020BC
S21400F9E038CA0300F0B52B4D8FB02B7823B309A887
S21400F9F025F058F8022309A88DF8243025F040F8A1
S21400FA0001AA06469446244B03F1100714461868CC
S21400FA105968083303C4BB422246F7D105AA1746E5
S21400FA201E4B03F1100E144618685968083303C4B9
S21400FA3073452246F7D1E6B1012409A824F0CEFF8B
S21400FA4028B9BDF8243013F0020F18BF01242B7814
S21400FA501349002B4FF000034FF0A00208BF1946D1
S21400FA60204624F095FF90B92B7801332B700FB009
S21400FA70F0BD614609A825F005F80028DCD1394616
S21400FA8009A824F0FFFF04460028D6D0D4E7FFF7E5
S21400FA907BFFECE7C95C00204C5204005C5204007B
S21400FAA000F8FF0710B50020324907F0F3F90822E6
S21400FAB00020314907F0EEF9304B314A1978314BC6
S21400FAC00020002918BF1A462F4C304907F0E2F9EB
S21400FAD0002024F0A3FB2368002B47D01B78022BC2
S21400FAE044D900222A4B10462A4907F0D3F923F0BE
S21400FAF0E0F829490246002007F0CCF900F0D0F8DB
S21400FB0026490246002007F0C5F923681B78032B18
S21400FB102CD900F0D5F822490246002007F0BAF9A1
S21400FB2000F0DEF81F490246002007F0B3F900F0A7
S21400FB30DFF81D490246002007F0ACF900F0A4F8F3
S21400FB401A490246002007F0A5F900F0D7F8184C2D
S21400FB50184954F82020002007F09CF900F024F9FA
S21400FB60154954F82020002007F094F9BDE810400D
S21400FB7024F059BB5ACA030076CA0300CA5C0020A8
S21400FB80D0ED0300EFED03007442002099CA030095
S21400FB90C0B70300B4B70300B5CA0300D9CA030050
S21400FBA0FDCA030021CB030045CB03006CCB03004A
S21400FBB08C66002093CB0300B6CB030008B5D0E9D3
S21400FBC0023253F82230187840B10020074907F077
S21400FBD061F9BDE80840802000F034B8044907F019
S21400FBE059F9BDE80840802000F046B8D9CB03009C
S21400FBF0F6CB0300D0E9023253F82230034A1B78D2
S21400FC00003B18BF01231370704700BFCA5C00207A
S21400FC1018220021094BC3E900121A7B0AB9084AC8
S21400FC209A601A7C12B94FF47A72DA8140F6B832CA
S21400FC305A8200229A829A75704700BF003E0020C2
S21400FC40E09304000A4B10B51B687BB11B78032BAE
S21400FC5002D8B0F5007F09D1064C23680343236021
S21400FC606368184202D02AF046FDA08210BD00BF8D
S21400FC7074420020003E0020024A136823EA000374
S21400FC8013607047003E0020014B1868704700BFA5
S21400FC90003E0020014B9868704700BF003E0020E1
S21400FCA0024B9868FA23B0FBF3F07047003E002042
S21400FCB00122024B98601A73704700BF003E002076
S21400FCC0024BD889FA23B0FBF3F07047003E0020C1
S21400FCD00122024BD8811A74704700BF003E0020F4
S21400FCE0024B588AFA23B0FBF3F07047003E002020
S21400FCF0014B5868704700BF003E00202DE9F843CE
S21400FD0000244FF00C08104B104F9D7D104E398884
S21400FD10E3B28B4202D32846BDE8F88308FB03F320
S21400FD20F05C06EB030924F080FA50B9FF21D9F8FD
S21400FD30080022F0D0FC20B199F805309D4238BF6B
S21400FD401D460134E3E700BF003E0020C26A0020E3
S21400FD5010670020124B10B51B68124CEBB11B78D5
S21400FD60032B02D823689B0517D52AF0C4FCA38A68
S21400FD70C01A638A80B283423EBFD4E900329343FE
S21400FD80236024F0CFFD08B1E08910BD2368002B66
S21400FD90FAD1FFF7B3FF0128F6D0A068F5E700BF59
S21400FDA074420020003E0020014B987D704700BF43
S21400FDB0003E002038B504460D462AF04DFD244B83
S21400FDC01B7813B1204622F06FFF402C27D006D8B0
S21400FDD084B13F2C18D0BDE8384024F024BA4C3CFF
S21400FDE00C2CF8D81B4B2341DB07F4D40220FFF77A
S21400FDF043FFF0E74FF40070FFF73EFF0220FFF7E7
S21400FE0021FF154B1C71E6E74FF40070FFF734FF37
S21400FE100220FFF731FF00220F4B1A71DBE724F0B8
S21400FE2085F90028D7D10C4C0220237901332371A1
S21400FE30FFF722FF4FF40070FFF704FF2379AB4271
S21400FE40C9D322F032FF0028C5D122F007FFC2E74F
S21400FE50CA5C0020FEEEFFFF183E002010B505F03D
S21400FE605FFB02280AD124F039FD034630B1BDE815
S21400FE70104000220249104607F00CB810BD00BF23
S21400FE8042CC03000021024A0248FFF713BA00BF23
S21400FE905DFE0000203E002038B5002024F0BEF9AC
S21400FEA0124B1B6893B11B78022B0FD905F038FB59
S21400FEB0022816D10E4C2568FFF74CFFA84220609A
S21400FEC008D0FF2122680B4822F0EDFBBDE8384041
S21400FED024F0A9B9FF21074822F0FDFB0028F5D140
S21400FEE0EFE7FF21034822F0EFFBEFE77442002024
S21400FEF0183E0020203E002002460249002006F060
S21400FF00C9BF00BF56CC030010B5234C2348FF21C1
S21400FF1022F0DAFB207802281ED003282ED00128F3
S21400FF2004D02120BDE81040FFF7E6BF1C4B19782F
S21400FF300029F7D002231B4A23701378052B0EBF27
S21400FF4000230133DBB29942137003D105231370EB
S21400FF500020E7E7052BFBD0124B1B78052B02D1C0
S21400FF6003232370DDE7104A104932F8230007F018
S21400FF7085FC032323700028D4D110BD094B0C4AFE
S21400FF801878094B03EB8001897833F8200007F0D6
S21400FF9045FC0123EEE700BFCB5C0020403E00207E
S21400FFA0D45C00201E6B00206057002091010100E9
S21400FFB03D0101002DE9F04F0D46144695B0049022
S21400FFC0112200210FA89946DFF86C810BF0FAFA8F
S21400FFD004EB45030393D9F800301C2B02D0039B97
S21400FFE09C4202D115B0BDE8F08F0123DFF844A192
S21400FFF08DF81C3023884C4AADF81E309AF8003035
S2140100004A4D08EB83039B7828788DF820301368D7
S2140100108DF81D00CDF821305368CDF8253024F039
S21401002004F9049B8DF8290021882878002B4AD1F1
S21401003023F0CAFD002844D09AF800300FAA38F8F9
S214010040230007A922F03FFE00283AD023F0E9FB5F
S2140100504FF0000B074606461C255FFA8BF29742C7
S21401006034D8B7422BD99DF81C30032B1AD10FABCD
S2140100700193BDF8213000220421009301202C4B6E
S21401008006F08EFD9AF8003008EB83039978274B2B
S214010090187806F001FE9AF80030002038F8231090
S2140100A024F018F85DB107A9304624F009FC214B6D
S2140100B005461B78304638F8231024F003FCC9F8AF
S2140100C00050023487E723F076FDB3E710460BA90C
S2140100D0059224F0F1FB30B99DF82C1031B9059A40
S2140100E0B74208BF16460BF1010BB6E7BDF82E0066
S2140100F0BDF81E209042F6D19DF830009DF82020D4
S2140101009042F0D19DF81C208A42ECD1032A14BFFC
S214010110082202220DF121010DF131000BF09EFDA6
S214010120002808BF0025DEE7CC5C00201D6B002000
S214010130D3CE03001E6B00206057002013B5034684
S2140101400020114A9C6812780190052A03D01B787A
S214010150032B00D12CB9012002B0BDE81040FFF7F7
S214010160CBBE6268217801ABFFF724FF217A01201C
S214010170E26801ABFFF71EFFFF21044802B0BDE8AD
S214010180104022F099BA00BF1E6B0020403E0020AE
S214010190094B1B78052B02D00378032B02D00120D4
S2140101A0FFF7AABE8168054A0B68054813604B68CD
S2140101B0FF21536022F080BA1E6B0020CC5C002029
S2140101C0403E002038B50024114B124D1870124BDA
S2140101D0FF211C702C7006F05FFD012203211046E2
S2140101E00E4B06F0DDFC4FF6FF712246084623F063
S2140101F074FF044648B940F6B832FF21084822F099
S21401020052FA01232B70204638BDFFF775FEFAE738
S2140102101D6B0020CB5C0020D45C002093FF030004
S214010220403E0020144BF0B51A681449136809784B
S214010230587988420BD11249D78808460022114DB9
S2140102401E792B78D4B2A34203D8052C0AD10020FC
S214010250F0BD0C88BC4202D18C78B442F7D0013292
S2140102600431EFE7A342F2D120F82270013300EB0C
S214010270820086702B70EAE7384300201D6B002051
S21401028060570020D45C0020FF2307B50021044AF4
S21401029004480093FEF7D8FF03B05DF804FB00BFE7
S2140102A009FF0000403E00201FB5B4230321044689
S2140102B0ADF80E3023F07FFC98B121232046009341
S2140102C0002203210DF10E0323F024FE0446002034
S2140102D0054B064A0649009406F0DCFD204604B0AC
S2140102E010BD8624F3E700BF80CC03008DCC03004D
S2140102F0A2CC0300D0E9023253F82230034A1B781D
S214010300012113700220024AFFF7BEBA366B0020A5
S214010310B1CC03000122014B1A707047366B0020E6
S2140103200A4B90F805111B7890F8082119448A4267
S214010330BCBFB2FBF3F103FB11234FF0FF32B8BF92
S214010340DBB202FA03F380F80A317047366B0020FD
S2140103502DE9FF410446057F867EDFF870806E43F7
S214010360237F98F8002013449D4212DB607F60B91A
S214010370238B029363690193237C00936288A31DF8
S214010380217805F095FDFF232370002004B0BDE819
S214010390F081E37EAB42E9D9A77E228BF119914227
S2140103A0A4BF921BD7B205EB0323E3813A4633463B
S2140103B02946204622F0A1FC0028E7D1637F374476
S2140103C0013301356377BEB2EDB2C9E7366B002063
S2140103D037B5054624F0A2FA0D4B04461B6869465C
S2140103E01B78032B82BF0B4B1B881B18284688BF24
S2140103F09CB224F01BFB38B9684624F091FA18B970
S214010400044B1B8823449CB2204603B030BD00BF7A
S21401041074420020C66A0020084B1B78FF2B0BD1C4
S214010420074B1B78FF2B07D1064B1B78022B03D0FB
S2140104304FF48070FFF720BC704700BF9466002021
S214010440903F0020603E002010B50446FF2122F0B8
S2140104503BF9054B9C4202BF0023A4F58874237028
S214010460BDE81040FFF7D8BF703F00202DE9F047E8
S2140104709A462A4B81461B7888461646BDF8205078
S214010480002B49D0FF2D3ED938252846BDE8F087F8
S214010490234B0C223146A01D636184F80090A4F81A
S2140104A002800BF0E1F8A289414642F4004242F094
S2140104B040022046A28122F032FC2A46514660695B
S2140104C00BF0D2F841464846A21D258323F07AFF59
S2140104D0A0760028D8D00544013DB5FBF0F0FF28F2
S2140104E0D2DC0023E0762046A383FFF731FF0546E2
S2140104F080B923794FF48070B372FFF7A3FB227C97
S214010500099B1A80C1E7074C2778FF2FC0D040F619
S2140105100345BAE72770F2E70225B6E7366B0020F7
S214010520D65C0020903F0020B0F9063010B5002BB5
S21401053025DA144C2278237CFF2A02D0827A9A424A
S21401054007D0114C2378FF2B17D0827A237C9A424E
S21401055013D169B9637F013BDBB263775BB90B4AA1
S214010560237F1278204613442377FFF7F1FE0146D6
S214010570204622F0E3FBFFF74FFF012010BD0020CD
S214010580FCE700BF903F002094660020366B0020F9
S2140105902DE9F04F9A46B1F9063091B0002B0D4681
S2140105A01746DDF86880049080F22981B8F800309B
S2140105B0FF2B04D94FF4B871A6482AF0A8F8A64B29
S2140105C000241A7893F80401B3F80211002A40F0C7
S2140105D0A5802E7AA14A1278B24240F2AF8002225A
S2140105E0A3F802711A70AA7AFF2483F80421002264
S2140105F0A3F8084183F80521A3F80621B8F80020DE
S214010600954883F80C21FFF78BFE3846FFF7E0FE8E
S214010610214600EB4002924822F045F84FF48070E4
S214010620FFF710FB8C4C94F80A91B9F1FF0F20D11B
S2140106308A4A94F8053112781344B34219DC94F8C7
S2140106400C1184F80531B4F80631204601FB02335B
S214010650A4F80631FFF764FE0122824B38461A7071
S214010660FFF7B6FE494600EB400204F5887022F01B
S2140106701AF894F80531B34260D8DFF8E0B19BF878
S21401068000C00CEB0302964258DA764994F808212A
S2140106900878013A002853D0964205DAB8F80020C7
S2140106A084F80C2100220A70B6FBFCF901220CFB2F
S2140106B0196994F80A015FFA89F902FA09F2D1B2C6
S2140106C0024076B92889000A844584F8080108D9C9
S2140106D02046CDE906210593FFF722FEDDE9062136
S2140106E0059B94F80A01014384F80A1182B994F82B
S2140106F00921B4F806C1013284F80921B8F80020AE
S214010700DAF800100CEB0200FF2826DD0323237025
S21401071094F80831013B9E4230D138E0AE7A8642E9
S21401072002D18F4200D11C462E7A002C7FF47BAF7B
S214010730002A3FF44FAF012A3FF44CAF01205FE09F
S2140107409642B1DA94F80C1198F800209142ABD099
S21401075004F58870FFF778FEF0E794F80CE1F31AD9
S2140107600EFB03C3A01C10FA83F005920AF07CFF6F
S21401077094F80831059A013B9E4244D0012394F82F
S2140107800A2103FA09F3013B1343FF2B04D1224646
S2140107902946384622F0C4FA94F8083194F809211B
S2140107A09A42CBD19BF80030B2FBF3F103FB112246
S2140107B012F0FF0218BF13462278022A26D1264AD3
S2140107C0023410785178012804BF0131517001229A
S2140107D024F8022CEA88B4F8041122F04002EA80D8
S2140107E094F809210A44591E94F80A3113FB01F3BF
S2140107F01344A8F80030CAF80040FFF70DFE0020A9
S21401080011B0BDE8F08F84F80B21C0E769790029A3
S21401081094D0032A92D1B4F8062194F80B1108AEAD
S21401082011445A1E94F80C31284613FB02F30B446C
S21401083000219BB2A21CA8F80030CAF80020CDE91E
S21401084000710296049907F005FD8921304623F0D0
S214010850B6FD7DE7D8CC0300603E0020366B002055
S214010860703F0020D55C002013B5044618B101285E
S2140108700BD002B010BDFF2301460093064A07487D
S214010880FEF7E2FC064B1C70F3E7FFF743FDFF2281
S214010890044B1A70EDE700BF49040100703F0020C9
S2140108A0603E0020903F002013B501A909F04AFEE2
S2140108B0044648B9BDF806309DF80420034906F001
S2140108C0E9FA204602B010BD8120FBE76FCD030098
S2140108D013B5694609F042FE044688B9BDF80230F0
S2140108E09DF80020074906F0EFFA2046019906F028
S2140108F043FA2046044906F0CDFA204602B010BD60
S2140109008120FBE793CD0300B9CD030037B56946D7
S21401091009F048FE044618BB9DF801309DF80020FA
S214010920104906F0D1FA104D9DF80120E3B29A4223
S21401093006D800200D4906F0ADFA002003B030BD00
S2140109400198630003F4FF7302220021184423F088
S2140109504FFC29460246002006F0B6FA0134E3E7CA
S2140109608120EBE7BBCD0300EACD030093FF030034
S21401097013B501A909F0ECFD044648B9BDF80630E7
S2140109809DF80420034906F085FA204602B010BD02
S2140109908120FBE7F4CD030030B500240B4D85B074
S2140109A06946E0B223F088FF50B99DF80030032B6A
S2140109B006D12946BDF805309DF8012006F06AFAF1
S2140109C00134202CECD105B030BD00BF1BCE030096
S2140109D008B50020034906F05DFABDE80840FF208F
S2140109E000F0DEBA2DCE03002DE9F04F85B00646A5
S2140109F00D46174622F0E2F9044640B130463A4623
S214010A00294622F0C5F9002005B0BDE8F08F4FF069
S214010A1003094FEA15285FFA84FA6946504623F01F
S214010A204BFFB8B99DF800B0BBF1000F12D1694673
S214010A3050468DF800908DF805508DF806808DF89B
S214010A40016023F03DFF02460028D7D058460649EC
S214010A5006F020FA0134202CDDD10020034906F0EF
S214010A6019FA8920D0E700BF42CE030069CE030001
S214010A701FB5002304468DF80F3022F08AF928B1FD
S214010A809DF80F3063F07F038DF80F301823019324
S214010A900DF10F030022009304214023204623F08A
S214010AA028FA024618B10020024906F0F3F904B00C
S214010AB010BD00BF84CE03001FB502A909F060FD7A
S214010AC0044688BBBDF80820184906F0FDF9204603
S214010AD0039906F051F92046154906F0DBF94FF661
S214010AE0F672BDF80810134C4B1E9BB2934219D8F0
S214010AF02368039A1B685879FFF776FF23681B79EA
S214010B00012B0BD8BDF808300022CDE900030421E3
S214010B10094B092006F044F823F04BFC6FF0FF0068
S214010B2004B010BD8720E9E78120F9E7A3CE0300D2
S214010B30B9CD030038430020BACE030070B5044691
S214010B408AB005AD1122002128460AF03BFD204659
S214010B5004A909F009FD044600283AD11E4EBDF845
S214010B6010201E4906F096F932681379012B28D811
S214010B704FF6F670BDF810104B1E9BB2834224D878
S214010B801368587922F01AF908B333682A461B68A5
S214010B90BDF81010587922F0FAF8BDF8103001228D
S214010BA00421CDE9004309200D4B029505F0F8FF1D
S214010BB023F0FFFB034620B100200A4A0A4906F04B
S214010BC069F96FF0FF000AB070BD8724E5E78B2452
S214010BD0E3E78120F7E700BF38430020BDCE0300DE
S214010BE0D2CE0300D6CE0300E1CE03002DE9F047B6
S214010BF09AB004A909F0D0FC0446002840F0B5805C
S214010C009DF810205B4906F05FF925465A4E9DF87F
S214010C101020EBB29A4254D80020584906F03AF90F
S214010C209DF81050002D40F099802C462E46544FCA
S214010C3006A9F0B223F040FEC8B99DF81830032B80
S214010C4015D13B689DF819201B685B799A420ED135
S214010C509DF81D2005F168036B4403F8402C9DF8B0
S214010C601E200235013403F83F2CEDB2E4B2013602
S214010C70202EDDD19DF810300BB1002C77D00AABB9
S214010C80CDE90143FF2302220421009309203D4BB5
S214010C90039505F085FF23F08CFB034660B19DF8B4
S214010CA01020002A5FD0384A3849002C08BF0A466F
S214010CB00020374906F0EEF86FF0FF001AB0BDE8E5
S214010CC0F08705986B0003F4FF7302220021184495
S214010CD023F08EFA31460246002006F0F5F801357B
S214010CE095E70598730003F4FF7302220021184468
S214010CF023F07EFA002780465FFA80FA06A9F8B24A
S214010D0023F0DAFD00BB9DF81830032B1CD1D9F86F
S214010D1000309DF819201B685B799A4214D19DF822
S214010D201D30534510D19DF81E30C8F307229A4254
S214010D300AD105F168036B440235013403F840AC6F
S214010D4003F83F2CEDB2E4B20137202FD6D101369D
S214010D509DF81020F3B29A42C3D88BE70025DFF83E
S214010D6020902E46F4E7084AA2E78120A6E78B20CA
S214010D70A4E700BF3BCF0300EACD030093FF0300C7
S214010D80384300205ACF03000CCF03002ACF0300BC
S214010D905ECF03002DE9F04389B002A909F0EAFB12
S214010DA00446002867D1BDF80820344906F072F8D9
S214010DB04FF6F672BDF80850DFF8D4906B1E9BB262
S214010DC0934254D8D9F8003029461B685F793846D3
S214010DD021F0F4FF00284CD026465FFA86F84046FC
S214010DE003A923F069FD28B92946384603AA21F04C
S214010DF0D2FF20B90136202EEFD14FF0FF08404632
S214010E0023F058FD014658BB112203A80AF0DAFB6D
S214010E102946384603AA21F0BBFFD9F800301A79D3
S214010E20012A18D81B68BDF80810587923F0A1F9D3
S214010E30BDF8083003220421CDE900430920104BF8
S214010E4005F0AEFE23F0B5FA034620B100200D4AA8
S214010E500D4906F01FF86FF0FF0009B0BDE8F083FA
S214010E6002460A49002006F015F80124D5E7872432
S214010E70D3E78B24D1E78120EFE700BF80CF0300C3
S214010E80BACE0300BECF0300E1CE030097CF030026
S214010E90384300202DE9F043DFF894800020D8F88D
S214010EA0003021491B688BB05E79002505F0F2FF02
S214010EB001275FFA85F9484601A923F0FDFC04469F
S214010EC090B99DF80430032B0ED19DF80530B3423E
S214010ED00AD1484623F0EEFC0146A0B1024613496A
S214010EE0204605F0D7FF27460135202DE1D1D8F859
S214010EF0003000211B68587923F03BF987F0010088
S214010F000BB0BDE8F083112205A80AF05BFBBDF823
S214010F1009403046214605AA21F03AFF21463046CF
S214010F2023F027F9E0E700BFCBCF030097CF0300FC
S214010F303843002037B5694609F028FB044638BB1C
S214010F40BDF80020134905F0BFFF134D2046019957
S214010F5005F012FF2046114905F09CFF2B681B681F
S214010F60587923F015FA70B14FF6F672BDF80010F5
S214010F704B1E9BB2934209D82B68019A1B6858797D
S214010F80FFF732FD0446204603B030BD8724FAE75A
S214010F908120F9E7DFCF030038430020B9CD0300F5
S214010FA07FB505460024E6B26946304623F084FC48
S214010FB0A8B99DF80030032B11D19DF80130AB4242
S214010FC004D0FF2D0BD19DF80D3043B9304623F0E8
S214010FD071FC024618B10020034905F05BFF01349D
S214010FE0202CE0D104B070BD97CF0300034B1B68E3
S214010FF01878012808BF0220704700BF74420020FD
S214011000D0E9023253F822301A78024B1A7000F0F7
S214011010E7BA00BFD55D002070B5D0E902456B1E6A
S214011020DBB254F8230003221B490AF017FE54F8DA
S214011030253004EB8504197863681A78A2F10B034E
S2140110400F2B05D915490020BDE8704005F022BFD9
S21401105001290FD1124C9140236840B90B43114A24
S21401106023600020BDE870400F4905F013BF23EA56
S2140110700103F4E702290CD101230C4903FA02F219
S2140110800B6818B913430A4A0B60EAE723EA02031E
S214011090F9E70A460749D6E703D0030007D003005D
S2140110A0B86600201DD0030025D00300B4660020DA
S2140110B038D0030042D0030007B5D0E9023103EB74
S2140110C0810253F821300B491B785268012B0A4BD9
S2140110D008BF0B4612684FF000001A600092074ADC
S2140110E0074B084918BF1346074A05F0D3FE03B05D
S2140110F05DF804FBB8660020B46600205DD00300EE
S21401110055D0030067D003007C52040038B5254A49
S214011110254B264C0020264905F0BCFE002025491B
S21401112005F0B8FE22682449002005F0CDFE2068AF
S214011130224C234D05F088FE2146002005F0AAFE2C
S2140111402A682049002005F0BFFE286805F07CFECD
S2140111502146002005F09EFE1B4B1C491A781C4BAD
S214011160002053F8223005F095FE00F00DF91949DC
S2140111700246002005F08EFE174B00201A7817490C
S21401118005F088FE164B17491A78002005F082FEF6
S21401119004F0C6F9BDE8384002461349002005F0C0
S2140111A079BE00BF7C52040081D00300B8660020DF
S2140111B088D0030090D003009ED0030001B703003F
S2140111C0B4660020AFD00300035E0020C0D0030049
S2140111D0BC660020D3D00300E85D0020E7D0030002
S2140111E0E75D0020F9D003000BD1030007B500F03E
S2140111F071F8054B0090054A0020054905F04AFEA6
S21401120003B05DF804FB00BF21D103007C5204004B
S214011210A2CC0300F8B504460B4F0C4E0C4D002033
S2140112200C4A0D4905F036FE20463B78297832787F
S214011230F4F79AFF00233B7033702B70FF21BDE853
S214011240F840064821F040BA035E0020E75D002022
S214011250E85D00207C52040026D10300B03F002048
S21401126037B51248FF2121F02FFA114B187810F0EC
S214011270100505D0002003B0BDE8304003F01CBFC8
S2140112800121B42004F0C6FA04460A4B0A4A0B4967
S2140112900090284605F0FEFD2046FFF7BBFF4FF401
S2140112A0806003B0BDE83040FEF7E6BCB03F0020EA
S2140112B0035E00203DD103007C520400A2CC030053
S2140112C00021024A0248FDF7F5BF00BF6112010086
S2140112D0B03F002008B5054B1B7823B11720FFF758
S2140112E099FF002008BD0220FCE700BF035E002036
S2140112F010B550B1054B00F1100250F8044B904266
S21401130043F8044BF9D1024B197010BDE95D00207A
S214011310F95D002037B5174D04462B78DB0626D538
S2140113200090154B0020154A154905F0B3FD1E2CFB
S2140113300BD0652C09D0032C19D0002023F034FBE8
S21401134040F61C40FFF766FF0DE023F055FB4FF417
S214011350FA63B0FBF3F202FB1300C218FF2109483F
S21401136092B221F0A0F92B7823F010032B7003B072
S21401137030BD00BF035E002056D103007C5204003E
S214011380A2CC0300B03F0020014B1879704700BF84
S2140113907457002070B54C4E8EB0337803F0FB02C4
S2140113A0A3F10905022AEDB258D0042B41F6041226
S2140113B057D0A3F108014B424B415B00134343480E
S2140113C0ADF80C3021F02AFD48B9414B3F4A03F1F4
S2140113D0100153F8040B8B4242F8040BF9D13D4B34
S2140113E01B78002B3FD03C4B0DF10E0203F1100190
S2140113F053F8040B8B4242F8040BF9D103A823F0EF
S214011400F3FA2328044610D1012D49D80020334A87
S214011410334905F03FFDBDF80C3003A823F4005313
S214011420ADF80C3023F0E0FA0446002C41D14FF41D
S2140114300C7023F0D7FA044600283AD103F0FAFEDE
S214011440012D36D8274A01AB1068516803C32649D7
S21401145001A823F025FB78B319242AE043F60412E9
S214011460A7E70223AAE73378042B0DD0082B0BD06D
S2140114701E4B0DF10E0203F1100153F8040B8B42C3
S21401148042F8040BF9D1B9E7104A0DF10E0302F147
S214011490100152F8040B8A4243F8040BF9D1ADE768
S2140114A0337803F0FB03022B03D10020104905F02B
S2140114B0F1FC20460EB070BD044901A823F0F0FAF5
S2140114C004460028C8D1F4E7035E0020D75D00205B
S2140114D023D20300F95D0020E95D00207C52040060
S2140114E07AD1030034D203006C5204003DD20300CB
S2140114F0D5D1030070B5002686B00446252023F01A
S21401150059FA1622002116480AF05CF8154B1E609F
S214011510154B1878FFF76AFD022814BF0123042330
S21401152003208DF8083023F093FA04238DF8103049
S2140115300E4B02A80593039403F030FD05460C4BB1
S2140115400C4A19680C4B3046A14208BF134600945A
S2140115500A4A0B4905F09EFC284606B070BD00BF3E
S21401156074570020D03F0020035E0020551801006C
S214011570B866002055D003005DD003007C520400FD
S2140115804ED2030008B5134A1378042B09BF124B39
S21401159001331B78C3F10603DBB2137003F0FD02BF
S2140115A0092A04D11720FFF735FE172008BD0A4A7D
S2140115B01278002A14BF052206229A4207D1074B49
S2140115C018680028EED0FFF795FF4D20EEE70020C3
S2140115D0ECE700BF035E0020F95D0020B466002042
S2140115E073B51E4C1E4E23683268134334D01D4B10
S2140115F01B6853B31C4D2B783BBB03F091FFF8B926
S2140116004FF48060FEF71EFB184B24681B7894B1DC
S214011610C3F102032B7003F047FD2046FFF76AFF74
S21401162004460020124B134A1349009405F032FC7D
S214011630204602B070BDC3F1060334682B70EAE79A
S2140116400121B42004F0E6F8EAE70020094A0B4934
S21401165005F020FC0224E4E70224E9E7B86600204E
S214011660B466002074420020035E0020F95D00206D
S21401167096D203007C520400A2CC03007CD2030065
S2140116802DE9F347384D394E00202A792B88384901
S21401169005F000FC3268287922FA00F010F001000B
S2140116A002D1344905F0F6FB334F3C783CB10822B1
S2140116B0324933480AF0D2FA041E18BF0124DFF873
S2140116C0DC80DFF8A490DFF8B4A014E098F80000FE
S2140116D049460130C0B288F8000023F05DF90028C1
S2140116E035D13C783CB10822514625480AF0B6FA75
S2140116F0041E18BF01242A793368D340DB07E5D5D9
S214011700002CE3D100922B881E4A1F49204605F083
S214011710C1FB1E4B1878FFF769FC0123032212490F
S21401172023F040F91A4A054613780133137010B9AD
S21401173002B0BDE8F08720462B46124A154905F04F
S214011740A9FB284602B0BDE8F047FFF763BD0020BD
S214011750114905F09FFBFFF715FF0028E8D102B0FD
S214011760BDE8F04700F01CB874570020D03F0020B9
S2140117709CD20300CDD20300025E0020FA5D002059
S214011780825700207C5204009CD30300035E002095
S214011790E75D00203DD3030066D30300D65D00203D
S2140117A02DE9F041214C224D2378002055F82330B5
S2140117B0204A214905F06EFBFFF7ECFD03461D4E5E
S2140117C01E4FDFF874802BB92378042B15D8B3B9D4
S2140117D01B4B15E032463946002005F05BFBFFF750
S2140117E0D1FE00BB2378324655F82330414605F03A
S2140117F051FBFFF7CFFD0346E5E7092BE8D1114B77
S21401180000201B68104A11491360114B187023F011
S214011810C3F820B1BDE8F0410120FFF7FBBCBDE8ED
S214011820F041FFF72DBFBDE8F08100BF035E002049
S214011830BC6600207C520400BCD30300C9D303005D
S214011840B4660020B8660020D03F00207457002000
S214011850D65D002070B51C4C23789BB3838913F4A6
S214011860407F2FD0056835B12A46BDE8704000207C
S214011870164905F00FBB23F08DF8154E0346307060
S214011880144A2846144905F005FB33781BB1BDE818
S2140118907040FFF785BF2378082B0CD8042B0CD893
S2140118A00E4B1B78C3F1060323700D4BBDE8704049
S2140118B01868FFF71FBE0A2BF2D1BDE8704018204A
S2140118C0FFF7A8BC70BD00BF035E0020F4D3030081
S2140118D0E85D00207C52040021D40300F95D00205D
S2140118E0B466002030B5464D03460446454A0020FE
S2140118F0454987B005F0CEFA2B782BBB01A823F01B
S214011900D1F8022301A88DF8043023F0B9F8B0B954
S2140119103E4901A823F0B6F888B1152C0FD123F063
S2140119206BF847F23153B0FBF3F202FB130000F5FC
S2140119301C50103080B203F0BFFB07B030BD162C30
S214011940FBD103F0F3FBF8E7152C2AD100202D4A32
S2140119502F4905F09FFA2B78042B11D0082B0FD0B6
S2140119602C4B1B78DA070BD401A823F037F818B9EB
S214011970BDF804309B0703D42B7843F010032B707B
S21401198023F03AF84FF4FA63B0FBF3F2FF2102FBBF
S2140119901300C218204892B207B0BDE8304020F0CC
S2140119A082BE23F05BF804460028C6D12B78013BA3
S2140119B0092B1ED8134A194905F06CFA184A194919
S2140119C013780133D8B2107022F0E6FF60B12046DA
S2140119D0154905F05FFAFFF7D5FD0028ADD107B030
S2140119E0BDE83040FFF7DCBE07B0BDE83040FFF78A
S2140119F047BE40F61C4007B0BDE83040FFF70ABCC2
S214011A00035E00207C52040045D403006C5204009F
S214011A105CD40300D55D0020B03F00206FD40300E6
S214011A20D65D00207457002066D303002DE9F041EF
S214011A300B4686B004460E4617463A490246002033
S214011A4005F028FA4FF000080123CDE901380DF121
S214011A5016030093424640230621204622F07EFAD2
S214011A60054640B102463049404605F013FA28467D
S214011A7006B0BDE8F0819DF816202AB936B90020D7
S214011A802A4905F007FAF2E7012EF8D082F00103A1
S214011A90002027498DF8173005F0FCF99DF817301E
S214011AA00DF1170633B310230022CDE9006306219A
S214011AB04023204622F01DFA064630B13246002069
S214011AC01C4905F0E7F93546D1E74FB9082120460C
S214011AD022F071F820B120469DF8171022F04AFB3B
S214011AE00521204622F067F80028C0D0204622F0C3
S214011AF03EFBBCE74FB90821204622F05CF820B136
S214011B0020469DF8171022F035FB10230022CDE960
S214011B10006306214023204622F0EBF90646002802
S214011B20DED0CBE79ED60300BAD60300D3D6030099
S214011B30F3D6030013D70300002208B5034B114662
S214011B401B681B685879FFF771FF08BD38430020F2
S214011B5008B5044B00221B6801211B685879FFF762
S214011B6065FF08BD3843002008B5044B00221B68FA
S214011B7002211B685879FFF759FF08BD384300203A
S214011B8010B50123002488B001A88DF80430CDE9F2
S214011B900244F5F7E3FC20469DF80420124905F0BF
S214011BA079F92046039A114905F074F92046029AFC
S214011BB00F4905F06FF910220E4B0DEB0201188844
S214011BC040F0604040F48010FBF744F920460A4993
S214011BD005F07AF904A822F04DFB2046074905F0E6
S214011BE059F908B010BD00BF2CD703004BD703002E
S214011BF06AD703002C52040089D7030093FF030021
S214011C0008B521F03CF90020024905F043F901200E
S214011C1008BD00BFA6D703000023054A8360C36042
S214011C20044BC0E9002311B14FF6FF730B807047D8
S214011C3049106DAA0530021110B5044660B10020A6
S214011C40064905F027F9052C06D002F0CBF9044920
S214011C500246002005F01EF9012010BDBAD7030088
S214011C60CBD7030037B500216A4601AB054621F004
S214011C70C7F9044668B100220F49104605F00AF973
S214011C8002F0B0F90D490246002005F003F903B051
S214011C9030BD0B4905F0FEF8012020F006F901F0F1
S214011CA099FF431C02D007F09DFFF0E72146284626
S214011CB0FFF7A6FFEBE700BFF4D70300CBD703007F
S214011CC03CD8030038B5054601F084FF044622F0EF
S214011CD01AFA4DB100200E4905F0DCF8631C14BF5A
S214011CE02046002007F040FF21F0D7F802280446DE
S214011CF005D0012805D10020064905F0CBF820467D
S214011D0038BD0020044905F0C5F80024F7E700BFF8
S214011D1059D8030073D803008CD8030008B50020F7
S214011D20034A044905F0B6F8BDE8084000F050BD86
S214011D3036E80300A5D8030008B50020034A044985
S214011D4005F0A8F8BDE8084001F0CAB9C4D80300F8
S214011D50A5D803001FB5D0E9023253F822306846F1
S214011D601C78214601F0D0FB684601F073FC28B9C7
S214011D702246044905F08EF804B010BD6846FFF708
S214011D8071FFF9E7CAD803000020014905F082B8BF
S214011D90E6D803007FB50DF1060102A8FFF73CFF68
S214011DA00020264905F076F80020BDF808202449D1
S214011DB005F070F80020BDF80A20224905F06AF8FF
S214011DC0039A0020204905F065F800201F4905F018
S214011DD07BF84FF6FF73BDF806209A4229D0002003
S214011DE01B4905F057F800201A4A1B4905F052F81E
S214011DF000201A4A1A4905F04DF8002219491046E2
S214011E0005F048F80020154A174905F043F80A225C
S214011E100020164905F03EF80A220020144905F074
S214011E2039F80A220020134905F034F807B05DF8A6
S214011E3004FB0020104905F02DF8D4E7F5D803007F
S214011E400DD9030026D903003FD9030058D9030052
S214011E5063D70300E09304006ED90300C02709008E
S214011E608DD90300ACD90300CBD90300EAD903000E
S214011E7009DA030027DA03006BD9030008B500204E
S214011E80034905F007F8BDE80840012001F0FAB95A
S214011E9045DA030008B50020034904F0FBFFBDE85E
S214011EA00840002001F0EEB95EDA030030B5104BB1
S214011EB0104D1B5C85B08DF80F302B78044683429D
S214011EC006D00D4B0D4953F82020002004F0E2FF08
S214011ED030232C700A4801930DF10F03009306225C
S214011EE080231921007822F004F805B030BD00BF28
S214011EF0935204000B5E0020A052040076DA030021
S214011F00206B00201FB5232303900193064803ABE3
S214011F100093012280231921007821F0EAFF03981B
S214011F2005B05DF804FB00BF206B002073B5164DAD
S214011F3004462B78154ECBB120F0D0FF012815D0E2
S214011F40346040F6B244124B1B78072B17D02D781D
S214011F50C5B920F0C3FF031E18BF01230D48009525
S214011F6022461921007821F048FB03E00023336064
S214011F70002CE8D1201E18BF012002B070BD02253A
S214011F800123EBE70025FBE7085E0020D43F002095
S214011F900B5E0020206B002008B50448FFF7C6FF43
S214011FA0BDE808400220FFF781BF00BFC027090037
S214011FB010B5064C208822F0DEF8608822F0DBF8A7
S214011FC06068BDE8104022F0E5B800BFD83F0020A9
S214011FD07FB523238DF813300DF1130302930423E9
S214011FE00648019305AB009301228023192100784E
S214011FF021F0B4FF059807B05DF804FB206B0020C4
S2140120002DE9F047DFF84C91044699F80000904618
S2140120100F4621F0B2FD0B2899F8002005D9BDE83E
S214012020F04700203F4904F035BF00263E4B3F4DA8
S2140120301E803F4BDFF820A103EB00135B880120D5
S2140120402B802A7104F04EFE05F0F6FE04F04AFEDF
S214012050204604F047FE0123042C8AF800300BD8F2
S214012060022C45D89C4216D02346BDE8F0470020F6
S214012070304A314904F00EBF062CF5D130462F49BF
S21401208004F008FF384604F02DFEFFF791FF97B1E4
S2140120908AF800600FE04FF6FF76294F3888801BDC
S2140120A018BF012004F01EFEFFF782FF3888B042F9
S2140120B001D022F060F819236B8099F800300020D7
S2140120C02B71204B1B786B71EB8843F04003EB8040
S2140120D01D4B198821F0FEFF034620B12246002041
S2140120E01A4904F0D7FE4046BDE8F047FFF71EBF89
S2140120F0304604F0F7FDFFF75BFFFFF769FF22F0BC
S21401210049F8134B1B78002B0CBF3F20202004F00E
S214012110E9FD042CCFD14FF4806022F02CF8322058
S214012120C7E700BF89DA0300985700209C570020B4
S214012130A841002043C80300D5DA0300B8DA03003B
S2140121408C5700201F6B0020C06A0020EEDA0300C7
S214012150075E0020206B0020085E002038B504468C
S21401216005200D46FFF7A2FE184B1A884FF6FD73A1
S2140121709A4207D10020164904F08CFEBDE838408B
S214012180FFF70ABF65B1134A13780133DBB2092B97
S214012190137014D90A2200200F4904F07BFEEDE7E4
S2140121A0012C0ED10B4B1D700C490D48FFF734FD69
S2140121B0BDE83840002101200A4AFFF721BF012C63
S2140121C0F2D0BDE838400748FFF7B0BEC06A00202D
S2140121D028DB03000A5E002053DB03008C57002037
S2140121E0D83F0020E093040008B50649002004F01B
S2140121F051FE0548FFF736FDBDE8084000210846B8
S214012200FFF7ACBF97DB0300D83F0020814237B50C
S2140122100346154608D2002000910F4A0F4904F0E4
S21401222039FE002003B030BD0C1A224600200C49AE
S21401223004F030FE40F6BB5322460020094904F064
S21401224029FE4FF47A735C43074B01209C4294BFEE
S2140122502C602B60E6E700BF43C80300A8DB030041
S214012260E5DB030000DC030080EE360010B5044613
S2140122700820FFF71BFE0D4B3CB91C700021BDE882
S214012280104006200A4AFFF7BBBE1B78092BF5D97A
S2140122900A220020074904F0FDFD0020064904F04B
S2140122A0F9FDBDE81040FFF79FBF00BF0A5E0020A2
S2140122B0C02709002CDC03006DDC030073B51F4D3D
S2140122C02C7834B100201E4902B0BDE8704004F0FD
S2140122D0E1BD0220FFF7EAFDFF221A4E1A4B3078C5
S2140122E01A7021F04AFC0B2807D920463278174984
S2140122F002B0BDE8704004F0CDBD154B1549009302
S21401230001EB0011012319224FF6FD70498805F0F3
S21401231037FA70B12046104904F0BCFD00220F4B7D
S2140123200F481C700F4B1A7002B0BDE87040FFF7E3
S214012330FDBD01240C492C70EEE700BF095E0020AC
S2140123407EDC0300206B00201F6B002089DA03006F
S2140123504D260100A8410020BFDC0300085E0020D6
S214012360C02709000A5E0020E5DC030038B5144DDD
S21401237004462B78052B21D91249FFF75DFC24B9B9
S21401238018B9114904F086FD0424104B195D21B9D2
S214012390BDE838400846FFF769BF032C06D02B7806
S2140123A0052B03D006200A4AFFF72AFE0021094B17
S2140123B008461970BDE83840FFF7D0BE38BD00BFEB
S2140123C00B5E0020D83F002007DD03008952040081
S2140123D0C0270900085E002030B5044689B00720F2
S2140123E0FFF764FD052C0AD100222A4B03A91A70B7
S2140123F002A804AA01F0FEFD30B1022045E09CB916
S2140124000122244B1A700224224D287878B1421EEC
S214012410504221495041FFF755FC022304462B70D8
S214012420022C0ED10A200FE0022CE6D1EBE7631F47
S2140124305A424FF0050018495A4120F056FD04460D
S214012440EEE7032C04D10020FFF770FD09B030BD84
S214012450062C06D10020114904F01CFD01232B7027
S214012460E0E70F4A0F4B2878002C18BF13460E4999
S2140124700E4A0094002808BF0A4600200C4904F0C2
S21401248009FD201E18BF0120400009B0BDE83040FC
S214012490FFF76CBF065E0020D83F002042DD030038
S2140124A03BDD030034DD030023DD03002DDD0300E7
S2140124B07DDD030013B51F4C0620FFF7F7FC2278DD
S2140124C0092A09D900201C4904F0E4FC042002B0C2
S2140124D0BDE81040FFF74ABF184B1B782BB300200E
S2140124E01FF007FD20F0FAFC68B9FFF771FD144BE9
S2140124F0196820F0EAFC02460420002102B0BDE87B
S2140125001040FFF77DBD01A820F0E6FCFF2809D1A9
S2140125104FF4FA6023780133237002B0BDE810400F
S214012520FFF704BD0198FFF7EDFC4FF4FA620320B4
S214012530E3E700BF0A5E002098DD0300075E002087
S214012540E83F0020F023F0B589B0CDE90003344818
S2140125508023002219210078324E334F21F0C9FC26
S2140125600020324904F096FC3246394603A801F0B1
S21401257041FD032804462E4D1CD10626039A2D49FB
S214012580002004F087FC0398FFF7BCFC00203968A4
S21401259000F0ACFE2E7001F09FF900220446264B97
S2140125A030461A70FFF782FC84BB09B0BDE8F040E4
S2140125B0FFF780BF28BB7268204904F06BFC2146F8
S2140125C004A8FFF729FB059B726893420BD02046AF
S2140125D01B4904F05FFC072305202B7009B0BDE8FA
S2140125E0F040FFF7F9BE1A462046164904F052FCA1
S2140125F00523002101202B7009B0BDE8F040FFF74C
S214012600ADBD0020104904F045FCF1E7042C05D0CF
S214012610042009B0BDE8F040FFF7A8BE09B0F0BD40
S214012620206B0020D83F0020E83F0020D0DD0300CB
S2140126300B5E002001DE03000A5E00203CDE030084
S21401264075DE0300C9DE030005DF0300F7B50446A7
S214012650876800202378364D012B287004D0354B2F
S2140126603549187004F016FC26785EBB334B1B7890
S214012670FF2B04D103B0BDE8F040FFF78DBC304B13
S2140126801B78032B11D82F4C0320FFF70FFC69464C
S214012690208822F0CBF9002843D02B49208805F06A
S2140126A0EDF820B12E70FFF777FC03B0F0BD0124E2
S2140126B0204B26491C7004F0EDFB0320FFF7F6FBC8
S2140126C02C70F2E7012E25D13B78002BEDD01B4D67
S2140126D02B78FF2BE9D1A68802F04AFF864206D165
S2140126E000201B4903B0BDE8F04004F0D3BB194BF2
S2140126F0A2881B783BB132B11749002003B0BDE870
S214012700F04004F0C7BB7B6814491B782B700D4B57
S2140127101A80F2E7032E08D108226846A16808F05D
S214012720A3FF6846FFF70EFFBFE700232B70A1E764
S214012730085E0020095E002020DF03001F6B0020DA
S2140127400B5E0020C06A00204D260100E5DC030078
S21401275040DF0300055E002066DF030091DF030013
S2140127607FB5094B1A78FF2A0AD1187001F088FB49
S2140127700022064B0DF1060102A81A80FFF74CFA5B
S21401278007B05DF804FB00BF206B00208A570020CD
S214012790152838B517D10C4B1D78A5B922F02CF9A0
S2140127A0C4B2012C38BF01240120FFF77FFB284665
S2140127B02246064904F06EFB4FF47A706043BDE88A
S2140127C03840FFF7B3BB38BD0B5E0020AEDF030019
S2140127D0034B1B78022B01D8FFF770BD704700BF73
S2140127E00B5E002070B5284C20F073FB2578274E31
S2140127F0BDB10020264904F04DFB264A137801336B
S2140128001370002323703378062B0AD1BDE870407D
S214012810214B1868B0F5FA6F38BF4FF4FA60FFF72E
S21401282085BB3378013B082B2CD8DFE803F005097C
S2140128300D2B13191D222700BDE87040FFF7C8BFF6
S214012840BDE87040FFF73ABD00232370BDE8704035
S214012850FFF7A2BB2946BDE870400120FFF77EBC0A
S214012860BDE87040FFF726BE0220BDE87040FFF7C6
S214012870B3BD0120BDE87040FFF7F8BCBDE870406D
S214012880FFF7B2BC70BD00BF085E00200B5E0020E3
S214012890DDDF03000A5E0020D43F002010B90520CA
S2140128A0FFF764BD034B1B78062B01D1FFF79ABFD8
S2140128B0704700BF0B5E00202DE9F0478E68054685
S2140128C033189A780C46092A8EB008D90020A349F5
S2140128D004F0E0FA852420460EB0BDE8F08750B932
S2140128E08B899F49895C8B4205D200919D4904F0F2
S2140128F0D1FA8024EFE79C4BE7881B889F4236D0AD
S2140129009A490978012932D932B13A4600209849C4
S21401291004F0C0FA7E24DEE7964B1A70934B2679B4
S2140129201B78052B03D0012B3AD8FFF751FF5EB970
S2140129303146204621F043FD0346002851D030465B
S2140129408D4A8E4904F0A6FAD4F80880A48998F82E
S214012950037098F80450002E4CD13046884A8949B5
S21401296004F098FA00210120FFF7F8FB4FE0002160
S214012970804B1970072A00F28A8301A353F822F0CC
S2140129801D290100CB2A0100CB2A0100DD2C010004
S214012990DD2C0100DD2C0100732F0100732F0100D7
S2140129A0022B17D102F0E4FD8742B3D00020764A0D
S2140129B0764904F06FFAFFF781FC46BB31462046A4
S2140129C021F0FDFC034610B36B4A6C49002004F06D
S2140129D061FA1CE06E4A00206E4904F05BFA01249D
S2140129E079E7A3681B78DA06AED432466A4904F062
S2140129F051FAA9E700210AA8FFF70EF9032F08D913
S214012A005F4B664A66490097002004F043FA0024AB
S214012A1061E76B1E632B04D9594B604A61490095E7
S214012A20F2E7614BE4B2DB5D9C4209D0CDE901439C
S214012A300020534B594A5D49009704F02BFAE6E70C
S214012A4057B3A4B222460521404621F0D1FBBDF87A
S214012A502830834203D04A4B554A5649B6E7012FE0
S214012A601AD022460721404621F0C2FBBDF82A3083
S214012A70834203D0424B4E4A4F49A7E7032F0BD15F
S214012A8022460921404621F0B0FB0B9B984203D118
S214012A903B4B474A494999E7642D3FF463AF21F020
S214012AA0ABFF6423C0B2B0FBF3F203FB12030133A6
S214012AB0DBB29D42BFF456AFCDE900530020304B48
S214012AC03B4A3F4904F0E6F9A1E7284B1B78052B62
S214012AD001D03C4A7FE7EB1CDBB2277BF45C44B1B8
S214012AE023460020374A384904F0D4F900210C4621
S214012AF00BE00F2F0DD81023204634490093314A9E
S214012B003B4604F0C7F9802401210020FFF726FB8D
S214012B10E1E60435EDB220462A4A2D4904F0BAF919
S214012B207A1B7119D2B206A820F0E6F905443A4696
S214012B30E9B2304621F059FB264D069A2B68264FFE
S214012B409A42386001D100284AD1244900201D4A02
S214012B5004F0A0F985240121D7E700BFFADF0300BE
S214012B60CC52040012E00300C06A00200B5E002075
S214012B7041E00300085E0020B7E00300BFE0030069
S214012B8047E103005CE1030085E0030092E00300F7
S214012B90E7E00300F4E0030011E1030071E1030044
S214012BA079E1030093E103008F520400B1E10300D1
S214012BB006E60300EBE1030015E203003DE2030035
S214012BC064E2030098E20300B2E20300E1E20300DC
S214012BD0F8E20300D83F0020E83F002021E303008D
S214012BE000F08EFF3E68B0420AD200F089FF9D4990
S214012BF003463246204604F04DF98924012184E734
S214012C00079A6B689A4205D12046974A974904F07D
S214012C1041F96BE79649097859B19A4209D220469B
S214012C20944904F037F996210620934AFFF7E8F90C
S214012C305CE7924A924905A801F0DCF9079E48B97B
S214012C406A68964206D88F4904F024F90520FFF7F2
S214012C50C3FB40E6324600208B4904F01BF9396875
S214012C600027002000F042FB00206E60FFF74AF9C3
S214012C70864B06201F80FFF719F9854B1F7001F060
S214012C80B1F90646F8B94FF6FF73824A0AA81188C9
S214012C90994214BF13463B466A88298801F012F907
S214012CA00AA800F0D7FC58B10AA801F0DDF938B13E
S214012CB03046794904F0EEF80420FFF757FB0AE6A0
S214012CC0FFF7F8FB07E6042805D1744B192118789D
S214012CD020F0AAFCFFE538467149EBE7714B1B78FB
S214012CE0062B01D0704A76E6DFF8A0A1EB1C94F81B
S214012CF00C90BAF80080DBB22EB930466B4904F06E
S214012D00C9F88724E7E5F75C2C1D972FE4B22FD08E
S214012D1025D8812F71D0952F67D017BBB9F1100F29
S214012D207FF6E7AD31194A460AA820F0E5F80444D3
S214012D30E4B221464A46304621F057FA231DDBB25B
S214012D40053416F803A0E4B2A9EB0403534505467F
S214012D5066DA009338465346534A5549C7E5982FD5
S214012D6043D03B460020504A524904F093F8C8E746
S214012D70B9F10A0F7FF6BDAD1FFA89F721463A462B
S214012D80304621F032FA05F1080104463A46C9B246
S214012D90304621F02AFA0AAA01462046FFF736FAFB
S214012DA008B9454B0A93B9F10C0F12D905F10C017C
S214012DB03A46C9B23046DDF8288021F019FA0446B1
S214012DC002463E49002004F065F8AAF80040444453
S214012DD00A940A9C3A492246002004F05BF82046F1
S214012DE0FFF7A4F820F080F811E63649002004F039
S214012DF051F80320FFF7BAFA09E6334C23786BB192
S214012E0020F065F850B10020304904F043F8002363
S214012E10237020F069F8FFF74DFBF8E52C49E5E74C
S214012E20DFF8A49099F8003043B9FFF7D1F885424E
S214012E30034607D01C4A27490095E5E520F04EF8E1
S214012E400128F2D110220D480AA908F007FF10B98F
S214012E50BAF13F0F42D9144A1F49002004F01AF86C
S214012E604FE700BF40E3030098E2030078E3030066
S214012E70045E0020ADE30300C0270900D83F002010
S214012E80E83F00203CDE0300EEE303008A57002003
S214012E900A5E00208C57002010E40300206B0020FF
S214012EA02FE403000B5E002055E403006AE40300F0
S214012EB097E5030079E50300E0930400A5E4030029
S214012EC0D0E40300EFE40300075E00200BE50300F7
S214012ED04AE50300D3E503000FE603006D4B1870C7
S214012EE099F800304BB11FF0F2FF30B128461FF0C1
S214012EF0F1FF042807463FF48AAD514628463219A9
S214012F0020F02BF928B10020634903F0C3FF042009
S214012F1070E799F80030554463B11FF0D8FF48B107
S214012F20FF2FF4D0012F3FF472AD032F16D11FF0FF
S214012F30D9FF05462846FEF7E5FF04460246052169
S214012F40564820F000F8564B1B689C420AD3204690
S214012F5020F0FEF80520FFF73FFA58E51FF0C0FF06
S214012F608046E7E74046FEF7E1FF00287FF44FADD5
S214012F7051E74C4B1B7803F0FD03082B01D04A4A5E
S214012F8029E5A48935B1F27822B10020474903F03A
S214012F9081FF2EE7E4B22246F11C0AA81FF0ACFF1F
S214012FA0434BBDF828201988054691420DD04FF6AF
S214012FB0FF718A4209D03C4A00203E4B3E4903F04D
S214012FC083FFBDF828203D4947E7BDF82A205988E8
S214012FD091420CD04FF6FF718A4208D0324A002047
S214012FE0374B354903F070FFBDF82A20EBE70B9A03
S214012FF05B689A420AD0013208D02B4A2E4900203B
S214013000304B03F061FF0B9A2F4926E7A4B2E91C67
S2140130102246C9B2304621F0E8F8E91DC9B2074692
S2140130202246304621F0E1F8431C014606D108202D
S214013030FEF73CFF2548FEF779FFE8E4384606AA86
S214013040FFF7E4F8A8B9214B0693214B0022197823
S214013050204B18781FF02CFF069C2046FEF766FFD3
S214013060224600201C4903F015FF0920FEF71EFF2B
S214013070CDE440F6B733069A9A42E6D840F6B8321F
S2140130800020164903F006FF40F6B833DCE781243A
S21401309021E400BF0A5E002042E6030065E6030065
S2140130A0E83F00200B5E00206EE6030083E6030087
S2140130B0D83F002005E20300AAE6030063D7030019
S2140130C02FE20300C5E60300C2EE030080EE3600E1
S2140130D01F6B0020206B0020FDE60300D2E60300F4
S2140130E008B50420FFF742F90020FEF7DFFE0023B3
S2140130F0054A19211370054A1370054B1878BDE867
S214013100084020F091BA00BF085E0020095E00204A
S214013110206B002010B5164B164C1A78164B002063
S21401312053F82220154903F0B5FE2178144B154AB1
S2140131300020002918BF1A46134903F0ABFE237876
S2140131402BB1124B00201A68114903F0A3FEFEF7BB
S2140131503FFF0446FEF73CFF0E4B19681FF0E6FEE4
S2140131602246BDE8104003460B49002003F092BEFC
S2140131700B5E0020085E0020A052040019E7030041
S214013180EFED0300D0ED030026E70300D43F002057
S21401319040E70300E83F002059E7030038B5014641
S2140131A004460020FFF788FB054698B1E37C002023
S2140131B00A4A0B4903F06EFE2379042B0AD02946EE
S2140131C0204621F0FCF8034620B10020054A0649B6
S2140131D003F060FE6FF0FF0038BD00BF43C8030078
S2140131E081E70300B7E00300BFE0030010B5134614
S2140131F0094A127882420DD163B1084A0020146848
S2140132000A46074903F046FE2146BDE81040012064
S214013210FFF752BB10BD00BF206B002038430020D3
S214013220A3E7030010B50D4B1C782CB1BDE8104088
S21401323000200B4903F02EBE6420FEF763FE4FF616
S214013240F0716FF00F02074B0320C3E9001222460C
S2140132502146BDE81040FEF7D3BE00BF0B5E00203E
S214013260DCE70300D83F0020014B1870704700BF11
S214013270075E002000210620014AFEF7C1BE00BFFE
S214013280C0270900014B1870704700BF045E00207C
S214013290114B2DE9F04107460D4618680F49101AE3
S2140132A009681FF043FEDFF840800D4E98F8004095
S2140132B00346FF2C307004D0A8420AD32C44A04207
S2140132C007DB3A460020074903F0E4FD337888F827
S2140132D000303078BDE8F081F03F0020EC3F002060
S2140132E00C5E00200AE90300216B002050EA01026F
S2140132F008D0FF22054B091A1A70054B1860054BBA
S2140133001960704711461046FFF7C2BF216B0020B7
S214013310F03F0020EC3F00202DE9F04FAFB006ADA6
S214013320284600F0FDFD0026624FDFF8D0912846C2
S21401333000F090F9044648B900F0BEFD5E49024629
S214013340204603F0A7FD2FB0BDE8F08F39460020D8
S214013350F2B203F09FFD284616A900F0FFFD0446D1
S21401336020B15649002003F095FD8FE0BDF85820A6
S214013370534903F08FFD49462046BDF85A2003F015
S21401338089FD2046BDF85C204E4903F083FD2046AA
S214013390BDF85E204C4903F07DFD2046BDF8602057
S2140133A04A4903F077FD2046199A494903F072FD10
S2140133B02046BDF86820474903F06CFD2046464983
S2140133C00DF16A0203F066FD44492046239A03F094
S2140133D061FDBDF85C30D90705D520469DF89020E3
S2140133E03F4903F057FDBDF85C309A0714D500201D
S2140133F03C4903F069FDBDF85830B3F5807F4FD1E5
S214013400002020F03CFF18B10DF1910003F0C4FC40
S2140134100020354903F03EFDBDF85C305B070BD557
S2140134200020BDF8B220314903F034FD0020BDF87C
S214013430B4202F4903F02EFD062228460DF116036F
S2140134400AA91FF0A2FD044690BBBDF81620294923
S21401345003F020FDDFF8A8A0DFF8A8B00DF12808DA
S214013460BDF81610A2B2914210D9B8F80020514604
S214013470002003F00FFD0134D8F80420594600203F
S21401348003F008FD062C08F10808E9D16C46204631
S21401349000F05AFD94E80F00013685E80F0046E774
S2140134A00123202200200DF1910103F057FCAFE724
S2140134B0114957E71CE90300E9EA030025E903007F
S2140134C049E903007DE9030096E90300AFE903003B
S2140134D0C8E90300E1E90300FAE903000FEA030083
S2140134E02BEA030044EA030093FF030057EA0300B4
S2140134F070EA030089EA0300BCEA030062E90300FC
S2140135009AEA0300AAEA03002DE9F04188B004AD67
S214013510044628468846002700F002FD6E464745C9
S21401352007D195E80F0084E80F00204608B0BDE8F3
S214013530F081304600F008FD96E80F0085E80F00A0
S214013540284600F087F801370028E8D1014B0FCB59
S214013550E9E700BF205504001FB5D0E9023253F851
S214013560223068461978FFF7CFFF684600F07CFDE9
S21401357048B1042809D1074A0020074903F08AFC0C
S21401358005B05DF804FB054AF6E70020044903F0A0
S21401359081FCF5E78BF4030004EB03003BEE03002C
S2140135A010E4030010B5D0E9023203EB820149684A
S2140135B053F8223098B00C6804A81978FFF7A4FFD6
S2140135C003AB40220093214608AB04A800F0E2FCBE
S2140135D0024628B100200E4903F05CFC18B010BD6D
S2140135E0039808A900F007040122C0F3C70003F0FE
S2140135F0FBFB039908A8091B014406480123224640
S214013600008803F0ABFB044803F0E4FBE6E700BFE9
S21401361014EB0300A857002093FF0300F0B50446FF
S2140136200D460B4BEF880FCB84E80F00AB882E8935
S2140136309B0741BFD5F83900D5F83D1004F10803C2
S21401364003C3EA682046278066806260F0BD00BF3B
S214013650D8520400102208B5034908F0FFFA0038D2
S21401366018BF012008BD00BF2055040008B521F091
S21401367021FEC288FF219208012A38BF0122024892
S2140136801FF011F8012008BD0040002038B5134690
S21401369090B10120274A1070274A00201160274A5E
S2140136A013600A46264903F0F5FB02F043FB254B5F
S2140136B01870022002F044FB21F017FEE8B91D4DF8
S2140136C01D4C2B782BB921F0F5FD2268C3681344F5
S2140136D023601A4B24681B689C4229D221F0EAFD1C
S2140136E0C168204606F022F8002402462C7050B924
S2140136F021F0FBFDFFF7BAFF03E0FFF7B7FF002855
S214013700DDD0012038BD20460F4903F0C3FB0D4B29
S214013710187802F015FB00200C4903F0BBFB00F003
S21401372091F908B900F0AEF92046FFF7B7F8E8E7D7
S2140137300124ECE70E5E0020F83F0020F43F002055
S2140137403BEB03000D5E002067EB030087EB0300F5
S21401375038B500F04BFA044600F042FA241A21F07C
S214013760A9FD054618B9B1211B4826F0D0FFAB8844
S21401377003F00303032B03D0B221174826F0C7FF3B
S21401378000F02EFA05461FF073FC01238340013B2F
S2140137902B4203D0B421104826F0B9FF1FF068FC75
S2140137A001238340013B234203D0B5210A4826F07A
S2140137B0AEFF05F091FD05461FF05AFC4FF48063FD
S2140137C0B3FBF5F3C440A34205D2BDE83840BA21A5
S2140137D0014826F09CBF38BD9DEB0300FF2108B5CC
S2140137E004481EF071FFBDE808400022114610464D
S2140137F0FFF74CBF00400020F7B504460E4600F028
S21401380089F8054621F056FDC3682B449C4220D317
S2140138101FF02EFC2C44C440013C114F3B68DEB126
S214013820A34219D101340023ADF8043000F0E4F9C5
S214013830054605F051FD103504FB005405F04CFD1E
S21401384001A90246204605F099FD1FF021FC3860CB
S21401385004E04FF0FF34E0E7A342E4DB03B0F0BD41
S214013860E86600204FF0FF320A4B10B51A600022BE
S214013870094B1A7000F0B4F9044600F0B7F9214676
S21401388002460120FFF702FF00280CBF012004209A
S21401389010BD00BFE86600200F5E002038B500F0BE
S2140138A0D1F808B9002038BD094D0A4C2B7823B948
S2140138B01FF0EEFB012320602B7024681FF0D8FB5D
S2140138C001348440EED000F025F82044EBE700BF39
S2140138D00F5E0020E866002070B50D4C2368002BB3
S2140138E001DA012070BD00F07BF9054621F0E2FC0B
S2140138F02468C6681FF0BCFB013404FA00F12944B1
S21401390001208A19FFF7C2FE0028EAD00420E9E761
S214013910E8660020024B18680C301FF0E9BB00BFB8
S214013920EC660020FF2307B50021044A04480093F3
S214013930FBF78AFC03B05DF804FB00BFDD3701002E
S214013940004000200E4B70B51C680546036804F560
S21401395082641C440E46FFF7DDFF2B68834208D2C3
S21401396032681A44824208D9C31A012033602C6097
S21401397070BD044A126813441C1A0020F7E700BF02
S214013980EC660020FC3F00202DE9F04FB3F5803FA8
S21401399087B00F469846019003D3002007B0BDE8D4
S2140139A0F08F03A904A8CDE90332FFF7CBFF00246B
S2140139B0824600F10109DFF888B05FFA89F9019BB8
S2140139C0DDE90356AAB27BB13046109921F079FCA5
S2140139D00028E2D1B9F1020F2BD1DBF800300493B5
S2140139E0019B03BB2F4421E03946304605F0C6FC57
S2140139F00028D2D1BAF1000FECD0002CEDD105F0A1
S214013A006BFC2E44B6FBF0F303FB10600028E4D0F9
S214013A1005F062FC05A902463046059405F0AEFCA9
S214013A200028DAD0B9E7109B2B441093A8EB0505C4
S214013A300395631C4B454FF00104C0D32046ADE708
S214013A40FC3F00207FB56B460C4A1068516803C3E3
S214013A5090680C2218600A4B0DEB0201186821F0E1
S214013A6030FC0C2268460DEB020108F0F7F8B0FABC
S214013A7080F0400907B05DF804FB00BFE85204007F
S214013A80EC6600201FB5084A01AB1068516803C3F5
S214013A90906801A91860054B0C22186805F06EFCA9
S214013AA005B05DF804FB00BFE8520400EC66002098
S214013AB0F7B5044615460E4681B9072A03D80024F1
S214013AC0204603B0F0BD0D4B80791968E3790630C6
S214013AD000EB03200C3180B21FF014FB00272146B7
S214013AE02B46324638460097FFF74EFF044600281D
S214013AF0E5D039467019FFF77FFEE1E7EC66002056
S214013B00024B1868A0F50060704700BFF8660020F9
S214013B1010B58AB0684606F015F810F0FF0027D1F8
S214013B20009BFBB1174C01A9206005F083FF10F044
S214013B30FF001DD12268009B9A4204D34FF4DD7129
S214013B40114826F0E4FD019B104A11491360029AC0
S214013B5013440B600F49A3F500630A600E4A136015
S214013B60009B63B940F2CF11074826F0D0FD06E06E
S214013B70044A034612680020084903F08BF90AB08C
S214013B8010BD00BFF066002050EC0300FC3F002093
S214013B90F4660020F8660020EC660020F8EC0300CE
S214013BA008B5FFF7B5FF21F085FB50B121F082FB88
S214013BB0064B02691B689A4203D2B321044826F0D9
S214013BC0A6FDFFF7C5FD012008BD00BFF866002071
S214013BD050EC0300014B1868704700BFF0660020E8
S214013BE0014B1868704700BFFC3F0020014B186866
S214013BF0704700BFF4660020014B1868704700BF8D
S214013C00EC66002010B5FFF749FE0446284900205F
S214013C1003F040F90020274903F03CF9002026492B
S214013C2003F038F90020254903F034F9244B00202D
S214013C301A68244903F02EF922462349002003F08E
S214013C4029F9FFF767FE21490246002003F022F911
S214013C501F4B00201A681F4903F01CF91E4B1F4C0E
S214013C601A6800201E4903F015F9226800201D4934
S214013C7003F010F94FF4806200201B4903F00AF9A3
S214013C80226800201949103203F004F92268002046
S214013C9017490C3203F0FEF822680020154902F598
S214013CA0826203F0F7F8BDE8104005F049BA00BF9C
S214013CB077ED0300B4ED0300D3ED0300F3ED03004D
S214013CC0F06600201EEE03003DEE030060EE0300EA
S214013CD0FC3F002083EE0300F4660020EC66002023
S214013CE0A6EE0300C9EE0300ECEE03000FEF03009F
S214013CF032EF030055EF03002DE9F04194B004467E
S214013D000D460020482102AA1FF00DFA18B95349A2
S214013D1003F0C0F819E060220021204607F052FCAB
S214013D2004224F4902A807F099FF90B16DB19DF8A2
S214013D300B30002001939DF80A309DF8082000936F
S214013D4048499DF8093003F0A5F8012014B0BDE8F4
S214013D50F081BDF80C20B2F5807F228003D0424965
S214013D6003F098F8F1E7BDF81420BDF80E10228193
S214013D70DDF816206180E2600499BDF81A206160C2
S214013D80228284F8320007AD04F112020FAE2B46F0
S214013D9003CBB342106051601D4602F10802F6D112
S214013DA00F9B324A63631360314B10221846002181
S214013DB007F008FCE288A388028022894280E26834
S214013DC042600BB90020C1E700263546A388D90713
S214013DD009D536B105F150026A4412F8482C84F828
S214013DE038200135EDB29A0714D520881FF0B1F8B6
S214013DF007466EB102AB03EB05080246414604F1E5
S214013E00390007F06FFD3A4641461A4807F06AFD49
S214013E102F44FDB2A3885B070DD556B105F15003BB
S214013E206B4433F8482C33F8463CA4F85A20A4F8DF
S214013E305C300435EDB2002EC4D1482D02D930468F
S214013E400D4965E72946382002AA1FF06CF908B922
S214013E500A495DE738250126B8E700BF78EF030079
S214013E60F4520400AAEF0300E0EF03002040002014
S214013E70244000202C400020FBEF03004BF0030001
S214013E8030B50B4C99B025786DB9FFF789FE68B14E
S214013E9029466846FFF730FFB0FA80F0054B400927
S214013EA0187001232370002019B030BD0120FBE7F4
S214013EB0105E0020115E0020014B1878704700BF8D
S214013EC0115E002070B51E46134B044618881D4629
S214013ED0884298B002D15B88934206D00F4B0FCB35
S214013EE084E80F00204618B070BD96B100216846E0
S214013EF0FFF702FF0028F1D1BDF804305B0708D5B3
S214013F003388BDF85A209A42E8D8BDF85C209A4218
S214013F10E4D395E80F00E3E7244000202055040091
S214013F20064B10B51B7804462BB9054B0FCB84E81E
S214013F300F00204610BD034BF8E700BF115E0020BE
S214013F40205504002440002010B50446024B0FCB38
S214013F5084E80F00204610BD205504000B4B10B519
S214013F601B78044608467BB10021FFF7C5FE48B919
S214013F7010222146064807F071FE003818BF0120BE
S214013F80C0B210BD0120FBE70120FAE7115E002058
S214013F90244000202DE9F0410E4690460E4910229D
S214013FA01F4607F05BFE044670B90C4B3A461D6887
S214013FB03046AD1B454528BF454629461FF0B3F898
S214013FC028B9074902F066FF0120BDE8F081069B8B
S214013FD020461D60F9E700BF244000202040002055
S214013FE04BF003000022024B1A70FFF73BBC00BFE8
S214013FF0115E00202DE9F0419CB00F461646804622
S214014000FFF74CFC054602461549002002F042FF28
S214014010382D20D9012104A8FFF76EFE0446D0B939
S214014020119B04A93B606F463846FFF7F7FA97E8FD
S2140140300F0086E80F00119BAB4297BF01210324B6
S214014040084AC8F8003094BF1170C8F800502046DE
S2140140501CB0BDE8F0810022024B01241A70F6E77D
S2140140607DF00300115E002070B5084D00262B7808
S21401407053B1FFF7F7FB04461022002104482E70C7
S21401408007F0A0FA204670BD3446F5E7115E002021
S2140140902440002008B50020064902F0FBFE064B2E
S2140140A000201A78054902F0F5FEBDE80840FFF742
S2140140B0A9BD00BF9CF00300115E0020C6F00300FE
S2140140C003460120024AC3E9032000221A70704702
S2140140D00100FEFF2DE9F0410024264E264FDFF8B1
S2140140E0A88088B000F0D4F9A5B2854202D308B002
S2140140F0BDE8F081284603A91FF04BF8A2B231466D
S214014100002002F0E1FE9DF80D2012B39DF812107A
S214014110BDF81030402914BF6E2179210020CDE969
S21401412000313946BDF80E3002F0CEFEBDF814203F
S2140141301AB10020114902F0C7FE9DF80C00BDF827
S214014140182070B9079B0E490093BDF81A3002F08B
S214014150BBFE00200B4902F09DFE013426F0E4FA76
S214014160C0E7BDF81C304146009300209DF81A3088
S214014170EDE700BFDFF00300E5F0030008F1030000
S21401418012F1030093FF030039F1030010B500F0AC
S214014190ABFABDE810400346024A0020024902F08D
S2140141A079BE00BF61F1030098B90300D0E902327D
S2140141B053F8223010B5188800F086FABDE8104092
S2140141C00346024A0020024902F064BE67F103007A
S2140141D098B9030010B5D0E90232002486B08DF8F4
S2140141E0044053F8221003EB8203097801A88DF8E6
S2140141F005105A681288ADF806209A681288ADF83C
S2140142000820DA681278ADF80C40A24214BF4022AA
S21401421080228DF80A201A691288ADF810205A6992
S2140142209B691288ADF812201B68059300F0D0FB3D
S214014230034A03460349204602F02CFE06B010BD91
S21401424003D0030098B9030038B50024064D26F0C4
S21401425057FA45F824000634C02CF8D10020BDE8F2
S2140142603840024902F016BE801000206EF10300AD
S21401427030B5002087B0204902F00CFE00201F490F
S21401428002F008FE00201E4902F004FE26F038FA6D
S21401429000240546A0B201A901341EF07AFF202CA5
S2140142A0F8D126F02DFA1749421B002002F0F2FD44
S2140142B01549002002F0EEFD26F022FA0446012000
S2140142C000F09EF826F01CFA0E49021B002002F0B0
S2140142D0E1FD0E49002002F0DDFD26F011FA04464C
S2140142E01EF048FF26F00CFA021B0020054907B015
S2140142F0BDE8304002F0CEBD9AF10300C9F10300DB
S214014300F9F1030016F2030025F203003FF2030061
S21401431010B50C4603F022FD08B9032C12D101F0AA
S214014320FFF804280ED001F0FBF805280AD006484D
S21401433002F060FC1C2801D11FF0C9FEBDE8104048
S21401434002F068BC10BD00BF7F3103002DE9F04FBD
S21401435000274FF0FF36DFF8A4B0264C87B0BBF835
S2140143600030B8B2834209D8731C3BD03246FF21D5
S214014370214807B0BDE8F04F1EF095B901A91EF01F
S21401438008FF9DF8050001F001FFF8B19DF80480D3
S214014390B8F1000F1AD1BDF810A0BDF8129026F0A2
S2140143A0AFF918210246BBB24B43E018E158007C36
S2140143B04FF47A73A2EB010C50B103FB0AF3634589
S2140143C00ED30B44981A864228BF06460137C6E725
S2140143D04D466B43FAD06345F5D31944881AF2E784
S2140143E04046F0E7FF21044807B0BDE8F04F1EF055
S2140143F06BB900BF80100020344000208E5700208B
S2140144002DE9F041014688B058B1022810D01EF0BF
S214014410DAFE78B3D221194808B0BDE8F04126F09B
S21401442076B9FF23164A17480093FAF70DFFEEE711
S21401443000244FF001082746134EA5B2284603A9CB
S2140144408DF80D701EF0A5FE9DF80D0068B101F007
S2140144509DFE20B19DF80C300BB986F81080013412
S214014460202C06F11806E8D12546084B1D80FFF7DB
S2140144706DFFCCE708B0BDE8F08100BF5FF2030036
S214014480B547010034400020801000208E570020E0
S214014490014B1888704700BF8E5700202DE9F04F5A
S2140144A0634A077D89B004466249002002F00CFD8C
S2140144B000201FF0E4FE20B12368218A588803F00B
S2140144C09BFC00205C4902F0E5FC637DDFF87491FB
S2140144D0002B236808BF08205988574B18BF0020B7
S2140144E00093228A4FF0090314BF4FF080084FF063
S2140144F0400802F02FFBA289BB1C93420CDB1FF085
S21401450058FF034620B100204C4A4D4902F0C2FC38
S214014510012009B0BDE8F08FA068791C89B2C55D9D
S2140145201FF066FE0337012D0646BFB213D8236877
S214014530324659885879238A009343461FF0A2FAD7
S214014540824600283ED1862002F0CCFB284602F0A7
S214014550C9FB304668E08520F6E703A91EF019FE80
S2140145609DF80C30AB4223D123689DF80D105A7983
S21401457091421DD1BDF80E105A88914218D1BDF84E
S2140145801020B24214D19DF81220424510D1BDF838
S2140145901410228A91420BD1002D38D0BDF8181084
S2140145A0E288914204D19DF81A201B799A422ED0B6
S2140145B00BF1010BB9F800305FFA8BF08342CCD8CF
S2140145C08B20C1E74FF0000BF4E79AF8020002F0E7
S2140145D089FBBDF818001FF0CEFDBDF81A001FF0CC
S2140145E0CAFD9AF8020003F027FE002883D19AF844
S2140145F0020001F09DFC0546079E002D3FF47BAFAF
S214014600F0B2013D02F06EFB360AEDB2F5E700208E
S21401461002F068FB284602F065FB30461FF0ABFD52
S214014620012DD2D1BDF81C001FF0A5FD63E700BF28
S214014630EEF20300C0E6030093FF0300FBF2030063
S21401464018F303008E5700202DE9F04391B0694618
S21401465080461EF09EFD0023194F8DF801303888E4
S214014660431E98B28045388009D1694640461EF0FF
S21401467098FD68461EF07CFD11B0BDE8F0834FF052
S214014680180905A91EF085FD0E4C3E880AAD09FBEA
S21401469006460FCE0FC596E8030009FB084485E8D9
S2140146A003000AAE404605A91EF07BFD0FCE0FC4DF
S2140146B095E8030084E8030069463888D7E700BF19
S2140146C08E5700208010002008B5064B1B888342B9
S2140146D005D9FFF7B9FFFFF739FE002008BD2720EF
S2140146E0FCE700BF8E57002038B5074D2C882CB943
S2140146F0FF2106481DF0E8FF204638BD601E80B247
S214014700FFF7A2FFF2E700BF8E57002034400020DB
S2140147102DE9F3479A4618239DF82890244FCDE9B2
S214014720001203FB09731446D3E902231FF020FF8E
S214014730064620460D4603F07FFD04F0FD03382BA8
S21401474080460FD1009432462B460021DAF810003D
S2140147501EF04AFDB8F1010F1BD135431ED102B040
S214014760BDE8F087392CDAF810300BD107EE906AE5
S21401477007EE103AF4EEC77AF1EE10FAACBF01205C
S2140147800020E7E79E4275F100032CBF01200020C0
S214014790E0E7B8F1000FE2D10028E0D0182303FBD0
S2140147A0097701233B7402B0BDE8F047FFF7CEBDA1
S2140147B0801000202DE9F04F00252E46A846AA4677
S2140147C02C46DFF8BC91D1B0694BA8B21B88834256
S2140147D009D81CB161882079FFF79AFDFFF7B6FD6D
S2140147E051B0BDE8F08F0BA91EF0D3FC25F088FF71
S2140147F01823AFB27B4309EB030B59F8033005903E
S2140148009DF82D00049301F0C1FC002800F0AE8055
S2140148109DF82C10002940F0A980DDE90432D01A59
S2140148204FF47A72BDF838305343834200F29E80CB
S2140148309BF8103043B9BDF83A30002B00F0968053
S2140148405343834200F29280FD230022CDE90132D8
S21401485010AB00930DF119020DF11A03E9B20BA882
S214014860EFF736FD002877D1BDF81A30DA1C04932D
S214014870D2B214B33F4B9DF82D101B8813442279F6
S214014880914214D1BDF82E10628891420FD19DF845
S2140148903220B8EBD21F0AD1BDF83420524506D1DA
S2140148A0B3424DDD0020344902F0F4FA01E0B34290
S2140148B0F8DC61882079FFF72BFD02F0E7F9044662
S2140148C09DF932002D4BC043C00F0093BDF8342034
S2140148D00A23BDF82E10C0009DF8328002F03AF986
S2140148E09DF82D304FF0000B23714FF48A53FF26AD
S2140148F0BDF834A04FEAD818E38007A95FFA8BF019
S2140149001FF0DAFFC0B2B0B99DF81D109DF82D203A
S214014910914210D1BDF81E10BDF82E2091420AD149
S21401492022469DF829109DF81C001FF04BFDB04251
S21401493028BF3046C6B20BF1010BBBF1200FDCD10C
S214014940BDF830001FF017FC9DF8190002F0CAF9F7
S214014950049910A802F0DAF9182300225F4309EB44
S21401496007031A7425F0CCFE49F8070001352BE73A
S2140149708E57002098570020D7F3030093FF0300BB
S2140149808010002070B500240126104D8AB02B88B7
S214014990A0B2834204D80AB0BDE87040FFF7D6BC87
S2140149A005A91EF0F6FB9DF8150001F0EFFB50B1CE
S2140149B09DF814303BB91A46CDE901360093E1B2B1
S2140149C005A8EFF785FC0134E1E700BF8E5700200C
S2140149D02DE9F0430389DFF858818BB0B8F80090D1
S2140149E00093044683798288418840781FF04AF80C
S2140149F0002800F09580E78927B1A389BB4200F221
S214014A0091800027B8F80030BDB2AB4214D84D46AD
S214014A1001264FF6FF73E2899A4226D146B9B8F8C5
S214014A200030AB4202D92846FFF70EFEFFF78EFC98
S214014A3000200BB0BDE8F083284605A91EF0A9FBAF
S214014A409DF814307BB92268059B5340FF2B0AD88A
S214014A506368069E5E4036F07F4604D1BDF81C2092
S214014A6023899A42D5D00137CCE7E2689A422BD007
S214014A70002E53D1D4E90323CDE9082305A81EF05F
S214014A8077FB0028D5D1B8F80030AB4204BF6B1CC9
S214014A90A8F8003025F034FE18236B43234AE9B208
S214014AA0D050D418002305A81A46CDE90133009347
S214014AB0EFF70EFC18B100220023C4E902232846B2
S214014AC005A91EF06EFBB1E7234605AA04F1100CFA
S214014AD0174618685968083303C763453A46F7D13D
S214014AE01868386005A81EF046FB0028C0D01F2DA8
S214014AF01AD800238DF8143063788DF81530638842
S214014B00ADF81630A388ADF81830A3798DF81A30B1
S214014B102389ADF81C300028B0D1ABE70020E6E7CA
S214014B20862086E7872084E7892082E78010002098
S214014B308E5700202DE9F04FB04A90F814908DB0B2
S214014B400446AF49002002F0BFF900201FF097FB92
S214014B5020B12368218A588803F04EF90020A9491C
S214014B6002F098F9637DDFF8B8A2002B14BF80230A
S214014B7040230293236808BF08205988A14B18BF19
S214014B8000200093228A072301F0E4FF0023039309
S214014B90A28909F10305954211DB039B13B9184657
S214014BA002F0A0F81FF005FC034620B10020964A4B
S214014BB0964902F06FF901200DB0BDE8F08FA068AC
S214014BC009F1010189B210F809601FF011FB3246A4
S214014BD0804603468E490020ADB202F05BF98EB1E5
S214014BE0012E00F08A808527384602F07BF8304691
S214014BF002F078F840461FF0BEFA852FD2D0012386
S214014C00039376E0A06809F10401A28989B2475DA1
S214014C101FF0EEFA09F10601A289049089B2A06894
S214014C201FF0E6FA3A4605900090049B3046794913
S214014C3002F030F909F1080938461FFA89F503F040
S214014C40FBFA002857D1384601F072F92946034687
S214014C508146A289A0681FF0BCFA6F498346304698
S214014C6002F032F9A1684A4629443346304602F03A
S214014C7075F83046634902F00DF9A9441FFA89F523
S214014C802368424659885879238A0093029B1EF06E
S214014C90F9FE18B18378BB4240F0AC80483FFFB2C2
S214014CA0092F05D840F21133FB40DB0700F1A48041
S214014CB000238DF81C30236807A85A798DF81D202B
S214014CC05B88ADF82080ADF81E30029BCDF82CB085
S214014CD08DF82230238AADF82430049BADF82830B5
S214014CE0059BADF82A30FFF773FE074600287FF4D0
S214014CF07BAFA9464CE7B346C2E72946A289A0681E
S214014D001FF076FA4FF0000B024607464349002093
S214014D1002F0C0F809F10509BAF800301FFA89F562
S214014D20BAF800201FFA8BF94A4503D81F2B31D950
S214014D30892759E7484607A904931EF02AFA9DF8E1
S214014D401C20049B012A22D122689DF81D0051795E
S214014D5088421CD1BDF81E005188884217D1BDF883
S214014D602010414513D19DF82210029881420ED1A0
S214014D70BDF82400218A884209D1BDF82800E188BF
S214014D80884204D19DF82A10127991421BD00BF16A
S214014D90010BC5E7012299468DF81C20226851793E
S214014DA08DF81D105188ADF82080ADF81E100299BF
S214014DB08DF82210218AADF82410E188ADF828106C
S214014DC012798DF82A2007A8ADF82C701EF0D0F9BC
S214014DD0074600287FF408AFBAF8003048469945E0
S214014DE008BF09F1010307A908BFAAF800301EF0A1
S214014DF0D8F97EE78D27F7E68C27F5E602F403005F
S214014E00C0E6030093FF030063F4030018F30300F6
S214014E100AF4030027F4030048F4030053F40300E4
S214014E208E5700202DE9F04F07468846914600250B
S214014E3089B09A46BDF848B09DF84C60149C224B48
S214014E401A88A8B2824235D903A91EF0A2F99DF8A4
S214014E500C201D4BB2BB9DF80D10B94232D1BDF8E6
S214014E600E1041452ED1BDF8101049452AD19DF8A6
S214014E701210514526D1BDF81410594522D130469D
S214014E80029201F055F8A6F14103012B01460AD81A
S214014E9020461FF0B3F90D4B0D4A204484420CD135
S214014EA00421029302ACEDB232462046009503ABD4
S214014EB0FFF72EFC09B0BDE8F08F14F8011F4B4038
S214014EC05343EBE70135BBE78E570020C59D1C8198
S214014ED0930100011FB50F4C2478C4B142EA0322A6
S214014EE09DF818308DF8051042EA43220A4BADF8BA
S214014EF00C201A78094B8DF80610079903EB02135C
S214014F0000908DF80400DB6868460291984704B06B
S214014F1010BD00BF125E0020145E00205440002029
S214014F2073B51A4DFF211A481DF0CEFB2B7853B3EB
S214014F30184C194E2378180106EB03131A7A596890
S214014F40305C1FF03DFD4D281DD0E0B1012300214E
S214014F502278CDE900311201B25CC0B2FFF7BAFF88
S214014F600A2223780A480133DBB2B3FBF2F102FBD3
S214014F701133FF2123702B78013B2B7002B0BDE863
S214014F8070401DF099BB02B070BD00BF125E0020DC
S214014F90F4400020145E002054400020F8B5104F65
S214014FA03E780A2E1AD00FC8DFF840C00D4D9CF887
S214014FB00040013605EB041585E80F000A2301348D
S214014FC0E4B2B4FBF3F203FB12440748FF218CF86A
S214014FD000403E701DF070FB0020F8BD0120FCE78C
S214014FE0125E002054400020F4400020135E002092
S214014FF00021024A0248FAF75DB900BF214F0100BD
S214015000F4400020002337B50C46124D12492A7889
S214015010CDE9003312018A5C01230146E0B2FFF7B5
S21401502059FFA4B90D490A788AB10A202B78013AAA
S2140150300133DBB2B3FBF0F40A70FF2100FB14333B
S21401504007482B7003B0BDE830401DF035BB03B0F8
S21401505030BD00BF145E002054400020125E0020C8
S214015060F440002008B500F0BDF850B1054B064AE3
S2140150700649052808BF1A46BDE80840002001F089
S21401508009BF08BD77F4030093FF030098F40300FB
S21401509008B503201FF0AEFC10B90122014B1A70AF
S2140150A008BD00BF155E00200022024B18781A705A
S2140150B0704700BF155E00200246FF2101481DF023
S2140150C0F2BA00BF14410020114B37B51D78C5B99F
S2140150D0FF2110481DF0F8FAFFF7DAFF04460090AA
S2140150E00D4B28460D4A0E4901F0D4FE4CB10D4B2E
S2140150F01B78DB0605D528461FF056FC20461DF01A
S214015100A8FE094B186803B0BDE83040FFF7D4BFCE
S214015110155E002014410020B5F40300E3F40300FB
S214015120A2CC0300035E0020FC660020FF2101489C
S2140151301DF0CABA1441002070B51A4E05463378E0
S2140151400C466BB30020184A184901F0BDFE032C2B
S21401515001D0652C20D11649002001F0B5FE22466B
S2140151600020144901F096FE0020134901F0ACFE20
S214015170012329460822002001F0F0FD00200F49F6
S21401518001F088FE032C88BF0023204688BF3370B9
S214015190BDE87040FCF7BEB8012CE0D00849DBE75B
S2140151A070BD00BF155E0020E3F403008CD0030041
S2140151B0F6F4030043D7030014F5030093FF03003E
S2140151C00CF50300014B1860704700BFFC66002019
S2140151D00021024A0248FAF76DB800BFC950010023
S2140151E014410020054B10B51C782CB90448FF214A
S2140151F01DF062FA204610BD0520FCE7155E002072
S21401520014410020F8B50024074B084E1D68084FCE
S214015210E3B29D4204F1010400D8F8BD394656F8C0
S21401522023001CF008FCF3E7F4700400F870040097
S214015230C867002010B5044C23780BB11FF0CAFBD9
S2140152400123237010BD00BF226B00202DE9F74318
S214015250254B0D4616460446019350B14AB1042328
S21401526001AA12F8011BA94235D0013B13F0FF0336
S214015270F7D1212003B0BDE8F08317F8010F90FAAB
S214015280A0F0000E1CF013FE014608EB070399453B
S214015290F3DCCAB2C1F30F2392FAA2F293FAA3F394
S2140152A0120E1B0E03EB0223DB43621912F8020CEB
S2140152B099B2DBB298420CD112F8013CB3EB112F34
S2140152C007D132462146284603B0BDE8F0431FF019
S2140152D0E9BA2320CEE74FF6FF71671EA5F1020952
S2140152E0C4F10108D1E700BF080A0E12014B18707D
S2140152F0704700BF165E0020024B1A681860826075
S214015300704700BF00670020024B186800B1406874
S214015310704700BF0067002070B5044600250A4BA1
S2140153201B687BB100211E8807E05A6802EB01105A
S214015330013145B9021B554255418AB29642F4D80D
S2140153409B68EEE7184670BD006700202DE9F04F18
S2140153501E46002393B0022E074688461446DDF803
S21401536070909DF874A0ADF81A3040F2C08099F89C
S21401537000305A0729D5042E40F2B98099F804B0B6
S21401538000255F4B33F83520002A00F0B680013542
S2140153900A2DF7D1209B002B40F0AD80FF2500237E
S2140153A0207908AA0DF119018DF819301EF0B4FE06
S2140153B070B1BDF82C309DF8190023801EF02EFF29
S2140153C00790C0B113B0BDE8F08F99F802B0D7E7E7
S2140153D020791EF0D2FB0B28059000F28A802079F6
S2140153E01EF02DFF07900028ECD1464A059B02EBE4
S2140153F003135B8823804FF6FF73002F08BF4346D5
S21401540062880021CDE9002358465246238802F0DF
S214015410FDFD18B1E38843F02003E380209B07A934
S2140154200DA8CDE90D34CDF83C90ADF84080ADF82F
S21401543042608DF844708DF845A01EF080FE08B1DC
S2140154400798BFE7484602F025FDA01D02F010FDB3
S2140154502246414638461EF0B5FFB04227D3E388C0
S2140154602246C3F30E03E3809DF87C304146039346
S214015470BDF87830384602930DF11A03CDE9009352
S214015480F3B21EF0EDF8209B079003B3F8B9BDF810
S2140154901A2042B1092D06D81B4B03EBC5018A80A1
S2140154A0209A43F835201120FAF7CCFB1CE0BAF11C
S2140154B0000F0AD10DF11A03CDE9006322464B46CF
S2140154C041463846FAF7D2FFDDE73820DBE7052804
S2140154D007D1E388DB0607D5002301200793FFF7F2
S2140154E005FF079B002BDED01EF09DFEA8E70120DE
S2140154F068E7212066E71C2064E7EDB24FE700BFAE
S2140155003C410020A8410020384100204FF6FF72A0
S214015510024B1A805A809A80704700BF905700202D
S21401552010B5044C2379FF2B02D11FF081FA2071AC
S214015530207910BD9057002010B50C4C2379FF2B15
S21401554008D100201EF06AFE20B91FF071FA207102
S2140155501EF069FE2079022805D00438012894BF80
S2140155600020012010BD0020FCE700BF905700205E
S2140155704FF6FF7310B5044C22889A4202D11FF0F1
S2140155804DFA2080208810BD9057002010B5FFF7F7
S214015590BDFF40F61D439842044607D8B0F5416F5B
S2140155A005D2182826D8152848D829D010BDA0F528
S2140155B041630D2BFAD801A252F823F001560100DF
S2140155C001560100AD550100AD550100AD55010074
S2140155D0AD550100AD550100AD5501005156010014
S2140155E063560100FD550100FD550100FD55010002
S2140155F0FD55010040F606439842D7D11C4920E0EC
S214015600FFF7B6FF1B490246002001F043FC152CAC
S21401561005D11FF0EDF9BDE810401EF099BD164BFF
S214015620164A1749B4F5416F08BF1A46002001F023
S21401563031FC1EF08CFD1EF08BFDECE71628DDD14B
S2140156401049002001F026FCBDE810401EF0A2BE65
S2140156501EF0EDF8BDE8104002460B49002001F0AF
S21401566019BC0020BDE81040084901F013BC00BF7A
S21401567073FC030020FC030093FF03001BFC0300E4
S2140156803CFC03005CFC030088FC0300B0FC030048
S21401569007B5094A0346108831B9084A084903B0D4
S2140156A05DF804EB01F010BC0091064A064901F0D2
S2140156B00BFC03B05DF804FBA85700209FC703004E
S2140156C0D0FC030043C80300A2CC03000D4B37B542
S2140156D01B68044693B11D780389012D08BF022576
S2140156E00093C37A084A0020084901F0D3FB2146FB
S2140156F0284603B0BDE830401FF052B9022003B07F
S21401570030BD00BF7442002045FD0300F4FC0300D9
S214015710002010B51EF082FD0D4B1B6863B15A7850
S214015720052A03D862B1052402220AE0FF2AFAD02C
S2140157300020084901F0AEFBBDE810401EF073BD25
S214015740144610461FF088F920461FF083F9F3E748
S214015750744200204AFD030013B5134C00201EF0CE
S2140157605DFDFFF7D3FE23689BB101A81EF052F83A
S21401577078B923681A789DF804309A4209D0D91E60
S214015780032906D9D11E012903D9012A07D1022BE3
S21401579005D1032301A8ADF804301FF007F902B0C4
S2140157A0BDE810401EF03FBD74420020002319469C
S2140157B0034A01330A2B918042F8081BF9D170473E
S2140157C0384100207FB50E4605461FF0F1F82A46FF
S2140157D0044603460D49002001F05CFB96B10C4BD4
S2140157E036211A889B78ADF80C208DF80E300323ED
S2140157F0002200934FF6FC7003AB8DF80D501FF09E
S2140158002BF80446204604B070BD00BF6BFD0300B4
S21401581030550400FF2810B50C4604D10020044979
S21401582001F038FBFE202146BDE81040FFF7CABF55
S21401583084FD0300F8B51E460B8807460C46154640
S214015840002B64D14A88B1F9021000200029B8BFA4
S2140158506B78304901F01EFB6288132A1DD002F5D1
S214015860FF437F339BB2052B23D8A2F50042013AB2
S214015870052A1ED8DFE802F0193F1D033C09264A17
S2140158802649002001F006FB13E0254A23490020A3
S21401589001F01AFB2A792349F3E7022E94BF4FF64B
S2140158A0FF72B5F801202049EBE700201F4901F0FF
S2140158B0F1FA33462A46214638461FF0C3FF70B92F
S2140158C033462A46214638461FF0BEFF48F22103DA
S2140158D062889A4203D1384669781EF026FC6388AE
S2140158E0B3F5004F02D90820FAF7C6F90120F8BD32
S2140158F02A790F49C5E70F4A0849002001F0E4FA62
S214015900032E94BF4FF6FF726A880B49B9E7002051
S214015910EDE700BFBFFD0300E7FD0300EEFD03005A
S214015920FFFD030005FE030013FE03002BFE03002C
S21401593045FE030067FE03006CFE03002DE9F041FF
S21401594016888AB0DFF88C80ADF80E300DF10E03A4
S214015950C8F8002015460093324610AB07460C46A1
S214015960FAF716FE90BB109B8DF824000693BDF83F
S2140159700E3004A8ADF81C30AB898DF81070ADF868
S21401598020306B890594ADF81E60ADF822301EF00C
S214015990D4FBD8B921463046BDF80E30109A01F036
S2140159A0C9FF98B921463046BDF80E30109AFFF768
S2140159B041FF58B9CDE9006039462046BDF80E30A2
S2140159C0109A02F049FB08B9C8F800000AB0BDE811
S2140159D0F08100BF34410020F0B585B004AB03E987
S2140159E0030000231C469DF80D609DF80E70154AB5
S2140159F0D9B202EBC1004568EDB99DF80C302846D6
S214015A0000939DF80A209DF80B300F4901F05CFACF
S214015A1026B1324628460D4901F056FA0C4A0020B6
S214015A20002C18BF2246BDF808300A4905B0BDE86B
S214015A30F04001F02FBA12F831100133B94208BF15
S214015A402C46D5E7D85404007EFE03008FFE0300E3
S214015A500EC7030093FE03004FF6FF7310B5084C04
S214015A6088B062889A4207D102A90DF107001DF09D
S214015A70CFFEBDF810306380608808B010BD00BF4F
S214015A80905700202DE9F04F85B0894692461C4676
S214015A900746BDF83850BDF83C80109E002833D02C
S214015AA00346464A0020464901F00EFA2388002B99
S214015AB076D040F20912934274D0424A4249B3F575
S214015AC0827F08BF0A46CDF80480618800200091D5
S214015AD03E4901F0F9F9238893B1B8F1020F0FD9C5
S214015AE033783B4913F0010F3A4A18BF0A46590763
S214015AF04FF000004CBF3379B378374901F0E4F931
S214015B000020364901F0C6F90023354931F8332023
S214015B10AA4249D1334A52F833B0002331F8330050
S214015B20DA00A84246D100202E490A44908041F866
S214015B30330047B9238833B9B4F90230002B02DBAE
S214015B400820FAF77FF80120FAF796F89EB1357823
S214015B50EB0710D515F0040004D04246012130466B
S214015B601EF046FBCDE901704346224651464846A3
S214015B7000961EF05FF8BBF1000F06D043462246A2
S214015B8051464846CDE90067D84743462246514626
S214015B904846CDE900671DF013FD05B0BDE8F08F5E
S214015BA0114A90E7114A8EE701330A2BAED14FF026
S214015BB0000BB2E701330A2BB0D1BAE74BBE0300A4
S214015BC0BAFE03000FC70300A8FE0300C8FE0300C9
S214015BD0ABFE0300B3FE0300F9FE030093FF0300D0
S214015BE03C41002038410020A1FE0300A5FE030031
S214015BF00D4BF0B54FF00C0C1F88054600230B4EDD
S214015C00DCB2BC4201D30020F0BD0CFB04F4301919
S214015C10345DAC4205D144888C4202D10479944269
S214015C20F2D00133ECE700BFC26A00201067002003
S214015C3073B501262B4D2C4C2A462046FF23002106
S214015C400096F9F701FB2A462046FF23002100961D
S214015C50F9F7FAFA2A462046FF2300210096F9F7BB
S214015C60F3FA2A462046FF2300210096F9F7ECFABC
S214015C702A462046FF2300210096F9F7E5FA2A4630
S214015C802046FF2300210096F9F7DEFA2A46204631
S214015C90FF2300210096F9F7D7FA2A462046FF236C
S214015CA000210096F9F7D0FA2A462046FF23002164
S214015CB00096F9F7C9FA2A462046FF2300210096E6
S214015CC0F9F7C2FA2A462046FF2300210096F9F783
S214015CD0BBFAFF232A46002120460096F9F7B4FABC
S214015CE002B070BDEF2E0300884100202DE9F84375
S214015CF000244FF00C090C4B0C4F1E78DFF8308057
S214015D003A88E5B2954202D33046BDE8F88309FBEE
S214015D100585FF21A8681CF0E5FC18B9AB799E4201
S214015D2038BF1E460134EBE7175E0020C26A00202A
S214015D3010670020014B1878704700BF175E0020DF
S214015D40014B1870704700BF175E0020F8B5064675
S214015D500C461EF0DFF90546C8B930461DF00DFFAA
S214015D600B2815D80B4B03EB00131F7B87B95A88FA
S214015D70012122809A88304662809B79237100F047
S214015D8037FA39466071304600F032FAA0710125C3
S214015D902846F8BDA841002070B504460E461546B3
S214015DA01DF0EBFE0B2802D94FF6FF7070BD094BB4
S214015DB003EB00131A7B002AF6D146B901222946C5
S214015DC0204600F03DFA0028EED00088EEE7012ECE
S214015DD0EAD1F4E7A8410020FF2313B50DF107012E
S214015DE004468DF807301EF093F918B19DF80700A8
S214015DF002B010BD074B03EB04131B7B0BB1FF2056
S214015E00F6E7204600F03AF90028F8D0204600F0E0
S214015E10E9F9EDE7A841002013B5F6F70BFA0446B9
S214015E20F6F70EFA224603461249002001F032F830
S214015E3000F084FFFFF7BAFC00F0A6F8022108463E
S214015E4002F046FDFFF764FC41F249001EF016FE23
S214015E504FF0FF130093FF2368468DF804301EF0C1
S214015E60F3FD4FF400401EF0D1FD00201EF0EEFDC4
S214015E7002B010BD48FF030038B505461EF06AF9AA
S214015E8090B928461EF016FD044628B140F6044394
S214015E90984214BF88248D2423462A4600200349AD
S214015EA000F0F8FF204638BD8D24FBE760FF0300B5
S214015EB02DE9FF4705460E4617469846BDF8309031
S214015EC0DDF834A0BDF83840CDF80090CDE9014AA0
S214015ED0E4B2FFF7D7FD43463A4631462846CDE9B8
S214015EE00094CDF808A01FF076FCFF21034B044A6E
S214015EF0044804B0BDE8F04700F01ABE9C570020E5
S214015F0098570020EF5F0020044B014618881022A6
S214015F1040F0404040F48010F6F79CBF2E5204003B
S214015F20024B18685968FFF757BD00BFDA950400A1
S214015F300123064AD15C814202D1054AD05C7047F2
S214015F4002335F2BF6D10020704700BF32550400A4
S214015F503355040070B500220446094B1D78094BE1
S214015F60D0B2854201D8FF2070BD1E78A64204D16A
S214015F700029F9D05E7BF607F6D401321033EFE73D
S214015F80185E0020A84100202DE9F04198B06B462C
S214015F90304A1068516803C390680CAA18602E4BEB
S214015FA014469C4603F118061546186859680833C6
S214015FB003C5B3422A46F7D112AA1746274B03F167
S214015FC01806154618685968083303C5B3422A46A9
S214015FD0F7D1234A03AB106851684FF0010E03C393
S214015FE0906871681860DCF83000002206AB03C3C5
S214015FF00C21EC46B068CDE909221860194BDFF890
S2140160006C801970184B0DEB01060B9206AD09A9B1
S2140160101CF8010B0132187034F8020B0C2A588058
S21401602037F8020B83F80DE0988016F8010B03F1A0
S214016030100303F80A0C15F8010B08EBC00043F82F
S214016040080C11F8010B03F8040CE1D118B0BDE8F7
S214016050F08100BF7AFF0300A2580400BA5804007A
S21401606087FF0300185E0020A84100209C5504000D
S214016070014B1878704700BF185E0020034B03EBF6
S2140160800013587B00F00100704700BFA8410020B4
S214016090F0B504460846D9B100220E4B11461F78CA
S2140160A00D4B1D46D6B2B74201D8002010E01E782F
S2140160B0A64206D09E68F688314489B20132103372
S2140160C0F0E75E7BF607F9D505EB02150180A868B7
S2140160D0F0BD00BF185E0020A84100202DE9F3475F
S2140160E0894690461D46074618B9002002B0BDE80D
S2140160F0F0870029F9D0002AF7D0002BF5D000242C
S21401610000780DF10601ADF80640FFF7C1FF002843
S214016110EBD039460DF10602BDF806601DF022FCF3
S21401612007460028E1D00DF10602BDF806A01DF0D5
S21401613040FC0028D9D0C9F80070C8F800000379DF
S21401614013F0200219D1DB0614D4BDF806300C4A30
S214016150564413FA86F612FA86F20BE01A790C33D5
S214016160920642BF13F8092C891889B29842F5D8CD
S214016170044A0A4401202A60B8E72146024BF5E7A3
S2140161803B5F0020195E0020DC57040008B50021A3
S214016190FFF7E0FEFF2817BF044B084603EB00138A
S2140161A0587B18BF00F0010008BD00BFA8410020C1
S2140161B02DE9F0410D4616461F461DF0DEFC0B2864
S2140161C00AD8074C3B4604EB001032462946BDE888
S2140161D0F04180681DF09EBC0020BDE8F08100BF44
S2140161E0A8410020014B0001185C7047A84100201F
S2140161F070B50C461DF0C1FC0B281BD80F4B03EBEA
S21401620000139A68C2B10023142618461579D9B22C
S2140162108D4200D870BD116806FB0311097B34B9A5
S21401622011F0800F1CBF0130C0B20133EFE711F04F
S214016230400FF7E70020EDE71046EBE7A841002006
S214016240F8B50D4616461DF098FC0B280BD80F4BDB
S2140162504FF0140C03EB00139A6800231C461779C1
S214016260D9B28F4201D80020F8BD10680CFB03009C
S214016270017B46B911F0800F03D0AC42F4D0013453
S214016280E4B20133ECE711F0400FF5E7A841002036
S2140162902DE9F04F064600243A4B87B01B783A4F5B
S2140162A00093009B9C4207D2FF2E08D030461DF07B
S2140162B064FC0B28044606D907B0BDE8F08F07EB4F
S2140162C004131B7B2BBB23014FF00008019307EB44
S2140162D0041A14E014221B6802FB05352B89B3F55A
S2140162E0967F01D924F020FA4FF000094FF00C0BED
S2140162F029891FFA89F291420ED808F10108019BFB
S2140163005FFA88F5FB189B681A79AA42E2D8FF2E35
S214016310D2D10134E4B2C4E71FFA89F00BFB00F0D6
S2140163206B6819180A7912F0100F23D19AF800E059
S21401633012F0400F8DF80CE0B5F800E0185AADF8F1
S2140163400EE00CBF4FF0400E4FF0800EADF812007D
S21401635028468DF810E01DF0D1FA5307ADF8140069
S214016360C8780AD50228896800D90968002203A8D6
S2140163701DF0A0FB09F10109BAE702288CBF896864
S2140163800831F3E7185E0020A8410020052370B508
S214016390094A06881488B44208D19578047B2C40B3
S2140163A03F2C03D90D4201D0506870BD013B02F16C
S2140163B00802EFD11846F8E74C58040070B50024DF
S2140163C0074D084E2B78E0B2834200D870BD06EB2D
S2140163D00010437BDB0701D51DF0AEFC0134F1E76D
S2140163E0185E0020A8410020F8B50C46002105469D
S2140163F0FFF7B0FDFF2829D0154A060102EB00136E
S2140164005B7B03F001016CB143F001031644A1422A
S214016410737305D0C4B100B202EB00101DF08CFC02
S2140164200120F8BD2346F1E77B4311682846CA18C8
S214016430127BC95AD2091DF0EBF80134B268E3B2F7
S21401644011799942F0D8EBE71427F7E70846E8E711
S214016450A8410020F0B59446497D20B339B30129FF
S21401646018BF042100254FF6FF702F462A46144E0A
S2140164703488644511D196F803E01EEA010F0CD06A
S214016480B4789C4209D30AB1BC4206D81EF0100F5C
S21401649003D08AB1BC420CD370B90135072D06F181
S2140164A00406E5D1F0BD002908BF0821D8E702217E
S2140164B0D8E727460020F0E727460122FAE700BF83
S2140164C0305804002DE9F04F0A9FBDF824E09DF8EE
S2140164D02C809DF830904C7D78B394B3012C18BF76
S2140164E004240025194800F11C0C068896421ED18A
S2140164F090F803B01BEA040F19D08678464516D3E8
S2140165001BF0100F91F80FA004D0BAF1000F0ED0B7
S214016510B1F810A0BAF1000F09D1A94513D0AE45C4
S21401652011D95E553E88013501363E80ADB2043044
S2140165306045DAD10120BDE8F08F002C08BF0824A1
S214016540CDE70224CDE70020F5E700BF3058040070
S2140165502DE9F04F0024B1F57C4F0E4638BF4FF0C1
S214016560010BA246A1464FF6FF781F4628BF274BD0
S21401657085B028BFB3F800B0009001925C4503D304
S214016580404605B0BDE8F08FB6F57C4F0CD3204BE6
S2140165903A4603EB840331465B880098FFF708FE12
S2140165A0054680B300232AE03A46314600981DF09E
S2140165B014FBF5E70C229CB254436A680199105B00
S2140165C002EB040C884219D3B9F1000F01D05045F3
S2140165D014D861462846CDE902321DF08FF9029B98
S2140165E060B1039A125BB9F1000F03D0524501D393
S2140165F0804503D9924680464FF0010901332A8926
S2140166009CB2A242D6D80134A4B2B7E79255040090
S214016610945504002DE9F04F91461A4600238BB09D
S2140166208DF82020BDF850208DF81C00ADF81E1006
S214016630ADF8242005460F461A4604A907A8159C5E
S2140166409DF858609DF85CA09DF860B09DF8648048
S2140166500493ADF822901DF0D9F9049850B92B4651
S214016660CDE90079644A654900F014FC86200BB038
S214016670BDE8F08FBAF1000F14D18378B34206D08B
S21401668050465D4A5E4900F005FC8D20EFE7037930
S21401669013F0010306D11846574A5A4900F0FAFB8F
S2140166A08820E4E703795B072CD583685A689B68E2
S2140166B00592069380781DF03DFF049B0546DF7822
S2140166C02146022F03463A4610D805A81DF0EEFED5
S2140166D081462B463A46214606A81DF0E7FEB9F14B
S2140166E0010F01D001300DD18720C0E705981DF0BC
S2140166F0DDFE0128F8D02B463A46214606981DF0C5
S214016700D5FEEFE7BBF1000F6FD1049F4FF6FF7286
S2140167102146B8781DF090F800286BD0BDF82430DB
S214016720C5B20093CDE902549DF82030BDF8222071
S214016730BDF81E109DF81C0001961DF0FAFC0028FD
S21401674095D1BDF82430CDE902540093BDF822203E
S2140167509DF82030BDF81E109DF81C0001961DF016
S214016760C5FA002883D121469DF8682007A81DF0A8
S214016770A1F900287FF47BAFB8F1000F07D03B46A4
S2140167802046BDF81E209DF81C101DF036FABDF8F7
S2140167902430BDF82220BDF81E109DF81C00009381
S2140167A0CDE901649DF82030FEF73CFBBDF82430AE
S2140167B0BDF82220BDF81E109DF81C000093CDE9FF
S2140167C002549DF8203001961DF0B2FCBDF824302D
S2140167D0BDF822200093BDF81E109DF820309DF8CC
S2140167E01C001DF05BFA002041E70020064900F07E
S2140167F051FBF8E701203AE794FF0300A0FF0300EE
S214016800CCFF0300E0FF0300F4FF03007FB5002583
S2140168108DF80830BDF820308DF80400ADF806106C
S214016820ADF80A20ADF80C306946BDF82830099A53
S21401683001A80B9E00951DF0E9F8044630B916B183
S214016840009B9B783370204604B070BD8928FAD12E
S2140168502846024900F01EFBF5E700BF11000400C0
S2140168602DE9F04F4FF0000AC7B0FFF701FC5FFAC1
S2140168708AF6B04202D847B0BDE8F08F5B4B3601CE
S2140168809A5D00205A4900F005FB0020594900F0A6
S21401689001FB00230593554B9DF8144033449B6838
S2140168A01A79A24202D80AF1010ADEE714224FF051
S2140168B000091B6802FB043422891FFA89F39A42F5
S2140168C002D8059B0133E5E70C231FFA89F803FB81
S2140168D008F8D4F804B023F027FF0BEB08052B7952
S2140168E0454913F0400F3BF8083022884FF000006E
S2140168F00093424B18BF0B46414900F0E5FA294682
S21401690020461CF0FBFF074600283CD13D4900F01D
S214016910DBFA2979DFF814C111F0010F3A4818BFE4
S214016920604611F0020FAA78EB7832D1DFF800C189
S21401693011F0100F354918BF6146CDE9000100205E
S214016940334900F0C1FA2B793BF8082013F0400FC9
S2140169504FF0000B4FF0FD030DF118082188CDE92B
S214016960023BCDE9007821480CBF40238023805D9F
S214016970FFF74CFF86280ED12649002000F08AFA40
S21401698009F1010998E702462349002000F09CFA24
S214016990BFE72249D1E7A8781CF0A0FFD8B140464E
S2140169A01DF02CFC421C92B201234146002000F04F
S2140169B0D5F93946208801F001FA4FF6FF7398425F
S2140169C007D0174B174903EBC0035A68002000F0A5
S2140169D061FA1549D1E7A8781CF086FF20B1404638
S2140169E01DF011FC821CDEE7EA78DDE7A8410020F5
S2140169F063000400710004003B0004004000040032
S214016A00B1000400F4F10300480004004B00040048
S214016A10C5000400E10004008205040053000400E0
S214016A201C590400CED0030093FF03004500040068
S214016A305B0004002DE9F04FC7B0BDF844A106463F
S214016A40BAF1040F0D4614461F46BDF840B163D98E
S214016A50CDE9013B00920B4602463049002000F08A
S214016A6019FAFD230DF117090DF1180830460293A6
S214016A7022463B462946CDE900B8CDF80C90FFF7F3
S214016A80C5FE0646B8B9FD22414699F800001CF03D
S214016A90D3FE0746C0B1AAF10403834238BF892654
S214016AA020461DF068FB8EB1304600F01BF93046DB
S214016AB047B0BDE8F08F009023462A4600201849CB
S214016AC000F0E8F90027EBE78926E9E7DFF85CA0A4
S214016AD0BA1CBAF80030C3F1FF039A4219DA3046FD
S214016AE000F000F999F8000000F0FCF8BAF8009000
S214016AF00C483A4641464844B94404F0F3FEAAF825
S214016B00009023462A4630460749009700F0C2F90E
S214016B10CDE7892000F0E6F88926C8E7ED000400F5
S214016B2028010400EF5F00204F0104009857002061
S214016B3010B5044C20600448018004490A60044AE8
S214016B40136010BD70420020965700206C42002052
S214016B506842002030B587B00AAC0D4654F8041BD5
S214016B600093CDE9011413460949024609480988EC
S214016B70006805941DF001FA4FF48A52064B1B6813
S214016B801880064B1B685D80DA8007B030BD00BFF9
S214016B9096570020704200206C4200206842002078
S214016BA008B410B587B009AB0C4653F8041B009225
S214016BB0CDE9011302460B490B48059309880023CA
S214016BC000681DF0DAF94FF48A52084B1B681880EA
S214016BD0074B1B685C80DA8007B0BDE8104001B047
S214016BE0704700BF96570020704200206C4200207C
S214016BF068420020044A034611680448044A09888A
S214016C00126800681CF092BC6C42002068420020AA
S214016C1070420020044B054A1B6812681988044B11
S214016C2018681CF0F6BB00BF6C42002070420020C2
S214016C306842002007B5074B1B681B880192064A6D
S214016C4012680092054A12681CF044FC03B05DF815
S214016C5004FB00BF6C420020704200206842002006
S214016C601FB51446064A12681288CDE90143009101
S214016C70044B05491B6809681CF008FC04B010BDEC
S214016C806C4200207042002068420020014B1868C8
S214016C90704700BF68420020024B1B68187159718B
S214016CA0704700BF6842002010B50024084B1C70D6
S214016CB0FEF75EFC074BFF2218802146064804F0CB
S214016CC081FC064B1C80064B1C605C609C6010BD02
S214016CD0F96000209A570020EF5F002098570020A7
S214016CE09C57002007490B88FE2B9FBF064AD054AD
S214016CF0581C80B29DBF088000F1FF30801800202C
S214016D00704700BF98570020EF5F0020F8B5094F85
S214016D100D463B885C18FE2C0ADC074E0A46A4B2D8
S214016D200146F01804F0A0FC3C80641BA019F8BDD5
S214016D300020FCE798570020EF5F0020024B034A33
S214016D4000201A60704700BF744200209855040066
S214016D50014B1878704700BFA841002030B4044D9D
S214016D60044C002B0CBF2B46234630BC1DF06FBADB
S214016D703BBF03002202040070B5054608460C46D8
S214016D801DF03CFA611C0246024B2846BDE87040E5
S214016D901DF05DBA4109040000B5037889B0069379
S214016DA043783E220593837808490493C378039376
S214016DB0037902934379019383790093C379044855
S214016DC0008800F081F809B05DF804FB7D0104003D
S214016DD0A8570020024B02460249188800F05AB80C
S214016DE0A8570020A7C503002DE9F04705460E4623
S214016DF017460024DFF84480DFF844A0DFF844900B
S214016E00AC4201D1BDE8F087B8F8000006EBC4013A
S214016E10534608221DF01BFA0134B8F800003FB9AA
S214016E20044AA54208BF4A46034900F04DF8E7E781
S214016E304A46F9E793FF0300A6C50300A8570020BA
S214016E40220204006FAE03002DE9F0410E4E044607
S214016E5030881DF014FAA8B100250C4FDFF83080F9
S214016E60E3070AD518B94146308800F02DF8308876
S214016E702A46394600F028F8002001351B2D4FEA36
S214016E805404EDD1BDE8F081A85700203AEE030086
S214016E90C5FE03000EB417B505A9044651F8040B48
S214016EA0019103F091FA01210220054AF8F7ECFC62
S214016EB0044B1C8003B0BDE8104003B0704700BF10
S214016EC093FF0300A85700200EB417B505A9044682
S214016ED051F8040B019103F077FA034B1C8003B0C1
S214016EE0BDE8104003B07047A857002013B50368EB
S214016EF00446587900F032FF90B923685A88032A6D
S214016F000ED0E17C5B79CDE900211649164AFFF7E0
S214016F10C1FF012120461DF052FA012002B010BD2A
S214016F20637D012B0AD0637D33B92368228A598891
S214016F3058791CF02EFE48B9C3200AE02368228A3D
S214016F40598858791CF02EFE0028ECD020461DF0FA
S214016F5098F9064B1B78002BDFD110F5807FDCD02B
S214016F60C1B2D7E7AA010400A2010400F060002024
S214016F70002970B50F491D460F4B14460CBF6E22F3
S214016F807922002808BF0B4600200C49FFF79CFF1A
S214016F900B4E2544AC4205D1BDE87040002009499E
S214016FA0FFF778BF3146002014F8012BFFF78CFF5E
S214016FB0F0E700BFE3010400D9010400EC0104007E
S214016FC02002040077E503002DE9F04FC27C8BB068
S214016FD00592427D0368002A14BF80224022077D65
S214016FE00446856886895879B846B3F802900692B1
S214016FF000F0B4FEA0B9059B052B05D86FF02D0354
S214017000059A1341DB070BD5B9F1030F08D0AB493D
S2140170100020FFF73FFF012120461DF0D0F976E062
S214017020E37B1BB1228A002A00F0B781607D002233
S214017030B0FA80F05B4203F00403DFF88CB240093B
S21401704043EAC000ABF80020FFF74CFEE37B1BB31E
S214017050208A1DF090F88246A07CFFF743FE059A31
S214017060162A00F29A81DFE812F019009E016C00E0
S2140170705600D2016C009201D9019A01E001E701A4
S214017080EE01390102029801980198011402580292
S21401709014027002390102029A46DDE700204B46CF
S2140170A0874A8849FFF7F6FE0120FFF71BFE08F125
S2140170B00207B74229D84146324628461DF098F8BD
S2140170C08046236842465879BBF800304946C3F1EA
S2140170D0FF039BB20193238A0093069B1EF0B5FB28
S2140170E010B11FFA87F8E2E7236842465879BBF8E1
S2140170F000304946C3F1FF039BB20193238A0093F4
S214017100069BFFF797FC8928EBD11DF052F9012069
S2140171100BB0BDE8F08F4FF0000B0420FFF7E2FD47
S214017120F31E0893089B984552D3BBF1000FECD190
S214017130E37B94F81480002B0CBF02220422624BDE
S2140171401A804FF0000B0420FFF7CCFD5F4608F1D4
S214017150030A564540F29D803246414628461DF0B8
S21401716047F805EB08039B78F21EAA44A2EB080237
S21401717007905146184692B209931CF05DFB0890A1
S214017180002879D02268099B5079CDE901A3238A8A
S21401719049460093DDE906321CF07DFE82464A46EA
S2140171A00020079B4949FFF78FFEBAF1000F55D122
S2140171B00BF10103504646495FFA83FBFFF76AFE6F
S2140171C0089B08F1030813FA88F81FFA88F8BEE747
S2140171D03246414628461DF00BF805EB08039F781A
S2140171E0089B08F10301A3EB08022944824692B2E8
S2140171F0384609911CF020FB079068B3236809996B
S214017200587902970191238A524600934946069B74
S2140172101CF091FE0746B8B10BF1010338465FFA40
S21401722083FBFFF75FFD50461CF0A5FF53464A4619
S21401723000202649FFF72EFE3A4600202549FFF793
S21401724029FE802F3FF471AF079B08F1030813FA5C
S21401725088F81FFA88F865E78027DDE75046FFF7CC
S21401726041FD07981CF087FF013752460020194957
S214017270FFB2FFF70FFEA3E78720FFF733FD07985E
S2140172801CF079FF0137872212490898FFB2FFF7F1
S21401729001FE059B052B3FF43AAF002F7FF435AF77
S2140172A0BBF1000F05D10C495846FFF7F3FD8021CD
S2140172B0B2E63846FFF716FD27E700BFF2B5030032
S2140172C02D0204007A0204009857002037020400B9
S2140172D07A010400530204005D0204000599A84ADD
S2140172E0A84B0020152918BF1346CDF80090A64AD2
S2140172F0A649FFF7CFFD059B0C2B14BF16200D20CA
S214017300FFF7F0FC3246284639461CF071FF059B14
S2140173103D440C2B0646AD7835D1192D28BF1925CD
S214017320E37BB3B14FF6FF73278A9F4211D12068E2
S21401733032464946069B4079FFF70AF9B84208D01B
S214017340BAF1000F05D020828AF80000000A8AF8F8
S21401735001000020BBF80070FFF7C4FC236832462A
S2140173605879059B4946A3F1150CDCF1000343EB64
S2140173700C03CDE90153238A0093069B1CF0FFFC06
S214017380834BD855C1E6132D28BF1325C8E72046E1
S214017390FDF7D0FB00287FF4BAAE81213CE62046FB
S2140173A0FDF77CF8F6E7B9F10A0F05EB0708A6EB3F
S2140173B0070A21D1DFF8DCB19BF80030E3B1E37BAB
S2140173C0D3B9BAF1080F17D13246394628461CF010
S2140173D00FFF88B998F8023073B998F80320E22AAB
S2140173E00AD13246391D284605931CF0FEFE1CF0D4
S2140173F0CBFF059B8BF80030414648461FFA8AF2C0
S2140174001EF025FA00287FF482AE002104E6F21B66
S214017410484692B2E9191CF0A8FEF3E7F21B48466B
S21401742092B2E9191CF065FEECE7F21B484692B2EF
S214017430E9191CF08AFEE5E7F21B484692B2E91903
S2140174401EF007FADEE72368EE5D5879238A0137D6
S214017450ED5D0193069B3246494600932B461CF090
S214017460CDFB2A46314648461CF045FE4FE60598B8
S2140174707A1CE95DB31AA0F1160670427041003914
S214017480009018BF012148469BB22A441CF035FEE5
S214017490B8E7059BEE5D112B3D446F7838D112207D
S2140174A0FFF720FC0025E37BB3B14FF6FF73B4F87A
S2140174B01080984510D133464A4621462846FEF7A5
S2140174C0C9FF404508D0BAF1000F05D020828AF8DE
S2140174D00000000A8AF80100BBF80080DFF8B0A0BF
S2140174E0C8F1FE0292B208F10103009253444A46E3
S2140174F021462846CDE90267CDF804B0FEF7E2FF43
S214017500BBF800300AF808000133ABF80030FCE5A0
S2140175101420FFF7E7FB0125C5E77B1C9E422CD311
S214017520EF5D1D44003F18BF0127F31A9EB2334694
S2140175302A4639460020FFF71BFD00962B463A46A1
S2140175404846218A1CF0DDFD5CE77B1C9E4214D375
S214017550EF5DF61A003F18BF01271D44B6B2334649
S2140175602A4639460120FFF703FD00962B463A4688
S2140175704846218A1CF0C3FD44E70020C8E500BF49
S21401758093FF0300280204006E0204007802040040
S214017590EF5F0020EE60002038B54FF6FB7504461D
S2140175A0A9424FF001019DF8100098BF43F4004333
S2140175B0217023816260A07202230020084A0949D3
S2140175C0FFF768FCE07A084B40F6CA0203EB40106E
S2140175D0FF211BF068F8BDE838400420F8F732BBFD
S2140175E08802040093020400B842002030B5054624
S2140175F085B028B91D4905B0BDE83040FFF74ABC43
S2140176000024007B1CF00AFE2046194A19492C70FA
S214017610FFF740FC184BE87AFF2103EB40101BF004
S21401762053F82046154B02019A5C22B90130042812
S214017630F9D1F8F721FB696899B1B5F908302A89BB
S2140176409B1303F002038DF80430C2F30E03ADF86A
S21401765006304FF6FF73ADF80830002301A80393F8
S214017660884705B0BDE830401CF0DDBDBE02040011
S21401767088020400F0020400B8420020784200208C
S2140176800948037873B91946084AD3720133042BA3
S2140176901173117051601181917202F11002F4D1CF
S2140176A001230370704700BFEF600020784200207E
S2140176B008B5FFF7E5FF002305491A018A5C01EBCF
S2140176C003101AB10133042BF7D1002008BD00BF07
S2140176D07842002070B50D460646FFF7D1FF00231D
S2140176E0094800EB0514A17AB14205D1217819B1F8
S2140176F02B4400EB031070BD0133042B04F110047E
S214017700F1D10020F7E700BF7842002010B504460B
S214017710FFF7B6FF0E4B9C4212D003F120029442B3
S21401772010D003F1400294420ED060339C420DD13A
S2140177300323084800EB0310BDE81040FFF756BFCF
S2140177400023F6E70123F4E70223F2E70020F3E73C
S214017750B84200207842002070B50024064D074E3E
S2140177602846324600210134F7F7A4FD042C05F122
S2140177702005F5D170BD00BFB84200200D7701008D
S2140177802DE9F34105460C4617469846FFF790FF4C
S214017790064640B91C4A1D49FFF77CFB02242046D9
S2140177A002B0BDE8F0814FF6FB739D420AD94FF651
S2140177B0FD739D4204D00020134A1549FFF76AFB6A
S2140177C04FF6FD75434621463A4628461CF0C4FD51
S2140177D0044600F02FFE804634B1234600200A4AB4
S2140177E00C49FFF757FBDAE73B462046064A0A49AB
S2140177F0FFF750FB062329463046089ACDF800804D
S214017800FFF7CAFECBE700BF88020400FD020400B2
S214017810270304005C03040085030400F7B506464D
S2140178200C461746FFF744FF054638B9104A11497A
S214017830FFF730FB0224204603B0F0BD21464FF48B
S2140178408A5230461CF050FF044600F0F3FD34B176
S21401785023460020064A0849FFF71CFBEBE7009089
S21401786004233A4631462846FFF796FEE3E700BF73
S21401787088020400FD020400AD030400F7B50646C5
S2140178800F46FFF715FF054638B9104A1049FFF7AE
S21401789001FB0224204603B0F0BD0022402311461E
S2140178A030461DF0E5F804461DF0E0F834B12346F5
S2140178B00020064A0749FFF7EDFAEBE7009001239F
S2140178C03A4631462846FFF767FEE3E7880204009A
S2140178D0FD020400E003040073B504460E46FFF7FC
S2140178E0E7FE054638B9104A1049FFF7D3FA0224D5
S2140178F0204602B070BD0022204611461DF0BAF89F
S21401790004461DF0B3F834B123460020064A084960
S214017910FFF7C0FAECE70090234632464FF6FC71BB
S2140179202846FFF739FEE3E788020400FD0204005B
S2140179300E0404002DE9F0418846107800219EB01F
S21401794014461D46FFF7C6FE0646002800F0FD80D9
S2140179500778002F7BD0B8F80010002940F0F5809A
S2140179600389B8F8022043F40040824240F0ED80DB
S214017970617800296BD1A2F50042062A00F2E58063
S214017980DFE812F0A100A100E300E3000700B80061
S2140179906900E3880D3DADF82430238915F0010513
S2140179A0ADF8263063798DF82830E37A03F10602C4
S2140179B014F812208DF814308DF81C2042D10BA932
S2140179C08E46069104F10C005FFA85FC9C4500F199
S2140179D0020009D210F8018C10F802CC01350CEB2C
S2140179E0082C2EF802CBEFE701EB43011A4408916D
S2140179F0D2B2590001F10D009A42C0B20BD025183F
S214017A006D78205C7831694400EB0520013321F85C
S214017A104C0CDBB2EDE7B6F908203389002AACBF7F
S214017A2001220322C3F30E038DF808206288ADF805
S214017A300A3005ABADF80C20049302A930461CF0C1
S214017A4076FC04E0424A43490020FFF723FA384611
S214017A501EB0BDE8F081042D02D83D4A3E49F3E749
S214017A602379053DADB29D42B4F8028002D0384A72
S214017A703A49E9E73A4A3B4B0020002D08BF134636
S214017A803949334ACDF80080FFF704FA05348DF8FA
S214017A901450B6F90830069485B1002BACBF01230B
S214017AA003238DF82C303389ADF83080C3F30E03F1
S214017AB0ADF82E3005AB0D930BA9BFE7002BACBF7D
S214017AC006230523EDE70B2DC7D9D4F80200D4F819
S214017AD0061013F4004F05AA03C20CBF04220322AA
S214017AE08DF82C206289C3F30E03ADF83020ADF873
S214017AF02E30DFE7042DB0D96388ADF83030237916
S214017B000533DBB29D4206D00020114A1749009585
S214017B10FFF7C0F99BE70E4A00201549FFF7BAF9AF
S214017B20B6F908203389002AACBF01220322C3F329
S214017B300E03ADF82E3005AB0D93631D0693237926
S214017B408DF82C208DF81430B6E700277FE700BFAC
S214017B50880204003B040400630404007704040064
S214017B60B7BD030093FF03009E040400BB0404009A
S214017B70FC040400304BF0B5B0FBF3F24FF4616542
S214017B8003FB1200B0FBF5F3DCB205FB13033C2547
S214017B90B3FBF5F3DBB2A0EB04104B71C3EB03139D
S214017BA0A0EB83004FF4FA630B8040F201134B8085
S214017BB001230C711F4600246425204E88719442CF
S214017BC000D1F0BD91F802C013B1BCF1020F2BD069
S214017BD006EB0C0010F801ECC87870450BBF0120CD
S214017BE001300CF1010CC0B208BF81F802C0C870A8
S214017BF088780D2816D10B888F7001339BB29807B1
S214017C000B8014D1B3FBF5F005FB103080B280B9C0
S214017C104FF4C870B3FBF0FC00FB1C339BB2B3FA05
S214017C2083F35B090134CAE74FF01D0ED4E7002346
S214017C30F8E70123F6E700BF80510100DE58040093
S214017C4010B5044688B006A9FFF794FF9DF81E30CC
S214017C500A4803939DF81D30049402939DF81C3046
S214017C609DF81A200193BDF8183005490093008845
S214017C709DF81B30FFF70EF908B010BDA85700207D
S214017C8015050400026808B51188154B198051883E
S214017C90598051791971117959714FF48A51D980E6
S214017CA0D28812F0200F0CBF0A464FF48B5281691E
S214017CB0DA800C4A137831B9C0880B4923F00203E5
S214017CC00880137008BD43F002031370074B15229A
S214017CD01846013103F0C8FC002200F8012CF1E738
S214017CE09C570020F96000209A570020AB570020CF
S214017CF010B5184C236858791BF03FFF0B2822D883
S214017D00154B03EB0010027B237F9A421BD123689D
S214017D10428819888A4205D04FF6FF70814212D1F7
S214017D20120410D42279023A012A06D9A37B63B938
S214017D30BDE810400748FFF747B9198958791BF085
S214017D4052F80028F2D1002010BD0248BDE81040CC
S214017D50FFF7CCB83C430020A841002008B51BF033
S214017D600CFF0B2896BF024B0020185C08BD00BF15
S214017D70FE60002008B500201CF050FAFF201BF022
S214017D802FFF1CF050FA1CF0F7F8FEF771F90121ED
S214017D900246064803F016FC054BFF21054A064835
S214017DA0FEF7C6FEBDE80840FEF708BBFE600020F1
S214017DB09C57002098570020EF5F0020F0B5002266
S214017DC004464FF6FF750B4F90B237F83060034606
S214017DD0AE4201D12846F0BDA64209D1B4F57C4F8A
S214017DE0F9D307EBC3035B888B42F4D00029F2D0AA
S214017DF00132E9E71C59040010B50446FFF7DEFF1F
S214017E00094A034610884FF6FF72934214BF074A89
S214017E102246BDE8104017BF02EBC30304495A6867
S214017E200449FFF751B800BFA85700201C590400A9
S214017E3038050400CED00300034B18780130C0B2D9
S214017E40187000F07F007047246B0020044A1378F6
S214017E5018B143F001031370704703F0FE03FAE70D
S214017E60F9600020014B1870704700BFFC600020CD
S214017E7038B1074B1B78012B04D1038843F040032C
S214017E8003807047022BFCD1038823F04003F7E7F9
S214017E90FC60002068B1074A1378012B07D1064B16
S214017EA01B781370037843F01003037001E0022B74
S214017EB0F8D07047FB600020FA6000207FB50121F2
S214017EC0264B274E197033780246D90744D42549E4
S214017ED0096881B10868C1888D0641BF224CE188D6
S214017EE041F02001E180C1884C0641BF1E48C1888F
S214017EF041F04001C1801D4D1D4928780978400791
S214017F004CBFE97069701B4913F00204098809D057
S214017F10164A19481CF005F9337823F0020333702A
S214017F2004B070BD154B18884FF6FB73984208D8FD
S214017F300B46CDE9005201460B4A20461BF0CAFA11
S214017F40EEE74FF6FF73CDE9014200930A46074B71
S214017F5005491BF09BFAE3E70020E1E7F06000200B
S214017F60F9600020384300209C570020EF5F002076
S214017F70256B002098570020AA5700209A5700200A
S214017F8070B503790446012B0D46164631D8836831
S214017F901B78DB0600D561B3A37B13B9E37C0B2BFF
S214017FA027D00022144B1A80637DB3FA83F35B0952
S214017FB0D800E37BABB9FEF795FEA07CFEF792FEF8
S214017FC00B20FEF78FFEE07CFEF78CFE2846FEF7C0
S214017FD089FE2046FFF756FE3046BDE87040FFF7A3
S214017FE06DBF40F00400FEF77DFE208A1CF0C3F84A
S214017FF0E3E7002070BD00BF98570020024B0A46F9
S21401800001461868FFF7BCBF38430020F0B40546A8
S21401801018460F4B0C461B78BDF81010012B0D4E61
S21401802001D0377827B1002333700020F0BC7047A9
S2140180300CB9002AF9D143B14FF65743994204D0FF
S2140180402B462246F0BC1CF052B80120EEE700BFDA
S214018050266B0020FD6000202DE9F04F684C4FF0A4
S214018060000A25468446964698460F46654B664E58
S21401807083F800A00FCE0FC596E80F0085B085E8FF
S2140180800F00DDF83C90BDF8383072460093394653
S21401809043466046CDE9019400F0DCF8DFF89081B4
S2140180A0064670B90025FEF7FFFD16220021574847
S2140180B003F088FA00232846C8F8003005B0BDE86A
S2140180C0F08F534BA27CC8F800401A70514B1B78B6
S2140180D0002B36D01CF05AF94F4902465046FEF79F
S2140180E0F3FE22685046537952884C490092A28981
S2140180F0FEF7EAFE50461CF0C2F820B12368218A3A
S2140181005888FFF779FEE37B23B10020228A444991
S214018110FEF7DAFEA36800201A78E37C4149009353
S214018120A37CFEF7D1FE207DA289A168121A014424
S2140181300123002092B2FEF711FE00203A49FEF715
S214018140A9FE2F48FFF79EFD2D481DF079FB054639
S21401815030BBB9F1000F25D12168E0880B8801906A
S2140181604988BA1E032A00918CBF002201220121F0
S214018170E07CFFF74BFF38B923685B79FF2B3AD0D9
S214018180FFF7B6FD05468EE72368DB889A06F3D42B
S2140181900121264C1A4821701CF011F984F8009030
S2140181A0354680E7B9F814309B07E5D47AE7584698
S2140181B0FEF718F882465846FDF760FF88B1236837
S2140181C05046228A59881BF0DBFC50B13846FFF72F
S2140181D059FD236889F804A083F805A0FFF788FDF8
S2140181E000B9284605460136FDF742FF5FFA86FBD1
S2140181F05845DCD857E70026014FDFF83890F3E7FB
S2140182003C430020F0600020FC580400AA570020E0
S214018210256B0020236B0020510504005A0504003D
S2140182207B0504008705040001B70300FD600020FC
S214018230384300209C5700200023054AD15C814228
S21401824002D31A44507870470233DBB2F6E700BF18
S214018250EA58040073B515462E781A4616F0040F30
S2140182600CBF032605269E42089C08D9224A2349AC
S21401827000960020FEF70EFE002002B070BDBDF88D
S214018280183021712060E380A560A2812B7803F06D
S2140182900103A3732B7803F00403002B14BF012101
S2140182A00021E1732978C1F3C00161754FF0010126
S2140182B0217518D028461BF09BFF237D20820233B0
S2140182C02375227D531CDBB22375A95C0232D2B220
S2140182D0A1742275EB5CE374A3899A4205D90092D6
S2140182E00749054AC5E72382EBE7079B0120A361FF
S2140182F000232377C1E700BF4BBE0300CA05040075
S214018300E60504002DE9F7430024204FDFF89C80A2
S214018310DFF89C90E0B21CF0E7FAFF2805460FD183
S2140183202346012102201A4AF7F7AEFA194B013407
S214018330187819F0BAFD152CECD103B0BDE8F0831E
S21401834046B238EA260328BF4B4601210093022095
S21401835057F82430104AF7F797FA002EE6DA092381
S214018360E340DB070AD50D4A0D4B15F0010F18BF88
S2140183701A4601210220F7F787FAD7E70A2CD5D14A
S214018380084A094B15F0010FF1E700BF3459040004
S2140183903F060400276B0020670604001806040049
S2140183A002060400340604002A060400B7BD0300D2
S2140183B093FF030008B554220021024803F002F996
S2140183C0002008BD9858002008B55422FF21024815
S2140183D003F0F8F8002008BD44580020024B23F8AB
S2140183E010100020704700BF44580020002310B42E
S2140183F0074ADCB2A14203D85DF8044BFFF7DABFA7
S2140184002A2BF9D032F8024B20F813400133F0E75B
S21401841098580020002310B5054A994201DD2A2B01
S21401842000D110BD32F8024B20F813400133F4E7B7
S21401843098580020024B187800F07F00704700BF64
S2140184400A610020034B18780130C0B2187000F0A2
S2140184507F0070470A61002030B51C4600238BB0B0
S214018460ADF82220021D92B2012A0E9DADF82030F1
S214018470ADF81E10ADF81C3003D94FF6FF729042CE
S2140184800FD10022CDE90352CDE90124094B014663
S2140184901B784FF6FF70009307AB1CF045FA0BB044
S2140184A030BD0146CDE901531846009407AA1CF0D9
S2140184B057FAF4E7286B002038B505464FF480508C
S2140184C00C4603F085FA4FF480532860236030B9D8
S2140184D040F2A511BDE83840014822F018B938BD70
S2140184E05607040000487047565A0020014B18787A
S2140184F0704700BF416B0020014B1888704700BFD2
S214018500CA6A0020014B1878704700BF3A6B0020FA
S214018510014B1878704700BF0E610020014B187898
S214018520704700BF356B0020014B1870704700BFC5
S21401853011610020014B1870704700BF10610020C8
S214018540014B1888704700BFC86A00202DE9F74F15
S2140185504FF00008394B3A4F93F80090394B3A4E9A
S2140185603A4D3B4C3B483C49DFF8F4C0DFF8FCE0B1
S214018570DFF810A1DFF810B10193019B20372033FB
S21401858001935FFA88F3994506F1200605F1200567
S21401859004F1200400F1200001F120010FD800228F
S2140185A011462E4B2E4D1C782E4E2F4B2F4FD0B2F0
S2140185B0844203F1200338D803B0BDE8F08F2C4B7A
S2140185C02C4A47F81C3C002346E907232A4A47E978
S2140185D0063E45E90723294A46E905E344E9072318
S2140185E0274A45E905E340E90723019A44E905E3FB
S2140185F040E905E341E908CA41E9063E47F820CCCF
S21401860047F8103C46F820CC45F820CC44F820CC5E
S21401861040F820CC41F8103C08F1010842E908CBAB
S21401862042E9063E42F8103CA7E743E9085643E90B
S214018630061743F8101C0132B9E700BF456B00204E
S2140186401447002014460020F4460020D44600209B
S2140186507446002054460020344600203F6B00201C
S2140186609055002061B102009446002093FF03005C
S214018670636F03003B6E03009D7902003D93020089
S214018680A348030011F70200A1680200002208B502
S214018690074B1A605A601CF0F6F8064B18701CF06F
S2140186A0F2F8054B1870054B1A78054B1A7008BD81
S2140186B0325500204C6100204B610020336B0020B6
S2140186C04A610020002100B593B008466A460AF0C8
S2140186D0E7F90146C8B90E4B0E4A09930E4B0D92A7
S2140186E00A930E4A0E4B0E920B930E4A0E4BCDE991
S2140186F00F230C930D4B6A4611930AF087FC003842
S21401870018BF012013B05DF804FB0120FAE700BF93
S214018710CD69030039750200D16B0300F9490200E7
S214018720D148030065840200316C030069710200C0
S214018730084B1878112806D8012809D9064BC340DA
S21401874003F001007047A0F14303584258417047B7
S214018750002070474E6100203400020008B5064B29
S2140187601B78013B022B05D80020FFF7E1FF0138FB
S214018770C0B208BDFF20FCE74F610020044B00F1AA
S214018780100250F8041B904243F8041BF9D17047BD
S21401879050610020044B03F1100253F8041B93426E
S2140187A040F8041BF9D170475061002030B5002411
S2140187B091B0114B0546214614220BA8CDE9094379
S2140187C002F000FF102209ABCDE900440693CDE983
S2140187D00452CDE90252094B09490AA818F064FF70
S2140187E004460AA81CF0C9FD1CB1A021054821F0C9
S2140187F08EFF11B030BD00BF00248000004440044D
S21401880050610020E107040070B5002490B0154BBC
S21401881005460E46142221460BA8CDE9094302F06F
S214018820D1FE102209ABCDE9004406933146CDE9CD
S2140188300452CDE902520C4B0AA818F035FF044643
S2140188400AA81CF09AFD1CB1BA21084821F05FFF66
S214018850099B102B03D0BB21044821F058FF10B010
S21401886070BD00BF0024800000444004E1070400FE
S21401887030B50D4600218FB0124B0446142209A8CC
S214018880CDE9071302F09EFE102207ABCDE90242A6
S214018890CDE90042049329460B4B08A818F006FFC1
S2140188A0044608A81CF069FD1CB1D121074821F037
S2140188B02EFF079B102B03D0D221044821F027FF5F
S2140188C00FB030BD0024800000444004E1070400DE
S2140188D00022034B1870034B1970034B1A70704734
S2140188E06161002062610020606100202DE9F04F87
S2140188F0DFF89080064698F800300D4685B0002BCC
S2140189003AD04FF6FB73984236D84FF0000B1C4F07
S214018910DFF874A03C7898F800305FFA8BF94B4585
S2140189209AF8000011D9484402AA0DF10601C0B216
S21401893014F00CFB082229460DEB020003F08EF919
S2140189400BF1010B0028E6D14C463B78A34208D137
S21401895098F80020631CDBB29A423B7004BF0023E8
S2140189603B70324629469AF800301C44E0B205B006
S214018970BDE8F04F14F0D8BB05B0BDE8F08F00BFDE
S2140189806061002062610020616100202DE9F74FDF
S21401899006460D4614461F464FF0010BDFF8789049
S2140189A003F10C0A15B903B0BDE8F08F102DA846E7
S2140189B028BF4FF010083A46164B5FFA88F152F876
S2140189C0040B524543F8040BF9D101919AF80020A3
S2140189D011481A70002389F80F4089F800B089F809
S2140189E00E30FFF7E3FE324601340B480199E4B23C
S2140189F012F801CB10F8013B83EA0C0302F8013CA4
S214018A00931BDBB28B42F3D3A5EB080816461FFA7D
S214018A1088F5C7E764610020636100202DE9F04F07
S214018A209046914685B00090981A029383B20193BE
S214018A30009B0F46354903F10C0453F8045BA3422F
S214018A4041F8045BF9D11B78314E0B704923337022
S214018A50019BF0731B0A3046B373FFF7A7FE022192
S214018A60BB460D46737888EA030373704FF0000A1D
S214018A701DE0C5F11004A9EB0A039BB2A4B29C4207
S214018A8028BF1C4600231FFA83FCE8186445C0B2C1
S214018A901FD82544EDB2A344102D54441FFA84FA7E
S214018AA005D1002530460391FFF780FE0399D14595
S214018AB0DFD807EB080B25B115480391FFF776FEC3
S214018AC0039901294FF000050DD00121DDF804902E
S214018AD0CCE71BF803C016F800E001338CEA0E0C55
S214018AE006F800C0CFE7029B09491F44094B3846E8
S214018AF01C78224602F0F6FE2A4621463846009B9E
S214018B0005B0BDE8F04FFFF741BF00BF646100202C
S214018B1063610020466B002030B540780C46012882
S214018B204FF0110387B001F1100516D1144A01A9BF
S214018B300AF0F4FF234601AC224618685968083348
S214018B4003C2AB421446F7D111230D4A002001A9F6
S214018B500AF0E4FF002007B030BD0120094A01A950
S214018B600AF0DCFF234601AC224618685968083330
S214018B7003C2AB421446F7D11123024AE6E700BF0F
S214018B8075E4010079EB010030B50C46407887B0FA
S214018B9001284FF011030DBF0B4A0C4A012001A911
S214018BA018BF01A90AF0BAFF234601AA05AD14466B
S214018BB003CCAC4218605960224603F10803F6D193
S214018BC0002007B030BD00BF75E4010079EB01005D
S214018BD010B50C4688B01A230C4A01A901200AF0E8
S214018BE09DFF21460DF10E0304F1100251F8040B0E
S214018BF0914243F8040BF9D11A230020034A01A934
S214018C000AF08CFF002008B010BD00BF24E101006F
S214018C10F0B58BB004460D461DF09DFEA8B101A827
S214018C2012F044F988B1667B271D16F0020F05D0B5
S214018C300822384601A903F011F8D0B901AB46F075
S214018C40020603CB6060796066731A230A4A03A999
S214018C5001200AF063FF29460DF116030DF12602E5
S214018C6053F8040B934241F8040BF9D100200BB0E2
S214018C70F0BD2D20FBE700BF24E10100F0B505465D
S214018C80071D00220C463846082193B01DF0F1FD61
S214018C906A7B0646D0070BD5687808A91CF09EFAB1
S214018CA0DDF83D306B60DDF841307B6080B10BE074
S214018CB0910709D5D2000121384602F080021CF046
S214018CC098FAFF28687002D12D2013B0F0BDD6B1F6
S214018CD0687801A91CF01FFA9DF81C305B0604D5C4
S214018CE04FF4C6710A4821F012FD234603AD07ACC6
S214018CF02A4603CAA24218605960154603F10803C2
S214018D00F6D10020E1E708A91CF068FACEE700BF1B
S214018D105F0804002DE9F04106468AB01F480F4659
S214018D2015460024FFF736FD002C01A914BF4FF0AD
S214018D305C0C4FF0360C10238846184A12F8010BCB
S214018D40013B8CEA000013F0FF0301F8010BF5D19B
S214018D5005A81EF0C9FB4246102105A81EF0C8FB57
S214018D60C4B93946324605A81EF02AFC2A460DF13A
S214018D70140C0DF1240E634603CB7345106051604D
S214018D809C4602F10802F6D114B10AB0BDE8F081A2
S214018D900124C9E72A461021E5E700BF93610020B8
S214018DA02DE9F04791460D46C0B09DF82041DDF80B
S214018DB028811E46DFF87CA09DF82431074622460E
S214018DC0494640468AF8003002F08CFD9DB12346A4
S214018DD0324641463846FFF721FEB44207D9A11B69
S214018DE03B46012289B208EB0600FFF7CFFD0020C3
S214018DF040B0BDE8F087A11B3B46012289B208EBD3
S214018E000600FFF7C3FD22464146684602F06AFDAA
S214018E103246694638462346FFF700FE9AF8002098
S214018E200DEB040109EB040002F018FF0028DED068
S214018E302C20DDE7466B002038B50346104601F1CD
S214018E40100451F8045BA14242F8045BF9D10449CD
S214018E501BB1FFF7D9FC002038BDFFF709FDFAE783
S214018E609361002030B5054689B069461BF0D7FFEF
S214018E706B8804ACABB12246294668461BF06FFFEF
S214018E800E4A08AD234603CBAB42106051601C4628
S214018E9002F10802F6D10948FFF770FC002009B07C
S214018EA030BD6B46054D1A4603CAA242286069606A
S214018EB0134605F10805F6D1EDE700BF93610020E2
S214018EC050B10B4B0B4A03F1100153F8040B8B42C4
S214018ED042F8040BF9D17047064B054A03F110011D
S214018EE053F8040B8B4242F8040BF9D1704700BFCC
S214018EF0936100207361002008B51022024802F039
S214018F00B3FB002008BD00BF8361002008B50846FA
S214018F101022024902F0A8FB002008BD8361002050
S214018F2010B5044686B001A9114A112301200AF0A2
S214018F30F5FD9DF8143001A8E3701EF09CFE80F04C
S214018F4001000C4A01A96070112301200AF0E6FD18
S214018F509DF8143001A8A3701EF08DFE80F001006C
S214018F60207010F03DFB6060002006B010BD00BF11
S214018F7075E4010079EB010010B5044686B01123B3
S214018F80134A012001A90AF0C9FDA3789DF814200F
S214018F909A4207D08DF81430002011230C4A01A9FB
S214018FA00AF0BCFD11230B4A012001A90AF0B6FD07
S214018FB0E3789DF814209A4207D08DF814300020EB
S214018FC01123044A01A90AF0A9FD06B010BD00BF8D
S214018FD079EB010075E401002DE9F04186B0064603
S214018FE003A80C4612F000FF054600284AD1BDF83A
S214018FF00C30980646D510222946204602F0E2FAA1
S21401900001A811F053FFC0B1777B06F1040817F0F1
S214019010020F06D00822404601A902F01FFE0028D2
S2140190202ED101AB47F0020703CB7060C8F80410DD
S2140190307773238843F008032380238843F00203D1
S214019040238011F00DFB60601DF085FC30B10E4BE6
S2140190501B68A360238843F0040323800B4B1A6824
S214019060D1035EBF238843F010032380130203D588
S214019070238843F400632380284606B0BDE8F081C8
S2140190802D25F9E72425F7E7444700204847002027
S21401909010B5D0E9023253F8223090B01C68402255
S2140190A0694620461CF00DF9034630B122460020E1
S2140190B00549FDF7EFFE10B010BD012269460820F4
S2140190C0FDF792FEF7E700BFF508040070B500F063
S2140190D0B1F800280CBF6E22792200201349FDF753
S2140190E0D9FE00F0A7F8F0B11CF0FFF800280CBF7D
S2140190F06E22792200200E49FDF7CCFE08220020C0
S2140191000C49FDF7C7FE00250B4C0C4E234654F8C0
S214019110042C314600200335FDF7BCFE182D04F162
S2140191200C04F3D170BD3F22E4E700BF2D09040013
S21401913044090400540904006C4800207309040023
S21401914070B51CF0B7F8044621490020FDF7A2FED1
S2140191502CB92046BDE870401E49FDF79BBE00F0C5
S214019160BBF805461C4B62690020002A08BF1A4658
S2140191701A492668FDF78EFEA28800201849FDF7D9
S21401918089FE1849E2880020FDF784FEA38822891B
S21401919013F010001ABF002013491449FDF77AFE98
S2140191A0E26800201249FDF775FE22690020114988
S2140191B0FDF770FE104A114B0020B6F5817F38BFCF
S2140191C013460F492A46BDE87040FDF763BE00BF4F
S2140191D0A8090400B50904006BD90300D6090400E8
S2140191E0F4090400150A0400320A04004F0A0400B8
S2140191F06D0A04008B0A0400A00904009609040005
S214019200A90A040038B5014600230C25084A05FBC7
S21401921003F4A0181459013404D10C2202F024FAE4
S214019220002038BD0133082BF1D10120F9E700BF3A
S21401923068480020034B1878012894BF00200120BD
S214019240704700BFA561002038B50446044D287854
S214019250A04203D021461CF00DF82C7038BD00BF8B
S214019260A561002000B58FB03422002101A802F0CC
S214019270A9F901A8EEF710FB0598D0B182680E4B4C
S214019280B2F5803F34BF92B2C2F38F2241881A8171
S214019290028828BF41F010011A6042689980DA807E
S2140192A0C268DA6002691A6142695A61027E18462A
S2140192B01A760FB05DF804FBEC470020054B1B78CF
S2140192C020B1012B04D80220FFF7BEBF012BFBD82B
S2140192D0704700BFA561002010B5084C237853B92C
S2140192E01BF0E8FF0123237028B10368B3F5817FE3
S2140192F024BF037E2370207810BD00BFA461002028
S21401930070B5184B1B78012B2BD81BF0B6FF164DEA
S214019310024616490020FDF7BDFD0120FFF7CEFFEE
S2140193202E78FF2E1DD1FFF79DFFC8B184886022DD
S2140193303146C4F340040E482C7002F043F9602213
S21401934031460C4802F03EF95CB1FFF7C5FF042830
S21401935007D9BDE8704040F22B11074821F0D7B974
S214019360287070BDA5610020476B0020CC0A040060
S2140193706848002008480020DE0A04002DE9F04F66
S214019380DFF884928DB003AB07468846144699E809
S214019390070083E80700FFF7B3FFFFF79DFF944B35
S2140193A006461D784B46012D40F07081012840F29B
S2140193B07281B7FBF0F200FB1272002A00F06B819B
S2140193C08C4900228B46D1F800C0BCF1FF3F04D087
S2140193D0087A6044874200F019810132082A01F1B7
S2140193E00C01F0D193E8070006AE0DF1240A86E8D9
S2140193F007008AE80700FFF76FFFB7FBF0FB00FBEB
S2140194001B7BA0EB0B094A46414606460AA809976C
S2140194108DF82C9002F066FA00224FF00C0E764979
S21401942002E00132082A0ED00EFB02F000EB010C1E
S21401943008580130F5D19AE807008CE807006F4913
S2140194400A7801320A70A14504DD4FF4E2716C48D6
S21401945021F05DF9A41B5C444F44A1B217FA84F4D1
S214019460B4FBF6F206FB1242C8448E1A91B1A41A56
S21401947008EB060107A88DF82020069402F032FAC0
S21401948006A8FFF7BFFEFF2804D140F2D9115C48B9
S21401949021F03DF9B6B2B6B10320FFF7D5FE802E16
S2140194A00AD832464146574802F01CFA3246384638
S2140194B054491BF0EAFE05460220FFF7C5FE284682
S2140194C00DB0BDE8F08F0025F9E74FF40E714C485A
S2140194D021F01DF9464B1B78012B00F0E380002C90
S2140194E036D00320FFF7B0FE802C2FD82246414607
S2140194F0444802F0F7F92246384642491BF0C5FEB9
S21401950005460220FFF7A0FEDFF8F09099F800303C
S21401951093B1039CFFF7E0FE374B002798461A6885
S214019520511C04D0197A411A521A944224D0013798
S214019530082F03F10C03F2D1002DC0D1039B013398
S214019540C1D003A8FFF75EFE0546B8E70125D8E7B8
S2140195502546D9E740F26D21294821F0D8F80125A2
S21401956024E0012D30D0802E2FD83246254903988D
S2140195701BF08BFE054628E0002DA0D10C247C4371
S21401958008EB04039DF814A093F808B00AEB0B034C
S214019590802BDFDC1B4B524604A9184602F0A2F9C9
S2140195A0211D5A464144504402F09CF90C2303FB0A
S2140195B007839DF814201B7A13449E42D1D040F2B3
S2140195C073210F4821F0A3F801250220FFF73CFE86
S2140195D099F8003013B1013B89F800304FF0FF33A2
S2140195E008EB040248F80430C2E9013367E700BF1C
S2140195F0476B00206848002008480020A36100202F
S214019600DE0A04006C470020985904004FF00C0A4B
S2140196100AFB02B3187AA6EB00095FFA89F9A1459D
S21401962001D35FFA84F90AFB02FA0AF10405284419
S2140196304A464146584402F055F90BEB0A031A7A9A
S214019640A4EB09044A44D2B2B242A4B21A7219D1A6
S21401965003200193FFF7F8FD32460BEB05015BF89B
S2140196600A001BF012FE05460220FFF7EDFD4FF043
S214019670FF32019B4BF80A20C3E90122002D7FF43B
S2140196801EAFC844002C3FF41EAF4F44104B1B784E
S214019690012B7FF424AFB7FBF6F306FB1373002B05
S2140196A07FF413AFE319B3FBF6F506FB1535002D72
S2140196B03FF415AF641B5B1B08EB04012A4604A8A4
S2140196C00393A4B202F00EF98DF8145007E700BF19
S2140196D0476B002070B5134B1B78012B0CD1FFF79D
S2140196E00FFE0026104D55F8043C013306D1033613
S2140196F0182E05F10C05F6D1002411E00320FFF722
S214019700A3FD55F8044CFFF7E7FD2946024620461F
S2140197101BF0BBFD04460220FFF796FD002CE6D0A9
S214019720204670BD476B00206C48002070B505468A
S2140197300C46FFF7E5FD0520FFF786FD2146284686
S2140197401BF0B1FD06460220FFF77EFD00220A4B04
S2140197502C441968481C08D0A94206D3A1423EBF32
S2140197604FF0FF31C3E9001199600332182A03F163
S2140197700C03EED1304670BD68480020D0E90232B5
S21401978053F8223010B51C68204600F095FA28B12F
S2140197902146BDE81040024800F002BE10BD00BFE1
S2140197A05C0B040008B5D0E9023253F82230186881
S2140197B000F06CF920B1BDE80840024800F0F0BDA9
S2140197C008BD00BF7E0B04002DE9F041D0E902324E
S2140197D053F8221003EB82035B680F681D789AB07A
S2140197E0642D04D96421114800F0DAFD64252A4667
S2140197F0384601A900F002F9044698B90C4800F071
S214019800CFFDDFF8348001AE013DA54202DC1AB07F
S214019810BDE8F0813919404616F8012B00F0C0FD6D
S2140198200134F2E7034800F0BBFDF0E7A10B0400AA
S214019830C10B0400EB0B0400D80B04002DE9F04724
S21401984000252D4FDFF8E080DFF8E0908CB0284649
S21401985003A900F0EFF810B10CB0BDE8F087049B47
S2140198602946039A0093384600F09AFD404600F0D8
S21401987097FD059910290CD810290CD8DFE801F0BE
S2140198800F14320B340B0B0B360B0B0B0B0B0B0B9A
S2140198903A0020292CD0194800F082FD07E018482C
S2140198A000F07EFD0135D2E7164800F079FD0699F5
S2140198B0484600F075FD0799134800F071FD1348FE
S2140198C000F06EFD1024DFF868A00DF11F0650466B
S2140198D016F8011F013C00F063FD14F0FF04F6D1F9
S2140198E00B48DDE70B48E0E70B48DEE70B48DCE713
S2140198F00B48DAE70B48D8E7060C0400AB0C04006B
S2140199005B0C04006B0C0400D10C0400E90C040091
S21401991070AE0300730C04007B0C0400840C04007E
S2140199208F0C0400A60C04004A0C0400BA0C0400B8
S214019930FA0C040010B50B4C8EB023785BB9EDF72A
S21401994025FF014650B9012301A82370EDF7A4FFB6
S214019950054B049A1A6020780EB010BD034800F03B
S2140199601FFDF8E7A6610020AC4B0020000D0400A7
S21401997000B58FB0FFF7DEFF002829D001A8EDF76C
S2140199808BFF059B1448198800F00AFD059B1348B8
S2140199905969134B002908BF194600F001FD059BC4
S2140199A01048598800F0FCFC059B0F48196900F027
S2140199B0F7FC059B0D48D96800F0F2FC059B0C48A6
S2140199C0197E00F0EDFC0B4B0B48196800F0E8FC23
S2140199D00FB05DF804FB00BF3D0D04004F0D040001
S2140199E06BD90300610D0400750D0400890D040098
S2140199F09D0D0400AC4B0020B10D040070B5064669
S214019A0015460C4679B172B1FFF794FF68B121464D
S214019A102A463046EEF74AF8014618B1044800F0E7
S214019A20BFFC012070BD2120FCE71120FAE700BF32
S214019A30C30D040037B505460C46FFF77BFFE0B1C2
S214019A40114B1B68AB421AD9CCB100212422204607
S214019A5001F0B8FD2146284616F0E2FD88B92846F1
S214019A6001AA04F10801EDF7D3FF20B140F2064345
S214019A70C01A18BF012003B030BD1120FBE721201A
S214019A80F9E70120F7E700BFAC4B0020F0B593B033
S214019A900546FFF74FFF002845D0254B1A68AA4216
S214019AA007D829462348013A00F07AFC212013B052
S214019AB0F0BD05A8EDF7F0FE284603A916F0B0FDA7
S214019AC098BB049A22F4FF57C2F30C0327F01F0732
S214019AD02BB14FF400532946174800F061FC039E52
S214019AE07FB120F021FE30464FF40051EEF76AF8C0
S214019AF03346044606F5005650B9039BF31ABB429B
S214019B00EFD32A4639460D4800F04AFC002406E009
S214019B1000902A464FF40051094800F041FC201EEF
S214019B2018BF0120C3E71120C1E70120BFE700BF2E
S214019B30AC4B0020F10D04009F0E04005E0F0400E4
S214019B400D0F040010B5044638B1FFF7F3FE30B12F
S214019B500020044B1B68236010BD2120FCE7112068
S214019B60FAE700BFAC4B002010B50446FFF7E2FE53
S214019B70B0B10C4B1A68A24206D821460A48013AEF
S214019B8000F00EFC212010BD20F0CEFD40F2C122D7
S214019B9020460649EDF7FCFE003818BF0120F2E723
S214019BA01120F0E7AC4B0020F10D0400E84800203E
S214019BB010B50446FFF7BEFE70B121460848EDF722
S214019BC007FF40F20323984208D040F2012398424F
S214019BD00CBF0520012010BD1120FCE70020FAE78C
S214019BE0E84800202DE9F0412D4D04462F68FFF787
S214019BF0A1FE002851D02968A14207D84A1E29484B
S214019C00214600F0CDFB2120BDE8F0812648EDF786
S214019C109FFEDFF894800246B0B943462E6896420E
S214019C2022D1BE4214BF3A4606F1FF3212BB31467C
S214019C301D48C8F80040EDF76BFE014600B31B480F
S214019C4000F0AEFB0120DFE72046EDF741FE0446BB
S214019C5038B10146164800F0A3FB201E18BF0120AC
S214019C60D2E7EDF791FCF8E753F8041B8C42DDD000
S214019C700132D4E70C499200081D01F0F5FCD6E745
S214019C8029680948EDF764FE044610B10146094803
S214019C90D6E7EDF779FC2046B6E71120B4E700BF1A
S214019CA0AC4B0020F10D0400C8480020A40F0400AE
S214019CB07A0F0400D70F0400F8B50446FFF73AFE02
S214019CC0002845D0234B1A68A24207D821462248CD
S214019CD0013A00F065FB21242046F8BD1F4800F03C
S214019CE05FFB20F021FD40F2C1221D492046EDF721
S214019CF04FFE40F20327054620F016FD184E65B1CB
S214019D0040F203239D421AD02946164800F048FB2C
S214019D100124154800F044FBDEE720F005FD294646
S214019D203046EDF755FEB84209D040F2012398427D
S214019D3003D10E4800F034FBE1E70546DFE7214694
S214019D400B4800F02DFB2046FFF74CFF0446E0E7EA
S214019D501124C1E7AC4B0020F10D04000E100400E5
S214019D60E84800202E10040070AE030077E50300DB
S214019D704610040010B50A46044619B1024B0021EC
S214019D801B68984710BD00BFA459040010B5114CBC
S214019D902378580744BF23F00403237023789907D8
S214019DA005D500F05DF8237823F00203237063786D
S214019DB01BB10023084A636053600023082106484C
S214019DC06370FFF7D7FF2378DA0744BF23F0010358
S214019DD0237010BDB04B0020B44B002038B51A4C90
S214019DE062782378022A01D1072B11D0DD0712D51C
S214019DF02378980707D400F02BF82378054643F01C
S214019E000203237080B96278237882B15A0716D587
S214019E100025284638BD17F0C5FB2378054643F0D4
S214019E20010323700028E3D0FFF7B0FFF1E7D9075D
S214019E30ECD5064962604A6002226270E6E743F0AA
S214019E4004032370E4E700BFB04B0020B44B0020AE
S214019E500122024B002083F8F0207047BC4B002003
S214019E602DE9F0410A4C002526464FF0010803274C
S214019E702046C4F81C80277601351BF061FA062DB2
S214019E8004F12804F4D1002386F8F030BDE8F0810F
S214019E90BC4B00202DE9F04F984691B00B1E0A935B
S214019EA0B44B914614BF83469B4600251A9E98F8EC
S214019EB0000070B94D4538BF2A464B464FF00000AA
S214019EC00A9928BF09F1FF32D847284611B0BDE8E4
S214019ED0F08F252808F1010806D02A464B460A9934
S214019EE06C1CD8472546E2E70023414611F8012BB2
S214019EF02B2A16D00AD8202A16D0232A17D0A2F148
S214019F003000092834D800270A2418E02D2A05D065
S214019F10302AF4D143F001038846E6E743F0020312
S214019F20FAE743F00403F7E743F00803F4E743F0E6
S214019F301003F1E7884604FB0722A2F130074146E9
S214019F4011F8012BA2F130000928F3D998F8002066
S214019F502E2A52D198F8011008F10102A1F1300021
S214019F60092843F480633ED800244FF00A0E11E01E
S214019F702A2A08D156F8047B8846002FBCBF43F036
S214019F8002037F42E2E70027E0E702460EFB0411E8
S214019F90A1F13004104610F8011BA1F1300CBCF100
S214019FA0090FF2D99046424612F8011B6C292DD0B2
S214019FB025D8682933D06A293BD04246904618F8FE
S214019FC0010B672860D8572836D8452808D084D989
S214019FD0462800F0188147287FF47FAF43F40063DA
S214019FE043F0200327E12A2906D156F8044B08F14D
S214019FF0020824EAE474D6E790460024D3E77429DD
S21401A00001D07A29D9D143F48073D7E798F80110A3
S21401A0106C29F8D143F4407308F10202CEE798F8B0
S21401A0200110682902D043F08003C7E743F0C0035C
S21401A030F2E743F40073C1E7A0F158020F2A3FF696
S21401A0404CAF01A151F822F0E9A00100DB9E01000E
S21401A050DB9E0100DB9E0100DB9E0100DB9E010012
S21401A060DB9E0100DB9E0100DB9E0100DB9E010002
S21401A070E9A0010055A20100E9A001002BA2010000
S21401A0800BA201002BA20100A0F16901C9B20F29A0
S21401A0903FF623AF012249F2410C8A4012EA0C0234
S21401A0A018D10A2900F0158107297FF416AF43F06D
S21401A0B0210305930823CDE903431023CDE90123AA
S21401A0C056F8043B2A46009358464B460A991BF01D
S21401A0D027FAA8E06F2800F05E8110D9782808D109
S21401A0E0102223F00C0310E0582839D0622800F023
S21401A0F054810A2223F01003642806D0F1E7692868
S21401A1004FF00A0223F01003F6D1590548BF23F099
S21401A1100103692803F4007101D0642840D111B30A
S21401A120073626F00706B24670685AF8081BCDE9CE
S21401A130077300230593C30F0028029306940B466A
S21401A140049202DA4B4260EB4000CDE900304B4608
S21401A1502A4658460A991BF025FA05465646A6E6AB
S21401A16043F02003BCE7D90506F1040A04D531689B
S21401A17005E000BF8353030058060CD53178CDE9BE
S21401A1800224CDE9047300294FEAD1730193B8BFC5
S21401A1904942009120E01906E9D5B6F90010EEE72C
S21401A1A079B1CDE907730023CDE9042306F1070A47
S21401A1B02AF0070A06940293FAE80223CDE900235F
S21401A1C0C5E7D80506F1040A0DD5CDE90473CDE936
S21401A1D002240191336800934B462A4658460A9951
S21401A1E01BF09EF9B9E7590607D53178CDE9047316
S21401A1F00023CDE902240193CBE7316813F0800FE9
S21401A20018BF89B2F2E743F02003CDE901730736A0
S21401A21026F007060094B6EC020B4B462A46584633
S21401A2200A99EAF7B5FA054641E600F0DF00472845
S21401A23001D143F40063CDE90173073626F0070622
S21401A2400094B6EC020B4B462A4658460A99EAF7A2
S21401A250E3F8E8E713F0020426D04FF0010A6B1C7E
S21401A2600B932A464B460A9916F8040BD84774B343
S21401A27054460B9A21E04B4620200A99D8470AEB10
S21401A28005020AF1010A5745F5D83A1E18BF012200
S21401A290002A07F1FF3308BF002307F1010A1D4416
S21401A2A008BF4FF0020ADAE7A246E8E7551C4B461C
S21401A2B020200A99D8472A460134BC42F6D3A7EB98
S21401A2C00A03574538BF00230B9A1A440B920B9D7D
S21401A2D0EDE53246002C52F8046B14BF21464FF0D0
S21401A2E0FF310B9232463144107808B1914211D1B8
S21401A2F0A2EB060A13F480620C9202D0A24528BF94
S21401A300A24613F002030D931BD1AAEB05032A46BE
S21401A3100F9308E00132E7E7531C0E9320204B46CB
S21401A3200A99D8470E9A0F9BD318BB42F4D3A7EBD2
S21401A3300A03574538BF00230AF101021D4403EB07
S21401A340020AAB1B0E9304E01C464B462A460A99AA
S21401A350D8470E9BF51816F8010B28B10C9B002B5D
S21401A360F3D0631E002CEFD10D9B93B12A46AAEBC6
S21401A370050405E0561C4B4620200A99D84732466C
S21401A3801319BB42F6D3A7EB0A03574538BF002380
S21401A3901D440B9E8BE50822A3E60222A1E600BF20
S21401A3A00FB41FB506AA52F8043B02A90392009205
S21401A3B004484FF0FF32FFF76DFD05B05DF804EB82
S21401A3C004B07047455603001FB5034600914FF091
S21401A3D0FF3203A90248FFF75DFD05B05DF804FBF7
S21401A3E0455603001FB5CDE90201009302A91346A5
S21401A3F003484FF0FF32FFF74DFD05B05DF804FB53
S21401A4004D5603001FB5094B094A1868094B01A9A7
S21401A4101860094B1360094A0192094A1268CDE98E
S21401A420022317F066F905B05DF804FBB06700205B
S21401A430B43C0020B83C0020A46700204948040032
S21401A4406C4F0020014B186817F067B9B067002001
S21401A45038B5F1F71BFE0446064D2B68D3F8B0025B
S21401A460F1F708FE286817F06BF92046BDE838407A
S21401A470F1F700BEB067002010B51F4CEFF7DCFE09
S21401A480236F012023F0070343F002032367EFF74E
S21401A490E1FED4F82031002023F0070343F0010346
S21401A4A0C4F82031D4F8403123F0030343F001030C
S21401A4B0C4F84031D4F8603123F0030343F00103BC
S21401A4C0C4F86031D4F8403223F0030343F00103AB
S21401A4D0C4F84032D4F8003223F0070343F00103F6
S21401A4E0C4F80032D4F8083223F0070343F001031E
S21401A4F0C4F8083210BD00BF00800050064B1B6830
S21401A5001A7A022A01D81AB97047032A00D070476E
S21401A5101B68024A13607047B46700206C4F002026
S21401A5200022024B5A60DA601A607047704F0020B2
S21401A53008B501F037FF0022014B1A7008BD00BFB5
S21401A540A76100200A4601491BF0EAB83D720400E3
S21401A5500A4601491BF0E4B8387204000A4601496C
S21401A5601BF0DEB8317204000A4601491BF0D8B868
S21401A5702E7204000A4601491BF0D2B82B72040061
S21401A5800A4601491BF0CCB8267204000A46014966
S21401A5901BF0C6B8217204000A4601491BF0C0B878
S21401A5A01C7204000A4601491BF0BAB81572040071
S21401A5B081F0004102E000BF83F0004330B54FEA6E
S21401A5C041044FEA430594EA050F08BF90EA020FDB
S21401A5D01FBF54EA000C55EA020C7FEA645C7FEA6E
S21401A5E0655C00F0E2804FEA5454D4EB5555B8BF91
S21401A5F06D420CDD2C4480EA020281EA030382EA02
S21401A600000083EA010180EA020281EA0303362D93
S21401A61088BF30BD11F0004F4FEA01314FF4801C66
S21401A6204CEA113102D0404261EB410113F0004F78
S21401A6304FEA03334CEA133302D0524263EB43032F
S21401A64094EA050F00F0A780A4F10104D5F1200ECD
S21401A6500DDB02FA0EFC22FA05F2801841F1000128
S21401A66003FA0EF2801843FA05F359410EE0A5F1FC
S21401A67020050EF1200E012A03FA0EFC28BF4CF02D
S21401A680020C43FA05F3C01851EBE37101F00045E3
S21401A69007D54FF0000EDCF1000C7EEB00006EEBF0
S21401A6A00101B1F5801F1BD3B1F5001F0CD349087A
S21401A6B05FEA30004FEA3C0C04F101044FEA4452D1
S21401A6C012F5800F80F09A80BCF1004F08BF5FEA58
S21401A6D0500C50F1000041EB045141EA050130BD38
S21401A6E05FEA4C0C404141EB0101013C28BFB1F54A
S21401A6F0801FE9D291F0000F04BF01460020B1FA95
S21401A70081F308BF2033A3F10B03B3F120020CDA67
S21401A7100C3208DD02F1140CC2F10C0201FA0CF045
S21401A72021FA02F10CE002F11402D8BFC2F1200CAA
S21401A73001FA02F120FA0CFCDCBF41EA0C01904060
S21401A740E41AA2BF01EB0451294330BD6FEA0404A9
S21401A7501F3C1CDA0C340EDC04F11404C4F1200294
S21401A76020FA04F001FA02F340EA030021FA04F3A6
S21401A77045EA030130BDC4F10C04C4F1200220FAFD
S21401A78002F001FA04F340EA0300294630BD21FA3B
S21401A79004F0294630BD94F0000F83F4801306BF01
S21401A7A081F480110134013D4EE77FEA645C18BFF5
S21401A7B07FEA655C29D094EA050F08BF90EA020F8C
S21401A7C005D054EA000C04BF1946104630BD91EA84
S21401A7D0030F1EBF0021002030BD5FEA545C05D187
S21401A7E04000494128BF41F0004130BD14F58004C6
S21401A7F03CBF01F5801130BD01F0004545F0FE413A
S21401A80041F470014FF0000030BD7FEA645C1ABF6E
S21401A810194610467FEA655C1CBF0B46024650EAA5
S21401A820013406BF52EA033591EA030F41F40021D1
S21401A83030BD00BF90F0000F04BF0021704730B557
S21401A8404FF4806404F132044FF000054FF000012C
S21401A85050E700BF90F0000F04BF0021704730B5ED
S21401A8604FF4806404F1320410F0004548BF4042C2
S21401A8704FF000013EE700BF42004FEAE2014FEA17
S21401A88031014FEA02701FBF12F07F4393F07F4FF2
S21401A89081F06051704732F07F4208BF704793F0F5
S21401A8A07F4F04BF41F40021704730B54FF4607408
S21401A8B001F0004521F000411CE700BF50EA01020B
S21401A8C008BF704730B54FF000050AE050EA0102B4
S21401A8D008BF704730B511F0004502D5404261EB24
S21401A8E041014FF4806404F132045FEA915C3FF465
S21401A8F0D8AE4FF003025FEADC0C18BF03325FEA02
S21401A900DC0C18BF033202EBDC02C2F1200300FAB2
S21401A91003FC20FA02F001FA03FE40EA0E0021FAD7
S21401A92002F11444BDE600BF70B54FF0FF0C4CF4C5
S21401A930E06C1CEA11541DBF1CEA135594EA0C0F77
S21401A94095EA0C0F00F0DEF82C4481EA030621EAB2
S21401A9504C5123EA4C5350EA013518BF52EA0335ED
S21401A96041F4801143F4801338D0A0FB02CE4FF09F
S21401A9700005E1FB02E506F00042E0FB03E54FF0CF
S21401A9800006E1FB03569CF0000F18BF4EF0010EC7
S21401A990A4F1FF04B6F5007F64F5407404D25FEAC3
S21401A9A04E0E6D4146EB060642EAC62141EA555176
S21401A9B04FEAC52040EA5E504FEACE2EB4F1FD0CB8
S21401A9C088BFBCF5E06F1ED8BEF1004F08BF5FEA36
S21401A9D0500E50F1000041EB045170BD06F00046E8
S21401A9E046EA010140EA020081EA0301B4EB5C0495
S21401A9F0C2BFD4EB0C0541EA045170BD41F480118D
S21401AA004FF0000E013C00F3AB8014F1360FDEBFB1
S21401AA10002001F0004170BDC4F10004203C35DA8D
S21401AA200C341BDC04F11404C4F1200500FA05F310
S21401AA3020FA04F001FA05F240EA020001F00042B1
S21401AA4021F0004110EBD37021FA04F642EB060127
S21401AA505EEA430E08BF20EAD37070BDC4F10C0451
S21401AA60C4F1200500FA04F320FA05F001FA04F215
S21401AA7040EA020001F0004110EBD37041F1000101
S21401AA805EEA430E08BF20EAD37070BDC4F120050C
S21401AA9000FA05F24EEA020E20FA04F301FA05F274
S21401AAA043EA020321FA04F001F0004121FA04F21C
S21401AAB020EA020000EBD3705EEA430E08BF20EAEC
S21401AAC0D37070BD94F0000F0FD101F00046400026
S21401AAD041EB010111F4801F08BF013CF7D041EAA8
S21401AAE0060195F0000F18BF704703F000465200AC
S21401AAF043EB030313F4801F08BF013DF7D043EA7D
S21401AB000603704794EA0C0F0CEA135518BF95EA32
S21401AB100C0F0CD050EA410618BF52EA4306D1D1B9
S21401AB2081EA030101F000414FF0000070BD50EAD8
S21401AB30410606BF1046194652EA430619D094EA62
S21401AB400C0F02D150EA013613D195EA0C0F05D14C
S21401AB5052EA03361CBF104619460AD181EA0301A0
S21401AB6001F0004141F0FE4141F470014FF0000058
S21401AB7070BD41F0FE4141F4780170BD70B54FF0F3
S21401AB80FF0C4CF4E06C1CEA11541DBF1CEA135573
S21401AB9094EA0C0F95EA0C0F00F0A7F8A4EB050455
S21401ABA081EA030E52EA03354FEA013100F088804C
S21401ABB04FEA03334FF0805545EA131343EA126315
S21401ABC04FEA022245EA111545EA10654FEA0026CA
S21401ABD00EF000419D4208BF964244F1FD0404F583
S21401ABE0407402D25B084FEA3202B61A65EB0305DF
S21401ABF05B084FEA32024FF480104FF4002CB6EB9C
S21401AC00020E75EB030E22BFB61A754640EA0C001B
S21401AC105B084FEA3202B6EB020E75EB030E22BF5B
S21401AC20B61A754640EA5C005B084FEA3202B6EB9C
S21401AC30020E75EB030E22BFB61A754640EA9C005B
S21401AC405B084FEA3202B6EB020E75EB030E22BF2B
S21401AC50B61A754640EADC0055EA060E18D04FEAE9
S21401AC60051545EA16754FEA06164FEAC30343EA89
S21401AC7052734FEAC2025FEA1C1CC0D111F4801F56
S21401AC800BD141EA00014FF000004FF0004CB6E74F
S21401AC9011F4801F04BF01430020B4F1FD0C88BFEE
S21401ACA0BCF5E06F3FF6AFAEB5EB030C04BFB6EBF9
S21401ACB0020C5FEA500C50F1000041EB045170BDEC
S21401ACC00EF0004E4EEA113114EB5C04C2BFD4EB19
S21401ACD00C0541EA045170BD41F480114FF0000E9D
S21401ACE0013C90E645EA060E8DE60CEA135594EA19
S21401ACF00C0F08BF95EA0C0F3FF43BAF94EA0C0F1C
S21401AD000AD150EA01347FF434AF95EA0C0F7FF490
S21401AD1025AF104619462CE795EA0C0F06D152EAE4
S21401AD2003353FF4FDAE1046194622E750EA4106C8
S21401AD3018BF52EA43067FF4C5AE50EA41047FF4D9
S21401AD400DAF52EA43057FF4EBAE12E74FF0FF3C3E
S21401AD5006E000BF4FF0010C02E000BF4FF0010C0F
S21401AD604DF804CD4FEA410C7FEA6C5C4FEA430C88
S21401AD7018BF7FEA6C5C1BD001B050EA410C0CBFD7
S21401AD8052EA430C91EA030F02BF90EA020F002039
S21401AD90704710F1000F91EA030F58BF994208BFA0
S21401ADA090422CBFD8176FEAE37040F0010070475D
S21401ADB04FEA410C7FEA6C5C02D150EA013C07D1B4
S21401ADC04FEA430C7FEA6C5CD6D152EA033CD3D0FF
S21401ADD05DF8040B704700BF8446104662468C46F9
S21401ADE01946634600E000BF01B5FFF7B7FF00282C
S21401ADF048BF10F1000F01BD4DF808EDFFF7F4FF55
S21401AE000CBF012000205DF808FB00BF4DF808EDDF
S21401AE10FFF7EAFF34BF012000205DF808FB00BF02
S21401AE204DF808EDFFF7E0FF94BF012000205DF824
S21401AE3008FB00BF4DF808EDFFF7CEFF94BF0120D9
S21401AE4000205DF808FB00BF4DF808EDFFF7C4FFD2
S21401AE5034BF012000205DF808FB00BF4FEA410225
S21401AE6012F5001215D211D56FF47873B3EB625256
S21401AE7012D94FEAC12343F0004343EA505311F07D
S21401AE80004F23FA02F018BF404270474FF000000F
S21401AE90704750EA013005D111F0004008BF6FF04D
S21401AEA0004070474FF00000704700BF4A0011D2C3
S21401AEB012F5001211D20DD56FF47873B3EB62520E
S21401AEC00ED44FEAC12343F0004343EA505323FA1A
S21401AED002F070474FF00000704750EA013002D18F
S21401AEE04FF0FF3070474FF00000704753B94AB932
S21401AEF0002908BF00281CBF4FF0FF314FF0FF307C
S21401AF0000F08CB9ADF1080C6DE904CE00F006F83E
S21401AF10DDF804E0DDE9022304B070472DE9F04FC7
S21401AF20099D0E4604460F46002B47D18A42944699
S21401AF30B2FA82F35AD943B102FA03FCC3F12002F2
S21401AF409F409C4020FA02F217434FEA1C461FFA24
S21401AF508CFE220CB7FBF6F106FB117701FB0EF017
S21401AF6042EA0742904208D91CEB020201F1FF3780
S21401AF7002D2904200F23C813946121AA4B2B2FBC8
S21401AF80F6F006FB102200FB0EFE44EA0244A6453C
S21401AF9008D91CEB040400F1FF3202D2A64500F2E8
S21401AFA02A81104640EA0140A4EB0E0400211DB19F
S21401AFB0DC400023C5E90043BDE8F08F8B4205D98C
S21401AFC00DB1C5E9000100210846F5E7B3FA83F1A2
S21401AFD000294FD1B342C0F00281824240F2FF8085
S21401AFE00846002DE8D0C5E90047E5E7002B40F00C
S21401AFF0AF808A1A4FEA1C4E1FFA8CF70121B2FB6A
S21401B000FEF60EFB1620220C42EA004207FB06F073
S21401B01090420FD91CEB020206F1FF382CBF4FF00D
S21401B02001094FF00009904203D9B9F1000F00F071
S21401B030DC804646121AA4B2B2FBFEF00EFB1022CA
S21401B04000FB07F744EA0244A7420FD91CEB0404AD
S21401B05000F1FF322CBF4FF0010E4FF0000EA74259
S21401B06003D9BEF1000F00F0C9801046E41B40EA88
S21401B07006409CE7C1F120048B4006FA01FC00FA69
S21401B08001FE22FA04F7E6408A401F4320FA04F341
S21401B0904FEA174843EA0C031FFA87FC4FEA1349A5
S21401B0A0B6FBF8F008FB106649EA064600FB0CF909
S21401B0B0B1450ED9BE1900F1FF3A2CBF4FF0010B76
S21401B0C04FF0000BB14503D9BBF1000F00F0A28091
S21401B0D05046A6EB09061FFA83F9B6FBF8F308FB00
S21401B0E0136603FB0CFC49EA0646B4450ED9BE19A5
S21401B0F003F1FF382CBF4FF001094FF00009B445AA
S21401B10003D9B9F1000F00F08280434643EA0040BC
S21401B110A6EB0C06A0FB028C66454346E14602D32D
S21401B12007D1C64505D2B8EB02036CEB070C013814
S21401B130E1465DB1BEEB030266EB090606FA04F4CE
S21401B14022FA01F3CE401C43C5E90046002133E74D
S21401B15002FA03FCC3F1200299409C40D6404FEA14
S21401B1601C4E20FA02F21FFA8CF7B6FBFEF00A43D9
S21401B1700EFB1066110C41EA064100FB07F68E42F3
S21401B1800ED91CEB010100F1FF382CBF4FF001096D
S21401B1904FF000098E4202D9B9F1000F34D0404673
S21401B1A0891B92B2B1FBFEF60EFB161142EA014272
S21401B1B006FB07F191420ED91CEB020206F1FF389D
S21401B1C02CBF4FF001094FF00009914202D9B9F1A5
S21401B1D0000F16D04646521A46EA00410FE7841A77
S21401B1E066EB030201201746FBE6023E624421E7B6
S21401B1F002396244C1E664440238D3E66444023844
S21401B20034E7023E6244E6E702386144C8E7023B9F
S21401B2103E447BE702383E445BE700BF704700BF11
S21401B2202DE9F04F924685B089461E460D46554A91
S21401B2300390294615F8014B135D13F00803F8D166
S21401B2402D2C7CD02B2C4ED04FF0FF3102936FF07B
S21401B2500043CDE9001336F0100851D037464FEAC7
S21401B260E6783A464346DDE90001FFF73FFE002354
S21401B27083468E4618461946A44613E0ACF13704B9
S21401B280A6421FDD002B09DB83457EEB010305D3B8
S21401B2908E4508BF83453BD1A24239DA4FF0FF33D2
S21401B2A015F801CBACF13004092CE9D9ACF1410415
S21401B2B0192CE3D9ACF16104192C03D8ACF157046D
S21401B2C0A642DFDC5A1C2FD0029A12B1404261EB33
S21401B2D04101BAF1000F03D0002B48D1CAF8009003
S21401B2E005B0BDE8F08F4FF0FF30029336F010083E
S21401B2F06FF000432C7801F10205CDE90003ADD1D2
S21401B300302C25D0002E3AD10A27B0463E46A8E773
S21401B31000FB08F307FB0133A0FB07010B442018D1
S21401B32043EBE4710123BBE72223039A1360BAF1CE
S21401B330000F17D005F1FF39DDE90001CEE74FF028
S21401B3400047009301232C788D1CCDE9017382E719
S21401B3502B7803F0DF03582B0CD086B90827B046AC
S21401B3603E467EE7DDE9000105B0BDE8F08FCDE998
S21401B3700001DFE710276C7802353E4671E710279B
S21401B3803E466EE7457204004AE700BF10B4044C1F
S21401B39013460A46014620685DF8044B40E700BFA5
S21401B3A0E467002010B4044C13460A4601462068A0
S21401B3B05DF8044B34E700BFE467002020F003018A
S21401B3C010F00300C0F1000051F8043B00F1040C3A
S21401B3D04FEACC0C6FF000021CBF22FA0CF21343AA
S21401B3E04FF0010C4CEA0C2C4CEA0C4CA3EB0C0273
S21401B3F022EA030212EACC1204BF51F8043B0430DD
S21401B400F4D0C2F1000102EA0102B2FA82F2C2F1FC
S21401B4101F0200EBD20070472DE9F04780460C462C
S21401B4204548264614F801EB10F80EC01CF0080C2F
S21401B430F7D1BEF12D0F5BD0BEF12B0F3AD065468A
S21401B44033F010003ED04FF0FF379A46B7FBF3F7C4
S21401B45003FB07F96FEA0909002630460EE0AEF154
S21401B460370C63451DDD002E04DBB84202D833D10C
S21401B470CC4531DD4FF0FF3614F801EBAEF1300C60
S21401B480BCF1090FEDD9AEF1410CBCF1190FE6D9AB
S21401B490AEF1610CBCF1190F03D8AEF1570C634540
S21401B4A0E1DC731C1CD005B140420AB1F6B911604B
S21401B4B0BDE8F08733F0100094F800E0654606F129
S21401B4C00204C0D1BEF1300F17D06BBB0A234FF078
S21401B4D005091A4F9A46BFE700FB0AC00126CBE7CB
S21401B4E022233046C8F80030002AE1D0611EDEE78C
S21401B4F094F800E00125B41CA2E7207800F0DF00F4
S21401B500582807D083B908234FF007096FF0604722
S21401B5109A46A1E7102394F801E04FF00F09023490
S21401B5206FF070479A4697E710234FF00F096FF0B8
S21401B53070479A4690E700BF457204009999991999
S21401B5406AE700BF10B4044C13460A460146206859
S21401B5505DF8044B60E700BFE467002010B4044CBC
S21401B56013460A46014620685DF8044B54E700BFBF
S21401B570E46700200F4B70B50F4DAB42A3EB0506F9
S21401B58007D0B6100024013455F8043B9847A6426C
S21401B590F9D80A4D1FF0C4FA094B5E1BAB424FEABD
S21401B5A0A60606D00024013455F8043B9847A64267
S21401B5B0F9D870BD786B0020786B0020786B00207E
S21401B5C07C6B002070B5860747D0541E002A3ED0FB
S21401B5D0CAB2034601E0013C39D303F8012B9D07AB
S21401B5E0F9D1032C2CD9CDB20F2C05EB052505EB93
S21401B5F0054535D9A4F1100C03F1100E1A462CF0AE
S21401B6000F064FEA1C1CB644C2E90055C2E90255B2
S21401B61010327245F8D10CF1010214F00C0F04F04F
S21401B6200F0C03EB021213D0ACF1040323F0030357
S21401B6300433134442F8045B9342FBD10CF0030439
S21401B6402CB1C9B21C4403F8011BA342FBD170BD47
S21401B65064461346002CF4D1F9E703461446C0E7C6
S21401B6601A46A446E0E700BF88420ED98B188342EB
S21401B6700BD900EB020C002A6ED0624613F801CDFE
S21401B680994202F801CDF9D170470F2A0FD8034627
S21401B69002F1FF3C002A5FD00CF1010C013B8C4407
S21401B6A011F8012B614503F8012FF9D1704740EAE3
S21401B6B001039B0751D1A2F1100301F1200C70B5D3
S21401B6C023F00F0501F1100E00F110041B09AC4424
S21401B6D05EF8105C0EF1100E103444F8205C5EF833
S21401B6E01C5C44F81C5C5EF8185C44F8185C5EF858
S21401B6F0145CE64544F8145CEAD1013312F00C0FF1
S21401B70002F00F0C01EB031100EB031329D0ACF18F
S21401B710040C1C1F8E462CF003064FEA9C0C1E449C
S21401B7205EF8045B44F8045FB442F9D10CF10104FD
S21401B73002F0030203EB840301EB840102F1FF3CF8
S21401B7404AB10CF1010C013B8C4411F8012B614507
S21401B75003F8012FF9D170BD704702F1FF3C034693
S21401B7609AE76246EAE700BF2DE9F04F82468E4629
S21401B7703F4875461EF801BB10F80B4014F008044C
S21401B780F7D1BBF12D0F5BD0BBF12B0F6FF000494A
S21401B79004BF9EF800B005F1020E33F0100010D180
S21401B7A0BBF1300F04D0002B5ED10A231F4609E0FF
S21401B7B09EF8000000F0DF0058284ED0002B53D131
S21401B7C008231F460025B9FBF7F6284607FB1698FF
S21401B7D00EE0ABF1370C63451DDD002D04DB864220
S21401B7E002D321D1E0451FDA4FF0FF351EF801BB29
S21401B7F0ABF1300CBCF1090FEDD9ABF1410CBCF14A
S21401B800190FE6D9ABF1610CBCF1190F03D8ABF1F6
S21401B810570C6345E1DC6B1C0AD004B140420AB107
S21401B820CDB91160BDE8F08F07FB00C00125DDE74B
S21401B8302223CAF800305AB10EF1FF314846F0E72C
S21401B8409EF800B04FF0004905F1020E0124A4E76E
S21401B8504846BDE8F08F8146EEE710239EF801B01A
S21401B8600EF1020E1F46ADE710231F46AAE700BFE2
S21401B87045720400242B02D8012B00D074E710B5C2
S21401B88000F02EFA16230360002010BD10B5242AFE
S21401B890084C1346246807D8012A05D00A460146F3
S21401B8A02046BDE810405FE700F01AFA1623036051
S21401B8B0002010BDE467002010B5242A084C13466A
S21401B8C0246807D8012A05D00A4601462046BDE865
S21401B8D0104049E700F004FA16230360002010BD6B
S21401B8E0E4670020844641EA000313F0030349D1CC
S21401B8F0403A23D30B6803604B6843608B688360D0
S21401B900CB68C3600B6903614B6943618B698361D3
S21401B910CB69C3610B6A03624B6A43628B6A8362BB
S21401B920CB6AC3620B6B03634B6B43638B6B8363A3
S21401B930CB6BC36340304031403ADBD230320BD35D
S21401B9400B6803604B6843608B688360CB68C36099
S21401B95010301031103AF3D20C3205D351F8043BB3
S21401B96040F8043B043AF9D2043208D0D2071CBF8F
S21401B97011F8013B00F8013B01D30B8803806046B8
S21401B980704700BF082A13D38B07B1D010F003030A
S21401B990AED0C3F10403D21ADB071CBF11F8013B7A
S21401B9A000F8013BA4D331F8023B20F8023B9FE7A5
S21401B9B0043AD9D3013A11F8013B00F8013BF9D218
S21401B9C00B7803704B7843708B78837060467047B2
S21401B9D0024B0146186816F072BC00BFE4670020EF
S21401B9E0024B0146186816F06DBC00BFE4670020E4
S21401B9F0CAB384460B4630B504460843800719D0BF
S21401BA009CF800000C78A04212D150B3012A28D02D
S21401BA10E64603E01CEB030F23D010B31EF8010F1C
S21401BA2011F8014FA2EB0E03A04203F1FF33F1D050
S21401BA30001B30BD032A07D8E2E7043A11D01EF0F6
S21401BA40803F0ED1032A10D92068194653F8045BAB
S21401BA50A446A0F1013E0434A8422EEA000EECD022
S21401BA60CEE7002030BD10467047A4461946C7E70A
S21401BA7080EA010C1CF0030F37D110F0030C20F004
S21401BA80030021F0030150F8042B08BF51F8043BD2
S21401BA900ED08CF0030C6FF07F434FEACC0C23FAE8
S21401BAA00CFC51F8043B42EA0C0243EA0C0300BFCB
S21401BAB0A2F1013C9A4201BF2CEA020C1CF0803F25
S21401BAC050F8042B51F8043BF2D04FEA02604FEADB
S21401BAD01222012828BFB0EB036F08BF1B0AF4D05F
S21401BAE003F0FF03000EC01A704710F0030F0AD0D0
S21401BAF010F8012B11F8013B012A28BF9A42F4D015
S21401BB00A2EB030070474DF8045D50F8042B01F0DA
S21401BB10030521F0030151F8043B022D26D04DD830
S21401BB2022F07F45B5EB132FA2F1013C2CEA020C63
S21401BB300DD11CF0803C08BF51F8043B0AD185EAC0
S21401BB400205B5EB036F0CD150F8042BE8E74FEA7A
S21401BB5013235BE03CF07F4C54D10B784FEA12651F
S21401BB6054E04FEA126503F0FF034FE04FEA024547
S21401BB70A2F1013C4FEA15452CEA020CB5EB134F36
S21401BB8018D11CF0803C08BF51F8043B07D185EA68
S21401BB900205B5EB034F09D150F8042BE6E75FEA3F
S21401BBA00C4C2FD10B884FEA12452FE04FEA034386
S21401BBB04FEA12454FEA134328E000BF02F0FF05A3
S21401BBC0B5EB136FA2F1013C2CEA020C0DD11CF06F
S21401BBD0803C08BF51F8043B0AD185EA0205B5EB63
S21401BBE0032F0AD150F8042BE8E74FEA13630DE060
S21401BBF012F0FF0F06D051F8043B4FEA122523F04E
S21401BC007F4303E04FF0000020BC704705F0FF02C1
S21401BC1003F0FF00012828BF904204BF2D0A1B0A2B
S21401BC20F4D0A2EB000020BC704700BF08B5064B5D
S21401BC30044613B1002100F0AFF8044B1B6803B1B2
S21401BC409847204614F074FD99BD0100B8500020B5
S21401BC50002301461A46184600F048B8032A30B4B5
S21401BC6015D941EA000484460B46A40704D0541EA5
S21401BC700FE0043A032A08D91946604653F8044BE4
S21401BC805CF8045BA542F4D0F1E760461946541E01
S21401BC907AB1431E0139021901E09A4209D013F81C
S21401BCA0010F11F801CF6045F7D0A0EB0C0030BCB6
S21401BCB07047002030BC704738B5074D074C2C1B29
S21401BCC0A41005D0013C55F8043D9847002CF9D145
S21401BCD0BDE838401EF02ABF806B00207C6B002038
S21401BCE0014B1868704700BFE4670020F0B5264C8A
S21401BCF083B006460F46256805B36C681F2C3FDCEB
S21401BD00A6B1D5F8880048B3D0F800114FF0010C61
S21401BD1040F82420022E00EB84020CFA04FC4CEAC4
S21401BD200101C0F80011C2F8803010D0631C002059
S21401BD3002346B6045F8247003B0F0BD1349144813
S21401BD40216010B10068C1F88800104DD5E7D0F821
S21401BD50043143EA0C03C0F80431E7E70D49CDE9A5
S21401BD60002369B14FF48470FFF732FE40B1002121
S21401BD706C68C0E94011DDE90023C5F88800C5E715
S21401BD804FF0FF30D8E700BF48510020BC500020DC
S21401BD9000000000D1B901002DE9F04FDFF8B490A2
S21401BDA083B0D9F8006096B3884601907568D6F8D6
S21401BDB088706C1E2BD4013507F1800B06EB8505C8
S21401BDC0B8F1000F26D173682A68013BA3423BD025
S21401BDD000232B60BAB1D6F804A05FB30123D7F8CD
S21401BDE00011A3400B4225D0D7F8040157F82410C0
S21401BDF003422BD1019890477368D9F80020534528
S21401BE001ED1B2421CD1013C043D631CD8D103B003
S21401BE10BDE8F08F4FB15BF824304345D3D0013CE9
S21401BE20043D621CF3D0002FF5D1013CEFD3013C59
S21401BE30FBD2ECE790477368D9F800205345E0D071
S21401BE40002AE4D01646B1E77460C3E70846904777
S21401BE50D2E700BF48510020431E033306D8044BE7
S21401BE60984228BF1846642838BF6420704700BF30
S21401BE7040420F0038B5194B05461B680C4603B106
S21401BE80984744B1236833B11B68013303D0E36894
S21401BE900BB1A3684BB91AF009F900204FF4C1722F
S21401BEA0412100F0FFF9212038BD204602F04AFC6E
S21401BEB000230B4A85F83C31C5E93743C2E9003314
S21401BEC063694BB1074A422110684FF4D272C31A14
S21401BED05842584100F0E6F90020E5E7B853002043
S21401BEE0586400201C540020F8B504461EF00DFBD3
S21401BEF0002607460E4B1B6893B19E68AEB196F8B6
S21401BF002420D20711D435460FCC0FC50FCC0FC550
S21401BF1023682B6096F8243043F0010386F824301A
S21401BF2038461EF0EDFA3046F8BD1B68E4E700BF60
S21401BF303868002010B5044618B9054B054A136049
S21401BF4010BD00F0D9FCD4F8E830002BF6D1F4E7A8
S21401BF505758030034680020014B1868704700BF2B
S21401BF605864002008B502460868FFF775FF0860A8
S21401BF704868FFF771FF48608868FFF76DFF8860C3
S21401BF80C868FFF769FF0B69C860581C03D00B48E7
S21401BF90834228BF03460B614B69581C03D00748F0
S21401BFA0834228BF034688694B61FFF755FFBDE80A
S21401BFB008408861104601F07BBC00BF40420F007C
S21401BFC0D0F8E0302DE9F04105460C4613B1C38D9B
S21401BFD08B424CD0D5F8DC30002B4BD09E68002E1F
S21401BFE048D0D868002845D0013800B200281ADBAE
S21401BFF0002106E0128A591CA24217D209B28842D1
S21401C00011DB0B1803EBD3735B1003EBC30206EBD8
S21401C0108202B2F80EC003F1FF3EA445EAD90FFA38
S21401C0208EF08842EDDA2120BDE8F0814FF6FF72EE
S21401C03099B29142F7D09BB203EBC30306EB83069A
S21401C0402846B6F9122095F83011D5F8F080EEF7AB
S21401C05009FE0746B8F1000F04D0002332462846F1
S21401C0601946C047EC85C5F8E06085F839710020AF
S21401C070BDE8F0810E20BDE8F08100BF2DE9F04754
S21401C08082B004460F46164601F086FE002863D1AC
S21401C0904F4D2B68D4F8DCA0D4F8E0800BB15345A3
S21401C0A076D04FF00009AF6001F09EFE01280746EA
S21401C0B065D1204619F039FF002851D12B68DAF8EE
S21401C0C00010D8F8002013B1186888426BD02046BB
S21401C0D019F0DDFEC5E900A8D4F8F0508DF8076028
S21401C0E0002D67D00022204611460DF10703A84710
S21401C0F0204600F0EDFF0546B9F1000F0FD076B9E6
S21401C100D4F88C300BBB012F05D025B1314B002163
S21401C11003205B689847284602B0BDE8F087B5FA69
S21401C12085F040F207523321400900F0BBF8314652
S21401C130204601F00BFA284B05461B68414620466F
S21401C1409847D4F88C30002BDDD000224FF40073D2
S21401C150204600F0E1FBD6E700231D4D6B6098E713
S21401C16094F82530DA07A9D5D4F894305B05A5D51F
S21401C1701A4B0122002120461B6898479EE70021A2
S21401C180012000F001FC01F02FFE0128FBD190E711
S21401C1906B68002B85D0434583D1AB689F4215D091
S21401C1A04FF001097FE7696811B10968914291D0A2
S21401C1B059688CE794F82A1094F839313246994236
S21401C1C028BF1946204600F0D1FE91E70025A2E7D8
S21401C1D0586400204068002034680020BC530020CA
S21401C1E0F8B50F4605461EF090F93946064628462C
S21401C1F0FFF7E6FE044620B130461EF081F92046E0
S21401C200F8BD01F0A7FD224639462846FFF736FF5E
S21401C21004460028F0D1284619F087FE0028EBD006
S21401C22095F8253013F001030DD0D5F8942052056A
S21401C2300DD5B5F82A21BA4205D0B5F82C31DB1B4D
S21401C240B3FA83F35B09034A82F8C430D4E7234682
S21401C250F9E700BF001E00B013B50446694619F0A1
S21401C26028FC204619F06CFDFF28024606D0204621
S21401C2709DF80010EEF774FD02B010BD0048FBE714
S21401C2800080FFFF38B5044D044C054B2860216043
S21401C2901A601DF035FE38BD4C5300203C68002066
S21401C2A05053002010B550B90548064B01600648AA
S21401C2B002601868054B18601868FFF7E3FF10BDA9
S21401C2C03C680020A8540020505300204C53002006
S21401C2D02DE9F0418AB001AC05460B462746194ABE
S21401C2E002F1200C264610685168083203C66245E2
S21401C2F03446F7D1002B08BF3B46002710681C4682
S21401C3003060384603F10C0690B95FFA87F842466A
S21401C3102846218819F00CFE50B942462846E18885
S21401C32019F017FE20B942463146284619F023FE79
S21401C3300137032F06F1080604F10204E4D10AB01E
S21401C340BDE8F08168730400F0B589B005460E4675
S21401C35019F020FE044600BB01AC06F10C070FCF16
S21401C3600FC497E8070084E8070001A92846FFF7ED
S21401C370F9FD2846311D19F0E7FF044648B928465D
S21401C380074901F057FA044618B9284601F0C6FDD8
S21401C390044628463168FFF79BFF204609B0F0BDEA
S21401C3A060730400014919F0D7BB00BFEDDE010040
S21401C3B070B5164E032804460D4633781ED023FA70
S21401C3C004F202F00102AA421DD053B10122A2409A
S21401C3D0A54023EA02032B43DBB233704BB10120A5
S21401C3E070BD2DB10A4B01201B6898473378EDE7E5
S21401C3F03570074B00201B689847F0E79A07DED098
S21401C40003F0FC03E9E7002070BD00BFA86100202F
S21401C4109053002038B504460D4605F077FD60B10F
S21401C42001F0C6FC48B9012D07D8012019F05DFDC1
S21401C4300D4B1B6823B15B6898470C4B1C7038BDCD
S21401C4401EF0BDF90A4B1A68801A18601CF0D2FE5D
S21401C4504FF47A72074B1B6802FB003019F07AFB27
S21401C460012001F0ADFCE8E7B4530020496B002041
S21401C470885300208C530020F8B505460C461EF064
S21401C48044F8104F06463B7833B1012D04D01CB951
S21401C4900D481CF001FE3C7021462846FFF788FF38
S21401C4A00A4B04461B783BB93B782BB919F011FDB2
S21401C4B010B1074B1B68984730461EF021F82046FE
S21401C4C0F8BD00BFA961002064530020A8610020C8
S21401C4D040680020054A0B46117831B100211170E1
S21401C4E0034A01215268187810477047A961002055
S21401C4F040680020124B0239012910B518701ED869
S21401C50005F004FDD8B101F053FCC0B101F034FAD6
S21401C510A8B90C4B1C6834B123689847BDE8104095
S21401C520002019F0E2BC19F013FB074B18601EF04F
S21401C53046F9064B1860204601F042FCEEE710BDB6
S21401C540496B0020B45300208C53002088530020F0
S21401C55038B5044680B11DF0D8FF012104460846CF
S21401C5601CF03EFA01210B4A084615F07CFF2046D6
S21401C570BDE838401DF0C4BF1DF0C7FF0546214683
S21401C58001201CF02DFA01202146024A15F06BFF0E
S21401C5902846EDE72D490400F0B585B01DF0B5FF3E
S21401C5A0344D04462B7823B133481CF075FD002822
S21401C5B052D11CF0FBFD02AA03A919F074FC034634
S21401C5C0002838D019F083FC029B98421CD1002029
S21401C5D02A4B03991B682A4E9942307020D90027AE
S21401C5E0C91A012324482B70264A3346CDE9007721
S21401C5F01EF0C1F8002837D1234A1378D90701D590
S21401C6003178F9B1204611E019F05FFC029B98429F
S21401C61028D0002318461949194A0968137003914E
S21401C6200121FFF7C5FE002320462B701DF068FF91
S21401C630002005B0F0BD20462B701DF061FF2120C3
S21401C64005B0F0BD03F0FE031370002BDAD10F4BDB
S21401C6501B6898472046E9E720461DF051FF0E204B
S21401C66005B0F0BD0220B3E7032320462F703370D8
S21401C670F3E700BFA9610020645300208453002023
S21401C680486B0020D5C40100A8610020905300200B
S21401C69038B51DF03AFF0F4D04462B789BB90E4A6C
S21401C6A00E4913700E4B0F4A0F481A600F4A5A6014
S21401C6B0EFF782FF0E490F48EFF77EFF0E4B0F4A4A
S21401C6C01A6001232B70F0F781F820461DF018FF41
S21401C6D0002038BDAA610020A96100208C730400E7
S21401C6E04068002099C501005453002079C4010018
S21401C6F0947304005C5300209053002051C5010040
S21401C7002DE9F0438F7880460F2F0C4685B003D96C
S21401C710212005B0BDE8F08327B90123374A002060
S21401C7201370F6E70D784E78EDB9002EF0D194F936
S21401C7300310E08803F00AF82128E9D055EA060339
S21401C740A088DFF8C89013D003F064F84FF604030E
S21401C750B9F8002001469A424BD1AE42334638BF63
S21401C7602B4600262DE0082DD2D8082ED0D8DEE79D
S21401C77003F050F84FF6040501464FF60500204A2F
S21401C780136E9BB2AB4208BF0346B1F5803FA9F8D2
S21401C79000300FD902230825136680230126C2F82C
S21401C7A080302B4649084FF6FF720139914228BF67
S21401C7B0114608E08023012608251666C2F8803057
S21401C7C02B460029EFD1002202920122013FFFB23F
S21401C7D0009201972A4608F1F80002F0B7FE1EB152
S21401C7E04FF48012074B5A65074BA2681A60022362
S21401C7F094E703480266A9F80030AEE7AB61002073
S21401C80000C001B800D001B89C530020D06A0020B7
S21401C81010B50446D0F818210B4B4FF40061C3F84D
S21401C820A82090F82420D20102F4006205F0D2FA82
S21401C83094F8243013F0100F4FF4007314BF034A1A
S21401C840034A136710BD00BF001E00B0001002B8F7
S21401C850002002B8431C07D06FF0FF02034B1040C4
S21401C8601A62A3F580531862704700BF00E000B853
S21401C870F8B504460F4616461DF047FE0546A04786
S21401C880044620B128461DF03BFE2046F8BD04F0C4
S21401C8907FFC04220549D1F8D83E23EA0703334337
S21401C8A0C1F8D83E024B1A67ECE700BF001000B093
S21401C8B0002002B800F01803182B0AD003070AD488
S21401C8C040F2011310F0100018BF1846034B18650C
S21401C8D070470020FAE70120F8E700BF001F00B00C
S21401C8E0044B1868830654BFC0F30F204FF6FF7041
S21401C8F0704700BF8454002038B10368044A002BF7
S21401C90008BF1346034A13607047014BFAE700BF9E
S21401C9109F5B03004C68002010B4D0E954412240CC
S21401C9200B4052EA030104D003495DF8044B096841
S21401C93008475DF8044B70474C6800200F2938B54E
S21401C94005460C460ED801F04FFA01280CD1074ACD
S21401C9502846D36B23F00F032343D36319F029FB37
S21401C960002038BD2120FCE70220FAE7001F00B0B6
S21401C970014B186C704700BF001F00B0014B002030
S21401C98019647047001F00B003282DE9F347884655
S21401C99055D82C4B13F800902B4B1E5C2B4B13F8E1
S21401C9A000A01DF0B2FD074604F03EFB054640B16F
S21401C9B000230022CDE9003301200023002104F0EA
S21401C9C079F904F039FB48B100230022CDE90033A0
S21401C9D0002000234FF4004104F06CF96EB31C4BA9
S21401C9E0DC6C04F008041B4B3146DC64484604F05A
S21401C9F02DFC52463146484604F092FC164BDC6448
S21401CA006DB1164B1868D0F89410F83003F06EFA32
S21401CA1013490868FFF71EFF4FF0FF330B60B8F1AC
S21401CA20000F04D00F4B002103205B68984738465F
S21401CA3002B0BDE8F0471DF063BD3446D3E702B04F
S21401CA40BDE8F087A4730400A07304009C7304007F
S21401CA50004000B8006000B8005000B8A85400209C
S21401CA6048680020406800200F4A136F13F0A00F9B
S21401CA7015D1506F10F0040013D10C4BD3F8D83EEB
S21401CA8023F07F4323F0FF035BB1D368C3F3036254
S21401CA90092A07D0B2F10C0018BF01207047002008
S21401CAA070470120704700BF000002B8001000B0B8
S21401CAB070B50D46064620B91A4B1B68A3B10E2069
S21401CAC011E001F091F9012829D1174B93F90040A3
S21401CAD0C4F11C04641BC4F11C03002BB8BF5B42E9
S21401CAE0232B0CDD212070BD81EAE173A3EBE173FA
S21401CAF0DBB2232BF6D80C4B19700020F3E786F82F
S21401CB0028501DF002FD094AE402D36904F4FF240B
S21401CB1023F4FF231C43D4611DF0F2FCEDE7022051
S21401CB20E1E700BFA8540020AC61002000C000B8B7
S21401CB3018B9034B93F90000704790F92800704725
S21401CB40AC61002010B5044619F0EFF910B10120D0
S21401CB5001F0D4F92046FFF75BFE1DF0D6FC0A4A29
S21401CB600121D2F8A030044623F02003C2F8A030F9
S21401CB700222064B08469A60054B5B68984720469A
S21401CB801DF0BEFC002010BD001E00B0001002B853
S21401CB9040680020064B5A6A920207D4D3F88030C8
S21401CBA013F4706F14BF01200020704701207047F6
S21401CBB0004001B8F8B50E46D0F8943002EA0104F8
S21401CBC023EA01032343C0F89430464A01F00B03DD
S21401CBD023EA0401D1642340A2F58052D36472078C
S21401CBE0054610D50121FFF7D5FF60B104F0D0FA54
S21401CBF04FF4007314F0040F14BF3B4A3B4A5362D0
S21401CC0004223B4B1A67F30606D514F0100F14BF27
S21401CC1000221B22374B5A6537061DD5200616D52E
S21401CC204FF40012304B1A62012203F58053C3F809
S21401CC3000211DF06AFC0E210746032003F09EF832
S21401CC4040F201222B4B3846DA621DF059FC214690
S21401CC5005F1F80003F04AF9F10503D5E2052AD5F6
S21401CC6003F05CF8B30503D5A70527D503F062F8F2
S21401CC7016F48C6F1DD014F4806224D095F82530FC
S21401CC80DC070CD5EA8DB5F82A31934219D0B5F8F0
S21401CC902C31981A43424341174A82F8C430D5F8DA
S21401CCA0E410284618F07CFF8022144BD864144BFD
S21401CCB01A610020F8BD03F02BF8D3E703F034F82F
S21401CCC0D6E70123E8E77105E9D595F82530DB07B6
S21401CCD0E5D5094B114683F8C4200A4B28461B6844
S21401CCE09847DCE7006000B8005001B8006001B862
S21401CCF0002002B8004000B8001E00B0001F00B0BF
S21401CD00000002B8BC530020014B1868704700BFF2
S21401CD10A853002037B51DF0F8FB0024012300229C
S21401CD20CDE90034002305461946104603F0C2FF3C
S21401CD30022002F0E7FA064B21461C60054B022052
S21401CD405B68984728461DF0DBFB204603B030BDE4
S21401CD50B0530020406800202DE9FF4102290D460E
S21401CD6016469846039004D1FFF7D4FF04B0BDE8F9
S21401CD70F0811DF0CAFB1E4F04463B683BB1B3422F
S21401CD8005D01DF0BDFB002321203B60EEE7194BCB
S21401CD900022C3F800803E60002301264FF0000801
S21401CDA010461946CDE9006603F084FF124B0220B7
S21401CDB083F8008002F0A6FA43462A46022003A919
S21401CDC002F0BEFA0D4B039A1A6008B92046D8E75E
S21401CDD00B4D2B689847212804D020461DF090FB68
S21401CDE00020C3E731466B6802209847F5E700BF8D
S21401CDF0B0530020AC530020AE610020A8530020A1
S21401CE0040680020044B5B6E5B054EBF0120034B60
S21401CE10187800F00100704700C001B8AE6100202C
S21401CE200A78022A11D0101F4242424152004B7822
S21401CE301201022B0BD0191F4B424B415B000549D7
S21401CE40054842EA8312FFF713BD0122EFE70123EB
S21401CE50F5E700BFF0FFFF0031DE01000B78022B83
S21401CE6010D0181F434243415B004A78022A0BD078
S21401CE70111F4A424A4152000F21044843EA8202E6
S21401CE80FFF7F6BC0123F0E70122F5E75DDE0100BE
S21401CE902DE9F8430E780446042E0D4690F83081AD
S21401CEA00BD100275FFA87F9484601F07DFD08B1EE
S21401CEB04E4602E00137042FF4D1304601F074FDEE
S21401CEC0002849D094F83031B34209D1AA88D4F861
S21401CED0A8309A4204D16A88B4F832319A4238D0DE
S21401CEE084F83061AB883046A4F834316B88A4F8F6
S21401CEF03231AB8804F59875C4F8A830FF2384F85E
S21401CF002B3019F007F984F82A00284601F078FC3E
S21401CF1018BB284601F03EFDF8B9D4F8E03053B10D
S21401CF2094F83011414506D02046B3F91220EDF7AA
S21401CF3099FE84F83901204601F09AFE0949A4F8C1
S21401CF4034010123084AD1F8FC1004F1F80003F07B
S21401CF50AFFC0020BDE8F88321200C2384F8303193
S21401CF60F8E700BF001F00B0581F00B0F8B505462F
S21401CF7090F830010C460C28164623D0FF2923D002
S21401CF801AB14FF0FF32114B1A6019F0C3F8074679
S21401CF9095F8300101F068FD844228BF0446E4B2EA
S21401CFA0BC4238BF3C46E0B285F82B0001F002FED9
S21401CFB0FF280CBF2124002416B9284601F068FD7D
S21401CFC02046F8BD0224FBE72124F9E7506800203B
S21401CFD010B590F8303104460C2B43D0D0F8E03031
S21401CFE080F82A10D3B3D0F8F020CAB990F83931B6
S21401CFF08B421BD300222046FFF7B8FF40BB1A4BDB
S21401D0001B78022B23D8204601F032FE1749012354
S21401D010174AD1F8FC1004F1F80003F049FC16E0B9
S21401D020B0F94220B3F912309A42E3DD00222046DD
S21401D03094F83911FFF79AFF50B9C4F8E00020467A
S21401D04018F0B1FC4FF6FF739842014601D100205B
S21401D05010BD2046BDE81040FFF7C2B8FF2380F898
S21401D0602B30F4E70220F3E7D46A0020001F00B05B
S21401D070581F00B0F0B51D46144B04461B780F46EA
S21401D080164685B05BB1D0F8E030E3B102AAB3F939
S21401D09012300092002214F048F905B0F0BD02A942
S21401D0A018F007FD9DF808103A462046EDF7DAFD20
S21401D0B0014626B92A462046FFF758FFEDE72046E7
S21401D0C0FFF786FFE9E71846E7E700BFF24A0400E4
S21401D0D0D0F89C30012B01D10020704770B5044672
S21401D0E065498CB019F04BF8D4F8E0600146E58D3F
S21401D0F0C4F8E40026B1336813B15B68002B71D124
S21401D1001DF003FA1DF0FCF90123D4F8E4108DF8A4
S21401D1100630B389D6E90120EB1A9BB200FB032245
S21401D1205648ADF80430036800928B4207D020467B
S21401D13018F036FD80225249524BC8641A61514D8F
S21401D14000F052FE0128FBD1AB689E06F8D42046BB
S21401D1509DF80620009906AB03F0E6F800283ED1BC
S21401D16000F042FE0128FBD1464A136FD801FCD4D9
S21401D17093689906F9D4684606A903F08DFA054620
S21401D18068BBE28D404B5A6494F8243060F3410347
S21401D19084F8243000F0EEFFD4F8E0305969431EDD
S21401D1A00E68DBB2FD2B029622D9F31C34D84B68ED
S21401D1B0FF2803935ED10126DA1C25D8024602A970
S21401D1C0204618F005FFE6B9D4F8543199053FD446
S21401D1D094F8243043F0020384F8243011E002204E
S21401D1E00CB070BD1A68032A8AD99B6A5B0E8EE75B
S21401D1F04B6801280393DED00246204602A918F0A8
S21401D200E7FE00200CB070BD0133204B5B6816D0E2
S21401D210DA1C23D80393D1E71C4B01361B6818BFD1
S21401D2200126DD1C06D802934B68FF280393C3D062
S21401D2300020C3E7FF284B6819D00393C3E7DD1C22
S21401D2400FD80246204602A9039318F0C1FEBBE799
S21401D25020464FF4803119F043F8D2E7FF28B2D1C7
S21401D260E6E7FF28B0D10022204602A9EDE701201B
S21401D2700393A1E72A46C0E7FC1F00B0985300209D
S21401D280001F00B0000002B8008001B858680020F6
S21401D29010B50C4619B118F048FE00B1043420460A
S21401D2A002F0B8FA024B4042C3F8C80E002010BD87
S21401D2B0001000B0838E70B593420C4615461CD301
S21401D2C0836C8B4208BF00241DF01FF94FF49C535A
S21401D2D00B490646CA68C2F30362D340DA0702D591
S21401D2E00B6F9B0304D401222946204601F016F851
S21401D2F030461DF005F9002070BD2120FCE700BF77
S21401D300000002B82DE9F84F064615460B4611B93E
S21401D3102120BDE8F88F002AFAD0032905D800227B
S21401D32001F05EF903460028F2D01C889978B4F51E
S21401D330804F01F0070080F0C580A0F1070C1A7934
S21401D34093F805A0DF88DCF1000343EB0C03052806
S21401D3502B7394BF0023C1F30013C1F3801C6B73BE
S21401D3608B0985F810C003F00203C1F3C00C43EA31
S21401D3700C03C1F340116B74A974AF82002A40F00C
S21401D380828096F81E31013BDBB2EB74D6F89430FE
S21401D390DF0600F18380063801287FD8B6F81280B0
S21401D3A0F76908F1FF38484B083C04EA08045B6D4E
S21401D3B03B5D0134802B0EBF6FF07F03323B5BB2C7
S21401D3C0AB730023AB6096F8279004EA0804B9F122
S21401D3D0000F61D1631D03EA08035A1C02EA080222
S21401D3E0BA5CFB5C43EA0223D9040FFA83FB4CD5F3
S21401D3F0D6F8E43013B11B68022B05D841F24D7202
S21401D4004C210020FEF74EFFD6F8E420CBF30B03A9
S21401D41092F82420DB000AB1B3FBF2F39A4508D850
S21401D4203BB1CAEB0A2ABAFBF3FA6FEA0A0A5FFAB9
S21401D4308AF9D6F8EC3023B1484695F90E1098478C
S21401D4408146631C85F80F9003EA0803F95C0133F3
S21401D45003EA0803FA5C013303EA080341EA0221FE
S21401D460FA5C013303EA0803F85C41EA024100234F
S21401D47041EA00616A7C304603F0D8FA0623286048
S21401D480AB71002045E7531E7EE717F804904FEA7C
S21401D49049095FFA89F9CCE79946D2E700230020CB
S21401D4A0EB730A4B5A69C2F30723120448BF63F0B1
S21401D4B0FF035AB212F1800F1CBF323B5AB2AA7355
S21401D4C00346DCE7022024E7004000B800C000B8AD
S21401D4D038B5148811F003054FEAC40422D13F2C55
S21401D4E020D9B4FA84F4C4F11903DBB2052B01D8B0
S21401D4F0192C15D0052B28BF052301240633DBB2D2
S21401D5009C40C4F3CF03138003828161448700F0FB
S21401D5102DFF054A631E2343C2F8A430284638BDB2
S21401D5202B46EAE72125F9E7001E00B011F5004F6A
S21401D5301FBF01F30E01044BC1F30E01002014BFFF
S21401D54099642120704700BF008001B8F8B50446F1
S21401D5500E4619B990F824305A063FD44FF6FF7399
S21401D560618ED4F8E470994204D0314B1B680BB13C
S21401D570204698472F4D2B68BB424DD02E4B1B683B
S21401D5803BB11FB13A68002A48D0BF6839462046E9
S21401D59098470727204601F06BFB002E32D006275E
S21401D5A00126264B94F9282093F900302449C3F12B
S21401D5B01C039B1ACA69DB0222F4FF2203F4FF2331
S21401D5C01343CB61D4F8E4301E4A2B601E4B976799
S21401D5D020461E7018F0EDFC0020F8BD4FF6FF71D6
S21401D5E0144DD0F8E4702A6866F386139742418694
S21401D5F080F8243017D0104B1B68002BC1D101F0E6
S21401D60037FB072711493B46114AD1F8FC1004F1B4
S21401D610F80003F04DF9C2E70127BBE7174620469D
S21401D62039469847B5E701F023FB0127EAE700BF33
S21401D630A453002098530020A0530020AC61002082
S21401D64000C000B8006000B8AD610020001F00B047
S21401D650581F00B0054A12681AB190F81E1119B980
S21401D6601047084602F0AABB0148704794530020B1
S21401D67000FEFFFF344B2DE9F7431C6801F40079E7
S21401D68000F00103174653EA090206460D4635D057
S21401D6904FF000083BB30023002200210120CDE912
S21401D6A0008803F007FB042001F02CFE41462046CB
S21401D6B0FFF7D0FF012241462086104618F025F9D3
S21401D6C0D4F8941004F1F80002F010FC1F49086821
S21401D6D0FFF7C0F84FF0FF330B6094F8243043F0A7
S21401D6E0040384F82430B9F1000F07D00121204645
S21401D6F018F0F6FD25F4007506430D432B46324619
S21401D7002046FFF709F9FB070FD51149114A0868AA
S21401D71000211368116001210F4A117003B1984767
S21401D7200E4B002102205B68984717F00E0F08D0B9
S21401D7304FF409723B21002003B0BDE8F043FEF729
S21401D740B1BD03B0BDE8F083A854002048680020AE
S21401D750AC530020B0530020AE610020406800208A
S21401D76008B5482200210248FDF72CFF002008BD1D
S21401D770DC1E00B073B578216422A0F81411822152
S21401D7800C23C0E94112C0E94322C0F80021072258
S21401D7904FF0FF35002680F830314FF6FF73044610
S21401D7A0C28700F14C0282641E4AC385A0F840304D
S21401D7B080F82C3043864263038780F82860C0F8DF
S21401D7C0A850458580F8265003F03EFC2046FFF71A
S21401D7D0C7FF94F928102046FFF76AF9602340F640
S21401D7E0FF71114A2046D36402F11C42D162D16511
S21401D7F00E4A2946D36440220D4B1A67D4F894206A
S21401D800FFF7D8F90E230022CDE9003340F20223B8
S21401D8101046194603F04EFA01F0E2F8304602B01F
S21401D82070BD00BF4000FFFF004000B8005000B8C8
S21401D830002002B810B50C46FFF792FFBCB1A378E2
S21401D840082B16D8E278082A13D843EA021313F0F5
S21401D850FF030CBF19466168074AC2F8DC1021783D
S21401D86082F82011617882F8233182F82111002094
S21401D87010BD2120FCE700BF001E00B0012A10B534
S21401D88012D8032B10D803EB82020123074C9340D6
S21401D89094F82201DBB221B10343002084F822313F
S21401D8A010BD20EA0303F8E72120F9E7001E00B0C7
S21401D8B0034670B50C68B0F83421013408BFD3F8BC
S21401D8C000418D6808BF0C604C68F830013404BF15
S21401D8D0D3F80C414C606E1C3CD1D3F80841CE689D
S21401D8E08C60751C3CD1D3F804510E69CD600136AD
S21401D8F004BFD3F8F8600E614E69013604BFD3F851
S21401D900FC604E618E69013604BFD3F810618E61EA
S21401D9108E695EB35A32B24238BF32460E688A61A9
S21401D92016B15A2E38BF5A26C3F808414C68C3E9C7
S21401D9304065C3E943420A69C3F8F8204A690C49BD
S21401D940C3F8FC20D1F8FC1007230A4A02F0B0FF06
S21401D950002070BD02F15A04AC4238BF2C46BEE727
S21401D96002F17805B54238BF3546BEE76422D5E7F1
S21401D970001F00B0581F00B070B51CF0C6FD04466D
S21401D9800B4E00F031FA012805D020461CF0B8FDF8
S21401D9900225284670BDF36813F0706FC3F3036564
S21401D9A0EFD1B36ADB06ECD520461CF0A9FDF0E703
S21401D9B0000002B838B51CF0A8FD4FF6FF710A4A00
S21401D9C013888B4203D11CF09BFD0E2038BD074CFB
S21401D9D0074D1B046566A4F58054636611801CF030
S21401D9E08FFD0020F2E700BFD26A0020006001B878
S21401D9F00000FFFF2DE9F74304460F4615461E4675
S21401DA00FFF732F830B3A38A23B3204618F093F811
S21401DA1078B9002E40F0F280794BD3F8D83E03F067
S21401DA203002102A00F0EA8003F0C003402B00F019
S21401DA30E580DFF80082D8F81430D90740F1DE809F
S21401DA401CF063FD0646032001F058FD30B1304658
S21401DA501CF056FD022003B0BDE8F083D8F8142070
S21401DA6012F00608F3D130461CF04AFD644B4FF421
S21401DA7000612046D3F8D89ED3F8AC6E04F0BEF908
S21401DA8040B14FF4007201215E4B08461A674246C8
S21401DA9017F03BFF94F82530DA0707D5D4F8943011
S21401DAA05B0542BF4FF40022574B1A6739462046A2
S21401DAB0FEF796FB524BC3F8D89EC3F8AC6E00280F
S21401DAC0C9D194F82430980601D4002D57D0C5F357
S21401DAD0400003F023FB022315F4807F1BBF0021C7
S21401DAE0494A484A136717BF484A13675161136387
S21401DAF003F04EFB4FF4806315F0040F14BF444A45
S21401DB00444A15F0400F53624FF004023D4B28463D
S21401DB101A674FF0400314BF3F4A404AC2F88830A4
S21401DB20FEF7C8FE204618F030F938B14FF480737E
S21401DB3015F0010F14BF344A324A1367A90647D5B8
S21401DB404FF6FF72B4F8403093420FD0344A35494D
S21401DB50526E100CC2F301120132B3FBF2F30880CD
S21401DB602B4A2C4930481B0448665366003D18BFB3
S21401DB70012594F8243065F3451384F824302046B3
S21401DB8018F0D3F9F0B1204618F0FFF8D0B14FF4F1
S21401DB900031204604F032F9431C03229BB223488D
S21401DBA001A918F07AFA9DF8042002F00703052B64
S21401DBB09DF8053015D112070DD443F480731C4A25
S21401DBC0C2F8B830002003B0BDE8F04318F072BACE
S21401DBD0FFF7F0FECAE713F0040F09D19DF80630EF
S21401DBE0EBE703F03002202A05D113F0010FF4E72A
S21401DBF04FF48073E3E79DF80630E0E70E202AE74E
S21401DC00001000B0002002B8001002B80040005416
S21401DC10005001B8006001B800D000B800E000B8BC
S21401DC20004001B8D26A00200000FFFF08400054FF
S21401DC30001E00B000C001B82DE9F3410646884633
S21401DC4015461F461CF061FC0446032001F056FCF5
S21401DC5038B120461CF054FC0E24204602B0BDE824
S21401DC60F081042001F04AFC0028F2D120461CF085
S21401DC7047FC01232A4641463046FFF7BBFE0446D1
S21401DC800028EAD1DFF8C8805FB388F8000039467B
S21401DC903046FEF735FD00284CD198F80030012BB0
S21401DCA01CD02022244B1A67244BDB6CB3F5817FF2
S21401DCB01FD2012018F03FFA1CF027FC204B064625
S21401DCC01B680193CBB901F093FC15F0800526D1B2
S21401DCD001F0E0FC284603F0F5F925E003F008FA28
S21401DCE0BBE798F80030012BF8D0002BD9D12124BE
S21401DCF0B3E78022134B1A61DBE7042001F002FB35
S21401DD0000230122042001A901F01AFB0028DAD120
S21401DD1003F056FA212430461CF0F2FB9DE7002260
S21401DD20094B9A6701F0B6FC084B01215B6800209D
S21401DD309847F0E7044690E7001002B8001F00B0CD
S21401DD409C530020000002B800C001B840680020C3
S21401DD50AB61002008B50C4BD3F84C114B1C12D00C
S21401DD6011F080410FD1094B1B6813B10320FEF758
S21401DD700BFE4FF080624FF40071054BDA67054ADF
S21401DD80D16201225A6108BD0080E00FA85400202C
S21401DD90001002B8004000B84FF40022034B186F81
S21401DDA003F500531A67C0F3C0407047000002B87D
S21401DDB0024B586900F00100704700BF00C001B86F
S21401DDC0084B5A69D10707D508B901F077BA5B69DC
S21401DDD0DA0706D401F064BA5B69DB0701D40028D0
S21401DDE0F8D1704700C001B80F4BDB68C3F303637B
S21401DDF0013B0B2B0FD8DFE803F006060C060606E0
S21401DE0006080A0808080220704704207047052003
S21401DE10704703207047054B5B6913F0060F0CBF74
S21401DE2001200420704700BF000002B800C001B8FE
S21401DE30094AD368C3F303630B2B08D06FF49050E1
S21401DE40184100F0010080F0010040007047106F9B
S21401DE5010F48030EDD17047000002B80C4AD36848
S21401DE60C3F30363062B07D8042BD8B20BD8C31E03
S21401DE705842584140007047072B06D1D2F830016E
S21401DE800028ECD17047022070470020704700BF81
S21401DE90000002B8094BDB68C3F303639A1E012A2C
S21401DEA08CBF00220122012B02701EBF4FF40262BA
S21401DEB022FA03F303F001030B707047000002B867
S21401DEC0094AD368C3F30363032B01D0072B08D198
S21401DED0536FDB0605D4906F80F00800C0F3C000D6
S21401DEE070470020704700BF000002B8024B0022B6
S21401DEF0196817F0FBBF00BF08740400024B1B68CB
S21401DF0003B11847704700BFC8530020024B1B6877
S21401DF1003B11847704700BFC453002010B5FF2255
S21401DF204FF6FF71044618F003F868B9FF224FF662
S21401DF30FF71204618F00DF830B92046BDE81040B4
S21401DF40FF22024918F017B810BD00BFAC730400D9
S21401DF502DE9F0411C46184B05461E680F469046B3
S21401DF6046B1306801F01CFEF3681BB1B36818684F
S21401DF7001F016FE114B1B682BB1DA681AB19B68CB
S21401DF80186801F00DFE9DF81830640744EA08424F
S21401DF905B0503F0BC6342EAC7621A432846084998
S21401DFA042F4C87203F016FF002228461146FFF716
S21401DFB081F90020BDE8F0810474040008740400AF
S21401DFC09007E12D08B5FFF77BFF88B1094BDA69A9
S21401DFD012030DD5186F10F4003009D19B6F13F0A2
S21401DFE0100F4FF010030CBF034A044A936708BD95
S21401DFF00220FCE7000002B8001002B8002002B8B8
S21401E00038B50446F8B1124AD3691B031DD5556FBE
S21401E010104BC5F38115032DB3F8B4300DD108228A
S21401E020083B9BB221460C4818F037F80020084BF5
S21401E03025729B6F1B0A637238BD022D05D1023B08
S21401E0402A469BB2EEE72120F6E70220F4E700BF5E
S21401E050000002B8001E00B038400054431EDBB278
S21401E060FD2B14D9FF280B6801D14A68134313F01E
S21401E070802F1EBF42F20102074BC3F8282251F837
S21401E0802020054BC3F85022C3F8542270470128BC
S21401E090F5D10023E9E700BF004001B8F0B585B02F
S21401E0A06D460E460F4B074614460FCB85E80F000C
S21401E0B00D4BD3F848020090D3F84C2201923EB1A2
S21401E0C0631EDBB2FD2B0AD93060FF2C00D17260D3
S21401E0D022462946384617F07BFF05B0F0BD012CD5
S21401E0E0F4E700BFB47304000080E00FF0B585B01C
S21401E0F06E460D4B07460D460FCB86E80F0000F027
S21401E10039F8314604460246384618F0DAF84DB179
S21401E11040B9FF2C1BBF04AB03EB8404009B54F8EF
S21401E120103C2B6005B0F0BDB473040030B50C4B49
S21401E1300546187085B0082380B90A4AC2F8FC3330
S21401E14051B96C46084B0FCB84E80F00074B2A46A3
S21401E15021461868FFF7A2FF05B030BD044AEDE777
S21401E1604A6B0020001002B8C4730400A8540020B3
S21401E170002002B8014B1878704700BF4A6B002098
S21401E180124BD3F8E020D2031ED54FF4803210494B
S21401E190C1F8E020A1F58051C1F8EC201A6CD1B28B
S21401E1A0C2F30722C3F88010C3F880200422C3F804
S21401E1B080200022C3F88020C3F88020C3F8802086
S21401E1C0C3F88020C3F88020704700BF0040005489
S21401E1D000600054F0220A4B01219A64A022A3F5A4
S21401E1E080539A64074B826CC3F8C010FC21C3F8B5
S21401E1F09810C3F89C204FF40052C3F8BC20704717
S21401E200006000B800400054F8B50D4617460646B3
S21401E2101CF07BF901230421084C094A2363A760FB
S21401E220E6602561C2F8E010064AC2F884311CF0A7
S21401E23067F90DB102232363F8BD00BF0040005407
S21401E2400060005400E100E00222024B58611A63AC
S21401E250704700BF004000540122044B1A6640F686
S21401E260FF729963D863DA65704700BF00400054B7
S21401E2702DE9F04F042A05460B4683B039D901260D
S21401E2800978141F81615A7803F1040982619A782A
S21401E2908261DB7883610368D0F808B003F0070376
S21401E2A006339E4006F1FF3A0AEA0B084768A6EBDA
S21401E2B00802944247F000570ED84946224607EB1B
S21401E2C00800FDF70FFB46EA0A0604EB0B02324094
S21401E2D0AA6003B0BDE8F08F494607EB080001923B
S21401E2E0FDF700FB019A384609EB0201A21B4244E6
S21401E2F0E7E7013A032AECD8DFE802F00B0805024B
S21401E30013F8012B826113F8012BAA6113F8012B74
S21401E310AA611B78AB6103B0BDE8F08F38B50C4637
S21401E320154601460F4B60B101220F48C3F8C020C5
S21401E3302246FFF79DFF1DB104220A4BC3F8C020F9
S21401E34038BD64B1D3F8A420A24284BF0122C3F829
S21401E350C0200222C3F8A040C3F8C020EBE7012288
S21401E360FAE700BF004000549840005438B5044610
S21401E3701CF0CBF801211A4A638F054611663BB3A0
S21401E380B3FA83F3C3F11903DBB2A069C2F89010A4
S21401E39093660723D066C2F88C304FF4A02302F5AB
S21401E3A00052C2F8E030A2F58052C2F8EC300022EA
S21401E3B00C4B1A600C4B1B6F5B0209D54FF48002A5
S21401E3C00A4B04F1F8001A67D4F8941001F08EFD98
S21401E3D04FF4E0232846E363BDE838401CF090B8CC
S21401E3E000400054CC530020000002B8002002B8C0
S21401E3F02DE9F84305460C46B1B1D0F81880478F91
S21401E4001CF083F8B5F83CC0791E01EA0C0323F032
S21401E4100702032C0646DFF8F8E042445CD1DEF83A
S21401E420004024B91CF06CF80E20BDE8F88324F0F7
S21401E4300104DEF8000020F00100A04251D10023C3
S21401E440CEF80030238894426FEA43436FEA534381
S21401E45023803CD1EB8F08EB07091846083880B2B9
S21401E46002F108044C4528BF4446082804D9B4F8EC
S21401E47000E0BEF5804F3ED263440F431B1A3B407B
S21401E4809BB2AB87E887118894781C4AC1F30C01CC
S21401E49051645367C2F88C004FF48022184B04F085
S21401E4A00704C3F8E0200122164BC3F88421FFF7C6
S21401E4B067FE042C0BD14FF48002134B05F1F800D4
S21401E4C01B6F124B1A67D5F8941001F00FFD3046FA
S21401E4D01CF016F80020A8E7601E012898BF144615
S21401E4E0A7E7E88F4344E31A48BFDB190838984288
S21401E4F0A8DC304696E72246B0E700BF004000544D
S21401E5000060005400E100E0000002B8002002B8FC
S21401E510CC530020144B10B51968CA8F8B8F488FC7
S21401E52013440138073B8C69034023F007031C445E
S21401E53002F108030D4A9BB2CB87C2F88C304FF428
S21401E54080220B4BC3F8E02001220A4BC3F884213A
S21401E550A07800F00700042803D1074AD3681B03FC
S21401E560FCD4064B1C6010BDA8540020004000548B
S21401E5700060005400E100E0000002B8CC53002027
S21401E58010B5064C216839B1CB0703D4044B186883
S21401E590FFF72EFF0023236010BD00BFCC530020E1
S21401E5A0A85400204FF480320B4B0C49C3F8EC20E2
S21401E5B0A3F50053C1F8E020D3F888109A6E012322
S21401E5C002F0070206329340C1F30C01083B994260
S21401E5D001D8FFF7D5BD70470060005400500054C5
S21401E5E02DE9F04780460C4616468769458F1BF095
S21401E5F08CFFB8F83C2005F1FF3C02EA0C0323F03F
S21401E6000701032C82463944B8F83E0019D1494C1B
S21401E61024689CB90244073A02EA0C0222F0070277
S21401E620BC183B44E31A48BF5B19834210DB5046D3
S21401E6301BF066FF00242046BDE8F08724F00104A5
S21401E640EFE7012C02D0022CEBD108380C46E8E7A4
S21401E650002E3DD08C423FD1374AD2F844903649FD
S21401E660B8F81270D1F88820C2F30C02934247DA48
S21401E6702588B5F5804FDAD2A378C5F30C0503F0EB
S21401E68007037A1EA5EB09053A43052B337005EA05
S21401E69002052DD82DB2E84340F241420421C00FB5
S21401E6A0FDF700FE7580E3783374D8F81C207B1ED6
S21401E6B003EA0903D118B160A9B213FA85F5AF428E
S21401E6C02FBF0023FF1AB780F26024BFB180F3602A
S21401E6D050461BF015FFAEE7A4F10802974284BF2F
S21401E6E0ED0802EBC502B2F80090C9F30C09B6E7D3
S21401E6F0124B5B6D003B18BF0123A5EBC305C9E7B1
S21401E7000B6C7A1EA3EB09033A431A400C4915B267
S21401E710002DCB680BDCC3F30363D81E4342434191
S21401E720DB0033708B6F72801B0A3374BDE70823DE
S21401E730F7E700BFCC53002000400054004000B86B
S21401E740000002B8054BA822D3F84C013121431C26
S21401E7500CBF0120C0F38070FDF7A4BD0080E00F60
S21401E76038B5094D0446286840F69702003818BFA8
S21401E77001202B21FDF796FDFA235C432B680A2026
S21401E780B4FBF3F4604338BD00540020174B30B59A
S21401E7901A68431C164B22D0B2F1407F1FD3154D89
S21401E7A000F03F04D5F8002122F03F021443C3F8DD
S21401E7B0C84001F03F042243C3F8D020D5F8043105
S21401E7C00D4A1A400D4B03EA500003EA510110436B
S21401E7D01143074BC3F8CC00C3F8D41030BD00205A
S21401E7E00146C3F8C800C3F8D000F2E70080E00F86
S21401E7F0001F00B0000002B81FF087E1E0FFFF7FB6
S21401E80073B5574E0446317819B91C225548FCF7A2
S21401E810D9FE2378544A6188137051804FF0FC6208
S21401E820524CFF21C4F8FC204FF47F02C4F80821A3
S21401E8304F4A022B4F4D117033D1042307224E4904
S21401E840C4F8FC23C5F8FC33C4F800114FF4C071BA
S21401E850C5F80011C4F8FC234FF48052C5F8FC3308
S21401E860C5F870214FF40052C4F87021C4F808317D
S21401E8704FF4FF13C4F8FC304FF4BB13C5F8FC305B
S21401E8808023C4F8703148F2C8023C4BC3F8D82044
S21401E8903B4B3C4A0020C3F8C02F0123337002B023
S21401E8A070BD394A012BC4F80021384B27D14FF4EB
S21401E8B0C072C5F80021D3F83802D3F83C12FFF72E
S21401E8C065FF0723C4F8FC330223C5F8FC334FF475
S21401E8D08053C5F870314FF40053C4F870310423E7
S21401E8E0C4F808310DEB0300ECF7F4F89DF8053099
S21401E8F0023B012B9CBF8023C5F87031C3E7244A35
S21401E900C5F80021D3F83002D3F83412FFF73EFFE2
S21401E9100723C4F8FC330123C5F8FC338023C4F86D
S21401E92070314FF4805301A8C4F87031ECF7D2F877
S21401E9309DF80530012B05D19DF8043053B948F2F6
S21401E9405D1309E0FBD9023B012B9CBF4FF400533A
S21401E950C5F8703148F25813084AC2F8D83097E71C
S21401E960AF610020C41F00B0D46A0020002002B8A6
S21401E9704E6B0020001002B8C0F10F00001F00B05F
S21401E980001000B0D4530020C0F70F000080E00F45
S21401E990C0F60F00034B1A6802609B888380002034
S21401E9A0704700BFD46A002010B5044601F026F86F
S21401E9B00A4BD3F8F83724B983F40023C3F3C040D5
S21401E9C010BD012C05D113F4C02F0CBF012000206F
S21401E9D0F6E7A31E58425841F2E700BF000002B80E
S21401E9E06FF07F42154BD3F8FC37934208D0144A98
S21401E9F003F03F031370F123124A1370124A137087
S21401EA001249134B09781A68A9B1B2F1A06F12D353
S21401EA10D3F850120F4A104BB1F1FF3F18BF1346FF
S21401EA200E4A136041F66A020D4B1B68B3FBF2F304
S21401EA300C4A13607047084BF2E700BF000002B8AB
S21401EA404F6B0020506B0020516B00204D6B002057
S21401EA500080E00F5082E00FE8730400D0530020DE
S21401EA601C54002000540020012807D0022802D0A0
S21401EA7030B100207047034B18787047024BFBE714
S21401EA80024BF9E74F6B0020506B0020516B0020C2
S21401EA900023F0B590F8304185B002462046CDE916
S21401EAA00133CDF80B30FFF7DFFF92F82B30411E14
S21401EAB0C9B28B4228BF0B46002C3CD0012C38D162
S21401EAC0042418464FF00F0C384E0DEB0405B0FB2E
S21401EAD0FCF7F75D013CC01BC0B2814238BF002085
S21401EAE06055002CF3D105240F278DF80830B3FBB1
S21401EAF0F7F0305C0344DBB28B4228BF0B462B5544
S21401EB0001340B2CF3D10F2602F1A800D43215F8EC
S21401EB10013BB3FBF6F14C1CC1EB01115B1A01334F
S21401EB20DBB2E4B21B0443EA045340F8043F8242DA
S21401EB30EDD105B0F0BD042418464FF00F0C1C4F64
S21401EB400DEB0406B0FBFCF5EDB27D5D013C401B10
S21401EB50C0B2814238BF0020A055002CF2D1052456
S21401EB600F258DF80830B3FBF5F0385C0344DBB2B3
S21401EB708B4228BF0B46335501340B2CF3D10F259E
S21401EB8002F1A804D43216F8013BB3FBF5F1481C98
S21401EB90C1EB01115B1A0133DBB2C0B21B0443EABD
S21401EBA0005344F8043FA242EDD1C2E7E1730400EA
S21401EBB0D473040038B5284B05461A7827490C2A21
S21401EBC002D1FF20087038BD104617F0A3FA04469C
S21401EBD01046FFF749FFA84228BF2846C0B2A04208
S21401EBE038BF20460B78C0B28342ECD0087088B19B
S21401EBF0431EDBB2022A1A490ED14FF0FC62C1F85D
S21401EC00FC20A1F50051D1F8FC2042EA4353C1F89B
S21401EC10FC30D8E70346EDE7124A134C1268AC32D3
S21401EC20C4F8C02F4FF47F02C1F808210F49CA6FFC
S21401EC30D202C8D40F22B3FBF2F2551CC2EB021269
S21401EC409B1A0133D1F808411B0443EA05532343B9
S21401EC50C1F80831B7E700BFD46A00204E6B002028
S21401EC60002002B8A8540020001000B0000002B82E
S21401EC702DE9F04F90F830510646D0F8A82087B01D
S21401EC8035BB1F2A38BF1F22093A4C24844B8548BE
S21401EC901B6A96F82B10C3F38213DC400368DFF877
S21401ECA02CA29342DFF828827F4B04F0010414D192
S21401ECB01F78A74211D19AF80070AF420DD17B4F51
S21401ECC03F788F4209D1B8F8040007B0BDE8F08F4D
S21401ECD0032A38BF0322023AD7E7026098F80000F9
S21401ECE01C70FFF7C1FEFF2924D1284617F012FA3F
S21401ECF007466F493CB3D6F8E4702FB13B68082B42
S21401ED0040F2CB8097F838701DBB0B6840F271213A
S21401ED10B3FBF1F353431922B3FBF2F339462A4608
S21401ED2005A8059317F0CCF902023C04059842F0B9
S21401ED30110988E0471E8F4228BF0F46012F38BFB2
S21401ED400127FFB2D5E7012D29D0022D01D0B5B399
S21401ED5027460B6840F27121B3FBF1F353431922A6
S21401ED60B3FBF2F33946012207EB072405A8059306
S21401ED7007EB042417F0A4F97F00032F38BF0327FD
S21401ED80020242EA001242EA0009033F00F01F00B5
S21401ED9007FA00F0FFF7E4FC00F5FA6758E00F23E6
S21401EDA0B7FBF3F3581CC3EB0313FB1A0133DBB2B7
S21401EDB0C0B21B0443EA0053C3F30747C9E70C6814
S21401EDC040F27121B4FBF1F40F2354431922B7FB2F
S21401EDD0F3F3B4FBF2F43748374A0068A2FB041297
S21401EDE0013350FA83F313F8013C0392A3F1400177
S21401EDF02A4603A8019317F063F9039F2F4AE41BE1
S21401EE00A2FB041200903021049204A82A4617F0AF
S21401EE1057F9DDF810B08146A4EB0B0401220594E6
S21401EE20102144F2100405A817F04AF9009B1A02B3
S21401EE30019B42EA091244EA0344059B42EA00099F
S21401EE4007EB0B001844FFF78BFC00F50C5728372F
S21401EE5040F6FF711A4B3846C3F8C010A3F580532D
S21401EE60C3F8C090A3F58053C3F8C440154C27607F
S21401EE7001F0B0FC4FF47A72134B40429865236858
S21401EE800A49B3FBF2F3A8F8043096F82B30B7FB27
S21401EE90F2F08AF800500B7017E7002734E700BF3E
S21401EEA0004001B850680020B06100204B6B002084
S21401EEB01C540020D053002069C2F568911E856B52
S21401EEC0006001B804540020001F00B04C6B002005
S21401EED0D46A0020014B1870704700BF4D6B0020AC
S21401EEE010B5044603F012F878B1174B1B786BB9CE
S21401EEF064B1164B1B784BB1154B1B78013B012BAC
S21401EF0004D84FF40042134BDA6710BD124BDB6F87
S21401EF101B04FAD41BF0F9FA4FF400420F4B0446D7
S21401EF20DA67A3F5A0435B682BB1FEF741FF10B18A
S21401EF30022017F000F90222094B2046BDE81040D6
S21401EF40C3F884241BF0DCBAB1610020B261002052
S21401EF5008540020002002B8000002B8001002B8D1
S21401EF6000D003500122024B00201A70FFF7B8BFF1
S21401EF70B16100200022024B01201A70FFF7B0BFDA
S21401EF80B1610020F7B50646504C00F037FD504BF6
S21401EF902578504F1E7085BB2846FFF7A1FF2378C2
S21401EFA0013B012B19D8E37B01A88DF80430237CA3
S21401EFB08DF80530E8F7AEFFC7F884544FF6FF72B8
S21401EFC0454BC3F88420F822A3F58053C3F8842068
S21401EFD00022404BC3F884240DE04FF6FF723E4BEF
S21401EFE0C7F88454C3F88420F822A3F58053C3F8E5
S21401EFF08420C7F88454394B5BE00020FFF770FF8C
S21401F0002378013B012B08D8E37B01A88DF8043057
S21401F010237C8DF80530E8F77DFF0023C7F884349C
S21401F020002ECBD062685AB32D4B1B6803EB5203FC
S21401F030B3FBF2F3013B1B0243F0F80326782649A3
S21401F040022E284A1ED0032E4FF6FF75214826D0E1
S21401F050012E34D143F00203C1F88450C2F8843043
S21401F0600723C0F88434E37B01A88DF80430237CA1
S21401F0708DF80530E8F722FF0120FFF731FF17E092
S21401F080F823DBE74FF6FF7043F00103C1F8840075
S21401F090C2F8843006220F4BC3F88424E3E743F01A
S21401F0A00503C1F88450C2F884300423C0F88434C0
S21401F0B00D4B4FF080420020DA6703B0F0BDC1F877
S21401F0C08450C2F884300023F0E700BF08540020C3
S21401F0D0B261002000C00350006000B8002002B8F2
S21401F0E01C540020005000B8001002B8F0B5294F9B
S21401F0F006463D4604460FCE0FC5336885B02B60E5
S21401F10000F07CFC0022244BC3F88424A17A627AA6
S21401F11042EA0142C3F89024217CE27B42EA0142A2
S21401F120C3F88C24217B627B41EA0240C3F8880441
S21401F1303B78032B2AD8DFE803F022020C178DF860
S21401F140041004218DF805200DEB01000022E8F7DC
S21401F15081FEE37B00228DF80830237C042102A87F
S21401F1608DF80930E8F776FE637A01228DF80C30C7
S21401F170A37A042103A88DF80D30E8F76BFE074B40
S21401F180187805B0BDE8F040FFF7FCBE212005B0B9
S21401F190F0BD00BF0854002000C00350B26100203B
S21401F1A0034BDB6F002BBCBF024BC3F888007047D4
S21401F1B0000002B8004000B82DE9F04717F01FF82C
S21401F1C04FF47A762D4BB0FBF6F618604FF4FA73CF
S21401F1D0734307462A48190E1B021818294A4FF08E
S21401F1E0000341F10001FBF781FE274BA0F5807279
S21401F1F005461A6320B948222B21FDF753F801254D
S21401F2004FF47A724FF0000A6A43534650083102AF
S21401F210FBF76CFE1C4B1D4AB7F57A7F9A601C4BB8
S21401F2204FEA056819601B4B8946044618604FEA89
S21401F230152505D29B222B215046FDF733F80126D2
S21401F2404FF47A73A8FB030103FB05117308C0187A
S21401F25041F1000100233246FBF748FE0E4B023413
S21401F26019600E4B49F10009A408186044EA897434
S21401F270054B013C9C63BDE8F08700BF1C54002091
S21401F28020A1070040420F0000C001B80211010092
S21401F2902C54002028540020245400202054002000
S21401F2A01022044BC3F884215A600122024BDA6013
S21401F2B0704700BF00E100E000C001B81022064B15
S21401F2C0C3F88421C3F88420BFF34F8FBFF36F8F39
S21401F2D00422024BDA60704700E100E000C001B88A
S21401F2E010B50446A242A2EB0000A3EB010104D232
S21401F2F0034B01399B6B0133184401F0030110BD28
S21401F30000C001B838B501250A4B02019D504FF4E3
S21401F31080730446084A834053661BF0F6F8074A92
S21401F320A540137823EA05031370BDE838401BF0A7
S21401F330E7B800BF00E101B800E001B8BB610020FA
S21401F3402DE9F84F164605468A461F461BF0DDF89E
S21401F350022E00F0908080461BF0E4F8594B5A4A82
S21401F360D3F82090147D5A6EE4B2520744BFD3F806
S21401F3702090013404F003041BF0CFF848462146E0
S21401F38000F036FA8446DAF80000012E04BF013098
S21401F3906044ACEB000C08BFCAF80000BCF1804F1B
S21401F3A07DD300F037FA8145A1EB040188BF454BB8
S21401F3B0DFF834C188BF01F1FF3101F0030188BFD6
S21401F3C09B6BA0EB090E0CF80510A1B1F90742BF23
S21401F3D041F61F723D4B5A67BA0742BF3B4B3C4A48
S21401F3E05A677B0742BF0022364B9A673C0742BFEB
S21401F3F00022344B9A6511244FF0010A314B05F176
S21401F4001002120103EB051BCBF80C0131499C508D
S21401F4101A6A0AFA05F4586E0B78A2EB0902E4B2EE
S21401F420234372450B7025D34FF48073AB400342E0
S21401F43020D11CF80520002A40D10EB3264AF80731
S21401F440536607D541F61F7140F201101F4B5967ED
S21401F45050675967B90706D51C4B1D4A1E491F48F8
S21401F4605A6748675A677A0742BF01221C4B1A61DE
S21401F4703B071AD440461BF043F80120BDE8F88F3D
S21401F480184A2D0142F805A042F89C3C1BF03DF8B5
S21401F49010490B7823EA04030B701BF031F8404641
S21401F4A01BF02EF80020BDE8F88F2120FFF778FE2C
S21401F4B04FF48032034B4046DA60DCE7064A4046AA
S21401F4C05366D8E700C001B88C54002000E001B8AC
S21401F4D000001F1FBB61002000D001B80000010121
S21401F4E0000002B800E101B8B3610020024B1878B1
S21401F4F0003818BF01207047BB610020034B103055
S21401F5000001185800F00100704700BF00C001B8A4
S21401F51070B50646FEF74CFC044608B1FFF7CEFE72
S21401F5200023084D3046AB61EB612B6200F072F9A7
S21401F530054BC9B2197528620CB1FFF7B1FE002060
S21401F54070BD00BF00C001B88C5400202DE9F04109
S21401F5509DF818800D46B8F1000F08BF0022214E15
S21401F560B5F5803FB168074621F4700141F4A0016A
S21401F570B1609DF820409DF81C104FEA042444EA2F
S21401F580016444EA031444EA084444EA02044FF0DE
S21401F590180140F2E9222CBF002001207465FCF717
S21401F5A081FE3564B8F1000F1AD00F4BBC68D3F852
S21401F5B088305A2C38BF5A245B0606D500F0F0FB7B
S21401F5C018B10A4BB3FBF0F31C44204600F022F9B5
S21401F5D00130854238BF0022024B34BF5A6458645A
S21401F5E0BDE8F08100C001B800C000B800093D00C8
S21401F5F0214B10B51A6E1A66596C59B11F49C96864
S21401F60000292EDB596D4FF0FF3301F00F018B40BF
S21401F6109A4326D110242020FFF7C2FD184B9C6088
S21401F62002F088FB2022174BC3F8842101F0F4FC7A
S21401F63048B1002200200821FEF71CF8124B5C6638
S21401F640A3F580531C670D4AD36803F07063B3F1CA
S21401F650807FF9D9084B0D4A5A6741F201429A67F1
S21401F66010BD01F0D9FC0028F4D0094B064A5366B8
S21401F670A2F580521367EDE700C001B8000002B89A
S21401F680001002B800E100E000E001B8011B01181B
S21401F6901000002008B52120FFF782FD4FF48032CC
S21401F6A0014BDA6008BD00BF00C001B8F8B5184DBF
S21401F6B004462B6A1B0426D500F0E6FB2B6AA0FB4A
S21401F6C0044613F0787F4FEA9367C3F34450C3F3BD
S21401F6D0044505D140F25A422B21FCF7E3FD0120F7
S21401F6E0AD01B5FBF0F010EB871005D140F25F429B
S21401F6F02B21FCF7D7FD0120024600232046314688
S21401F700FBF7F4FBF8BD00F04BFBA0FB0401F9E7A7
S21401F71000C000B80246012030B50B4CA0F1200312
S21401F720C0F1200524FA05F504FA03F32B4304FA85
S21401F73000F595428B4100D330BD0F2801D0013032
S21401F740ECE7FF20F8E700BF40420F0010B50C467B
S21401F750FFF7ACFFC30943EA4163C01A61EBD1115D
S21401F760FFF7D8FFFF2814D00F220C4B40F01000F3
S21401F770C3F88820A3F58053C3F88800A3F5805307
S21401F7801B6ADBB2802B06D02046BDE8104000F095
S21401F79067BB212010BD0220FCE700BF00E000B8D7
S21401F7A038B51AF0BFFE084B084A1D6A147D5A6E1A
S21401F7B0E4B2520744BF1D6A01341AF0AEFE284671
S21401F7C004F0030138BD00BF00C001B88C5400200E
S21401F7D00346064A103302EB00111B01D1F80C0157
S21401F7E0D158C1F3400116F0B1BC00BF00C001B84A
S21401F7F0064B1B68434303EB8171054B1B68A3FB58
S21401F800003013F1004341EB000070472454002000
S21401F810205400200C4A20F04043014610B5002039
S21401F82014684FF00042E4FB0320084A890F12686F
S21401F83002FB0300064B9B6B984204D9013301314E
S21401F840C01A01F0030110BD285400202C540020DA
S21401F85000C001B8044B01F0F071103041F0030113
S21401F86000011950704700BF00C001B808B522203A
S21401F870FFF796FC4FF48022014BDA6008BD00BF0B
S21401F88000C001B808B5064B4FF030401A6805496C
S21401F8909200FCF727F8BDE8084001F0E3B800BF86
S21401F8A0247404002874040070B50C68651C15D017
S21401F8B0C4F302669E42C4F3074530D1A4B2944213
S21401F8C02DD804EB8506B24229D2141BA50824F0D4
S21401F8D003040E59340F04D0012C08D00022212431
S21401F8E002E06B1C51F82320C0E9002470BD0E4CC9
S21401F8F034F8133042EA03431A686B1C51F823406C
S21401F90001EB83014B6822405E4036F0704404D11F
S21401F9101B0F032B04BF8B681A430024E4E7013551
S21401F92001EB8501C1E700BFFC73040007B501A820
S21401F930EBF7D0F84822164B5A65164AD2F8D4305F
S21401F94023F4FC33C2F8D430134B1B689DF8053002
S21401F950023B012B19D84022104BC3F8FC23104B55
S21401F960D3F85C32DBB2FF2B00D10623094A1B0316
S21401F970D2F8FC139BB20B43C2F8FC33D2F8302109
S21401F980084B1A6003B05DF804FB00F0E7FEECE7F5
S21401F990008001B8000002B8002000B0001002B8D4
S21401F9A00080E00FC053002000224FF400710F4B7F
S21401F9B010B51A675A679A670D4AD162012102F596
S21401F9C0E8325161DA6812F0706FFBD14FF03042C5
S21401F9D001245A6602F5FC5208329C66DA64054B2D
S21401F9E01B689847044B5C6110BD00BF000002B85D
S21401F9F0004000B854680020002002B801230F4AD6
S21401FA000F49C2F880328A6A22F002028A620D4ADF
S21401FA1053600D4A53600D4A5360A2F5804253600D
S21401FA20A2F54042536002F5C032536002F58042AF
S21401FA305360A2F500425360704700BF008000503B
S21401FA4000C0005000D000B800500054005001B86B
S21401FA5008B5FFF7D3FF0E4B0E4ADA6700F076FEC5
S21401FA60FFF764FF03220C4BC3F8E020012203F5E5
S21401FA704043DA674FF460725A614FF40072DA67F6
S21401FA80FEF778FBBDE808400021FEF74FBB00BF3C
S21401FA90000002B80048F000005001B82DE9F04F10
S21401FAA0054687B002900F4657F8044B631C06D1F3
S21401FAB0029B2C60E81A801007B0BDE8F08F5FEA61
S21401FAC0147B18BF0123344AC4F3016108BFC4F391
S21401FAD0074332F81120A4B24FEAC30A2F4844EA7A
S21401FAE002440AF104022A4482421BD20722CA4077
S21401FAF002F0010201929A0004EB830303930123AF
S21401FB00B94603FA0BF808F0940305F108060492C7
S21401FB100593039B09F10409A34208D104995544AE
S21401FB203944C0E71D4A9542E0D80020C4E7059B4A
S21401FB3053B918F0420F19D118F0280F0BD146F817
S21401FB40084C59F8042C21E04FF4206232210020A1
S21401FB50FCF7A8FBF3E740F6042232210198FCF7F4
S21401FB60A1FB04F5805246F8082CEAE740F60D2280
S21401FB7032210198FCF796FB04F50052BBF1010F08
S21401FB8046F8082CDDD159F8042CD24346F8042C4B
S21401FB9004340836BDE700BFFC730400003000B033
S21401FBA0F8B50546F0B10026154B34461F461549F3
S21401FBB053F8042BBAB9A00000F13040294600F5ED
S21401FBC00150FFF76BFF30B940F6AE323621BDE883
S21401FBD0F840FCF767BB0C4B0134044447F8265049
S21401FBE023F81640F8BDAA42FCD001360C2E02D0EE
S21401FBF031F81640DCE740F6C83236210020E6E749
S21401FC0030540020825A0020845A002070B50446E1
S21401FC10A8B1C1B1384A52F8043B984215D1002325
S21401FC2036498A689206FCD49B00354A03F1304374
S21401FC3003F50153C2F8B0302022324B9A6070BDF2
S21401FC4001330C2B02D1304D12E0012352F8041B74
S21401FC50A142F5D12D4A32F81330E1E704D16268AA
S21401FC60C3E90012083403E0012A01D10434196003
S21401FC702268531CE3D0C2F3016335F81300110C5C
S21401FC8093B211F0FE0F43EA004360680DD00434CE
S21401FC90CAB2022A2168E1D9D4E90160033AC3E96C
S21401FCA0001698600C340C33F3E7120F072AD9D8E4
S21401FCB0DFE802F00704090D1013181DC04303F511
S21401FCC000531860CEE71A6842401A60CAE703F587
S21401FCD08053F6E716F02FFAC4E7012203F58053A6
S21401FCE08240F2E7012203F500538240EDE71A68ED
S21401FCF030EA0202FBD1B5E730540020000002B81A
S21401FD00001E00B0001002B8FC730400825A0020E6
S21401FD100122014BDA677047001002B80122014B3D
S21401FD20DA677047002002B84022014BDA67704755
S21401FD30002002B84022014BDA677047001002B873
S21401FD400B4B1B68D3F8E43023B11A68022A01D999
S21401FD50186A7047074B9A6D90B238B1064BC2F3DA
S21401FD6007421B68DB085343B3FBF0F0704700BF44
S21401FD70A8540020004001B81C540020064BDB6844
S21401FD80C3F30363984206D1044AD36B23F0F0030E
S21401FD9043EA0111D1637047000002B8001F00B0AA
S21401FDA0054B1B68D3F8E43013B11A680A2A01D848
S21401FDB0FFF7C6BF186C7047A85400202DE9F7431B
S21401FDC0064616F0B1F900248046DFF890901AF046
S21401FDD09CFB0DF1070105460DF10600FEF75AF8EA
S21401FDE09DF806308BB9721C29D016F09DF9A0EB50
S21401FDF0080428461AF084FB9DF8063013B99DF8CE
S21401FE0007303BB3A642E2D824E0D9F80C3013F40D
S21401FE10603FE8D0D9F8100016F0F3F9731C0746D6
S21401FE2003D016F081F9A0EB080428461AF068FB07
S21401FE3017F5007FE0D0384603B0BDE8F0832846CA
S21401FE401AF05EFB9DF80630002BC0D19DF80730F6
S21401FE50002BBCD1004FEEE700FEFFFF00C000B84C
S21401FE6010F1800F04D04D28CEBF7F20323040B233
S21401FE70FF22044BC0B21A62A3F580531862002019
S21401FE80704700BF00E000B80B4A10B5136E0B4C6C
S21401FE90116E03F00703E35CC1F3CD0101FB0333ED
S21401FEA0126E0748C2F3454202FB03330068800125
S21401FEB0B0FBF3F010BD00BF004001B8F4730400BE
S21401FEC01C540020084910B5D1F89C3040B11C469E
S21401FED0CA68D1F89C309C42F9D1C2F30362027021
S21401FEE003F00F0010BD00BF000002B8094B01F07F
S21401FEF080011B6F03F480030B4309D14FF40012FA
S21401FF00054B1A62837F1BB10122044BC3F8002103
S21401FF10704700BF000002B8006001B8005001B889
S21401FF202DE9F04F404F804685B038680C4615F0F5
S21401FF3002FE20B90024204605B0BDE8F08F224617
S21401FF4000214046FBF73EFB384B5D6915F0010585
S21401FF50F0D1FCF701F806460028EBD03F6838469A
S21401FF6015F021FD4FF6FF73984234D04FF06051E3
S21401FF702F4E304B304AD3F82090D6F88C30116291
S21401FF804FF00061A2F58052116224220421C6F8C6
S21401FF908C202A4A4FF4804B91604FF48052002700
S21401FFA0DFF8A4A0CAF868B0F262A7421ED3042103
S21401FFB0234A9160A2F5F032C2F88C304FF06052BD
S21401FFC01D4B1A6209EA02031E4A13624FF480426D
S21401FFD01D4B9A66AFE73146384615F088FC014658
S21401FFE03846FCF7FDF80028C0D0A3E7B26E5104EE
S21401FFF0FCD5B268D205F9D5CAF868B0D6F8902013
S2140200000135012D0392D0D9E21B042AA8BF04228F
S21402001008EB070003A901930092FBF763FC009A22
S214020020019B3A4497B2C0E7A8540020000002B8E9
S214020030004000B8004001B8006001B8001002B8E5
S214020040002002B8005001B8006000B84FF6040164
S2140200504FF60502044B01201B6C9BB28B4208BF75
S2140200601346024A136670470080E00F00C001B8CC
S2140200702DE9F74F81460F464FF0FF35FFF790FB0D
S214020080002601908A462C463046DFF8D8B006F1A4
S21402009010031B015BF8033003F00308B8F1010FED
S2140200A015D13046FFF794FB02460B46019851469F
S2140200B0FFF716F9DBF8643006F10802D340DB07D7
S2140200C039D5002F40D000252C463E6040460136EA
S2140200D0082EDCD160B3234A0027D2F808C0916B01
S2140200E00CF440330131A4FB0141641941F10001D3
S2140200F0B3F5003F30D1536B0CF4405C013347F14B
S2140201000006BCF5805F22D1156B15F5807505FBE0
S21402011006F647F1000203FB0266A5FB03323244F1
S214020120594304FB0212A3FB04341444C9E9003405
S21402013003B0BDE8F08FA84271EB0403C6D207B144
S2140201403E6005460C46C1E73D463C46BEE73202E7
S21402015042EA13621B02E3E7136B13F5807347F15F
S2140201600002DDE700C001B808B516F05EF8044BE1
S2140201705A7C012302329340024A536108BD00BFF3
S2140201808C540020002000582DE9F34105460F4606
S21402019068461146FFF76CFF0646B0B1AFB1DDE91F
S2140201A000321B0A43EA0263A5FB0384094B120AC8
S2140201B005FB02441A6812B916F021F8024600231B
S2140201C040462146FAF792FE3860304602B0BDE855
S2140201D0F08100BF1C54002037B50446FFF70EFC22
S2140201E0E17822791B4841EA0243C0F8CC34E5792B
S2140201F0A37943EA0543C0F8D03423784BB18DF88F
S214020200041004218DF805200DEB01000022E7F70B
S21402021021FE63785BB10421A37900228DF80430B5
S214020220E3790DEB01008DF80530E7F713FE22782F
S21402023001235AB1084AC2F8C834627802233AB196
S214020240054A0020C2F8C83403B030BD034AF2E7BC
S214020250024AF6E700C0035000D0035000E0035005
S21402026070B52C4B0C461A7812B92B4A926D1A703E
S2140202702A4AD26F52054AD51D78294B05F00F0639
S214020280B0FBF3F040434FEA151505D140F27C620D
S2140202902B21FCF707F80120224A0A217243B2FBFF
S2140202A0F0F34843B3FBF1F602EB5002B2FBF0F276
S2140202B001FB1633042BD2B207D8C3EB8310C3EB71
S2140202C080035BB283B96DB217E0C3F10B0303EB95
S2140202D08303DBB2B3FBF1F32B44DDB20F2DF2D96D
S2140202E0013AD2B2053DEEE7053B5BB293FBF1F372
S2140202F01D44EBB26DB2002D04DB002042EA05126B
S214020300226070BD01320533D2B25DB2F5E702203B
S214020310F7E700BFBC610020008001B8000002B809
S214020320403B2500809698004FF0000C2DE9F84FD0
S214020330A2FB017BC84EDFF85CE3BE1999466BF15F
S2140203400003B6457CEB030308D240F23E220E21A0
S2140203506046FBF7A7FF0220BDE8F88FD0F8E4A0BE
S2140203600C461546BAF1000F04D0DAF80030032B1B
S21402037000F21B81B94BBA4A9B6BD2F8FCA0C3F3BE
S2140203801408B84BD3F8EC305E00B64B48BF48F4BE
S21402039000181B6E48EA456858074EBF4FF44003E4
S2140203A09B0503F0E07348EA030818F02DFA012DC6
S2140203B00646D0D10028CED0AB4B984200F004813E
S2140203C003F5122303F5F863984200F00381A74B66
S2140203D0984200F02F81002502462B4600204FF05F
S2140203E00071FAF783FD2B46013007FB03F3C8F3CF
S2140203F0130100FB0B33A1FB0662A7FB007001FB97
S2140204000522034420339B09C9F80030F60C984BAA
S21402041046EA423618F4801F1C6008BF7642954BA7
S214020420954DC9F8144034441E602C60BAF1000F92
S21402043000F0B98000239149C8F381528A5C1946BC
S21402044018F0807F18BF6408002EB8BF7642920666
S2140204506008C2FB06012246FAF748FDDAF80030C9
S2140204600E2B08D97F4B7D4A926BD969D3F80C3193
S214020470C90600F1D68018F4001814BFC42240F250
S21402048007127F49C0F31300A1FB04614FEA511122
S21402049002FB01F1C9F80400DAF818004FF4FA7307
S2140204A0B1FBF0F118BF4FF0000801FB03F3A4FB09
S2140204B00262FA33A3FB003004FB0822B3429041E7
S2140204C038BF0131C9B241F4006CC9F808C000292E
S2140204D07ED0DAF81C00A1FB003624B1B4FA84F20E
S2140204E00E2A40F38880E203002E77D1B2FBF3F2A5
S2140204F0530003FB0113A3FB00764FEA044EBE45EE
S2140205004FEA144474EB060609D34E003344A0FBAC
S2140205100371BE4574EB010102F10102F6D2C2F389
S2140205200E024CEA023C4CF00063C9F8083018F0A0
S2140205306BF92B68002B00F08880B3FA83F4D4F1B1
S21402054002044CBF1C4623FA04F44E4B9C4288BF5E
S2140205506408002846D0B4FBF0F3642100FB134283
S21402056001FB02F2904244D85A1E52085B08013B35
S214020570120242EA0313C9F80C3018F011F90028E7
S2140205805CD0B4FBF0F2642100FB124401FB04F4DD
S214020590A0425ED8531E5B085208013A1B0243EA89
S2140205A00213C9F810300020D6E6042BDAF82880A9
S2140205B07FF4FBAE18F0807F0CBF08F0E0734FF4B8
S2140205C0400328F0E078EEE600232F481D460CE7AD
S2140205D02120C1E600232D481D4606E70B460022D1
S2140205E089E7044640F2C2422B210020FBF75AFE5E
S2140205F02346013BB8E7C2F10F0702F1110E06FAD5
S2140206000EFEFB4043EA0E03A7F1200E26FA0EFE6C
S21402061043EA0E03FE40013304FA02F246F10006F4
S21402062062E702F4801203F400131A4308BFC0F50F
S214020630801020E7002316481D46D6E640F2E54223
S2140206402B21FBF72FFE621EA4E70028C9D01C460A
S214020650CFE71446F7E700BF006CCA88008001B8EF
S214020660001F00B0004001B800F04902005A6202C2
S2140206706854002064540020605400200C74040067
S214020680D34D62103FBE40250A3BB2DF313641DC15
S214020690D694BFD6807C814A10B50B46044686B0F7
S2140206A039B98279016821486B460068FFF73CFE3B
S2140206B06B461F4A196851631E4AD2F8FC2062B381
S2140206C05A6842B11C4A1D49C2F80C115968A2F573
S2140206D08052C2F80C119A6842B1174A1849C2F8F9
S2140206E0EC109968A2F58052C2F8EC101549D86849
S2140206F0D1F8642122F4EE620243C1F86421D1F8F3
S2140207005C21186922F4EE620243C1F85C21A1F56D
S214020710FF4158692839FFF7A3FD0020A2880A4B3B
S2140207209A6203F5A033186406B010BDA8540020E0
S214020730008001B8001F00B0006001B8FFFF0F0084
S214020740FFF8FF0F000002B8004000B84FF48062C6
S214020750014BDA67704700BF001002B84FF48062A0
S214020760034BDA67034B1B780BB1034A936570475A
S214020770002002B8BC610020008001B840B10368C6
S214020780012B05D90069034B002808BF184670479D
S214020790004870471474040010B590B10468012C28
S2140207A00FD902696AB11168094B102C1960516899
S2140207B05960916888BFD268996094BFD960DA6040
S2140207C010BD102200210248FAF7FCFEF8E700BF2F
S2140207D070540020084BC1171A68A2FB000302FBE4
S2140207E0013310F1807043F10003400E40EAC3105B
S2140207F0803820EAE0707047805400200722164BAB
S21402080070B5DA66154B164A1D68164BEC08E005FD
S214020810C0184FEA153141F100010023FAF766FBD2
S214020820114B124E18604EF66020FFF7D3FF40427F
S214020830C6F884000E48FEF7EDFF024658B1E30103
S214020840500818184FEA15714FF0000341F10001E5
S214020850FAF74CFBF06570BD000002B81C5400208D
S21402086065CD1D00B2E60E0080540020001F00B0C9
S21402087040420F0010B5044698B10B4BD3F8FC006B
S214020880FFF78AFF4FF47A7303FB04F0074BA0F6D8
S214020890AC50DA689B681044C01ABDE81040FFF7F7
S2140208A099BF4EF66020F8E7001F00B07054002093
S2140208B02DE9F8430546084614461E46FFF76CFF28
S2140208C00DB306F0020716F004061ED1DFB14FF490
S2140208D07A706B685843002B40F08C80FFF77AFFE3
S2140208E060626B69002B00F08C804B4AD0684FF434
S2140208F07A7202FB0300A0F503501038FFF76AFF76
S2140209002062002E57D1BDE8F8832869002868D0F7
S2140209104FF47A735843404BA0F6AC509B68C01A0B
S214020920FFF758FFE061A88B00285DD04FF47A737A
S2140209305843394BA0F6AC509B68C01AFFF74AFFE3
S2140209402061364BE968D3F8008000294FD04FF477
S2140209507A735943304BA1F6AC519A685B68891A90
S214020960C91A2F4BC8171A68DFF8BC90A2FB0113EE
S21402097002FB003311F1807143F10003490E41EA94
S214020980C3118039274B6161DB6EA361D9F8003051
S21402099053B1404615F0C9FA30B12246D9F80030B4
S2140209A01D49D8F8D80098470021A869FFF762FFCA
S2140209B0A062002F8BD1A86830BB47F23050FFF7F9
S2140209C009FFA0604FF47A702B6858432BB1124B84
S2140209D01B6803F51C5310331844FFF7FBFEE06058
S2140209E091E74EF660209BE74EF66020A6E74EF6AD
S2140209F06021B6E7084B1B6803F51C5310331844F6
S214020A006CE747F2305079E74FF47A735843A0F513
S214020A1003501038D3E700BF70540020A8540020BB
S214020A2080540020001F00B06C54002038B50546E4
S214020A3008461C4615F09BFB0246D5F8E400FFF775
S214020A409DFE4368A018002B044AA8BF4FF4FA7212
S214020A501A44034B92FBF3F2104438BD0CFEFFFF20
S214020A6018FCFFFF70B5124C88B001AD0FCC0FC555
S214020A7094E8070085E807008C2200210D48FAF763
S214020A80A1FDD42200210C48FAF79CFD0B4B0C4A20
S214020A905A6301F04DFA0B4B1B783BB1044E01AD85
S214020AA00FCD0FC695E8070084E8070008B070BDB2
S214020AB0C41F00B0A01E00B02C1F00B0001F00B064
S214020AC010111111AF61002008B519F01EFD0E4B72
S214020AD01A78A2B90D4A126812F4843F0FD10C4A52
S214020AE01021D1671B7863B9084B1B68DB0508D455
S214020AF0074B2022DA67BDE8084019F001BD054A17
S214020B00EEE7044BF5E700BFC2610020A015002007
S214020B10002002B8001002B80A4B197801F0FF0252
S214020B2029B10021197008499202C1F8B4205978F7
S214020B3001F0FF0229B1002159709302024AC2F85D
S214020B40B8307047BD610020005000B8064BD3F89D
S214020B50D80E064B5B6F1A0103D4054B9B6E1B0423
S214020B6001D500F580707047001000B0000002B892
S214020B70004000B810B519F0C8FC0E210446032048
S214020B80FFF7FCF840F20122034B2046BDE8104076
S214020B90DA6219F0B5BC00BF004000B808B519F01B
S214020BA0B4FC4FF00042224BC3F88020BFF34F8FB5
S214020BB0BFF36F8F0122C3F88420BFF34F8FBFF3BA
S214020BC06F8F0222C3F88420BFF34F8FBFF36F8F5D
S214020BD00422C3F88420BFF34F8FBFF36F8F08221F
S214020BE0C3F88420BFF34F8FBFF36F8F1022C3F872
S214020BF08420BFF34F8FBFF36F8F2022C3F8842069
S214020C00BFF34F8FBFF36F8F4022C3F88420BFF32A
S214020C104F8FBFF36F8F4FF48072C3F88420BFF3F9
S214020C204F8FBFF36F8FBDE8084019F069BC00BF55
S214020C3000E100E008B519F068FC4FF00042094BED
S214020C401A6001225A6004225A6008225A60102250
S214020C505A6020225A6040225A60BDE8084019F0C5
S214020C604FBC00BF00E100E0012370B5074C2370C3
S214020C70074B1E68074B3240D3E900531940284001
S214020C80FCF7F8FC0023237070BD00BFC061002093
S214020C9088540020A01500200022044B1A70044B32
S214020CA0197811B11A70FFF70FBF7047C1610020A3
S214020CB0C26100202DE9F047DDF820A003EA010812
S214020CC0099B06460C4602EA000703EA0A09BAF13D
S214020CD0000F40F04E81031F0B4300F00E810528E3
S214020CE071F1000380F0E48050EA010300F06081B5
S214020CF0431E0B4300F02481FFF750FFAD4AD2E9B2
S214020D00005323EA040325EA06053D4343EA08079F
S214020D10A94BC2E900571E68DFF8F48226EA0A06E3
S214020D2046EA09061E60FFF7CFFE15F02A4F14BFEB
S214020D3048F202034FF40043A04AB007D26EA0481E
S214020D4048BF43F4005383EA020122EA0302C26662
S214020D509C4A0B408166D366C5F380421203290380
S214020D6048BF42F48072EB0648BF42F40052964BEC
S214020D70AC0648BF42F400726806D3F80C3248BF8D
S214020D8042F48062290648BF42F400628F4882EA33
S214020D90030123EA0203C0F80C328D4B0A40C7F364
S214020DA04024A404C0F80812C3F80C22EA0448BF80
S214020DB044F48034AB0348BF44F48014A80748BF09
S214020DC044F4800415F4001F06D0D8F8000015F08D
S214020DD002FB08B944F40024E90248BF44F4003494
S214020DE0FA0648BF44F4000473077A4B48BF44F03F
S214020DF004041A6A44F4001484EA020323F001038A
S214020E0075491A400A621C40CB61744B16F0010FFA
S214020E101C62734B734A18BF1A46734B7C071B6FD0
S214020E2048BF42F00062714882EA030123EA0203E5
S214020E3003676F4B0A4041661A676E4A05F0010364
S214020E40516CA0F5803081EA030221EA0301416475
S214020E5082631A40684B28025A64D8F8002048BFBA
S214020E60664B92F8F62058BF654B690748BF43F4B5
S214020E70806322B115F4C06F18BF43F48073320743
S214020E80604A48BF43F00043D2F8EC105E4883EA5B
S214020E90010222F4A0221140C0F8EC101340C0F860
S214020EA0E0205A4ABDE8F047C2F8EC30FFF7C2BE6F
S214020EB0A0F580630B4306D020F48063A3F500738D
S214020EC00B437FF419AF19F020FB3A49D1E90032FF
S214020ED023EA060322EA040242EA08023B43C1E985
S214020EE000324B4A126892F8F610474A09B313F4D6
S214020EF0C06F1ED04FF4807311E019F006FB2D4A26
S214020F00D2E9003123F004033B4341EA080157EAE1
S214020F100807C2E900314FF480633B4A0BD0C2F89F
S214020F20E030A2F58052C2F8EC30BDE8F04719F086
S214020F30E7BA4FF48073C2F8EC30C2F8E030F4E758
S214020F4019F0E3FA1B4AD2E9003123F001033B43CE
S214020F5041EA0801C2E9003101232E4A57EA08078E
S214020F601BBF9363A2F580525364536408BF936316
S214020F70DBE750EA01037FF4BFAEBAF1010F7FF45C
S214020F80BBAE19F0C2FA0C4A136823F0010343EA17
S214020F90090313604FF48063144AB9F1000F04D0BA
S214020FA05366A2F580521367BFE713675366BCE722
S214020FB0BDE8F087A015002088540020004000B845
S214020FC0006000B8005000B8004001B8006001B8E8
S214020FD0005001B8000002B8002002B8001002B8A3
S214020FE0041C00030418000300C001B800E001B8A6
S214020FF000D001B800C000B800D000B80D0A0A0937
S214021000090A0A09004000540060005400500054C7
S214021010A854002000E000B8024B5868C0F3C00095
S214021020704700BFA0150020024B186800F00100B0
S214021030704700BFA0150020024B5868C0F3C030AE
S214021040704700BFA015002010B50446FEF700FD4D
S214021050FFF7A4FD2046FDF7BDF8FEF7A5FCFEF758
S214021060ABF8FEF71DF9FFF7C9FB13490723134A2E
S214021070D1F8FC1004F1F800FFF71AFC4FF080716B
S2140210800020FEF7E7FB4FF000720D4B4FF4001105
S2140210900120C3F80021FEF7DDFBFEF7D7FF20B9DB
S2140210A040F292321421FBF7FDF815F0C7F8BDE8BE
S2140210B010400120FDF766BF001F00B0581F00B0A9
S2140210C000D001B88023074A1367082340B113678C
S2140210D0054AD2F8A03023F02003C2F8A0307047A9
S2140210E0024AF4E7001002B8001E00B0002002B860
S2140210F010B519F00AFA012104460020FFF7E2FFB4
S214021100044B1961044B5B6898472046BDE81040C3
S21402111019F0F6B9000002B840680020F8B5194C7C
S2140211200546207840F2E442B0FA80F03E214009BB
S214021130FBF7B8F855B9607840F2E442BDE8F840EB
S214021140B0FA80F03E214009FBF7ACB84FF4406697
S2140211500D4F0E4DD7F8B43040F2E442C3F381236C
S2140211602370C5F8B46060783E21B0FA80F040097A
S214021170FBF798F8D7F8B830C3F381236370C5F845
S214021180B860F8BDBD610020004000B8006000B83D
S214021190F8B5084C084D236F0423084F2B67236FBE
S2140211A05B0300D4F8BD042602203E6714F0C3FF9A
S2140211B02E67F4E7000002B8001002B8002002B85A
S2140211C0A82238B51A4B1D6F03F500531A67102272
S2140211D09A60A3F5804302F100521A675A66FFF737
S2140211E09BFC144B1B7813B90320FEF78BF80024E4
S2140211F0114B9C67FFF7CCFF104A114BD2F8D81E52
S2140212000B40C2F8D83E04220E4B1A670E4BAA06B3
S214021210C3F8AC4008D503F58073DB6CB3F5817F69
S21402122022BF8022024B1A61BDE83840FCF7C2BBDF
S214021230000002B8BF61002000C001B8001000B074
S214021240DF0000FF002002B8001E00B010B549B94A
S21402125030B3164AD3681B0E13F00E0F20D19368D4
S2140212609A061DD4FFF786FC104C0020FEF72AFED5
S214021270032801D0092805D1636FDB03F5D4E36D9B
S2140212800C2BF2D9FFF784FF4FF40072084BDA6298
S214021290012203F5E8335A61042203F580531A67E4
S2140212A04FF4C062034BDA6210BD00BF000002B802
S2140212B0004000B8006001B808B503210920FEF717
S2140212C05DFD2022014B1A6108BD00BF000002B876
S2140212D038B5054619F019F90E4B04461868FDF79D
S2140212E045F835B1FFF7D8FC2046BDE8384019F07E
S2140212F007B9094B1B78002BF6D0084B1D78002D3A
S214021300F2D1FFF7C9FC2A464FF480400021FFF7CE
S214021310ABFCE9E7A8540020C1610020C0610020B0
S2140213202DE9F84F5C4B06460D4614461B6F002A05
S21402133040F0AE8013F0A00F14BF4FF001094FF03B
S2140213400009FCF737FBA0234FF0000ADFF868819C
S2140213500320C8F87030FDF7D5FF0420FDF7D2FF52
S2140213604E4FFFF799FC4E4B4FF0040B7B67C7F8C6
S21402137078A0FFF70DFF4B4B4FF48071D3F8A020F7
S214021380494842F02002C3F8A020FF22C8F80820ED
S214021390414A1161D0F8D82E44491140C0F8D81EEF
S2140213A0C8F870B0C3F8ACA07B6913F0060F04D07F
S2140213B0FEF75CFA5846FDF7A5FFB9F1000F08D014
S2140213C04FF400623A4B1A674FF40042A3F5E0333B
S2140213D09A6666B1374BDB6C180701D4FFF7CAFB77
S2140213E0FFF76AFF0420FDF78DFFFFF795FB2A4BF8
S2140213F05A69D10747D5DA6812F0706FFBD12E4BC7
S2140214002E4A1A672E4AD36B23F0F003D36315B124
S2140214102046FFF75DFF2B4BD3F84C315A1C01D008
S2140214205B0002D50122244B5A6164B3214BDA6E6B
S21402143003F500539A6603F5D0331B6A1E4A23F05F
S2140214400103D361204BD3F80C1203F50053C3F803
S214021450081203F50053D3F8841003F50053996776
S2140214601A4BD3F8EC1003F50053C3F8E010184BF0
S214021470596C03F500539963164903F58033596690
S2140214804FF6084313670020BDE8F84FFCF736BD59
S2140214904FF0000955E700BF000002B800C001B8CF
S2140214A000000101001E00B0001000B0DF0000FFC7
S2140214B0001002B8004000B8002002B81000300049
S2140214C0001F00B00080E00F004001B8004000544A
S2140214D000C000B85000002F9B4B2DE9F04F9F6EC6
S2140214E0DB6E85B01F40994B9F66994BD3F8E05050
S2140214F0D3F8EC301D40974BC3F8E050964BD3F828
S2140215000822D3F80C3202EA0309944BC3F8089275
S21402151003F52043DA691B6A02EA0308904B08F4D3
S2140215207702DA618F4BD3F80422D20605D4D3F8B9
S2140215300431C3F30016DB0651D518F0E6FF8A4BDA
S2140215405A695E6E1B6F12F0060F06EA0306874A9A
S21402155026F0007314BF4FF0010A4FF0000A23F47E
S21402156000637407536604D5814A137D0133DBB2E8
S214021570137518F0C5FF002F00F0E28017F4004341
S21402158000F0D38018F0C1FF0146FFF7DFFA0446E9
S214021590784BD3F800B0DBF80020DBF800309A4234
S2140215A0FBD0DBF800209A42FBD0FFF7CFFAA0422E
S2140215B017D1084618F0A4FF6F4B1C606F4BD3F888
S2140215C070B01BF4E0520ED124F07F4424F0DF0406
S2140215D00CB9FFF7F5FD4FF0807B002414E0B2460D
S2140215E0C9E70446D7E70192FFF7EAFD5C4B019A8A
S2140215F01BF480541A6740F09A801BF4806F0CBF6D
S2140216004FF0805B4FF0806BB80715D55B4A5448A5
S214021610126F02F460410167002900F08B8011040A
S21402162000F18B8012F4005F0CBF4FF000524FF0B7
S214021630006200244BEA020BC7F340377F00504A91
S2140216402A40002A4AD015F4206F0AD040F6A31288
S21402165006210020FAF726FE0020FFF739FE25F4C1
S2140216608025EB0506D5FF213D4A4BF4C06B916001
S214021670FFF780FA15F0090F0AD040F6B8120821D3
S2140216800020FAF70FFEFFF717FE0121304A11631A
S21402169015F0106F0CD040F6C11209210020FAF79F
S2140216A001FEFFF709FE002211461046FCF736FE41
S2140216B015F4202F0AD040F6C91207210020FAF7A7
S2140216C0F1FD0020FFF704FE25F48025E80301D58E
S2140216D0FCF768FF002DB8BF47F0080769070DD56D
S2140216E01B4AD26A12F4005F4FF4005217BF194920
S2140216F02449CA624BF4000B08BFCA626A0548BF97
S2140217004BF0040B15F48023019300F0A480FCF741
S21402171001FF0138062837D8DFE810F028012B0130
S21402172028012E013101340134019B4655E74FF062
S214021730804B52E74FF000727BE74FF0004278E7AB
S214021740BB463C467BE700BF004000B8006000B8DE
S2140217500040005400600054004001B8006001B828
S214021760002002B800E100E000C001B800E001B8C5
S2140217708C540020A873040084540020000002B891
S214021780090B0B890050005440F6FA120321002080
S214021790FAF788FD01218548826ED0F8883002F07B
S2140217A00702063201FA02F2C3F30C0CA2EB0C0299
S2140217B092B2072A12D97E4A126F53020ED47D4B7A
S2140217C0826B806D5B6D5BB102F007020632914060
S2140217D0C0F30C00091A89B2072901D84BF4007B22
S2140217E0754A1278002A36D0704AD2F8E02012F4EF
S2140217F0A02F30D1714A724912789AB9F20411D4E4
S2140218000A787AB14FEADB026E4842EA447282F004
S2140218100102D0F8D80E02F00102520020FA02F2BB
S214021820930718D10420FDF76DFD674A6748506795
S214021830FFF732FA62490A784AB9654A127832B133
S214021840644A654912680BEA02020A4201D14BF465
S214021850804B26F48056B9F1000F1DD019F4805F34
S21402186018BF4BF4802B19F4807F18BF4BF4002B63
S21402187019F4005F18BF4BF0100B19F4007F18BF65
S2140218804BF0200B19F4806F18BF4BF0400B19F485
S214021890006F18BF4BF0800BB8F1000F48D018F459
S2140218A0001F0AD04D4A13683BB1414A4C48116F9B
S2140218B000680022C1F3C061984718F4802F18BF51
S2140218C044F4007418F4803F18BF4BF4805B18F49D
S2140218D0801F18BF4BF4003B18F4800F18BF4BF064
S2140218E0020B18F4003F18BF4BF4801B18F4000FCD
S2140218F018BF44F0100418F4002F19D0394AD2F851
S214021900A02012F0C00F13D02949CA68C2F303629E
S214021910032A01D0072A05D14A6FD00602D48A6F5D
S214021920120732D54FF400212F4A28F40028D1613D
S214021930002E00F01B81330540F18F802B48DFF824
S2140219408890C2782A49002A58D04FF40063013A98
S214021950D2B24B66C27032B9264A1278C2B140F68B
S2140219600141254A51670022002173E04BF4803B77
S21402197010E74BF4006B0DE74BF4806B0AE74BF471
S214021980807B07E74BF0080B04E74BF4001BCFE71E
S214021990D9F8782012F4A05F15BF4FF4807240F693
S2140219A00142C9F85820C9F87820DCE70040005404
S2140219B0000002B8004000B8C2610020C1610020E9
S2140219C0C4610020001000B000C001B80000010190
S2140219D0C3610020A0150020088D0100BC53002022
S2140219E0A8540020001E00B0002002B8B3610020F8
S2140219F000E001B8BF61002000D001B80320FDF767
S214021A0081FCD9F81420A84B12F0060F04BF41F649
S214021A101F72A649A64808BF4A674FF40061A34A48
S214021A205166D9F8142012F0060208BFC9F87820C9
S214021A305A8A12F4006162D022F400625A82027854
S214021A4002F0FF09002A5ED1FDF710FFFFF7B8FB90
S214021A504A4620214BEA020B0C43B00009D52E2041
S214021A60FDF79EFB4FF00051904A44F008041167C0
S214021A705166F10606D52B20FDF792FB10218B4A04
S214021A801167516616F0306F05D1F20463D5BAF1CC
S214021A90000F00F0C080330117D52920FDF780FB28
S214021AA0844A526C12B11021834A9160FFF7B4FA4D
S214021AB048B1824A82487D494A66026700F540502C
S214021AC0C068400422D444F0040416F0007A28D0F9
S214021AD00420FDF717FC2720FDF762FBFFF770FBDB
S214021AE04FF00071714A5166764AD2F8D82E5206E5
S214021AF079D40221704A916044F0020428E0027808
S214021B004FF40052A6E74FF400422DE70A67202062
S214021B104A66FDF745FB2D2044F00C04FDF740FB1A
S214021B20D3E716F0807FDFF88C9147D00420FDF7CC
S214021B30E9FB2820FDF734FBD9F87820002A3AD1B1
S214021B40FFF73EFB594A5D4944F0010411675166AE
S214021B500021584A9165720508D55B498A78002AA1
S214021B6000F0D880013A8A7000221743574AD2F80A
S214021B70A020130603D558462146FCF7C7F93A4675
S214021B8058462146FFF770F8019B0BB1FCF7F8FCAC
S214021B9001224F4B05F00435C3F8E0504D4B18F4C4
S214021BA0002FC3F884211EBF4FF40022424BDA6195
S214021BB005B0BDE8F08FC9F878A0C3E7F104C7D531
S214021BC00420FDF79FFB444AC9F87420FDF74EFE39
S214021BD0D9F8642012F0407FBAD12A20FDF7E0FA45
S214021BE0FFF7EEFA80E7394AD2F8A0108B0683D4C4
S214021BF002203A4988603A49096891F82510C807D0
S214021C007FF57AAF92F8C420002A3FF475AF8021A0
S214021C10344A116170E7344A1268013202D04BF03E
S214021C20010B98E728490A7952B1013AD2B20A71F1
S214021C3012B9234A2D49516700224BEA020B8AE762
S214021C400420FDF75FFB0320FDF75CFB194A2249DF
S214021C50516718F05AFC81460DF10F00FEF732F973
S214021C60234A824612780AB1FEF784FFBAF1030FBE
S214021C700ED1DFF870A00020FEF724F9032807D162
S214021C80DAF87420D103F6D4DAF85C200C2AF2D9FA
S214021C909DF80F20032A2FD10121164A48461170BB
S214021CA018F02EFCC8E700BF8C54002000E001B8F4
S214021CB0BF61002000C001B8002002B8100000205A
S214021CC000D001B8001000B0B3610020001E00B0C2
S214021CD00060005400E100E000000101001002B8BC
S214021CE0A8540020000002B8486800200000010D39
S214021CF0C5610020C1610020094AD2F8E02012F432
S214021D00A02FC9D1FEF7C8FF484618F0F9FB4FF4DA
S214021D10804292E70220FDF7F5FA012225E700BF8E
S214021D20004000540122024B1A62DA61704700BF7B
S214021D30002002B80D4B10B5DC691A6A14400C4A32
S214021D4024F47F01D161E20706D5D9684FF0FF304F
S214021D50C1F3036114F07CFA630706D5BDE81040B0
S214021D60042200200021FEF77FBF10BD000002B84B
S214021D70002002B80C4A08B5936B526C13400B4A0B
S214021D809363DB070FD50A4B40F66342187812219D
S214021D9000F00100FAF786FABDE8084000220120AA
S214021DA00021FEF761BF08BD00C000B800E000B821
S214021DB0A0150020054AD2F88430DB07FBD4936FC7
S214021DC0D2F884201340024A93677047008001B815
S214021DD000A001B870B514460D4618F096FB064BE7
S214021DE0D3F8A06074402C407440C3F8A04018F0AA
S214021DF087FB06EA050070BD001E00B0034BD3F851
S214021E00A03099430CBF012000207047001E00B08E
S214021E102DE9F04117460A43012A1D469DF818404F
S214021E209DF81C60DDF8208029D8B44227D2082EFF
S214021E3025D8032B23D8B8F1000F20D00A4600215C
S214021E40FBF71CFDFF21EB009940C943DFF834C0C5
S214021E5008F1FF38FF00E2B2964202D80020BDE841
S214021E60F0813D190CEB8505D5F8E02018F8010F36
S214021E700A4098401043C5F8E0000134EBE7212001
S214021E80EDE700BF001E00B0034B1868034B0028A6
S214021E9008BF1846704700BFA4540020F8940400F8
S214021EA02DE9F843DFF860900646D9F80080084628
S214021EB01746B8F1000F03D00E242046BDE8F8837B
S214021EC006B3336801331DD1E1B1FAF70DF80546C2
S214021ED00028F1D0C9F80000FAF72CF8284613F0CB
S214021EE0CBFC044640B14046C9F80080FAF722F817
S214021EF0284613F0BCFCE0E73560002FDDD028460C
S214021F00B847DAE72124D8E7A8540020024B18681D
S214021F10003818BF01207047A8540020002108B5D9
S214021F20024B08465B689847002008BD40680020C0
S214021F300523064AA2F84A3092F8493003F0010314
S214021F4063F0730382F84930704700BF001F00B089
S214021F500023F0B585B0CDE901330393124B134D40
S214021F601B78134E8DF8043018F0DCFA2A78337892
S214021F7004469A420F4F0CD03178386801AA29706D
S214021F8014F09BF950B140F608210B4818F0BFFB3D
S214021F9004E0386814F071F90128EDD0204618F0F4
S214021FA0BCFA05B0F0BD00BF296B00205A6B0020BA
S214021FB05B6B0020C454002032490400F8B52B4B5A
S214021FC01B7823B140F6FC31294818F0A0FB18F024
S214021FD0A9FA284B07461C8814F0060409D00121EA
S214021FE04FF4807017F0F8FA3846BDE8F84018F05B
S214021FF094BA21464FF4807017F0EEFA204600F0AD
S2140220009DFF022808D180221B4B8021186813F0FE
S214022010FDFCFFF79DFFE7E7204600F08FFF054631
S21402202038B1012807D040F63141114818F06FFB4D
S214022030DAE70246E8E7FF220F4E104B30681A70C6
S214022040FFF76CFF306814F018F90128CCD02A4646
S2140220502946306814F013F921462C2017F0E8FAC6
S21402206021460A2017F0E4FABEE700BFCB61002043
S214022070324904009E5A0020C45400205A6B0020A5
S2140220800021014818F0EEB8C06800207F2837B556
S214022090044610D14FF6FF73022217480DF10601CF
S2140220A0ADF80630EAF7D6FEBDF80640E2054CBFAC
S2140220B06FF04A0464B218F035FA104B05461C70ED
S2140220C00F4B1B88DB0710D50E4B1B78002B0E4BD5
S2140220D00CBF21466FF07F01186813F0BCFC20B1DC
S2140220E040F67861094818F012FB284603B0BDE8AE
S2140220F0304018F012BA00BF641002C0526B0020C3
S2140221009E5A0020CC610020C454002032490400AC
S21402211010B50FF006F960B10FF005F90B4A80B161
S21402212041F20D03BDE8104041F20D01074817F0D9
S214022130A5BB074B1A781B799A4204D100220023CA
S214022140F0E70D23EEE7034AF9E700BF400D030070
S214022150296B0020488D0100F8B5164E0D463378DF
S21402216002F0010423B140F2C531134818F0CFFA49
S214022170124B134F1D60134DA4B1134B997801B146
S2140221800121202017F028FA2B783B700F4B1C7881
S2140221900F4B00211C70042333700E48BDE8F84034
S2140221A018F060B82146202017F016FA2B783B70FC
S2140221B0EEE700BFCB61002032490400B454002091
S2140221C0C86100205C6B0020B8540020C961002062
S2140221D0CA610020C06800202DE9F84318F0A2F971
S2140221E0DFF8A0810546B8F80030614C13F4807F12
S2140221F003D0237873BBFFF7E1FE0021084617F0F1
S21402220017FA5C4B1A78FF2A13D01A7802F0FF06E8
S21402221032BBFF221A702378052B0AD100232846E8
S214022220237018F07AF9304614F0D7F818F07AF9D5
S21402223005462378504E062B09D13378FF2B06D05D
S2140222403378022B15D100214C4818F00BF8FF23E7
S21402225033702BE000214FF4807017F0BDF9CCE705
S2140222601A78012A4FF0FF0214BF33264C261A7042
S214022270D4E7337813B13378012B22D117F04CFA16
S21402228007463E4896F8009001F0CEFBFF235FFA21
S21402229089F9337077B1B9F1010F44D16421374817
S2140222A084F8009017F0DEFFFFF752FE284618F07B
S2140222B034F906E02846277018F02FF9384614F04D
S2140222C08CF8B8F800301B0605D50021802017F0E0
S2140222D083F912F095FB01F0E3FA294E308000B341
S2140222E02778012F42D117F0D1FE054610B30130F0
S2140222F018F0EBFA00F44060B0F5006F1AD1042231
S2140223003946284617F002FE284418F0DEFA4FF641
S214022310FF7398420ED10020318800F0F1FC0023B2
S2140223203380BDE8F88300232846237018F0F5F8BA
S2140223303F20C4E7114801F077FB002108462170D0
S214022340012500F08FFC23780BB9FFF737FE00203B
S214022350318800F0D5FC00233380002DE1D02078B0
S2140223600028DED1BDE8F84314F06FB90025EAE78D
S214022370CB610020596B0020586B0020C0680020FB
S2140223809C5A00209E5A002008B513460A46194653
S214022390064B186813F0ECFB30B1BDE8084040F27B
S2140223A0F441034818F0B3B908BD00BFC454002076
S2140223B03249040008B513460A461946064B186801
S2140223C013F0D0FB30B1BDE8084040F2FB410348B1
S2140223D018F09DB908BD00BFC4540020324904005D
S2140223E0024B1878431E584258417047CB61002072
S2140223F008B5064B1B7823B140F22551044818F065
S21402240086F9FFF7DBFD002008BD00BFCB61002088
S2140224103249040008B5054B01EB810118684900F2
S21402242013F01BFB002818BF212008BDC45400204F
S21402243008B5044B1868F9F70FFF0A2390FBF3F070
S21402244040B208BDC4540020014B1878704700BF44
S2140224505B6B002008B5044B186813F069FAB0FAF3
S21402246080F0400908BD00BFC454002038B5124DA4
S2140224700C462B78012B04D940F246510F4818F02F
S21402248046F921460020FFF7E5FF90B10C4B1C7081
S2140224902B785BB9FFF792FD0A4B93F900100A4BB3
S2140224A0C901186813F0ADFA002038BDFFF750FDD9
S2140224B0F2E72120F9E700BFCB6100203249040091
S2140224C05B6B0020CD610020C454002008B5074B8A
S2140224D0186813F02BFA30B1054BB3FBF0F083B259
S2140224E00BB1184608BD0120FCE700BFC45400200B
S2140224F040420F002DE9F3475C4E012018F004F924
S2140225003388990704D440F63F41594818F0FFF83B
S214022510DFF8808198F80030053B012B04D940F69D
S2140225204141534818F0F3F8524F3B6823B940F63E
S21402253044414F4818F0EBF8348814F0200478D061
S2140225400121222017F074F84FF47A74FFF7BEFFC9
S2140225503B681B780933434304EBC30498F8003006
S214022560A5B2062B0BD117F09FFC0446FFF7AEFF71
S214022570602358430C2303FB0400284485B2D7F893
S21402258000903D4B99F800801C7808F1FF381FFA3E
S21402259088F8002C52D133885A0505D409F1010077
S2140225A018F093F9C0F340143449354A8878127803
S2140225B04B7812FB00F2334F93423B70A4BF9B1A38
S2140225C03B703B78CA78BD60934238BF13463B7077
S2140225D00EF0AFFE002833D00EF0A9FE012814BF7D
S2140225E01025082525430023DFF8ACA0009380229F
S2140225F043464946DAF8000013F061FA20B14FF478
S2140226003B611B4818F083F81F4BDAF80000197874
S2140226101E4B197033889B0614D52A461C4B00970E
S21402262013F049FEC0B9002002B0BDE8F04718F02A
S2140226306BB82146222016F0FBFF87E70024B3E79B
S2140226402546D0E72A460F4B13F033FE014618B94B
S214022650252016F0EDFFE6E72146262016F0E8FFD5
S21402266040F6F431024818F052F8DCE79E5A002091
S21402267032490400B4540020CE610020296B0020A9
S214022680C8610020706800205B6B00205A6B002037
S214022690B8540020CB610020C4540020184B10B55B
S2140226A01B889B0704D440F6A661164818F02FF83C
S2140226B0154B1B78053B012B04D940F6A761114840
S2140226C018F025F8114B1B6823B940F6A9610D488E
S2140226D018F01DF800240E4B0E4921201C7016F02F
S2140226E0A7FF014618B9BDE81040FFF703BF02284E
S2140226F004D12046BDE8104017F030B810BD00BF28
S2140227009E5A002032490400CB610020B4540020B7
S214022710C6610020B5280200F8B55A4C23889A07ED
S21402272004D54FF43E71584817F0F1FF574801F0B0
S2140227307BF917F0F7FE238805465B070DD54FF0A9
S214022740FF3013F003FA524B1B68C01AB0F5717FC4
S21402275003D90021042016F03FFF28464D4D17F0FE
S214022760DCFE2B78042B32D117F0DCFE23880646DB
S2140227705F0708D54548002117F074FD3046BDE8CE
S214022780F84017F0CABE17F0C8FE17F0CBFE424B51
S21402279006461B78414F13B9238859050FD50523E2
S2140227A0012102202B7016F017FFFFF777FF304645
S2140227B017F0B3FE3B68DA78394B1A70F8BD386802
S2140227C0013018F082F88206E9D50623E8E7062BE0
S2140227D04DD1344B1B78FF2BF0D1334E0EF0ABFDB0
S2140227E03378002B3DD017F09DFE238805465B0705
S2140227F005D52648002117F035FD2846BFE717F015
S2140228008CFE3378013B337017F08CFE04460121B0
S214022810022016F0E1FEFFF741FF20461F4C17F09C
S2140228207CFE2068013018F050F800F44060B0F5E5
S214022830006F13D1246801210422204617F066FB9C
S214022840204418F042F80146184B04201A783378D0
S214022850D21AD2B2BDE8F84018F000B84FF6FF71AF
S214022860F2E740202B70BDE8F84013F0B6BD012B0E
S214022870A4D100232B700E4B1868FFF74FFB3F20A6
S214022880F1E700BF9E5A002032490400C0680020CB
S214022890B0540020CB610020CE610020B45400204A
S2140228A0C7610020586B0020C86100205C6B0020C6
S2140228B0C454002008B50A4B1A7882B9012210289F
S2140228C01A7004D040F69D61064817F020FF0021DA
S2140228D0202016F081FEBDE80840FFF70BBE08BDBB
S2140228E0C66100203249040008B5094B1B88DB0686
S2140228F004D440F2C351074817F009FF1020002104
S21402290016F06AFE044B1868BDE8084013F0CABC0D
S2140229109E5A002032490400C4540020012208B501
S214022920074B1146186813F0AAFC00212C2016F05B
S2140229307FFEBDE8084000210A2016F079BE00BFDF
S214022940C4540020014B4008185C7047546B0020AA
S21402295008B513460A461946064B186813F00EF9D0
S21402296030B1BDE8084040F6E941034817F0CFBE53
S21402297008BD00BFC45400203249040008B5044B09
S214022980186813F07AFC013818BF012008BD00BF92
S214022990C454002070B5054617F0C4FD0E4B0F4E0A
S2140229A01B880446DA07357008D50D4B0D4D1B788B
S2140229B0012B08D90121286813F009FD2046BDE83D
S2140229C0704017F0AABD1BB10EF0A9FCC305F1D4E6
S2140229D0317881F00101EEE79E5A0020536B002009
S2140229E0CC610020C45400200C4B10B51B88044652
S2140229F0DB0711D5FFF78CFB094B84F00102082197
S214022A001868D20013F002F830B1BDE8104040F664
S214022A103671044817F07BBE10BD00BF9E5A0020D8
S214022A20C45400203249040008B5044B0146186815
S214022A3013F0AFF8003818BF012008BDC4540020B8
S214022A4010B50A4C23787BB1FFF768FF00210420FB
S214022A5016F0C2FD0021022016F0BEFD00232370F0
S214022A60BDE81040FFF7AABA10BD00BFCB61002038
S214022A7038B5094800F0E8FC0024084D95F84430C3
S214022A80E0B2834200D838BD05EBC000043000F047
S214022A90DBFC0134F2E700BF68550020C854002072
S214022AA008B5104602494822F8F71CFF002008BD68
S214022AB02055002008B5054817F099FF014620B9B1
S214022AC0BDE80840014817F0CDBB08BDE06800200D
S214022AD0002238B51C4B15461C461A700132082ACD
S214022AE05D609D8043F8085FF8D1482200211748B0
S214022AF0F8F768FD4FF6FE73A4F868306FF480337B
S214022B00E365134B00211A88124B1868F8F75AFD32
S214022B10114BC4E91255C4E9283584F8445084F8A8
S214022B205050656584F8A850E9F7FEFCFF220B4B6F
S214022B30012118700A4B00201A70E1F7A5FF002049
S214022B40FFF7B8FF002038BDC854002020550020EB
S214022B50CC6A0020A06700200000FFFFCF610020A3
S214022B601562002010B5AC24084B04FB0030836CC1
S214022B7053B990F850403CB931B1C0E91212204620
S214022B80FFF798FF204610BD2120FCE7C85400201E
S214022B90AC2370B503FB00F5094E731993F8504049
S214022BA05CB920460BF022FF735D204643F0020319
S214022BB07355FFF77FFF204670BD0120FCE700BF7C
S214022BC0C8540020AC235843024A135C23F0030384
S214022BD013547047C854002070B516461F4A044660
S214022BE01278C2BBAC211E4D01FB00518A6C92BB0F
S214022BF091F850203AB1022B2DD191F844100729B2
S214022C0007D91C2026E091F844100729F9D8012B91
S214022C1008D0AC2000FB0450CA00011D0C30F8F7A7
S214022C2023FD0021AC2303FB04F000249DF814309E
S214022C3000EBC1012944CB71049B8E808B602B185C
S214022C4093F84420204601328C7183F84420FFF723
S214022C5031FF204670BD0120FCE700BFCE61002098
S214022C60C8540020F8B5234B04461B780F46002BA9
S214022C703ED1AC23204D03FB0053B3F8A03023B95A
S214022C8040F245311D4817F042FDAC2202FB0452C9
S214022C90D2F8A46036B192F8A33039460020B2F8D2
S214022CA0A020B047AC2300216343EA18A2F8A01084
S214022CB0C2F8A410482192F8A82001FB02322A4446
S214022CC0D2F89820964213D0EB5C9B070CD5AC2228
S214022CD06243AB5C204623F0020343F00103AB548D
S214022CE0BDE8F840FFF7E6BE0BF0A2FE0028EED1E4
S214022CF0F8BD00BFCE610020C854002089490400F8
S214022D002DE9F04F89B0059008460D4617F0BEF93A
S214022D10044618B9212009B0BDE8F08F284617F0FE
S214022D20D1F9C0B20838215C221892F802A00491A8
S214022D30D1785268277803920022B4F80130ADF8B1
S214022D401E20434A029192F800B0BBF1000F08D051
S214022D50404B1B681BB120464FFA8AF29847002068
S214022D60D9E703F00703022B70D001340922594633
S214022D70204617F0CBF8023F3F1A3B0606465FFA9C
S214022D8087F8C7D4344FD7F89090B9F1000F27D1FF
S214022D9000210DF11E0B434622460846CDF800B030
S214022DA00BF05CFDC3B20546002B4BD1BDF81E00EE
S214022DB013F057FBE0B9BDF81E0013F03BFC81464A
S214022DC0BDF81E0013F04DFBF0B906EB0802012316
S214022DD02146584692B200F07BFDD0B119209AE700
S214022DE05B465A4601212846C8470028D0D191E7BB
S214022DF0D7F89430BDF81E00002BDCD0A1199847F6
S214022E000028D8D1022086E742464846A119F8F79C
S214022E1069FDBDF81E0017F039F9029B059A037288
S214022E20049B80F809A08372039B1BBAC360AC2381
S214022E3003FB027393F85020BDF81E0022B1DB6C30
S214022E4003B19847E8B266E7BB6FF9E7012062E78D
S214022E50CE610020AC540020C85400202DE9F8436F
S214022E6008460F46164602F1010913F0E8FB8046B3
S214022E70384613F0EFFA042856D1384613F00EFB04
S214022E8048F661054FF6FF7248F64103294C904218
S214022E9008BF1D46B4F85C10301D17F018FD384602
S214022EA013F0FCFA0146B01D17F011FDB4F85E10DF
S214022EB006F1080017F00BFD06F10A04384615F075
S214022EC081F810B145F01005ADB22946484617F014
S214022ED0FEFC384613F0AEFB424601462046F8F7A3
S214022EE001FD3846012117F009F94444074660B14E
S214022EF017F0E8F80546384617F0C8F8EDB201466E
S214022F002A462046F8F7EEFC2C440B4AA41B1378FC
S214022F100134591C1170F37034703046BDE8F84322
S214022F200922012116F0F2BF484617F0CEFC4C46A5
S214022F300546C3E7C8540020CF610020AC2210B576
S214022F4048245043094B1A1892F8A81004FB0100B3
S214022F50034493F87700022806D092F850301BB943
S214022F60032818BF012010BD0020FCE7C85400202B
S214022F7070B508B1012070BD234C94F8A850002DFE
S214022F80F8D12946B4F85C20FFF714FA29462846F9
S214022F90B4F85E20FFF7F8F92946284604F16002E5
S214022FA0FFF7D6FC94F87730002BE3D0284694F847
S214022FB05860FFF749FA864215D1002094F95A5014
S214022FC0FFF736FA854216D10020FFF7B7FF044610
S214022FD0002016F051FF0028CDD02146BDE87040F3
S214022FE00020FFF705BA284694F85810FFF73EFA75
S214022FF00028E2D0BFE7002094F95A10FFF70AFA39
S2140230000028E1D0B7E700BFC85400200346AC2032
S21402301010B51446164A00FB032292F877000228DF
S2140230200CD1E07F022809D141B112490978012961
S21402303013D992F85810227891420ED11846217868
S214023040FFF708FA90B1482221460B48F8F74AFCE7
S214023050002016F011FF08B9002010BD044B93F8AB
S214023060A8000028F8D1FFF783FFF5E72120F4E750
S214023070C85400200C6100202055002038B5AC232F
S2140230800D4C054603FB004300205A6DD86483F8B6
S214023090500012B15865FFF727FCF5F75FFBFF28D3
S2140230A01EBFAC2303FB054484F8A8000020FFF7EC
S2140230B05FFF002038BD00BFC85400207FB51D4CFE
S2140230C094F8A83023B1002084F8A800FFF750FF38
S2140230D094F85A30B4F8A0608DF80F3026B940F252
S2140230E0FD21154817F013FB144B31461D680020CE
S2140230F02A46FFF7B3FEE46F02469CB10DF10F03BA
S21402310001930023294630460093A04702462C78B6
S21402311054B920462146FFF7A5FD2046FFF7CAFC14
S21402312004B070BD0122F2E729460020FFF714F82A
S214023130F6E700BFC854002089490400A0670020B3
S21402314038B5494B1C78002C58D1484800F06CFC26
S214023150204616F091FE002850D0454C2378D90719
S21402316033D594F850201AB123F00303237045E0B8
S21402317023F0010323700BF043FC237805469A07DD
S21402318001D50BF033FC294600200BF049FA40B972
S2140231902378284643F001032370BDE838400BF03D
S2140231A025BC0023482284F8A33094F8A83084F87B
S2140231B0A25002FB0343D3F89830A4F8A000C4F848
S2140231C0A430BDE83840FFF779BF94F84400B0B1A8
S2140231D004F1A003251D95E8030083E80300FFF72A
S2140231E06DFF94F844202846D20004F10C01F8F74B
S2140231F03BFA94F84430013B84F8443038BDA26C64
S21402320062B99B0711D52378002023F0020343F00E
S21402321001032370BDE83840FFF74CBC0123A064CD
S21402322084F85030904723789EE70BF001FC002884
S214023230E9D194F8A83073B1F5F790FA94F85030C3
S214023240002BDBD1FF2818BF84F8A800BDE8384061
S2140232500020FFF78DBED4F88C30002BECD09847B8
S2140232600028CBD1E8E700BFCE610020E06800204E
S214023270C854002070B50446002016F0FDFDAC23AD
S2140232805C430B4E351995F850300BB1002070BDDB
S2140232900028FBD0074817F0AAFB0028F6D1335DBA
S2140232A0002BF3D195F84400B0FA80F04009EEE71F
S2140232B0C8540020E068002010B5084A034613F000
S2140232C0CCF914684FF6FF7203EB40039C42184693
S2140232D003D9018802339142F8D010BD84550020EC
S2140232E02DE9F047204F05463B88A3B3B0F90230DC
S2140232F0002B30DBDFF87C801C49D8F80000F8F79A
S214023300B7FB20B94FF4EA71194817F000FA002605
S214023310DFF85CA0DFF860903A88B3B29A4204D82D
S2140233204FF4EB71504617F0F2F9D9F80030B2B20A
S21402333053F83200D8F8001003EBC20468B943F819
S2140233403210A38828460133A38013F086F9E38857
S21402335003EB4003E380BDE8F087F8F789FB01360C
S2140233600028D9D1EDE700BFA05A00205649040034
S21402337060490400006900207855002038B5094CE1
S214023380094D22682B689A4204D94FF48771074880
S21402339017F0BDF928682368C01A20F0010080B231
S2140233A038BD00BF845500208C55002060490400BB
S2140233B038B5124C124D21462846F5F77DF823689B
S2140233C00BB12B681BB9DE210E4817F0A0F92A684C
S2140233D00D4B0E491A60236823F0010313440B6059
S2140233E00B4B1A602AB9BDE83840F821054817F099
S2140233F08EB9FFF7C3FF6428F5D938BD7C55002087
S2140234008055002060490400885500208C55002015
S2140234108455002038B5094C094D22682B689A421B
S21402342004D34FF48A71074817F071F928682368A5
S214023430C01A20F0010080B238BD00BF88550020B7
S2140234408C550020604904002DE9F0411D4B0446CE
S2140234501B78012B24D1008816F0FAFD0546D8B158
S2140234600426DFF864802C4617F05CF807462046F0
S214023470FFF736FF638843EA08036380A05B16F013
S214023480E7FD0446384617F048F81CB1B4F9023096
S214023490002BE9DA062E01D1BDE8F0810626E2E726
S2140234A0022BF9D117F03EF80246208816F0D0FD1E
S2140234B018B10388C3F30E0323801046BDE8F0411B
S2140234C017F02BB8D06100200080FFFF2DE9F04FE7
S2140234D00024BA4B97B006461C8017F023F8012347
S2140234E0DFF8EC82B64F3B70B8F80030A8F8004020
S2140234F0ADF81630B34B1B68019317F00EF8B24BBB
S21402350021461A88B14BD2001868F8F75BF80DF11D
S2140235101600FFF799FF002E3CD1DFF8B8924FF065
S214023520000B0125D9F80040019B9C4239D3BBF120
S214023530000F39D1002DF2D0D9F80040DFF898A25A
S21402354025462246019B9A4273D302230DF11600AA
S2140235503B70FFF779FF002E40F08F80D9F80060AD
S2140235603246AA4280F0A280908816F071FD18B109
S2140235700388C3F30E039380D08816F069FD18B152
S2140235800388C3F30E03D3801046FFF795FE024668
S214023590E7E79847E3B256F823300134002BF8D118
S2140235A0BBE7BBF1000F3ED00BF1FF335FFA83FBA4
S2140235B016AB03EB8B0252F8402CB2F9020051888C
S2140235C00028B1DA4B04AFD4924641F48040931DF2
S2140235D02AF8020F02933AF8020F16F039FDF0B1FC
S2140235E0B0F902E0B0F802C0BEF1000F17DB6FEAD6
S2140235F04C4C6FEA5C4CA0F802C00390FFF770FEDA
S214023600BBF10F0F8FBF002516AB039A03EB8B009F
S2140236109EBF0BF1010340F8402C5FFA83FB029B2E
S2140236209A45D8D180E72046FFF746FE2246044652
S214023630C3E7104613F011F88346B2F90200118868
S21402364000280AEA010108DA204616F0F7FC0843C9
S21402365081B204EB4B0402EB4B0510461180FFF7D8
S2140236602BFE02466EE798475FFA8AF356F8233037
S2140236700AF1010A002BF6D170E74FF0000AF3E7D1
S2140236803046FFF719FE82467EB1B6F902307188DF
S214023690002B0ADA3088C0F30E0016F0D9FC8642F8
S2140236A003462DD1C1F30D0171805646AE42E7D3D3
S2140236B0DFF81CA116F036FF00210646504613F02E
S2140236C01DF816F0C5FC0546002800F08780304637
S2140236D016F023FF284612F0C0FF0646204616F0D4
S2140236E0ADFC81467600324629462046F7F7BCFFF7
S2140236F0002249460DF1160017F051F93444D9E775
S2140237001BD9304612F0A9FFC1F30D0142007180A9
S2140237101846314692B2F7F7A7FFC6E75046FFF7BC
S214023720CBFDD146854203D9B0F90230002B01DA2F
S214023730824603E0FFF7C0FDF4E7B146554507D9D8
S214023740BAF80000C0F30E0016F082FC8245E5D3FC
S214023750B9F1000F30D0B9F80000C0F30E0016F031
S21402376077FC034638B93346CB46994513D8B1455C
S2140237709BD0D946ECE7484612F06FFFB9F8022014
S2140237804946C2F30D02A9F80220420092B2184638
S214023790F7F76AFFE7E718460193FFF78DFD019BEF
S2140237A09B46854203D9B0F90230002B01DA034664
S2140237B0DBE7FFF781FDF4E7CB46DAE7A25A002003
S2140237C0D061002084550020A05A002078550020A1
S2140237D0A45A0020885500200080FFFFBDF816304E
S2140237E03870A8F80030044B30461C6016F095FE80
S2140237F017B0BDE8F08F00BF845500202DE9F041D8
S214023800054616F025FC0F460446D8B117F0B1F867
S21402381020B940F2FB41204816F079FF284616F000
S21402382051FC05462046FFF747FDBD42064609D035
S21402383004D840F20351184816F069FF2588ED0BAC
S21402384002D02781BDE8F0816780204612F005FF8E
S214023850074604EB400816F065FE104B1A68B242A3
S2140238600AD1C3F8008016F058FE2A464046BDE844
S214023870F041FF21F7F7A6BEA6EB0806B5B216F092
S2140238804CFE072DF1D90023083D44F81730C8F83E
S2140238900430A8F80250D5E7604904008455002099
S2140238A038B516F03FFE00210546044812F026FF02
S2140238B00446284616F031FE204638BDA45A00209B
S2140238C0024B1888B0FA80F040097047A45A0020CC
S2140238D02DE9F74F044600881F4616F0B9FB8846C6
S2140238E01546064617F045F820B940F2FE613F48F5
S2140238F016F00DFF3388DB0B009306D033892B447A
S2140239003381002003B0BDE8F08F208816F0DAFB82
S21402391082463046FFF7D0FC019016F003FEDFF831
S214023920D0B0019BDBF8002081469A421DD1FFF7FA
S21402393025FDA84204D2484616F0EFFD1A20E1E71C
S2140239400AEB050373803FB1208816F09FFB2A46D8
S21402395041465044F7F7C6FF3046FFF7ADFCCBF8BA
S2140239600000484616F0D9FDCBE716F0D6FD2088B3
S21402397016F0A8FB2844009980B216F0FBFB064618
S2140239800028DBD016F082FB8146208816F07EFBEC
S2140239908246208816F096FB514602464846F7F7BE
S2140239A0A1FF3046AFB116F071FB0746208816F02D
S2140239B089FB2A4641463844F7F794FF01212088BE
S2140239C016F09CFB01210246304616F0ABFB268021
S2140239D097E716F05BFB8046208816F073FB2A46B4
S2140239E039464044F7F7EEFDE8E700BF60490400B9
S2140239F0845500203421014816F089BE744904001B
S214023A00036910B55BB18268064B9A4201D1002069
S214023A1010BD446916F074FE201AF9D5F7E74FF088
S214023A20FF30F5E7F539020082681C4B70B59A4202
S214023A300446056819D116F075FD236923B1A34221
S214023A4006D100222A601A61BDE8704016F065BDF4
S214023A501A4611461269A242FBD12A68A24208BF40
S214023A6029600B6100232361EEE7036993B1984254
S214023A706E6803D19D210A4816F049FE2B46B442D1
S214023A8009D122699D4218BF1A614FF0000308BF90
S214023A906A60236170BD33463669F0E7F539020085
S214023AA0744904002DE9F047074600254FF0010A45
S214023AB0154EDFF858808AB0347914B90AB0BDE8DA
S214023AC0F087D6F8009087B900972A46B8F8001013
S214023AD0234603A816F0F2FF2246484603A9E9F752
S214023AE0E5F92544EDB20836E6E7224603A948463C
S214023AF0E9F7B0F9CDF800A023462A46B8F8001038
S214023B0003A816F0DBFFECE724950400A65A002073
S214023B100148FFF799BC00BFA65A00209C46174BE7
S214023B20F7B5054608461988164611B1144B1C7897
S214023B30CCB1014662463046BDB103B0BDE8F040A6
S214023B40E9F788B91C44E4B208373B79002BF0D079
S214023B503A689642F6D185F001052246009516F09F
S214023B60ADFF03B0F0BD074FEFE7E9F79FF9B0B23C
S214023B7003B0BDE8F04010F047BF00BFA65A0020D1
S214023B805D6B00202495040010B5074C238843B1D2
S214023B900020FFF787FF0020FF22044B20801A70C8
S214023BA010BD0220FCE700BFA65A00205D6B002075
S214023BB0142810B518D8082805D110F08EFFC401B5
S214023BC0E4B2204610BD0E2802D110F089FFF6E7B7
S214023BD0064B53F82040002CF3D00A282478F0D164
S214023BE005F0A0FE0443EBE7FF24EAE77495040021
S214023BF0014BB3F868007047C8540020004870476D
S214023C0032550020014B1878704700BF4A610020E9
S214023C10014B1870704700BF4A610020194B0228FA
S214023C2010B5187002D0043801281BD8164B1B7822
S214023C30042B03D00021154816F014FB144B1B6806
S214023C409A001BD513F0805F40F6114418BF4FF45C
S214023C504164204611F0DBFA90B92046BDE81040D8
S214023C6010F0D0BE0948FFF7DFFE0A48FFF7DCFE79
S214023C70162412F06FFF11F0C4FAEAE71524E8E7FB
S214023C8010BD00BF4E6100204F6100200469002075
S214023C9048470020B4460020024B187800F00F0078
S214023CA0704700BF4E610020034B187800F00F00EB
S214023CB0831E5842584170474E61002008B512F0E4
S214023CC034FFC0B112F04AFFA8B10AF0A7FF90B9BC
S214023CD00A4812F0DCFC70B1094812F0D8FC50B168
S214023CE010F003FF38B111F094FA20B9BDE808408D
S214023CF0044812F07DBD002008BD00BFA85A00206F
S214023D00DA5A00209055002030B505460C4693B08E
S214023D1081B910B9002013B030BD1023214A69467C
S214023D200120FFF7FBFE9DF805305A1E052A28D90A
S214023D301720F0E7182200212046F7F743FC002D53
S214023D40EBD1FFF7B1FF30B310F09AFD6A46014699
S214023D500020FEF7A5FEBDF80430204623819DF81C
S214023D600230A3729DF80030E37213F07DF8002350
S214023D7004F11401237304F1100003F0CBFDE0817B
S214023D80C8E7094A9DF8041012789142D0D12B70E8
S214023D90002CD6D1BEE7054B1B78033B022BD3D9AA
S214023DA0C6E700BF64EE0100346B00204E610020BF
S214023DB030B593B005460C46FFF776FF20B90C4B9C
S214023DC01B78033B022B10D810F05AFD6A460146B8
S214023DD02846FEF765FE00209DF8023060702370CC
S214023DE09DF80030A37013B030BD1720FBE700BF6C
S214023DF04E610020054B1878012805D000F0FD0022
S214023E00A0F1310358425841704700BF4E6100206E
S214023E101FB50146002201A816F0F4FA064801A9C9
S214023E2016F01AFE20B116F031F94089C0F34000B0
S214023E3005B05DF804FB00BFDA6A002030B585B035
S214023E400D460022014601A816F0DCFA084801A930
S214023E5016F002FE50B116F019F904460146082281
S214023E602846F7F701FC6089C0F3400005B030BD74
S214023E70DA6A0020F8B50546F8B100210F4816F0B8
S214023E8088FD0446A8B10D4F204616F0FFF80646F8
S214023E9016F0A4FA830705D4082229463046F7F717
S214023EA0DDFE38B12146384616F097FD0446002856
S214023EB0EAD10024201E18BF0120F8BDDA6A0020CD
S214023EC010B50C460146064816F0C6FD30B116F08F
S214023ED0DDF843891C4214BF0120002010BD00BF3C
S214023EE0DA6A00201FB51446024601A816F08AFABE
S214023EF0074801A916F0B0FD40B134B116F0C6F875
S214023F00142201462046F7F7AFFB012004B010BD8D
S214023F10DA6A00201FB50146002201A816F072FADE
S214023F20094801A916F098FD58B116F0AFF8438972
S214023F30024613F0020004D0507B80F00800C0F363
S214023F40C00005B05DF804FBDA6A0020F7B59DF8FC
S214023F5024400D4601949DF82040064600941F46D4
S214023F6014F01FF84FF6FF718842044610D0BB07C4
S214023F7011D4284600F056FF204616F094FDFF287E
S214023F801FBF084A32F8103023F4804322F810305C
S214023F90204603B0F0BD02462946304612F0BEFC6B
S214023FA0EAE700BF785A002073B50E460146144869
S214023FB016F052FD0546D8B116F068F84389044655
S214023FC0334012D09B0736B20BD5002E09DAA17BFE
S214023FD0437B0289007B0191012100912146FFF774
S214023FE0B5FF638923EA06036381628912B1012061
S214023FF002B070BD2946024812F09FFBF7E700BFE9
S214024000DA6A00200148FFF71FBA00BFDA6A00200A
S21402401013B53E4C0DF047FFD4F8FC311020C3F325
S21402402007430193FFF7C4FD000650D50020FFF7B3
S214024030BFFD01064BD5019B802B3ED1236A9A0712
S21402404004D440F61544204602B010BDE3699B072F
S214024050F7D52F4811F009FC012012F0D9F90DF01E
S21402406035FF04460028EED100F042F9294812F046
S21402407099FB00F099F9E8F757F80DF013FF08F0EE
S21402408003FF08F055FFF4F761FAF4F7FFFAF4F7C6
S21402409019FB03F0DBFD10F022FD10F023FD11F0FA
S2140240A0BBF81D4813F086FF06F08CFA11F077F87D
S2140240B00028C8D011F075F8C5E7019B812BC0D146
S2140240C0D4F80C315B00BCD5D4F80C31BFE7102015
S2140240D0FFF76EFD0006BCD40020FFF769FD01065F
S2140240E0B7D5019B802B05D1084B1A6AD207A8D5F3
S2140240F0DB69ACE7019B812BA3D1044BD3F80C21DF
S214024100002A9EDAD3F80C31A1E700BF0080E00F48
S214024110690345EC90550020113E020010B512F0DE
S21402412016FD70B301F0E0FA80F00104E4B200205C
S214024130FEF724FC44EA800424B212F0F6FC10BB1C
S21402414002200443164816F052FC44EA401415486E
S21402415016F04DFC24B244EA0014134816F047FC4D
S21402416024B244EA8014114816F041FC24B244EA10
S21402417040240F4816F03BFC24B244EAC02080B22A
S21402418010BD0124D3E70B4812F081FA0028D7D0DD
S214024190094812F07CFA80F00100C0B24000D0E775
S2140241A044690020286A00204C470020A8690020A5
S2140241B0086A0020A85A0020DA5A002008B501F042
S2140241C07FF8FEF709F8144812F061FA08B904F00D
S2140241D025FF124812F05BFA08B906F0DDF902F084
S2140241E095FF0F4812F010FB0E4B1B78043B022B78
S2140241F009D80D4816F0FBFB28B1FFF78FFF1028F1
S21402420001D107F0E1FC10F072FC12F096FBBDE85B
S21402421008400648FFF75AB9A85A0020DA5A002082
S214024220905500204F610020286A0020EC9504007B
S214024230014B1868704700BFC45400204FF6F7734E
S21402424070B5984204460D4686B043D812F083FBFA
S214024250A04207D1082220492846F7F705FA00208F
S21402426006B070BD1D4EB6F86830A3420AD10022D1
S214024270082106F16A0012F0FCFA18B9082206F1C3
S2140242806A01E9E784B10023012219462046009319
S21402429008F05CFDFF2811D12946204608F000FFF1
S2140242A080F00100C0B2DBE70D4B1B689B07EAD427
S2140242B0284606F0FBFD0028E5D0D0E702A913F059
S2140242C01BFD0028E8D1DDF80D302B60DDF811303B
S2140242D06B60C4E70120C3E7D1610020C854002008
S2140242E048470020014B1870704700BF346B00200F
S2140242F010B5054C082221460448E8F7ABFD2046D7
S21402430012F063FB10BD00BFD161002034B608C0B6
S21402431000487047D1610020082208B50349F7F724
S2140243209DFCB0FA80F0400908BD00BFD1610020B4
S214024330014B1870704700BF42610020F7B50D466A
S214024340044616461F460021284601F061FD0B4B27
S214024350002183F859402A463346204600970AF041
S2140243603FF9014630B10222204603B0BDE8F040D4
S21402437000F006B8012003B0F0BD00BFC85400200C
S21402438013B513460C461AB1022A0CBF1346012374
S2140243900021044A019100922246FEF71DFC02B05B
S2140243A010BD00BF316C030000B5002093B0FEF7CD
S2140243B08FFB1E4B188813F0FEFD1D4B1D491A7805
S2140243C000200AF091F9342200216846F7F7FAF83D
S2140243D00B238DF800306FF4803301934FF6FE7393
S2140243E0ADF8103003238DF81D30134B134A089393
S2140243F0134B10680993134B51680D93124B6A4680
S2140244000E93124B0F93124B1093124B119302AB57
S21402441003C300210846FEF7F9FD6A460121002083
S214024420FEF7F4FD13B05DF804FB00BFC66A002079
S214024430436B00208859040051480200D1610020D5
S214024440CD69030039750200F9490200658402004D
S214024450316C030069710200014B1878704700BF87
S214024460D9610020014B1888704700BFDE6A002021
S2140244702DE9F74F814610460E46904616F025FA6D
S214024480DFF840B105469BF8003033B94A4B1B684B
S2140244901BB94A4B1B68002B7FD015F4406A05F007
S2140244A040071BD19FBBB5F5804F61D24FF4807495
S2140244B0B9F1400F73D0B9F1800F63D0B9F1100F84
S2140244C06BD100239BF800003D4AD9B2884264D9DA
S2140244D032F8021B0133A142F7D166E008F103006D
S2140244E016F0F3F94FF6FF73984214BF0124022424
S2140244F087B1052705F44043B3F5004F44F008049E
S21402450025D0B5F5804F24D244F4807421E0544679
S2140245100327EFE7B5F5804F4FF00507F4D3BAF55A
S214024520406F14BF022008203844404416F0CDF9EC
S214024530019012F02DFA019B05F4404598420CBFFB
S21402454044F0080444F00404B5F5004F01D144F0E9
S2140245508004BAF5006F0FD108EB070016F0B5F924
S214024560054612F0F8F9A842A2D144F010049FE7DB
S214024570544603270220D7E7BAF5406F08BF44F037
S214024580200495E70C4B1B683BB10022D1B233F8EE
S214024590110033F91110002903DA002008E0074B56
S2140245A0F1E7A04202F10102F0D106B13480012007
S2140245B003B0BDE8F08F00BFA0550020A455002030
S2140245C0F85A002012620020034B1A78022A04BF0F
S2140245D009221A70704700BFDA6100200C22034BD2
S2140245E01A211A700320002201F090BDDA61002021
S2140245F00C2208B5054B1A211A700022104601F04B
S21402460085FD0022024B1A6008BD00BFDA61002059
S214024610AC5500200C2270B50D4B05461E781A705C
S21402462030B93046BDE8704000221A2101F06EBD56
S214024630084B1C78E1B21A29F3D825FA04F3DB07F3
S21402464003D54422304601F061FD0134F2E700BF93
S214024650DA6100205F6B00200C22024B1A7010F009
S214024660D1BD00BFDA610020F0B50C8805460E46C3
S2140246708BB0E4B94FF6FF77ADF8247010F0D7FD93
S21402468010B902200BB0F0BDCDE90340CDE90544D8
S214024690134A0294B2F85C306032019300923B46B1
S2140246A04CF60101FF2009AA13F0A0FC3080284630
S2140246B012F097FA0B4C70B1237863B1013BDBB270
S2140246C02846237012F08DFA38B12078B0FA80F0BE
S2140246D04009C0B2D6E70523F2E70120F9E700BF9A
S2140246E0C85400205E6B0020034B11461B6803B1C2
S2140246F0184710F047B900BFAC5500200C22024BF9
S2140247001A7008F039BF00BFDA6100200148FEF7D0
S2140247109BBE00BFAA5A00207FB505460C46164629
S21402472015F0DEFE00286BD1062D03D85223EB408F
S214024730DB071AD4B4F1006F05D3E30E1C3B032B40
S21402474018D94F202EE000222F4B1A602F4B1D70D7
S21402475012F0B5F803460A2D54D8DFE805F02D18F6
S2140247603E49182518535341360002F0A3F8B4F117
S214024770006FE2D20022244B042D1A60234B1D70D8
S214024780E6D1022001F0B6F912F099F803460122AA
S21402479002921F4A01921F4A00921F4A3146204641
S2140247A00AF078FA04B070BD314620461B4A04B0BF
S2140247B0BDE870400AF056BA31462046184B194AF0
S2140247C004B0BDE870400AF031BA00220292164ADE
S2140247D00192104A0092154AE0E702220B4B1A7029
S2140247E000221046124904B0BDE87040FEF7BAB97E
S2140247F0002202920F4A0192064A00920E4ACDE722
S2140248004D20CFE70120CDE7AC550020DA6100202D
S21402481015460200514802001D6C0300FD460200C8
S214024820F1450200E94602005946020069460200C6
S214024830C9450200DD450200DF6B030008B50AF039
S21402484059FA0C22014B00201A7008BDDA610020CA
S214024850F0B585B0ADF8060018B97621644815F0B3
S21402486056FFBDF8060011F0F5FD0446BDF8060039
S21402487011F0F0FD082846D00C2CBDF8060042D1F7
S21402488011F0D8FE074616F020F80DF10F01064685
S214024890BDF8060010F014F9002879D0092200218C
S2140248A0384615F033FB9DF80F301033C518BDF8A7
S2140248B0060015F007FCEDB2854269D22946BDF81E
S2140248C006000AF025FB06F44C4416F4406605463C
S2140248D014D0F81C15F0F9FF4FF6FF73984208BF84
S2140248E044F04004B6F5006F08D1781D15F0EDFFD0
S2140248F04FF6FF73984208BF44F010049DF80F303D
S2140249005BB3072D44D1BDF8060011F099FD0446AD
S214024910BDF8060011F09EFD082817D0A30615D58F
S21402492024F0200189B2BDF8060011F074FDBDF82E
S214024930060011F07FFE0021092215F0E7FA00F1C9
S214024940100189B20DF1060013F079FC0022BDF8C1
S2140249500610284816F023F81AE0082D16D8BDB11E
S214024960013D072D14D801A353F825F0C9490200CA
S214024970D549020091490200954902009149020078
S214024980E149020007490200E74902007C2D24D0D3
S21402499005B0F0BD24F48844A4B2B4F5084FF7D1AC
S2140249A0BDF8060011F051FDBDF8061013F008FB25
S2140249B00028A8D0BDF8060011F09FFD002201468F
S2140249C0022015F04BFFE3E724F48064A4B2B4F5AA
S2140249D0484F97E7B4F54C4F94E7B4F54C4F92D056
S2140249E04CF6500301E04CF640439C428AE700BF77
S2140249F082490400A85A00202DE9F7430F46904644
S214024A009946064615F042FB0446304615F05AFB18
S214024A10C5B2083D2C44E178094BA2781970094BBF
S214024A2031461A70002043463A46CDF800900DF003
S214024A30C5FE003818BF012003B0BDE8F08300BFF2
S214024A40F4610020F36100202DE9F04FDFF8408189
S214024A50DFF8409198F8002099F8003006469A420E
S214024A6085B004D340F21911424815F050FE304684
S214024A700DF10F0115F0DEFC20B14FF48E713D48AA
S214024A8015F045FE98F800709DF80F403D1B15F096
S214024A90FF0530D04FF0FF3C374B01211B78A14079
S214024AA0184699F800304FF6FF790CFA03FC0023FB
S214024AB0324A01F1FF3E0193C1F1000A9DF804302B
S214024AC0984243D8122004FB00002D4BA0F112019D
S214024AD005EBC5025200194404F101091844F6F721
S214024AE0C3FD4FEA89092748A9F104010144AA0037
S214024AF04844F6F7B9FD224904EBC40201EB42032F
S214024B0021F81260204A013712784FF6FF71DA73E5
S214024B101A745A7412025A801C4A0D2012781A719C
S214024B2010225A7100229A73C3F80620C3F80A208C
S214024B30144B43F8242088F8007015F08FFE0EB947
S214024B4013F09DF8204605B0BDE8F08F13884B455C
S214024B500AD053680AEA030B03EA0E030B4403EB7C
S214024B604B0343EA0C035360019B08320133019363
S214024B70A4E700BF95490400406B002018450020BA
S214024B80445A002014450020F4610020DB61002016
S214024B90486100203E6B002010B5074C2046FEF709
S214024BA043FF04F06BFB02F0DDFE2046BDE810403A
S214024BB04FF47A5115F056BB046900202DE9F041F6
S214024BC0074600250A4B0B4E93F80080ECB2A04530
S214024BD003D8FF242046BDE8F08108223846B11DDE
S214024BE0F7F73CF801350028F4D01236EEE700BF9E
S214024BF048610020445A002007B50DF1070115F060
S214024C0019FC30B19DF80730034803EBC30300EBF1
S214024C10430003B05DF804FB445A00202DE9F84334
S214024C20294E044633785D1E2D1A8342EDB204D80F
S214024C304FF4A171254815F06AFD0123A3404FF0F9
S214024C40FF305F1E3B4400214FF6FF7E6FEA0308EB
S214024C501F4A92F800C01F4A127890401E4ACBB2F2
S214024C609C4523D8BDB127B204EBC4041B4864009C
S214024C7005EBC50204F11201014452002044F6F786
S214024C80F3FCBF001648AA00391D014402F0FC02DC
S214024C903844F6F7E9FC33780022013B33704FF6CE
S214024CA0FF71BDE8F8430E2015F0D8BD1388734592
S214024CB007D0536808EA03093B4003EB5903034352
S214024CC0536008320131CAE7486100209549040062
S214024CD0406B00203E6B002018450020445A0020FE
S214024CE01445002010B50A4C207858B9094B1B7899
S214024CF01A2B03D99921084815F009FD0322074B00
S214024D001A7010BD0138C0B2FFF788FFECE700BF8B
S214024D10486100203E6B0020954904004461002053
S214024D202DE9F047054615F0ADFEFF28044624D1CE
S214024D30DFF884901E4B99F800201B789A422BD2FB
S214024D402846BDE8F047FFF77FBE38883B795045D6
S214024D5018D86F2B4FEA131214D85B0710D01237ED
S214024D6008F1010899F800105FFA88F6B142ECD80B
S214024D700023104ADEB28E4214D32046BDE8F087E6
S214024D80022AECD913F0ECF80028E8D1294630467E
S214024D90BDE8F04711F066BF4FF000084FF6F77A0D
S214024DA0044FDFE7107901338F28EFD81232E1E79C
S214024DB03E6B0020445A0020486100204FF6F773ED
S214024DC0984210B514D8FFF7ABFFFF2810D0134C4B
S214024DD000B200EBC00004EB40040DF001FF1049E6
S214024DE038B962880B7802EB0313A3EB12136380C5
S214024DF010BD227C637C09789A42E2732374617444
S214024E0007D98B4203D213468B4228BF0B461B029E
S214024E10EDE78A42F8D31346F9E700BF445A00206A
S214024E20F46100202DE9F04106460F4600240E4D9F
S214024E30DFF8388098F80030A34201D8BDE8F08148
S214024E40082229463046F6F709FF40B935F8063CEF
S214024E50BB4204D02046FFF7E1FE013CE4B2013437
S214024E60E4B21235E6E700BF4A5A00204861002045
S214024E70F8B5054608460E46FFF7A0FEFF2830D0D6
S214024E801D4B294653F820703046FFF7CBFF2846C5
S214024E90FFF746FFFF28044625D113F07CF8FF28CB
S214024EA00AD1164C207838B10FF0EDFC2378B0FB0F
S214024EB0F3F202FB1300C0B2294611F0D3FE0446F9
S214024EC023B20F4D03EBC30305EB4305082231461D
S214024ED0A81DF6F7C9FB2B79204603F00F032B71AA
S214024EE0F8BD0027D3E7074B1B78002B18BF002717
S214024EF0014B43F82070E3E7144500203E6B002088
S214024F00445A0020606B002038B50B4B04461B78D1
S214024F100D46834204D840F25A21084815F0F7FBA2
S214024F20074804EBC40400EB44002946BDE83840B9
S214024F3008220630F6F798BB3E6B0020954904001F
S214024F40445A002070B5044608460E4615F09AFDEF
S214024F50FF28054610D02046FFF730FEFF2807D070
S214024F60084B1B7823B9084B53F8202043F825201A
S214024F7021462846FFF7C8FF31462046BDE8704066
S214024F80FFF750BF606B0020144500202DE9F84360
S214024F900024804601272646114DDFF84C9099F8EA
S214024FA00030A34210D83E430134E4B21A2C4FEA32
S214024FB0470705F11205F2D14FF0FF30094B1B7877
S214024FC098403043BDE8F8832B884345EBD028460B
S214024FD011F091FE0328E6D82B796F2BE3D8E3E78E
S214024FE0445A00203E6B00204861002010B5084C51
S214024FF000EBC00004EB400423795B0707D1204690
S21402500011F079FE237923F007031843207110BDAF
S214025010445A00200022084B1878084BD1B2884226
S21402502003F1120300D8704713F80D1C013221F069
S214025030100103F80D1CF1E748610020445A0020D5
S2140250402DE9F04702261227DFF85C90DFF85C8035
S21402505099F8004000250CE007FB05F338F803A09A
S2140250600021504611F05CFE10B15CB1013CE4B286
S214025070013599F80030EAB29342EDD8A34204D142
S2140250804FF6FF7A5046BDE8F0870FF0FCFB99F822
S2140250900030012EA3EB040390FBF3F202FB130095
S2140250A0C4B2EDD00126D5E748610020445A00205C
S2140250B0034B00211A7803489200F6F783BA00BF22
S2140250C03E6B00201445002010B5134B0C461B788F
S2140250D086B0834212D9114900EBC00001EB4001B1
S2140250E0082220460631F6F7BFFA0022082120469B
S2140250F011F0BFFB80F00100C0B206E0C01A01A9A1
S214025100C0B212F051FF10B1002006B010BD01ABC4
S21402511003CB20606160E8E73E6B0020445A002023
S21402512008B5074B024653F820308B4206D91520A5
S2140251304FF6FF7115F092FB002008BD0120FCE738
S21402514014450020024B013143F82010704700BF7F
S214025150144500202DE9F34781460C4600272A4EC7
S214025160DFF8ACA09AF80030FDB2AB4210D8694620
S214025170204612F032FFC0B3082269464846F6F7C8
S2140251806DFD90B34946204612F070F8FE2537E0D2
S21402519006F10608082241464846F6F75FFD90B932
S2140251A04FF6FF739C422BD03388A34228D020466A
S2140251B015F079FCFF2814D14946204602B0BDE816
S2140251C0F047FFF755BE14B912360137CAE73388DF
S2140251D0A342F9D100220821404611F04AFB0028DA
S2140251E0F2D12846FFF71AFDCCE74946002015F013
S2140251F058FCFF28054603D0044B1B780344DDB257
S214025200284602B0BDE8F087445A00203E6B0020D4
S214025210486100200F4B1B7883420CD8C01A0E4AF6
S214025220C0B232F81030D90411D443F4805322F8B5
S214025230103001207047094B00EBC00003EB40031F
S2140252405A79D10603D442F010025A71F1E70020CF
S214025250704700BF3E6B0020785A0020445A002058
S214025260F0B5134B06461B78FBB100251148DFF854
S2140252704CC090F800E0104807781F44E8B2864514
S21402528001D80020F0BD7C1B94FBF3F003FB104416
S2140252900CEBC4003CF83440B44204D1002AF1D1ED
S2140252A084788C42EED00135E8E71846EAE700BF7C
S2140252B0406B00203447002046610020184500203D
S2140252C070B50CF0E1FD14250F49104E0B783288AC
S2140252D030809B1A03449BB2B3FBF5F405FB1433F0
S2140252E00B700B49E2B20B78934292BF00239B1AD3
S2140252F0DBB2032A0B7088BF002306499EBFD2008A
S2140253000B68D3400B6070BDDD610020AC5A0020F4
S2140253104561002034470020084B1868084BC2B28B
S2140253201B789A4208D2074BC0F307201B78984294
S21402533034BF002001207047012070473447002008
S214025340406B0020DC610020F8B505461746FFF7E3
S214025350E3FF064610B9184B1A783AB92120012203
S2140253604FF6FF7115F07AFA0020F8BD1348DFF801
S21402537054C003780133B3FBF2F402FB1433037018
S2140253800F48DCF8002000EBC30420F8335002F18B
S2140253900132A1703846CCF80020FFF7F7FDE67020
S2140253A0606011F0D8FAA84201D10120DDE7E37867
S2140253B00133E370F9E700BF406B0020466100202E
S2140253C0184500203447002010B50B4C0B4A2378B2
S2140253D0063B13700CF058FD0022094BFF21188083
S2140253E0084B09481A602278D200F6F7EBF8042236
S2140253F0064B1A7010BD00BF406B0020DC61002017
S214025400AC5A002034470020184500204561002091
S2140254102DE9F843074615F073F905461A4815F0C4
S214025420E6FA1A4B48B31C683C1B2C44A4B2002272
S214025430174BDFF864901B78164D99F8006005EB61
S21402544003155FFA82F8464509D9AB8805F11000C4
S214025450A34215D9B21A29461201F6F705F9013602
S21402546089F80060AC80B8F1000F03D139460648CF
S21402547014F0F8FE2846BDE8F8833C461D60D6E7E1
S21402548005460132DDE700BF24690020B055002042
S214025490DF61002014440020E06100202DE9F74F70
S2140254A015F02EF94FF0000E284D294F2978294C79
S2140254B097F800A004EB011303EB0A120092F346DE
S2140254C05246DFF898801FFA80FC0646B8F80000BD
S2140254D0ACEB0009A0EB0C001FFA89F901900098CA
S2140254E0984217D1BEF1000F00D02970524503D260
S2140254F000203A70FDF7DEFA3B7823B32B78164885
S21402550004EB0314A188C8F8006003B0BDE8F04FAE
S21402551014F0A8BEB3F804C0CC450FD84FF0010E65
S21402552093F802C001310CF1FF3C013AA3F804B033
S21402553083F802C0C9B2D2B21033D0E701988444CD
S214025540A3F804C0F8E703B0BDE8F08FDF610020DF
S214025550E06100201444002024690020B055002099
S2140255607FB56C461E4B1F4D1E78013EF6B21E706E
S21402557095E80F0084E80F001B4B28461A7805F1C1
S214025580100132441201F6F76FF89DF8026016F029
S2140255900F0511D1BDF8080009F02CFE360918BF18
S2140255A029464FF00002BDF8000008BF039904B078
S2140255B0BDE8704002F022BDBDF80400FFF728FFE8
S2140255C00346828804ADADF80420224603CAAA42E6
S2140255D018605960144603F10803F6D104B070BD92
S2140255E0DF61002014440020E0610020F8B50024AA
S2140255F0084D094F094E3B783178E2B20B449A4285
S21402560004F1010400DBF8BD2846FDF71DFF103546
S214025610F1E700BF14440020E0610020DF610020B3
S21402562070B5134B06460D46104612491A78124BB1
S21402563009781B780B44934206DB1F204FF6FF7156
S21402564015F00CF9002070BDFFF7E2FE013506806A
S2140256508570044615F04FF8E08009F0D1FD40F65B
S21402566002432081E3600020FDF724FA0120EAE7E6
S2140256703D6B0020E0610020DF6100202DE9F84349
S21402568086460023144FDFF85C803E7898F8005078
S21402569012497219DCB294421CDA4FEA041C31F841
S2140256A00C900133F14501EB0410F3D1631CD21ABE
S2140256B00CF1100C12016144F5F7D6FFA5428BBF20
S2140256C005F1FF3506F1FF3688F800503E700CB93A
S2140256D0034B1C70BDE8F883E061002014440020F0
S2140256E0DE610020DF610020044B054A1B78127839
S2140256F0D3420CBF01200020704700BFDF610020AC
S214025700E0610020024B1878003818BF012070476D
S214025710DF610020002108B5084B09481970094BC3
S2140257201970094B1970094B1A781201F5F74AFFDE
S214025730BDE808400648FEF777B900BFE0610020E2
S21402574014440020DF610020DE6100203D6B002053
S2140257502469002010B50B4C23784BB10A4802F09E
S2140257603BFD58B1084B0121188811F0E6F908B93B
S214025770002010BD0122054B1A70FAE7FFF7F0FE73
S214025780EAE700BFDF61002014440020DE6100204B
S21402579010B50E4B1B78BBB10D4C238883424FF0DD
S2140257A0000311D10B4AE160137049B9A378103394
S2140257B0A37011F08CFC18B9A37823F00F03A37022
S2140257C0FFF7CEFE012010BD1846FCE7DF61002081
S2140257D014440020DE61002070B592B00C460646E6
S2140257E00FF04EF8E17A05460020FCF733FE28B3A8
S2140257F094F90A0011F048F810BB134BE27A2946D6
S21402580083F85820A27A83F85A206A46FDF748F9A8
S2140258104FF6FE739E420CBF4FF6FF7323896A460D
S21402582029460020ADF80660ADF80430FDF7EEFB21
S21402583040B92289054B5A8012B070BD5520FBE74D
S2140258405620F9E72120F7E7C8540020B455002077
S21402585010B50446014608220948F5F705FF237BE2
S214025860022B0AD8002B14BF3122012205490B70E5
S21402587017234B61044B1A7010BD00230122F5E773
S214025880B8550020B45500204E6100200146102372
S2140258900120014AFEF742B964EE0100014B58614D
S2140258A0704700BFB4550020014B1878704700BF00
S2140258B0B455002010B5054C2378112B03D0E221F5
S2140258C0034814F024FF4123237010BD4E610020CC
S2140258D0A0490400064B01461B78042B04D1054A56
S2140258E0137E053313767047034814F0BBBC00BF23
S2140258F04F610020B45500204469002008B50648D0
S214025900FDF7A2FD0548FDF79FFD0FF0E5F8BDE89F
S214025910084000F0EBBF00BFA85A0020DA5A002069
S214025920064B1878332806D000F0EF00A0F14303A8
S2140259305842584170470120704700BF4E61002010
S214025940002208B5074B4FF6FE701A7011F00FF8DA
S2140259504FF6FF7011F028F8034B5869BDE808406F
S2140259600FF050B84E610020B455002008B5064B23
S214025970187838B10548FEF743F84FF47A73B0FB4F
S214025980F3F0C0B208BD00BF43610020F446002019
S2140259902DE9F0438BB00746154698460E469DF80D
S2140259A0489049B9104605AC15F07DF8214612F02C
S2140259B0FBFA172818BF2646B9F1000F0AD1124B78
S2140259C01B781BB9284612F00CFBD0B92846FEF706
S2140259D0A1FA02E0284612F004FB80F00104E4B2C9
S2140259E09DF850302A4602939DF84C303146CDE958
S2140259F0009338464346039411F0E3F90BB0BDE832
S214025A00F0834C46ECE700BF4A6100200022014BBF
S214025A101A767047B455002008B50020FEF788FCB9
S214025A200023024AC2E90133538008BDB455002060
S214025A3010B5144B1B78033B012B16D8124BB3F848
S214025A4068204FF6FF739A420FD10320FEF7E6F85E
S214025A5001F052FFFFF7E0FF002014F00DFA78B1D4
S214025A60BDE81040002010F0F3BDFEF7C7F804466C
S214025A70FEF7BEF80146204607F01AF80220E5E7D0
S214025A8010BD00BF4F610020C854002008B5114A5F
S214025A90114B58611378032B1BD0D3B1332B01D093
S214025AA0432B10D10D4B1B78033B012B05D8032348
S214025AB01370BDE808400EF0A5BF0EF0A3FFBDE8C8
S214025AC00840FFF7B5BF21231370BDE8084001F078
S214025AD07DBD08BD4E610020B45500204F610020F8
S214025AE008B50348FDF7A0FFFFF796FF022008BDA2
S214025AF0F446002038B5114D04462B78834218BF71
S214025B0028700FF08CFB80B124B920460FF089FB79
S214025B1002220DE001200FF084FB2B781A1F012AC7
S214025B2005D9062BF4D1032202E0002CF5D101227E
S214025B30BDE838400021084611F083B84F610020C6
S214025B4030B5044685B068460D46FFF79FFE94B111
S214025B5000212846144A01F0F3FE144B20681B78F5
S214025B6061688DF80430124B1B788DF8053002AB55
S214025B7003C305F071F90F4B93F8582093F85A3087
S214025B808DF803208DF8023010F002FFADF8000009
S214025B9010F0E1FE1023ADF8060069460020064A22
S214025BA0FDF7BCFF05B030BD00F8FF07346B0020E0
S214025BB04F610020C854002064EE010010B5104B5F
S214025BC004461A780F4B002083F8582014F054F934
S214025BD010B1002010F03CFD00210846FFF7B0FF90
S214025BE00FF00FFB2046FDF749FA40F617400EF07D
S214025BF009FF0023044A1380044A138010BD00BF25
S214025C00E1610020C8540020825A0020805A0020F9
S214025C101FB504466846FFF739FE54B100238DF8D7
S214025C200530102369460020064AFDF777FF04B0C8
S214025C3010BD10F090FEADF8060010F0A9FEADF80B
S214025C400000EEE764EE010010B5014604460020AF
S214025C50FCF700FC90B10C4B1B78023B032B0FD8D1
S214025C600A4B1C7014F03CFC60B9094A0949FCF75F
S214025C7079FF003818BF0120800010BD5520FCE7D0
S214025C800220FAE74D20F8E74E610020E16100208D
S214025C900D850200BD5B0200F8B5064614F020FC36
S214025CA0044668B914F0E8F850B1064D204695F857
S214025CB0587085F8586010F0CBFC10B185F8587013
S214025CC04D20F8BDC85400202DE9F0418046184604
S214025CD0033B012B0E46174602D918B1212438E0A1
S214025CE0FFF708FF274B1D78022D08D0032D46D15B
S214025CF0B8F1000F03D1244B1B689B073FD4332017
S214025D00FDF78CFF01F096FAB6F1006F34BF1F4B19
S214025D10052231464FF0060038BF1A78FEF7FCFC23
S214025D20044628BB1A4D2873012000F017FE10F017
S214025D302FFE68802846B8F1000F0DD0022300F827
S214025D40043B11F091F86C732F61394630460EF021
S214025D509DFD2046BDE8F081012300F8043B11F0CA
S214025D6083F86C732F61394630460EF08EFDF0E7ED
S214025D702846FDF753FFB8F1000FF4D0E5E70224FA
S214025D80E7E700BF4E61002048470020616B002015
S214025D90B4550020034B187818B9034B034A1B78F6
S214025DA0D05C70474D6100204F610020D096040001
S214025DB038B5437B0446DB0703D590F909000FF09C
S214025DC01FFA00250F4B83F859502079FFF764FF1E
S214025DD0FFF7E0FF61882488034622462846FEF73E
S214025DE0ADFA044620B11720FFF750FE204638BD14
S214025DF01723054DC82105486B6114F033FA0323B7
S214025E002B76F3E7C8540020B455002044690020DE
S214025E10F0B51A4D06460C4693B0A5F8680005F193
S214025E206A0729BBC5F86A1079600EF029FD6A4632
S214025E3001460020FCF734FED5F86A30ADF8106053
S214025E40CDF812307B68CDF816300EF019FD6A4692
S214025E5001460020FDF7DAF84FF6FF73B5F8680042
S214025E60984203D014B106490EF013FD13B0F0BDEC
S214025E7008223846F5F7F8FBD7E700BFC8540020DB
S214025E80325500202DE9F041DFF8B8801F4698F819
S214025E90003005460C4616461BB102252846BDE8CC
S214025EA0F081531E052BF8D814F01AFB0028F4D103
S214025EB03B7B032B14D14FF6FE739C4212D1012E6C
S214025EC009D0022EE9D110F046FD4FF6FB73984238
S214025ED003D810F040FD044604E011F097F9FAE703
S214025EE0012EDAD0EDB939462046FFF775FC054695
S214025EF00028D3D198F80030332B03D0532B1CBF85
S214025F000E4B18613046FFF7F5FD00214FF6FF7085
S214025F10FFF77EFF0A4B1B78002BBFD012F047F824
S214025F20BCE7397B721ECB1E594259415042504142
S214025F3005F07CFF05460028D5D0AFE7B455002013
S214025F40626B00204E6100202DE9F04105460F46A7
S214025F50904610F000FD6B7B0446DB0703D595F9EF
S214025F6009000FF04DF910F0F6FC384B384E188049
S214025F7010F00EFD374B1880FDF73AFE364B1880B0
S214025F80FDF73CFE082201463448F5F76DFB10F09B
S214025F90A4FC334B18702879FFF77EFE0021688830
S214025FA0FFF736FFFDF726FF60B14FF6F672631E67
S214025FB09BB2934206D911F029F9B6F86830044626
S214025FC08342F8D0204610F0D2FC288810F0ECFC71
S214025FD04146B6F86800B847044628B91920FFF7C4
S214025FE055FD1920BDE8F081B6F8681010F06CFA7D
S214025FF000231C4D86F859302B7803F0FB03022B46
S21402600002D0204610F0CDFE002220461146FFF7B1
S21402601007FB0446B0B117236B61134B1B78042BA6
S21402602009D1C821114814F01DF903232B7684F0F8
S2140260300100C0B2D6E74FF416710C4814F012F9FC
S2140260400023F3E71720FFF721FDF0E7B25A0020FE
S214026050C8540020B05A0020AE5A0020E261002048
S214026060EA610020B45500204F61002044690020F8
S214026070F0B50C461E460B462049074689B004F189
S214026080140053F8045B834241F8045BF9D11B8881
S21402609002AD0B80D4F80E00D4F81210238803C584
S2140260A0ADF8103023798DF812208DF813300023C6
S2140260B03A468DF814304FF6FE71012002ABFFF718
S2140260C0E1FEC8B902A8FFF7C3FB237B4BB10C4D18
S2140260D00C4B01AA2946012001930FF06FF82A788B
S2140260E01AB92046FFF764FE03E020460199FFF73F
S2140260F02BFF08B9044B1E7009B0F0BDB45A00203D
S214026100B45500207F6E0300EB61002001232DE9C9
S214026110F341304E05460F4600202F49144673734E
S21402612000F0EAFB0FF06EF8DFF8AC8038B9012D0C
S21402613001D9042D0FD1214638460EF027FC102037
S214026140002111F04CFF00283CD0002002B0BDE830
S214026150F041FCF7AFBC002CF1D1204B1B78212B71
S21402616003D0062B01D0532B02D101F02FFAE6E71B
S214026170FDF740FE0028E2D000F0EAFB28B9307BAB
S214026180C0F11800FFF782FCD9E7154B41462046BE
S214026190019300F0B1FB20B140F61901114814F04A
S2140261A0B6FA01AA0B4998F80C000FF007F83278F5
S2140261B01AB90948FFF7FCFDC1E701990648FFF73F
S2140261C0C3FEBCE7FFF79EFA0028BED102B0BDE8C8
S2140261D0F08100BFB4550020B45A00204E61002062
S2140261E07F6E0300A04904001FB5144B04461B88AB
S2140261F0DB0707D44FF6FF700021FFF709FE0020E9
S21402620004B010BD0A230E4A012001A9FDF786FC40
S2140262104FF6FF73BDF80C209A42EBD00822FF21FE
S21402622001A810F026FB0028E4D10CB90120E7E70C
S214026230BDF80C0001A9FFF7EBFDF7E7CC5A0020EA
S21402624026E1010038B50C46154610F090FB02F028
S21402625053FF29462046FFF7DBFD00F079FB48B1E5
S214026260054BDB790E2B28BF0E230133DBB2034A24
S214026270137038BD0123FAE7B45A0020F7610020F4
S21402628038B51D46FFF7FEFD0446C8B92B7B2846E7
S214026290032B03D1BDE8384010F005BEFFF7D8FA4D
S2140262A0084B25469C8110F018FB0121064B8140C5
S2140262B01A780620FEF730FA044608B1034B1D7022
S2140262C0204638BDB4550020616B00204E61002088
S2140262D030B5012087B0FFF787FF6B460446144AA5
S2140262E01068516803C384B904F0C4FD02A8FFF71E
S2140262F0CDFA4FF6FF752246BDF80E002946FFF787
S214026300A1FF0EF0CAFA07B030BD6B46094AD2F8B2
S2140263106A00D2F86E10B2F8685003C304F0AAFD01
S21402632002A8FFF7B3FA6A46BDF80E00E6E700BF1A
S21402633034D20300C854002037B5324B04461B78CB
S2140263401BB10224204603B030BD14F0C9F8002861
S214026350F7D100F00DFB14B122882B4B1A800021D6
S2140263600DF10700FDF7D0FC002848D110F06DFDB6
S21402637004460028E6D1254D9DF80700FFF7BAFB34
S2140263802B78033B012B27D82046FFF72DFF18B3A7
S214026390FFF79EFF00F0FCFEFFF74AFB012010F01D
S2140263A066FA48B9184B1B889A0707D52346052272
S2140263B001201749FFF788FC0446C3E7154D022360
S2140263C029460120144AFDF7A9FB2B885B07B9D59D
S2140263D0204600F0F1FEB5E72B78053B012BB1D83D
S2140263E0FFF776FFFFF724FB2B78052B0CBF042064
S2140263F00520FDF713FC012010F039FADCE717241C
S214026400A0E700BF4E610020CC5A00204F6100205A
S21402641000F8FF077E5A002027E101007FB500241E
S214026420184E194D3278E3B29A4201D804B070BDC4
S2140264304FF6FF73B5F868209A421AD0134B1B88A2
S214026440DB0714D5124AB5F8683010685168ADF803
S2140264500C3001AB03C30F4A0A23002001A9FDF743
S2140264605DFB022300200C4A0C49FDF757FB013462
S214026470D8E700220821064810F0FBF90028F6D1DA
S214026480DCE700BF3F6B0020C8540020CC5A002037
S2140264903255002026E1010027E101007E5A002045
S2140264A010B500F0C7FE01F013FCD8B10E48FDF798
S2140264B0BBFA0E480E4C017A0E30FFF741FB2378EA
S2140264C01BB100F0F7F9002323700022094B1A7360
S2140264D0FFF7AEFA07F0B8F900F012FFBDE8104079
S2140264E0FFF79CBF10BD00BF44690020B45A0020CD
S2140264F0EB610020B455002010B52548FDF794FA4C
S21402650001F0E6FB30B1234B1B781BB9BDE8104007
S214026510FFF7C6BF01F0DCFB78B11F4C237E83B1C8
S214026520C8211B4813F09EFE0021237E0846013B2D
S2140265302376BDE81040FCF72BBBFDF75BFC00287A
S214026540EBD1FDF757FC154B1B7858B9112B03D02E
S21402655003F0FD03412B19D1BDE810400E4B5869DC
S214026560FFF794BA332BF7D10D4B188810F0FFF9CA
S2140265700C4B188810F018FA0B4B0C491888FFF7CA
S21402658047FC0B4B1878FFF787FBE5E710BD00BF0B
S214026590446900204A610020B45500204E61002064
S2140265A0B25A0020B05A0020AE5A0020E261002003
S2140265B0EA6100202DE9F04F0F4685B002AD044691
S2140265C029463846914611F09CFF4FF0000B824652
S2140265D03846CDF804B010F02DF84678022C8046E6
S2140265E006F0020609D85CB1FDF704FC0446002852
S2140265F048D1754B01241B7865E0043C022C3AD93D
S214026600FDF7F8FB38460FF08EFF00240546A0463D
S214026610DFF8D8A1384610F00DF850F809300DF121
S2140266200500019314F051F99DF807B00746B8F13A
S214026630000F4DD1BBF1000F5BD0DFF88C9199F8BB
S21402664000300BB1002E63D0002C61D05F4B1B785C
S214026650022B5DD1BBF1000F53D1384610F087F9FB
S21402666058465946FFF76CFA07F0EEF840F6074030
S2140266700EF0C8F934E010F0DCFBFDF7BBFB044675
S214026680F8B15C464EB1524B1B78012B02D0043B4C
S214026690012B0BD805B0BDE8F08F4B4B1B782BB106
S2140266A04B4B1B7803F0FB03022BF3D0BAF1000F1F
S2140266B0404608BF002511F017FF4FF0010882463A
S2140266C0A8E7414B1B78002BF0D0002EEED1E1E775
S2140266D0BAF1000FAED05046FDF71EFE0028A9D133
S2140266E0002013F0C9FB0028D4D000200FF0B0FF22
S2140266F0D0E74FF6F7739F429FD91720FFF7C6F9E8
S214026700EEE7FDF777FB48B13248FDF78DF9F4E77F
S214026710FDF770FB10B1BBF1000FF5D1FDF76AFB78
S2140267200028DDD02846FEF749FAFF28DFF89CA0AD
S214026730294C03D09AF80030012B04D12946B4F82C
S2140267406800FEF795FBFEF751FC2A463846B4F879
S2140267506810FFF777FD214B214A93F906301B029A
S21402676013809AF80030012B19D0312B14BF432323
S21402677011238AF800301B4B1648196813F072FD75
S21402678000F006FD0023124C99F80010237641B95A
S214026790104813F067FD40F61B436361A0E7112320
S2140267A0E7E7B8F1000F03D016B1FFF779FEF2E77C
S2140267B00D4B1B78042BEED10521064813F052FD33
S2140267C009232376E7E700BF4A6100204E610020D6
S2140267D0B455002044690020C8540020B45A002052
S2140267E0CA5A0020646900204F610020D16100204F
S2140267F070B508468CB00D460FF01CFF092200212A
S214026800064613F083FB044628460FF08CFE05224C
S21402681028460DF10F0304A90EF046F902281BD0F4
S2140268209DF80F3029461C440023E4B204F11002FE
S214026830365D01200093D2B20BF0C0FF60B1022E8B
S2140268400AD1064B1B78012B06D1054B187818B9CE
S21402685022462946FFF7AEFE0CB070BD4E61002000
S214026860B455002008B5084B187050B1074B1B886A
S2140268703BB14FF47A710648594313F0F3FC0020FB
S21402688008BD0120FCE700BF41610020E06A00204D
S21402689014460020014B188000207047E06A002052
S2140268A008B5FDF7C1F80022014B1A7008BD00BFFB
S2140268B04161002010B50024044B05481C80054B9E
S2140268C01C70FDF7B1F8204610BD00BFCE5A00205E
S2140268D068690020EC61002008B50348FDF7A4F8BB
S2140268E0BDE80840FFF7E6BF686900200148FCF7EC
S2140268F0ABBD00BFCE5A0020F7B5134B04461B783B
S2140269000E46EBB183421DD90021104814F041F81F
S214026910002501460D4F09B9012009E0AC4209D114
S2140269200024162322463046009414F0C7F8204668
S21402693003B0F0BD384614F050F801350146EAE7D8
S2140269401820F5E72720F3E7EC610020CE5A002056
S214026950014B1878704700BFEC61002025289DBFC8
S214026960024B187000202120704700BF636B002086
S214026970012307B51846064A0DF10701FDF7CEF8C2
S2140269809DF80720034B1A7003B05DF804FB00BFA6
S21402699029E10100E26A002084B010B502AC84E866
S2140269A00F00082224480DF11601089CF5F756F947
S2140269B038BB9DF815309B0705D4204B1B7803F097
S2140269C0FD03312B23D11E496378097803F00F02A9
S2140269D08A4203D0012928D1022A18D12278B2B9D4
S2140269E01B09022B13D194F90230002B21DB154B25
S2140269F0B3F86820BDF80A309A4208D1FEF790FF35
S214026A0006E0002208210C480FF033FF20B90020D0
S214026A10BDE8104004B070470B4BBDF808205B88F9
S214026A209A42C6D0002BC4D0F1E70229EFD1012A40
S214026A30D3E70120ECE700BFB85500204E610020E6
S214026A40346B0020C8540020B455002084B02DE9D1
S214026A50F0478EB016AC84E80F00DFF868C1564BDC
S214026A60BCF802009DF85D9010F001049DF96220CA
S214026A70BDF870E09DF875A09DF976709DF8785087
S214026A809DF97A109DF95E809DF860601B782FD084
S214026A909DF87D00C0F34004C0F38000002B44D074
S214026AA0464B1B78012B02D1002C00F08280C0B12D
S214026AB09CF800301E335BB2BB42ACBF00270127F6
S214026AC09845D4BF00230123BB4209D18A4208DB82
S214026AD00CD1A81BC0B280288CBF0020012000E089
S214026AE038460EB0BDE8F04704B070470020F8E71D
S214026AF010F0020F18D0C3B1490814BF01200020BD
S214026B00520814BF012300238342EAD1AB1BDBB237
S214026B10802B0AD9AE42E9D1B84506DB49D1CA452F
S214026B2094BF00200120DCE70BB90120D9E7AE4272
S214026B3016D002AC1CAF0FCF0FC497E8030044F880
S214026B40040B2180DDE91A0116AB0090ADF80410A3
S214026B500FCB0EF02CFB0028E7D1AE42B9D1C0E72E
S214026B60BDF8583073451ED008AC0DF1700CBCE869
S214026B700F000FC49CE8030044F8040B2180104C5D
S214026B80638873450FD10822211D0DF12E00F5F7FB
S214026B9065F8024638B90821201D0FF06AFE10B9C2
S214026BA06388002BC1D1B845BFDBC2D1CA45BCD869
S214026BB0BFE7204695E700BFEC6100204E6100204B
S214026BC0B4550020E26A002084B02DE9F04F8FB061
S214026BD06A4E18AC08AD84E80F001622002128463B
S214026BE0F4F7F0FC33783BB90024654B32781B7817
S214026BF09A4239D2002726E00021624813F0C9FEE5
S214026C0000270446B846DFF87C91002C45D13FB1F8
S214026C10224639465B480FF090FD3378013B3370CD
S214026C203378002BE0D0002156484FF0000913F0CD
S214026C30B0FE4F468046CA46DFF848B1B8F1000FAC
S214026C406CD1002FD1D01621002218A80FF00DFD0E
S214026C50014648B1002F00F08B80224649480FF0CB
S214026C6024FD337801333370454B32781B789A42D1
S214026C7007D94448002201880FF05FFD3378013BB4
S214026C8033703378012B03D13F49404813F0EAFAB8
S214026C900FB0BDE8F04F04B070470022214616231D
S214026CA02846CDF8008013F009FF1622294618A8B8
S214026CB0F4F7D4FF0028EBD09DF864209DF824302A
S214026CC09A4225D1BDF86020BDF820309A421FD1E5
S214026CD008220DF12E010DF16E00F4F7BFFFB8B9D0
S214026CE002AF0DF1600CBCE80F000FC79CE8030072
S214026CF047F8040B39800EAB13E903000090ADF899
S214026D00041095E80F00FFF7A1FE0028C0D0274622
S214026D102146484613F061FE044676E71623002213
S214026D2041462846CDF800A013F0C8FE02AF0DF18A
S214026D30600CBCE80F000FC79CE8030047F8040B82
S214026D4039800EAB13E903000090ADF8041095E805
S214026D500F00FFF77BFE074620B1B9F1000F04BF14
S214026D60444681464146584613F037FE804665E75C
S214026D703A46044813F013FE73E700BFEC610020A6
S214026D80636B0020CE5A002020BF020068690020F4
S214026D902DE9F04F002104469FB00DF1400816225F
S214026DA040460E91CDE90C11CDF83B10F4F70AFCE3
S214026DB0052220460DF11F0316A90DF075FE0228C6
S214026DC0074600F0F28020460FF034FC064613F029
S214026DD07CFD8146F01C13F078FDADF84000701D76
S214026DE013F073FD012FADF84200204640F0E0801C
S214026DF00FF020FC0546204613F048F90D35022315
S214026E002D1A0093214643460820EAB20BF0D6FC20
S214026E10002800F0CA8020460FF011FC012F83469E
S214026E209DF84D3040F0DC8000252F4643F00103EC
S214026E308DF84D3016AE3388022B4DD1F1782046B0
S214026E40023108F065F81B2846D1F1782046033156
S214026E5008F05EF819283FD1F1782046043108F090
S214026E6057F84A2838D14FF0050AF1782046013102
S214026E70514408F04DF8F17805905144204608F048
S214026E8047F8059B00EB032083B200F03F02932BEA
S214026E90059240F095800023F77821460237574442
S214026EA0FFB23A4600930CA80F2313F007FE07F131
S214026EB00F01204611F0FEF907F1110105462046A2
S214026EC011F0F8F9ADF84200059B023353445FFA1D
S214026ED083FA33795345C8D806360DF17603B342A2
S214026EE0A9D19DF84D20C5F3C03363F34102204675
S214026EF08DF84D200FF035FB8DF8440020460FF03C
S214026F0025FB8DF8450020460FF025FB9DF8323014
S214026F10BBF1190FC3F3C3028DF84720DDF8332007
S214026F208DF84600CDF84E20DDF83720CDF85220F9
S214026F3094BF00229DF83E208DF8482003F00302FD
S214026F408DF84A209DF84D20DB0963F38202694BD7
S214026F508DF84D201B78022B56D1BDF840600FF0FD
S214026F6017FD864250D108A80FF07EFFBBF1190F1D
S214026F7047D908220DF14E0108A8F4F76FFE002843
S214026F803CD1B9F5004F02D0B9F5624F0DD140F6AB
S214026F90FF7325F440459D4207D1002208210DF1DA
S214026FA04E000FF066FC00283ED01FB0BDE8F08F02
S214026FB00FF040FB0546204613F068F807351EE73B
S214026FC0412B81D1F17820460231514407F0A0FFCF
S214026FD0494B1B78C3F1B30318448DF8490073E795
S214026FE06FF30003F01D8DF84D3013F06EFC0CA904
S214026FF0054620460FF08AFF0B2772E700F058FD81
S214027000BFE700F055FDD0E7B9F5004F02D0B9F55D
S214027010624FCAD140F6FF7325F440459D42C4D163
S214027020BBF1190FC1D9B8E7BBF11A0F06D007F1A9
S2140270301F0142462046C9B20EF0BFF82F4C304D13
S214027040637BDBB12B78012B1DD1012323730CABA1
S214027050029314AC94E803000090ADF8041098E88C
S2140270600F00FFF799FC90B194E803000090ADF88A
S214027070041098E80F00FFF7A7FD08E0FCF7BAFE39
S2140270800028DFD0E1E703F0FD03042BDDD02B78E8
S214027090012B01D0042B88D11A4BDDF84E001B7849
S2140270A0DDF852108DF82230BDF84030ADF82030B1
S2140270B09DF84D30C3F340038DF823309DF83130F0
S2140270C003F00F038DF82C309DF848308DF82D30E4
S2140270D009AB03C30C4B1B681BB1414608A8984773
S2140270E063E79DF946209DF8451008A80DF04CFC74
S2140270F05BE700BF4E610020F3610020B45500201C
S214027100DA610020F2610020A855002010B513F0C5
S214027110F7FA114B1B78022B1CD1104A1468A042B6
S21402712018D00F4910600A68121B10440D4A0860F6
S21402713012786AB1013A93403C2253434FF47A7272
S2140271405343984206D9BDE810400320FCF766BDBB
S2140271500A23F3E710BD00BF4E610020404700201F
S2140271603C470020306B0020064B1B88DB0708D507
S2140271700022054B43F82020044A135C63F00F03F9
S21402718013547047D05A0020904500201361002007
S21402719008B513F0B5FA0022024B1860024B1A60CB
S2140271A008BD00BF404700203C470020014B18683E
S2140271B0704700BF3C47002008B50C48FCF734FC7B
S2140271C0FCF772FD80B10A4B0322B3F86810012067
S2140271D00EF013F84FF47A71064B04481B88594395
S2140271E0BDE8084013F03EB808BD00BF886900201D
S2140271F0C8540020C46A0020014B18800020704743
S214027200E66A0020044A054B1870138823F003032D
S2140272101843108000207047D05A0020316B00209F
S214027220034B1888C0F30E00003818BF01207047C1
S2140272307E5A002008B5FFF7F3FF30B1002004495C
S2140272400223044A0880FCF769FC002008BD00BF40
S2140272507E5A002027E10100024B1888C0F30E0078
S214027260704700BF7E5A00200023084A0120137090
S214027270074A08491370084B084A1B7843F0040370
S21402728013800223064AFCF749BC00BFEF610020C8
S214027290EE6100207E5A0020316B0020D05A00207A
S2140272A027E1010030B5012100240B2385B0104DE3
S2140272B0019400918DF80C308DF80D000323B5F87B
S2140272C0680003AA8DF80E4011F0ADF868B1B5F863
S2140272D068100FF0D8FE40B10522064B64211A70E2
S2140272E0054B06481C7012F0BDFF05B030BD00BF4E
S2140272F0C8540020EE610020EF610020A86900203B
S214027300064B1B78033B012B06D8054B1B781BB993
S214027310044B1878FFF7C6BF704700BF4F610020C6
S214027320ED610020306B002010B51548FCF77CFBA1
S214027330144B1978F9B9144A13787BB1013B1370D0
S214027340124B1B78042B02D10846FBF721FCBDE842
S21402735010404FF496710A4812F084BF0C4A128805
S21402736002F00302022A0AD1BDE8104003220120DD
S2140273700849FEF7A9BCBDE81040FFF7C1BF10BD23
S214027380A8690020EF610020EE6100204F61002016
S2140273907E5A002000F8FF07084B1A785AB10223DB
S2140273A0013A93404EF66022534303210448B3FB4E
S2140273B0F1F112F057BF42F21073F6E7306B00207D
S2140273C0A869002070B505461748FCF72DFB012278
S2140273D0164B28461A7011F04AF8411C044689B228
S2140273E0284607F095FDA11C064689B2284607F0F6
S2140273F08FFD0F4C02232080214600200D4AFCF709
S2140274008DFB86B9238803F00303022B03D1FFF713
S214027410BFFEFFF7C1FF23885B0704D5BDE87040B7
S2140274200548FFF7C9BE70BDA8690020EF610020BD
S2140274307E5A002027E10100886900202DE9F043EA
S2140274401F4C0546238889B0002B33D01D4E0021E1
S2140274504FF4807010F0A3FD3378DB0728D50121A6
S214027460208812F04BFE074620880FF0E3F8023021
S21402747013F02BFA05A98046208811F0DFF833783E
S214027480384613F0020F104B18BF0025B3F80090D1
S21402749012F018FE0646384612F0F8FDF6B20290D2
S2140274A0424606212846CDE9009605AB0DF028FA9D
S2140274B000232380054809B0BDE8F043FCF7B4BAC0
S2140274C0D65A0020F0610020D45A0020C869002055
S2140274D010B5044640F62140FFF7B0FF01214FF4F5
S2140274E0807010F05CFD78B10022084B1C80084BBF
S2140274F01A7007F085FEBDE81040064B1880064B52
S2140275000648198812F0AEBE10BD00BFD65A00203B
S214027510F0610020D45A0020C66A0020C869002004
S214027520044A137818B943F001031370704743F006
S2140275300303FAE7F0610020044B1B781BB9044AE8
S2140275401380FEF707B90020704700BFDE610020F7
S214027550D25A0020042230B501F0400387B0002B37
S214027560054614BF012400248DF80C208DF80D105A
S21402757004D004A910F031FD10B304ABCDE90043EA
S21402758001210223284603AA10F04DFF0446C8B183
S2140275900D4BB3F868100EF097FF4FF6F7739D4247
S2140275A009D9322202212046FEF73AF880F001007D
S2140275B0C0B207B030BD294620460FF064FDF5E79D
S2140275C00120F6E71920F4E7C854002010B5FFF7AB
S2140275D031FE04F031FA0FF0E2FB002010F0F5FC69
S2140275E012F07EFF08B1FDF729F9204C2378532BC1
S2140275F012D1032323700023FF2219460120FEF72F
S21402760063FB002012F038FC10B100200FF020F8C7
S214027610BDE810400DF0F5BD062B01D0212BF0D1B0
S2140276200120FEF7F5FA4FF6FE700FF0A0F94FF6BE
S214027630FF700FF0B9F90020FEF752FA0020FEF7AD
S21402764059FAFEF7E9F900F029FB0DF0DDFD237883
S214027650212B02D1FEF774F9D3E70020FCF7DEFAFD
S21402766000214FF4004010F08AFACAE74E6100206B
S21402767010B50A4C0A48FCF7D7F92378062B02D134
S2140276800120FEF7C5FA2378062B01D0532B03D12F
S214027690BDE81040FFF79ABF10BD00BF4E61002044
S2140276A0E86900202DE9F047DFF8C08004460E4660
S2140276B01746FFF7BFFD98F8005015B90220BDE83F
S2140276C0F087212DFAD0284813F091F90028F5D139
S2140276D014F0200439463046DFF894A0DFF8949080
S2140276E005F00F051BD00DF0D3F8012D8AF80070B7
S2140276F0A9F8006029D1212388F80030FFF766FF39
S2140277000020DCE7212388F80030FFF75FFF002126
S2140277104FF6FE70FEF77CFBFEF780FEF0E70DF0FC
S214027720B6F8012D8AF80070A9F80060EAD00623A0
S21402773021464FF6FD7088F80030FFF70BFF40F247
S2140277402621094812F08EFDE1E7532321464FF623
S214027750FD7088F80030FFF7FDFE40F22621024851
S21402776012F080FDCCE700BFE86900204E610020E1
S214027770F1610020E86A0020F8B50D460646511C65
S214027780284607F0C5FB044628460EF053FF05467A
S214027790023013F09AF8154B07461B78022B02D0DC
S2140277A0043B012B21D8124B1B68580201D5A106B7
S2140277B01BD5620619D50F4BB3F86830B34214D105
S2140277C06B781B070DD5284610F08EFEFCF7A4FD3D
S2140277D058B1314604F020000122BDE8F840FFF718
S2140277E061BF0FF0B8F8B842F3D0F8BD4E61002082
S2140277F048470020C854002073B504460D4613F0CF
S21402780052F9FF28034625D0134A12784AB1134A82
S21402781032F81020520404D510F0C8FB002002B043
S21402782070BD184610F0D3FB6946064610F0D5FB2D
S21402783040B1FCF7E7F928B1002302226946304638
S21402784005F0DCF8204645F0400102B0BDE8704085
S214027850FFF780BE0120E2E74A610020785A002046
S21402786038B505460EF0E6FE0446284610F0FFFD43
S214027870411C89B2284607F04BFB42060DD56378B9
S2140278801B070FD5204610F02FFE0146002013F0EE
S21402789008F9BDE8384010F089BB0348BDE8384017
S2140278A0FFF7E6BE38BD00BFE869002038B54FF6E0
S2140278B0FF75A842044617D00FF06AF8A04213D00C
S2140278C04FF6FD72094B198891420DD9084A128863
S2140278D0AA4201D0A24207D11C804FF47A71BDE8B9
S2140278E03840044812F0BEBC38BD00BFCE6A002045
S2140278F0EA6A0020D446002008B50448FCF794F84B
S2140279004FF6FF72024B1A8008BD00BFD446002015
S214027910CE6A002037B505460C4608236946012084
S214027920064AFCF7FBF815B19DF806302B700CB131
S214027930009B2360BDF8040003B030BD25E10100C2
S21402794007B508238DF80600ADF8041000926946C4
S2140279500020034AFCF7E2F803B05DF804FB00BF20
S21402796025E10100024A13780BB1013B1370704700
S2140279703F61002008B50FF017F800214FF6FF729E
S214027980054B08461A80FEF7DBF8BDE8084040F6CD
S21402799016400DF037B800BFCE6A002008B5FCF7D7
S2140279A043F80A4B1B78023B032B08D84FF6FE73AC
S2140279B0074A108898424FF6FF7301D1138008BD1C
S2140279C09842FCD0BDE80840FFF7D4BF4E610020C5
S2140279D0CE6A002010B5084B1B78042B0AD00EF096
S2140279E0BAFF002104460846FFF794FF231A5842BE
S2140279F0584110BD0020FCE74F610020F0B500267C
S214027A0089B00546CDE90566ADF81C6010F02FFD7D
S214027A100A23024604462946009605A813F04EF8A5
S214027A209DF815309DF814701F2B27D803A80FF069
S214027A301BFA08220DF1160103A8F4F70FF9064601
S214027A40E0B9092F1CD1FFF7C5FFB8B1144B1B785C
S214027A50A3B1144B1A884FF6FD739A420ED9124CF4
S214027A60124A23780433DBB223701278013AB3EB5E
S214027A70820F03DD58B20BF07FF8267009B0F0BD16
S214027A800A34E4B22146284607F042FA0FF07FFA9B
S214027A90611C284610F00EFCFFF708FFEEE700BF59
S214027AA0446B0020CE6A00203F6100202F6B00202E
S214027AB038B5134B1B78033B012B20D9114B4FF6DD
S214027AC0FF711B78ABB1104D2B888B4217D10EF08D
S214027AD05FFF4EF6602104460C4812F0C3FB4FF6D9
S214027AE0FE7322462B800021BDE8384009200FF0A5
S214027AF05CBA074A13888B421CBF0133138038BD19
S214027B004F610020446B0020CE6A0020D44600203D
S214027B107A5A002008B50448FBF786FFBDE80840FD
S214027B2000210846FBF734B8086A002010B5044660
S214027B3061B1FF210EF01FFD002120460EF021FD4F
S214027B400EF062FC014620460EF021FD2146BDE8FD
S214027B5010400022014812F022BF00BFDA5A00206D
S214027B602DE9F0410D46174604460EF063FD0678F1
S214027B702846FCF74DF92946804620460EF0A4FC1E
S214027B800EF0E9FEA84206D120460121FFF7CEFFFD
S214027B900120BDE8F0812846B8F1000F0AD0FCF7B4
S214027BA0B9F950B9144B3A462046BDE8F041197867
S214027BB0FDF736BD10F015FAF3E706F00306012EC0
S214027BC008D00EF0C8FE00232246294602F042FAEA
S214027BD00028D9D120460EF033FC430505D52046B1
S214027BE0BDE8F04100210EF0A8BF204610F0E4F9EF
S214027BF0B0FA80F04009CCE72E6B002010B586B0B4
S214027C00044610F034FC104B0246186819790290AC
S214027C10D3F805005B7A01328DF8143000238DF814
S214027C200C1004902146009392B2052304A812F089
S214027C3045FF052204A902A8F4F710F8B0FA80F06E
S214027C40400906B010BD00BF4896040008B51148AA
S214027C500EF0ADFD104B1B78012B06D8FF2010F05E
S214027C607EF9FDF7B1FB10F099F9FDF73BF801F04C
S214027C7091FCFFF7F9FA10F072FD07F0F1FDFDF73F
S214027C8049FD07F03DFB0CF005FEBDE8084002F09A
S214027C90D3BC00BF905500200C61002008B5F0F759
S214027CA05DFDFF2803D0094B1B78012B06D9002067
S214027CB010F055F9FDF788FB10F070F9FDF712F891
S214027CC001F068FCBDE8084002F0B6BC0C6100207A
S214027CD0064B1878112806D000F0FD00A0F14103EB
S214027CE05842584170470120704700BF4E6100203D
S214027CF02DE9F8430446FDF70FFB18B1002630467F
S214027D00BDE8F8834FF6FF78184BB3F86810414584
S214027D10F4D020460EF0D8FB154B022120461A88D6
S214027D20FDF77EFC06460028E8D020460EF082FCD0
S214027D3090F807900546043012F0C7FD07460EF08D
S214027D400AFE494602463846FDF7FEFAA81C12F01D
S214027D50BCFD404502D12046FFF7BAFB2B789B07B5
S214027D60CDD101212046FFF7E1FEC8E7C854002026
S214027D70D85A0020F8B507460EF05CFC05460430DB
S214027D8012F0A3FD0646A81C12F09FFD04463046DC
S214027D9012F089FE3046FCF73BF82B789B0701D1A0
S214027DA00EF0D9FDAB790BB90320F8BD0EF0D3FD6A
S214027DB0A0420CD10EF0CFFD0446094B21463846B0
S214027DC01A78FFF7CDFE0028EED00020EDE7054B2F
S214027DD01B78052B1CBF044BB3F86840EDE700BFC9
S214027DE0D85A00204F610020C85400202DE9F041E7
S214027DF0064610460D4610F03AFBA0F11004E7B214
S214027E0056FA84F42146EA1B04F10E00F3F72CFC22
S214027E102823DFF84480F35598F80030637301F0A6
S214027E20CDFB611C024601200DF003FA0822094927
S214027E30601DF3F719FC98F800000FF0FCFE05F140
S214027E400E0130463B460022C9B201F069FC122000
S214027E50BDE8F081D1610020496100202DE9F04F94
S214027E6087B004460EF0E6FB064620460EF045FBBB
S214027E700746301D12F029FD8146B01C12F025FD82
S214027E80384696F807A012F017FE33789A075FD1A5
S214027E902146042001F04CFD002859D0204610F05F
S214027EA0E6FA0146204607F033F8830750D120460B
S214027EB010F0DDFA0146204607F02AF810F0030318
S214027EC0039345D12046FFF799FE002840D020466E
S214027ED010F0A3FB451C204612F0F4F8EDB205F1B3
S214027EE00A0B83455DDA304A04AB1068516803C357
S214027EF0691C204607F00CF829468046204607F003
S214027F0007F800EB082059461FFA80F8204606F0CC
S214027F10FFFF8346039B2146AA1C009304A808235E
S214027F2012F0CCFD20460EF0E8FA5A4641460DF015
S214027F3072F90122404604A90FF0B3F988BB022069
S214027F4007F032FC013003D1404604A9F0F7CEFC1C
S214027F500EF001FD48453A46514607D10EF003FFA2
S214027F60F8B907B0BDE8F04F0FF04FB948460EF02B
S214027F70FAFEB0B90D4B1B781BB9394648460FF0CE
S214027F805AF83A4651464846FDF7DEF948B1317886
S214027F9011F0030105D1204607B0BDE8F04FFFF708
S214027FA0C5BD07B0BDE8F08F34D20300456100209E
S214027FB038B5114D2B78023B012B18D80DF02DF950
S214027FC00446B0B9FFF7A2F82B78032B07D1234655
S214027FD0FF2221460120FDF777FE012038BD21460B
S214027FE02046FAF7D5FD003818BF0120F6E717201D
S214027FF0F4E70220F2E700BF4E6100202DE9F743C6
S21402800005460E4614460EF025FA0C2828464AD196
S2140280100EF010FB0922002111F078FF00F110018A
S214028020C9B2284606F074FF042813D07C282BD049
S214028030012840F0AC8046B91321284610F03AF9E0
S21402804003B0BDE8F0430EF0AFBC03B0BDE8F043AA
S214028050FDF7DCBC5B4B1B78022B40F0988046B9E0
S214028060FFF7FAF8C3070AD5FFF792F8002C08BF05
S2140280703F26304603B0BDE8F0430CF027BCFFF7BE
S214028080CFF80028F0D0F1E7284612F01BF8044695
S214028090284611F0FBFF02463046E1B203B0BDE8C7
S2140280A0F0430CF011BC0EF0C5FA8046043012F014
S2140280B00CFC074608F1020012F007FC4FF6F773B5
S2140280C0984204460CD8404A138801339BB2138068
S2140280D00BB93E4A13801EB13C4A13880133138003
S2140280E098F8009009F00309B9F1010F1DD128464E
S2140280F010F0BDF90146284606F00AFF0B2809D003
S2140281000D2807D0042842D1284603B0BDE8F04324
S214028110FFF7A6BB2E4B1B78042B38D1002108464E
S21402812003B0BDE8F043FAF733BDB9F1000F2ED124
S2140281303146284603F05EFD4EB34FF6F7739C4277
S21402814025D898F80160204616F0040622D10FF0D2
S21402815016FF054620467DB10FF043FF034600BBDF
S2140281600C220090214638460FF033F90C220023E9
S21402817039462046009308E00FF033FF0346C8B99D
S214028180144A00901278214638460FF022F903B0BE
S214028190BDE8F0830FF025FF034678B90B22009066
S2140281A0F1E7062233462146384600960FF011F9CB
S2140281B00622DCE72B4600950622E4E74B46CDF87E
S2140281C00090F9E74E610020825A0020805A002073
S2140281D04F610020656B00202DE9F04F05888BB0BB
S2140281E0044628460EF026FA0746043012F06DFBC7
S2140281F08146B81C12F069FB05A98046284610F095
S21402820080F9284610F033F901460646284606F05D
S2140282107FFE3B78824603F00303012B0CBF8346A6
S2140282204FF0FF0B12F067FAE388019002930EF00C
S21402823092FBFB7900904846039300F081FF0028EA
S21402824076D1404600F07CFF002840F08880FDF79B
S2140282502BFB8046FBF7CEFD10B9FFF739FD30B198
S214028260A8F104085FFA88F8B8F1020F1BD90BF0E0
S214028270FD03042B00F0B380FFF72AFD20B10AF0BD
S214028280030ABAF1010F0ED0FBF70EFD28B9714BA7
S2140282901B7803F00F03062B68D16F4B2846B3F802
S2140282A068100EF011F9BBF1010F63D128460EF0EB
S2140282B0F5F84FF6FF73984240F09180002331465E
S2140282C0284607AA0FF063FE0746002842D04279E6
S2140282D09DF82530934209D9711D284689B206F0C9
S2140282E02BFEA37823F00F030233A3700CF0CBFA15
S2140282F07E23B0FBF3F202FB130303F58073A38025
S2140283009DF8263013F0180F0AD0A3781B0707D162
S214028310009B4B4504D048467A7905A90CF0E8FA4A
S2140283209DF82700003818BF01200BB0BDE8F08F7B
S21402833028460EF07FF9023012F0C7FA4FF6F773AE
S214028340984207D9039B2BB92846FFF757FC00280B
S2140283507FF477AFA37823F00F03A37008E04046BC
S21402836012F0AAFB00287FF472AFF3E72823A3805B
S2140283700020DAE7BBF1020F54D10123314607AAE7
S21402838028460FF004FE80460EF0E5FABDF82230CD
S21402839098421FD1B8F1000FDCD00122B8F80230A3
S2140283A0314628460FF0F1FD2C4A13780133DBB232
S2140283B0FB711370B8F80230BDF81E209A421FBF38
S2140283C0A37823F00F030233A3704FF4C873A3807D
S2140283D00120AAE7184612F06FFB0028DAD12846D9
S2140283E00EF05CF812F008FB012808BF1C4BA278BE
S2140283F009BF1B78FA2303EB830303EB830302BF55
S2140284009B00FA339BB21209A4D1DDE90121521A6C
S21402841092B293429ED30CF036FA00F01F00103050
S214028420A080D5E7BBF1030FD9D1009B4B45D6D12F
S214028430711C284689B206F06BFD0C28CFD1FCF7DA
S214028440FFFD4FF6FF7398420146C8D028460EF04D
S2140284503BF8C4E74E610020C85400204C6100205F
S2140284603D6B00202DE9F04105460C460DF0F2FF6B
S214028470082802D10120BDE8F081201D12F025FA5D
S2140284800646284694F807800EF037F80746284630
S2140284900DF0D6FF010612D5184B1B78042B0ED111
S2140284A0174B1B78022B0AD1164BB3F868204FF6EF
S2140284B0FF739A4203D000210846FAF769FB124B73
S2140284C01B78002BD6D1A01C12F0FFF94FF6F773DB
S2140284D0984202D86378DA070DD523789B070AD12B
S2140284E03A46414630460EF03EFC80F00100C0B2ED
S2140284F000F00100BFE70120FAE700BF4F6100204D
S2140285004E610020C8540020F66100202DE9F04F8D
S2140285109DB004460DF09EFF054620460DF09AFFDC
S214028520082869D14FF400432046ADF85030ADF824
S2140285305C4011F0C7FDBDF85C20A0F11005EDB25D
S21402854010461023002100950FF0A1FE294617A819
S2140285500FF075FE204611F099FD0AF023FB00236A
S21402856021461A460C2000930AF028F998B32046B2
S21402857011F08CFD14A902461020FBF779FF0501C5
S214028580204611F083FD14A902464020EDB2FBF707
S2140285906FFF10B120460CF07FF9204611F076FDF1
S2140285A014A902468020FBF763FFB8B99DB11025D7
S2140285B017A805F067FF2046BDF8507011F082FD3F
S2140285C00646204611F062FD29460090F3B2384670
S2140285D017AA0CF0F7F91DB0BDE8F08FBDF85030C1
S2140285E017A8ADF85E40ADF85C300CF00EFE002821
S2140285F0DCD145F08005DBE720460DF06BFFB0F5D9
S214028600006F40F0058120460DF077FF0646042DE8
S21402861040F0018120460DF013FF80F40060C0F3A5
S214028620C02000223146400012F018F9944B1A7806
S214028630022A0DD0FFF74CFB50B902F0FD03312B96
S21402864006D0043A012A03D98E4B1B78002BC2D0DF
S2140286502146022001F06CF905900028BBD0204686
S214028660ADF846400DF0E6FF0446BDF846000DF0B4
S21402867044FF0646201D12F028F9A31C834618461E
S214028680039312F022F912A90746BDF846000FF02E
S21402869038FF63780690BDF8460094F80080089389
S2140286A00FF0E5FE6378054608F0030830460C93A3
S2140286B0FBF7AEFBB8F1010F0CBF032302230E93A8
S2140286C0714B08BF4FF00B091E80237818BF4FF07E
S2140286D00A0903F03C03082B0D907FF47CAFBDF82B
S2140286E0460011F0EFFCA8427FF675AFB8F1010F15
S2140286F003D023789B077FF46EAF644BB3F86830E1
S214028700B3420DD1624A634BB2F9001093F90030BE
S214028710002900F0A58001EB0313A3EB21131380BD
S2140287204FF0010AA5F11003DBB20A938DF845302B
S21402873010224846BDF84610CDF800A00DF14503BC
S2140287400AF03CF800283FF446AF089B13F00203F9
S214028750099300F00981504B1B78002B3FF43BAF86
S214028760BDF8469048460FF082FE00230790484622
S214028770CDE917331993ADF868300DF0BEFE079BAE
S214028780039003F10E01484689B20FF043FE00281B
S21402879070D000234946079A009317A80E2312F0BA
S2140287A08DF950460DF15D010CF051FD9DF86930D2
S2140287B00B9004939DF85C30282B5BD10DF1610081
S2140287C0FBF7AAFD0F90002854D104980FF033FA55
S2140287D00F9B002866D1314B049A1B78D31A1C06CD
S2140287E048D404F059F950453CD111F089FF2C4E7B
S2140287F00546346824B104F055F92C1B844239D35B
S2140288000023FF2219461846FDF75EFA356031E06E
S2140288104FF6FD76FBE64FF6FF70301A18BF0120C2
S21402882000223146400012F019F80C2D0DD12146D7
S214028830012001F07DF800283FF4CDAE214600204D
S2140288401DB0BDE8F04FFDF7D3BF2DB920461DB0D1
S214028850BDE8F04FFEF79CBA042D7FF4BCAEE5E609
S2140288601B025CE704F018F9022803D104F0F6F8BC
S2140288700028BAD000221920039911F0EFFFAAE6C9
S2140288804E610020F6610020F65A0020C8540020EF
S214028890CA5A0020F36100204A6100204961002084
S2140288A0D855002010214846079ACDF800A00FF0B0
S2140288B012F80028DED0BB4B049A1B78934240F095
S2140288C0AA8003990DF1610214A811F09BFD012103
S2140288D014A8FBF7F5FA824648F2030114A8FBF740
S2140288E063FBBAF1000F03D0082114A80CF052FC67
S2140288F048460FF0DAFD03990DF16100FCF72AFCF9
S214028900FE288246B6D0FF280AD1039812F0BAF89B
S214028910FF28824600F087800DF16101FCF7F4FA29
S214028920A04B049A1B78934200F0A38050460B9902
S214028930FCF7F6FB00283FF44EAE50460B99FCF7C8
S21402894001FC237898070FD148460FF090FD0146A8
S214028950484606F0DDFA00F00300012804D1039829
S2140289600DF16101EFF7C2FFBDF846000DF068FD9C
S214028970010440F18580204611F0A7FF40F4007103
S21402898089B2204611F0A3FF00224FF40041BDF841
S21402899046000DF046FDDDF81490012310220093E8
S2140289A0BDF846100E980DF1450309F007FF0028A2
S2140289B03FF411AE032866D1204611F086FF40F43C
S2140289C0007189B2204611F082FF304612F074F828
S2140289D0002840F0B680DDF81490B8F1010F40F0A0
S2140289E0B6800320BDF8461000F0A2FF002840F033
S2140289F0AE802946BDF8460006F08AFA0F280146E0
S214028A007FF6E9AD4FF6F7739F423FF6E4AD304688
S214028A100EF07EFBDFE55046049903F085FA002847
S214028A207FF44FAF26E7237803F00303012B08D128
S214028A3048460FF01CFD0146484606F069FA08282B
S214028A4092D0594B1A78594B1B789A4209D20DF19B
S214028A5061010398FCF70CFA039812F013F88246A9
S214028A605EE7A01C11F031FF4FF6F7739842EED97D
S214028A7000E75046FCF7CEFB00283FF457AF5CE712
S214028A804FF0000989E7304612F016F80028A4D005
S214028A90099B002B57D1B9F1000F52D1B8F1010F43
S214028AA0BDF846009DD0294606F032FA8246DFF827
S214028AB0089199F80030002B54D00DF04CFF8742F5
S214028AC07FF489ADB8F1010F7ED1BAF1070F75D8E0
S214028AD0BAF1050F7FF67FAD354B1B78022B02D01D
S214028AE0043B012B03D899F80030002B41D00C9B95
S214028AF09A0640F1B4800D9B002B40F0AC803046C5
S214028B0011F0D1FFFF2840F0A6805E457FF463ADEA
S214028B10069B002B00F09D8012AB46F20402012455
S214028B20ADF85C200193214602233046009417AA32
S214028B300FF079FC00283FF44EAD21460DF0FDFF04
S214028B4049E5DDF8149030460FF033FA45E729463A
S214028B50BDF8460006F0DCF9099B824613B9B9F166
S214028B60000FA4D0124B1B78022B02D0043B012B21
S214028B70BDD8304600F0E4FA814600287FF42BADDB
S214028B800DF0E9FE864225D10A4BB3F868400DF097
S214028B90E2FE4B4601460D222046CDF800900EF02E
S214028BA018FC18E549610020486100203E6B002051
S214028BB04E610020C85400204A610020AAF10E032C
S214028BC0DBB2012B88D906E50AF00303012B7FF4FA
S214028BD002AD81E7304611F06FFF58B90DF0D8FEAE
S214028BE04FF6FF73984205D011F07AFC10B9304662
S214028BF0FCF7E4F8304611F05FFF88B10DF0C8FECE
S214028C004FF6FF7398420BD011F06AFC40B9B8F1E8
S214028C10010F02D1BAF1060F02D030460FF0C8F9A2
S214028C20069BA3B91946012258460EF03AFB814626
S214028C3000287FF4D0AC20460FF056FC4A46014688
S214028C4038460EF02EFB00283FF451AFC3E412A9BB
S214028C50E9E7069B61E7637823F0200363704FF62B
S214028C60FC739F423FF4B7AC4FF6FD739F4204D1AC
S214028C70B34B1B78042B3FF4AEACA3790BB1013B8C
S214028C80A37163785B0727D50023584617AA14A951
S214028C9017930FF06EF91798F0B10FF063F981464B
S214028CA0384611F000FF179A0146137903F0300098
S214028CB0102806D003F00C0008281CBF23F00C0373
S214028CC01371137903F03303202B05D1FF2903D048
S214028CD0012248460FF055F9304611F0E4FEFF280F
S214028CE01EBF0022974B43F82020089B03F0010981
S214028CF04FF6F7739F4200F2F980B9F1000F40F089
S214028D000181314658460EF096F90DF024FE874250
S214028D1000F0C680384611F0CFFE002841D0B8F1E8
S214028D20010F27D1BAF1010F17D14A462946BDF8DD
S214028D3046000FF029F9384611F0BEFE824B1B782A
S214028D40002B72D1584611F0B7FE002866D138467D
S214028D5011F0B2FE002861D13DE4384611F0ACFEB7
S214028D6050B3BAF1030F27D12946BDF846000EF0DC
S214028D7068FB30E4384611F09FFE38460FF031F9B2
S214028D80002847D0002339465846BDF8462001F051
S214028D9061F900283ED00021BDF84600FEF7C6FE67
S214028DA019E4384611F088FE18B1B8F1010FD8D090
S214028DB0E3E7B8F1010FE0D1634B1B78002BC1D07B
S214028DC0BAF1050F31D10DF0C6FD8DF85C000DF03D
S214028DD0C2FD000A8DF85D000123022217A90DF1DB
S214028DE04600FAF775FD00287FF4F5AB691C89B2D8
S214028DF0BDF8460006F07AF803780133037063780C
S214028E00590715D40DF0A7FD834522D00022394616
S214028E101C2032E54C4B1B78002B93D0B8F1010F87
S214028E20CED063785A0714D502E06378580718D56F
S214028E30BDF8464020460FF0DCFA411C89B22046B7
S214028E4006F054F80378B8F1010F03F1FF3303700C
S214028E5004D0BDF84600FEF78DFF09E0BAF1050F13
S214028E60D0D0BDF84600FEF785FFBAF1030FCDD08D
S214028E700228CBD10021584617AA0FF07DF830B150
S214028E800379468003F03C0343F04003037100235A
S214028E902E4A00933946584612780EF09AFAB5E7EB
S214028EA0B8F1010F7FF477AF0AF1FF330C2B00F213
S214028EB0868001A252F823F0198F0200198F020051
S214028EC0698D02002F8F0200518F0200D7850200A3
S214028ED0758F0200858F0200918F0200918F02002B
S214028EE0D7850200A78F0200B38F0200B8F1010FE8
S214028EF071D0B9F1000F08D1BDF84600FEF7AEFFFB
S214028F00FFF769BBB8F1010FCED0237A03F0030353
S214028F10012B7FF460ABEFE7AAF102035A4229461F
S214028F20BDF846005A410FF02FF8FFF754BB2A4609
S214028F305846BDF84610FEF71FFCFFF74CBB00BFB5
S214028F404F61002090450020426B0020656B002098
S214028F50691CBDF8460089B205F0DAFF0235EDB2AB
S214028F600246BDF846305846009512A906F0D4FDD2
S214028F70FFF731BB01200A9ABDF84610FDF71AFB2F
S214028F80FFF729BBBDF846000FF004F8FFF723BB36
S214028F90BDF84600FEF732FDFFF71DBBBDF84600E2
S214028FA0FEF72CFDA8E7BDF84600FEF70BFAFFF722
S214028FB012BBBDF846000CF022F9FFF70CBB2B469D
S214028FC022465046BDF846100CF0EFF800287FF413
S214028FD002AB51461BE50AF1FF330C2B3FF6FBAA08
S214028FE001A252F823F000BF198F0200198F020067
S214028FF0698D02002F8F0200518F0200D785020072
S214029000758F0200858F02009D8F02009D8F0200E1
S214029010D7850200A78F0200B38F020010B5002189
S21402902011480DF06BFB0446E8B10DF08FFA0F4BBA
S214029030187020460DF08FFA0D4B187020460DF072
S21402904090FA0C4B187020460DF090FA0A4B1860F6
S214029050012011F059FB2046FFF758FABDE81040F0
S214029060002011F051BB10BDA85A0020F461002068
S214029070F3610020F2610020D055002070B5144E36
S214029080044633680D46BBB10DF0E4F90C2813D143
S21402909020460DF0CFFA09220021044610F036FFD2
S2140290A0235C042B08D10B4C25B10B4B22781B7882
S2140290B09A4203D300232370002070BD074831680C
S2140290C011F0D0F82378012001332370F5E700BFB2
S2140290D0D4550020F5610020646B0020086A002049
S2140290E0014B93F901007047CA5A0020014BB3F8AE
S2140290F068007047C854002070B500240D4D2C70CF
S214029100EFF706FAE6B2B04208D800220A4B1A7007
S2140291100A4B198801B11A80012070BD304611F041
S214029120C8FCC30748BF2B7804F1010444BF0133CF
S2140291302B70E5E747610020406100207C5A002042
S21402914038B50B4B05461B7873B101335C08094BE7
S214029150188810F09BFF002330F81320AA4205D08F
S2140291600133DAB2A242F7D3002038BD0120FCE771
S214029170406100207C5A002030B5054685B008467E
S2140291800C4611F092FCFF280CD00EF03FF801229C
S21402919000210346CDE90112009221462A46072005
S2140291A0FCF7F6FB284611F07EFCFF2804460FD09B
S2140291B011F07FFCC2070DD5204611F07AFC83071A
S2140291C008D40B4A32F8143043F4806322F8143081
S2140291D005B030BD0EF01AF8012200210346CDE993
S2140291E00112009207202A46FCF7D2FBF0E700BFE6
S2140291F0785A00204FF6FA72431E9BB2934270B51D
S21402920004462AD8FFF79CFF38BB194B1B78042B61
S21402921023D0204611F036FCFF2801D0FBF7FEFCD7
S21402922020460EF0A1FE08B10EF098FE2046114E22
S21402923003F0ACFE20460BF059FB31780E4D69B1B7
S214029240288810F023FF054601461E220230F2F758
S2140292500BFA2C8033781E2B07D970BD202010F015
S21402926089FF28800028EBD1F7E702333370F4E752
S2140292704F610020406100207C5A0020044A137887
S2140292802BB1013BDBB213700BB9024A1380704755
S214029290406100207C5A00200148FAF7D5B800BF8A
S2140292A07C5A00202DE9F047804617460D468CB0C2
S2140292B061B903AE00211B4811F06BFB4FF00009A9
S2140292C00446DFF860A01CB920461DE00E46F1E712
S2140292D00022214624233046CDF8009011F0EEFB02
S2140292E0082241463046F2F7B9FCA8B9337C9BB94E
S2140292F06FB945B92A4621460A480DF01EFA0A4AAF
S2140293001388013B138001200CB0BDE8F0873B8830
S214029310B28953405B06ECD52146504611F05DFB00
S2140293200446D0E7DE5A0020DC5A0020024B18889A
S214029330003818BF01207047DC5A00202DE9F043A0
S21402934030488DB0FAF770FB11F0DAF92E4D2B6823
S214029350C41A4FF47A73B4FBF3F4A4B214B111F046
S214029360CFF92860294F4FF6FF763B88DFF8A080BA
S214029370ADF80A3000233B8000210DF10A000DF003
S214029380BDF9054658B9224B1B882BB14FF47A71AA
S2140293901C48714310F066FF0DB0BDE8F0834FF035
S2140293A0000924234A462946CDF8009003A811F066
S2140293B085FBBDF81A30A34294BFDB1A1B1B9BB277
S2140293C0ADF81A3063B9BDF818301B0602D50898F6
S2140293D00BF0F9FCB8F80030013BA8F80030CBE7F8
S2140293E09E4228BF1E4601234A462946009303A8EA
S2140293F0242311F063FB4A462946384611F0CFFA79
S214029400BAE700BF74460020DC550020DE5A002072
S214029410DC5A0020F0B504462E4A8DB0106851681A
S21402942001AB03C3A378012B4FD1162200210DF105
S2140294301A00F2F7C7F8D4F82110D4F81D0003ABCF
S21402944003C32388190644BF62680892DA050BD55F
S214029450221D08AE04F1140735461068516808321A
S21402946003C5BA422E46F7D1ADF8183013F00403FE
S21402947018BFA3690593EFF763F80023ADF81A0047
S214029480082201A903A88DF81C30F2F7E7FB18B1F1
S21402949006A903A80EF055F90022242103A80DF010
S2140294A0E4F8044698B10020FFF748FF0022214660
S2140294B0094811F074FA094A002013880133138010
S2140294C0FFF73CFF00200DB0F0BD0220FBE719209D
S2140294D0F9E700BF34D20300DE5A0020DC5A00202F
S2140294E0F7B5044600200E46FFF728FF104B1B88F0
S2140294F0A34202D8212003B0F0BD00210D4811F08E
S21402950048FA002501460B4F0029F3D0A54208D1A0
S2140295100024242322463046009411F0CFFA204637
S214029520E9E7384611F059FA01350146ECE700BF83
S214029530DC5A0020DE5A00200148F9F785BF00BF3A
S214029540DE5A0020014B1888704700BFDC5A002004
S21402955070B50C4611460E4A23781278064613F06A
S214029560200542EA0302227018BF611D0822F2F7A4
S2140295707BF8002D0CBF05200D20D4F80130B36017
S2140295802378337303F01803082B08BF013070BD2D
S2140295904A610020042307B501200DEB0301054AAA
S2140295A0FAF7BCFA019B044A1B03136003B05DF88A
S2140295B004FB00BF63E511003847002010B5064CD7
S2140295C02368C3F30B0313B90448E3F733FC20689C
S2140295D0431C236010BD00BF3847002063E511001E
S2140295E0014B1868704700BF3847002007B50020B7
S2140295F0054B064A186004230DEB03010190FAF7A7
S2140296008DFA03B05DF804FB3847002063E51100CD
S2140296107FB511230A4A012001A9FAF77FFA094BFE
S2140296209DF814201A70084B1B780BB1052B05D138
S2140296300BF028F9012007B05DF804FB0020FAE7DA
S21402964079EB0100496100204A6100202DE9F04FC4
S2140296500646CBB0884600880121174610F04EFD1C
S2140296602E4B3A463188ADF8160006A80EF008F9D9
S2140296700DF1280B5A464146C41930880EF08AF876
S214029680E4B208EB0003A34208BF044605464FF0C7
S21402969004091CBFA4EB0804E4B223465A4601217F
S2140296A0CDE900090BEB050ACDF808B02D1B06A87C
S2140296B0EFF776FBEDB20BEB04030093019523461E
S2140296C05A46414630880EF093F83488394620468A
S2140296D005F01EFC394600F0F802204605F02CFC88
S2140296E00121308810F00AFD01234A46514680B116
S2140296F00DF11600FAF7ECF801210446BDF8162023
S214029700308810F00FFDB4FA84F040094BB0BDE883
S214029710F08F3046FAF7DCF80446F4E7D161002011
S2140297202DE9F04FC9B0044688469246C118224A2F
S21402973004A81F46FFF70CFF4FF00409C519EDB247
S21402974008AB0293A5EB0A0BA8EB0A035FFA8BFBA6
S214029750A8EB0506DBB2F6B204EB0A02009301217F
S2140297605B46CDF8049004A8EFF71AFB06F5907353
S2140297700DEB03025A44A2F58072136808A844F857
S2140297800830E35D324623F00703E3552C442146B6
S214029790F2F7A8F808ABCDE9019308AA0023012145
S2140297A0009604A8EFF7FCFA3246204608A9F2F71C
S2140297B099F849B0BDE8F08FD1610020F8B50646A9
S2140297C00EF02BFF811C054689B230460EF022FEB3
S2140297D0F0B1EDB12946304605F09AFB122807464D
S2140297E016D80C4B691C1C5C89B2304605F090FBFF
S2140297F02C44052FE4B205D1052809D8064B1B5C7C
S2140298001C44E4B221463046BDE8F8400EF002BEE3
S2140298100020F8BD8A96040084960400F8B5054632
S2140298200EF025FE044628460CF004FFA11C07464F
S21402983089B228460EF0EEFD00283ED0002C3CD021
S2140298402146284605F064FB0646611C284689B276
S21402985005F05EFB0F2E30D8194B9B5DE118731E88
S21402986089B2092B0ED8DFE803F009050D0D120D9B
S2140298700D181E1EC40644BF083189B2820601D5E1
S214029880083189B22846BDE8F8400EF0C3BD7B78A1
S214029890DB0612D501EB4001F3E700F01F0000EBF8
S2140298A040000144EDE71F2805D8092E0ABF4000F4
S2140298B0022080B2F5E7C828E4D00020F8BD00BF39
S2140298C09D960400F8B506460CF0B4FE0922002167
S2140298D0054610F01BFB00F11004284610F0F5FFB9
S2140298E0E4B207462146304605F012FB05463046EE
S2140298F010F0E8FBBA05A0EB0403DBB20AD47C2D19
S2140299000AD0082D0AD8064A505D98428CBF00201D
S2140299100120F8BD1220F8E70320F6E7FF20F4E75F
S214029920AE960400014B1878704700BF666B0020A5
S21402993038B5114B04461B7808469BB9012038BD42
S214029940A24205F101050FD103EBC1035B689847FC
S2140299500028F3D11E2022464FF6FF7110F07EFF3C
S2140299600020ECE70025054BE9B213F83120002A67
S214029970E6D11446EEE700BF666B0020549604005C
S2140299804FF6FF7307B502220DF106010348ADF844
S2140299900630E3F78BFA03B05DF804FB603202E0B0
S2140299A0002307B5ADF80430134B984221D10B883B
S2140299B0DA0703D5232003B05DF804FB9B0748BFF4
S2140299C04FF47F434FF002020C480DF1060148BFE8
S2140299D0ADF80430E3F73EFA4FF6FF73BDF8062003
S2140299E09A42E7D10222054801A9E3F75FFA00206E
S2140299F0E1E72120DFE700BF1FD1BACA603202E0EA
S214029A00002313B50222038004460DF106010F4817
S214029A10E3F720FA2D2801D0112805D14FF6FF735F
S214029A20ADF80630FFF7ACFF9DF80630BDF806200D
S214029A301BB1238843F0010323800020FF2A82BF44
S214029A40238843F00203238002B010BD603202E096
S214029A50034B1B78002B14BF442056200E30704751
S214029A604A6100202DE9F04F8DB0179C06468946C4
S214029A70CDE90223BDF85870D588ADF816103CB96A
S214029A80EC0605D500970BF02EF80DB0BDE8F08F6A
S214029A90C5F380242B054FEA043448BF44F400641F
S214029AA0A80511D544F080040A2E00F26981DFE889
S214029AB016F09A002F00170037006701670137007B
S214029AC010009A0037009E00E90548BF44F04004A3
S214029AD0EAE74FF001084FF0020B4FF0000A14E0DD
S214029AE008A95FFA89F00EF007F9DDF82500DDF81F
S214029AF0291006AB03C3A44B33F81930ADF8163061
S214029B004FF00008C3460DF1180A002F5DD125E07C
S214029B1006AA0DF116015FFA89F003F017FAEFE7CD
S214029B204FF6F773994540F22B8115F4026F40F019
S214029B302781964B1B78022B03D0043B012B00F2A5
S214029B40218147BB032E4FF001080CBF4FF00C0BD0
S214029B504FF0080BBA4624F4C074A4B28C4B188893
S214029B604FF6FF73984206D08A49FAF767FB10B1A0
S214029B7024F48054A4B2039B38460093BDF8162002
S214029B80534644F4027105F0EBF9ADF820000028C4
S214029B9038D1192079E7384610F094FA0246FFF7D2
S214029BA057FF032E08BF0138824201DD38206CE7DA
S214029BB0032E4FF001080CBF4FF00C0B4FF0080BB2
S214029BC04FF0000A24F4C074A4B2029B1B889BB90F
S214029BD01A4639460620009308F013FE0028BDD127
S214029BE040F6014051E74FF00008C34675E74FF0D4
S214029BF001084FF0030B70E7002339461A46072088
S214029C000093E9E74FF6FF73614A118899421CD028
S214029C100CF010FD03465E4A04301188039310F0E0
S214029C2056FE5D49039B097814F4805FD971594941
S214029C30574A1FBF086898604868D8604FF6FF7397
S214029C4013804FF0FF330B604B605946029A08A808
S214029C5005F03AFA00289CD0504C2378002B3CD1D1
S214029C60A7B1384610F02EFA0746BDF8200010F0CD
S214029C7029FA23780744002B14BF12220022EB1085
S214029C8003F0040317443B44842B8FDC15F400577F
S214029C900AD0BDF8204020460CF0D2FB40F480618A
S214029CA089B220460CF0B7FBA6F10803012B05D8B3
S214029CB001221021BDF820000CF0B3FB179BBDF863
S214029CC0204043B32046BDF816100CF0FDFBBDF84D
S214029CD02030179A00201380D7E6AA06C0D56B015B
S214029CE003F020030A2E14BF43F0010363F07E0341
S214029CF0DBB2B8F1000F08D000215246009108A846
S214029D0000F082FE0028ABD0BFE61A46514608A8ED
S214029D100DF0E1FEF6E720460EF0A9FB179B024681
S214029D2021460420009308F06CFD00283FF458AF4B
S214029D300A2E18D84FF4D963F340DB0713D5072E43
S214029D400AD00A2E08D0BDF820000DF084F980F063
S214029D500100C0B2800098E608A80BF033FA00288B
S214029D60F1D0042091E617B125F04005ADB22B469E
S214029D703146BDF820005FFA89F201F07DFE84E6E6
S214029D80012082E6162080E6AC5900204E610020B3
S214029D90EC6A0020676B0020016200204A61002006
S214029DA0F7B50F469DF828100446DDE90B061D465A
S214029DB0F1B94FF6FF739C421CBF174B1C804FF045
S214029DC000041CBF154B1A70BDF8240005F012FAE9
S214029DD000232A46CDE90043394606209DF8203066
S214029DE0FFF740FE10B90EB1AB7A337003B0F0BD88
S214029DF078B14FF6FF739C421FBF074B1C80074B80
S214029E001A7000220CF031FC04460028DCD119201E
S214029E10ECE72120EAE700BFEC6A0020016200209E
S214029E202DE9F04788469DF82810074616461D4637
S214029E309DF820A0BDF824900B9839B158B30022A3
S214029E400CF013FC044610B9192025E00C464FF618
S214029E50FF739D421FBF114B1D80114B83F800A05C
S214029E604FF6F7739E4208D80E4B4FF6FD761A78D9
S214029E704FF6FF73002A18BF1E46484605F0BAF989
S214029E8000233A46CDE9084331464346BDE8F0474B
S214029E900320FFF7E7BD2120BDE8F087EC6A00202B
S214029EA0016200200B6100202DE9F04786B09DF884
S214029EB038600546DDE90FA80C4617469946B6BB3C
S214029EC0374B1B78022B1DD125BB4FF6F7739C42EE
S214029ED014D80026484605F08DF900233A46CDE907
S214029EE000632146FF232846FFF7BCFD38B9B8F1C8
S214029EF0000F04D0BB7A88F8003000E0012006B0DC
S214029F00BDE8F087043B012BDED908460BF057F973
S214029F1010B31DB3022D31D1EEF7F4FAA042EDD9FB
S214029F20204B33F814204FF6FD739A4219E0BAF12B
S214029F30000F32D01A4B1B78022B05D1FFF788FD93
S214029F40B042E6D23820DAE7043B012BF6D90846BF
S214029F500BF035F90028F1D11620D0E74FF6F7734B
S214029F609C42CBD8002EB4D03146002250460CF08C
S214029F707CFB06460028ADD11920C0E7012DBDD1D5
S214029F8004AA0DF10E01E0B202F0E0FF064B1B78C8
S214029F90A342B3D9BDF80E20C5E72120AFE700BF24
S214029FA04E610020AC590020386B002030B5104BB3
S214029FB087B005460C461868596803AA03C2986813
S214029FC00C4910609A88DB8852BA23F04003ADF839
S214029FD012300023CDE90043ADF81020FF23098894
S214029FE003AA0720ADF80E50FFF73CFD07B030BDC0
S214029FF0EA5A0020F65A002038B50C461146124A94
S21402A000124D108022682A6062686A60A268AA609E
S21402A010E288500616D5EA88520613D561B10022A8
S21402A02018460CF022FB014650B16088FFF7BEFFCF
S21402A0300522074B1A7038BD08460EF059F9F2E7AA
S21402A0401920F5E70220F6E7F65A0020EA5A002021
S21402A050116200202DE9F04F074689B010461546DA
S21402A0601C468A460EF003FA0146284604F050FFC4
S21402A070064628460CF0DEFA043010F026FC80462F
S21402A0800CF069FC804550D0B2074ED1DFF8AC80A8
S21402A090284605A9B8F800B00EF0D0FA9DF8193097
S21402A0A0A8F8007003BBBDF81430EBB928460CF0D4
S21402A0B0C1FA023010F009FC4FF6F773984294BFCB
S21402A0C04FF000094FF0010901230134E4B22A4699
S21402A0D03846CDF8009005A9039303F001FC039BD4
S21402A0E040B901339C421ED20020A8F800B009B045
S21402A0F0BDE8F08F022CF8D1012BF6D10C4A0D4B9D
S21402A100A3F800A01378591C11700B4A7F3B16F077
S21402A1100C01137007D1BDF81A305B0603D5BDF8E3
S21402A1201600FFF743FF0223D1E70020DFE700BF58
S21402A1304C610020EC6A002001620020F65A0020E2
S21402A1402DE9F04FABB00F46ADF81E000CF072FAD8
S21402A15000F1020A0646504610F0B7FBBDF81E4054
S21402A160054620460EF083F90146204604F0D0FE4E
S21402A170814600F00308301D10F0A7FB414C2080FA
S21402A1800CF0E9FBA8422DD04FF6F7739D4229D872
S21402A1907378DA0726D428460DF023FF30B1012360
S21402A1A02946BDF81E202088FFF754FF0CF0D3FB8B
S21402A1B0344B1B8883420FD1BDF81E4020460EF05A
S21402A1C056F90146204604F0A3FE10F00C0103D116
S21402A1D0BDF81E0001F00EFD00222B4B1A602BB0BC
S21402A1E0BDE8F08F2949BDF81E000EF027FA28496F
S21402A1F0BDF81E000EF085F90028254B08BF002387
S21402A200214ABDF81E0013600CF0A0F9214B18700D
S21402A210BDF81E000CF09FF91F4B1870BDF81E000B
S21402A2200CF0A4F91D4B186000238DF82230002F85
S21402A2303AD0164BDB889B0636D5194B1B689D0712
S21402A2401ED4B8F1010F14BF082318230DF1220201
S21402A250009200220DF11E00114600F0D5FB18B345
S21402A260B8F1010FA2D10F4B1B78112B9ED10DF026
S21402A270D1FC00289AD140F61D40FBF70FFB95E76C
S21402A2800823E3E7F65A0020E4550020EA5A0020A5
S21402A290F9610020F4610020F3610020D05500200F
S21402A2A0484700204E610020504610F00EFB8246C2
S21402A2B0BDF81E000FF006FFA0F11005EDB22A460B
S21402A2C031460AA8F1F70EFBFF238DF82F304FF622
S21402A2D0F7739A4540F2DF80B8F1010F00F0E7808D
S21402A2E0B8F1020F00F04681B8F1000F7FF45EAFBE
S21402A2F0A44DBDF81E00EB88ADF8240004930CF0C4
S21402A30099F9BDF82460074630460EF0B0F80146CB
S21402A310304604F0FDFD8DF82300B81C7E7810F060
S21402A320D4FA07460CF017FB06F00106B4F80090C4
S21402A33003906C88002E7FF439AF4FF6F77A4246C8
S21402A340494657458CBF0620082010F087FABDF80C
S21402A35024B058460EF08BF859460246434604206F
S21402A360CDF8008008F02AFA574583460AD8B5F990
S21402A3700620EB88002A05DB580603D54146204610
S21402A380FFF714FEBBF1000F3FF410AF2B88002B33
S21402A3905AD16B79002B57D14FF6F7730DF1260180
S21402A3A09F42BDF8240094BF4FF0000B4FF0010B04
S21402A3B00DF001FDDFF8D8A100F1FF38BAF8003041
S21402A3C01FFA88F10593EB88BDF82600069304F081
S21402A3D09FFD069B04990190009322465B460598D2
S21402A3E0C1F340110AF0F8FE00283FF4DFAE042362
S21402A3F006200093BDF82610624B5FFA88F208F03A
S21402A400DDF900283FF4D2AE48F202036A889A4287
S21402A41005D1BDF82410BAF8000000F025FF594D0A
S21402A42009AA29460DF123000AF0D4FE03460028A5
S21402A4307FF4BCAE2104BAF80000BDF8242060D533
S21402A440234629460DF0CCFC9DF823304D4D03F0F3
S21402A4500C030C2B75D128890DF08DFC00283FF4D7
S21402A460A5AE039B002029894B4514BF022603266E
S21402A47002F044FC444B18704FF6F7739F42BDF847
S21402A480240075D8A4F138025342534132463D495E
S21402A49004F036F88AE6B8F1020F6BD0394BB3F9FE
S21402A4A00630002B26DAB8F1010F7FF41DAF0CF050
S21402A4B052FA238883423FF479AE0520BDF81E1077
S21402A4C0FFF736FA00283FF471AE2E4AD3885B06B1
S21402A4D007D50023CDE900330A20FF232188FFF7A2
S21402A4E0C1FA3A469DF822302188BDF81E0002F0D5
S21402A4F01DF85BE629460AA800F070F80028D2D0BC
S21402A50054E60221DFF88C8088F800102946CDF840
S21402A51000B003F0E5F9132C96D0EB885D0493D4D3
S21402A5201A4B1B78D80703D598F80020022A8BD03E
S21402A53099077FF53BAE98F80030012B7FF436AED4
S21402A54082E700222B79124800936B791146008825
S21402A55002F0FCFB0C4B18709DF8233003F00C0342
S21402A560082B89D1039B4B4514BF0426052683E797
S21402A57001238BE74846BDF81E20024901F0AEFAD9
S21402A58014E600BFEA5A0020106200200F61002085
S21402A590F65A00200262002010B5002108480CF08E
S21402A5A0ADF8044650B101460420FFF7C1F928B1C0
S21402A5B02046BDE810400121FFF7C2BD10BD00BF16
S21402A5C0DA5A0020034BFF211A7803489200F0F76C
S21402A5D0F9BF00BF396B00200044002070B5451853
S21402A5E004464FF0FF31AC4212D1104B10481A7895
S21402A5F005460023934211DB0E4C2078431CB3FB26
S21402A600F2F602FB163345F82010237000200CE009
S21402A61014F8010BE1F79EFD0146E4E750F8044BFF
S21402A620A14201D00133E5E7012070BD396B00205D
S21402A6300044002003620020042307B501200DEB2E
S21402A6400301054AF9F76AFA019B044A1B031360E1
S21402A65003B05DF804FB00BF23E11100E0550020C3
S21402A660014B1868704700BFE0550020014B186880
S21402A670704700BFE055002010B5064C2368C3F3B0
S21402A6800B0313B90448E2F7D5FB2068431C23608A
S21402A69010BD00BFE055002023E111002DE9F04F68
S21402A6A093B003930023DDE91C79069399F80030F2
S21402A6B083460DA804930E4615460AF01BFA99F82F
S21402A6C0003013F003043ED0039B0DF1250A8DF8EB
S21402A6D024300022082138460CF0CBF8002870D02F
S21402A6E028880BF0A7FF99F800301C074CBF0430EF
S21402A6F0023010F0EAF807A98046F9F79FFB9DF8AA
S21402A70024300446980633D5288806F10D010DF04C
S21402A71081FEA8B100230093384608232988721DBB
S21402A72010F0CCF999F8003003F01803182B4AD130
S21402A730B8F1000F47D0A94BB3F86830434542D072
S21402A74040F60A4327E02888711D0DF063FE0028B4
S21402A750F6D0009405233246298809A810F0AEF9EF
S21402A7609DF824300DF1240A03F018030393B0E792
S21402A77014BB39464046F9F761FD0028D2D099F855
S21402A78000309907DCD040232246214640460DF091
S21402A790CEFB40F6094399F8002012F0030440F07D
S21402A7A0F780288803930BF0A8FE224601461A205B
S21402A7B010F054F8039BEBE007AB03CB38607960EC
S21402A7C0B0E74FF6FF780AF0EAFC044620B104210F
S21402A7D03846F9F74FFB04461E9B002B5AD0092336
S21402A7E01E990DA88DF834300AF0FEFA209B0BB1A4
S21402A7F0209B0693039B002B40F08E800DA8EEF75D
S21402A80031FB99F800309A0700F09880FFF734FF82
S21402A8105146024601200AF00CFD99F800309B07CB
S21402A82010D5594628880DF0CFFE0BF1090350FAD1
S21402A83083F35FFA83FB594628880DF09CFE00EBF3
S21402A8400B06F6B299F8003013F0C20F0AF10403B1
S21402A8500DD09DF82420624942F020028DF8242073
S21402A8600A68CAF804204A685A600AF10C030122F0
S21402A87009A800921B1A324629889BB210F01EF9CC
S21402A880324659462846FEF7E1FE002800F0A4802C
S21402A89000237DE01F9B5BB19E460DF1340CBEE8A3
S21402A8A00F00ACE80F00DEF80030CCF800309DE771
S21402A8B0049B594603F020032888049304F028FBDF
S21402A8C010F0030F0CBF012300230593049B059A87
S21402A8D0003B18BF012342EA430300930DAA06ABCE
S21402A8E038461F9900F0FEFA049A034682B1002801
S21402A8F080D0059B0DAA0093384606AB1F9900F040
S21402A900F1FA034699F8002022F0200289F8002086
S21402A910002B3FF46FAF3EE7039B102B06D1BDF82A
S21402A920363043F00103ADF8363067E7039B182B49
S21402A9304FD1BDF8363043F00203F4E701200DF1A3
S21402A94025010AF084FC99F80030824613F0040FC1
S21402A950288821D1069B1BB3002C35D00BF0CDFDE9
S21402A9600022014616200FF079FF84B17FB14FF620
S21402A970FF7398450BD000230DA91A4638460AF0F5
S21402A98044FB394640469DF835200AF01EFC01235A
S21402A990184613B0BDE8F08F002CDFD1104F01E04F
S21402A9A0002CDBD100233246009359463B460CF07E
S21402A9B092FF00283FF4C4AE002C3FF469AF069A1B
S21402A9C00AF10103136063E71B685345C6D80124E6
S21402A9D0E8E740F60A43DBE71923D9E7C854002024
S21402A9E0D1610020002307B5054A064813600422F9
S21402A9F00DEB02010193E2F759FA03B05DF804FB8E
S21402AA00E055002023E111002DE9F04F0446B1B0D5
S21402AA1000888DF82F3016468A460DF028FD01462E
S21402AA20814620880DF0A7FD00EB090820880DF06E
S21402AA30F4FD00239DF82F505FFA88F815F0010701
S21402AA400790ADF8363008D101460DF1360220885F
S21402AA500DF09AFC08B1ADF8367016B9CDE90E665F
S21402AA600EAEFEF763FC18B145F020058DF82F50A8
S21402AA700023CDE9033302930DF12F03CDE90063E2
S21402AA802246534641464846FFF708FE054600283A
S21402AA9000F043819DF82F3013F0010746D1B44AE7
S21402AAA023F02003106851688DF82F3010AB03C3D3
S21402AAB0184600F0FBF90546FEF744FDBBB2984285
S21402AAC000F2B7803A9B13B100233A9A1370BDF88E
S21402AAD03630CBB1012120880FF010FB27880546BF
S21402AAE0002800F04F81012138460FF007FBBDF821
S21402AAF03670054638460FF0E5FA002300903A46CF
S21402AB00194628460DF0C3FB0023CDE90333029312
S21402AB100DF12F03CDE900632246534641464846CF
S21402AB20FFF7BCFD0546002800F0F7809DF82F30A1
S21402AB3003F01103102B40F003818E4B1B78432B3E
S21402AB4040F0FE808C4B1B685B0640F1F980208843
S21402AB5008F105010DF05EFC8346002800F0F08047
S21402AB604146208804F0D4F9844B10F0200F08BF29
S21402AB701E4612A800F09AF90822314612A8F1F7EA
S21402AB806DF8002800F00E81314612A80AF0E6FAA7
S21402AB90012326AE00933246002314A912A800F021
S21402ABA0A1F9002840F0CC8012AB0DF12F07CDE9B9
S21402ABB00360029000932246534641464846019758
S21402ABC0FFF76CFD002800F0EF80BDF89A301020E9
S21402ABD043F0080318AA14A9ADF89A300CF052FDF7
S21402ABE0002840F0AD8012ABCDE90360CDE90170DC
S21402ABF000932246534641464846FFF74FFD054618
S21402AC00002840F09D8018AB4FF49071002012AAE5
S21402AC1000F0D4F84FF0005100200CF0B0FFBBF16A
S21402AC20000F00F08C804FF0805100200CF0A7FF40
S21402AC3085E018AB14AA26A9F8B20AF03BFA002857
S21402AC4040F09480082210A927A8F1F707F8834657
S21402AC50ADB19DF8A53013F0020F08930FD008226D
S21402AC6012A927A8F0F7FAFF48B9089B590706D594
S21402AC703A9B13B101233A9A1370089507E03A9B60
S21402AC80002B61D1BBF1000F70D1002308930DF1A8
S21402AC90740C14AB0FCB8CE80F00BDF83630CBB17A
S21402ACA0012120880FF02AFAB4F800B000284FD00D
S21402ACB0012158460FF022FABDF836208346104688
S21402ACC009920FF0FFF900231946099A0090584698
S21402ACD00DF0DDFA2A4B0DF1740B04930023039357
S21402ACE00DF12F03CDE900632246534641464846FE
S21402ACF0CDF808B0FFF7D2FC002837D1002D33D0AC
S21402AD0012AA5B464FF482714FF4005000F056F8D8
S21402AD10089B13B126A809F0E8FF174B1B689A0791
S21402AD200DD4FEF703FB50B1114A18AB10685168F8
S21402AD3003C3002226A918A80CF0C7FC68BB00258E
S21402AD40284631B0BDE8F08F00233A9A137099E78F
S21402AD50BDF836200A90104609920FF0B3F9DDE9E5
S21402AD60092307990090B2E72A46CAE70137A3E605
S21402AD7034D203004E61002048470020325500209E
S21402AD8044470020BDF836B058460FF09BF92B46D4
S21402AD9000905A4638460799B4E626A918A80CF039
S21402ADA0D0FCC6E78346F3E614AB2DE701461A232A
S21402ADB00120014AF8F7B2BE24E10100F0B51646BA
S21402ADC091B0074609A80D461C46FFF7EFFF3EB1B5
S21402ADD0336845F04005CDF826307368CDF82A3042
S21402ADE01B4B1A6822EA070242EA050119604B0465
S21402ADF00DD5BDF824200B0A03F4E243C9B222F4AF
S21402AE00E3420B4322F07F021343ADF824301A23A9
S21402AE100020104A09A9F8F781FEB4B104A809F087
S21402AE2069FE02236A468DF810301546234604F161
S21402AE301006144618685968083303C4B3422246FB
S21402AE40F7D1294604A809F0CFFF11B0F0BD00BF24
S21402AE504847002024E1010047F2FF10044B19681E
S21402AE6041F48042014041F480411A600CF087BEF2
S21402AE704847002000B589B0FEF7CAFB01A8FFF7D5
S21402AE8095FF0948BDF804200168130221F0FF016E
S21402AE9003F4E2030B43D2B2134343F4804303604A
S21402AEA009B05DF804FB00BF4847002010B50C4B04
S21402AEB00446186888B0830706D54FF0FF33236030
S21402AEC00120636008B010BD10F04000FAD001A85F
S21402AED0FFF76CFFDDF806302360DDF80A30EFE797
S21402AEE0484700202DE9F04F99B081460C461E4691
S21402AEF017469DF88880A2B11546284609F0FAFD45
S21402AF0018F0020B0FD004B911AC6B462246294644
S21402AF1048460AF0ADF80EB10023336019B0BDE81A
S21402AF20F08F0CADE9E76B462946484604AA0AF0BC
S21402AF306CF86B7808F00108FF2B25D000287AD130
S21402AF4054B104AB08AF1A4603CABA422060616025
S21402AF50134604F10804F6D126B16A78374B03EBA0
S21402AF6082033360B8F1000F01D10020D6E7BDF8A6
S21402AF700030D906F9D418204FF6FF716A780FF020
S21402AF806DFC40F60E40C9E7DFF8B8A0DAF80030EC
S21402AF902EB19A0756BF2A4AC6F800B0326003F0AE
S21402AFA03003102B01D0202B1ED111A8FFF7FEFE76
S21402AFB0082248460DF14601F0F750FE28B1DAF8AD
S21402AFC0003003F04403402B0ED0B8F1000F0ED130
S21402AFD008A80CF0D8FD02232B70C4B9002FC4D0E9
S21402AFE0281DFFF763FFC0E740F60A4096E7DAF847
S21402AFF00030DB03ECD508A80CF0C5FD02232B704D
S21402B000BCB9002FB7D0281DFFF750FFB3E70026C4
S21402B01008AB0CAF1A4603CABA42206061601346F8
S21402B02004F10804F6D1281DFFF740FF002E9CD03D
S21402B030A1E70126ECE72D2070E700BF5C43002065
S21402B040444700204847002049B9084B197849B1BF
S21402B0504EF66023594328B105480FF003B941F272
S21402B0608831F8E70248F8F7DFBC00BF0D61002020
S21402B0709446002070B586B00546F8F7C3FD10B9B1
S21402B080022006B070BD01A8FFF710FF0646002892
S21402B090F6D08DB92E4B1C6814F0020406D02D4B48
S21402B0A01B78112BECD12C4BB3F868404FF481631C
S21402B0B00221ADF80C3023E02846F9F72DF90028D6
S21402B0C0DED1234B1C6814F0020406D0214B1B78F9
S21402B0D0112BD5D1204BB3F868400822294601A887
S21402B0E0F0F7BCFD0028E1D04FF4027300260A21D7
S21402B0F0ADF80C302B68CDF80E306B68CDF81230F8
S21402B100002203A80BF0B1FA024608B91920B8E7E4
S21402B1100F4B196801F03003102B17D0202B14BFE9
S21402B12001230323490001F004010B4320460021BA
S21402B13000F0F4FF0028E9D000210120FFF784FF89
S21402B14016B10122054B1A7000209AE70323E9E79D
S21402B150484700204E610020C8540020F8610020B5
S21402B16030B500251D4C85B0CDE90055F8F75CFCDE
S21402B17023784BB31A491B480A780078904223D9A1
S21402B1800132012B0A700ED12A464FF4A0712846CE
S21402B19002F0BEFAC0B2B8B941F2883112480FF0D6
S21402B1A061F805B030BD022B09D1284602A9F9F78D
S21402B1B045F80028EED102A8FFF75CFFEAE7032B6A
S21402B1C002D101F065F9E5E7002108462170FFF794
S21402B1D03BFF0421684609F0FBFBE2E7046200201D
S21402B1E0056200206F6B00209446002070B5194A55
S21402B1F0194D04465168106886B02E7801AB03C319
S21402B2001EB10224204606B070BDF8F745FD02289E
S21402B210F7D103A800F0E8FD082201A90DF10E00FF
S21402B220F0F71CFDA0B10D4B32464FF4A07130462C
S21402B2301C7002F06DFA04460028E3D10123084A86
S21402B24041F2883107482B7013700FF00BF8D9E7DC
S21402B2502324D7E7B7960400046200206F6B002011
S21402B2600562002094460020F0B50C4600219BB0F3
S21402B2702B4F0646492207A80691F0F7A3F93B781A
S21402B280012B34D19EBB0DF10E0120460CF093FD2E
S21402B2900546BDF80E000EF015FF441BE4B2BDF8DD
S21402B2A00E1023462A46009606A80FF007FC3046E4
S21402B2B004A9F8F7C3FFD0B9CCB19DF81920B2B9EA
S21402B2C0BDF8233003F47E43B3F5285F1ED3B3F5EF
S21402B2D0385F0ED31349BDF80E000B6843F4000323
S21402B2E00B60294609F054FF18B104233B701BB0CB
S21402B2F0F0BD01220C4B04A81A70FFF7BBFE41F208
S21402B30088310A480EF0AEFF0223EFE711463A7084
S21402B310FFF79AFE1E2104A809F05AFBE7E700BFD2
S21402B3200462002048470020056200209446002060
S21402B330014B1870704700BF05620020014B187859
S21402B340704700BF04620020014B1870704700BFB0
S21402B350046200202DE9F04F0446408891B00E2981
S21402B3608846ADF81A0074D094F80890A7790BF0C6
S21402B37061F909A90546BDF81A00E6790DF05EF9ED
S21402B380BDF81A000BF05CF8430542BFBDF82A3040
S21402B39043F40053ADF82A30E379D80642BFBDF82D
S21402B3A02A3043F48053ADF82A30BDF82A30990685
S21402B3B013D5022F52D10CA9207A0CF09DFCDDF891
S21402B3C03500DDF8391007AB03C307AA00210423B2
S21402B3D000910DF11A00FFF717FB0121BDF81A00C4
S21402B3E00EF08CFE022F824644D1454B33F819509C
S21402B3F0B8F1000F79D0BDF82A305A0675D54FF647
S21402B400FB72954271D83F4AB2F86820AA426CD0C5
S21402B410DB0502D528460CF0B5FDBDF82A30D80467
S21402B42063D5002F33D1BDF81A000BF009F8C10618
S21402B43063D548F23403BDF826209A4209D1324E2B
S21402B4403078FF2805D003222946FCF72BF9FF2384
S21402B45033700023236011B0BDE8F08F012F01BFC7
S21402B460237A2A4A03EB430302EB830314BF002228
S21402B4709A1CABE7012F05D10C2303FB09F3234AE1
S21402B480D55AB5E7A81C0FF020FA0546B0E72846BD
S21402B49001F07CFDBDF81A000AF0D2FFC206C8D43D
S21402B4A06389504605930EF00DFE834650460EF015
S21402B4B0EDFD059B02905FFA8BF04A4639460190F5
S21402B4C00093404609AB09F01BFAB8F1000F14BF0F
S21402B4D00B20092016F0030218BF02F1FF3229469C
S21402B4E018BFD2B20FF0BAF9A3E7BDF81A000AF0F5
S21402B4F0A7FFC3069DD4002FD2D1A946D0E700BF2E
S21402B500AC590020C8540020736B0020EC58002071
S21402B51038B500240F4B104D2A78A24205D8C2B97E
S21402B520BDE838400D48F8F77FBA598869B9013A3C
S21402B530D2B2A2422A70EFD0121B184603F11001B3
S21402B5401201F0F791F80346E6E701341033E4B24D
S21402B550E2E738BD6043002008620020286A002027
S21402B56070B51A4B1A4A1D780023DCB2A54200D8E1
S21402B57070BD144666880133864202F11002F4D189
S21402B580E379A588E16003F040028DB9CAB123F0E1
S21402B5900403E3710BF04EF8037803F07F030370A5
S21402B5A021880029E4D1BDE870400A480EF05ABE50
S21402B5B000216580A180002AE9D1BDE87040FFF72E
S21402B5C0A7BF2046FFF7C6FEF7E700BF08620020C7
S21402B5D060430020286A00202DE9F047044686B022
S21402B5E040880F4615460BF025F8A3798046082BAF
S21402B5F052D8DFE803F0052E18515151515105007B
S21402B60002300FF062F9002D4ED06946F8F716FEAA
S21402B610002841D1684601F063FDB0FA80F0400987
S21402B62006B0BDE8F08702A9207A0CF065FB6B46EF
S21402B6306E46DDF80D00DDF81110334A03C3237A97
S21402B64032F81390314AD05C75B131460CF078FB73
S21402B650E6E7237A2E4903EB430301EB830231F834
S21402B6602390907A961CEFE74FF6FB7AD14515D9D0
S21402B67030460CF0AFFC4FF6FF739842054615D0E5
S21402B6800146304601F09EFC554508D9E379DA06B4
S21402B6900ED440F62243E3600020C1E74D46294619
S21402B6A008F102000FF013F90120B9E74D46EDE765
S21402B6B04FF6FC78454512D103F00C030C2B1CD137
S21402B6C0DFB130464FF6FD7101F07CFC40F61F41BB
S21402B6D02046E160FFF73EFEFFF71AFFDCE74FF673
S21402B6E0FD739D4209D10023304619461A4602F0E0
S21402B6F0DBF84146304601F065FCE37943F00C0383
S21402B700E37140F62343C6E7AC59002014610020DB
S21402B710EC58002073B5044640880E460AF08AFFAD
S21402B72002300FF0D2F809F04AFD18B1A11C201D14
S21402B73009F04AFDE6B1E5790135EDB2E57115F09D
S21402B740400514D0ECF7D8FE01220546002120461B
S21402B750FFF742FF18B1394B1B882B449DB2384B7A
S21402B7601B78042B01BF354B1B885B199DB22580C5
S21402B770002231462046FFF72FFF20B360880AF0EA
S21402B78059FFE2792F4922F00C03E3710B78054644
S21402B7900133DBB20B70C3712B4BA61C1B780BB3A9
S21402B7A0E37998061ED52949097871B159060CD550
S21402B7B092070AD500220423114630460092FFF76C
S21402B7C023F910B1E06002B070BD002201231146D9
S21402B7D030460092FFF718F920B1E37943F00303ED
S21402B7E0E371EFE7304609F0EDFC0028EAD1608805
S21402B7F0FCF7C0FA0328E6D8DFE800F0020D1D19B0
S21402B800E37943F00403E3711B06DCD5104B1A7888
S21402B810104B1A70D7E740F62443E360E37943F00F
S21402B8200803E3712B7803F07F032B70CBE740F617
S21402B8302543E360C7E740F62643FAE7C66A0020D8
S21402B8404F6100204C6100204A610020706B00208E
S21402B85012610020076200202DE9F74F06460EF01F
S21402B8604AFF5F4B0546B3F8009018805D4BA0EB8D
S21402B87009041B78A4B2A34298BF00234FF0000825
S21402B8804FF6FF7788BF1B1B564A88BFDBB2137082
S21402B890DFF864B1A9EB00030093534B5FFA88F21A
S21402B8A0197891420ED80EB1FFF732FE4FF6FF73AB
S21402B8B09F4200F08E8039464C4803B0BDE8F04FF8
S21402B8C00EF0D0BCBBF80220002A3CD0484B9BF8B6
S21402B8D007201878BBF800A0042818D00020BAF178
S21402B8E0000F08BFA2462044504523D2BBF80010E2
S21402B8F0009B1944ABF80010002E4ED002F048020E
S21402B900482A4AD100215846FFF704FF45E0019233
S21402B910F8F704FC30F01003019ADFD1FBF746FC7F
S21402B920344B019AB3F800C08445D7D9ACEB00007B
S21402B93080B2D4E702F00C00042807D10022ABF84C
S21402B94000200BF1100B08F10108A6E7510602F0E1
S21402B950030C02F008000ED528B3BCF1030F25D164
S21402B960DEB1DBF80C105846002908BF4FF44261DE
S21402B970FFF7F0FC11E040B3BCF1010F25D112062F
S21402B980EED44FF4C862ABF800209BF8072022F0F2
S21402B990030242F002028BF80720BBF8002097420F
S21402B9A028BF1746CDE703208445D9D213060ED505
S21402B9B00C4B1A780AEB0200844208DA4A44521BFD
S21402B9C00AEB0201ABF80010E7E70120ECE70121E1
S21402B9D099E7064803B0BDE8F04FF8F725B800BF70
S21402B9E0E05A00200762002008620020286A002031
S21402B9F04F610020C66A002060430020F8B500258B
S21402BA000A4E0B4F3378ECB2A34204D8BDE8F84096
S21402BA100848F7F719BD07EB0414A01CF7F714FD46
S21402BA20201DF7F711FD0135ECE700BF0862002084
S21402BA3060430020D65A002070B500240B4D0C4EF1
S21402BA402B78A34208D81B1BDBB22B706BB9BDE860
S21402BA5070400848F7F7E8BF06EB041040F62141AD
S21402BA600134FFF777FCE4B2EAE770BD0862002013
S21402BA7060430020286A0020F8B5154EDFF858E02B
S21402BA8035789EF800E0134FAE454FEA051C07EBEB
S21402BA90051419D0002503F4835343EA1323A17136
S21402BAA02272E371608027F80C50A58003F0A8FB91
S21402BAB040F60243E36033786081013328463370F0
S21402BAC0FFF7CAFE2846F8BD40F60340FBE700BF74
S21402BAD00862002060430020376B00202DE9F04FFB
S21402BAE0344B0D461C78174685B05CB9B1F9068012
S21402BAF0DFF8C890DFF8C8A0DFF8C8B099F80030C1
S21402BB00A34202D805B0BDE8F08F0AEB0416B0884F
S21402BB1000B9708801A90CF091FDAA7A9DF80E3042
S21402BB209A4244D1B8F1000F0FDA297A9DF80C2018
S21402BB302B89914209D8204800780844824236DA96
S21402BB40521A1B0A1341D90731D538460CF065FD47
S21402BB50BDF80A3004469A0602D5EB889B06D1D574
S21402BB60F37903F00C03042B08D17088F9F786FDED
S21402BB7000237288194618460CF026FA0021304631
S21402BB80FFF7E8FBFFF7C4FC38460EF09BFA844248
S21402BB9008D2337A01228BF8003029460023384631
S21402BBA002F0AEFCB8F1000FACDA0024A6E70134CE
S21402BBB0E4B2A3E706620020366B0020086200208B
S21402BBC0604300201062002008B50EF094FD074B7B
S21402BBD01B88C01A80B2B0F5807F05D9BDE8084040
S21402BBE0002103480EF03EBB08BD00BFE05A00200D
S21402BBF0286A00202DE9F04788B004460D460CF06E
S21402BC0036FC0146204603F083F910F003035FD1A9
S21402BC1010F00C0F06D12946204608B0BDE8F047C2
S21402BC20FFF79EBC20460AF00BFCC30638D420461B
S21402BC300CF01DFC0146204603F06AF90646204633
S21402BC400AF0F8FC804602300EF03FFE05A90746D1
S21402BC5020460CF0F3FC06F00C0698F801300C2E89
S21402BC600CBF4FF003094FF00609012113F0010F34
S21402BC70204618BF4FF003090EF040FA174B8046D5
S21402BC801B88A3420FD1B5FA85F04009FBF748FCA2
S21402BC9020460AF003FC0022014607200EF0DEFDD5
S21402BCA008B0BDE8F08703F0ABFA824640460EF0D5
S21402BCB009FA064640460EF0E9F9F6B202903A460E
S21402BCC049462846CDE900A605AB08F019FEDFE78F
S21402BCD0012BE5D110F00C0FE2D19CE7D65A0020DA
S21402BCE0002210B5094B1C78094BD1B28C4201D800
S21402BCF0002010BD197A814202D19979022902D018
S21402BD0010330132F1E70120F3E700BF086200209A
S21402BD10604300200146002210B5084B1C78084BF1
S21402BD20D0B2844201D8002010BD187A884202D1CF
S21402BD3098790128F8D010330132F1E70862002022
S21402BD4060430020002210B40A4B1C780A4BD1B282
S21402BD508C4203D85DF8044BFFF7DABB197A8142AE
S21402BD6005D19979012902BF002119805980103323
S21402BD700132ECE70862002060430020024B18788C
S21402BD80003818BF0120704708620020044B1B6869
S21402BD9013F0300F03D0202130200BF0F0BE704796
S21402BDA048470020002310B5044608491A4601EA0F
S21402BDB000414FF07F60FFF701F8E30703D500214B
S21402BDC030200BF0DCFE002010BD00BF0000720722
S21402BDD0044B5B8823F4784323F08D030380002012
S21402BDE0704700BF4847002008B500220346C3F844
S21402BDF00220C3F806200B4A02301268D1B212F0B3
S21402BE00200F18BF41F010011980930701D4FFF7E5
S21402BE104DF8054B1B78023B032B8CBF17200020E6
S21402BE2008BD00BF484700204E61002038B50546D1
S21402BE300C46FDF7EDFB98B10E4B187878B10E4B19
S21402BE401B681A040FD58CB113F0420F00D17DB1D6
S21402BE5003F44073B3F5407F0CBF0020232038BDA7
S21402BE6040F60840FBE740F60B40F8E72046F6E7C8
S21402BE702320F4E74A61002048470020F0B5044634
S21402BE808DB007A80D46164608F034FE1022002193
S21402BE9003A8EFF797FB5CB1234603AC03F1100748
S21402BEA0224618685968083303C2BB421446F7D1C3
S21402BEB0012703A986EA070307A88DF81C708DF8E8
S21402BEC01D3008F082FF80EA070401A8E4B2EDF70D
S21402BED027F8B6B101A88DF80650EDF74DF864B113
S21402BEE0002303A907A88DF81D3008F07DFF0C4B30
S21402BEF01B78432B01D1F9F7DBF80A4B1D700DB006
S21402BF00F0BD01A88DF80750EDF736F8002CF6D0F4
S21402BF1003A907A88DF81D7008F066FFEFE700BFBB
S21402BF204E61002049610020F0B5012593B0074616
S21402BF300DA80C4608F0DEFD05A90DA8ADF8345094
S21402BF4008F06DFF01A8ECF7EBFF09A90DA88DF824
S21402BF5035509DF8066008F062FF0DA89DF8075060
S21402BF6008F0F3FE70BB731BDBB2802B28D91FB11F
S21402BF70A64225D0A54223D105A90DA808F034FF74
S21402BF8003A8ECF7CDFF03A88DF80F60ECF7F4FFDB
S21402BF900122294609A8FFF771FF0AF0D6FE012101
S21402BFA04FF400700BF0FBFFFDF71AFBB0F1004FE9
S21402BFB001D9FDF71BFB044B187808F007FD01209A
S21402BFC013B0F0BD0020FBE74961002070B50E46B5
S21402BFD0144605460320FFF7B7F946F00402294641
S21402BFE0204608F05BFF0022014B1A6070BD00BFBE
S21402BFF044470020F0B587B0078805461022002186
S21402C00002A8EFF7DFFA3E4B1B78002B76D1BC0571
S21402C0105ED407F08403842B63D00022394C114689
S21402C0201046FFF72BFF17F4045F276005F10206A0
S21402C0301CD0B9040AD5304602F09CFA00284ED12C
S21402C040236823F4005343F48073236030460BF0D6
S21402C05012FE002842D108F04BFD18B9236843F4BB
S21402C06080332360236843F02003236022680DF1A7
S21402C070060042F400432360FFF7AAFE12F4805F34
S21402C080BDF8063031D043F02003ADF80630216803
S21402C090334611F0400218BF05F123024FF07F60CD
S21402C0A0FEF78CFEBDF80630DA0703D500213020F5
S21402C0B00BF065FD23689B0506D5012295F8221034
S21402C0C005F11200FFF7DAFE00200F4B186006E0BB
S21402C0D005F112000BF0CFFD00289AD0292007B0F8
S21402C0E0F0BDB80799D52320F9E723F02003ADF871
S21402C0F00630FDF77BFAFEF775FCC8E70220EEE78E
S21402C1004E6100204847002044470020024B186832
S21402C110C0F30050704700BF484700202DE9F04F9B
S21402C120064689461046002189B01546984602F012
S21402C130EFFE102807460AD86A4B0341DB0706D4EF
S21402C140C8F340049DB9002009B0BDE8F08F664BE5
S21402C1501C78002CF6D0FFF7D9FF00280CBF4FF44E
S21402C160F0744FF4D074FC4004F00104EAE74FF098
S21402C170000A18F0010F5346524629464FF00500B2
S21402C180CDF800A00CBF4FF0080B4FF4027B06F070
S21402C19038FB0028D7D0C823324600935946534668
S21402C1A0284602F0DDFEADF80E000028CBD018F0CF
S21402C1B0080A4AD14FF6F773A7F10F02D2B29E428F
S21402C1C08CBF09230123012A01D843F04003474AC2
S21402C1D08DF810301378591C11708DF81130002C20
S21402C1E04FD09DF81030052F43F020038DF8103005
S21402C1F033D03F4B1D78002D5AD04FF6F7730025EB
S21402C2009E424FF00F0248D9012304A90DF10E00F9
S21402C210F7F75EFB002896D1002C4DD1BAF100014B
S21402C22033463A4618BF0121BDF80E00CDF80090FD
S21402C23008F0CFFFADF80E00002884D018F0040FE7
S21402C2404DD031460AF01FFF7EE749460DF10E003B
S21402C2500BF0CAFE0028ADD175E70121BDF80E002D
S21402C2600DF04CFF012102F053FE0123834013F030
S21402C270620F1CD11E4B1B78E3B14FF6F7731825DD
S21402C280BEE71B4B25461B780222002BBCD04FF67E
S21402C290F7739E42B8D8052FB6D0BAF1000FB3D1C5
S21402C2A09DF8103043F040038DF81030ACE71025AF
S21402C2B00F22A9E71825FBE7BAF1000F0AD00223DE
S21402C2C04A46009029460DF10E00FEF79DFB002817
S21402C2D0A4D038E741235246CDF800A0F2E70AF090
S21402C2E0BAFE31E79FFEFEFF4A6100204B61002046
S21402C2F03E6100202DE9DF431E46144B80461B6834
S21402C3000F469B0791460A9C1BD4204614B108F0A0
S21402C3104AFFC0B20622CDE902403B460020CDE9E4
S21402C32000890B490CF023F8024650B10021002E7A
S21402C3300CBF01230323084604B0BDE8D043FFF731
S21402C340EDBE002004B0BDE8D08300BF4847002001
S21402C350AE4904002DE9F04F8DB081468A461F464D
S21402C36093469DF85C803AB903A8FEF79FFDB0BBE2
S21402C37000200DB0BDE8F08F15460022232110469E
S21402C3800AF073F9ADF80A000028F1D00DF07EFE2F
S21402C3900523044618F0100F00F8023B677020D001
S21402C3A011220021EFF70EF904F11306032F4FF0C6
S21402C3B0080237D159463046EFF756F9C8F38013CC
S21402C3C006F10905337208F0EAFE00283ED0002383
S21402C3D02B706B700123033505F8013C36E003AD84
S21402C3E0CBE7012610221699EFF73EF906FA07F375
S21402C3F013F0620F02D104F11206D7E707A808F07D
S21402C40079FB05A88DF81C60ECF78AFD9DF81620CE
S21402C41018F0200F9DF8173008BF134604F11306D4
S21402C420A374C3E751463046EFF71EF9012306F11F
S21402C4300802121B28460093BDF80A10082392B27F
S21402C4400EF03CFB042F06F11005BCD02D1BA9B242
S21402C4500DF10A000BF0F3FE002889D118F0040F44
S21402C4600BD048460EF01FFBFF281FBF074A32F8C4
S21402C470103023F4804322F8103043465146484693
S21402C480BDF80A20FFF74AFE73E700BF785A00207D
S21402C49070B5032690B08DF80760F7F7B3FB18B9AE
S21402C4A00224204610B070BD02AD2846FEF7FEFC00
S21402C4B00028F5D01B4B1C6814F00204F0D140F2A1
S21402C4C00F43194AADF82430136804A8CDF8263075
S21402C4D05368CDF82A3008F00DFB95E8030005AB4B
S21402C4E083E80300062304A88DF81D308DF810603B
S21402C4F0ECF7B8FC01210DF12E020DF10700ECF766
S21402C50009FC22461A2109A80AF0AFF8024608B921
S21402C5101924C6E7012329462046FFF7FFFD002817
S21402C520BFD1F5E748470020D16100202DE9F04F42
S21402C53004460D46002191B01F2208A89B4607918B
S21402C540EFF740F820460BF092FF0146204602F035
S21402C550DFFC8DF8110020460AF06CF89DF81130C9
S21402C560467899068146C6F34006204648BF46F0FE
S21402C57002060CF052F8804620460DF0A3FD00227B
S21402C580A0EB0803DBB2232B28BF2323009221460D
S21402C590424607A80EF092FA00283AD1A24B9DF81E
S21402C5A01C701B789DF81DA0B3B3FFF7AFFD0028E3
S21402C5B00CBF4FF4F0734FF4D073FB40DA072BD561
S21402C5C0B30729D4082F22D1BAF1040F21D1FBF7E1
S21402C5D07FFBF0B9012342460093214605200DF168
S21402C5E0110306F0EBF8A0B1053F0D2F11D8DFE8D6
S21402C5F017F024001000AF01BC01C50110001000A6
S21402C6001000100010001000CB01F901F901052FEF
S21402C61007D011B0BDE8F08F102F05D1BBF1000F87
S21402C620F7D0FBF755FBD5E7FBF752FB0028D1D036
S21402C630052FCFD0112FCDD0EBE7BAF1050FE8D8F2
S21402C640204609F05AFF029009F102000EF03DF969
S21402C65082460DF11200FFF7BBFB01239DF81D80F9
S21402C66003FA08F313F0620303932DD0BDF81230D9
S21402C6709D0722D5B407CCD5FBF72AFB0DF11E0089
S21402C6800BF0F9FAB8F1030F04469DF82EB02FD13D
S21402C6900DF12F050AF05FF9824540F03181032E35
S21402C6A0B7D19DF836100DF11E02003918BF0121D0
S21402C6B00DF12E0008F098FDABE7FBF709FB00280A
S21402C6C0DCD1002EA5D0D9E7FBF702FB68B10DF14D
S21402C6D01E000BF0D0FAB8F1030F04464FF0000B21
S21402C6E040F082800DF12E05D4E7002E91D0EEE7C1
S21402C6F04E4B1B6898072AD5FF2208210DF13700FA
S21402C7000AF0B7F8814610BB034601460DF1370220
S21402C7100220FEF753FB0AF01EF982450DF1370799
S21402C7200DF12F0523D04FF6F7739A4540F2ED80B0
S21402C7300022082128460AF09CF8002800F0E5802E
S21402C740002259460DF11E00FFF798FB61E70DF136
S21402C75037070DF12F0538460BF039FA002848D076
S21402C7600AF0F9F8824540F0CC804FF000092846DE
S21402C770F7F7D2FD002800F0C480B8F1010F5BD0B5
S21402C780B8F1040F7FF445AF0BF044FA10B1032E54
S21402C7907FF43FAF002C7FF43CAF3A4602210DF106
S21402C7A01E00FFF713FC224B1B7863B1FFF770FEE7
S21402C7B0FEF7C4FD022806D10120FEF7B9FD0121CD
S21402C7C00846FEF741FC1B4B1B78022B20D10321A7
S21402C7D0384608F0FDF8FEF7B1FD014600287FF462
S21402C7E018AFFEF731FC14E70DF136070DF12E05F2
S21402C7F0B1E7104B1B78432B7FF40BAFB8F1010F58
S21402C8007FF407AF0AF0A7F882457AD1C146AEE7B1
S21402C810412B7FF4FEAE054B1B6859057FF5F9AE3A
S21402C820F9F73EFEF5E600BF4A61002048470020C1
S21402C830F86100204E6100206C4D2B78022B22D02E
S21402C8402B78412B3FF4E5AE3CB9FBF741FA59464B
S21402C85002460DF11E00FFF711FBFBF739FA00281E
S21402C8603FF4D7AE0BF0D6F9614C98B123681B059E
S21402C87002D42B78432B0DD1B0070BD440F61A40C6
S21402C880F9F70CF8C5E60BF0C5F90028D8D0B207C0
S21402C890D6D4BEE6206810F0020002D102990BF050
S21402C8A078FB2B78112B16D12368590513D5002057
S21402C8B0FEF7E0FB044600287FF4ABAE0AF0B9FAB6
S21402C8C040F61C40F8F7EAFF21462046FEF7BCFB7E
S21402C8D0F8F7F0FF9DE6B20701D5FFF757FAB9F170
S21402C8E0000F9DD008F004F918B94FF480310BF010
S21402C8F046F900223F4B38461A600BF05FF98FE785
S21402C9000027039B002B7FF40EAF4FF6FF732846DB
S21402C91005A9ADF814300AF011F820B1284609F03E
S21402C920EEFFADF814004FF6FF73BDF81400984200
S21402C9303FF46FAE002C0CBF0423152301930DF1B8
S21402C9401E0300933A4643462946FFF703FD60E678
S21402C9500DF11D00F7F7E0FC00283FF45AAE022264
S21402C96029460020FAF79EFE53E6F3077FF551AEFE
S21402C9703246284607A90BF036FB4AE69DF81D10FC
S21402C9800120FFF7D1FA44E6184B1B78022B20D180
S21402C990002D7FF43EAE05A8FEF788FA00283FF485
S21402C9A038AE154B1D709DF81D30002B14BF642445
S21402C9B06524FEF7C3FC032806D128462946FEF75F
S21402C9C043FB2846FEF7C0FC214605A808F000F8FF
S21402C9D01FE6043B012BDBD9284608F0F0FB0028B3
S21402C9E0D6D116E6204608F0ECFB12E64E61002091
S21402C9F04847002044470020F86100202DE9F34113
S21402CA0005460E46174698460BF004F9044640B112
S21402CA1001233A4631462846CDF80080FFF76AFCE5
S21402CA2004460BF0F7F830B1FFF770FB78B10A4B0B
S21402CA301B689B010BD400233A4631462846CDF8A4
S21402CA400080FFF757FC002C0CBF0446012404F0BC
S21402CA50010002B0BDE8F0814847002070B58AB0F8
S21402CA6005A808F047F8022301AA15468DF81430E7
S21402CA70084B03F11006144618685968083303C4B5
S21402CA80B3422246F7D1294605A808F09EF90AB015
S21402CA9070BD00BFBF960400014B1878704700BFF8
S21402CAA0716B0020014B1888704700BFEE6A0020A9
S21402CAB04FF6FF732DE9F043994280460D4685B046
S21402CAC00BD000274FF6FD791C4EEBF71BFDFCB290
S21402CAD0A0420BD84FF6FF701DE0F7F71DFC0028AA
S21402CAE0EFD005B0BDE8F04309F035BF36F8143094
S21402CAF04B4517D8694620460BF0C2F80822414635
S21402CB000DF10500EFF7AAF84FF6FF7360B99D42E4
S21402CB1004D136F8140005B0BDE8F08326F81450A8
S21402CB200BF088F80137D0E79D42FBD036F8143078
S21402CB30AB4208BF26F81490F4E700BFAC590020B9
S21402CB402DE9FF4706460F4600254FF6FD79DFF82A
S21402CB503C80DFF83CA0EBF7D5FCECB2A04202D852
S21402CB6004B0BDE8F08738F814304B450CD8694657
S21402CB7020460BF085F8082231460DF10500EFF746
S21402CB806DF808B90AF804700135E4E7AC590020DC
S21402CB9014610020014B33F810007047AC59002096
S21402CBA0F0B5064600250D4F85B0EBF7ABFCECB2B0
S21402CBB0A04201D805B0F0BD37F81430B3420BD10D
S21402CBC0694620460BF098F89DF80030022B1CBFF1
S21402CBD04FF6FD7327F814300135E6E7AC5900200E
S21402CBE030B585B004460D46EBF78CFCA0420FD953
S21402CBF0084B33F814204FF6FD739A4208D869465C
S21402CC0020460BF079F829460DF10500FFF750FF94
S21402CC1005B030BDAC59002030B585B00446EBF700
S21402CC2071FCA04219D92046FFF75AF80546B0B95A
S21402CC30694620460BF024F89DF800302BB1694671
S21402CC4020468DF800500BF039F84FF6FF720020A0
S21402CC50044B23F8142005B030BD2820FBE740F62D
S21402CC600440F8E7AC5900202DE9F0410B78054660
S21402CC700E461BB9BDE8F041FFF7CEBFEBF742FC0C
S21402CC80A84231D92846FFF72BF878BB374617F863
S21402CC90058B4FF6FF713846FFF70AFF0446384603
S21402CCA000F01EFAB0FA80F04009B8F1000F15D075
S21402CCB0B8F1030F15D04FF6FF724FF6FD7394428C
S21402CCC008BF1C460B4B314623F815400A4B5855F5
S21402CCD028460AF0F3FF0020BDE8F0814FF6FF7405
S21402CCE0F0E74FF6FE74EDE72820F5E740F604403D
S21402CCF0F2E700BFAC590020146100202DE9FF4185
S21402CD000D4604464FF6FE780F4F0E0AEBF7FAFB77
S21402CD10A04204D8FF24204604B0BDE8F08137F8CC
S21402CD20143043450CD1694620460AF0A9FF9DF807
S21402CD300520EBB29A4203D19DF80630B342EAD000
S21402CD400134E4B2E2E700BFAC5900202DE9F04F0F
S21402CD500C461746984600254FF6FD7B87B09DF891
S21402CD6040A0DFF85C900190EBF7CCFBEEB2B0424D
S21402CD7001D8FF2616E039F816205A451ED8304646
S21402CD8002A90AF07DFF3FB99DF80920424515D158
S21402CD909DF80C20524511D144B939F81620019B52
S21402CDA09A420BD1304607B0BDE8F08F08222046E3
S21402CDB00DF10D01EEF752FF0028F3D00135D3E74F
S21402CDC0AC59002010B514460AF05AFF2046BDE8BA
S21402CDD0104008220149EEF747BC00BFD16100208F
S21402CDE02DE9FF47074615460846082224491E46EF
S21402CDF0EEF734FF044600283FD14FF6FF7ADFF8FD
S21402CE008490EBF77FFB5FFA84F880450BD385B3FB
S21402CE10384605F094FD01250C9B187001203570EC
S21402CE2004B0BDE8F08739F8183053451FD069467C
S21402CE3040460AF025FF7A789DF801309A4216D1CC
S21402CE407A88BDF802309A4211D13A799DF80430B8
S21402CE509A420CD108220DF10501781DEEF7FEFE6E
S21402CE6028B9002DD7D1404605F084FDD3E701341A
S21402CE70C7E7FF2005F07EFDCEE70020D0E700BF23
S21402CE80D1610020AC590020F0B50025154E164F92
S21402CE9085B0EBF737FBECB2A04201D805B0F0BD87
S21402CEA0694620460AF0ECFE9DF80030032B06D9B0
S21402CEB00023694620468DF800300AF0FFFE9DF8F2
S21402CEC0002062B14FF6FD734FF6FE71032A08BFCB
S21402CED00B4626F81430002301353B55D9E74FF6AA
S21402CEE0FF73F6E7AC59002014610020F8B50E4631
S21402CEF004464FF6FF770C4B0C4D1B7803EB4303AF
S21402CF0005EB8305A54202D800242046F8BD2388F7
S21402CF10BB4206D008223146A01CEEF79FFE002830
S21402CF20F3D00C34EEE700BF386B0020EC5800203C
S21402CF30044BFF211A78044802EB42029200EEF7F5
S21402CF4041BB00BF386B0020EC580020F8B5044601
S21402CF500C4B0D461B781046A3420DD90C27022116
S21402CF6017FB04117C43084E08223144EEF77CFB83
S21402CF70335B00202B80F8BD0023136053604FF60E
S21402CF80FF73F6E7386B0020EC58002038B50446ED
S21402CF904FF6FD75FFF704FE0022084B1878084B83
S21402CFA0D1B2884200D838BD33F80C1C0132A142F7
S21402CFB008BF23F80C5C0C33F2E700BF386B002086
S21402CFC0F858002070B505460E460846FFF7DEFF05
S21402CFD031462846FFF76CFD29460648FFF786FFCE
S21402CFE000B970BD044624F80C6B0AF023FE2946ED
S21402CFF02046F3E7EC58002010B5082286B02349F5
S21402D0000446EEF72BFE20B906B0BDE8104009F044
S21402D010A2BC082220461E49EEF720FE20B91D4B70
S21402D020B3F8680006B010BD0023012221464FF671
S21402D030FF700093FFF78AFEFF2806D0164B33F8E0
S21402D04010004FF6FB739842ECD903A8FEF7CCFE0D
S21402D05058B9BDF80C305B0607D5082221460DF1FB
S21402D0600E00EEF7FBFD0028DCD021460B48FFF74A
S21402D0703DFF40B14FF6FB724FF6FF7300889042B9
S21402D08088BF1846CEE74FF6FF70CBE7D161002087
S21402D09032550020C8540020AC590020EC5800201D
S21402D0A070B5002204464FF6FB7608460A4B1D78FA
S21402D0B00A4BD1B28D4201D8002009E01988B1424C
S21402D0C007D8A14205D10822991CEEF7CDFA012015
S21402D0D070BD0C330132ECE7386B0020EC580020B0
S21402D0E037B5014605460E48FFF700FF044640B135
S21402D0F0807A29460AF024FE80F00100C0B203B00E
S21402D10030BD03460090012229464FF6FF70FFF716
S21402D1101DFEFF2816BF034B2046185CE9E700BF3A
S21402D120EC580020146100202DE9F341224B0446FE
S21402D1301B780F468342154638D9FEF7EBFDB8BB7F
S21402D1404FF6FD739D421D4E0ED004EB440326F8A7
S21402D15023504FF6FF739D421FD12046FEF7F2FD85
S21402D160002002B0BDE8F0810DF10601384609F054
S21402D170E5FB4FF6FF72BDF806303846934218BFFD
S21402D1801D460C236343F55206EB0308FFF7A8FF80
S21402D190B0FA80F0400988F80A000C2303FB04600A
S21402D1A0082239460230EEF75FFAD9E72820D8E798
S21402D1B040F60540D5E700BF386B0020EC5800204B
S21402D1C038B504460D46FFF7BBFC21460448FFF778
S21402D1D08DFE00B938BD857221460C30F7E700BFD8
S21402D1E0EC5800200023074A1370074A1370074AB8
S21402D1F0118801B11380064B1A880AB100221A80E0
S21402D200704700BF0A62002009620020E65A00202A
S21402D210E45A00202DE9F04F3C4C1D46238887B087
S21402D2200746884610469DF840605BB952B10BF03F
S21402D2301FF820804FF4FA61354807B0BDE8F04F7A
S21402D2400DF010B8DFF8D890B9F80040002C49D09D
S21402D25020460CF037FFC0F3470620460CF016FFB8
S21402D260DFF8C0A00296BAF80030DFF8BCB001932F
S21402D270BBF800300446009300222B4601202549C5
S21402D2800BF075F8ADF81600E8B1012504EB46067A
S21402D290B4420DD1BDB9BDF81630A3B12A464146F7
S21402D2A0384600F06FF9ABF80050AAF800500AE0D2
S21402D2B0012321461A460DF11600F6F709FB023441
S21402D2C005460028E4D00023134AA9F80030137854
S21402D2D0013BDBB21370002BACD107B0BDE8F04FB8
S21402D2E0FFF780BF0D4C237823B90DF0F9F808B983
S21402D2F001232370324629460520F7F70DFA002847
S21402D300EBD1207007B0BDE8F08F00BFE65A0020D0
S21402D310486A0020B44904000A620020096200201C
S21402D320E45A0020805A0020825A002030B5154D5B
S21402D33087B02C889CB923464FF4A07248F2380175
S21402D34003A80AF0D9FD21462046FAF7E3FA224658
S21402D3500D4B009403A9FFF75DFF07B030BD2046D2
S21402D36009F068F904300DF0B0FA03A904462888DB
S21402D3700BF064F90023009320462A8803A900F0E4
S21402D380AFFAEAE7E65A002000F8FF0737B50020B2
S21402D39001A9FAF7BFFA0D4C014623780C4D7BB172
S21402D3A00C4B019A1878FAF7CBFA2078F8F74CFC6F
S21402D3B0002323702B700848F6F736FB03B030BD07
S21402D3C02B78002BF7D0FFF7B1FFF4E70C620020B2
S21402D3D00A6200200B620020486A002008B5054851
S21402D3E0F6F732F80448F6F72FF8BDE80840034887
S21402D3F0F6F72AB8E65A0020E45A0020E25A00203D
S21402D4002DE9F04F89B089460446CDE905239DF8FB
S21402D4104870139E30B316F801ABBAF1000F23D052
S21402D4200AF1FF34A400E4B23146012007F00FFFF0
S21402D430C00E1BD1DFF838B13146012007F007FFD6
S21402D4409BF8005034442279BDB1002F47D1802387
S21402D4504846CDE90277CDE900773E4A059900F0C5
S21402D46091F83CE08246DFE75446DDE71B28ECD91C
S21402D4703146012007F0EBFEE7E7DFF8F880FF2AE7
S21402D48000EA08080BD14246E379A179607901EBFC
S21402D490032189B209B0BDE8F04FFAF751BA2E4916
S21402D4A009688B070AD5FE2A35D101230135EDB26C
S21402D4B0202D4FEA43030AD1FF250AE029462846D3
S21402D4C00792FAF727FA4845BFD1079AEBE798453D
S21402D4D0ECD1224B1B78FF2B04D0AB4204D009B010
S21402D4E0BDE8F08FFF2DFAD029460020F4F7B2FFF0
S21402D4F00028F4D09BF800306479002BEFD1FFF7B8
S21402D50071FE17484FF410510CF0ACFE154B8BF819
S21402D51000501C70E3E7052A97D8BAF1010F94D899
S21402D520B8F1000F91D0002FD9D17379002BD6D045
S21402D5300D49098821B9082B28BF08230B490B700F
S21402D540434648461292DDE9051209B0BDE8F04F9F
S21402D550FFF760BEB449040048470020726B002003
S21402D560486A00200B620020E65A00200A62002069
S21402D5700C62002000F8FF07014B1880FFF7D6BEAA
S21402D580E45A00200CB42DE9F04F8BB014AA0E46D4
S21402D59052F8041B07460992002940F08F80BDF816
S21402D5A05400ADF82200002800F0A18033794FF62F
S21402D5B0F778002B40F0868047458CBF4FF009086D
S21402D5C04FF008084C4B1C78FF2C40F08380B6F9CD
S21402D5D00230002BA9BF494B347A1C780134A2BF13
S21402D5E0E4B21C7044F08004DFF81CB1224600212D
S21402D5F001F0A2FC9BF80030BDF82200002B6CD094
S21402D600DFF808A14FF00009BAF8003007930CF0D3
S21402D61059FD0546BDF822000CF038FDEBB2CDE907
S21402D6200193FF23CDE90309009322463346394688
S21402D6300798FCF7B5FB4FF6FF7305468BF800908C
S21402D640AAF80030382D33D13246394640460DF11D
S21402D650220307F0BCFD00284BD04FF6F7739F421B
S21402D66026D8B6F902307088002B21DA48F2040276
S21402D6702349244B4FF00008904214BF894699462E
S21402D68009F069F9494603468A220120CDF800804E
S21402D6900AF06DFE814658B12246414601F04CFC26
S21402D6A0FF23324639464046CDE90098FCF7DAF9C0
S21402D6B028460BB0BDE8F04F02B0704701200AF0D2
S21402D6C033FE6EE7002347458CBF4FF006089846A8
S21402D6D0337177E7FF221A7086E7CDE900033246F8
S21402D6E0FF2339464046FCF7BDF90546AAE7192549
S21402D6F0DEE70546DCE700BF746B00200E62002002
S21402D700C5490400BA4904000D620020E85A002008
S21402D71070B54FF4003300240546164688B0ADF8BF
S21402D7201A100DF10F0204A90593ADF81840ADF8D2
S21402D7301C4004948DF80F4007F028FD9DF80F302A
S21402D74028460193049B044A009305A93346FFF733
S21402D75019FF08B070BD00BFBE49040030B54FF4D3
S21402D7608035002487B00395BDF82850CDE9001215
S21402D7708DF81030074A034603A9BDF82C008DF831
S21402D7801140ADF81250ADF81440FFF7FBFE07B09B
S21402D79030BD00BFCA490400B1F1006F2DE9F04365
S21402D7A014462CBF392238228BB01D464FF0000398
S21402D7B0ADF81E204FF480022CBF4FF001099946A7
S21402D7C0FF2C0646ADF81C300892ADF824304FEA1E
S21402D7D011471FFA81F80FD109F0CEFBB9F1000FFD
S21402D7E019D1154ACDE9020543463046CDE9007403
S21402D7F007A9FFF7C7FE1AE0FE2C0AD109F0BCFB08
S21402D8000130C0B209F0C3FBB9F1000F12D00B4AC7
S21402D81002E0E8B2F8E70A4ACDE9030501233046FA
S21402D820CDE90174CDF8008007A9FFF7ABFE0BB077
S21402D830BDE8F083034AD5E7C2490400C84904009C
S21402D840C1490400C94904004FF498124FF080639E
S21402D85010B586B0CDE903230023ADF8143009F0E5
S21402D8607AF80446F8F796FA054B01900093054AB3
S21402D870234603A94FF6FD70FFF784FE06B010BDDF
S21402D880D1610020CE49040008B5064B1B78022B56
S21402D89002D0043B012B03D8FFF7D6FF002008BDB9
S21402D8A00220FCE74E61002030B500244FF480656C
S21402D8B087B0CDE900128DF81030084A034603A956
S21402D8C04FF6FD708DF811400394ADF81250ADF886
S21402D8D01440FFF757FE07B030BD00BFD249040020
S21402D8E02DE9F04F99B00E4605460CA91046CDE933
S21402D8F00A329DF888700AF05EFABDF830908046CB
S21402D90048460CF0DFFBB6F902300446002BB6F8A8
S21402D91006A0B6F802B004DA00228D4B1A70002078
S21402D92049E048460CF0CEFB4045F5D3A4EB08048C
S21402D930E3B2002F18BF4FF4A07A152B099328BF25
S21402D94015230024013308F1FF324946DBB292B2B6
S21402D950009412A80DF0B2F86FEA4B436FEA5343F5
S21402D9607C499DF8482008684968ADF83E300DAB02
S21402D97003C3ADF84040ADF83C40ADF842A0ADF868
S21402D9804420BBF1000F24D10DF14900F6F7C4FC88
S21402D990A0B108F0E0FF5C4680460DF151060DF19D
S21402D9A049030A9A96F80090012A2CD14FB384F0C4
S21402D9B0010404F0010019B0BDE8F08F0DF1490032
S21402D9C00AF008FB4FF6FF74011B4C4280464C419E
S21402D9D0E3E7BBF1010F57D1BDF8498008F0BBFF62
S21402D9E080450AD040460DA90AF0F7FA80F00104F5
S21402D9F0E4B20DF14B060DABD3E7574B0DF14B06D8
S21402DA00CFE70A9CD5E75FB344BBB9F1010F25D82F
S21402DA1030D108F0A0FF08F09EFF224680467178BB
S21402DA204D4B029100210120CDE900814B490AF0BD
S21402DA309EFCADF8320088B124BBB9F1010F0CBFD1
S21402DA400D210C210DF132000AF0F9FB024628B92D
S21402DA502846BDF832300FA9FFF794FD0120AAE749
S21402DA60B9F1010F04D1002CD3D081227178D8E706
S21402DA70002CFAD1B9F1010F94BF0022012271786D
S21402DA80D201CEE70C21DDE70A9B002B7FF447AFDD
S21402DA907388342B4BD1099B092B7FF440AF002FA0
S21402DAA07FF43DAF9DF951603A46B41008210DF15E
S21402DAB0490004F0200408F0DCFEA0B1284B1B78D5
S21402DAC0012B3FF42CAF274A274BB2F868201B687D
S21402DAD0AA421DD0DA001BD5C8232846234A0FA91E
S21402DAE0FFF750FD1BE70DF14900F6F715FC00287D
S21402DAF0E4D10DF149000AF06DFA4FF6FF73984231
S21402DB00EAD02146F9F778FE03460028E4D1E4E796
S21402DB105B0201D5002E08DA00232846134A0FA915
S21402DB20FFF730FD124B1C70F9E68D23D5E7099BF3
S21402DB30CDE905A204930DF14903CDE902833146EE
S21402DB402846CDE900790B9B0FAA00F03DF8E6E6E1
S21402DB500262002034D20300D1610020D6490400BC
S21402DB604F610020C8540020484700201EFF0300D3
S21402DB70736B0020024B187840F08000704700BF9D
S21402DB800E620020014B188000207047F66A0020C3
S21402DB904FF6FF71034602881B798A4217BF074970
S21402DBA001200A8041881EBF054A00201180FF2BF3
S21402DBB01EBF044A00201370704700BFF26A00209E
S21402DBC0F06A00200F6200202DE9F04FA1B09946BE
S21402DBD0BDF8AC302D9F0D939DF8B03004460E93E1
S21402DBE0BDF8BC3038460F939DF8C0304E88884644
S21402DBF015469DF8A8B010930CF067FE112E8246CB
S21402DC0071D808F0A8FE504576D0062E10D14FF6F1
S21402DC10FD72924526D0BBF1000F10D10022802360
S21402DC20CDE900A229462046BC4AFFF7ABFC06E037
S21402DC30BBF1000F03D1032E07D8012E09D800220C
S21402DC40B74B1A7021B0BDE8F08F043E022EF6D80C
S21402DC50E4E7802329462046B24ACDF800A0FFF723
S21402DC6091FCECE7B04B1B785E074CD408F073FED1
S21402DC700026034632460120A84900960AF077FBA2
S21402DC803B79ADF866000F930028DBD0DDE90E3253
S21402DC900D9803EB42090CF015FA5FFA89F909F1BF
S21402DCA005085FFA88F88045CCD241460D9801F007
S21402DCB02FF9109008EB40080D980CF003FA8045F7
S21402DCC0C0DADDE90F321343DBB2002B40F03482B8
S21402DCD0BBF1000FB6D1D84642460421BDF8660015
S21402DCE001F02AF974E1904A3A2E127812D948F2D3
S21402DCF03B039E4207D013E08B4A127850070BD59F
S21402DD00321F022A08D8B8F8063043F48043A8F82F
S21402DD10063097E71B2E1DD8B21E91B213295FD983
S21402DD20109B494602930F9B3046CDE900B30E9AEC
S21402DD30234607F032FA0F2884D10122784B1A7054
S21402DD40794B1B789B0740F12783BBF1000F7FF4CA
S21402DD5079AFD8E7A6F11C011E29E1D801A050F838
S21402DD6021F000BFAFE3020021DD020021DD020048
S21402DD7045DC020021DD02009DE102009DE1020079
S21402DD8021DD020021DD020021DD020021DD02008C
S21402DD9021DD020021DD020021DD020021DD02007C
S21402DDA021DD020021DD020021DD020021DD02006C
S21402DDB021DD020021DD0200CFE10200CFE10200F8
S21402DDC081E3020021DD020021DD0200A3E302005E
S21402DDD021DD0200FFE3020015E4020023E4020054
S21402DDE0132A9DD801A151F822F000BF3DDE0200A1
S21402DDF0CDDE0200EBDE020003E002006DDC020074
S21402DE0021DD020021DD020021DD020021DD02000B
S21402DE1021DD020021DD020021DD020021DD0200FB
S21402DE2021DD020021DD020021DD020021DD0200EB
S21402DE3047E1020021DD0200DBE3020000231A9321
S21402DE408DF866300DF1660322460E994846009319
S21402DE501AAB07F09CF908F07EFD0646EAF75EFB71
S21402DE60162894BF4FF002094FF02209F7F792FFE7
S21402DE702E4B0746B3F800A0FBF7EAFD2C4B804674
S21402DE804FF6FF70B3F800B00AF05CF8294B9DF825
S21402DE9066201988244B1B7813F002031CBF264BFE
S21402DEA01B780B921A9ACDE90701CDE90932402375
S21402DEB02946CDE9019320460023CDE9058BCDE91D
S21402DEC0037A1E4A0096FFF75DFBBBE608F043FDA9
S21402DED01B4B1C4A1B88CDE92A03002329462046F1
S21402DEE021B0BDE8F04FFFF74DBBBE781AA9731EEE
S21402DEF0DBB2EF2B304627D9F22E25D005F079FC7F
S21402DF00822608F028FD00232946CDE90003034AAD
S21402DF1033462046FFF736FB94E600BFBA490400B4
S21402DF2002620020C54904000F610020F66A002044
S21402DF30F26A0020F06A00200F620020DC4904002A
S21402DF40F46A0020E949040005F053FC002856D084
S21402DF5008F001FD9DF86C209DF86E100492BDF845
S21402DF606A2049000392BDF86820C9B2CDE9016271
S21402DF709DF86D2003465200D2B208320A4400923F
S21402DF8001200022C6490AF0F2F99DF86D30ADF87C
S21402DF9066008DF8633000283FF454AE4FF0000858
S21402DFA001230DF163011A460DF16600F5F790FCA8
S21402DFB0074600287FF446AE9DF86330FAB29342D5
S21402DFC00CD89DF86E308DF86330B8F1000F02D091
S21402DFD0BDF8663036E04FF00108E1E741463046CC
S21402DFE005F009FC0123ADF86400022219A90DF11F
S21402DFF06600F5F76DFC01370028DDD022E68326A1
S21402E0007FE708F0A8FC064605F014FC33460090AD
S21402E01000220120A3490AF0AAF900283FF412AE12
S21402E02000273E46ADF8680005F004FC5FFA87F864
S21402E03040450DD832460421BDF8680000F07CFF4A
S21402E040BDF86830002229462046FFF79BFAF9E51C
S21402E050404605F0CCFBFF288DF866000BD0012366
S21402E06001361A460DF166011AA8F6B2F5F730FC2B
S21402E07000287FF4E7AD0137D6E75046B7F802909E
S21402E08005F0B5FBFF288DF8640000F0E2811AA9BE
S21402E09005F0AFFBBDF868304B4507D04FF6FF7270
S21402E0A0914540F0D681190400F1D3819DF86D3078
S21402E0B012930E9B0533DBB213930F9B149300232C
S21402E0C04FF0000911934B4613E017934900139B38
S21402E0D0C9B219440D9889B20AF0ECF84FF0000A5A
S21402E0E0179B159012995FFA8AF28A4216D309F1A3
S21402E0F00109149A5FFA89F19142E6D39DF86E20DF
S21402E1001292169A1392002B40F09581119B002BC7
S21402E11040F09F81109B14930123D1E711999DF83B
S21402E1206400179305F067FB159A179B0AF1010A1C
S21402E130824208BF0123D5E709F106095FFA89F38F
S21402E140B046169386E1BD1C29465046BC7A06F0B8
S21402E150A7FB01222946504609F0A3F8504609F0CB
S21402E16005FF284609F036FF3A88824207D04FF666
S21402E170FF72904203D00CF096FC09F017FF84F071
S21402E1800804C4F3C00421462846FFF719F82146BE
S21402E190284621B0BDE8F04F07F028B8BBF1000FC3
S21402E1A07FF450AD12073FF5AEAD33463A462946E8
S21402E1B0204601F08FF900287FF444AD84232946D7
S21402E1C02046394A21B0BDE8F04FFFF7DBB90F9879
S21402E1D097F8008009F072FC00210746204601F0FD
S21402E1E0E3FC312EA7EB0007FFB240F0D5804FF0DC
S21402E1F0000A012053465246CDE9008A2B490AF00E
S21402E200B6F8ADF8660000283FF41CAD162251465B
S21402E2101AA8EDF7D7F91AA808F026FE4FF0FF3332
S21402E220DFF894B0CDE91C339BF80090B9F1000FEB
S21402E23002D14FF0010A55E01D4E33796F2B02D9F9
S21402E2400026324625E050461CA9F6F73DFF002878
S21402E250F6D0184BB6F80090B3F86830B9F1000F54
S21402E2602CD1003B18BF01235B0143F004038DF859
S21402E2707A3002238DF87B3073881B0A49461EA823
S21402E2808DF87D300CF023FBB8F1000F65D0002628
S21402E29001220221BDF8660000F04EFE32461CE561
S21402E2A0ED490400BA4904001EFF0300F5490400C4
S21402E2B0445A0020C854002048610020B3EB0903EA
S21402E2C018BF01235B0143F005038DF87A30022361
S21402E2D08DF87B300F238DF87C30CDE70AF1010AEA
S21402E2E05FFA8AFA0AF1FF36F6B230460CF0E1FB24
S21402E2F0C307F3D59BF8003019EB030F04D009F1DE
S21402E30001095FFA89F9E9E7584B1CA918783044E5
S21402E310C0B2F6F7D9FE002892D0304609F057FE72
S21402E320814630460CF0C5FBC0070FD416238DF885
S21402E3307A304F4B1B780133DBB20F2B28BF0F23EB
S21402E3408DF87C304B4B33F8163096E730460CF09F
S21402E350B0FB8107EAD41223E9E7BDF866000BF0AA
S21402E360B1FE1630B84292DC012316221AA90DF12C
S21402E3706600F5F7ADFA00287FF464AC012660E784
S21402E38012073FF5C0AC3B46224629460F9801F0DD
S21402E390F9F800287FF456ACBBF1000F7FF452ACBC
S21402E3A00CE7BBF1000F7FF44DAC802307E708F0C3
S21402E3B0D2FA50457FF446ACB81CF5F7ADFF0028FC
S21402E3C03FF440AC08F0C7FA064608F0C4FA2A4BF7
S21402E3D02A4ACDE92A03334680E538460CF075FA18
S21402E3E009F0B0FD00283FF42DAC2A900023294600
S21402E3F02046234A21B0BDE8F04FFFF7C3B84B468C
S21402E4002A4621460020CDE92AB721B0BDE8F04FC2
S21402E410FEF7F6BF4B462A4621460120CDE92AB72B
S21402E420F3E75B464A46294620462A9721B0BDE8CE
S21402E430F04F06F0E0BE012319A91A460DF1660058
S21402E440F5F746FA00287FF4FDAB08F101085FFAFB
S21402E45088F8013605F0EEF95FFA86FA50453FF67F
S21402E4600CAEB8F1000F3FF433AC35E43E6B00203F
S21402E470F7610020765A0020D1610020FA49040094
S21402E480C5490400F8B5164B04461D88154B20F8FE
S21402E490025B196879B10822EDF7E6F8124B0C20F8
S21402E4A01B78124EA372124B19780023DAB29142ED
S21402E4B005D8FF2209E0C4F802104160EEE70133F6
S21402E4C000FB03F7F75BAF42F0D10A4BE2721B7810
S21402E4D02373094B1B786373084B1B682361F8BDD3
S21402E4E0F65A0020E455002010620020E058002072
S21402E4F0386B0020F4610020F3610020D055002024
S21402E500F0B589B006460C4615460AF086F80DF1B7
S21402E5100A020146304609F037FF144F0346F0B9A7
S21402E52001223A702288BDF80A102AB102460090EB
S21402E530072004F043F990B103A8FFF7A3FFBDF844
S21402E5400A000BF0BFFD0646BDF80A000BF09EFD62
S21402E55021460090F3B2284603AA06F0CBF9002320
S21402E560034A3B70136009B0F0BD00BF1162002081
S21402E570E4550020142230B58BB005460DEB02019F
S21402E5801548DEF767FC10BBBDF81430DA0720D456
S21402E59013F0060FC3F3410208BFC3F341220F4B29
S21402E5A00DF116019C5C68462246EDF79BF9BDF814
S21402E5B0263004F128026A4402F8283C02341B0A78
S21402E5C002F8273C69462A46E0B209F05BF80BB02F
S21402E5D030BD2320FBE700BF703214E0D79604005C
S21402E5E010B58AB0ADF826200022CDE905220492A5
S21402E5F00CAA02924FF6FF720446AC210120019249
S21402E600064A039004FB0122603200924CF6200177
S21402E6100DF1260209F0EAFC0AB010BDC85400202B
S21402E62010B54FF6FF741E4A8AB0B2F86800B2F808
S21402E6305E10A042ADF82600B2F85C304FF6FD70D0
S21402E640ADF8241018D081424FF0000094BF48F66F
S21402E65060014CF66001CDE90500CDE90300CDE985
S21402E660010094BF09AA603200920DF1260204202E
S21402E67009F0BCFC0AB010BD81424FF000008CBF0E
S21402E680603209AA00928CBF4CF6604148F660419F
S21402E690CDE90500CDE90300CDE90100014AE6E730
S21402E6A0C85400203255002000B50E4B0022B3F8A5
S21402E6B05E308BB0ADF824304FF6FF73CDE90522FD
S21402E6C0CDE90322CDE9012209AA00924FF40061A6
S21402E6D00DF126020720ADF8263009F087FC0BB0B4
S21402E6E05DF804FBC8540020202A10B5144614D83E
S21402E6F0012A04D10C88B4F5004418BF0124620034
S21402E70030B10748ECF7B0FF064B00201C7010BD76
S21402E7100548ECF7A9FF054BF7E72120F7E700BF0E
S21402E720F85A002012620020385B00201362002094
S21402E7302DE9F047104617460CF0C7F8DFF814A18B
S21402E740DFF814919AF8003099F800200546134332
S21402E75002D10020BDE8F08710F4406800F04006C1
S21402E76019D186BBB0F5804F5CD24FF4807400237B
S21402E7709AF80000344AD9B288425DD8002399F844
S21402E7800000324AD9B28842E3D932F8021B01337A
S21402E790A142F7D155E0F81C0CF097F84FF6FF733C
S21402E7A0984214BF0124022486B1052605F440438C
S21402E7B0B3F5004F44F0080424D0B5F5804F23D2B9
S21402E7C044F4807420E044460326EFE7B5F5804F14
S21402E7D04FF00506F4D3B8F5406F14BF02200820A8
S21402E7E0304438440CF071F8194B05F44045B3F840
S21402E7F05C3083420CBF44F0080444F00404B5F5D0
S21402E800004F01D144F08004B8F5006F0ED1B8195C
S21402E8100CF05BF80E4BB3F85E308342A7D144F09F
S21402E8201004A4E7444603260220D9E7B8F5406F51
S21402E83008BF44F020049AE732F8021B0133A142D3
S21402E84099D1012086E700BF385B0020F85A0020E5
S21402E850C854002013620020126200202DE9F04FF7
S21402E860104685B0164698460CF02FF85D4F00F01D
S21402E8700803B7F85C10044600F00709F01C029380
S21402E8800391B7F85EB00CF020F806F1050A0546CB
S21402E89050460CF01AF803464FF6FF70854218D021
S21402E8A00399A1EB050CDCF1000545EB0C056D00A8
S21402E8B04FF6FF718B420ED145F004050BF010FEA9
S21402E8C0029B6BB1B9F1000F11D0422005B0BDE832
S21402E8D0F08F0125ECE79B4508BF45F00805EDE7FC
S21402E8E0B9F1030FF1D8DFE809F0021B795D0BF0EE
S21402E8F0F7FD08B9A807E8D524F00804A4B2B4F5D1
S21402E900004F05D0B4F5624F02D0B4F5404FDCD1CB
S21402E9100025294697F8A820002007F069FE3CE06B
S21402E920D7F88030E3B9002132460846FFF700FFE9
S21402E930D8B948F6410224F038039BB29342C4D1B8
S21402E9400A2D49D0062DC0D197F87730023B012B0D
S21402E950BBD8F3F745FD0028B7D140F6040505E01D
S21402E9604146304698470028DDD00825E20648BFD3
S21402E97045F08005A30648BF45F4805505F00C0314
S21402E980042BC6D1F01D0BF0A0FF97F8A830324634
S21402E990009341462B4607F000FE08B30E9B1880F4
S21402E9A0002093E7A90705D14FF6FF73B7F85C205E
S21402E9B09A428AD104F44063B3F5006F0AD0B3F5E5
S21402E9C0406F82D1082250460749EDF747F90028E2
S21402E9D07FF47BAF0C25C9E70425C7E7432075E71C
S21402E9E0192073E7C854002028550020034B1A78D4
S21402E9F01AB1FF2A04BF00221A707047156200205F
S21402EA0070B5084C084E2378F55C1DB13E210748C8
S21402EA100BF07DFEFF2223782846F2540023237053
S21402EA2070BD00BF1462002015620020FE4904007B
S21402EA30034B044A1B78D05CFF3818BF012070478E
S21402EA4014620020156200200023074A074913605B
S21402EA50074A1360074A1360074A11600121074AF2
S21402EA601170074A13607047F4550020778103003F
S21402EA70F0550020EC550020686A0020756B0020D7
S21402EA80FC5500200E2A70B50C4606461546194659
S21402EA9003D9FFF7D9FF502070BD012807D1002007
S21402EAA0F3F7B8FCB0B1FFF7CFFF2120F4E78022DE
S21402EAB00021224B1A70224B1960224B1B684BB165
S21402EAC034200BF057FB204B188018B9FFF7BCFF19
S21402EAD00120E1E724F0FF6323F4FF231BB1FFF7D5
S21402EAE0B3FF4F20D8E774B92046F3F7ADFC0124F4
S21402EAF0032510F0800F43B21BBF00F01F039C409B
S21402EB009C4044F078440020104B24F078441E7059
S21402EB100F4B10491D70104B1C60104B1870104B99
S21402EB201A68F4F71FF818B1FFF78EFF0420B3E750
S21402EB309DF810200B4B1A70AEE700BF166200203D
S21402EB40F8550020EC550020785B00201B62002060
S21402EB501962002049EE0200FC5500201A620020CD
S21402EB60F4550020176200207FB5244B00251A7842
S21402EB7001232348234903FA02F200781A440A6062
S21402EB80ADF80E5020B3984236D11F4C1F4B20785A
S21402EB901B680DF10E0198471D4EBDF80E20307011
S21402EBA092B11C4B29460093284602230195F4F79E
S21402EBB013F83278237822B1012A12BF1B230133BD
S21402EBC0DBB2237004B070BD013818BF0120F0E735
S21402EBD078235A43013A0A6008220F490BF010FACA
S21402EBE00B49094A0978137821B1012912BF1B2360
S21402EBF00133DBB21370E5E71846E3E7196200203B
S21402EC001B620020005600201A620020686A00205C
S21402EC10756B002085EE02006DA40300024B186897
S21402EC20003818BF01207047EC55002037B505465E
S21402EC301C460BF055FC68B974B1084B1A60084BB9
S21402EC400A461C600123294600930323FFF71AFF96
S21402EC5003B030BD4D20FBE72520F9E7E85500203C
S21402EC60F055002013B504460BF03AFC58B962B1D1
S21402EC70074B1A6001230A46009321460323FFF737
S21402EC8001FF02B010BD4D20FBE72520F9E700BFCB
S21402EC90EC5500202DE9F0410446DDE906861D46C6
S21402ECA09DF820700BF01CFC88B99EB1A2B10B4BEC
S21402ECB001201A600A4B0A46C3F80080094B214617
S21402ECC01E602B460697BDE8F041FFF7DBBE4D20DF
S21402ECD0BDE8F0812520FBE72120F9E7686A0020DD
S21402ECE0F4550020F05500200148F4F7ADBB00BFF4
S21402ECF0785B00202DE9F0410020F3F7A1FE114BCE
S21402ED00114C1E68114B20881D68114B114FD3F809
S21402ED10008010B13978F4F771FD00203870FFF7E3
S21402ED2093FEF4F7ABF90EB14046B0473DB12088EA
S21402ED30A84700232380BDE8F0410BF063BDBDE881
S21402ED40F08100BFF0550020785B0020EC550020D3
S21402ED50FC5500201C620020F8B52F48F4F764FE2C
S21402ED602E4B187830BBF3F76FFB2D4F06463B68E9
S21402ED7003B32C4B2C4D1C6824B195F900301A466F
S21402ED801946A047294B1B6883B1294C2378312B9F
S21402ED900CD8284B18880BF079F923785A1C227065
S21402EDA02A78C25423785A1C2270C65480232B70A9
S21402EDB000233B60204C23781A2B22D81F4A127855
S21402EDC0012A09D100211E4A156825FA03F0C00758
S21402EDD0DAB20ED501B122700020F3F735FB2178A6
S21402EDE0884212D10022174B1A70FFF7BDFE40B9B7
S21402EDF0F8BD0133D8B21A284FF00101E5D90A440A
S21402EE002270BDE8F840FFF775BF0020F3F72EFB2F
S21402EE100028E7D0F5E700BF6C6A00201B620020DE
S21402EE20F8550020E855002016620020EC55002018
S21402EE301C620020785B00201A620020756B00209E
S21402EE40FC5500201862002008B50B4B187880B9D4
S21402EE500221F3F7CDFA094B1B782BB100214FF6AE
S21402EE60FF720846F3F7A6FABDE808400448FFF723
S21402EE7073BF00210846ECE71B62002017620020E1
S21402EE806C6A002038B5144B0C461D78012D21D132
S21402EE9081B90846F3F7D8FA104A05FA00F0136863
S21402EEA00F4923EA0003136020462A46BDE838408D
S21402EEB00BF0A6B80B4A13780133DBB2022B1370A1
S21402EEC004D9BDE838400848FFF746BFFFF74CFEB6
S21402EED00028F6D138BD00BF1B620020FC5500207A
S21402EEE06DA40300186200206C6A002038B50C4638
S21402EEF005460BF0E7F8A04203D82D2103480BF095
S21402EF0006FC28460BF0C2F8204438BD124A04001C
S21402EF1070B506460D460BF0B9F8044648B13046C1
S21402EF200BF0D0F8A84203D8352102480BF0EFFBCD
S21402EF30605D70BD124A040070B50C460646154662
S21402EF400BF0C0F8A04203D83E2104480BF0DFFBCA
S21402EF5030460BF09BF800B1055570BD124A04000E
S21402EF602DE9F0438FB007460C4615461E469DF81F
S21402EF705880F8F755F920B1F4F796FE08B144F434
S21402EF8000544D4B1B7813B924F40074A4B2200528
S21402EF9009D546B9284604A9F5F750F9002846D0FF
S21402EFA024F40064A4B2ADF81840ADF81A5007F085
S21402EFB0D2FC424BADF81C00B8F1000F02D01A7812
S21402EFC0424501D293F800803D4AE105137848BFD6
S21402EFD00DF1210103F10103DBB2137058BF08A93A
S21402EFE022058DF81E808DF81F3006D5336808314D
S21402EFF041F8083C736841F8043CE30407D5314AFB
S21402F0000831136841F8083C536841F8043C0DF196
S21402F0101808A1EB08005FFA80F9002148460BF0B9
S21402F020A9F8064628B900200FB0BDE8F08304AE62
S21402F030B9E70BF02BF841464A46ECF753FC30464C
S21402F0400BF040F8804630460BF020F800230246CC
S21402F05000934FF6FF7004235FFA88F107F09DFADB
S21402F060ADF80E000028DED040F201131C421AD181
S21402F0704FF6F7739D4216D80BF024F80DF10E01E9
S21402F0800446284600F090FDBDF80E000BF01AF874
S21402F090E4B2A04207D9BDF80E0007F0CBFA4378D7
S21402F0A043F004034370BDF80E003A4601210BF00C
S21402F0B039F8BDF80E00B7E74A610020326B00202F
S21402F0C04C610020D1610020F0B50829D58889B0AE
S21402F0D028D00C2926D0AE0424D405F040030B43D6
S21402F0E0424C267816B105F0200423432FB2002F97
S21402F0F0B8BF43F08003032920D11223AC068DF853
S21402F1000430937A10D48DF805300DF1060401A967
S21402F110621A012392B2F4F7DBFBB0FA80F04009E0
S21402F12009B0F0BD0B46DBE732228DF805308DF8CC
S21402F1300420002EE9D00DF11304E8E70C298DF81F
S21402F14004300ABF138953798DF80530548805BFF9
S21402F1501B0A8DF806308DF805300DF1070318BF2F
S21402F1600DF106031C70240A5C70148802399C7028
S21402F170240ADC70147901291C7111D8917A002FA7
S21402F180597131DA022112899971DA71120A03F180
S21402F19009041A72002EBAD0AB06B8D50534B6E703
S21402F1A0A9071AD4002F0CDA117A51B1917A597143
S21402F1B01189127A03F1080492B102229A71D97166
S21402F1C0E8E70B4C217801F1010C84F800C091723B
S21402F1D09C1D002F5971DDDAEAE7917A9C1DF8E74B
S21402F1E00122090A9A71EAE79C1DD3E74A610020C8
S21402F1F04B610020014B1880704700BF7A5B0020ED
S21402F200014B1888704700BF7A5B00202DE9F8434F
S21402F21007460BF075FA05461B480BF0E8FB1B4B3E
S21402F22060B31C683C1B2C44A4B20022184BDFF8C7
S21402F23068901B78174D03EB830399F8006005EB83
S21402F24043055FFA82F846450AD9AB8805F10A00FB
S21402F250A34216D90A23B21A29465A43ECF704FAED
S21402F260013689F80060AC80B8F1000F03D1394648
S21402F27005480AF0F7FF2846BDE8F8833C461D60BD
S21402F280D3E705460132DCE78C6A002004560020EC
S21402F2901D620020125A00201E6200201FB5154A69
S21402F2A0154C1378013BDBB213706168206801AA23
S21402F2B003C221891180114A1278D21805D00A2376
S21402F2C020465A43E118ECF7CFF99DF806301B07A3
S21402F2D00DD0BDF80C00FFF799FF03468288ADF803
S21402F2E0082001AA03CA1288186059601A8104B05D
S21402F2F010BD00BF1D620020125A00201E620020B0
S21402F300002108B5084B09481970094B1970094BBA
S21402F3101A7802EB82025200ECF754F9BDE8084074
S21402F3200548F4F781BB00BF1E620020125A002077
S21402F3301D6200203C6B00208C6A0020F8B5002479
S21402F340084D094F094E3B783178E2B20B449A4297
S21402F35004F1010400DBF8BD2846F4F775F80A3517
S21402F360F1E700BF125A00201E6200201D62002034
S21402F37010B5064C207828B1054807F087FE10B174
S21402F380034B188810BDFFF789FFF3E71D620020C4
S21402F390125A002008B50A4A0346107860B1094A94
S21402F3A01088984209D121B99378103323F00F03BD
S21402F3B09370FFF773FF012008BD0020FCE700BF33
S21402F3C01D620020125A00202DE9F74F00260BF08E
S21402F3D097F9DFF8F890B24699F80070B3463A46C5
S21402F3E0DFF8EC801FFA80FEB8F800C0344CAEEBB3
S21402F3F00C039BB201932378324D009303EB8303F5
S21402F40005EB4303ACEB0E0C5FFA86FEBE4515D346
S21402F410BAF1000F01D0009B2370BA422AD3002F04
S21402F42037D00A222378C8F8000002FB0353264886
S21402F430998803B0BDE8F04F0AF014BFB3F804E0B1
S21402F44001998E4512D84FF0010A009993F802E00E
S21402F45001310EF1FF3EC9B2013AA3F804B083F8B7
S21402F46002E00091D2B20A330136CDE7E644A3F8B1
S21402F47004E0F8E789F800204AB10A222378C8F89F
S21402F480000002FB0353104899880AF0EBFE23782B
S21402F49013B903B0BDE8F08FFFF76AFF06460028EF
S21402F4A0F5D006F0FBFF0146304607F0ECFD20B132
S21402F4B000212888FFF76EFFE9E740F60241F8E7E9
S21402F4C01D620020125A00208C6A00201E62002054
S21402F4D0045600202DE9F04192F808801F4608F1F4
S21402F4E0FF33DBB2EF2B05460E46144688B00BD927
S21402F4F082238DF80E30314628469DF80E30204A7B
S21402F500FEF740F8012037E00E22002104A8ECF7AF
S21402F51059F8B4F809308DF81180ADF81230E37A54
S21402F52003F07F02032A08D0012B24D103238DF88F
S21402F5301030A389ADF815300EE0032B14BF02235A
S21402F54001238DF81030E368CDF815302369CDF825
S21402F5501930237D8DF81430A7F121014A420DF1AE
S21402F5600E034A41009321460DF10F0304A8FDF74E
S21402F57037FC0028BFD1002008B0BDE8F08100BFEC
S21402F5801EFF03002DE9F04F00241D7895B0CDE94B
S21402F59002010492234622460120CDE90054404946
S21402F5A008F0E5FEADF81E00F8B1A346264627464B
S21402F5B00DF120090DF1380AE8F7A4FF5FFA84F886
S21402F5C0404516D83A460221BDF81E00FFF7B4FCA5
S21402F5D032460421BDF81E00FFF7AEFCDDE903103B
S21402F5E00022BDF81E30FDF7CDFF012015B0BDE8A4
S21402F5F0F08F4A4640460AA9FDF7E4FB9DF828200C
S21402F60022B12DB1013DEDB20137FFB20134D3E78D
S21402F610BBF1000FF8D199E803009DF829308AE87B
S21402F62003008DF84030BDF82A30032A8DF84130A9
S21402F6304FEA13238DF8423017BF032301238DF8B8
S21402F64043309DF82C30DDF83110DDF82D0014BF64
S21402F6508DF84C308DF8433011AB03C302980CBFC3
S21402F6604FF00E084FF0150808F028FA0590BDF87E
S21402F6701E000AF027FD059900EB080399420BDBF2
S21402F6800123424651460DF11E00F4F721F90028E7
S21402F690ABD10136F6B2B7E74FF0010BB4E700BFC5
S21402F6A0F549040038B505460D4B0E481C88F4F79C
S21402F6B0A7F9012D0CD10C4B1C88FA21614358B1D5
S21402F6C0884209D28408012C204638BF012038BD62
S21402F6D0022D08BF0224F0E702480AF0C3FDF2E753
S21402F6E00E5A0020344600200C5A0020012208B58B
S21402F6F0054B06481A7000210AF0B4FDBDE8084022
S21402F7000020FFF7CFBF00BF35610020344600203F
S21402F7101E4B73B51A8802F108039BB2012B02D85E
S21402F7201B4B1B7823B902B0BDE87040F4F77CB9D6
S21402F7300024184B184D1C70184B1C702B787BB18C
S21402F7404FF6FC73164E0093224623462146308817
S21402F75008F0DAFB4FF6FD732C70338001200FE0C1
S21402F760104B1046197807F08CFC0028F6D10C4B8B
S21402F7701A884FF6FD739A42F0D0012302202B70AE
S21402F78002B0BDE87040FFF78DBF00BF105A0020E0
S21402F7903561002038610020366100203761002084
S21402F7A00A5A002039610020012808B50AD002282A
S21402F7B00CD020B9084B18700848F4F735F94FF00A
S21402F7C0FF3008BDBDE80840FFF790BF0020BDE847
S21402F7D00840FFF767BF00BF3561002034460020AF
S21402F7E002280CD859B1064A13780133DBB21370DB
S21402F7F0044A12789A4202D80220FFF7D5BF704711
S21402F800376100203A61002038B5A0F61343012B79
S21402F81004460D4615D80E4A13780133DBB2137030
S21402F8200C4A12789A420CD84FF6FD720A4B002008
S21402F8301988914201BF00221D80084B1A70FFF7FB
S21402F84031FF29462046BDE8384005F057B800BFCC
S21402F850386100203B6100200A5A002036610020F1
S21402F86000234FF6FD71054A1370054A1370054AC8
S21402F8701180054A1370054A1370704738610020DC
S21402F880376100200A5A00203661002035610020C8
S21402F89030B5094B02461B7833B1084B084C197831
S21402F8A00023D8B2884201D3FF2004E0013334F8A3
S21402F8B023509542F5D130BD3B6B00203D610020C0
S21402F8C0EA5900200022FF21044B05481A70054B16
S21402F8D01970054B1A789200EBF774BE3D61002052
S21402F8E0EE5900203C6100203B6B0020F7B58DF8F6
S21402F8F007100DF10701044602F0CCFF234B1D78DA
S21402F900002D41D02046FFF7C3FF214EFF28317855
S21402F910204B05D1204A107885422DD9451C1570FA
S21402F920884219D01C4A1B4D92F800C00022D7B25A
S21402F930BC450CD92F4697F803E00132864505F1FF
S21402F9400405F4D102B203EB8202D278FA7002B254
S21402F95003EB8202D170307002B203EB820123F80D
S21402F9602240FF228A709DF80720FF2A02D003EB6E
S21402F9708203987003B0F0BD0A46104603EB82027B
S21402F980D278FF2AF9D1CBE7FF20F3E73B6B0020C2
S21402F9903C610020EE5900203D6100202DE9F8432D
S21402F9A0FFF776FFFF28044669D04FF6FF72354F01
S21402F9B003B2DFF8DC80344E27F8232098F8005094
S21402F9C0A54202D10020BDE8F883337820B2810038
S21402F9D0A34207EB800090F803E010D00023294AE8
S21402F9E05FFA83F94D45944606D99CF80390013395
S21402F9F0A14502F10402F3D18CF803E001E086F897
S21402FA0000E0013DEDB22A1BD2B204319200394425
S21402FA10EBF72AFE88F800503378FF2B04D0A34277
S21402FA2024BF03F1FF33337000214FF6FF70154BEE
S21402FA30CAB2AA420CD300234FF6FF71134ADCB2B5
S21402FA40AC42BBD2013332F823008842F7D1B5E785
S21402FA509A78A2420BD11880DA78FF2A04D0A24202
S21402FA6024BF02F1FF32DA7001310433E0E7FF2AE5
S21402FA70F2D0A24224BF02F1FF329A70ECE72D20A8
S21402FA80A1E700BFEE5900203C610020EA590020A1
S21402FA903D610020F8B51C4B05461B78084673B33B
S21402FAA0FFF7F6FEFF28044629D02846FFF7F0FEA9
S21402FAB0FF2806D0154B164E1A780023D9B291426B
S21402FAC018D3FF212846FFF711FFFF28014616D05C
S21402FAD00546104F23B207EB830237F823009678C9
S21402FAE0FFF704FFA84208BFFF25FF2E214608D1D4
S21402FAF02846F8BD013316F823108142DED1FF25D1
S21402FB00F6E73446E6E700BF3B6B00203D61002087
S21402FB10EC590020EE5900202DE9F04180460E46B1
S21402FB201F46002386B001A814469DF830508DF873
S21402FB300330FEF7A7FCADF804802EB13368CDF88B
S21402FB4006307368CDF80A3038460AF09FFA0DF18F
S21402FB5003034219214601A804F0DCFE9DF8033097
S21402FB6093B931464046E8F7C1FE0E4B1B785BB1AF
S21402FB700B2C09D8FF214046FFF7B8FE064605EBD8
S21402FB804404E4B2A54202D106B0BDE8F08129469B
S21402FB90384608F08FFB3146FFF7A8FE02350646C8
S21402FBA0EDB2EFE73B6B002000232DE9F3470DF1A2
S21402FBB007028DF8073004460E4602F056FE9DF800
S21402FBC00730054663B92046FFF762FE04465EB17B
S21402FBD030880AF077FA5FFA80F8FF2C45D10025C4
S21402FBE0284602B0BDE8F087B046F6E701320C2A96
S21402FBF0F5D02DB207EB8505AD78FF2DF6D112F0C4
S21402FC00FF0AECD04FEA4A050235EDB2002EE7D0E5
S21402FC10304605EB080108F012FB0028DFD15246F9
S21402FC2041463088FFF788F90AF1FF3208F10101F0
S21402FC3008F102093088D2B2C9B25FFA89F9FFF731
S21402FC407BF924B207EB8404A478FF2CC8D023B235
S21402FC50494637F82320308808F03CFB0028BED1FE
S21402FC6009F102095FFA89F9EBE725460022014FFE
S21402FC70BFE700BFEE59002008B5D5F7CDFED5F791
S21402FC80B7FA00F04AFAD6F7C5FEBDE80840D5F73F
S21402FC905DB810B5044601880120D5F77BFFE388DE
S21402FCA00BB9C823E38010BD37B50446D5F780FFED
S21402FCB0658885420ED8A188E288814205D3431B17
S21402FCC05343491BB3FBF1F39AB280B240EA0240B7
S21402FCD003B030BD0022F8E770B50C46088800F085
S21402FCE04BF994F84430054683420FD004F11C06C3
S21402FCF0304600F07CF984F8445000F07CF9618BC1
S21402FD00A0643046BDE8704000F06CB970BD38B5EE
S21402FD10044690F844108378826CCB1A59425941B3
S21402FD20D5F77EF8E37893B1257985B900F063F9C3
S21402FD300346A268218A04F11C009C1A8C4236BF34
S21402FD4052182946D11ABDE8384000F04BB938BDE2
S21402FD5009B100F0FDB800F005B938B5838804464D
S21402FD6003B3E3780088A17804F10C05A3B100235D
S21402FD70B1FA81F1E3704909FFF7EAFF4FF6FF7225
S21402FD80A388218993421CBF03F1FF33A380284630
S21402FD90BDE8384000F026B90123E370FFF7D8FF2C
S21402FDA0E188F4E738BD10B5044681780088FFF78D
S21402FDB0CFFF0123E3700023A38010BD10B5817826
S21402FDC00446B1FA81F100884909FFF7C1FF002312
S21402FDD0E370A38010BDFFF7F1BF70B50446054679
S21402FDE000262B4655F8040B10B11B1B0C2B00DD0E
S21402FDF070BD237C8680002BF3D0637C13B1FFF7A3
S21402FE00D2FFEEE7FFF7DAFFEBE7FFF7E6BF70B5E4
S21402FE10044605464FF6FF762B4655F8040B10B1FE
S21402FE201B1B0C2B00DD70BD8388B342F4D04FF44D
S21402FE30FA724FF6FF731146D5F746F8ECE709B1AA
S21402FE4000F086B800F08EB810B50446C0600830E0
S21402FE50D6F712F821792088B1FA81F14909FFF71D
S21402FE60EEFFA37943B121796088B1FA81F1BDE84A
S21402FE7010404909FFF7E3BF10BD00F0A9B80346DA
S21402FE80184613F8012B8A4201D0002AF8D170478F
S21402FE9010B53B2104460068FFF7F1FF0022034637
S21402FEA003F8012B2068236010BD10B540B1421E36
S21402FEB00A24002012F8013F303BD9B2092900D9A2
S21402FEC010BD04FB0030F5E708B500F07EF808B573
S21402FED040F2BA4200211020D5F7DAFD41F2E823BB
S21402FEE0584340F6FF7300F2FF70B0FBF3F080B2A7
S21402FEF008BD50F80C3C23B150F8041C30F80E0C28
S21402FF0018477047084619B1FF21103002F0D4BBDB
S21402FF10704773B505460E466DBA1446D5F7E2FE2F
S21402FF20ADF804507EB1012C04D0032C09D0002277
S21402FF30012101E02246022101A8D7F78BFF02B079
S21402FF4070BD0022F7E7042132460DEB0100F4E70C
S21402FF5007B540BAADF8040001A8D7F7AFFF03B063
S21402FF605DF804FB07B540BAADF8040001A8D7F760
S21402FF70D1FF03B05DF804FB002307B540BAADF825
S21402FF8004000DF1030101A88DF80330D7F7EEFF48
S21402FF909DF8030003B05DF804FB007800F0DF0371
S21402FFA0552B07D0642807D0663818BF4FF0FF30AD
S21402FFB0C0B27047012070470320704718B12D2841
S21402FFC00CBF012002207047704708B501F066FF9B
S21402FFD008B500F083F8BDE8084004F069BC50E9B3
S21402FFE0023018470A460830FF2102F05CBBFF21A8
S21402FFF0083002F069BB08B50AF0E1FBBDE808402C
S21403000009F0F8B813B500240DF107008DF8074082
S21403001003F000FC40B99DF80700033803288CBFA3
S2140300200020012002B010BD2046FBE72DE9F04179
S214030030044600274FF00C0E8F4202DB0020BDE87B
S214030040F0812078904204D1002594F80780454536
S21403005002DB01370C34EFE70EFB05F6D4F808C0D5
S2140300600CEB06003CF806609E42E8D00135EEE74E
S214030070F0B585B005460E461746D5F753FF04463A
S214030080A0B131462846D5F705FF83783A46002BBC
S214030090A36831460293A378284601934FF00003E2
S2140300A000930CBF80234023E4F7BCFE05B0F0BDED
S2140300B008B51288D5F736FF50B10279BDF80C3073
S2140300C09A4207D881680298EBF7CEFA002008BD5B
S2140300D08620FCE78920FAE7D6F728B8002004F044
S2140300E063BC08B504F0C8FC002814BF0320002036
S2140300F008BD10B50446FFF785FF20B12046BDE8CE
S2140301001040DFF7D5BD10BD08B5FFF77BFF18B16C
S214030110BDE80840DFF7BEBD08BD704708B502F06E
S214030120A7F9FFF7A9FDD6F767F86420DFF7D0FD38
S2140301306420DFF7BDFD02F09DF9D4F735FE08F025
S214030140B3FCF8E7F8B5D0E90176437B04460D46E1
S21403015013B133463E461F46FFF74DFF012D20647D
S21403016038460ED1D4F716FF3046D4F737FF25733B
S21403017060784FF47F42BDE8F8404FF48171FFF793
S21403018077BF022D05D1D4F729FF3046D4F702FFF7
S214030190EDE7D4F723FF3046D4F720FF0025E6E744
S2140301A038B5037B04468B420D4607D190F844309E
S2140301B05BB3BDE838404830FFF719BFFFF71BFFB6
S2140301C0216C431AC72B0CD80123C83184F8455039
S2140301D084F84430091A04F14800BDE83840FFF7B4
S2140301E001BF0DB1237B2BB929462046BDE8384015
S2140301F0FFF7A8BF00212046FFF7A4FF0123C8216D
S21403020084F8455084F84430E5E738BD90F8451047
S214030210FFF7C6BF0121FFF7C3BF0221FFF7C0BF29
S2140302200021FFF7BDBF4FF60173994210B5044690
S21403023002D10021FFF7B4FF2046BDE81040D6F7F1
S2140302407BB9032910B504462BD0007B30B90129AE
S21403025003D002290CBF0120FF2010BD032A07D8B4
S214030260DFE802F00208101401291CD002291FD06F
S214030270FF20F2E70029FBD1B4F85C20012A12D054
S214030280022AF4E704290ED00529F0E7042914D03E
S214030290052914D00029EBD1B4F85C20111F0129DD
S2140302A0ECD80220D9E75A1E534253415800D4E7EC
S2140302B0022B0CBF02200120CFE70020CDE7012050
S2140302C0CBE730B587B005460C46D5F71DFF0128AA
S2140302D020D11CB1611E4B424B4158006B784FF442
S2140302E080728DF804304FF48273ADF806304FF405
S2140302F08173ADF8083001238DF80B30002385F8A1
S214030300900001A8CDE903238DF80A408DF8143038
S214030310D5F732FF07B030BD41680346C978027B84
S21403032099B98168C97899B9002A08BF0321D6F715
S214030330C7B99B7B002B0CBF01210221F7E79B7BF0
S214030340002B0CBF02210121F1E7012AF1D17047EE
S214030350012AF4D17047042910B5044604D831B1F4
S214030360BDE81040D6F730BA05290DD010BD037B83
S2140303705522002B08BF0321A0F85C1040781221F9
S214030380FFF776FE2046EBE743681A8A83681A82ED
S214030390E6E7012303730378013343734FF4407393
S2140303A0C381032303740023A0F85C3080F89030E5
S2140303B0704738B504460D4601B945890123E373F2
S2140303C0FFF719FEFA2202FB050020612089BDE82B
S2140303D038405043FFF78DBE10B50446806BD8B146
S2140303E0E278022A04D0636B5B7972B984F83C30F6
S2140303F094F83C306BB1FFF7D6FC60784FF6027288
S214030400BDE810400621FFF733BEB3FA83F35B095A
S214030410ECE7FFF7D3FCF0E710BD10B50446406BDE
S214030420D4F7B8FD2046BDE81040FFF7D5BF10B59A
S2140304300446406BD4F7D2FD2046BDE81040FFF7D4
S214030440CBBF10B50446406BD4F7EEFD2046BDE89F
S2140304501040FFF7C1BF10B50446002206214078BE
S214030460FFF706FEA378022B01D0FF2B04D120460C
S214030470BDE81040D6F70ABD10BD4FF60273994289
S21403048010B5044601D1FFF7A7FFE378022B02D08D
S2140304902046FFF7A1FF2046BDE81040D6F7F6BC7E
S2140304A010B50446D0B18368C3B1DA78B2B11B790C
S2140304B0A3B1B0F86C301221022B14BF0223012320
S2140304C05522A0F86C304078FFF7D2FD04F1A8005F
S2140304D04FF4FA71BDE81040FFF784BD10BD10B5A8
S2140304E0D0F8A4407CB103791BB14079D6F78EFDD2
S2140304F048B9A3883BB932222046BDE81040012301
S2140305001146D4F7E1BC10BD10B50446A830FFF77A
S2140305106EFD2046FFF7E3FFA278237982B913B175
S2140305202046D6F799FD2046D6F7D6FD03236078F6
S214030530A4F86C305522BDE810401221FFF798BD91
S214030540012B02D12046D6F787FDA379012B02D1D2
S2140305502046D6F7C1FD0123E9E710B50446A830C7
S214030560FFF745FDA378B3B92046FFF7B8FFA37896
S2140305708BB9237913B12046D6F78EFD2046D6F7DE
S214030580EFFD04236078A4F86C305522BDE81040D4
S2140305901221FFF76DBDB4F86C30022B0DD0237912
S2140305A0032B02D12046D6F757FDA379032B02D19E
S2140305B02046D6F791FD0023E4E72046D6F712FE41
S2140305C0F9E7827883685AB9DB78002B14BF0323D4
S2140305D00423A0F86C30552212214078FFF748BD5B
S2140305E01A7922B9DB78003B18BF0123F1E702230F
S2140305F0EFE77FB500239E6A0446B6F5804F0D46A7
S2140306000CD201A8D6F7AAFF039B5B0506D529469D
S2140306102046336C04B0BDE87040184704B070BD84
S21403062000239B6AB3F5804F05D21B6BB3F5804F4F
S21403063001D29B6818474FF4817070471FB500239B
S2140306409A6AB2F5804F04D340F2011005B05DF804
S21403065004FB126BB2F5804FF6D2012201A8CDE956
S21403066002338DF80420D6F779FF039BDB03EBD523
S214030670029B1A0EE8D0012A03D1C3F307430A2BC1
S214030680E2D900239B6A1B6B1B6C9847DEE708B511
S2140306900AF052FAB0FA80F0400908BD134610B5C6
S2140306A042B103439B0707D10AF04AFAB0FA80F037
S2140306B0400910BD0120FCE70020FAE70023036091
S2140306C0704703680B600160704710B538B132B1EC
S2140306D029B100230139D45C14B90023037010BD7B
S2140306E08B42FAD200F8014B0133F4E7034638B1E4
S2140306F00020814204D01A5C02B970470130F8E743
S21403070070474FF0FF31FFF7F1BF70B50C46164642
S214030710054660B15AB151B1FFF7F3FF844206D9DB
S214030720211A32462844BDE87040FFF7CEBF70BD9D
S214030730FEE7FEE700239A4200D1704710B550F853
S214030740234041F8234001339A42F8D110BDD7F72E
S21403075065BB4369426CD91C143AB1FBF2F103EB57
S214030760C1000330B0FBF2F00230704738B50546DF
S2140307700C46FFF7EEFF6A6CE31D143AB3FBF2F385
S214030780013304EBC30402FB004038BD38B505460D
S21403079044692146FFF7EAFF6A6CE31D143AB3FB8C
S2140307A0F2F3013304EBC304204438BDF7B5074620
S2140307B00E4600257C6CA819644280EA06031C409A
S2140307C003D02C46204603B0F0BDFB6B01225B69C9
S2140307D001A99847019B0133F4D10435EAE770B5C4
S2140307E005460C46D9F7F0F8EB6B2046BDE870409B
S2140307F0DB68184770B50025044686B00562E369D2
S214030800AB4202D8206A06B070BD666C2068E36B04
S21403081005225B6901A906FB0500984701A800F0BD
S21403082023FC00F046FC10B1236A01332362013532
S214030830E5E738B50446456C006804F1400305FB5C
S2140308400101E06B00F042FC05462046FFF7D2FFAD
S214030850284638BDF0B50546002687B0EC69013C4E
S214030860B44203D80C46204607B0F0BD01B14C1E77
S2140308706F6C2868EB6B05225B6901A907FB040014
S214030880984701A800F0F0FB00F013FC0028EAD11B
S21403089021460136E2E7F0B504460D46466CE36BA7
S2140308A0006887B005225B6901A906FB0500984727
S2140308B001A800F0D9FB00F0FCFB20B101A800F072
S2140308C0AAFB07B0F0BD29462046FFF7C3FF06463E
S2140308D0676C2068E36B05225B6901A907FB0600CA
S2140308E0984701A800F097FB431CEAD0B54238BFEF
S2140308F00130E6E72DE9F0434FF6FF79D0F8248080
S21403090004460E46C84514BF45460025002787B053
S214030910E369BB4202D807B0BDE8F083E26B236805
S214030920606CD2F814C000FB0530052201A9E0472D
S21403093001A800F099FB022806D0C8450CD1721C0A
S21403094029462046FFF775FFE3690135B5FBF3F249
S214030950013703FB1255DBE729462046FFF79BFFCB
S214030960B0F1FF3F14BF024632460132E8E70368A0
S214030970F0B5CC1A436C0646B4FBF3F4002587B0F7
S214030980F36937685A1E9542706C08D3706C3368E7
S21403099000FB043007B0BDE8F04000F095BB01341F
S2140309A0B4FBF3F203FB1244F36B05225B6901A964
S2140309B000FB0470984701A800F056FB00F079FB93
S2140309C00028E3D10135DBE710B423F00304224407
S2140309D09B070A44436C18BF04325B4281EA020455
S2140309E0234203D05DF8044BFFF7C1BF10465DF802
S2140309F0044B70472DE9F041D0E90A369E4204467F
S214030A0086B028D11422C369456802FB13552846CD
S214030A1006B0BDE8F0812068676C331AB3FBF7F3C2
S214030A20E26B07FB0300D2F8148001A90522C04736
S214030A3001A800F019FB012804D0636C1D44013B98
S214030A403340ED1A31462046FFF791FF0646A36A68
S214030A50B342E0D1DBE70025F9E708B508301346D3
S214030A60D1E90012D8F736FF012008BD13B50C46AE
S214030A70002121760093616813462246D7F724FBAC
S214030A8018B1E37D03B1A07EA075A07D02B010BDB2
S214030A9073B5164600F108050C46284609680DF19D
S214030AA0070200F098F9032E06D16368834203D148
S214030AB02846216800F076F9012002B070BDD01EEA
S214030AC0009B42424241187E824211D11A688A42F2
S214030AD00ED85A688A420BD35A6901325A61D3E94F
S214030AE0030282423FBF986840F8221001321A611F
S214030AF00120704710B5032A029C07D1A26A53400F
S214030B00626C5242134201D100F04CF9012010BD31
S214030B1008B5C36800209847BDE80840D8F75CBF0F
S214030B20012814BF0420022070B5002442431C7021
S214030B30CC7D101D02F002024CB91AB1012220F03E
S214030B4003001A7000F108034868184470BD1AB110
S214030B50012220F003001A7000230C7E01F1200509
S214030B60DAB2A24201D30020F0E735F833205E1C48
S214030B70824206D901EBC30300F10802D869104488
S214030B80E4E73346801AEBE773B5054690F8426010
S214030B901C4630460DF10303FFF7C2FFEB6B012E35
S214030BA05B690DD1324601A998479DF8033013B10E
S214030BB0BDF806300193BDF80430236002B070BD63
S214030BC00122214602B0BDE870401847F0B505463D
S214030BD000244868EB6B87B00E4601225B690294DB
S214030BE002A908309847274695F84230012B40F073
S214030BF0AC80632C00F2AB80612C08D805AB224690
S214030C0031462846FFF7C0FF9DF814305BB305ABAB
S214030C102246314628468DF81070FFF7B5FF95F843
S214030C204230012B059B7FD14FF6FF72934256D07D
S214030C30082205A904A800F063FA059B9DF8101086
S214030C40C3F3072291424AD1DBB2029A1A440292B4
S214030C5045E0DCD005AB224631462846FFF794FF35
S214030C60BDF81430D2E795F84230012B39D1612C08
S214030C702ED822463146284603ABFFF785FF31467A
S214030C80284604AB621CFFF77FFF3146284605ABB8
S214030C90A21CFFF779FF102208230DEB02010DF1CA
S214030CA007008DF8073000F02BFA102205A90DF186
S214030CB0070000F025FA039BDAB24AB99DF807202D
S214030CC0B2EB132F04D1DDE9043203EB02430293A4
S214030CD095F84230012B14BF012302231C44013430
S214030CE082E7302CF4D822463146284603ABFFF77A
S214030CF04BFF3146284604AB621CFFF745FF102323
S214030D0020220DEB03010DF107008DF8073000F0EC
S214030D10F7F9039B9AB2002ADAD19DF80720B2EBC3
S214030D20134FD5D1049BD2E70133D8D0102205A99F
S214030D300DEB020000F0E4F9059B9DF81010C3F3D9
S214030D4007429142CBD19BB27FE7312C81D90298DF
S214030D5007B0F0BD13B500240194049C0094D7F7A4
S214030D608FFE02B010BD13B501240194049C0094B9
S214030D70D7F786FE02B010BD00234FF0FF3230B522
S214030D8044689C4202D10023037230BD016801EB24
S214030D90C30541F833206A600133F2E7C0E9001265
S214030DA0FFF7EABF0023F0B545689D4210D00468FC
S214030DB0DF0054F8332004EBC306B2F1FF3F08D03C
S214030DC0C2F31302914204D14FF0FF33E351736031
S214030DD0F0BD0133E9E70023F0B545689D4202D133
S214030DE04FF0FF300EE00468DE0054F83340671C13
S214030DF009D0C4F31307B94205D1240D1470036850
S214030E0033445868F0BD0133E8E7704770B5940083
S214030E10224605460E4609F093FE431C0AD058B9EF
S214030E20224631462846EAF719FF002814BF3D201C
S214030E30002070BD6E20FCE77120FAE713B5044668
S214030E4001A8D9F747FE9DF8063023804FF4807338
S214030E506380D9F74DFE6060002002B010BDD9F75D
S214030E60BDBD08B5D9F7AEFD002008BD10B50446D4
S214030E7044EA010313F00303084609D1934201D160
S214030E80002010BD54F8231040F823100133F5E773
S214030E9021469200EAF726FDF2E710B5044609F06C
S214030EA04BFE431C10D088B9D9F722FE234620F008
S214030EB003002044984201D1002010BD53F8042BB0
S214030EC00132F7D03E20F8E76E20F6E77120F4E70C
S214030ED0704713B50023044601461B220DF1070095
S214030EE08DF8073000F00CF922689DF80730B3EB55
S214030EF0D26F0CBF0120002002B010BD13B5002333
S214030F000446014620220DF107008DF8073000F055
S214030F10F7F80DF107001A22211D00F0F1F86268B8
S214030F209DF80730B3EB926F0CBF0120002002B090
S214030F3010BD0068431C584258417047006810F0C3
S214030F407E0F0CBFC0F3C160002070470068C0F37B
S214030F50D3107047006800F07F0001288CBF002084
S214030F6001207047036813F07E0F14BF0420082087
S214030F707047036813F07E0F03D1406820F07C406F
S214030F80704713F078001CBF03F07F03D81F704729
S214030F90006800F07F007047032809D0022803D1B9
S214030FA0C1F10201C8B2704700290CBF0720002018
S214030FB0704737B5054601F10C04436969460122BB
S214030FC020469847BDF80030012201932046AB69BE
S214030FD001A9984703B030BD37B501F10C04436946
S214030FE0012269460546204698474FF6FF72009B46
S214030FF099B291420DD16FF30F0343F4254343F0A7
S214031000A503019301222046AB6901A9984703B0C3
S21403101030BD0020FBE737B5044600251B22011D23
S2140310200DF107008DF8075000F06AF860689DF828
S2140310300720B2EBD06F03D120F0784003B030BD69
S2140310400DF107001B2204F108018DF8075000F08C
S21403105057F8A0689DF80730B3EBD06F01D1C043B3
S214031060EAE74FF0FF30E9E74BF29A22036810B540
S214031070B2EB134F044613D19BB2012B13D1FFF7E8
S214031080CAFF01300CD04FF6FF72E068B2EB104F88
S2140310904FEA104309D180B2C01A18BF012010BD11
S2140310A02368013303D00420F9E70220F7E703207F
S2140310B0F5E701288CBF002001207047033801287C
S2140310C08CBF002001207047143070472DE9F04193
S2140310D005469846036908460E461746984704464B
S2140310E038B943463A4631462846D8F7E5FC04461F
S2140310F018B131462846FFF75CFF2046BDE8F0816D
S2140311001F2A0B689EBF4FF0FF3191408B4359084F
S21403111001F055315B1A03F033319B0803F0333388
S2140311200B44017803EB13130A444FF0013103F029
S2140311300F334B43A2EB13620270704708B507F0F8
S2140311405BFBBDE808400021D8F7C0BD02210320A1
S214031150D8F7BABF704770477047704770B50546F3
S21403116014460E4609F0D1F92B685C4034405C40C7
S2140311702C60BDE8704009F0C3B910B5002422B155
S214031180032A0CD00360047110BD11F4000218BFCB
S2140311904FF07F4221F07F4313430C0EF2E721F01A
S2140311A0FF03CCB2EEE730B5012400F58053456863
S2140311B05C60CB784A785B0443EA02230A781343DD
S2140311C08A78120402F480321343C0F89830EB078F
S2140311D05CBF00F50050446030BD70B501260C4678
S2140311E0054600F500535E600B78497803F0070365
S2140311F043EAC103E17843EA0123A178090101F038
S21403120030010B430367C36AA17923F48B3323F4BA
S214031210807343EA01432179090201F4E0610B4339
S2140312206179090301F480510B43C3621146FFF74A
S214031230BAFF05F580535E60E37903B1EE6070BDD7
S21403124008B50A6FC96F02F00702FFF796FF08BDDD
S21403125013B5044601A8D9F73DFC042C04D8DFE8EF
S21403126004F0061603101300002002B010BD40F26F
S2140312709C4040F2BA439DF80520012A08BF184651
S214031280F3E740F6B830F0E74FF41660EDE740F2C8
S214031290E240EAE74FF050234FF400321A677047F4
S2140312A04FF0B0435A6812B19A6A002AFAD17047CF
S2140312B070B5054614460E4609F027F92B685C40C0
S2140312C034405C402C60BDE8704009F019B9012237
S2140312D0417803788A4030214B4342F2100103F1F0
S2140312E0A04303F570335A50704721FA00F2D20731
S2140312F030B5034600F0FC040FD500220132D2B20B
S214031300042A02D14FF0FF3008E0831803F00303EA
S214031310234421FA03F5ED07F0D4184630BD002028
S2140313207047002070470020704700207047012058
S2140313307047012070470F207047EBF7A9B90023C9
S21403134007B5CDE90033012369464FF0FF308DF82A
S214031350023004F058FB03B05DF804FB002070472E
S21403136010B508B9212010BD0029FBD0036813F07F
S214031370704205D1C3F30E030B607BB10020F2E786
S21403138003F05044B4F1004F05D0B2F1304F02D011
S214031390B2F1404FE6D103F07F03EDE74368002B3D
S2140313A0E0D00B60EAE737B50C46054610B92120B6
S2140313B003B030BD0029FAD0002301A90193FFF73B
S2140313C0CFFF0028F4D12968019A11F0704102F189
S2140313D0030222F0030201D12260E9E7AD68B1F10E
S2140313E0004FC5F38033C5F3403504D103EB450303
S2140313F053432360DCE7B1F1204F01D12B44F7E7D9
S214031400B1F1304FFAD0B1F1404FF7D0CFE737B54F
S2140314100C460546002800F08780002900F08480EB
S21403142000230B60036803F070430B60C26822B1AD
S214031430032A79D143F080630B60AB689A0149D4E1
S21403144003F08073EA680AB9002B6DD1226822F094
S214031450407213432360EA68032A05D12A69F62AF1
S21403146062D962F317432360AB681B0442BF236849
S21403147043F400432360EB68032B1FBF23682A68EB
S21403148062F30E0323602B68AA68002B2ADB12F490
S214031490C84F49D12B6803F0704303F10043B3F1FF
S2140314A0804F05D2530542BF236843F4806323600D
S2140314B00023284601A90193FFF752FF40B92B6882
S2140314C013F070421FD12368019A62F30E03236060
S2140314D003B030BD03F04073B3F1407F18BF4FF045
S2140314E00073AFE7500402F4005105D4E1B123685A
S2140314F043F400532360CDE7236843F4804323601B
S2140315000029C7D0F3E703F05043B3F1004F05D0EB
S214031510B2F1304F02D0B2F1404F05D1019B5A1EB3
S214031520236862F30603D2E72120D1E738B131B14D
S21403153001234B604FF0005300208B60704721203F
S214031540704737B50C46054608B9212016E0002932
S214031550FBD001234B60C368A3B901A90193FFF72E
S21403156022FF58B9019B6A699A4209D32A69002A5D
S214031570EBD0226043F000530020A36003B030BDDD
S2140315801D20FBE7032BE0D10023F5E7436813B9DF
S214031590416070475B685A68012AFBD159607047FF
S2140315A0FFF7DCBE08B5FFF7D9FE002814BF6FF0BF
S2140315B09200002008BD1346428870B50732072AFA
S2140315C00C464FEAD20101D0A14222D146680588D3
S2140315D0202218460021E9F7F5FF360A0346DEB94E
S2140315E0BCB141F20102954205D0B5F5885F02D041
S2140315F0B5F5905F02D100205C6070BDB5F5105F55
S2140316000DD1182C03D0202C01D0102C01D11C6036
S214031610F1E76FF08600F0E76FF08B00EDE76FF011
S2140316208500EAE7F0B51C46436806461B0A0F46E4
S214031630154689B035D122462946FFF7BCFF68B95F
S214031640EB1C23F00303C4E90307636145B92022B7
S21403165000212046E9F7B6FF6FF0860009B0F0BD1B
S214031660014620226846E9F7ADFF6A46294630461A
S214031670FFF7A1FF0028EAD12368009A9A42E6D131
S2140316806368019A9A42E2D1A368029A9A42DED12B
S214031690A369069A9A42DAD1E369079A9A42DDD099
S2140316A0D5E76FF08B00D9E7D9F75CBDD9F776BEDF
S2140316B070470020704700207047C368194483684A
S2140316C053F8210030F8023B13607047012310B52E
S2140316D080F888300378044653B100F061FA214657
S2140316E02046D9F74DFF2046BDE8104000F04DBA1E
S2140316F010BD38B50D460446D9F72AFF6B68204659
S214031700C4F8B032A96800F096F94FF0FF332046CC
S214031710C4F8B432FFF7CDFF38BDD0F8B43210B5F5
S2140317200133044601D0002010BD00F0BCFAC4F813
S214031730B4020130F7D194F8B80280F00100F3E761
S21403174008B5D9F741FF08BD0A7801382D2A0ABF24
S214031750012200228918D9F793BF07281BD8DFE890
S21403176000F0060A0D101315041701207047002217
S2140317700820D9F785BF00221020FAE70022202090
S214031780F7E70820FFF7E0BF1020FBE72020F9E784
S2140317900846D9F7D7BF002070472DE9F743072837
S2140317A00C46DDE90A7690461D4608D80138062819
S2140317B00AD8DFE800F01D27303A44574A002128AC
S2140317C050D003B0BDE8F083002220461146E9F767
S2140317D0C5FE3368C0B205EB83013A6845F82300BB
S2140317E0013348F8221033603B6801333B60E8E777
S2140317F0002220461146E9F7B1FE336880B205EBB6
S2140318008301EAE7002220461146E9F7A7FE33687C
S21403181005EB8301E1E7002220461146EAF74CF880
S214031820336840B205EB8301D7E700222046114612
S214031830EAF742F8336800B205EB8301CDE70022EE
S21403184020461146EAF738F8E1E7002389461E46A4
S2140318501D468DF8063019F8013F7D2B06D12570FD
S2140318602D0A65703B6848F82340BDE7202BF2D06D
S21403187006F00102013612B98DF80430EBE71022A8
S214031880002101A88DF80530EAF716F8631901352B
S2140318909870ADB2DFE72DE9F04F9B46002385B085
S2140318A08B45814688469246CDE902336BDC1A4661
S2140318B01E4619F80340212C09D81F2C04D8103CC7
S2140318C0072C98BF012200E001260133F1E7FF2C25
S2140318D0FBD15B4436B1013B43450ADD2B2005B003
S2140318E0BDE8F08F62B1013B4345F7DC354637462A
S2140318F002E000252F462E46454504DB0020EEE792
S2140319009845F3D0EAE75D453BDB19F80730202B13
S21403191018D109EB07035B78FF2BDFD1CEB920463E
S2140319205AF82510FFF719FF78B303AB019302AB00
S21403193000932046DDE90E235AF82510FFF72DFF06
S2140319400135D9E7212B0ED109EB07035B78FF2B73
S214031950C4D1029B5AF825200E99012641F823206C
S21403196001330293ECE7A3F11004072C02D91C46BB
S2140319700137D3E709EB07035B78FF2BAED1E4B25D
S214031980CCE70624CAE72120A9E72620A7E72DE906
S214031990F04F07460E4615469846044685B0DDF8D2
S2140319A04490DDE90FAB206808B3DAF80020D8F8D6
S2140319B000108A421BDA0E9B53F82210D6F762F900
S2140319C048BBDAF800200132CAF800206268117BAF
S2140319D0FE291BD10E9B1068012100932A4643461D
S2140319E0CDE902B9CDF804A0FFF7D1FF04462B7862
S2140319F043B999F800302BB97EB101233C4689F8E8
S214031A0000302B70204605B0BDE8F08F01238BF81D
S214031A1000302B70EBE70C34C5E73446F2E710B51D
S214031A200446236803B910BD237A13B92046D9F7B1
S214031A30BFFE0C34F5E710B541B10A7932B901247B
S214031A409C300C71FEF73DFE204610BD0020FCE7DF
S214031A502DE9F041BAB005460AAA084603A900F0E4
S214031A605FF90446B0B90DF10A0301930DF10B03B8
S214031A708DF80A0000930AAA284604AB03A9DAF7EE
S214031A8047F89DF80A20B2B19DF80B2048B12AB159
S214031A90D9F78EFE20463AB0BDE8F081FFF7BFFFC8
S214031AA0F8E7D5F89C50002DF4D0A86808B1FFF7E6
S214031AB0B6FF2D68F7E700B346681AAB06F10C08C5
S214031AC02AAF01934046049B039900970AAAFFF79F
S214031AD0E2FE04460028DDD1039B05A8CDE90637C0
S214031AE0049B0595CDE90838DBF7DAFA05A83368D1
S214031AF0984705A800F03FFDCCE72D24CAE710B5AC
S214031B000446AC30E9F75AFC04F1AB031A1800207C
S214031B10934200D110BD13F8011F0029FAD00A29F9
S214031B2008BF0130F4E70023F0B50B6013600646E8
S214031B30D0F8AC0278B196F8AC0060B1012406F197
S214031B40AC07D6F8AC02844210D306F1AC00B3F56A
S214031B50007F10D30120F0BD0D6801350D601568B8
S214031B6001351560F85C01330A2802D0B3F5007F0F
S214031B70F2D30134E5E7C15C0A29EBD00029E9D0AA
S214031B801168013301311160E1E710B50021D0F887
S214031B908C200446E9F716FD0023C4E9243310BD60
S214031BA073B5044600F1AC0580212046FEF79EFD82
S214031BB04FF4007106462846FEF798FD0136C0F539
S214031BC00070864220461FD8E9F7F8FB06462846EB
S214031BD0E9F7F4FB01362946421CA819E9F744FD48
S214031BE02046E9F7EBFB214602462846E9F77AFE4C
S214031BF02046E9F7E3FB0A23204480F8AC300023B1
S214031C00C4F8AC3202B070BDFFF779FF01AAC4F87E
S214031C10AC0269462046FFF786FF0022009B23445A
S214031C2083F8AC20C0E773B50D460446FFF767FF9D
S214031C306B1C19D1D4F8AC3213B1013BC4F8AC32E7
S214031C4000252046E9F7BAFBA84215D82046FFF739
S214031C509CFFD4F8AC322BB16946204601AAFFF7A5
S214031C6062FFA0B902B070BD012DFBD1D4F8AC322F
S214031C708342F7D20133E1E7082000F023F820205F
S214031C8000F020F8082000F01DF80135D9E7009D84
S214031C9004F1AC06019BAB42E4D9715D2046DAF74A
S214031CA065F80135F6E707B500200DF1070100F0EA
S214031CB0E7F820B99DF8070003B05DF804FB4FF082
S214031CC0FF30F9E710B5C1B20446002000F0C8F8AB
S214031CD000280CBF20464FF0FF3010BD0FB407B5E9
S214031CE004AA52F8041B00200192DAF7DBF900205D
S214031CF003B05DF804EB04B0704710B54C1C0B46FC
S214031D000119045D222C03D07B2C01D05C2C05D159
S214031D10D21A1844E9F7A8FC012010BD0020FCE7FE
S214031D202DE9F047054691468846E9F747FB2A46DC
S214031D3006461346197801322029FAD0C9F800302E
S214031D405C1B01236FF0404AC8F80030A64201D856
S214031D50002014E02F5D29197B2F12D0222F2ED1BD
S214031D60D8F80030621C53442A4449F82320012C37
S214031D7009D911F8013C13F0DF0F04D02120BDE888
S214031D80F0877D27F3E701342B5DBB4209D12B197E
S214031D905B7813F0DF03F1D1222F00D12B550134EA
S214031DA0D4E75C2B07D1324621462846FFF7A5FF2A
S214031DB00028E3D0013E0134A642E5D8DEE75C2FD7
S214031DC008D1324621462846FFF797FF0028D5D08C
S214031DD0013EE4E7202FE2D10022631CB3420A70DF
S214031DE0DDD2EA18EB5C202BD9D0D8F800300F2BC5
S214031DF005DC49F823200133C8F80030CFE71E205E
S214031E00BDE700F000B800207047D5F729BF70B5CE
S214031E100C46154610B9DAF739F938B143682BB1D1
S214031E202A462146BDE8704000681847232070BD47
S214031E30F7B50D4616461C4638B9DAF727F904B93E
S214031E4001AC20B9232003B0F0BD03B901ACC768C9
S214031E50002FF7D02346324629460068B847F2E7F4
S214031E6007B501228DF807100DF10701FFF7CFFF25
S214031E7003B05DF804FB0B4601461846FFF7F0BFB8
S214031E8000230122FFF7D4BF08B508F039FCFA2374
S214031E90B0FBF3F080B208BD0420704740F2016047
S214031EA0DAF7EAB97047012070470020704749BA4D
S214031EB089B280EA0103C3F303125340180380B2C6
S214031EC058405B0103F4FF535840704708B5DAF7F0
S214031ED09FFD58B1A0F15903042B06D8042B04D850
S214031EE0DFE803F00404040304005C2008BDDAF70B
S214031EF0E7BE7047F8B50C468D18073552421540B5
S214031F00A5F108070646384600F0DFF9A188381B16
S214031F10628801EBE00189B2A2EBE00225F8041C1B
S214031F2025F8062CA288C310AAB1A4EBC202B2F805
S214031F3002C0D18003EB0C015180E28892B1D31A20
S214031F409BB204EBC20425F8023CA380B3680344A7
S214031F50B3603846F8BD15F8082C42F0020205F8BF
S214031F60082CEAE725F8022CF0E72DE9F04F4FF0AE
S214031F70000887B09946531C109B0546174614BFA6
S214031F8014460824CDF81480002B00F0C580C3F84F
S214031F900080002900F0C28042688A4240F2BE8078
S214031FA0073121F0070608F0BDFA05AACDE900823D
S214031FB082463A464B463146284600F08AF9059F44
S214031FC0834607B130B9504608F0A7FA192007B080
S214031FD0BDE8F08FB7F8028029694FEAC802C0EB64
S214031FE0C8080139B8F1270F29617AD9B9F1000F6A
S214031FF051D1864206F1080848D02246394628467B
S214032000FFF778FF04460590059B9844404600F08A
S2140320105CF9059906F10F004A88C308A2EBD002C3
S214032020A8F80220CA88A8F80430002A30D0D31AA9
S2140320309BB201EBC202A8F8063093808B88F608A1
S214032040A380B8F804303A46E38041460023284686
S214032050668000F0A6F9AB680833AB60237843F0DC
S214032060010323702B6901332B616288AB685046EA
S21403207003EBC203EA68AB60934288BFEB6008F0E9
S2140320804CFA109B083400201C60A0E73C46BBE7D4
S214032090A8F80620D2E707EB08042046039200F0D0
S2140320A014F90BF10703DB080599638008F10703AE
S2140320B0DB08A380CB8893B1DB00039AD81D821A72
S2140320C05A44C2F3CF020B44E2809A80A38808F1F5
S2140320D0FF384FEAD808A1F80280CB80BBE7E3803D
S2140320E0F4E7B9F1010F1BD107F10803B3FBF4F2D0
S2140320F004FB1233B3B1224639462846FFF7FAFEED
S214032100044623783A4643F001032370214601230D
S214032110284600F046F9A8E7222058E7212056E78C
S2140321208642E8D13C46ECE707B500224FF0FF3184
S21403213001AB0192DAF724FA019803B05DF804FBC9
S2140321402DE9F74F04460D46002900F0AB80D0E991
S214032150056808F0E7F915F8087C35F8061CFB0750
S214032160009000D531B9009808F0D7F9012003B0E4
S214032170BDE8F08FA368D4F8109035F804ECA3EB11
S214032180C10B09F10103A5F1080C4A1CC4F808B0F9
S2140321902361BEF1000F7BD0ACEBCE03D888B3F837
S2140321A002A00190187807F00207C00765D4002F35
S2140321B064D10198A0EB0A07012F69D18A1CABF101
S2140321C008075244C4F81090A76035F802ECBEF135
S2140321D0000F61D0D4E900700CEBCE0A07EB0009C0
S2140321E0CA4559D21CF83EC057461CF0010C15D1FF
S2140321F0AEEB0101012911D1BAF80210AAF802C008
S21403220001310A44BAF80610002943D00AEBC10785
S214032210216901392161A1680839A16015F8081CF4
S214032220013A21F0010105F8081C002125F8061CD7
S2140322305A801A7861F300021A707FB3C3F107025B
S2140322403A44C2F3CF02DA80BA804EB3B34227D3FE
S2140322507288002A08BF1E46B8F1000F06D0434511
S21403226004D8B8F80220002A18BF43460098C4E9E9
S214032270056308F052F9002079E74FB115F8087C9A
S214032280724427F0020705F8087C00279F809CE726
S21403229063469AE70F46BBE70027BFE7DF80D4E72E
S2140322A01E46D9E7222062E710B50446DAF780F91E
S2140322B02146BDE81040FFF743BFFFF7F5BF0846CA
S2140322C0FFF732BF0846FFF7F8BF002303604360FB
S2140322D07047F0B5D0E90554561C08BF0822002BFA
S2140322E04FF0000008BF2C46DDF818C0CCF80000FD
S2140322F0002C37D09DF814706588FF0007EBC505E2
S214032300C2F1000E2078C00708D51BBBE088A0B139
S21403231004EBC004658807EBC505F3E78D42F4D3E9
S21403232063B904F10806B6FBF2F002FB10667018F8
S2140323300EB1A842EAD8CCF80040F0BD082A0FD068
S2140323406088013004EBC000461A06EA0E06801BBE
S2140323508542F0D2A0880028EFD0A4EBC004D9E7CA
S2140323600846E8E72046E8E703460069C0B10AB92D
S21403237051B91A6810460378DB0711D531B9C388FB
S2140323805BB100EBC300F6E79A69F3E7012904D1D2
S214032390838823B1A0EBC300EDE7002070471846FF
S2140323A070472DE9F041D0E905540746884616469E
S2140323B0ABB1954200D00ABB424600213846FFF730
S2140323C0D3FFB442054600D02EB942460121384613
S2140323D0FFF7CAFF0446C7E90554BDE8F0819542F6
S2140323E008D08D4228BF0D46B44205D0444538BFB9
S2140323F04446F0E70D46F7E74446ECE79442EAD155
S214032400E3E770B500261C46C3E90001C3E902668C
S214032410C3E905001E611A775E62FFF756FF23695C
S2140324200139C908013341802361A3683046083364
S214032430A360E3680833E36070BD002307B568460E
S21403244000938DF80430D8F72FF803B05DF804FB3B
S21403245010B508F05AF8044606F060FA2046BDE8C0
S214032460104008F04DB870474FF4C870DAF700B95B
S214032470DAF7B2B900F01CB87047704708B503F036
S21403248001F903F009F903F010F903F01FF9BDE8A9
S214032490084003F02EB9704708B503F0EEF803F0D2
S2140324A0EDF803F0ECF803F0ECF8FFF7F4FF08BDE3
S2140324B008B503F01FF903F01EF903F01EF9BDE893
S2140324C0084003F021B97047012070472DE9F34116
S2140324D012F001050446884622D110F0030525D1E3
S2140324E02F465208BA4209D1D8F76CFA0026B742EB
S2140324F004EB860008D1D8F771FA11E054F82730B8
S21403250001330CD10137EDE7042258F826300DEBE2
S2140325100201019308F014FB30B1D8F75FFA3D25AA
S214032520284602B0BDE8F0810136E0E70125F7E76B
S2140325307047B0F1006F0FD300F07843B3F1006F2C
S2140325400CD000F06040B0F1404F09D0B0F1604FBE
S21403255014BF0420032070470020704701207047F3
S21403256002207047002070471AB111B180B2DAF723
S214032570A7BB2120704701F056BEE3F7D1BCFFF797
S2140325808DBCD0E9023253F8223000211878E3F7E5
S21403259019B9704702F08CB901F0DABDC3688268D6
S2140325A0013BDBB252F823305B78652B02D1002067
S2140325B0E5F758BC6E2B01D10120F9E7662B01D154
S2140325C00220F5E7704710B5D0E90232044653F807
S2140325D02230187802F046FAE368A268013352F80C
S2140325E02330BDE81040187802F03ABA10B5044616
S2140325F0C0B2DBF733FD200ABDE81040DBF72EBD83
S214032600D0E9023253F822301878DBF72FBE02F0F7
S214032610E1B9E4F725B908B501F0B8FEBDE808400E
S214032620E5F70EBBD0E9023253F82230186801F002
S214032630ABBE0020E5F70ABC0120E5F707BC022184
S214032640DBF7AABD0321DBF7A7BD0521DBF7A4BD96
S21403265008B501460C20DBF77BFDBDE80840DBF739
S21403266009BD08B501460020DBF772FDBDE808404A
S214032670DBF700BD07B5C2688368043253F822301F
S21403268001211B880DF10602ADF806300023DCF7A6
S21403269007FB03B05DF804FB08B508F045F8BDE892
S2140326A00840F1F78BBD10B51446DCF715FE21463E
S2140326B0BDE8104007F0D6BD08B5DCF70DFEBDE853
S2140326C00840002107F0CEBD08B5DCF705FEBDE8DF
S2140326D00840F1F7A9B908B5DCF7FEFDBDE80840E8
S2140326E008F085B908B5DCF7F7FDBDE80840F1F753
S2140326F087B97047704708B508F016F8FFF7FAFF72
S21403270003F065F8BDE80840DCF732BE70470120E9
S21403271070470120704708B5DCF7C6FE00280CBFDB
S2140327200420012008BD70472DE9F34104460D46F9
S21403273016461F46DDF8208008F08EF83B463246E4
S21403274029462046CDF8008003F043F83B46324640
S21403275029462046CDF80080FFF7E5FF02B0BDE826
S214032760F04101F060BD2DE9FF4704460D461646CD
S2140327701F46BDF830809DF83490DDF838A008F089
S2140327806BF83B46324629462046CDE9019ACDF8FA
S214032790008000F0FDFF04B0BDE8F04701F043BD44
S2140327A0704708B508F058F803F016F8FFF7F8FF77
S2140327B0BDE8084001F037BD012070472DE9F74317
S2140327C004460D4616461F469DF8289008F044F822
S2140327D03B46324629462046CDF80090FFF7ECFFED
S2140327E080463B46324629462046CDF8009002F006
S2140327F0F4FF01F018FD404603B0BDE8F083012066
S21403280070472DE9F74304460D4616461F469DF8C6
S214032810289008F021F83B46324629462046CDF854
S2140328200090FFF7ECFF80463B463246294620469B
S214032830CDF8009002F0D2FF01F0F5FC404603B05D
S214032840BDE8F083F8B504460D4616461F4608F065
S21403285003F83B4632462946204602F0C0FFBDE851
S214032860F84001F0E0BC00207047F8B504460D467A
S214032870164607F0F1FF324629462046FFF7F3FFD8
S214032880074632462946204602F0AAFF01F0CBFC53
S2140328903846F8BD38B504460D4607F0DDFF294631
S2140328A0204602F09EFFBDE8384001F0BCBC10B5E0
S2140328B0044607F0D1FF204602F094FF2046FDF7BA
S2140328C00BFCBDE8104001F0AEBC704738B50446BB
S2140328D00D4607F0C1FF2946204602F095FF29461C
S2140328E02046FFF7F2FFBDE8384001F09CBC704776
S2140328F070B504460D46164607F0AEFF3246294627
S214032900204602F083FF324629462046FFF7EFFFB4
S214032910BDE8704001F087BC704738B504460D46E5
S21403292007F09AFF2946204602F072FF2946204602
S214032930FFF7F2FFBDE8384001F075BC704738B5C5
S214032940054607F089FF284600F0EFFE04460146D9
S214032950284601F0ABFF01F066FC204638BD38B5CB
S21403296004460D4602F056FF29462046FFF7E6FFCB
S21403297038BD704738B5054607F06EFF2846E3F7BF
S2140329807BFA04460146284601F08EFF01F04BFC15
S214032990204638BD38B504460D4602F03CFF2946AE
S2140329A02046FFF7E6FF38BD704710B5044607F02C
S2140329B053FF204602F030FF2046FFF7F5FFBDE841
S2140329C0104001F030BC704738B504460D4607F09A
S2140329D043FF2946204602F021FF29462046FFF7FB
S2140329E0F2FFBDE8384001F01EBC704770B50446E0
S2140329F00D46164607F030FF32462946204602F0BB
S214032A000EFF324629462046FFF7EFFFBDE870402B
S214032A1001F009BC704738B504460D4607F01CFFA5
S214032A202946204602F0FCFE29462046FFF7F2FF21
S214032A30BDE8384001F0F7BB704738B504460D468D
S214032A4007F00AFF2946204602F0EBFE29462046F9
S214032A50FFF7F2FFBDE8384001F0E5BB704710B55D
S214032A60044607F0F9FE204602F0DCFE2046FFF798
S214032A70F5FFBDE8104001F0D6BB704710B504461D
S214032A8007F0EAFE204602F0CEFE2046FFF7F5FFEB
S214032A90BDE8104001F0C7BB7047704770B50446E9
S214032AA00D46164607F0D8FE32462946204602F063
S214032AB0BDFE324629462046FFF7EFFFBDE87040CD
S214032AC001F0B1BB704710B5044607F0C5FE2046BB
S214032AD002F0ADFE2046FFF7F5FFBDE8104001F01B
S214032AE0A2BB704738B504460D4607F0B5FE294627
S214032AF0204602F09DFE29462046FFF7F2FFBDE87A
S214032B00384001F090BB704770B504460D46164634
S214032B1007F0A2FE32462946204602F08BFE3246D6
S214032B2029462046FFF7EFFFBDE8704001F07BBB68
S214032B3070472DE9F34104460D4616461F46DDF859
S214032B40208007F089FE3B46324629462046CDF8CC
S214032B50008002F070FE3B46324629462046CDF8FA
S214032B600080FFF7E5FF02B0BDE8F04101F05BBB74
S214032B700E2070470E20704738B5044607F06CFEEB
S214032B802046FFF7F7FF0546204602F055FE20468F
S214032B90FFF7EEFF01F047FB284638BD00207047DD
S214032BA00020704738B5044607F056FE2046FFF768
S214032BB0F7FF0546204602F040FE2046FFF7EEFFED
S214032BC001F031FB284638BD704708B507F044FED0
S214032BD002F034FEFFF7F8FFBDE8084001F023BB20
S214032BE0002070477047704708B5DCF72FFD0028B4
S214032BF00CBF0420012008BD70470B68DA7B1AB9A6
S214032C00DB7C0BB9DCF746BD8120704708B5DCF7E3
S214032C1059FDBDE80840DCF763BD7047DCF752BDDD
S214032C20DCF75EBD082808D84FF48B73C34013F057
S214032C30010F0CBF2120002070472120704701217F
S214032C40DCF740BE0221DCF73DBE0421DCF73ABECA
S214032C500821DCF737BE1021DCF734BE08B500F0D8
S214032C6026F808B1002008BDDCF77CFE0028F9D161
S214032C70DCF78AFE0120F6E7152808B503D1BDE880
S214032C800840DCF775BE01F089FE60B9E2F748FC40
S214032C90032806D100F009F828B9BDE80840FFF775
S214032CA0DDBF0028EBD008BD70470020704700202A
S214032CB0704708B5DDF74EF8FA23B0FBF3F008BD0E
S214032CC00321DDF777B801207047D0E9023253F8C5
S214032CD022301878DDF776BA0868C37B1BB9C37C45
S214032CE00BB9DDF79FBA81207047D0E9023253F85B
S214032CF022301878DDF7D8BA704730B50546044653
S214032D0015F8100B85B0029565691D44CDE90025BD
S214032D100B46A21D618801F023FE05B030BD704747
S214032D2010B492F80A4192F8053103EB04230B81A1
S214032D3000235DF8044B1A4601F010BE1FB5044687
S214032D40084671B12178FF290BD0238B0293636960
S214032D500193237C00936288A31DE3F7A9F8FF235E
S214032D60237004B010BD0868C37B73B9C37C032B00
S214032D700BD8DFE803F002080406DDF795BDDDF7A0
S214032D80C5BDDDF7F5BDDDF7A3BD812070477047F0
S214032D90704700207047137810B5032B0CD1547975
S214032DA0CBB29C4208D19379B3EB112F04D153785D
S214032DB01B1A5842584110BD0020FCE77FB5054654
S214032DC00E4600246946E0B201F076FD28B96A464D
S214032DD031462846FFF7DFFF18B90134202CF1D11E
S214032DE0002004B070BDFFF7E9BF0868C37B9BB93A
S214032DF0C37C052B10D8DFE803F0030D070B09058A
S214032E00DDF75ABEDEF796B8DDF7F0BEDEF742B85A
S214032E10DDF7C0BFDDF792BE812070470020704704
S214032E2030B5102587B001AA00210195FEF745FCB1
S214032E3004462A46002102A8E8F7C4FB2A46214690
S214032E4002A8E8F711FC012102A8DEF751FA07B041
S214032E5030BDDEF7DFB97047FFF7FDBF0B68DA7BDF
S214032E605AB9DB7C012B04D0022B04D02BB9DEF736
S214032E7063BEDEF76DBEDEF777BE812070470023A4
S214032E8007B5012101A80193D4F742FD08B9D4F789
S214032E907BFB012003B05DF804FB08B502F030FAB3
S214032EA0052803D0003818BF012008BD0220FCE720
S214032EB07047D0E9023253F822301878003818BF2A
S214032EC00120E0F7D1B9E0F7D5B90020704700201C
S214032ED070477047FF207047FF20704700207047F9
S214032EE00020704700207047704706207047DFF7C2
S214032EF079BC0868E0F752B970B50D460446002160
S214032F002846164601F074F93246208002212846E8
S214032F1001F06EF9324660800421284601F065F917
S214032F200023A360E3606060082070BD034641B1E0
S214032F3081424FF0640005D94343B3FBF1F0C0B2BE
S214032F40704708467047E0F7A3B9E0F799BFE1F783
S214032F50A1B8B0F5807F05D0A0F50073584258415C
S214032F60400170470820704730B599B00D46694652
S214032F701446E0F7F3FF30B915B1BDF802302B6005
S214032F800CB10D9B236019B030BD2DE9F04788B016
S214032F900E46904604A905AA07461D46FFF7E4FF1A
S214032FA0044638BB28800DF10C09DDE904A39A45D5
S214032FB020D2062251463846CDF8009006ABE0F7FD
S214032FC0E9FFD8B9039B062B18D12A88DDF81A30F7
S214032FD042450ED2BDF8181026F832102A8806EBA2
S214032FE0C20253602A885344013206332A8004936C
S214032FF0DBE7F7D9204608B0BDE8F0870124F9E7F8
S2140330002DE9F0438FB00F46904601A900220446EF
S2140330109946FFF7A9FF18B101200FB0BDE8F0836A
S214033020062220460DF1020302A9FFF7AEFF002891
S214033030F2D105460246BDF80210019CEEB28E425E
S214033040EAD20EAB03EBC60656F82C3C36F8306CC9
S2140330500634BE4217BFE418012213460022013588
S21403306022B1C8F80040C9F80030D6E71A46E5E7AB
S21403307070B50024012602F01DF9E5B2C26806FA0F
S21403308005F59542234604F10104F4D3D8B270BD86
S21403309070B586B0E0F7B0FD00F11006E6F71CF950
S2140330A000240546142201A9301902F00AF91CB9B6
S2140330B09DF80430FF2B16D0002303F118026A4450
S2140330C012F8142CFF2A06D11C44601E90FBF5F060
S2140330D080B206B070BD2B44DBB2132BEDD914348B
S2140330E0B4F5826FDED14FF0FF30F2E7E0F7BABBFC
S2140330F007B504220DEB020102F0E3F8019803B0D2
S2140331005DF804FB37B5054608460C46FFF7F0FFA7
S214033110A84206D0042220460DEB02010195E6F7ED
S2140331202DF903B030BD07B50B46009200210246C9
S2140331300120E0F729FC03B05DF804FB08B5012184
S214033140E0F75AFBBDE80840E6F7C4BAE0F798BED6
S21403315008B5FFF7F3FF002008BD08B513460A4677
S21403316001461846E0F7A4FC80F00100C0B208BD93
S21403317000207047704708B1E0F7A2BF704730B42D
S214033180DDE902451DB1029430BC00F0C6B930BC7F
S21403319070471F2804D8142200F5A030D9F75ABE6A
S2140331A070471F2804D8142200F5A030D9F77EBE36
S2140331B07047152808B505D1FFF7DCFFBDE80840C2
S2140331C0E1F7C4B808BD10B5142486B02246002122
S2140331D001A8E8F7F7F92023224601A94FF4A03007
S2140331E001F078FC06B010BD0020704713B500232D
S2140331F00C461A460146CDE90033E0B2E1F76AFE13
S21403320002B010BD13B500231446019001220093AB
S214033210E0B2E1F75FFE02B010BDD0E9023253F828
S21403322022301868E1F7CEBF194491420ADC4218EF
S214033230002003B9704712F8011D013B01EB002083
S214033240DBB2F6E7002070472DE9F04F4FF0000A97
S21403325085B0019381460F4615465346019A117869
S2140332605FFA8AF2914203D8002005B0BDE8F08FDA
S214033270019909EB050801EB4202517892F802B076
S21403328011F04004009101F03F061BD0AC19BC427C
S214033290D4BF0024012433466400A20740F188808B
S2140332A0009B1B0640F192800E9B324603EB0B00FD
S2140332B00021E8F787F93D4600231D44ADB20AF125
S2140332C0010ACBE7042E07D866B1B31E022B0BD830
S2140332D0DFE803F0122130003E2E37D03F2E5BD0BE
S2140332E03D2E4BD00320C0E7BD4234BF002401244B
S2140332F0012664003346D0E7AB1CBB4250DC0223F6
S2140333003A4629464846FFF78FFFADF80A000223E0
S2140333100DF10A08C1E7EB1CBB4243DC03233A4624
S21403332029464846FFF780FF0390042603230DF142
S2140333300C08B2E72B1DBB4236DC04233A4629466B
S2140333404846FFF771FF03900423F0E77A1E954281
S2140333502CDA02233A4629464846FFF765FF4FF61E
S214033360FF7380B298420EBF0223023083B25C1909
S214033370A742B4BF0324012404268EE7BD4215D218
S21403338098F80030FF2B0CBF01230133EC18BC4226
S214033390CCBF03240124EFE70124042600237CE7A3
S2140333A03446B4E70224C0E70224CDE70324E3E768
S2140333B00E9A02EB0B0014B142F80B807DE73246FF
S2140333C041460093E8F78EFA009B76E702204CE727
S2140333D010B5144686B018811A460A9B0291CDE9A9
S2140333E0034301230193099B014600930320BDF881
S2140333F02030E1F7ABFF06B010BD1FB500240294E2
S214033400079C0194BDF818400094FFF7E1FF04B051
S21403341010BD2DE9F0410E461746054686B098B313
S21403342091B38AB34FF0000802A95FFA88F001F05F
S21403343043FA044640B99DF80830032B08D008F138
S2140334400108B8F1200FEFD1204606B0BDE8F081A1
S2140334509DF809202B799A42F1D1BDF80A206B8892
S2140334609A42ECD19DF80C30BDF80D006B712881A3
S2140334702B4622464FF6FF71CDE90067FFF7BDFFE7
S2140334800028DCD00446DFE72124DDE710B586B04C
S2140334900A9C04949DF824400394BDF820400294AB
S2140334A00124CDE9003413460A4601460620E1F717
S2140334B04DFF06B010BD1FB5044608461946002347
S2140334C00094CDE90123079BBDF81820FFF7DEFF24
S2140334D004B010BDF0B5022805460E4614461F4636
S2140334E08BB00AD106A9F0B201F0E6F998B99DF8B7
S2140334F0193023719DF81C306371119B2246049387
S2140335000023CDE902330193109B314600932846EE
S2140335103B46E1F71BFF0BB0F0BD13B50024019447
S214033520049C0094FFF7D6FF02B010BD2DE9F045CA
S2140335300646884614469A46002701258BB006A9F8
S214033540F8B201F0B9F920BB9DF81830012B19D158
S2140335509DF8192033799A4214D1BDF81A2073883E
S2140335609A420FD19DF81C3032467371B9B2CDE939
S214033570030ACDE90100434602200094E1F7E6FE84
S214033580054610B90137202FD9D128460BB0BDE820
S214033590F0850546F9E70023FFF7C8BF10B50446D4
S2140335A0E2F7B2FC0021631E04F10F0213F8010FC9
S2140335B0FF2808BF19709342F8D10023237410BD67
S2140335C00020704770B506461D46E2F711FB044619
S2140335D008B9212070BD3046E2F7D8FD0028F8D0A0
S2140335E0A0682A46FF21FFF75EF89DF810300020FA
S2140335F063719DF81430A371ECE713B59DF8104082
S214033600CDE9003413460122FFF7DCFF02B010BDFC
S21403361008B5E2F7EDFA28B18068FF21FFF754F802
S214033620002008BD2120FCE70122FFF7F1BF1FB5EC
S2140336300B466A460146184601F034F96A460823E3
S214033640002032F8021B013B13F0FF0380EA01005F
S214033650F7D1012838BF012080B205B05DF804FB1E
S2140336602DE9F04F87B0DDE9109B054688464846AE
S21403367019461F461446BDF848609DF84CA0FFF750
S214033680D6FF042D0346ABF800001AD8022D1DD929
S214033690042D07D04FF2F222A188914222D1E2886C
S2140336A091071FD5E17A0022CDE90137204633463C
S2140336B0CDE90392CDF800A001F043F907B0BDE8C9
S2140336C0F08F6A1F012A11D92120F7E7002241460D
S2140336D0CDE9119228462246109707B0BDE8F04F71
S2140336E001F03EB94FF6FF760C21DCE7052D0ED12F
S2140336F00023E17A0022CDE90137CDE90392009158
S214033700234652464146304601F00EF9D6E74FF2BD
S214033710F222A188914204D1E288920701D5E17A88
S214033720E8E74FF6FF760C21E4E7F0B585B00546EB
S214033730E1F71EFF48B16B88B3F5006F05D1681D2E
S21403374005B0BDE8F04000F0EEBC284600F004FDEE
S2140337500446C8B9E7B26946384601F0ADF878B909
S2140337609DF8006066B92946384601F0A9F820B1ED
S21403377040F60443984207D08C26304605B0F0BD89
S2140337800134202CE6D1F7E78D26F6E7E2F7D6B824
S2140337902DE9FF4704460D460146184617461E46C2
S2140337A0BDF830809DF83490DDF838A0DCF7BCFE19
S2140337B0D0B92146284601F021F933463A46294630
S2140337C02046CDE9019ACDF80080E2F75BF933464F
S2140337D03A4629462046CDE90D9ACDF8308004B006
S2140337E0BDE8F04701F0F7BF04B0BDE8F087E2F7A5
S2140337F0F3BAE2F7ABBAE2F7CFBA10B5044601F074
S21403380009F9082201462046BDE81040E7F72CBF19
S21403381001F002B9002101F0FFB801F011B9002050
S214033820704720207047EFF7A9BDEFF7F3BDF2F717
S2140338309DB87047E2F71CBC70B506460C461546A5
S21403384000F04CF850B13CB135B1204600F0D6FC40
S214033850013080B2A84200D9002070BD304600F087
S21403386043F840B1002CF7D0012DF5D9204600F0DF
S214033870CAFC0230EDE73046E2F75AFBEAE7F8B552
S214033880BDF8185010B3967855B9D478A6F1410709
S214033890012F07D8621ED2B200F0CFFD0020F8BD7C
S2140338A02C46F3E7433E012E04D8A21E92B200F044
S2140338B0DCFDF3E7D27813B90DB1AA4206D811B9E5
S2140338C0E7F780FEEAE7E7F7CFFEE7E78920E6E7D4
S2140338D0413803288CBF0020012070474138012857
S2140338E08CBF002001207047433801288CBF00207E
S2140338F00120704700207047002070470388B3F507
S2140339007C4F01D3FFF7F8BF0846FFF7F3BF10B5A8
S2140339104A880488A2420DD1037B0C79234009D040
S214033920B2F57C4F08D3FFF7E7FF0B891B1A584203
S214033930584110BD0020FCE70120FAE738B50D8892
S214033940D488A5420AD10388B3F57C4F08D2FFF783
S214033950D5FF13891B1A5842584138BD0020FCE78F
S2140339600120FAE72DE9F04715460446B8B149B1F8
S214033970EAB100264FF0140AB04690F80490F3B26A
S214033980994501D800240AE027680AFB06773846DB
S214033990FFF7BDFF013628B13C46A5F80080204658
S2140339A0BDE8F0877B8943441FFA83F8E7E71446AC
S2140339B0F5E72DE9F0470E4615460446B8B149B17A
S2140339C012B300274FF00C0AB846B0F80890BBB203
S2140339D0994501D800240AE06368324620460AFB6C
S2140339E00731FFF7ABFF28B10C46A5F80080204649
S2140339F0BDE8F0870B79013713F0300F02BFCB78A1
S214033A0043441FFA83F8E2E71446F0E72DE9F04152
S214033A1086B00D461446984604AA05AB03A9064687
S214033A20E2F75CFB40B30DB1049B2B6034B3049DFB
S214033A3003982946FFF762FF2B88074602467188DC
S214033A40307800F04FFBD8B1297911F010030BD072
S214033A50EB782A46CDE900433B4671883078FCF77D
S214033A6027FB06B0BDE8F0812A4620460599CDF827
S214033A700080FFF704FFF4E78620F2E72046F0E72E
S214033A807E20EEE71FB51C460023ADF80A20BDF8DE
S214033A9018208DF80400ADF80610ADF80C20694622
S214033AA01A4601A800938DF80840FFF7AFFF009869
S214033AB004B010BDF0B587B00E4605AB04AA03A943
S214033AC00446E2F70BFB08B3049D03982946FFF769
S214033AD015FF2B88074602466188207800F004FB12
S214033AE0B0B1297911F0100108D000963B462A465A
S214033AF061882078D2F7ECFA07B0F0BD0091012375
S214033B002A4631460598FFF7BAFEF5E78620F3E71F
S214033B107E20F1E72DE9F041064600254FF0140814
S214033B200779E8B2874201D800241AE008FB05F0BB
S214033B30D6F800C00CEB00043CF8000081421AD112
S214033B4032B1802A10D194F90CC0BCF1000F12DAFE
S214033B50B0F57C4F05D32046FFF7CEFE834200D058
S214033B604BB92046BDE8F081402A04D194F80CC036
S214033B701CF0400FECD10135D3E70121E2F7EAB997
S214033B8008B513460022E2F713FB003818BF0120DE
S214033B9008BD08B513464022E2F70AFB003818BFF3
S214033BA0012008BD08B513468022E2F701FB003862
S214033BB018BF012008BD08B540220023E2F7F8FA33
S214033BC0003818BF012008BD08B580220023E2F79D
S214033BD0EFFA003818BF012008BD0023E2F7E8BA61
S214033BE00021E2F755BB10B504460121E2F750FB6E
S214033BF02046BDE8104001F022BE7047F8B51646D1
S214033C001F469DF81820BDF81C300546E2F7D0FA8B
S214033C1078B10421E2F7BAFB044650B1284600F017
S214033C200EFB3A4631462846A047BDE8F84000F06A
S214033C30FABAF8BD2DE9F74F1E46DDE90C9B074699
S214033C4088461446BDF838302AB3B9F1000F22D09F
S214033C500EB392F804A099F80020504612F0080F0D
S214033C600CBF802240226188E2F7A2FA98B10821AD
S214033C70E2F78CFB054670B1504600F0E0FA334697
S214033C80224641463846CDE9009BA84703B0BDE827
S214033C90F04F00F0C8BA03B0BDE8F08FF8B5BDF832
S214033CA0187016461A463B460446E2F781FAE0B118
S214033CB077B90221E2F76AFB0546B0B1204600F069
S214033CC0BEFA31462046A847BDE8F84000F0ABBA36
S214033CD01021E2F75BFB054638B1204600F0AFFA49
S214033CE03A4631462046A847EEE7F8BD73B5BDF819
S214033CF0184016461A4623460546E2F759FAB8B15F
S214033D00C4B92021E2F742FB044670B1284600F00E
S214033D1096FA099B3146009328469DF820309DF875
S214033D201C20A047044600F07EFA204602B070BD71
S214033D308624FAE70024F8E72DE9F041866804466E
S214033D40007800F07CFA002514273279EBB29A4209
S214033D5003D8BDE8F04100F066BA7B4332682078AA
S214033D60D15A02EB030800F0C1F901214046E2F7FD
S214033D700DFB034608B1207898470135E5E72DE9A2
S214033D80F04F1C4689B09DF84C30BDF8488001932F
S214033D909DF85030924602932246434607460D4608
S214033DA0E2F706FA8DF814700646ADF816508DF84D
S214033DB01840ADF81AA0ADF81C8018B9012009B058
S214033DC0BDE8F08F05A9FFF7A2FD0028F6D0002571
S214033DD02F46A8462C4634E00C231FFA85F903FB2E
S214033DE009F931887368B1F57C4F33F8092003EB82
S214033DF0090B1AD333F8090050452CD3019BA34271
S214033E002DD900F0B8F99BF80200E2F76BFF029B8E
S214033E1043B19BF8043013F0010F0CBF05200720B5
S214033E20E2F760FF0134A4B219E0ADF81A20594650
S214033E30304605AA0393FFF781FD039B0028D9D1DB
S214033E4001353289ABB29A42C6D804EB0800C31BCD
S214033E5058425841B3E708F101081FFA88F80137BA
S214033E60BFB2EDE710B5012488B006949DF83C4038
S214033E7005949DF8384004949DF8344003949DF8C7
S214033E80304002940B9C0194BDF828400094E2F75E
S214033E90C1FB08B010BD2DE9F04786B0BDF83880E9
S214033EA0DDF83C909DF840A0CDF80080CDE9019A5E
S214033EB004460D4616461F4600F012F9B8B1431ED7
S214033EC0DBB2012B10D800230122811E4842484151
S214033ED0CDE90432CDE902A03B46324629462046C8
S214033EE0CDE90089FFF7BEFF06B0BDE8F0870120E5
S214033EF0FAE730B50024012587B0CDE904450395DC
S214033F009DF82C5002950A9DCDE90045FFF7AAFFC0
S214033F1007B030BD30B50024012587B0CDE9044590
S214033F2003959DF828500094CDE901354023FFF70B
S214033F3099FF07B030BD10B5012486B0CDE904441F
S214033F40002403949DF828400294099C0194BDF82C
S214033F5020400094FFF786FF06B010BD1FB5089CEF
S214033F6003949DF81C400294069C0194002400943C
S214033F70E2F74CFC04B010BD70472DE9F84F022958
S214033F80074688460C9D04D84FF0000A5046BDE805
S214033F90F88F1BB10429F7D942F004023A702BB309
S214033FA003247B701B0ABB70E3F746FF4FF0000940
S214033FB09DF82830385504F1020A01343B550B9A14
S214033FC05FFA89F3D45C002CE0D0732C10D82E460D
S214033FD04C2C56F804BB3DD0532C15D0622C45D13F
S214033FE0AC8805F1080600231A4616E00124DBE731
S214033FF0A4F17503032BC7D8763C2E1D022C52D88A
S214034000DFE804F0565A58006A6805F1080694B2C9
S214034010D2B2B2F1FF0318BF01230AEB040119441D
S2140340208845B1DB50461946002947D153441FFA49
S21403403083FA5CB1BBF1000FA6D0224607EB0A0059
S2140340405946E7F74FFC54441FFA84FA354609F1FC
S2140340500109B4E74FF6FF736A6805F1080694B2E0
S21403406022469C4214BF02230023D6E76C2C05D1BC
S214034070584600F0C8F8841CA4B2B4E7732C04D1E5
S214034080584600F0BBF8441CF6E7A4F13003DAB256
S214034090092A01D89CB2A6E7A4F14103062B3FF6F2
S2140340A073AF373CE8E7012300242A68A346B4E746
S2140340B00223F9E70323F7E70423F5E700F1010CEE
S2140340C001393A54C9B2120A1FFA8CF0ACE7002041
S2140340D0E2F790BD0022E2F7ADBD0023E2F7C0BDD4
S2140340E00120704701207047012070477047002069
S2140340F0704700207047002070470020704700205C
S21403410070470020704770470E20704700207047A6
S2140341100020704700207047002070477047FF203C
S21403412070470E2070478420704770470020704702
S214034130704700207047002070470020704700201B
S2140341407047002070470020704700207047704774
S2140341500E207047002070470020704700207047ED
S214034160704770470E2070477047002070478120C5
S21403417070477047704738B50546C0B2E2F7B2FDE0
S2140341800446280AE2F7AEFD14B1002808BF00244F
S214034190204638BDF8B50546C0B2E2F7A3FD04468F
S2140341A0C5F30720E2F79EFD0746C5F30740E2F78F
S2140341B099FD0646280EE2F795FD24B12FB136B1D8
S2140341C0002808BF00242046F8BD3C46FBE73446DB
S2140341D0F9E710B4CC18944203DC5DF8044BFFF700
S2140341E023B800205DF8044B70470423FFF7F1BFA4
S2140341F008B50223FFF7EDFF80B208BD0078FF285D
S21403420008BF0020704708B502220021FFF7F0FF21
S2140342104FF6FF73984208BF002008BD003818BF4A
S2140342200120400070470020704708B5FFF7A5FC43
S214034230FF284FF0FF3018BF0020C0B208BD08B5F6
S214034240FFF7F3FFFF280CBF2120002008BDF8B5B9
S21403425006460C4615461F4600F011F810B12544D5
S214034260AC4200D1F8BD3946304614F8012BE2F7CC
S2140342702BFEF5E7014600220220E2F7B5BD01203A
S214034280704737B50546E1F73FF8044601950CB984
S21403429081201CE0237823B12046E1F73DF804464D
S2140342A0F5E72B6862685B889A42F5D1A368EA7BD8
S2140342B099B272B12A8A9142EED16A7DB2EB134F5C
S2140342C0EAD10020E36801A998478128E4D003B027
S2140342D030BD4FF6FF72EEE72DE9F84304460F466E
S2140342E0904699460BB3012A1FD80C20E7F770FBBC
S2140342F0064610B91920BDE8F8831020E7F768FBD7
S21403430018B93046E7F76CFBF4E70123002547EAC4
S214034310084770600570C0F80C904460876033806F
S2140343203046E0F7E9FF2846E5E72120E3E738B51E
S2140343300446436808460D469847B4F90830002BF0
S21403434002DB2B78042B06D1002320466360BDE8EE
S2140343503840E3F74BB938BD30B54FF48A5587B0CC
S214034360ADF816200DF116041A46029543B1002344
S2140343700122CDE90033234600F01EFA07B030BD14
S214034380019401240094F7E7FFF7EBBEFFF7BEBEE8
S2140343900020704708B500F001FB20B900F048FB89
S2140343A008B9E0F7A1F9FFF7D2FEBDE80840FFF72A
S2140343B0DBBE0020E3F782BD0021E3F71FBE002229
S2140343C0E3F7DEBD1FB5D2880B4612F0200F4FF67B
S2140343D0FD7114BF49245224ADF80610510544BF9D
S2140343E0083CE4B2110544BF083CE4B2120444BFDF
S2140343F0023CE4B2032805D8DFE800F0020F161CDF
S214034400ADF80630BDF80600FFF789FEFF281CBF8F
S214034410241AE4B2204604B010BD02AA0DF1060128
S214034420D8B200F079FAEDE7D8B200F047FAADF863
S2140344300600E7E7013CE4B2E4E7F8B506461746AC
S2140344400D4681B10C78FF2C0BD00846FFF7D6FE3D
S214034450B84228BF3846C4B22246691C701CE7F728
S21403446003F93470F8BD0C46FBE770B504461546F1
S2140344700E4611B94170017070BD0B78FF2B05D144
S2140344804B78FF2B02D103704370F5E73046FFF7F6
S214034490BAFEA84228BF284685B22A46B11CA01CED
S2140344A0E7F7E2F825702D0A6570E5E7F0B523B95E
S2140344B0013A531C2FD1002020E0042AFBD8002306
S2140344C01C46551E6E1C1AD1042A10D00121D20098
S2140344D0501E01FA00F020421EBF914049420C4391
S2140344E018421EBF4FF0FF3101FA02F213439C42FB
S2140344F01EDCB4BF4FF0FF30002040B2F0BD40B129
S214034500465DEF00BE4034434E5D013DBE4033433F
S214034510D8E70646F5E78C5C38B90346A34202F1B2
S214034520FF32C6D24FF0FF30E8E7835CA342F5D9EB
S2140345300120E3E7283807288CBF002001207047B6
S2140345401D2810D004D840B11C2804D0552070472D
S2140345501E380128FAD81A2901E00B390F298CBF17
S2140345605520002070470829F9E7002000217047EE
S214034570F7B59DF820400546082C104619469DF8C9
S214034580246036D8002213462C44AC4208D106F0E9
S214034590FD04382C0ED10096FFF7E7FF03B0F0BDFD
S2140345A014F8017D1B0243EA12631202BA1843F1A0
S2140345B00003EAE7392E10D107EE100A07EE902A19
S2140345C0B4EEE77AF1EE10FACCBF77EE677A77EEC1
S2140345D0C77A002117EE900AE0E7824273EB0104E4
S2140345E003D2801A61EB0301D8E7101A63EB0101CB
S2140345F0D4E700200146D1E738B5C368144619440A
S214034600836853F821501AB12846E6F7D7FE207080
S214034610284638BD2DE9F3411C4616460DF1070220
S2140346209DF82050FFF7E8FF9DF807308046A34229
S21403463088BF8DF807409DF807700DB1E41BE5B2FF
S2140346402A4600213046E6F7BDFF3A464146701932
S214034650E7F70AF8384602B0BDE8F0812DE9F341E2
S2140346601D46164601AA9DF82040FDF726F8019B35
S21403467080469D4238BF0195019F04B1EC1B22463C
S21403468000213046E6F79EFF3A4641463019E6F7E4
S214034690EBFFF8B202B0BDE8F08173B5002415460F
S2140346A001AA1E460194FDF708F8019B072B0AD9B9
S2140346B02146CCB216B1C4F10704E4B2425C013120
S2140346C008292A55F5D1D8B202B070BD1FB5030A22
S2140346D08DF80E300323009303AB8DF80D0000F026
S2140346E0BBF805B05DF804FB1FB58DF80F10042169
S2140346F0030A8DF80E30009103AB8DF80D0000F021
S214034700ABF805B05DF804FBF0B589B016689DF804
S2140347103C50CDF809608DF811305668BDF8383036
S214034720012D109FBDF84440CDF80D60ADF8123052
S2140347308DF8145014D0032D19D13B68CDF81530DD
S2140347407B68CDF819309DF848308DF81D30162358
S2140347500093BDF84C2002AB00F07EF809B0F0BD24
S2140347608DF81540240A0F238DF81640F0E7012034
S214034770F4E71FB50446084611461A4602238DF889
S2140347800D100093214603AB00F066F804B010BD8D
S21403479010B514461A460B6886B0CDF80D304B6834
S2140347A03421CDF811300A23009303AB8DF815405E
S2140347B000F052F806B010BD2DE9F041B6B014462D
S2140347C01D4606460F469DF8F080E3F73BFE03AA18
S2140347D08DF80C001046330A8DF80F703F0A8DF8DB
S2140347E00E308DF80D602B468DF810708DF8114045
S2140347F005EB4405AB4202F102021FD16200D2B2BE
S214034800931DDBB23D99D8336B44073203F8CC8C47
S21403481001EB4805D3B250FA82F2A94202F1020232
S21403482012D103EB4803009006213046BDF8F8206A
S214034830DBB2E3F711FE36B0BDE8F08133F8021BB6
S2140348401171090A5171D5E731F8024B02F8024C8F
S214034850240A02F8014CE0E72DE9F0411C46054620
S2140348600E4617469DF81880E3F7ECFD2070434686
S2140348703A46314628460694BDE8F041E3F7ECBDD8
S214034880002070477047D7F74FBE70477047704792
S2140348907047704700207047704770470020704786
S2140348A07047704702F0EEBEFEF774B8FEF757B8CF
S2140348B003F031BAF8F7B0B903F01EBAF8F76AB9DD
S2140348C0F8F7D2B9F8F78CB9FEF71EB9FEF76DB84C
S2140348D0FEF77AB8F4F704BCF4F708BCF3F768BB42
S2140348E0F2F78ABCF2F78EBCEFF762B9FEF7B7B8F9
S2140348F0FEF77CB8FDF718BFFEF79FB8FEF78BB838
S21403490030B4BDF808409DF80C50CDE9024530BCE4
S214034910FDF729BFFDF796BFF8F718BBE3F7ECBD25
S214034920F8F7DEBBF7F72ABA70B49DF80C40BDF86B
S21403493010509DF814600394CDE9045670BCF5F747
S2140349402FBA70B49DF80C40BDF810509DF8146053
S2140349500394CDE9045670BCF5F762BAF5F74CBB81
S21403496010B49DF8044001945DF8044BF5F79CBA27
S21403497010B49DF8044001945DF8044B01F073BF36
S21403498001F073BFFDF7A2BFFDF7B2BFFDF7C5BFCA
S214034990F1F79AB9F1F7DCBFF1F7AEBFF0F7C0BF96
S2140349A002F09FBAF1F764BB02F0E1BAF1F7C4BCB8
S2140349B0F1F796B8F1F7D2BFF1F754BFF1F76ABF34
S2140349C0EFF7AABEFEF7B5B8FEF768B8FEF77BB8F2
S2140349D0FEF788B800F00BBC00F004BCF7F704BA87
S2140349E0F5F70EB8F7F7DEB9F7F704BBF4F7D8BF59
S2140349F0EFF7CAB8F6F7FABBFFF745BFFAF7F0BE0C
S214034A00FEF7E3B8FDF753BFFEF738B801F001BD74
S214034A10E3F7D0BCEFF77CBCEFF776B901F09BBFAA
S214034A2001F06BBFEFF7C4B9EFF702BCEFF706BCB4
S214034A30EFF732B9E3F7DABCE3F7ECBCE3F7C4BC51
S214034A40EFF7E0B8E3F7CABCF9F7A2B801F053BF33
S214034A5001F01ABFEFF7DCB8EFF744BCEFF724B961
S214034A60E3F768BDE3F760BDF8F796BEF9F782B8DB
S214034A7003F05DBA03F063BAF8F706BFF9F782B836
S214034A8000F063B900F0A1B900F0C9B900F0A0BA0C
S214034A9000F010BB00F079BAE4F742BA00F0E6B9CA
S214034AA000F013BA00F026B810B51C4601F0C2FD9C
S214034AB005F00BFF0023C0F340202370400010BD19
S214034AC0002208B50B461146FFF7EEFF023818BF63
S214034AD0012008BD002070477047002070477047CC
S214034AE00020704770470E207047012070477047BC
S214034AF00120704714220021E6F764BD704770B5A5
S214034B0005460C468AB0252200210DF10300E6F780
S214034B1059FD6B68CDF81D30AB68CDF821302346C0
S214034B2001AC03F11006224618685968083303C21D
S214034B30B3421446F7D101236A7B8DF8023012F094
S214034B40040F0CBF4FF480734FF4A073110748BFD4
S214034B5043F48063ADF80030930748BFBDF80030D8
S214034B60684644BF43F00803ADF80030F4F752FC40
S214034B700AB070BD30B5427B0D46D10704468BB0F4
S214034B8007D5407801A9F4F7ABFCD8B12D200BB0BC
S214034B9030BD9307FAD5C2F3800310074FEA831399
S214034BA0ADF8023044BF43F48063ADF80230BDF87D
S214034BB00220201D0AB10DF1020201A902F07FFDB9
S214034BC00028E3D001AB03CB9DF81430A160237318
S214034BD0BDF810306060590642BF627B42F00402A3
S214034BE062735A0542BF627B42F0080262731B0778
S214034BF042BF637B43F0020363732B4606AC0AADE6
S214034C00224603CAAA4218605960144603F10803F1
S214034C10F6D10020BBE7F0B504460D4693B0252237
S214034C2000210DF12300E6F7CDFC636804F1040CC4
S214034C30CDF83D30A36809AECDF841302B4605F1DB
S214034C401007324618685968083303C2BB42164633
S214034C50F7D105238DF82230637B5B0103F40073E1
S214034C60ADF820306378FF2B1AD1002360461A462E
S214034C7001A900F0CAF99DF80530FF2B0DD10023DA
S214034C8001A91A46184600F0C0F99DF80530FF2B17
S214034C9003D11C26304613B0F0BD9DF80530637073
S214034CA00020617808AA00F09BFA06460028F1D196
S214034CB0607801A900F02FFA2B4603AD2A46186840
S214034CC05968083303C2BB421546F7D1637B607845
S214034CD0DB0648BF9DF81C3001A944BF63F07F0381
S214034CE08DF81C3000F02EFAD4E710B504468AB0CF
S214034CF02422002101A8E6F765FC637B590744BF1D
S214034D004022ADF810201A0742BFBDF8102042F427
S214034D108062ADF81020DB070FD5607801A9F4F7A1
S214034D20DFFB10B12D200AB010BD01AB03CB637BB4
S214034D30606043F00203A160637304A9201D02F0C0
S214034D40C0FC0028EED00020EDE71FB5694600F052
S214034D5066F8002818BF2D2005B05DF804FB73B570
S214034D600D4614460646E3F709FD6B881A071AD55F
S214034D7022463146102002F085FC2046E3F7FEFC6F
S214034D806B88D90717D50023224601210DF10700AA
S214034D908DF80730E3F7BEFF6B88002B0CBF21208E
S214034DA0002002B070BDDE06EAD522460821281D83
S214034DB0E3F7B0FFE1E79A0701D50223E4E75B07D1
S214034DC0EAD50323E0E70F2070471FB50C46694674
S214034DD000F025F8102221466846E6F73FFFB0FAB2
S214034DE080F0400904B010BDB8B1B1B14388A3B98F
S214034DF00378013B082B10D8DFE803F00507090BFF
S214034E000F0F0F0F0D00E3F787BEE3F7E1BEFFF7C3
S214034E1076BEFFF700BFE4F76FB82120704738B5BA
S214034E200D4609B300B30378013B082B1AD8DFE815
S214034E3003F0050D1013191919191600E3F7A4FE4C
S214034E400446284602F01EFE204638BDE3F7E0FE81
S214034E50F6E7FFF78FFEF3E7E3F710FFF0E7E4F775
S214034E6055F8EDE72124ECE72124EDE770B586B08D
S214034E70064601A80C461546FFF73CFE04238DF8AC
S214034E8004301CB12068616802AB03C3294601A83D
S214034E908DF80560FFF7A8FF06B070BD70B586B045
S214034EA0044601A80D461646FFF724FE0323206892
S214034EB061688DF8043002AB8DF8116003C3294690
S214034EC001A8FFF791FF06B070BD0022FFF7E6BF0B
S214034ED030B5437B044613F001020D468BB007D072
S214034EE0407801A9F4F7FCFA70B12D200BB030BD61
S214034EF09B07FAD5ADF8022001A90DF10202043092
S214034F0002F0DDFB0028F0D000210E22A81CE6F7F5
S214034F1059FBBDF810302B80039BAB60BDF81230F5
S214034F20AB819DF81430237301AB03CB6060A160A3
S214034F300020DBE770B5437B0446DB070E468AB0EA
S214034F4003D42D2528460AB070BD6946407800F084
S214034F5045F905460028F4D1DDF81D300E226360BE
S214034F60DDF821300146A360637BB01C43F00203E7
S214034F706373E6F727FBBDF80030069A43F0040395
S214034F803380059BB2607360DCE70B4610B50446BE
S214034F90102200211846E6F715FB2278032A09D0CB
S214034FA0042A0DD0022A11D101462046BDE810403E
S214034FB0E4F712B801462046BDE81040FFF788BF65
S214034FC001462046BDE81040FFF7B4BF262010BDBB
S214034FD0F8B5074608460C4616461D46FFF78AFDF3
S214034FE004232370637B314643F001032046677036
S214034FF06373FFF714FF08B12D20F8BD294620463A
S214035000FFF7C3FF0028F8D0F6E7F8B505460846CD
S2140350100C461F461646FFF76DFD0423237025B185
S21403502008222946E018E6F71FFB637B43F00203DA
S21403503063734EB932460121284600F0DAF8FF289A
S214035040607007D12D20F8BD31462046FFF7E7FEF6
S2140350500028F7D1637B43F0010363730DB9002087
S214035060F1E7002FFBD039462046FFF78EFFF6E721
S214035070F8B50C460746084616461D46FFF73AFDA2
S21403508003232046394600F8043B0822E6F7ECFAE9
S214035090637B314643F0020320466373FFF7BFFE8C
S2140350A008B12D20F8BD29462046FFF76EFF0028DD
S2140350B0F8D0F6E7F8B5074608460C4616461D46EA
S2140350C0FFF718FD03232370637B314643F0010388
S2140350D0204667706373FFF7A2FE08B12D20F8BD64
S2140350E029462046FFF751FF0028F8D0F6E718B107
S2140350F08022012100F07DB8FF207047002307B50A
S2140351001A4619460093F5F7EDFEB0FA80F040090B
S21403511003B05DF804FB0B4610B519220446FF21C5
S2140351201846E6F74FFA7E2C01468CBF04F5C430CA
S21403513004F583304FF01902BDE8104088BFAD3048
S214035140D7F788BE7E2888BF00F5C4304FF0190213
S21403515094BF00F58330AD30D7F7A8BE30B589B01D
S2140351600D46FFF7C4FFFF2804460DD001A9FFF73D
S214035170D2FF2868696801AB03C3204601A9FFF77D
S214035180E1FF002009B030BD2D20FBE770477047D4
S2140351900020704770470F2070470F20704700208D
S2140351A070470F207047002070470020704784B078
S2140351B08DE80F00002004B070477047704700204A
S2140351C070477047002070477047002070470120E3
S2140351D07047704700207047012070470E207047C5
S2140351E00E2070470E2070470020704770470E2031
S2140351F07047FF207047704770470020704770471E
S21403520070477047002070477047002070470020A3
S2140352107047002070477047704700207047002093
S2140352207047704700207047002070477047002083
S214035230704710B50024E3B210B9C3F10303DBB221
S2140352400134042CCA544FEA1222F4D110BD10B50F
S2140352500B784C788A78C97828B9104622460446D3
S21403526008461946034642EA012043EA042343EA72
S214035270004010BD7047E3F763BF08B5D2F786FA60
S214035280002814BF8620002008BD08B5D2F74EFCC0
S214035290003818BF012008BD08B5D2F707FC003850
S2140352A018BF012008BD08B5D2F78CFC003818BF1C
S2140352B0012008BD08B5E4F723F8BDE80840E3F786
S2140352C0D1BF70B504460D461646E4F719F8042018
S2140352D0E3F7BAFF324629462046FFF7DDFF0446CA
S2140352E00220E3F7B1FF204670BD08B5E4F708F8DF
S2140352F0BDE80840D2F7BEBBE4F73ABBE4F71ABBF7
S21403530008B5E4F717FB20B1BDE808400020E4F732
S2140353104FBC112008BD10B5044608B1E4F72AFDBA
S2140353202046BDE81040FCF7C8BF10B50446006A27
S21403533010B1616AFFF7EFFF0020C4E9080010BD53
S21403534038B50546FFF7F1FF2B7E0446012B0ED03A
S214035350023B012B0ED8EB69012B18BF6FF09604A6
S214035360282200212846E6F72DF9204638BDEB69AA
S214035370002BF2E76FF09604F2E718220021E6F717
S21403538021B970472DE9F84F9846DDE90B490D9B87
S21403539015469A0706460F4623D02A460A9B03EB72
S2140353A0040A1444A24220D10D9B9B0705D5A2EB09
S2140353B0050AD14505EB0A0420D82046BDE8F88F38
S2140353C0434639462020B0470AF1010ACA450AEB8C
S2140353D00B02F5D3A9EB04024C4588BF00222A44EE
S2140353E0DCE7A246A5EB040BF0E702F1010B43460C
S2140353F039461AF8010DB0475A46D3E743462246C4
S21403540039462020B0470AF1010AD2E72DE9F047D2
S214035410DDE90D7616F0020F9DF82880DDE90854C5
S214035420DDE90BCE1FD106F001094FB1B9F1000F2C
S21403543006D0B8F1000F02D116F00C0F00D0013FD2
S2140354404FF0300A04E0202C04D005F804A0013401
S2140354507445F8D3B9F1000F05D04FF03009A742D1
S21403546001D9202C2DD116F0100F1FD016F4806F03
S2140354702CD15CB3744501D0BC4227D1B4F1010EE4
S21403548023D0BCF1100F46D1023C16F0200F28D1D2
S214035490202C28D04FF0780C05F804C00134202CBB
S2140354A021D04FF0300C05F804C00134202C1AD05C
S2140354B0B8F1000F23D04FF02D0C05F804C00134CB
S2140354C012E005F804900134C9E77446BCF1100FE6
S2140354D0DBD0BCF1020FE2D1202C04D04FF0620CDB
S2140354E0DAE7202C08D12024CDE90A76CDE9085442
S2140354F0BDE8F047FFF746BF4FF0580CCCE716F071
S214035500040F02D04FF02B0CD7E716F0080FEBD0A2
S2140355104FF0200CD1E7BCF1020F7446C1D1DDE792
S2140355202DE9F04391B0189D1A9E1D9F0DB927F0E3
S21403553010077C0500D515B317F0200F14BF4FF0E6
S214035540410E4FF0610EAC4600250DF12008AEF17A
S2140355500A0EBCFBF6F906FB19C95FFA89F4B9F122
S214035560090F94BF30347444E4B2B44508F8014BD1
S21403557005F10105BCFBF6F401D3202D10D11C9CCC
S214035580069705941B9CCDE903649DF86440CDE91A
S214035590015408AC0094FFF739FF11B0BDE8F0835F
S2140355A0A446D6E72DE9F04F95B0269ECDE90A230B
S2140355B0DDE91E74DDE9229B57EA040308BF26F0E3
S2140355C010067205CDE9080102D557EA040337D061
S2140355D016F0200F14BF4123612300250DF1300A76
S2140355E0A3F10A0821464A465B463846E5F77EFCA1
S2140355F0D2B2092A94BF303242444F45D2B274EB3A
S2140356000B0405F101050AF8012B01D3202D14D153
S214035610259B06960593249BDDE90801CDE90393B4
S2140356209DF88030CDE901530CAB0093DDE90A23E6
S214035630FFF7ECFE15B0BDE8F08F07460C46D1E742
S2140356400025E5E708B100F014B8704710B1D1E9BA
S21403565000311847704738B5441E14F8015F25B962
S2140356600A2000F006F8284638BD284600F001F860
S214035670F3E701460020FCF7F3BB70477047EDF7EE
S21403568097BE704708B5FCF7BCFBD2F77FF8BDE8BA
S2140356900840D4F78FB9704708B5D2F7BFFBFBF7BE
S2140356A056F8BDE80840E3F72BBE08B5FBF778FFCE
S2140356B0E4F794FBFBF752FEE4F732FFE4F71EFF32
S2140356C0E4F7A0FEBDE80840D7F79EBB08B5D5F7BC
S2140356D0B5FBFBF732FED5F7BDFBFBF730FED9F77C
S2140356E0A5FDD9F74BFED9F753FFBDE80840D9F718
S2140356F071BE70477047E4F7ABBE08B5FCF7CCFF46
S214035700BDE80840FCF7F7BF704707B5002203461D
S214035710114601200092D8F703FF03B05DF804FB9F
S21403572007B500920B46027D81898068FDF78CFDE4
S214035730003818BF0120C00103B05DF804FB08B5AC
S2140357400020E0F775FA0020E2F706F80020DAF703
S214035750FFF80020DAF796FB0020DAF795FD002025
S214035760DBF782F80020DBF7ABFD0020DEF7DAF884
S2140357700020DEF745FE0020DFF73AFCBDE80840D0
S2140357800020DFF725BD08B50120FDF73FFA01200D
S214035790DAF73EFABDE808400120DBF765B808B53E
S2140357A00220E0F739FB0220DFF72CFD0220E2F7A8
S2140357B0E1FA0220FFF7A2FD0220FDF7C7FC022054
S2140357C0DEF71EFEBDE808400220DFF7C5BFDAF7A6
S2140357D063BBFDF7DBBF7047704770477047704782
S2140357E07047704710B50446DFF7D0FE2046FDF736
S2140357F043FA2046DCF776F82046DCF7C9FF204656
S214035800BDE81040FDF7D5BCFDF7F0BCFDF7FABCCC
S214035810DFF7F8BB70477047FDF752BA704770471B
S214035820704770477047704705F015B87047704764
S214035830DFF782BC70477047704770477047704702
S214035840D0F792BBFEF77DBC704700207047FEF78B
S2140358507ABCFEF783BC7047431E012B03D9031F94
S2140358605842584170470120704700F021BC4FF45E
S214035870D0720021E5F7A6BE70B50446E7F77AFFB7
S2140358800546A8B9A169F1B1238AD3B1204604F12C
S2140358901002E7F71DFE38BBE16919B3638AA3B1AB
S2140358A0204604F1120200F0CAFA78B1054603E076
S2140358B00023A3612361E361002328466361236217
S2140358C070BDA061E8E72082E6E7E361216A00296C
S2140358D0F2D0A28A002AEFD02046E38ABDE87040C1
S2140358E000F06FBA6182F1E76582E561DEE711B920
S2140358F0D0F8DC1021B1CB6813B18B68D889704718
S2140359004FF6FF707047E7F719B810B50C46114607
S214035910E7F73AF8E8F768FA012801D1002010BD46
S214035920002CF7D10520FAE700F0CFB900F0E3B971
S21403593070B500232425D0F8DC00C4689C4201D14E
S214035940212070BD826805FB0322D6898E4202D8C9
S214035950128A8A4201D20133F0E70020F1E7F8B554
S21403596006460D46E6F786FAD8B94FF6FF734FF0AC
S214035970240CEF68C1B28F4208D81C462146304635
S214035980E6F72EFC00F09AFB2046F8BDAA680CFB4F
S2140359900122D4899C4202D2002CEFD02346013048
S2140359A0E8E70024F0E7C08D70470A7838B5054667
S2140359B01046FFF751FF60B14C782046FFF74CFFC7
S2140359C038B12243530704D42846BDE83840E7F7E6
S2140359D027BA212038BD10B504460878FFF73CFFE8
S2140359E058B14A781046FFF737FF30B1042A04D07F
S2140359F02046BDE81040E7F731BA212010BD00F07D
S214035A00E8B8E7F793BD084600F008BBE7F7D2B857
S214035A1038B504460D4600F08EF850B129462046A8
S214035A20E6F7DEFB30B929462046BDE83840E7F7FF
S214035A3089B80E2038BD70B516460C4604F065FDD1
S214035A40314605462046EAF76BFA0446284604F034
S214035A5057FD204670BD00F032B970B504460020ED
S214035A600E4600F027FBD4F8F0503DB10023314634
S214035A702046AC46BDE870401A4660472B460122D6
S214035A8031462046E7F7F6FA284670BD38B5044691
S214035A9048880D4600F00EFBD4F8F0302BB92946A3
S214035AA02046BDE83840E7F7F3B9022038BD00F0DA
S214035AB003BB00F03CB9E6F713BFE9F70BBA70B5C2
S214035AC0BDF81060054606B16BB1334428469BB259
S214035AD000F077F9044620B91EB13146284600F097
S214035AE0ABF9204670BD2124FBE7E8F779BDC0F883
S214035AF0EC1000207047E7F705BC00F05EB910B461
S214035B00BDF8044001945DF8044B00F09FB80B46C3
S214035B1010B514461846A1689288E5F7E3FEE168D7
S214035B20034631B1A0886288121A92B21844E5F788
S214035B30D9FE002010BD0346408A18B1188A0038E3
S214035B4018BF012070470846E9F7D0BA00F0ECBA50
S214035B5000F0EABAE9F7DCBC084708B5E6F708FF41
S214035B60C0B208BD022A01D800F0E2B9212070476E
S214035B70022A01D800F0EDB921207047022A01D885
S214035B8000F0F9B921207047E8F71CBA0846E8F791
S214035B9037BA00F018BA00207047002070477047E5
S214035BA0D0F8943003F06003402B0DD0602B03D065
S214035BB0203B58425841704749B10B68012B06D920
S214035BC0486940F00100704740F20110704700201A
S214035BD07047F7B504461046D4E954C7DDE90826EE
S214035BE08CEA020587EA06010540194085EA0C059A
S214035BF07940C4E95451002523F4004106EA010321
S214035C0020F0010043F40073024043F00203CDE9A1
S214035C100055EBF74FF894F824309A0713D5D4F8C9
S214035C2054319B050FD54FF48811204600F058FBDE
S214035C3094F82430024665F3410384F82430204662
S214035C400B46E6F769FE002003B0F0BDF0B587B05B
S214035C501C461746BDF830601AB90024204607B024
S214035C60F0BD002BF9D00029F7D001AAE8F7B8FC5D
S214035C700028F2D0BDF80630A2199A42BDF80850A3
S214035C80C4BF9B1B9CB2B54212D90399AD1BADB2E0
S214035C903144A5420391ADF808500DD22A46384642
S214035CA0E5F720FE0499621B7819E5F71BFED5E796
S214035CB00499761B3144049122463846F5E7084694
S214035CC0EAF7CEB80220E9F719BC08B5D0F8E430F5
S214035CD04BB11A68022A06D993F825204AB1186AE6
S214035CE0B0FBF2F008BD4FF446624C210020E6F705
S214035CF0D9FA0020F6E7D0F8E42008B57AB113689D
S214035D00022B0CD9536A13F47F4FC3F3072106D033
S214035D10126ADBB253438B42B3FBF1F006D2002088
S214035D2040F67F424C21E6F7BDFA002008BD034645
S214035D30D0F830010860B3F8343100208B80704708
S214035D4090F830310C2B14BF90F82B00FF207047CF
S214035D5038B50C464FF400610546ECF74FF870B1C2
S214035D607CB195F81E3173B94FF480724FF480718D
S214035D702846ECF72FF8003818BF012038BD22025A
S214035D80F4E72246F2E70020F8E74FF48071ECF7D9
S214035D9035B808B54A024FF40071ECF71BF800203B
S214035DA008BD08B58A024FF48061ECF713F80020AB
S214035DB008BD4FF40071ECF721B8062300208B7161
S214035DC07047B2F5805FF8B50F4606461546194686
S214035DD02ED89A422CD33F2A26D9B2FA82F401222D
S214035DE0C4F11F03DBB29A4092B2AA422CBFC4F19D
S214035DF01904C4F11A04E2B20124931DDBB29C40D9
S214035E00A4B2AC4212D096F8F5309BB9012096F8AE
S214035E10243060F3C71386F824303846E8F7F4F9DD
S214035E2000203762B582F8BD0022ECE70020EEE7DB
S214035E302120F8E70E20F6E70846E8F705BA70B51E
S214035E4005460E46144602B313883F2B1DD9B3FAF4
S214035E5083F3C3F11901C9B2062901D8192B12D04D
S214035E60062928BF062101238A1DD2B29340304655
S214035E702380E8F7F1F923882846EE616B82E8F77A
S214035E8075FA002070BD0021EDE72120FAE710B572
S214035E90144608460121E9F7B9FE2046BDE810403E
S214035EA00121E9F7B3BEF8B504460E46174604F0DB
S214035EB02CFB3A46054631462046EAF765F9044682
S214035EC0284604F01DFB2046F8BD02207047032039
S214035ED07047E9F70BBB10B50023E7F78BFD0446C5
S214035EE008B9EBF705F9204610BD704770B50546AF
S214035EF00E46144600F0E3F831462846FFF72FFD1A
S214035F0000F0DDF8230704D50B2C9CBF24F008040F
S214035F10A4B221462846E6F731FD00224FF40031AD
S214035F202846EBF757FF002070BD8021EBF766BFCE
S214035F307FB5531C05AAADF8141002920221002265
S214035F40DBB2CDE900211146EBF762FF07B05DF83F
S214035F5004FB7FB5531C05AAADF814100292042166
S214035F600222DBB2CDE9002100220121EBF750FF2C
S214035F7007B05DF804FB1FB5531C029100220821ED
S214035F80CDE900210122DBB21146EBF741FF05B054
S214035F905DF804FB07B591F82830009391F82B3091
S214035FA091F8292091F82A10E7F7D2FF03B05DF89D
S214035FB004FB10B50446E6F7DBFC01462046BDE8C5
S214035FC01040E6F7DBBC002914BF212000207047F1
S214035FD038B5054610460C46E8F740F8D5B1D5F86F
S214035FE0E030BBB15B69ABB1421ED2B2FD2A13D916
S214035FF00A68013204BF6FF001020A600A68FF28CC
S2140360001A6007D16268013202D16FF00102626042
S21403601062685A60002038BD0128F2E738B50546A5
S214036020EAF7DAF804460021A878E8F77FF820466E
S21403603038BD2DE9F74F01251C469DF8303006463E
S21403604001930368174603F0070306339D4005F1E3
S214036050FF380B46A1B1416804EA080BA5EB0B0A0F
S21403606041F00059524509EB0B0114D95246184624
S214036070E5F738FC49467A1B5A445044E5F732FCA8
S214036080019B2BB13C4448EA050804EA0804F46083
S21403609003B0BDE8F08F1846F0E737B50025144681
S2140360A00095FFF7C6FF204603B030BDE7F752BEA4
S2140360B000207047002070470020704770477047E5
S2140360C030B549000446056812B102291FD90339C1
S2140360D0C90395B9E1B1B1FA81F3C3F12003C3F162
S2140360E00F00012838BF012003F01F03D940A9423F
S2140360F001D901384908216030BDB5FA85F339B1B5
S214036100B1FA81F29B1A002BE9DC0F20EFE700219E
S2140361100F20F0E7012805D9023818BF4FF0FF30EB
S214036120C0B270470120704708B5E9F739FBBDE8F0
S2140361300840E9F75DBB38B50446FFF7F5FF0546AB
S214036140FFF7F2FF431BA342FAD338BD38B50D461B
S2140361500446E9F725FB35B1844200D901392046C8
S21403616001F0030138BD844238BF0131F7E708B5B3
S2140361700121FFF7EBFFBDE80840E9F739BB0B0C3D
S21403618023F48053B3F5284FF7B50D468FB2064672
S21403619099B216D04AF60103994214D04AF602037E
S2140361A0994212D0B1F5204F14BF04240324D6F825
S2140361B0E0300BB1196851B9D6F8DC3093B92868CA
S2140361C00EE00024F3E70124F1E70224EFE7234679
S2140361D068463A46E9F768FBDDE90003002BEBD196
S2140361E003B0F0BD19680029E9D0234668463A464D
S2140361F0E9F75AFBDDE90003002BE0D1F0E702F0F4
S21403620003BB0204C0F3891307D56FEA83536FEA0F
S214036210935313F5007F18B206D0A3F1C8006FF4AA
S214036220FF739842B8BF184670474FF03843596912
S2140362309A6903F500530A405A6170470E20704767
S214036240EBF74AB9EBF748B9EBF746B9EBF744B9BE
S21403625008B50846EBF766FD08BDEBF73DB9022027
S21403626070470220704700207047012070470020C7
S21403627070470E20704700207047E7F7B5BD084605
S21403628011460122FFF741BB70B505460C46114681
S2140362901A46EBF7F9FD06682B462046B446BDE8DA
S2140362A07040604710B5EBF7EFFDBDE8104083681C
S2140362B01847FFF710BEE7F7BFBCFFF7A9BBE7F722
S2140362C0C9B970B504460D4616464FF4881100F05A
S2140362D01CF8324629462046BDE87040E7F7DEBE86
S2140362E038B505460C4604F010F9D5F890301C4036
S2140362F0D5F88C302343C5F88C3004F001F9211E01
S21403630018BF01210020490238BD38B504460D46A2
S21403631004F0FBF8D4F890301D40D4F88C3023EA10
S2140363200505C4F88C5004F0EBF8284638BD38B59C
S21403633004460D464FF48811FFF7E7FF294620462B
S214036340BDE83840E7F7D2BE73B50D7806460C466F
S21403635035B304238DF804302379304601A98DF82C
S2140363600530FFF738FB0546B8B92278A37952BB48
S2140363708DF80430E379304601A98DF80530FFF730
S21403638014FB054648B923783BB161883046E6F7E7
S2140363907FFF01213046FFF7DBFC284602B070BDC5
S2140363A02946FFF7D5FC29463046FFF7F2FC294677
S2140363B03046FFF7F6FC2378002BCAD123798DF8F5
S2140363C004306379C9E702228DF80420D3E7FFF788
S2140363D0E0BCFFF7EEBC0020704710B50446EBF7B1
S2140363E0EDFD21460020ECF73DFCBDE81040002003
S2140363F000F02BB970470120704708B5EDF760FA37
S21403640080F00100C0B208BD4FF0FF30FFF79EBB1F
S21403641070470020704710B50C4603F037FE048023
S21403642010BD38B50C46154603F030FE03881DB183
S2140364301C43A1B2018038BD23EA040189B2F9E7FF
S21403644008B503F023FE008808BD08B503F01EFE5A
S214036450C07808BD08B503F019FE008800F00C00EC
S21403646008BD08B503F012FE008800F00C00031FF9
S2140364705842584108BD38B5054603F007FE0446A2
S2140364802846FFF7EEFF30B904F1100004F01DFABA
S21403649000F4406038BD4FF40060FBE738B50546AE
S2140364A003F0F4FD04462846FFF7DBFF014648B930
S2140364B010342046042203F029FD2044BDE838406A
S2140364C004F003BAA08838BD10B50C4603F0DEFD11
S2140364D0848010BD38B5054603F0D8FD044628462B
S2140364E0FFF7BFFF30B904F1100004F0EEF900F433
S2140364F0404038BD4FF40060FBE738B5054603F06F
S214036500C5FD04462846FFF7ACFF014648B91034DC
S2140365102046062203F0FAFC2044BDE8384004F087
S214036520D4B9A08838BD38B5054603F0AFFD044698
S2140365302846FFF796FF014608B1201D38BD1034E4
S2140365400622204603F0E2FC2044F7E708B503F0F2
S2140365509DFD007A08BD08B503F098FD90F9090083
S21403656008BD08B503F092FD807A08BD08B503F0B0
S2140365708DFDC06808BD10B50C4603F087FD047298
S21403658010BD10B50C4603F081FD447210BD10B566
S2140365900C4603F07BFDC46010BD2DE9F8430F469F
S2140365A08046002107F110001646994603F0E2FDE7
S2140365B00446D0B103F06AFD0546204603F082FD8B
S2140365C0002102462846E4F7FDFF00232046AB7071
S2140365D049F00401FFF71FFFA5F804802EB13A46E1
S2140365E0314605F11000E5F77DF92046BDE8F8834E
S2140365F0F8B505460F461020002103F0BBFD044600
S214036600B0B103F043FD0646204603F05BFD0021D0
S21403661002463046E4F7D6FF002339462046B370D9
S214036620FFF7F9FE25B12A460121204603F07AFD3D
S2140366302046F8BD08B503F029FD103008BD08B59F
S21403664003F040FD1038C0B208BD0020ECF732BAA4
S21403665008B5ECF78DFC002008BD4088C0F30C009D
S2140366600330800840000430704770B50E46054678
S2140366701146304603F07EFD044635B128B103F0DB
S21403668005FD32462946E4F7EFFF204670BD008835
S214036690B0FA80F04009704738B5058800220446F2
S2140366A004F07DF905B1258038BDF8B507460D46DB
S2140366B000880021164603F021FDB042044605D1AA
S2140366C029463846BDE8F840FFF7E6BF00212046D6
S2140366D003F014FDB04205D02046002103F00EFD62
S2140366E00446F3E72A462046002103F01BFD324604
S2140366F02846BDE8F840002103F014BDF8B5058828
S21403670007467DB1CCB22146284603F0F7FC854206
S214036710064609D100233B8000222146304603F07B
S21403672001FD35462846F8BD214603F0E7FC214621
S2140367300246284603F0F6FCEEE72DE9F047078805
S2140367408246884614465FB3384603F0BBFC3D4694
S2140367500646E4B22146284603F0D0FC404581466F
S21403676016D1214603F0CAFC21460246284603F00A
S214036770D9FC474504D1454508BF0025AAF8005073
S21403678000222146404603F0CDFC3046BDE8F087A4
S2140367908742FAD003F096FC30444D4686B2D9E7DA
S2140367A03E46F2E700220123C0E900237047F8B50E
S2140367B004460127002603F0B5FE23683BB903F021
S2140367C0ACFE00226368012B0ED16360F8BD1D6921
S2140367D01F61266003F0A1FE012DF2D02B462D6922
S2140367E01E61012DFAD1E6E719691A610B46EAE73D
S2140367F0036823B94068012803D0EDF701B90020E8
S21403680070474FF0FF307047F8B5054603F078FF42
S214036810012306460027A8602B7303F083FE2B682C
S21403682002467BB11C692169A1420CBF2F60196126
S2140368302761104603F071FE012C08D020466368DA
S2140368409847EAE76C68012C04D103F066FE002340
S2140368502B73F8BD6169711AB1F1004FF5D8216940
S21403686069602361E5E70220704702207047002035
S21403687070470144884201D10120704710F8013B5C
S2140368809342F7D00020704770B50146064692B093
S2140368900020EBF7BFFD044670B9FDF7F1FF054690
S2140368A001466A462046ECF7FBF86A462946204628
S2140368B08DF80260ECF7AAFB204612B070BD00B557
S2140368C093B0FDF7DDFF6A4601460020ECF7E8F8D3
S2140368D09DF9020013B05DF804FB00B593B0FDF715
S2140368E0CFFF6A4601460020ECF7DAF89DF8000071
S2140368F013B05DF804FBECF797B8012070477FB53B
S2140369004FF6FF7101AAEDF7EDFA20B1BDF80C00C2
S21403691007B05DF804FB4FF6FF70F9E708B51046BD
S214036920EEF7A6FABDE80840EEF760BB704770477F
S21403693070477047704770477047704738B54FF6D3
S214036940FF750D800C46F6F757FB2080A8420CBF58
S2140369502D20002038BD002100B593B06A460846B6
S214036960ECF79EF8BDF8060013B05DF804FB0021B3
S21403697010B592B004466A460846ECF791F8002133
S2140369806A460846ADF80640ECF740FB12B010BD69
S214036990002100B593B06A460846ECF781F8BDF8C7
S2140369A0040013B05DF804FB002110B592B0044652
S2140369B06A460846ECF774F800216A460846ADF8BE
S2140369C00440ECF723FB12B010BD70472DE9F04FDF
S2140369D087B00C4691460746FFF73CFD0546661C06
S2140369E0304603F072FF042D40F090803846FFF7E0
S2140369F021FE0378092203F00303012B14BF0223AD
S214036A00032301212046039303F080FA0922002181
S214036A100546204603F07AFA21788DF817000139E7
S214036A200022204689B2FFF720FE04EB09088346BE
S214036A30F0B14FF0010A2A460146CDF800A00398AC
S214036A400DF11703FBF7DDFE0228054626D158464F
S214036A5003F038FB00222070C0B2431E00929BB2A4
S214036A6052465946304604F029F823785344237097
S214036A703846FFF7E5FC020424D498F80130217861
S214036A809B071FD50139A1EB09013A464046C9B217
S214036A90F1F7ACF923781844207013E020B920707E
S214036AA0284607B0BDE8F08F032809D1404603F017
S214036AB00CFF20F4007189B2404603F008FFD7E7C5
S214036AC00428D5D10125002220462178FFF7CDFDE5
S214036AD007460028E4D04FF000080146434601224B
S214036AE04046CDF80080FBF78CFE022819D13846C5
S214036AF003F0E8FAC2B2013A207093B23946012293
S214036B003046CDF8008003F0D9FFC9E780F0800552
S214036B1020F0800081B23046C5F3C01503F0D7FEDF
S214036B20D1E70028BCD12070BAE708B50020FFF7EC
S214036B3064FC80F00100C0B208BD0A4608B50146F1
S214036B400020EDF71DFCB0FA80F0400908BD0020D8
S214036B50ECF790BB00210846ECF734B80020FFF7AB
S214036B604ABC70B5044603F0B0FE04220021064674
S214036B70204603F0CBF9204403F0A7FE0322054684
S214036B800021204603F0C2F9204403F09EFE4FF690
S214036B90FF730540ADB29D4214D1F30712D506220A
S214036BA00021204603F0B2F9204403F08EFE04468B
S214036BB0EDF758FC844214BF02240624EDF74CFC80
S214036BC0204070BD2046FBF7EDFFC400E4B2F5E7B6
S214036BD008B5FFF7C6FF003818BF012008BD01201F
S214036BE0704710B50446FEF71DFB08B9FEF71CFBFD
S214036BF003050FD40C231B2B01D1002009E020FA38
S214036C0003F1C90703F1010206D5DBB2E31A5842C2
S214036C10584110BD0B23F9E71346ECE710B50C46B5
S214036C20098819B90846F7F73FFD2080012010BDF3
S214036C3008B510461A4600F08CFABDE8084003F083
S214036C40E2BD70B504460D46164692B06A46EBF7AB
S214036C5027FF6A46294620468DF81F60ECF7D6F9CB
S214036C6012B070BD10B50C46EDF7D8FF2046BDE850
S214036C701040EDF7E9BE0129F8B505460C461DD0D0
S214036C8003291ED0052920D0072922D00026002458
S214036C9000270120EBF756FE304485421DDA032019
S214036CA0EBF750FE2044854219DA0520EBF74AFE3F
S214036CB038448542B4BF07200520F8BD6FF00406AC
S214036CC0E5E76FF004040526E2E700266FF0040705
S214036CD0DFE7002405272646DBE70120EDE7032050
S214036CE0EBE738B14379490023F00C0301F00C01BC
S214036CF00B434371704710B5044678B14179408819
S214036D00490801F006010131000AFFF7B4FF024605
S214036D1001462046FFF7E5FF104610BD0722FBE7B6
S214036D2038B50D46EDF768FF044608B9002038BDB0
S214036D30FFF7E1FF002DFAD1237913F00703F5D00F
S214036D40984238BF1846C0B2F1E7EEF763B900229F
S214036D50EEF786BA0021012208B5EEF781FA401A4B
S214036D6018BF012008BD38B51546FFF7F0FF0446E7
S214036D70284603F087FE84B1FF2804D0626822FA0F
S214036D8000F3DB0701D5012038BD012383401343FD
S214036D906360E3780133E370F5E72046F4E7EEF744
S214036DA0B9BC10B503F072F900F11004204603F0E5
S214036DB08CFD20F4007189B22046BDE8104003F034
S214036DC086BD2DE9FF411546019101218DF80D3051
S214036DD01B0A8DF80E309DF82C308DF80C008DF8BC
S214036DE00F3028460423009103AA9DF828809DF8B7
S214036DF030709DF8346001F016FB044670B12946E6
S214036E00FFF762FBB8F1000F02D12046FFF7C9FF78
S214036E102FB146B93146204601F0D0F8002420466B
S214036E2004B0BDE8F081002220461146EEF7F8FBD9
S214036E30F4E74FF47A70EEF74DBD08B5ECF7F4FDC2
S214036E40BDE808400020EEF74BBE00B58BB06846A1
S214036E50EEF71CFD009BBDF8060004A90693EEF7AB
S214036E60BBFC0BB05DF804FB1FB504466846EEF7A3
S214036E700DFD02AB03CB2060616004B010BD1FB5EF
S214036E80062304468DF80C30EEF784FF00238DF8B6
S214036E900D00CDE9003301210223204603AA01F0A9
S214036EA0C2FA04B010BD38B5002208210546FFF724
S214036EB0E0FC044698B9FFF74EFD22464FF6FF71F5
S214036EC0EFF7C0F92846297CEEF73AFE287C6A6974
S214036ED0E989F0F735FDEEF7ABFD204638BD012016
S214036EE0FCE770B50C4605460120EFF737FD237B1C
S214036EF04BB1FFF730FD014623462A46BDE87040F6
S214036F000120EFF7BDB94FF6FE71F5E7F8B50E466B
S214036F100746FFF78FFB054603F0D7FC00F4404017
S214036F20B0F5404F14BF0022062202F10A03EB5CC1
S214036F300B325C0004F00E045B08144403F03803C1
S214036F4038461C44FFF77BFB844208D2001BC2B2C0
S214036F500F2A28BF0F2230462919E4F7C3FC204620
S214036F60F8BDECF761BD40F62740F0F767BAFF229D
S214036F704FF6FF71F0F796BB07B500210DF107003A
S214036F80F0F7C8FC9DF8070003B05DF804FB13B5E3
S214036F90044601A90020F0F7BDFC019A01462046ED
S214036FA0F0F7CEFC204602B010BDF0B50F46002128
S214036FB087B0044608461646F0F7ACFC01230546A0
S214036FC00DF10A008DF808408DF80930FFF74CFFE5
S214036FD0092C1DD131460DF1120003F078FC05ABE8
S214036FE0002102AA9B1A2846CDE90011DBB26421D0
S214036FF001F019FA0546E0B1092C15D1F0F7EAFCC1
S214037000044688B12846F0F7F9FC204607B0F0BDE1
S21403701031460DF113008DF812704FF6FF7503F02D
S21403702056FC0DF11503DBE7284600F014F804467A
S214037030EBE70446E9E738B504460D4603F03CFDA6
S21403704040B1AC4206D0204603F02DFDBDE83840E3
S21403705000F0ACBF38BD10B50446FFF7EBFA0230BC
S21403706003F033FC4FF6F7739842204603D9BDE886
S2140370701040F0F73DBEF0F77DFEB0FA80F0400911
S21403708010BD012070470022F0F76ABD70B50446B4
S2140370900088FFF7CFFA0546043003F016FC0646D1
S2140370A0A81C03F012FC054603F025FB3046F2F756
S2140370B047F830B92846F2F743F810B1284603F0EC
S2140370C0FBFCA378002023F00F03A37070BD70B5FC
S2140370D00546FFF7AFFA0646284601F0C8F901460B
S2140370E02846F7F715FF04462846FFF7D7F94FF665
S2140370F0F773984208D8337803F00303012B05D1BE
S214037100A31E5842584170BD0120FCE70020FAE751
S21403711041F2033330B585B00D46ADF8083004466A
S214037120FFF719FC8DF80A00FFF715FC0021000A8B
S2140371308DF80B0005232046CDE9001102AA8DF831
S2140371400C5001F070F910B12146FFF79CFF05B013
S21403715030BD2DE9F041044617460D46E1B13F29FF
S2140371604FF0000600D135462046FFF773F908288E
S21403717014D10121204602F0C1FF064602F0A2FF09
S2140371800446304602F082FF3B4601462A46E0B2FA
S214037190BDE8F041FDF718BC0126E5E72046FFF7FA
S2140371A059F9024630B9BDE8F0414FF6FF710120A8
S2140371B003F054BB2046FFF75EF9B0F5006F0ED11F
S2140371C02046FFF76BF94FF6FF739842014617D038
S2140371D0002D0CBF03200520002203F03FFB2946A9
S2140371E02046EEF7D5FA68B929462046F1F746FF5A
S2140371F040B9324629462046BDE8F041F0F7FEBEC8
S2140372000120E9E7BDE8F0817047704737B54FF6D0
S214037210F675FDF738FB431E9BB2AB420446F8D81F
S214037220EDF7EAFC0028F4D169462046EDF706F8A8
S2140372300028EED0204600F09AFE0028E9D120462A
S214037240FFF788FD0028E4D12046F1F779FF0028F0
S214037250DFD1204603F030FC0028DAD12046FDF7C4
S2140372601DFB0028D5D1204603B030BD73B50446B8
S2140372700E46F1F765FF054688B92046F1F7BAFFD3
S21403728021462B460D224FF6FD70009500F0A1F81F
S2140372903146204602B0BDE87040F1F76DBF02B03C
S2140372A070BDF7B504460D461746FFF754FB064672
S2140372B0002D3FD04FF6FB739C423BD82046F1F798
S2140372C03FFF08B1A64235D02046F1F739FF10B18B
S2140372D0012003B0F0BD2046FDF7E0FAC0B1A64298
S2140372E0F6D0F4B169462046ECF7A8FF0246C0B9CB
S2140372F008216846FFF7BDFA98B90822694628466A
S214037300E4F7ACFC68B129462046FFF7AFFFDFE79A
S214037310A642E6D12846ECF7FFFF10B900F03DFE83
S214037320D6E73FB121462846EDF70CFE2146284610
S214037330F5F748FE0020CCE737B5054614460C297A
S21403734014D8DFE801F02C132C13131307131313AD
S214037350132424006946ECF771FF18B90121684627
S214037360F5F72EFF41202946F8F74EFAD4B120460A
S214037370FFF760F9023003F0A8FA4FF6F773984266
S21403738010D9204603B0BDE83040F0F767BD40F69D
S214037390144040F613430B2908BF1846E3E700F0F2
S2140373A0EDFDE3E703B030BD1FB5034608460321F2
S2140373B08DF80D308DF80C1001230021ADF80E204A
S2140373C0CDE9003103AA042301F02DF805B05DF8DA
S2140373D004FB2DE9F34106460F4614461D469DF869
S2140373E02080FFF7B8FAB04207D10022214638467C
S2140373F002B0BDE8F041FFF79FBF3A46314620464C
S214037400FFF7D2FFADF8060060B10D2C05D10022C0
S2140374104FF6FF71282003F021FA35B9BDF80600B0
S214037420FFF719FE02B0BDE8F08101234246294664
S2140374300DF10600ECF74CFABDF80630002BEDD143
S214037440F0E7F7B50C460546FFF7F4F8611C064669
S2140374502846F7F75DFDA11C0746284600F02AFFDD
S214037460014604463846FDF747FA0D2F34D1204629
S214037470F1F766FE78B1301D03F027FA0446284676
S214037480F679FFF73AF831460246204603B0BDE8E0
S214037490F040FFF768BCB01C03F017FA4FF6F7731B
S2140374A0984202D92846F0F7D9FC2046F1F7A2FE07
S2140374B0FFF751FAA04205D1002003B0BDE8F04023
S2140374C0FFF7A2BE6B46B068F16803C36946204661
S2140374D0F1F752FE03B0F0BD2A463946204603B004
S2140374E0BDE8F040FFF728BF14220021E4F76AB88E
S2140374F02DE9F04F11F00F0704460E4615468FB0E0
S2140375005CD10120E1F7DCFC09A8FDF7F3FA0923B7
S21403751009A88DF82430FDF7F1FA09A8E1F7A2FCD3
S21403752001A909A8FDF77BFC26F00F08A84404F17F
S214037530100904F10F0A454511D1236901A9334403
S214037540236109A8FDF750FC0020E1F7B9FCB6F16A
S214037550005F28BF272738460FB0BDE8F08F05AA7F
S214037560234696469446186859680833ACE80300E1
S2140375704B456246F6D12B46224605F1100B53F8CF
S214037580041B5B4542F8041BF9D1714609A8FDF7B5
S2140375902BFC09A8E1F766FC224621460120E1F709
S2140375A04BFC013D631E13F8012F15F8011F5345CD
S2140375B082EA01021A70F6D15D46BCE70227CAE7E3
S2140375C0F0B5174685B005460C46102200216846DE
S2140375D0E3F7F8FFBFB3C4B30F2C04F00F0608D9C4
S2140375E024F00F043A4621462846FFF781FF40BBA6
S2140375F02744324639466846E4F774F980222F69F1
S21403760006F1100337446B44B7F5005F03F8102CFC
S2140376102F61C6F110061AD3062E1FDDFB001A0EC5
S2140376208DF80A201A0C5BBA8DF80B20ADF80C30D7
S2140376306A4610212846FFF75BFF00202B69103BA4
S2140376402B6105B0F0BD3E46D8E72646D6E7022EA8
S21403765004DDFB005BBAADF80E30E9E76A4610219D
S2140376602846FFF745FF2B691022A3F110040021DB
S21403767068462C61E3F7A6FFB7F5005F4FEAC4033D
S214037680CDD2E7E770B50E46054686B001A8144688
S214037690FFF72AFF3246294601A8FFF791FF224645
S2140376A0054601AB05AE1C4603CCB44210605160E0
S2140376B0234602F10802F6D1284606B070BDF1F75C
S2140376C0F1BD0A460021F1F7EDBDF0B58BB00C46CF
S2140376D001A9F1F7E7FD054680B325220021E01C4A
S2140376E0E3F770FF0123A3700E23BDF81070238009
S2140376F0FA0510D523464FF4877206AE23F8042BFB
S2140377000DF1280C324603CA6245186059601646C6
S21403771003F10803F6D13B0605D5238843F080031F
S2140377202380069B636001AB03CB039BC4F81D0059
S214037730C4F82110A361F2F799FF606128460BB0E5
S214037740F0BD30B505460C4687B001A8FDF7D2F963
S2140377502868696802AB03C39DF8113043F0020240
S2140377608DF8112074B12288510644BF43F00603F6
S2140377708DF81130530542BF9DF8113043F00803CE
S2140377808DF8113001A8FDF7B0FAB0FA80F0400981
S21403779007B030BD2DE9F3410F460546164602F005
S2140377A091FC4FF00008C41BE4B2294623463A4630
S2140377B03046CDF8008003F081F90121284602F017
S2140377C09DFC88B10121284602F098FC074602F08A
S2140377D079FC0546C3B2424630193946CDF80080D7
S2140377E003F06CF92544ECB2204602B0BDE8F08104
S2140377F02DE9F04F85B00C46054691461F464FF0DF
S214037800010ADDF838809DF83CB002F05BFC2246A6
S2140378103B4629460646CDF800A0484603F04EF9F7
S2140378205146284602F06AFC3C4418B351462846A3
S21403783002F064FCF6B2B442814610DAE7B2F31BF8
S214037840DBB2404622462946CDF800A003935F44A8
S21403785003F034F9039BBF1B984407F0FF0B012387
S21403786000220E9349465B46404605B0BDE8F04FFE
S21403787003F024B95B4622462946CDF838A0F3E741
S2140378802DE9F041002686B0074608460C46154605
S2140378909846CDE9026604968DF8146002F012FC51
S2140378A0411BCBB20D2B28BF0D232A46214600963B
S2140378B002A803F003F9424602A93846F1F748FE48
S2140378C00646294620469DF80820F7F735FB30463E
S2140378D006B0BDE8F0812DE9F04F0E46CBB001218E
S2140378E0054617461C4602F009FC23463A46294637
S2140378F0814606A8FFF7C4FF0DF1280A00EB070B25
S2140379005246314628465FFA8BFBFFF743FFB345E3
S21403791003D200204BB0BDE8F08FABEB06085FFA4E
S21403792088F808F104039842F3DB331F1844042352
S214037930C4B20193A31BDBB2009352464346002115
S214037940CDF808A006A8E1F72BFA0028E1D1A4EBAE
S2140379500B040AEB0803E4B252462846314600936A
S21403796001944346FFF744FF39462846F7F7D0FA13
S214037970394600F0F8022846F7F7DEFA01212846D2
S21403798002F0BCFB002818BF4D462846ADF816503B
S21403799002F098FB011FC9B20DF1160000F04FFC70
S2140379A00120B7E72DE9D841064600F060FD411CEB
S2140379B0044689B2304600F02DFD98B394B32146B1
S2140379C03046F7F7A5FA00F00C03042B074629D038
S2140379D000F00308B8F1020F00D11BBB384600F0D5
S2140379E0B0FD3B060444A4B216D5611C304689B2EA
S2140379F000F010FDB0B121463046F7F789FAB8F12A
S214037A00010F014600F003030CD0032B0AD03846BF
S214037A1000F0A6FD03199CB221463046BDE8D841C6
S214037A2000F0F8BC0020BDE8D881F8B5064600F0A3
S214037A30E0FC054604463046FEF7FCFD43785B074C
S214037A4018D5AC1CA4B22146304600F0E3FCB8B10E
S214037A5029463046F7F75CFA0746691C304689B272
S214037A60F7F756FA1FB1874201D8FF2808D104EB6F
S214037A704704A4B221463046BDE8F84000F0CABC2D
S214037A800020F8BD13B5044601A8F1F7B9FFBDF809
S214037A900430DA0710D49B0707D4102200212046AF
S214037AA002B0BDE81040E3F78DBD22462146102004
S214037AB0FFF7E8FD0028F0D102B010BD024608B576
S214037AC0F1F7C6FF510544BF0838C0B2130544BFDB
S214037AD00838C0B208BDF0B5D30705460C468BB0D0
S214037AE04AD5008800F0C3FC00230646029314B967
S214037AF0CDE9034403AC002208212046FEF7B9FE75
S214037B00A8B12888FEF796FD023002F0DEFE214675
S214037B100746ECF793FB50B1002240231146384644
S214037B2000F005FA40F6094528460BB0F0BD31468D
S214037B302888F7F7EDF910F0030F0CBF012600268F
S214037B40F1F7F4FB46EA4000C0B20090002120465D
S214037B5002AB05AAF3F7C6F90546F1F7E7FB0028DB
S214037B60E2D0002DE0D000212046009602AB05AA05
S214037B70F3F7B8F90546D7E740F60A45D4E70023F6
S214037B801A46F3F71BB930B58BB005AD0446284645
S214037B90FCF7B0FF0223284601A98DF81430FDF741
S214037BA03EF9234601AA144603CCAC42186059603A
S214037BB0224603F10803F6D10BB030BD08B5002307
S214037BC0024619461846F3F7F9F8012008BD37B5FB
S214037BD004466846F3F76AF9054648B10822214683
S214037BE06846E4F73BF8B0FA80F0400903B030BDCE
S214037BF0FF2208212046FEF73CFE034628B1062155
S214037C002846FFF7BCFF0120F0E722460146F3F7BC
S214037C10D5F8F8E707B56846F3F748F910B16846AC
S214037C20FDF76CFA00F0010003B05DF804FB0120D9
S214037C30F3F712BE704730B50124054689B003A892
S214037C40FCF758FF01A88DF80C40E1F769F99DF899
S214037C5006209DF80730AA4209D0AB4209D103A8F3
S214037C608DF80D40E1F7FEF8012009B030BD002481
S214037C70F5E70020F9E700221021FEF7FABD70476A
S214037C807FB50D4600F582300D22694600F58070FB
S214037C90D5F7E0F86B462A4602AE1C4603CCB44240
S214037CA010605160234602F10802F6D12068106086
S214037CB02379137100236B7304B070BDF0B585B0E0
S214037CC06A4605460B46164601F108071446186829
S214037CD05968083303C4BB422246F7D118680D22FD
S214037CE020601B7905F582303146237100F58070DC
S214037CF0D5F7DCF805B0F0BD38B504460D46E0F719
S214037D0001FCA04205D920462946FFF7B9FF00200B
S214037D1038BD2820FCE730B5002485B08DF8004038
S214037D20E0F7F0FBE5B2A84204D8F5F7ADF800207B
S214037D3005B030BD69462846FFF7C0FF0134EFE7BC
S214037D4038B50446002002F0ACFEFF2805460FD0E7
S214037D5002F0AFFE10F0010009D0284602F0A9FE9B
S214037D60400840EAC17080F0010000F0010038BD11
S214037D7004F00100FBE70146F8B506460020F4F7D9
S214037D80BDFFFF2801D00120F8BDE0F7ABFB0024C0
S214037D900546871CE0F7AAFBE3B2984201D8002009
S214037DA0F2E735F82430B34203D117F82430002B1A
S214037DB0E9D10134EEE738B50D460121044602F059
S214037DC09DF930B10121204602F098F92880012060
S214037DD038BD20462C8000F020FC0130C0B2F7E707
S214037DE02DE9F04788B00746894610460DF10A018B
S214037DF01D469046FFF7DFFF4FF0000ABDF80A6006
S214037E0004463046CDE905AACDF81BA002F05AF980
S214037E10031BDBB20B2B28BF0B2322463146CDF8C0
S214037E2000A005A802F04AFE48F21F039D4243D075
S214037E300BD885F40043012B15D923464246494601
S214037E4028460097FDF7A7F933E048F23A039D4228
S214037E50F3D1FEF780FDB8422BD02246414605A853
S214037E60FDF7CAF925E09DF8143013BBBDF81D4095
S214037E70DDF81500DDF8191003AB03C3204603A98C
S214037E80E0F734FD0122204603A9FFF70AFAA742CA
S214037E9006460ED0012103A8F5F792F948F201032E
S214037EA09D4206D12EB9334632463946204600F067
S214037EB058FC08B0BDE8F0879DF81450002DF8D1A3
S214037EC02F469DF815800234EAB24245F1D2D2001D
S214037ED0D2B222440823314692B2009703A8CDE9D2
S214037EE0037702F0EBFD03A800F074F802F0DBFD65
S214037EF000F05CF80135E7E710B500244180848084
S214037F000480C280038110BD13B5BDF81040CDE9CF
S214037F1000340023F5F722FC02B010BD13B5BDF8FC
S214037F20104001900094F5F719FC02B010BD07B598
S214037F3000930123FFF7F2FF03B05DF804FB012370
S214037F40F5F7B2BC38B50546EFF744FD0446E0F74F
S214037F50E5FAA40144EA4020284038BD704770473C
S214037F6000207047FF2070470020704770470020AE
S214037F7070474FF6FF707047002070477047002029
S214037F8070477047002070477047002070470020F6
S214037F90704770477047002070477047704700204F
S214037FA070474FF6FF70704717207047704770474B
S214037FB0704770477047704701207047012070472D
S214037FC000207047002070477047704770474FF691
S214037FD0FF7070474FF6FF70704700207047002011
S214037FE07047002070477047002070472DE9F04F18
S214037FF0002785B081460C467E2039469846BDF854
S2140380003CB09DF844A0BDF84C500192ADF80E70FC
S21403801002F0B0F80646002800F0AA8002F036F810
S21403802039467E22E3F7CEFA304602F02FF8009068
S214038030304602F02BF8B9F1FF0F0CBF274644F089
S21403804003073B0A14F44062077043705FD14FF096
S2140380500808C31C184642460199E3F705FB034686
S21403806004F44044434484B1790606D419464FEADF
S2140380701B2201F802BB5A700B46B4F5004F56D0CC
S214038080A4F5404254425441E400224618460E9951
S214038090E3F7EAFA009A03462044A0EB02085FFAE5
S2140380A088F89DB14FF47C521A53841C284601F07D
S2140380B0EDFF8346284602F005F8C5B22A46594620
S2140380C02046E3F70FFC60190235EDB2B9F1FF0F56
S2140380D02FD05246109900F8019BE3F703FC08F1F2
S2140380E001015AFA81F129443046EBF787FB0C214C
S2140380F00022FF0007F0800710463943FEF778FAA0
S214038100ADF80E00E8B9002005B0BDE8F08FB2F573
S214038110006F80F803804FEA182880F8048000F187
S214038120050314BF4FF008084FF0020892E7022435
S214038130ABE708EB0A0129443046EBF75FFB08215F
S214038140D6E7304601F0A2FF0446304601F0BAFFF8
S2140381500123024621460DF10E00EBF7B9FB00287A
S214038160D1D10121BDF84820BDF80E0001F0DAFF99
S214038170BDF80E00C8E710B50C46098821B90846B5
S214038180F6F792FA208008B1012010BD0220FCE722
S2140381902DE9F04780460F460646002402F1FF39D4
S2140381A0BC4202D219F8015F25B9A6EB080080B2DB
S2140381B0BDE8F0879A46A5F13102012A5AF8041B56
S2140381C010D83246322D02F8011B06D10134A4B270
S2140381D0A74232D30912B21C7170013453461646B5
S2140381E0A4B2DDE7342D0CD10334BC42DDDA0B0A2E
S2140381F0317073700B0C090EB370321DF170A4B29C
S214038200EBE7A5F13302062A0DD8303DADB22B19A4
S214038210BB42CADA2A463046013CE3F725FA15FA8A
S21403822084F47219EBE7A5F14102062A01D8373D1B
S214038230ECE79D8803F1080AE9E71646B5E770B54B
S214038240054600880C4601F03DFFA04228880AD266
S21403825001F038FF0023221A19462846BDE870406D
S21403826092B2EBF735BB2146EBF7C8FA002070BD98
S21403827038B5054601F00AFF0446284601F022FFFA
S214038280002201462046BDE83840FEF7EEB9F8B5B1
S21403829016460C461D46BDF8187001F0F7FE04445A
S2140382A0304601F0F3FE3A4641192046BDE8F84051
S2140382B0E3F7DAB970B50C46013189B20646F6F72C
S2140382C027FE214605463046F6F722FE00EB05203C
S2140382D080B270BD1FB50123ADF80C2000930A468B
S2140382E00223014603A802F0E9FB05B05DF804FB90
S2140382F00FB437B5069D0021A8B201F03BFF044634
S21403830001F0C4FE2CB1002207AB0193D1B28D421B
S21403831005D8204603B0BDE8304004B0704753F894
S214038320041B81540132F1E773B504460D46402021
S2140383300021164601F01EFFADF8060001F0A6FE6A
S214038340BDF8063013B9002002B070BD4021334695
S2140383502A462044FFF71CFF211889B20DF10600B8
S214038360FFF76DFF0028EED1BDF80600ECE70EB46C
S21403837003B503AA52F8041B0192FFF7D5FF02B018
S2140383805DF804EB03B070472DE9F7430F46012170
S2140383908146164601F0B2FE054658B1FFF768FF60
S2140383A0308088B9284601F08DFE68B1192003B0E5
S2140383B0BDE8F083484601F085FEFF2FA0EB0704D7
S2140383C0E4B214D014B934800020F0E72A462146DC
S2140383D02846FEF74AF980460028E7D03B464A4639
S2140383E029460094FFF753FFA6F80080ECE7012028
S2140383F0DDE708B5FEF71EF9437803F001001A0718
S2140384004CBF10300830DB0644BF0830C0B2103013
S214038410C0B208BD10B50C4601F054FEA04234BFEE
S2140384200020012010BD7FB514460091024641F29C
S214038430092141F609209DF820601D46002E18BF2D
S2140384400146099B0020F6F78BFDADF80E0010B928
S214038450002004B070BD01232A4621460DF10E000C
S214038460EBF736FA0028F3D1BDF80E00F1E738B57E
S2140384700546FFF7BEFF0446284601F023FE631CAD
S2140384809BB283420FD82846FEF7D4F843785B079F
S21403849007D521462846F6F73BFD013004EB40049A
S2140384A0E4B2204638BD0024FBE71FB5ADF80E0046
S2140384B001F008FE0446BDF80E00FFF7D8FF00F1F2
S2140384C00E03DBB2BDF80E200146E01A80B2009020
S2140384D01046FFF7DCFEA4F10E0189B20DF10E0083
S2140384E0FFF7ADFE04B010BD4278034612F0080055
S2140384F006D0D20702D403F10800704703F109003F
S214038500704737B505460C46FEF794F8437813F0E4
S214038510100212D09CB103F001021B074FF00003B8
S2140385202946009320464FF0080354BF18322032E2
S21403853002F0C4FA012003B030BD1046FBE7204624
S214038540F9E700F00303012B08D0C30606D400F0B6
S2140385500C000C2814BF082009207047022070471F
S214038560034611F0030005D003F00303022B14BFE8
S214038570022003207047F8B50C46064601F0A2FD1C
S214038580631C834202D900252846F8BD214630469F
S214038590F6F7BEFC0746FFF7D4FF3B060546F3D5C2
S2140385A00444304601F08EFDA4B2631C9BB28342A2
S2140385B0E9D821463046F6F7ABFC01463846FFF7C6
S2140385C0CFFF2844C5B2DFE770B506460D46FFF772
S2140385D0D2FF044610B90024204670BD2946304613
S2140385E0F6F796FC8206F7D5304601F06BFD254478
S2140385F0ADB26B1C9BB28342EDD829463046F6F7E4
S21403860087FC00F01803082B14BF05340634E4B2C5
S214038610830644BF0834E4B2DEE738B50546FFF701
S21403862026FF044608B9002038BD01462846FFF752
S214038630CBFF0028F7D02044C0B2F5E72DE9F0437E
S21403864087B005460C46FDF7F5FF804602F03DF978
S21403865007462846FFF70BFF064601462846FFF760
S2140386608AFF0022034600922946324602A802F0F9
S21403867025FA9DF8086006F00C030C2B06F0030998
S2140386800BD0B9F1010F59D0F10657D49DF8093034
S2140386900DF10A050020637107E0FF230DF10900C1
S2140386A0637102F012F90DF10B05208198F8013081
S2140386B0DA0704D508F1020002F007F92081B9F1C0
S2140386C0010F5FFA89F83DD0F3063BD4284602F043
S2140386D0FCF86080A81C02F0F8F8053515F8013C94
S2140386E0208023712B78B006A37206F0400348BFA0
S2140386F043F02003390627D543F40073F80448BF34
S21403870043F48063390548BF43F400633206E380CD
S21403871011D56A7812F003020DD06FEA43436FEA6D
S2140387205343A978B8F1020FE3800B4611D1EB78D7
S21403873041EA0321218107B0BDE8F083FF230DF151
S2140387400905A7E7FF23CCE77A0648BF43F48073FF
S214038750D4E7012A04BF0B029BB22381EBE7F7F7AA
S214038760B1B80BB1F7F71AB90AB9F7F793B9FF21FE
S214038770F7F7BCB8431C08BF0020E4F7D9B90000DC
S214038780034B5868C0F30800003818BF0120704731
S21403879000ED00E0014B1868704700BF90650020AD
S2140387A0084B1B6F03F00703022B04D0032B05D0E3
S2140387B0012B05D0FEE7044B18687047034BFBE715
S2140387C0034870470080005090650020986500209D
S2140387D0002D310108B5FFF7E3FF054B1B6FC3F30D
S2140387E001330133B0FBF3F0024B186008BD00BF42
S2140387F0008000508C6500200048704700B4C40415
S21403880000487047002D3101014B1868704700BFC0
S21403881098650020174A9368C3F304430C2B0AD8C1
S214038820DFE803F00B0909090909072119091B1DCC
S2140388301F001148704700207047936803F0407389
S214038840B3F1807F11D0B3F1007F10D0002B0B481B
S21403885018BF002070470A4870470A4870470A48FE
S21403886070470A4870470A4870470A4870470A48DC
S214038870704700BF0040015A405DC60000093D0036
S214038880C0EA210180BA8C010048E801005A62025E
S2140388900024F40080841E0040420F00014B186839
S2140388A0704700BF9465002007B500F065FC6A4674
S2140388B000F0C2FC18B14721034801F028FFDDE9A8
S2140388C0000103B05DF804FB0FB403000229F8B5FA
S2140388D096BF104B00245C5C012805460E4608D064
S2140388E0022809D008B944F002040B4B1F6837B9B5
S2140388F0F8BD44F00804F8E744F02004F5E77B6885
S2140389001A68144203D0314628465B6898473F6886
S214038910EDE700BF824E0400F03C002038B5104D52
S2140389202B78ABB10F4C23781BB100F031FA002340
S2140389302370002001F0FEFE0B4C50B100F07AFAD3
S2140389400023012120782B70FFF7C0FF012323703B
S21403895038BD0122054B1A702278054B1A70F7E7CB
S214038960AD5B0020AB5B0020B25B0020AE5B00205B
S214038970AF5B00200E490B78FF2B01D198B17047EF
S2140389800BB990B97047002814BF0122FF22134485
S2140389900B7060B1074B1B78012B08D9064B1B786D
S2140389A02BB9FFF7BBBF1A46F1E70122EFE7704783
S2140389B0B15B0020B25B0020AE5B002010B501F077
S2140389C0A4FD064B04461B781BB1BDE8104001F01E
S2140389D097BDFFF7A3FF2046F7E700BFAA5B00207B
S2140389E002282DE9F04147D029480378FF2B41D1CF
S2140389F0002941D11A461344DBB2037000293BD049
S214038A00244E3278012A37D9002B3ED001F07DFD63
S214038A10214F04463B780BB3204D2B781BB901221C
S214038A202A701F4A1370DFF87C8098F8003023B151
S214038A3000F0AEF9002388F80030204601F060FD10
S214038A40012001F077FE01F060FD2B7804461BB190
S214038A5000F0F0F900232B7000233B70204601F052
S214038A604FFD01243078A04206D02146FFF72EFFA3
S214038A70347001E013B931B9BDE8F081002914BFA1
S214038A800122FF22B7E70122B5E70224EAE700BF87
S214038A90B15B0020B25B0020AD5B0020AA5B002028
S214038AA0AE5B0020AB5B00202DE9F04385B0EFF30F
S214038AB0108572B6AFF3008001F011FF002800F0B6
S214038AC09280624E624F337823B10020FFF752FF45
S214038AD000233370387878B903A900F01DFB0446E9
S214038AE050B95C4B039A1B689A4200F284800120BB
S214038AF0FFF740FF012333703B78002B40F099804B
S214038B00554B1B78002B00F091804FF00208534C16
S214038B10DFF868912078404507D099F8003013B9FC
S214038B204146FFF7D3FE84F80080B8F1020F0FD159
S214038B30DFF8248198F8003053B9494B1B7823B9E2
S214038B4000F020F90122474B1A70012388F8003001
S214038B50207800F0F7F899F8003013B1424B1B78F1
S214038B602370AFF30080284601F0DFFDEFF3108596
S214038B7072B63E4B1A7852B100221A703A4B2078DE
S214038B801B78984203D101212170FFF79FFE3848D6
S214038B9000F082FA01F0B7FE8046002893D12E4FEC
S214038BA03B789BB189F80000DFF8B89099F800305D
S214038BB01BB100F0EDF889F80080002001F0BAFD43
S214038BC0002839D000F036F900233B70337823B100
S214038BD00020FFF7CFFE0023337000212078FFF735
S214038BE075FE00232370AFF30080284605B0BDE86A
S214038BF0F04301F09ABD1F4BD3F8008000F048F90C
S214038C00039B80449845BFF472AF00F03BF98200A3
S214038C10039942F0020292B2CDE900422346164A75
S214038C20A1EB0801124801F087FD65E700F09CF808
S214038C306BE74FF001086AE7012000F083F8284647
S214038C4001F073FDEFF3108572B6B6E7AC5B002058
S214038C50B15B0020F83C0020AD5B0020B25B002037
S214038C60B05B0020AB5B0020AF5B0020A85B00205E
S214038C70FC3C0020F43C0020BD890300AE5B0020D2
S214038C8010B501F042FC0022054B1C781A7001F067
S214038C9037FC00F005FBE4B22043C0B210BD00BFB2
S214038CA0A95B002038B501F030FC094B05461B785C
S214038CB0012B04D801F024FC0024204638BD054BC4
S214038CC01C6800F0E5F80444284601F019FCF4E7B4
S214038CD0B25B0020F43C00201549164A0B6F10B512
S214038CE003F007031360144A144C9269032B02F033
S214038CF00200C2F34002227017D0D1F8203103F0ED
S214038D000703022B11D0D1F8803203F001030C4A7B
S214038D10137048B143B9064BD3F8003103F003038D
S214038D20591E4B424B41137010BD0123EFE700BFA2
S214038D3000800050583D002000C00150B75B002063
S214038D40B85B0020012805D00238012808D8002087
S214038D50D1F78ABB034A136923F00403136130BFB8
S214038D60704700BF00ED00E0044B054AD3F82031FE
S214038D7003F007031360F8F7EFB900BF0080005055
S214038D80603D00200122014B1A707047B65B00203D
S214038D90F8B51F4B1B78002B39D01E4C2378B3B97C
S214038DA01D4B9A6DD10302D5DA6D92072FD49B6DB6
S214038DB0DB072CD401F003FD184B194A1860136F18
S214038DC023F0070343F003031367FFF703FD01F0E4
S214038DD0F6FC124B134D1B68134EC01A2B78134F19
S214038DE056F8232046F82300111A3A681048521AF8
S214038DF00A213A600932B2FBF1F20133DBB20260B8
S214038E00B3FBF1F201FB12332B7000232370F8BD82
S214038E10B85B0020B55B002000C00050503D00202A
S214038E2000800050B45B0020283D0020243D002035
S214038E30203D002008B5F8F790F90D4A0D49136F49
S214038E40096823F007030B4313670B49D2F8203155
S214038E50096823F007030B43C2F82031074B1B783E
S214038E6013B10122064B9A62BDE80840FFF7B2BC75
S214038E7000800050583D0020603D0020B85B002075
S214038E8000E00050014B1878704700BFB85B002025
S214038E90054B187818B1054B186800EBD000044B47
S214038EA01B681844704700BFB85B0020203D0020B5
S214038EB0543D002008B50D4B1A7892B100221A7063
S214038EC00B4A136F23F0070343F001031367D2F82B
S214038ED0203123F0070343F00403C2F82031FFF7E1
S214038EE079FC0122034B5A6708BD00BFB65B00201E
S214038EF00080005000E000500D490B68A0B100222E
S214038F00A3B1834203D1836822B90B6003E01A46F8
S214038F109B68F5E7936083680BB9002070475A692E
S214038F2041690A445A61F8E72220704702207047D5
S214038F306C3D002010B501F05EFC0A4C0A4B196824
S214038F402368C31A09B9206010BD002BFBD04A69F9
S214038F509A423ABF9B1A0022D21A4A6128BF0023BC
S214038F608968EFE7683D00206C3D002038B5154D55
S214038F702B682BB35B69B3B1134A022014681C44F5
S214038F8000F088FA204600F047FA00220F492B68C3
S214038F900A70012A05D823B1D88880070AD5012389
S214038FA00B70002038BD022000F074FA022000F097
S214038FB093FAEAE79B68002BF3D058690244E8E784
S214038FC02220EFE76C3D0020683D0020BA5B0020BE
S214038FD0C38870B504460D463BB9FFF763FE85426A
S214038FE0064602D2F9F734FA35460E4A6561136827
S214038FF09BB91460A3600FE02D1A98681946656143
S214039000034618B15869A842F6D941B18C60A360EB
S21403901013B15A69521B5A6170BD0021F2E71460FE
S214039020F5E700BF6C3D002070B516469DF814208A
S214039030C0E903360271049ABDF8183002600022B4
S21403904004460D468260C38006BB01F0D4FB284469
S214039050A0613DB9E368656113B12046216898476E
S21403906096B1354601F051FA0646FFF763FF2946E7
S2140390702046FFF7ADFF074B1B68A34201D1FFF75E
S21403908075FF304601F03CFA002070BD01F0B3FBDB
S2140390903044DDE76C3D0020F8B50546D0B101F05D
S2140390A034FA0646FFF746FF0B4B28461F68FFF7C2
S2140390B023FF044620B1304601F022FA2046F8BDCD
S2140390C0AF42F8D1FFF752FF2228F4D1022000F076
S2140390D0EDF9F0E72224F1E76C3D002038B50C46A5
S2140390E00546A8B1A1B100230B7001F01BFA0121BC
S2140390F0084B1B6833B901F010FA002038BD9D42B7
S21403910004D121702278002AF9D0F4E79B68F1E7AE
S2140391102220F3E76C3D0020F8B506460F4601F023
S21403912001FA00250446124B1B6823B9204601F0BA
S214039130F4F91B2011E05A691544DA88B2420DD1BE
S21403914001F059FB0B4E3368C01AA8420AD300231A
S21403915020463B6001F0E1F90020F8BDFF2EEFD07A
S2140391609B68E2E701F047FB33682B441B1AEFE7E3
S2140391706C3D0020683D002070B501F0D3F906462B
S21403918001F039FB084B044601201D6801F023FB60
S21403919018B101F030FB04460135304601F0BDF945
S2140391A02046294670BD00BF743D0020014B186859
S2140391B0704700BF703D0020F8B50C4B05461B6892
S2140391C00E4683420FD3002440F2E7302146084B75
S2140391D04FF47A721F680023E5FB0701E1F786FE6A
S2140391E030602046F8BD2120FCE700BF643D002028
S2140391F0703D00200F4B10B51A689AB14FF47A7180
S214039200531E1342A0FB01010ED1B2FA82F2C2F141
S2140392101F04531CD243E04001FA03F3184321FA18
S21403922002F20243104610BD0023E1F75FFE02463A
S214039230F8E700BF703D002038B5164B144683424E
S214039240154B8B4123D3154B1A6802B34FF47A752B
S214039250A0FB050305FB0131531E134211D1B2FADD
S21403926082F3C3F11F055A1CDB4301FA02F2E840FE
S21403927021FA03F310431843E940C4E90001002030
S21403928038BD0023E1F732FEC4E90001F7E72120E9
S214039290F6E700BFEFA7C64B37894100703D0020B5
S2140392A010B501F03FF9034B1C7801F036F9E4B230
S2140392B0204610BDB95B002008B5084B1B7803F0A9
S2140392C0FF004BB101F07BFA054B1B689B69C01A84
S2140392D002288CBF0020012008BD00BFBA5B002017
S2140392E06C3D0020C2072DE9F843044607D5474ADC
S2140392F0136801331360FFF71DFEFFF737FEA3075E
S21403930040F1818001F00EF94FF00008054646460D
S214039310FFF710FE3E4F3C680CB16369A3B1002211
S2140393203C4B012E1A7003D118F0020F18BF1E70A3
S214039330FFF71CFE222802D1022000F0B7F82846C9
S214039340BDE8F84301F0E9B823465A693AB91A79F1
S2140393502179914288BF1C469B68002BF5D128468D
S21403936001F0DBF8D4F81080B8F1000F3FD001F01D
S21403937042FAA269851AEB17454573F1000337DBFA
S21403938023691344A36101232269CAB1C3B9A38B1A
S214039390B8EB050833B1E28B13449BB2B3F57A7F7F
S2140393A01CD2E38301F0BEF8054641462046FFF78C
S2140393B00FFEA369226928461344A36101F0ADF8A2
S2140393C0E36813B1204621689847B4F8068001F095
S2140393D0A9F801360546FFF7ADFD9CE7A3F57A73BA
S2140393E0E383A36918F1FF38013BA361DAE7454637
S2140393F001F098F881462046FFF77EFD484601F0C7
S2140394008CF80023C0E7BDE8F88300BF743D002056
S2140394106C3D0020B95B002010B5044601F075F8DA
S2140394204FF0B042936A1907FCD4136A116C526961
S214039430120704D4CA1A032A01D899420ED1E21A93
S214039440022A98BFDC1CB4F1FF3F38BF013C4FF043
S214039450B04308221C6403F580539A6101F050F868
S214039460054A13783BB14FF0B041CB6B43F0020390
S214039470CB630023137010BDFB6A002007B5044BB3
S21403948001A9187901F0E7F8019803B05DF804FB29
S214039490C04C040000F001038207034A48BF43F0B0
S2140394A008039361704700BF00100058820700F05E
S2140394B001030AD50121064A43F0080311704FF051
S2140394C0B041CA6B22F00302CA63024A9361704733
S2140394D0FB6A002000200058830742BF0822014B86
S2140394E05A6170470010005873B502AB164603E97D
S2140394F00600044600F052FF0546204600F05EFFD5
S2140395009DF800208DB1202C33780ED8012B2ED851
S2140395104FF6FF752D4803EB4313234430F813101F
S214039520A94202D0013120F81310294B294E33F8F3
S214039530141036F81400814232D34FF6FF75A94251
S2140395404FF0010502D0013123F8141004F0FD0199
S214039550092927D1998AB68A0A44B242B4BF9A82A5
S2140395609E8233F81430834227D202B070BD022B9A
S214039570DBD14FF6FF704FF6FF75144B33F814101C
S214039580814218BF013104F1210018BF23F81410DB
S21403959033F81010A9421CBF013123F81010C4E79A
S2140395A00025D0E71D2CDCD1598F8E18864203DAAE
S2140395B001390A445A87D4E75887002DD5D1204667
S2140395C002B0BDE8704001F031B900BFC0570020BB
S2140395D0985800204458002038B50D46044600F03D
S2140395E0A1FF064A13889BB22DB123431380BDE81F
S2140395F0384000F092BF23EA0403F7E79E5A0020A0
S2140396000022034B01214FF480701A70FFF7E4BF6A
S214039610CB61002008B5054B1868FCF72EFE00F05A
S2140396200300C31E5842584108BD00BFC45400205F
S21403963038B5044601F098F90C4B054619781879A5
S21403964081420FD0631E082B0CD8DFE803F0050D0C
S2140396500B0D0B0D0D0D0D0000220146044B186873
S214039660FCF709FE284638BD0022F7E7296B0020E1
S214039670C454002038B54FF0FF300C46FFF77AF895
S2140396800A4B05461868FFF775F8641B241A20B2C0
S21403969010F1630F06DB10F1240F05DA6430800047
S2140396A0C0B238BD0020FCE7FF20FAE7C454002010
S2140396B008B5134B1B78062B04D040F6210111483E
S2140396C001F025F8104B1B881B0704D440F6220133
S2140396D00C4801F01CF80D4B2A201978FFF7A8FF59
S2140396E000210820FFF778FF0222094B1A70094B66
S2140396F01868E8F713FCBDE8084001F084B800BF1B
S214039700CB610020324904009E5A0020C861002025
S214039710586B0020C454002010B50E4C236823B9A0
S21403972040F6A3410C4800F0F2FF2068013001F038
S214039730CCF800F0070003280AD124680922012187
S214039740204600F0E3FB205C031F5842584110BD3F
S2140397500020FCE7B45400203249040038B50C4618
S21403976040B100210420FFF737FF01F04CF8012C2D
S2140397701DD038BD244B1B889B07F6D50129234AE9
S2140397802FD1117869B30139C9B2117011B92020EC
S214039790FFF722FF00210220FFF71EFF04221C4BC7
S2140397A000211C481A7000F05DFD01F02CF81A4CDD
S2140397B02068013001F089F800F44060B0F5006FCE
S2140397C01FD1246801210422204600F09FFB204479
S2140397D001F07BF80146BDE838400022202001F066
S2140397E03DB800210D4D02201170FFF7F5FE2B78D2
S2140397F0FF2B04D040F29961094800F088FF2C70D3
S214039800B3E74FF6FF71E6E79E5A0020CA610020D1
S214039810CB610020A0680020B4540020596B0020C0
S2140398203249040038B5134C05462388580709D532
S214039830FFF7F0FE01460720FFF7FAFEFF2101209F
S214039840FFF78CFF238899070BD50B4B284619780F
S2140398508A1F51425141FFF7EBFE01210020FFF71B
S2140398607DFF23881B0703D5BDE83840FFF720BFDD
S21403987038BD00BF9E5A0020CB610020F7B5124CBE
S214039880D4E9006586EA020C85EA03070CEA000CB5
S2140398900F405CEA070E15D086EA0C067D40C4E945
S2140398A00065CDE900230B46084902460868FCF725
S2140398B0A6F838B14FF4FD71054803B0BDE8F04093
S2140398C000F025BF03B0F0BDA8150020C454002047
S2140398D03249040008B50A4B1B88DB0604D440F65D
S2140398E04701084800F013FF00211020FFF774FE1D
S2140398F0002000F06BFBBDE8084000F084BF00BF0B
S2140399009E5A0020324904002DE9F04F5706804640
S21403991014461D4691B005D5FFF77CFE014601208F
S214039920FFF786FEEE0403D500212D20FFF780FE09
S214039930A00224D54046FCF74CFD0146F8B940206A
S214039940FFF74AFE40460AA9FCF720F9B8B99DF886
S2140399503030022B40F0D980BDF8280001F0A3F880
S214039960FF2808D14046FCF70FF940B901214020F3
S214039970FFF732FE03E001F09AF80028F2D1A103C4
S21403998005D5FFF747FE01460320FFF751FEE20128
S21403999004F0807640F1C080854B1B889B072DD54D
S2140399A0844E3068FCF787F840BB834B834F1870B0
S2140399B03B78FF2B04D040F25761814800F0A7FEA6
S2140399C04FF0000900210220FFF706FE87F80090FB
S2140399D07C4F3B78062B07D101210820FFF7FCFDBF
S2140399E049462820FFF724FE3B78052B06D10021A5
S2140399F02B20FFF71DFE3068E8F790FA00F003FF10
S214039A00220717D56B4F0321386805AAFCF76DF8B4
S214039A10064620B940F2C961694800F078FE9DF811
S214039A201430072B00F0D080FFF7F4FD0146042026
S214039A30FFF7FEFDE10505D5FFF7ECFD0146042023
S214039A40FFF7F6FD14F4863F05D0FFF7E3FD014666
S214039A500220FFF7EDFDA20113D5FFF7DBFD01465C
S214039A600820FFF7E5FD00210420FFF7B5FD554B61
S214039A701B78012B03D14F4B1868E8F74FFA00F019
S214039A80C2FE14F0084F09D0FFF7C4FD01460720B5
S214039A90FFF7CEFDFF210120FFF760FEA30009D5E7
S214039AA0FFF7B8FD01460620FFF7C2FDFF210120A0
S214039AB0FFF754FEA70705D53D4B1B881E0701D5A8
S214039AC0FFF7F6FD6C0603D500210A20FFF7B0FD6D
S214039AD0280602D50120FCF78DFCE90540F18581B7
S214039AE040460AAA05A9FCF7C4FB9DF81430222BAE
S214039AF000F06D8100F28281152B40F26A8140F6F8
S214039B000A112F4800F003FE6FE1032B7FF437AFF3
S214039B100AA800F0C4FF30E705F0020756EA070379
S214039B200DD0284B26201978A1F1060EDEF1000190
S214039B3041EB0E01FFF77CFD0121304611E004F0F6
S214039B40805656EA07030FD01E4B26201978A1F13C
S214039B50060CDCF1000141EB0C01FFF769FD022165
S214039B603846FFF7FBFD4BE704F0884151EA06034E
S214039B7009D0144B272019788F1F79427941FFF7B4
S214039B8057FD0221D9E705F008030B4302D0232033
S214039B90FFF74EFD680703D500212420FFF748FD95
S214039BA0E9077FF52DAF00212520FFF741FD27E7C5
S214039BB09E5A0020C4540020CA610020596B00201E
S214039BC032490400CB610020314638680AAAFBF705
S214039BD092FF20B14FF4DA619E4800F098FDBDF87D
S214039BE01630386802330AA9ADF82C30FBF785FF28
S214039BF020B140F2DF61974800F089FD002300930F
S214039C0031460423386804AAFBF779FF042804D0F6
S214039C1040F2E4618F4800F07AFDDFF8589299F835
S214039C200030C3BB0DF1110000F04FFE00F007003B
S214039C30022830D1FFF7EEFC01460920FFF7F8FCB7
S214039C40854B1B78062B23D1844B9DF813201B785A
S214039C509A421DD19DF8353023B940F2FA617D480A
S214039C6000F055FD0DF1110000F02FFEC0F30016B5
S214039C7031462920FFF7DCFC00210820FFF7ACFC67
S214039C80774B1E70FFF748FD10B93868E8F746F9BA
S214039C9000F0B9FDCEE6BDF816000121083080B20B
S214039CA000F068FA039030B9FFF7B4FC01460420CD
S214039CB0FFF7BEFCECE700F0E9F905AA0146064605
S214039CC03868FBF724FF99F800A0BAF1000F22D1F9
S214039CD006F1010B584600F0F8FD83065AD538689E
S214039CE0FCF777FB0746FFF795FC05370146F8B206
S214039CF0FFF79EFC584600F0E8FD00F00700032837
S214039D00584F2DD001210420FFF766FC4FF0FF309B
S214039D10FBF71CFF386000225349BDF8163009785C
S214039D20F718F1549DF83630BB709DF83730FB704A
S214039D300A9B190E3971190C7971FB71190A99F876
S214039D400030B97123B9737892B343F0200373706C
S214039D50002000F069F97870039800F071FA97E72D
S214039D6001210922304600F0D1F8305C0121042895
S214039D70C9D1FFF731FC4FF0FF30FBF7E7FE3B4B53
S214039D8038601B885806C6D551464020FFF724FC8A
S214039D900122C1E7FFF73EFC01460920FFF748FC16
S214039DA02D4B1B78012BB6D13868E8F7B7F8B2E726
S214039DB023F02003CBE701227E33DBB202FA03F360
S214039DC013F00A1F31D113F0011F3FF498AE27207A
S214039DD02CE0012202FA03F3254A1A402ABB13F0A9
S214039DE0041FF4D1DA077FF58AAEAB052FD5012120
S214039DF0802011B0BDE8F04FFFF7EEBB652B1AD8F5
S214039E00622B12D8452B0CD8422B0ED8352B06D8EE
S214039E10322B0AD8252B08D9322BD8D06FE6422B03
S214039E20FBE7552B05D8522BF7D92620FFF7FAFC6C
S214039E30DBE7622BF1E7952B3FF661AE812BBAD8B1
S214039E40722BC4D0733B022B3FF659AEEDE711B02D
S214039E50BDE8F08F32490400CB610020C7610020C3
S214039E60586B0020B05400205A6B00209E5A0020E6
S214039E703A003800CE610020024B1878B0FA80F022
S214039E8040097047CB61002008B5064B4FF0FF3101
S214039E901868FCF714FA0028B8BF033040F38700AD
S214039EA008BD00BFC454002008B5074B1868FBF76D
S214039EB03BFD30B1054BB3FBF0F083B20BB1184654
S214039EC008BD0120FCE700BFC454002040420F0039
S214039ED038B510200C460121FFF77EFB064B1D68A4
S214039EE0FFF7E2FF012200FB04F1044B2846FCF7D0
S214039EF0CBF9002038BD00BFC4540020D59803001A
S214039F00014800F004BC00BF4C490400032A70B5A6
S214039F10144602D82C4B985C70BD81F0010519B924
S214039F200D2A07D1FF20F7E70D2A03D1007805385D
S214039F30C0B2F1E7084400F0C8FCC5F1040110F410
S214039F4040660246C9B209D1042C0846E4D0052C63
S214039F5016D112F0400F18BF0846DDE7C5F1060319
S214039F60042CD8B2D8D0B6F5006F03D1C5F10805D6
S214039F70E8B2ECE7B6F5406FE9D1C5F10E05F7E7B1
S214039F8012F4404107D1062CC6D0072CC4D0082CA7
S214039F9013D10130CCE755065CBF831CD8B2062C20
S214039FA0BAD0B1F5004F02D1831CD8B2EDE7B1F5B4
S214039FB0404FEAD100F10803F7E7130744BF053023
S214039FC0C0B20C2CA8D9ADE720950400AC2370B51D
S214039FD0094C054603FB00435E6D26B940F2FD318E
S214039FE0064800F094FBAC2303FB0544002363659B
S214039FF03346BDE870401847C8540020894904001A
S21403A00010B40C461146AC22064B02FB0033586DC7
S21403A01020B95C655DF8044BFFF75ABF02205DF874
S21403A020044B7047C8540020AC22034B02FB00339A
S21403A03093F8A800704700BFC854002028B1034B0C
S21403A0401B68C01A4010013080B270478855002044
S21403A05030B1044B00F100401B68013803EB4000AD
S21403A060704700BF88550020064B1B68834206D8FE
S21403A070054B1B68834294BF0020012070470020D5
S21403A080704700BF885500208455002010B504464D
S21403A09008B9002010BD00F075FC20B940F2CD4190
S21403A0A0074800F034FB2046FFF7D2FF0028F0D025
S21403A0B00388DB0B14BFD0F80A000830EAE700BFBA
S21403A0C06049040010B508B9002010BDFFF7C0FFB3
S21403A0D0044600F04EFC20B94FF49D61064800F09C
S21403A0E016FB002CF0D02388DB0B0ABF6088208980
S21403A0F0C0F30C00E9E700BF6049040038B5FFF77A
S21403A100A7FF0D46044650B100F033FC20B940F2D9
S21403A1104151034800F0FBFA023534F8150038BD08
S21403A1206049040070B5FFF793FF0C4616460546D4
S21403A130B0B100F01EFC20B940F24D510C4800F0BF
S21403A140E6FA3046FFF784FF00F013FC20B940F22E
S21403A1504E51074800F0DBFA023425F8146070BD50
S21403A16040F25251BDE87040014800F0D0BA00BF3B
S21403A170604904002DE9F8430746884600F069FB6A
S21403A18020B940F28E512A4800F0C1FAFC1CA408FC
S21403A190284B64000434B7F5005F1E68A4B204D3EA
S21403A1A040F29551224800F0B2FA00F0BBF922497A
S21403A1B081460B687BB9214B1D68761BC6F34F0699
S21403A1C0B44227D90025484600F0A7F92846BDE83B
S21403A1D0F843FFF733BFB8F1000F11D0174A1568DD
S21403A1E05A1BC2F34F029442ECD81448620005EBA4
S21403A1F044040460B8F1000F0FD113440B600CE065
S21403A200F61AC6F34F0676B940F2A651084800F090
S21403A2107EFAD7E705EB44041C6000236F80AB800F
S21403A220EB802B80CFE7B442CCD8044A1568DCE732
S21403A230604904008C550020745500208455002086
S21403A24038B5054600F06EF9044629460448002250
S21403A25000F0A5FB2046BDE8384000F05EB900BF1D
S21403A260A45A002082684B4B2DE9F0419A420446DB
S21403A2700E46056815D121B140F21311464800F089
S21403A28046FA00F04FF923691BB92B682BB92461F2
S21403A2902C60BDE8F04100F040B91A6922611C61E8
S21403A2A0F6E700F02DFA8046FEF76AFA20B14FF47F
S21403A2B09571394800F02BFA6FF000439E422169EE
S21403A2C04BD22B7B08EB0602002B4DD0AB68934298
S21403A2D04AD1531C002949D06169994242D01EB91C
S21403A2E0521AB2F1004F3DD9636123696E689C42EE
S21403A2F003D19D21284800F00AFA2F460023B442D2
S21403A3000BD0002B41D172696169891AB1F1004FF4
S21403A31032D83269374694422CD12269BD420CBFEB
S21403A3206A603A617BB92669B44203D1B8211A48F8
S21403A33000F0EDF93B46012E05D062697169521AA9
S21403A340B2F1004F23D99D420BBF6B681A69236194
S21403A35022610CBF6C601C6104E0434431B1626946
S21403A3609342C1D1BDE8F0811346B3E76A68226120
S21403A3706C60B9E71646C6E7A8EB0202B2F1004FD7
S21403A380C7D93B4637463669B9E71F46F9E733462A
S21403A3903669D0E7F5390200744904000823064AF3
S21403A3A012F8011B814205D0013B13F0FF03F7D1DE
S21403A3B01846704701207047D19504000823064AC3
S21403A3C012F8011B814205D0013B13F0FF03F7D1BE
S21403A3D01846704701207047C995040010B5082237
S21403A3E007490446E1F73AFCB0FA80F04FF6FF73EC
S21403A3F02289400940009A4208BF40F0010010BD80
S21403A400E295040030B504460D4685B002B9084A05
S21403A4101068516801AB03C301AB03CB2060204631
S21403A420ADF80C501B886160238105B030BD00BFBA
S21403A43034D20300002270B50A4B1C780A4BD5B2FF
S21403A440AC4202D800200C7008E01E880132864217
S21403A45005D30D701B881B1A5842584170BD123322
S21403A460EDE700BF48610020445A002010B5164BA4
S21403A470187860B1154C2368CBB14FF47072002086
S21403A4801349FFF7BDFD2368013B236010BDFFF7AB
S21403A490FBFC1049104A91F90040136884420B4CA8
S21403A4A003F1010313602368B8BF087053B90B4860
S21403A4B000F09DFA0028E9D1BDE8104001460748A0
S21403A4C0FFF7D0BE0822DAE71B6200200056002002
S21403A4D06DA4030016620020F85500206C6A002065
S21403A4E0054B1B682BB9054B1868003818BF0120AD
S21403A4F070470120704700BFF0550020EC55002040
S21403A50010B962B6BFF36F8F7047EFF3108072B661
S21403A5107047302383F31188704780F31188BFF3A5
S21403A5206F8F7047EFF31180302383F311887047E2
S21403A530002070474FF4004070474FF47A7070471E
S21403A5400122417803788A4030214B4341F21001BF
S21403A55003F1A04303F570335A507047B0F5802FCC
S21403A56024D010D8B0F5003F22D006D828B3B0F5D3
S21403A570803F14BF012048207047B0F5403F14BF0A
S21403A58001202C207047B0F5302F13D008D8B0F533
S21403A590E02F11D0B0F5202F14BF012010207047F4
S21403A5A0B0F57F0F14BF0120062070474B2070477D
S21403A5B02A207047112070472120704708B570B1D4
S21403A5C000F022F84FF098435A6CD202FCD5586D2F
S21403A5D010F4702004D0BDE80840FFF7BFBF212069
S21403A5E008BD08B528B128220021E0F7EBFF0020BC
S21403A5F008BD2120FCE7036A042B9FBF00EB830200
S21403A6000133D16003627047036A052B14D84FF0F9
S21403A6109842116CC902FCD504339B00136501688C
S21403A620103B11604168116050F8081F11604FF02D
S21403A63098420344984200D1704750F8041F1160B3
S21403A640F8E7836813B9816070475B685A68012A24
S21403A650FBD15960704709B100F008B82220704753
S21403A660012100F046B8002100F043B870B5064655
S21403A6700D46FFF757FF04461D2E37D8DFE806F0D2
S21403A6800F18361C1E203622243636362628362A3F
S21403A6902C2E303636363634363636363632FEF7E7
S21403A6A07FF8002628602046FFF737FF304670BD48
S21403A6B00120CFF773FCF4E70320FAE70420F8E75A
S21403A6C00C20F6E70220F4E70620F2E70720F0E77F
S21403A6D00820EEE70520ECE70920EAE70A20E8E78A
S21403A6E00D20E6E71020E4E70B20E2E70020212612
S21403A6F0D8E70020704708B5FEF7D6F880B208BD45
S21403A70008B5FEF7D1F808BD704742DE704738B586
S21403A71004460D4600F008F8FFF7FBFE29462046E0
S21403A720BDE83840FFF7F1BF704710B962B6BFF314
S21403A7306F8F7047012070472DE9FF410D4616467F
S21403A7401F460446A8B14FF00008C0F81C80FEF769
S21403A750A3FCBDF82C30424602939DF828302946C8
S21403A760CDE9007320463346FEF75EFC04B0BDE831
S21403A770F0812220FAE7F0B51F46002387B00D4686
S21403A780164604468DF81730A8B1C3610DF11701BC
S21403A790FEF7A4FC9DF817207AB9BDF83430294695
S21403A7A002939DF830302046CDE900733346FEF71A
S21403A7B03BFC07B0F0BD2220FBE70320F9E738B5E2
S21403A7C0FFF7B0FE054600F016F804462846FFF7E6
S21403A7D0A4FE204638BD4FF0B04301285B6904D081
S21403A7E0022805D1C3F3C000704703F00100704789
S21403A7F00020704770474FF0B0439A6A1207FCD4A4
S21403A800186A7047704708B5FFF7FCFF00F01DF89D
S21403A81008BD10B5FFF779FE012104460846FEF78A
S21403A820DFF82046BDE81040FFF76ABE10B50446C1
S21403A83000F012F82046FAF7F7FF2046F8F72CF94F
S21403A840BDE81040F9F7EFBC704708B5FFF7FCFF0B
S21403A85008BD0120704770470020704730B589B0A7
S21403A8600446ADF806108DF81020FFF797FD054651
S21403A8702046FFF7A3FD03469DB1BDF80600ABB91E
S21403A88000F0BAF8FF2808BF00200DF10F038DF87B
S21403A8900F001A46204604990593FEF725FE09B0D5
S21403A8A030BD0028F5D00DF10603F2E700F0A4F85A
S21403A8B0FF2808BF0020BDF806308DF80F00ADF85E
S21403A8C01A308DF8180006ABE3E70088704701706E
S21403A8D0090A41707047012070470120704738B558
S21403A8E0DFF7B0FD0446D4F7DFFD051E18BF254687
S21403A8F0D4F7ACFE041E18BF2C46FFF7ECFF002867
S21403A90018BF204638BD38B5FEF7BAF90446F7F740
S21403A910C3FA04281ED002284FF0000508BF0124FE
S21403A920F8F762F9042817D0022808BF0124F7F7BE
S21403A930F2FE042812D0022808BF0124FFF7CDFF39
S21403A94004280DD0022808BF0124002D18BF0024B8
S21403A950204638BD0125E3E70125E8E70125EDE7B5
S21403A9600024F5E7FF20704708B5FFF7FBFF00203C
S21403A97008BD08B520B1FFF777FB00F0010008BD5E
S21403A9800120FAE708B5FFF763FBBDE80840FFF7C9
S21403A990F0BF008810B1C9B2FFF7B0BB70472DE90E
S21403A9A0F041B0F8008006460C46D5B2B8F1000F69
S21403A9B011D029464046FFF7A1FB22460746294603
S21403A9C04046FFF7AFFB3A4629462046FFF7AAFB69
S21403A9D03480BDE8F0810F46F5E703461B8808463A
S21403A9E08B4202D00021FFF789BB00207047006925
S21403A9F0003818BF0120704700207047F8B5064698
S21403AA000D46FFF7EBFC0328044621D02846FFF744
S21403AA10E5FC032807461BD010F0020318D1A00755
S21403AA200DD5F90716D401233C43E20704D4318934
S21403AA302A89914218BF002303F00100F8BD0822BB
S21403AA4029463046E1F70AF9B0FA80F35B09EBE7EB
S21403AA500020F3E71846F1E770B50D4600210646D9
S21403AA60FFF797FF044630B1FFF710FB0146284671
S21403AA70FFF7C4FF08B1204670BD21463046FFF7F6
S21403AA80ACFFEFE707B50DF10701FFF7D3FC20B1E5
S21403AA909DF8070003B05DF804FBFF20FAE70020EB
S21403AAA07047FF207047FF207047FF207047002045
S21403AAB07047002000217047002070472DE9F843B7
S21403AAC007460846154688461C469DF82090FFF71D
S21403AAD0DDFA4619A4B19EB14046FFF7F3FA2544C2
S21403AAE085420FDC2246B9F1000F06D131463846BF
S21403AAF0E0F7BAFD0020BDE8F88339463046F7E7AD
S21403AB002120F8E71D20F6E7000000000000000003
S21403AB10000000000000000000000000000000002D
S21403AB20F8B500BFF8BC08BC9E467047F8B500BF32
S21403AB30F8BC08BC9E4670475FF800F04D630020E3
S21403AB405FF800F0E9630020446576696365207466
S21403AB50797065206368616E6765206465746563F4
S21403AB607465643A202564202D3E2025640D0A0072
S21403AB7050726573732064657465637465640D0A47
S21403AB80004D756C74692070726573732064657408
S21403AB9065637465643A2025640D0A0052656C6526
S21403ABA06173652064657465637465640D0A004C9F
S21403ABB06F6E672070726573732064657465637463
S21403ABC065640D0A0072656C61795F7374617274F3
S21403ABD05F6C61746368696E675F70756C73653A02
S21403ABE020616E6F746865722070756C736520697A
S21403ABF073206163746976650D0A0072656C61790A
S21403AC005F6F6E0D0A0072656C61795F6F66660D25
S21403AC100A0072656C61795F746F67676C650D0A0D
S21403AC200057726974696E6720636F6E6669672082
S21403AC30746F206E763A2025730D0A0053697A6581
S21403AC403A2025640D0A004661696C656420746FBA
S21403AC50207772697465204445564943455F434FE0
S21403AC604E4649475F4441544120746F204E562C4C
S21403AC70207374617475733A2025642E20286279D4
S21403AC807465733A202564290D0A0073756363653A
S21403AC907373210D0A004661696C656420746F2026
S21403ACA072656164204E565F4954454D5F44455670
S21403ACB04943455F434F4E4649472C207573696E9B
S21403ACC0672064656661756C7420636F6E6669677A
S21403ACD020696E73746561642C2073746174757374
S21403ACE03A2025642E202862797465733A202564F9
S21403ACF0290D0A005573696E6720636F6E66696770
S21403AD003A2025642063686172732066726F6D0D46
S21403AD100A25730D0A007A7A6F616E676D633B547A
S21403AD2053303031312D4D533B4C41333B5342313D
S21403AD30753B5241343B4D3B004E6574776F726BE7
S21403AD4020737461747573206368616E676564202D
S21403AD50746F2025640D0A004D616E756661637419
S21403AD607572657220746F6F206269670D0A004DF5
S21403AD706F64656C20746F6F206269670D0A004903
S21403AD806E697469616C697A696E67205A6967626D
S21403AD906565207769746820256420737769746312
S21403ADA06865732C2025642072656C6179732C208A
S21403ADB0256420636F7665722073776974636865AC
S21403ADC0732C20256420636F766572730D0A004327
S21403ADD06F6E66696720706172736564207375634E
S21403ADE06365737366756C6C790D0A0072656164CE
S21403ADF02076657273696F6E20666F726D206E655E
S21403AE0077206C6F636174696F6E0D0A0046616923
S21403AE106C656420746F207772697465206C617347
S21403AE20745365656E56657273696F6E20746F2012
S21403AE304E562C2073743A2025640D0A004F6C641A
S21403AE402076657273696F6E3A2025640D0A004397
S21403AE50757272656E742076657273696F6E3A20CA
S21403AE6025640D0A00524553455420414C4C210D90
S21403AE700A0068616C5F6770696F5F63616C6C6220
S21403AE8061636B3A2065787469206C696E6520256A
S21403AE906C642073746174757320256C750D0A00D9
S21403AEA068616C5F6770696F5F63616C6C62616336
S21403AEB06B3A206E6F2066726565204558544920AC
S21403AEC06C696E65730D0A002F686F6D652F72755A
S21403AED06E6E65722F776F726B2F747579612D7A2C
S21403AEE069676265652D7377697463682F7475790E
S21403AEF0612D7A69676265652D7377697463682F58
S21403AF0073696C6162735F746F6F6C732F73696DB3
S21403AF10706C69636974795F73646B2F2E2E2F2EA2
S21403AF202E2F7372632F73696C6162732F68616C63
S21403AF302F7A69676265652E630044726F70706965
S21403AF406E67206F6C64204F544120696D6167659E
S21403AF502C2063757272656E74206F6666736574F3
S21403AF603A20256C750A00556E6B6E6F776E2063FC
S21403AF706F76657220636F6D6D616E643A2025642B
S21403AF800D0A00556E6B6E6F776E20636D64202519
S21403AF90640D0A00427574746F6E20707265737365
S21403AFA02064657465637465642C20627574206E12
S21403AFB06F20627574746F6E206973207072657388
S21403AFC07365640D0A00427574746F6E206C6F6E41
S21403AFD06720707265737320646574656374656453
S21403AFE02C20627574206E6F20627574746F6E20E9
S21403AFF06973206C6F6E6720707265737365640D7A
S21403B0000A004E6F20636F766572207377697463E8
S21403B0106820636F6E66696720696E204E562C2023
S21403B0207573696E672064656661756C74730D0A63
S21403B03000417474726962757465206368616E6733
S21403B04065642C2065703A2025642C20636C757328
S21403B0507465723A2025642C20617474723A202534
S21403B060640D0A00506F6C6C20636F6E74726F6CA5
S21403B0703A2073656E64696E6720636865636B2D3B
S21403B080696E0D0A005A434C2061637469766974CD
S21403B090792C20656E746572696E672066617374B9
S21403B0A020706F6C6C0D0A00506F6C6C20636F6EB3
S21403B0B074726F6C3A20636865636B2D696E2072D9
S21403B0C06573706F6E73652C20666173743D2564BB
S21403B0D02C2074696D656F75743D25640D0A0050E8
S21403B0E06F6C6C20636F6E74726F6C3A206661735C
S21403B0F07420706F6C6C2073746F700D0A00506F41
S21403B1006C6C20636F6E74726F6C3A207365742078
S21403B1106C6F6E6720706F6C6C20696E74657276E8
S21403B120616C3D256C750D0A00506F6C6C20636F67
S21403B1306E74726F6C3A207365742073686F7274E2
S21403B14020706F6C6C20696E74657276616C3D2539
S21403B150640D0A00506F6C6C20636F6E74726F6CB4
S21403B1603A20636865636B2D696E20696E74657239
S21403B17076616C207772697474656E3D256C750D07
S21403B1800A00506F6C6C20636F6E74726F6C3A209B
S21403B190696E76616C696420636865636B2D696E9E
S21403B1A020696E74657276616C2C207265766572A2
S21403B1B074696E670D0A00506F6C6C20636F6E7453
S21403B1C0726F6C3A206661737420706F6C6C2074B7
S21403B1D0696D656F7574207772697474656E3D2545
S21403B1E0640D0A00506F6C6C20636F6E74726F6C24
S21403B1F03A206661737420706F6C6C2074696D6599
S21403B2006F75742C20737769746368696E6720742E
S21403B2106F206C6F6E6720706F6C6C0D0A00556E36
S21403B2206B6E6F776E204C6576656C4374726C201C
S21403B230636F6D6D616E643A2025640D0A00556E6A
S21403B2406B6E6F776E204F6E4F666620636F6D6D05
S21403B250616E643A2025640D0A00496E64657820A1
S21403B260617420777269746520617474723A20255C
S21403B270640D0A004E6F2073776974636820636FEA
S21403B2806E66696720696E204E562C207573696E4C
S21403B290672064656661756C74730D0A00496E7683
S21403B2A0616C69642072656C61795F696E64657848
S21403B2B020256420696E204E562C207265736574B3
S21403B2C074696E6720746F2064656661756C740DAF
S21403B2D00A003E2000556E6B6E6F776E20657272A5
S21403B2E06F7200496E7075742062756666657220AB
S21403B2F069732046554C4C004D6178696D756D2019
S21403B3006E756D626572206F6620617267756D6516
S21403B3106E74732065786365656465640054686558
S21403B32020617267756D656E74206973206E6F7425
S21403B33020666F726D617474656420636F727265E4
S21403B34063746C7900496E636F727265637420610F
S21403B3507267756D656E74207479706500496E63E7
S21403B3606F7272656374206E756D626572206F66A8
S21403B37020617267756D656E7473004E6F20636F20
S21403B3806D6D616E6420666F756E640075696E74AC
S21403B39038006164646974696F6E616C002A0075B5
S21403B3A06E6B6E6F776E0077696C646361726400B0
S21403B3B06865786F707400737472696E676F707403
S21403B3C00075696E7433326F70740075696E74310C
S21403B3D0366F70740075696E74386F7074006865C4
S21403B3E07800737472696E670075696E743136001F
S21403B3F075696E743332002E2E2E200068656C70CD
S21403B400000A25730A257325730025732008002F69
S21403B410686F6D652F72756E6E65722F776F726BC0
S21403B4202F747579612D7A69676265652D737769FF
S21403B4307463682F747579612D7A69676265652D03
S21403B4407377697463682F73696C6162735F746F73
S21403B4506F6C732F73696D706C69636974795F734E
S21403B460646B2F706C6174666F726D2F7365727682
S21403B4706963652F6C65676163795F68616C2F73B9
S21403B48072632F626173652D7265706C6163656D9F
S21403B490656E742E63002F686F6D652F72756E6E02
S21403B4A065722F776F726B2F747579612D7A696762
S21403B4B06265652D7377697463682F747579612D7A
S21403B4C07A69676265652D7377697463682F736934
S21403B4D06C6162735F746F6F6C732F73696D706CDE
S21403B4E069636974795F73646B2F706C6174666FDC
S21403B4F0726D2F736572766963652F746F6B656EF5
S21403B5005F6D616E616765722F6C65676163792F26
S21403B5107372632F736C5F746F6B656E5F6D616EB2
S21403B520616765722E63002F686F6D652F72756E87
S21403B5306E65722F776F726B2F747579612D7A69CA
S21403B540676265652D7377697463682F74757961AF
S21403B5502D7A69676265652D7377697463682F73DF
S21403B560696C6162735F746F6F6C732F73696D7050
S21403B5706C69636974795F73646B2F706C6174664E
S21403B5806F726D2F736572766963652F746F6B6563
S21403B5906E5F6D616E616765722F6C656761637957
S21403B5A02F7372632F736C5F746F6B656E5F6D6161
S21403B5B06E75666163747572696E672E6300437594
S21403B5C07272656E7420436F6E6669673A20253023
S21403B5D0780053657420434341206D6F646520747F
S21403B5E06F2025643A2025307800656E61626C65AD
S21403B5F0640064697361626C6564006F75742863C4
S21403B6006C69656E742900696E20287365727665A9
S21403B6107229004D464720537472696E673A202597
S21403B62073004170704275696C646572204D4647BD
S21403B63020436F64653A20307825303458006E6FA7
S21403B6406465205B004164646974696F6E616C2095
S21403B650696E746572666163657300202025643ABB
S21403B660200070616765205B25645D206368616EFA
S21403B670205B25645D20707772205B25645D006E19
S21403B6806F7420616374697665006572726F7220E9
S21403B6903078253038580070616E4944205B307826
S21403B6A0253034585D206E6F64654944205B3078DE
S21403B6B0253034585D20007870616E205B3078004A
S21403B6C0706172656E744944205B30782530345857
S21403B6D05D20706172656E7452737369205B2564B6
S21403B6E05D006E6F646554797065205B0053656317
S21403B6F07572697479206C6576656C205B253032CB
S21403B700585D006E6574776F726B20737461746531
S21403B710205B253032585D200042756666657220D0
S21403B72062797465733A202564202F2025640045CA
S21403B7307020636E743A20256400657020256420AB
S21403B7405B656E64706F696E742025732C20646568
S21403B750766963652025735D20006E776B205B2515
S21403B760645D2070726F66696C65205B3078253087
S21403B77034585D206465764964205B307825303420
S21403B780585D20766572205B3078253032585D0030
S21403B79020202020257320636C75737465723A200D
S21403B7A030782530345820004E776B20636E743A19
S21403B7B0202564006E776B202564205B25735D006F
S21403B7C05072696D617279202870726F290020208B
S21403B7D06E6F646554797065205B30782530325817
S21403B7E05D002020736563757269747950726F66A5
S21403B7F0696C65205B3078253032585D00455020F3
S21403B80025643A20257320004572726F723A202011
S21403B810556E6B6E6F776E20656E64706F696E74AF
S21403B8202E00456E61626C65206576656E742064D5
S21403B8306562756720696E666F20696E20436F7256
S21403B8406520434C4920636F6D706F6E656E7400A0
S21403B8506F6E6C7920636F6F7264696E61746F725A
S21403B860732063616E20666F726D0A006A6F696E7D
S21403B870203078253038580A006C656176650025D7
S21403B88073203078253032580A0072656A6F696E05
S21403B8900072656A6F696E446966664465766963B5
S21403B8A06554797065006578742E2050414E2049A2
S21403B8B0443A20004E574B206F70656E3A2025752C
S21403B8C020736563004E574B20636C6F736564008B
S21403B8D066696E64206A6F696E61626C653A2030D1
S21403B8E078253032580066696E6420756E75736508
S21403B8F0643A20307825303258004368616E6769B1
S21403B9006E6720746F206368616E6E656C202564B5
S21403B9103A2030782530325800696E76616C696457
S21403B920206E6574776F726B20696E64657800535A
S21403B930686F72742049443A203078253034582C86
S21403B9402045554936343A20002C2050616E204954
S21403B950443A203078253034580053746172746545
S21403B96064206D756C74692D70687920696E7465D2
S21403B9707266616365004661696C656420746F2056
S21403B980257320257320307825303258005465728D
S21403B9906D696E61746564202573203078253032B6
S21403B9A058004B65657020616C6976652073757009
S21403B9B0706F727420656E61626C65642E006661DA
S21403B9C0696C656420746F20736574206B6565709D
S21403B9D020616C697665206D6F64652E00737563F0
S21403B9E06365737366756C6C79207365742074680D
S21403B9F065206368696C642074696D656F7574206F
S21403BA006F7074696F6E206D61736B2E006661696B
S21403BA106C656420746F2073657420746865206396
S21403BA2068696C642074696D656F7574206F7074D3
S21403BA30696F6E206D61736B2E00646973636F7636
S21403BA406572004D61746368202573792066726F92
S21403BA506D203078253034582C20657020256400FE
S21403BA604E574B204164647265737320726573701E
S21403BA706F6E73653A203078253034580049454553
S21403BA8045204164647265737320726573706F6ECC
S21403BA9073653A200053657276696365202573796A
S21403BAA020646F6E652E0023202074797065202035
S21403BAB0206E776B20206C6F6320202072656D20CC
S21403BAC02020636C75732020206E6F646520202011
S21403BAD065756900202025642020202030782530D5
S21403BAE034582020307825303458202030782530BC
S21403BAF03458203078253034582000736C5F7A69C8
S21403BB00676265655F6765745F62696E64696E67C1
S21403BB10204572726F723A203078253038580A0002
S21403BB202564206F662025642062696E64696E67EB
S21403BB3073207573656400656E61626C656420705E
S21403BB4072696E740064697361626C6564207072F6
S21403BB50696E7400616464206C696E6B206B657932
S21403BB60004552523A2043616C63756C6174656498
S21403BB702043524320646F6573206E6F74206D619B
S21403BB80746368004552523A20496E7374616C6C54
S21403BB9020436F6465206D75737420626520382CAE
S21403BBA02031302C2031342C206F72203138206223
S21403BBB07974657320696E206C656E6774680045DA
S21403BBC052523A204145532D4D4D4F2068617368BC
S21403BBD0206661696C65643A2030782530325800F7
S21403BBE0536574206A6F696E696E67206C696E6B45
S21403BBF0206B6579007365742062696E6420256422
S21403BC003A2030782530327800454D505459005547
S21403BC104E494341004D324F4E45004D554C544915
S21403BC20003F2020202000496E6465782049454562
S21403BC3045204164647265737320202020202020F1
S21403BC4020204E574B496E6465782020496E204667
S21403BC5043202020202054544C28732920466C610E
S21403BC6067202020204B6579202020200025642093
S21403BC702020202000202025642020202020202093
S21403BC8000202025303858202000203078253034F6
S21403BC9058202000496E6465782049454545204173
S21403BCA0646472657373202020202020202020499E
S21403BCB06E204643202020202054797065202041A2
S21403BCC075746820204B6579002D202020202000E5
S21403BCD025632020202020256320202020200069A3
S21403BCE06573005741524E494E473A20205245410C
S21403BCF044494E47204F46204B45592056414C5504
S21403BD0045532044495341424C4544204259204D13
S21403BD10464720544F4B454E004E574B204B6579B4
S21403BD20002573206F75742046433A202530385813
S21403BD3000257320736571206E756D3A2030782563
S21403BD40303258002573206F75742046433A2025F9
S21403BD50303878005443202573200025732054611F
S21403BD60626C650025642F256420656E74726965B0
S21403BD707320757365642E005472616E7369656E05
S21403BD8074204B657900256420656E7472257320D4
S21403BD90636F6E73756D696E6720256420706163CB
S21403BDA06B65742062756666657225732E00574947
S21403BDB04C4C0057494C4C204E4F540054727573EC
S21403BDC0742043656E74657220257320616C6C6FF6
S21403BDD0772074727573742063656E74657220724F
S21403BDE0656A6F696E73207573696E672077656C15
S21403BDF06C2D6B6E6F776E206B65792E00536574B2
S21403BE002074696D656F757420666F722054727541
S21403BE1073742043656E7465722072656A6F696E0B
S21403BE2073207573696E672077656C6C2D6B6E6F08
S21403BE30776E206C696E6B206B657920746F202596
S21403BE4064207365636F6E64732E004552524F52BF
S21403BE503A20002573737461636B206D75737420C9
S21403BE60626520646F776E2E0052656164696E6743
S21403BE7020416C6C6F7765640048617368696E6710
S21403BE80206F6E6C7900736C5F7A69676265655FB5
S21403BE906B65795F73657474696E67735F743A2054
S21403BEA03078253034580020205065726D697373DE
S21403BEB0696F6E733A202573004572726F723A206B
S21403BEC04661696C656420746F2067657420636FD0
S21403BED06E6669672C207374617475733A203078C4
S21403BEE025303858004661696C65643A20307825F9
S21403BEF0303858004D73673A20636C75732030787A
S21403BF00253034582C20636D642030782530325821
S21403BF102C206C656E202564006275666665723A31
S21403BF202000454D4245525F002573534543555205
S21403BF304954595F4C4556454C3A202530325800F3
S21403BF4025736572617365206B65792025643A20D5
S21403BF5030782530385800636D64206E6F74206225
S21403BF6075696C74007372632065702025303278AF
S21403BF702C20636C757320253034780073656E64EB
S21403BF80696E6720746F206D756C74696361737472
S21403BF902062696E640025733A2065703A20256432
S21403BFA02C20636C3A203078253034582C2061746A
S21403BFB074723A20307825303458002C2073767209
S21403BFC03A2025630025733A20726561643A20306F
S21403BFD07825303278002C207376723A2025632C2D
S21403BFE02064747970653A203078253032580041E1
S21403BFF07267756D656E7420617420696E6465780A
S21403C0003A202564206973206F7574206F6620724A
S21403C010616E676500436F6D6D616E6420616C725F
S21403C02065616479206275696C742E202043616EA5
S21403C0306E6F7420736574204D4647207370656376
S21403C0406966696320636F646520666F7220636F39
S21403C0506D6D616E642E004D464720436F64652008
S21403C06053657420666F72206E65787420636F6DF7
S21403C0706D616E643A203078253034580055736508
S21403C080204E6578742053657175656E636520531D
S21403C090657420666F72206E65787420636F6D6DAD
S21403C0A0616E643A203078253032580044697361F3
S21403C0B0626C652044656661756C742052657370A6
S21403C0C06F6E73652053657420666F72206E657895
S21403C0D07420636F6D6D616E643A2030782530325C
S21403C0E058004552523A2072656164696E67206152
S21403C0F0747472696275746520253032780045520F
S21403C100523A206174747269627574652073697A31
S21403C1106520256420746F6F206C617267652066E6
S21403C1206F7220627566666572004572726F723A48
S21403C130206174747269627574652049442030788E
S21403C14025303458207265706F727461626C652096
S21403C1506368616E67652069732073697A65202555
S21403C16064422C206275742025644220656E7465D3
S21403C1707265640A006E6F20636D64004572726FA9
S21403C180723A20434C492053656E64206661696C9D
S21403C19065642C207374617475733A203078253087
S21403C1A03858004572726F723A2020455549363426
S21403C1B020617267756D656E7420697320656D7096
S21403C1C0747920616E64206C6F6F6B757020627972
S21403C1D0206E6F6465204944206661696C65642E31
S21403C1E00047726F757000556E696361737400550E
S21403C1F06E62696E6420257320257330782530328D
S21403C2005800526571756573743A20005A444F207E
S21403C21073696D706C652064657363207265712045
S21403C22025303278005A444F206E6F64652064656B
S21403C2307363207265712025303278005A444F208C
S21403C2406D6174636820646573632072657120256D
S21403C250303258005573696E67206D79206C6F63B2
S21403C260616C20455549363420666F7220646573C9
S21403C2707420455549363420696E2062696E6469B8
S21403C2806E67005A444F2062696E6420726571209F
S21403C2902530327800636C7573746572206C696D33
S21403C2A06974207265616368656400696E76616CA3
S21403C2B0696420706167653A202564206F72206385
S21403C2C068616E6E656C3A202564004368616E672C
S21403C2D065206368616E6E656C2073746174757334
S21403C2E03A20307825303278006475726174696F4D
S21403C2F06E206D75737420626520696E2072616EA0
S21403C30067652030202D203500636F756E74206DB1
S21403C31075737420626520696E2072616E6765208E
S21403C32031202D2038007363616E20737461747539
S21403C3307320307825303258006E6574776F726BD1
S21403C34020757064617465207365742073746174FA
S21403C35075732030782530325800416374697665EA
S21403C360204550207265717565737420737461740B
S21403C37075733A20307825303258004C5149205492
S21403C38061626C6520726571756573743A203078E6
S21403C390253032580042696E64696E6720546162C4
S21403C3A06C6520726571756573743A203078253034
S21403C3B03258004C65617665202573307825303217
S21403C3C05800506F776572204465736372697074A2
S21403C3D06F72202573307825303258005573696E96
S21403C3E067206D79206C6F63616C20455549363440
S21403C3F020666F7220646573742045554936342071
S21403C400696E20756E62696E64696E6700526F7539
S21403C4107465205461626C6520257330782530324C
S21403C42058002F686F6D652F72756E6E65722F7765
S21403C4306F726B2F747579612D7A69676265652DE6
S21403C4407377697463682F747579612D7A69676287
S21403C45065652D7377697463682F73696C6162739E
S21403C4605F746F6F6C732F73696D706C6963697437
S21403C470795F73646B2F70726F746F636F6C2F7A50
S21403C48069676265652F6170702F6672616D657787
S21403C4906F726B2F636F6D6D6F6E2F736C5F7A6940
S21403C4A0676265655F73797374656D5F636F6D6DE2
S21403C4B06F6E2E6300457874656E646564205265FE
S21403C4C073657420696E666F3A2030782530345869
S21403C4D02028257329002F686F6D652F72756E6E81
S21403C4E065722F776F726B2F747579612D7A696712
S21403C4F06265652D7377697463682F747579612D2A
S21403C5007A69676265652D7377697463682F7369E3
S21403C5106C6162735F746F6F6C732F73696D706C8D
S21403C52069636974795F73646B2F70726F746F637A
S21403C5306F6C2F7A69676265652F6170702F6672FC
S21403C540616D65776F726B2F636F6D6D6F6E2F7A8C
S21403C55069676265655F6170705F6672616D657756
S21403C5606F726B5F736C6565702E630053746179CD
S21403C570206177616B65207768656E206E6F742027
S21403C5806A6F696E65643A20257300466F72636549
S21403C590642073746179206177616B653A2020208B
S21403C5A020202020202020257300466F7263696EAA
S21403C5B0672064657669636520746F207374617998
S21403C5C0206177616B6500416C6C6F77696E6720DD
S21403C5D064657669636520746F20676F20746F20C7
S21403C5E0736C656570002F686F6D652F72756E6E60
S21403C5F065722F776F726B2F747579612D7A696701
S21403C6006265652D7377697463682F747579612D18
S21403C6107A69676265652D7377697463682F7369D2
S21403C6206C6162735F746F6F6C732F73696D706C7C
S21403C63069636974795F73646B2F70726F746F6369
S21403C6406F6C2F7A69676265652F6170702F6672EB
S21403C650616D65776F726B2F636F6D6D6F6E2F7A7B
S21403C66069676265655F737461636B5F736C656549
S21403C670702E630052583A205265736574546F46A1
S21403C6806163746F727944656661756C7473436134
S21403C6906C6C6261636B00657A737020636F756E92
S21403C6A074657273206661696C6564202575006520
S21403C6B07A73702052657365742054687265736864
S21403C6C06F6C64206572726F7220257500657A73CD
S21403C6D07020536574205468726573686F6C6420A9
S21403C6E06572726F72202575002575292025733AA9
S21403C6F02025750053657474696E672054687265E7
S21403C70073686F6C6420636F6D6D616E64003F3F8A
S21403C7103F004D6163205278204263617374004D7D
S21403C7206163205478204263617374004D61632013
S21403C7305278205563617374004D616320547820EA
S21403C7405563617374004D616320547820556361AB
S21403C7507374205265747279004D61632054782097
S21403C7605563617374204661696C004150532052CF
S21403C77078204263617374004150532054782042FA
S21403C780636173740041505320527820556361737C
S21403C79074004150532054782055636173742053BA
S21403C7A07563636573730041505320547820556353
S21403C7B06173742052657472790041505320547823
S21403C7C0205563617374204661696C00526F7574FB
S21403C7D065204469736320496E697469617465648E
S21403C7E0004E65696768626F722041646465640021
S21403C7F04E65696768626F722052656D6F76656411
S21403C800004E65696768626F72205374616C6500D9
S21403C8104A6F696E20496E6469636174696F6E005E
S21403C8204368696C64204D6F766564004153482005
S21403C8304F766572666C6F77004153482046726187
S21403C8406D65204572726F7200415348204F7665BE
S21403C8507272756E204572726F72004E574B204689
S21403C86043204661696C7572650041505320464308
S21403C870204661696C7572650041534820584F66BF
S21403C880660041505320556E617574686F72697AFD
S21403C8906564204B6579004E574B20446563727977
S21403C8A07074204661696C7572657300415053203D
S21403C8B044656372797074204661696C757265733A
S21403C8C0005061636B65742042756666657220412D
S21403C8D06C6C6F63617465204661696C7572657311
S21403C8E00052656C6179656420556361737400500A
S21403C8F0687920746F204D414320717565756520F6
S21403C9006C696D6974207265616368656400506163
S21403C910636B65742056616C696461746520647228
S21403C9206F7020636F756E74004E574B207265747C
S21403C9307279206F766572666C6F77004343412089
S21403C9404661696C757265730042726F61646361F8
S21403C9507374207461626C652066756C6C00505449
S21403C96041204C6F2050726920526571005054412B
S21403C9702048692050726920526571005054412046
S21403C9804C6F205072692044656E6965640050548C
S21403C99041204869205072692044656E69656400C9
S21403C9A0505441204C6F20507269205478204162C5
S21403C9B0727400505441204869205072692054789C
S21403C9C02041627274004164647265737320436F1E
S21403C9D06E666C6963742053656E740043534C2013
S21403C9E05278207363686564756C65206661696C4C
S21403C9F06564000D004465627567207072696E7425
S21403CA002067726F75702025730A0057726F6E6702
S21403CA1020706172616D657465720A0053636865A0
S21403CA2064756C65206D6F7665206E776B00257375
S21403CA302025643A202564004D6178206D6F766565
S21403CA40206C696D69742072656163686564206E25
S21403CA50776B2025643A20256400456E6420446580
S21403CA607669636520506F6C6C20496E666F726DD5
S21403CA706174696F6E00454D4245525F454E445F93
S21403CA804445564943455F54494D454F55543A200E
S21403CA90202020202020256400506F6C6C20636FBC
S21403CAA06D706C657465642063616C6C6261636B46
S21403CAB03A20257300202043757272656E742050E9
S21403CAC06F6C6C20496E74657276616C2028717386
S21403CAD0293A202020256C640020204C6F6E6720A6
S21403CAE0506F6C6C20496E74657276616C20287189
S21403CAF073293A202020202020256C640020205310
S21403CB00686F727420506F6C6C20496E7465727611
S21403CB10616C20287173293A2020202020256C641C
S21403CB2000202057616B652054696D656F7574200E
S21403CB30287173293A20202020202020202020201E
S21403CB4020256C6400202057616B652054696D6551
S21403CB506F7574204269746D61736B3A20202020D0
S21403CB602020202020307825303858002020437598
S21403CB707272656E7420417070205461736B733AE1
S21403CB802020202020202020202020203078253020
S21403CB90385800202043757272656E7420506F6C8F
S21403CBA06C20436F6E74726F6C2020202020202030
S21403CBB0202020257300202044656661756C742050
S21403CBC0506F6C6C20436F6E74726F6C2020202045
S21403CBD0202020202020257300466F7263696E672D
S21403CBE02064657669636520746F2073686F72745A
S21403CBF020706F6C6C00416C6C6F77696E67206495
S21403CC00657669636520746F206C6F6E6720706F3E
S21403CC106C6C00534C5F5A49474245455F41465F3B
S21403CC204C4F4E475F504F4C4C00534C5F5A49474E
S21403CC304245455F41465F53484F52545F504F4C01
S21403CC404C00706F6C6C206E776B2025643A203036
S21403CC5078253032580046696E6420616E6420423F
S21403CC60696E6420496E69746961746F723A204311
S21403CC706F6D706C6574653A2030782530325800D5
S21403CC805374617274207461726765740046696ECA
S21403CC906420616E642042696E6420546172676525
S21403CCA0740025733A2025733A203078253032589D
S21403CCB000467261676D656E746174696F6E2052AB
S21403CCC0582077696E646F772073697A6520736579
S21403CCD07420746F202564002F686F6D652F72753E
S21403CCE06E6E65722F776F726B2F747579612D7AFE
S21403CCF069676265652D7377697463682F747579E0
S21403CD00612D7A69676265652D7377697463682F29
S21403CD1073696C6162735F746F6F6C732F73696D85
S21403CD20706C69636974795F73646B2F70726F7468
S21403CD306F636F6C2F7A69676265652F6170702FFA
S21403CD406672616D65776F726B2F706C7567696E4F
S21403CD502F667261676D656E746174696F6E2F6698
S21403CD607261676D656E746174696F6E2E630052CF
S21403CD70583A2041646447726F7570526573706FDA
S21403CD806E7365203078253032582C203078253065
S21403CD9034580052583A205669657747726F757053
S21403CDA0526573706F6E7365203078253032582C59
S21403CDB0203078253034582C20220052583A204709
S21403CDC0657447726F75704D656D626572736869D9
S21403CDD070526573706F6E736520307825303258E5
S21403CDE02C203078253032582C00205B30782530C4
S21403CDF034585D0052583A2052656D6F7665477217
S21403CE006F7570526573706F6E736520307825305A
S21403CE1032582C203078253034580065705B253026
S21403CE2032585D2069645B253034585D00436C6579
S21403CE306172696E6720616C6C2067726F757073C0
S21403CE402E004552523A204661696C656420746F21
S21403CE50206372656174652062696E64696E67201B
S21403CE602830782530325829004552523A204269F4
S21403CE706E64696E67207461626C652069732066F0
S21403CE80756C6C004552523A2077726974696E6706
S21403CE90206E616D6520737570706F727420253017
S21403CEA032580052583A2041646447726F757020B6
S21403CEB03078253034582C20220075760052583AA4
S21403CEC0205669657747726F757020307825303441
S21403CED0580075767300766965775F67726F75704D
S21403CEE00047726F7570733A206661696C656420DB
S21403CEF0746F2073656E6420257320726573706F7C
S21403CF006E73653A20307825303258006765745F53
S21403CF1067726F75705F6D656D6265727368697051
S21403CF2020726573706F6E73650064656661756CF9
S21403CF30745F726573706F6E73650052583A20475C
S21403CF40657447726F75704D656D62657273686957
S21403CF5070203078253032582C0075756200477281
S21403CF606F7570733A206661696C656420746F2010
S21403CF7073656E642025733A203078253032580066
S21403CF8052583A2052656D6F766547726F757020FA
S21403CF90307825303458004552523A204661696C41
S21403CFA0656420746F2064656C6574652062696EC1
S21403CFB064696E67202830782530325829007265F8
S21403CFC06D6F76655F67726F75700052583A2052C0
S21403CFD0656D6F7665416C6C47726F757073005242
S21403CFE0583A2041646447726F75704966496465B0
S21403CFF06E74696679696E67203078253034582CEC
S21403D000202200616464004368616E6E656C206E66
S21403D0106F742076616C69643A20256400507269E7
S21403D0206D617279002573206D61736B206E6F7767
S21403D03020307825303858005365636F6E6461720C
S21403D04079004D61736B206E6F742076616C696432
S21403D0503A202564007072696D61727900736563A6
S21403D0606F6E646172790025733A205365742025C8
S21403D07073206D61736B20746F20307825303858B9
S21403D080005374617475730025733A2025733A0050
S21403D0904368616E6E656C206D61736B3A00202089
S21403D0A0202028312920307825303858205B00206E
S21403D0B020202028322920307825303858205B005D
S21403D0C053746174653A2030782530325820282509
S21403D0D073290043757272656E74206368616E6EA1
S21403D0E0656C3A20256400546F74616C2062656138
S21403D0F0636F6E733A202564004A6F696E2061740D
S21403D10074656D7074733A202564004E6574776F8A
S21403D110726B2073746174653A2030782530325808
S21403D1200053746F700025732053746F702E202085
S21403D130436C65616E696E672075702E0042726F70
S21403D140616463617374696E67207065726D697478
S21403D150206A6F696E0054727573742063656E740B
S21403D1606572206C696E6B206B65792075706461DF
S21403D1707465207374617475730025733A20574180
S21403D180524E494E473A20736C5F7A69676265650B
S21403D1905F7365745F696E697469616C5F736563F9
S21403D1A075726974795F7374617465206661696CFE
S21403D1B065642E20436F6E74696E75696E6720779B
S21403D1C06974686F757420696E7374616C6C206320
S21403D1D06F64652E004572726F723A20696E7374BF
S21403D1E0616C6C20636F646520736574757020666C
S21403D1F061696C65642E20497320616E20696E73C5
S21403D20074616C6C20636F646520666C617368651B
S21403D21064206F6E746F2074686520646576696336
S21403D220653F00D0D1D2D3D4D5D6D7D8D9DADBDC74
S21403D230DDDEDF00FFFFFFFFFFFFFFFF005A69672A
S21403D240426565416C6C69616E63653039002573B0
S21403D2503A2069737375696E67207363616E206F16
S21403D2606E202573206368616E6E656C7320286D6F
S21403D27061736B2030782530385829002573206970
S21403D2807320616C726561647920696E2070726FB9
S21403D2906772657373005374617274004578616DC9
S21403D2A0696E696E6720626561636F6E206F6E20BC
S21403D2B06368616E6E656C202564207769746820E8
S21403D2C070616E496420307825303458005468699C
S21403D2D07320626561636F6E206973206E6F7420BE
S21403D2E070617274206F662074686520637572724D
S21403D2F0656E74206368616E6E656C206D61736B1A
S21403D3002028307825303858292E204765747469CC
S21403D3106E67206E65787420626561636F6E207732
S21403D320686F7365206368616E6E656C20626974EE
S21403D3306D61736B206973207365742E004572727A
S21403D3406F723A20257320636F756C64206E6F745A
S21403D35020617474656D7074206A6F696E3A20304C
S21403D3607825303258004E6F20626561636F6E73A6
S21403D370206C656674206F6E2063757272656E74BA
S21403D380206D61736B2E204D6F76696E6720746F08
S21403D390206E657874207374617465002573206A43
S21403D3A06F696E696E6720307825303458206F6E4B
S21403D3B0206368616E6E656C2025640025732053B8
S21403D3C0746174653A202573004572726F723A2051
S21403D3D0257320636F756C64206E6F742073657499
S21403D3E075702073656375726974793A2030782591
S21403D3F0303258004572726F723A205363616E2062
S21403D400636F6D706C6574652068616E646C6572BD
S21403D4102072657475726E656420307825303258D4
S21403D420002573207363616E20636F6D706C657483
S21403D430652E20426561636F6E7320686561726452
S21403D4403A20256400257320737461636B2073741C
S21403D4506174757320307825303258002573206E3A
S21403D4606574776F726B206A6F696E65642E00252C
S21403D4707320747279696E67206E657874206E65A2
S21403D48074776F726B2E004E6F6E65005363616E1A
S21403D490205072696D617279204368616E6E656CA7
S21403D4A07320616E642075736520436F6E666967CB
S21403D4B075726564204B6579005363616E20507204
S21403D4C0696D617279204368616E6E656C73206165
S21403D4D06E642075736520496E7374616C6C2043AB
S21403D4E06F6465005363616E205072696D61727973
S21403D4F0204368616E6E656C7320616E642055739D
S21403D500652043656E7472616C697A6564204B6549
S21403D51079005363616E205072696D61727920439E
S21403D52068616E6E656C7320616E6420557365204A
S21403D5304469737472696275746564204B65790017
S21403D5405363616E205365636F6E64617279204323
S21403D55068616E6E656C7320616E642075736520FA
S21403D560436F6E66696775726564204B6579005311
S21403D57063616E205365636F6E64617279204368DE
S21403D580616E6E656C7320616E64207573652049E9
S21403D5906E7374616C6C20436F6465005363616ED5
S21403D5A0205365636F6E64617279204368616E6EA3
S21403D5B0656C7320616E64205573652043656E74D5
S21403D5C072616C697A6564204B6579005363616E9A
S21403D5D0205365636F6E64617279204368616E6E73
S21403D5E0656C7320616E642055736520446973749B
S21403D5F072696275746564204B6579005363616E66
S21403D600205072696D617279204368616E6E656C35
S21403D6107320616E642055736520416C6C204B65E6
S21403D62079732028696E7374616C6C20636F64650C
S21403D6302C2063656E7472616C697A65642C206451
S21403D6406973747269627574656429005363616EE5
S21403D650205365636F6E64617279204368616E6EF2
S21403D660656C7320616E642055736520416C6C2075
S21403D6704B6579732028696E7374616C6C20636FD5
S21403D68064652C2063656E7472616C697A65642CBC
S21403D69020646973747269627574656429004F6ED9
S21403D6A02F4F6666207365742076616C75653A2025
S21403D6B0253032582025303258004552523A2072CF
S21403D6C0656164696E67206F6E2F6F66662025300E
S21403D6D03258004F6E2F6F666620616C7265616408
S21403D6E0792073657420746F206E65772076616C7D
S21403D6F0756500546F67676C65206F6E2F6F66667F
S21403D7002066726F6D202530325820746F202530C6
S21403D7103258004552523A2077726974696E672010
S21403D7206F6E2F6F6666202530325800496E73740D
S21403D730616C6C656420547970652028426173655A
S21403D740293A2020307825303258004361706162D0
S21403D750696C69746965733A202020202020202094
S21403D76020202030782530345800426F6F746C6F59
S21403D770616465722056657273696F6E3A20202065
S21403D7802020307825303458005365637572652041
S21403D790426F6F746C6F61646572204B65793A20D3
S21403D7A0202020202000426F6F746C6F6164696EC6
S21403D7B067206661696C65642100446F776E6C6FE1
S21403D7C06164206661696C65642E0044656C6574EB
S21403D7D0696E67206661696C656420646F776E6C3A
S21403D7E06F61642C207374617475733A20307825E6
S21403D7F030325800496D61676520646F6573206E2B
S21403D8006F7420636F6E7461696E20616E2055704D
S21403D810677261646520496D61676520546167209E
S21403D82028307825303458292E20536B6970706958
S21403D8306E6720757067726164652E004578656350
S21403D8407574696E6720626F6F746C6F61642063B2
S21403D850616C6C6261636B2E005374617274696EE3
S21403D860672045424C207665726966696361746910
S21403D8706F6E0045424C206661696C656420766570
S21403D88072696669636174696F6E2E0045424C2047
S21403D8907061737365642076657269666963617423
S21403D8A0696F6E2E002573696E67204F544120639F
S21403D8B06C69656E74207374617465206D6163684A
S21403D8C0696E650073746F7070004572726F723A9A
S21403D8D0204E6F20696D61676520617420696E64F0
S21403D8E06578202564004E6F7420737570706F72B0
S21403D8F07465642E00436C69656E7420696D616798
S21403D9006520717565727920696E666F004D616E6C
S21403D91075662049443A20202020202020202030ED
S21403D920782530345800496D6167652054797065F1
S21403D9302049443A202020203078253034580043AC
S21403D940757272656E742056657273696F6E3A20CF
S21403D95020307825303858004861726477617265E4
S21403D9602056657273696F6E3A20004E41005175FA
S21403D9706572792044656C6179206D733A202020A6
S21403D980202020202020202020256C640053657250
S21403D99076657220446973636F7665727920446591
S21403D9A06C6179206D733A20256C6400446F776E42
S21403D9B06C6F61642044656C6179206D733A202036
S21403D9C020202020202020256C640052756E2055D0
S21403D9D07067726164652044656C6179206D733A83
S21403D9E0202020202020256C640056657269667905
S21403D9F02044656C6179206D733A20202020202016
S21403DA002020202020256C6400446F776E6C6F61A5
S21403DA1064204572726F72205468726573686F6C07
S21403DA20643A202025640055706772616465205748
S21403DA30616974205468726573686F6C643A202059
S21403DA4020202564004F544120446F776E6772612F
S21403DA506465733A2044697361626C6564004F546D
S21403DA604120446F776E6772616465733A20456E32
S21403DA7061626C656400426F6F746C6F61642073DF
S21403DA80746174653A20257300496E76616C696427
S21403DA90204550202564207768656E207472796966
S21403DAA06E6720746F2073656E64204F5441206D3B
S21403DAB06573736167652E0053656E64696E6720D0
S21403DAC05570677261646520456E64207265717572
S21403DAD06573742E0025733A20696E76616C6964EB
S21403DAE020636D64496420307825303258004572CF
S21403DAF0726F723A20204661696C656420746F20E9
S21403DB0073656E64204F544120636F6D6D616E6460
S21403DB10203078253032582C207374617475733A2C
S21403DB20203078253032580053657276657220753A
S21403DB306E6B6E6F776E2C2066616C6C696E6720F9
S21403DB406261636B20746F20646973636F766572BA
S21403DB50792E004D6178696D756D207175657279E2
S21403DB60206572726F727320686974202825642991
S21403DB702C207374617274696E67207365617263B7
S21403DB806820666F72206E6577204F544120736558
S21403DB90727665722E0A004170706C79696E672022
S21403DBA0757067726164650025733A20696E7661E5
S21403DBB06C6964206F66667365742063757272653C
S21403DBC06E7454696D652830782530385829203EA0
S21403DBD0207570677261646554696D6528307825B1
S21403DBE030385829004F544120436C75737465725E
S21403DBF03A207761697420666F722025642073006B
S21403DC00525865642074696D654F757420307825A5
S21403DC1030385820732C204D41582074696D654F59
S21403DC207574203078253038582073004D61786934
S21403DC306D756D20757067726164652072657175A8
S21403DC4065737473206D61646520282564292077C5
S21403DC506974686F757420726573706F6E73652070
S21403DC6066726F6D207365727665722E00557067E7
S21403DC70726164696E6720616E79776179004F54CB
S21403DC8041205365727669636520646973636F76B2
S21403DC906572792070726576656E746564202D20D2
S21403DCA0616E6F7468657220697320616C7265615A
S21403DCB0647920696E2070726F67726573730046AD
S21403DCC061696C656420746F20696E697469617438
S21403DCD065207365727669636520646973636F761E
S21403DCE06572792E004F54412053657276696365D9
S21403DCF020446973636F7665727920696E2070724B
S21403DD006F677265737300436C69656E742076651E
S21403DD1072696669636174696F6E206661696C65B2
S21403DD20642E005369676E6174757265004375737C
S21403DD30746F6D00706173736564004641494C45AA
S21403DD4044004E6F207369676E6174757265207642
S21403DD506572696669636174696F6E207375707046
S21403DD606F72742C20617373756D696E6720696DAD
S21403DD70616765206973206F6B61792E00257320B8
S21403DD80766572696669636174696F6E2025733A96
S21403DD9020307825303258004D6178696D756D20D6
S21403DDA06E756D626572206F6620646F776E6C6F3A
S21403DDB06164206572726F72732072656163682096
S21403DDC0282564292C2061626F7274696E672E00A1
S21403DDD04F544120436C75737465723A20736574AF
S21403DDE074696E67204945454520616464726573AE
S21403DDF073206F66204F544120636C75737465728D
S21403DE00005061727469616C2066696C6520646F8A
S21403DE10776E6C6F616420666F756E642C20636F1B
S21403DE206E74696E75696E672066726F6D206F66B5
S21403DE30667365742030782530385800466F756EE3
S21403DE40642066756C6C7920646F776E6C6F6164A2
S21403DE5065642066696C6520696E2073746F7261F1
S21403DE606765202876657273696F6E203078253073
S21403DE703858292E00466F756E642066696C6520D7
S21403DE80696E2073746F72616765207769746820A2
S21403DE90646966666572656E742076657273696F0B
S21403DEA06E202830782530385829207468616E2013
S21403DEB063757272656E742076657273696F6E2011
S21403DEC028307825303858290046696C6520696EF5
S21403DED02073746F726167652069732073616D6563
S21403DEE02061732063757272656E742072756E6E30
S21403DEF0696E672076657273696F6E2028307825A1
S21403DF0030385829004E6F20696D61676520666F4B
S21403DF10756E6420696E2073746F726167652E0078
S21403DF204F54412053657276696365204469736371
S21403DF306F7665727920756E626C6F636B656400CD
S21403DF4049676E6F72696E672073657276657220B5
S21403DF5066726F6D206C6F6F706261636B206164B5
S21403DF6064726573730049676E6F72696E672030FB
S21403DF707825303458204F54412073657276657285
S21403DF8020696E20736561726368206F6620544350
S21403DF900053657474696E67204F5441205365724D
S21403DFA076657220746F20307825303458004465C7
S21403DFB06C6179696E67202564207365636F6E6490
S21403DFC073206265666F7265207374617274696E1E
S21403DFD067204F544120636C69656E740054696D05
S21403DFE0656F75742077616974696E6720666F72F2
S21403DFF0206D6573736167652E00426164204F541C
S21403E0004120636F6D6D616E643A2030782530323F
S21403E01058004F544120636F6D6D616E64203078F5
S21403E0202530325820746F6F2073686F72742028FF
S21403E0306C656E202564203C206D696E202564295E
S21403E040004F544120636F6D6D616E642066726F7E
S21403E0506D20756E7265636F676E697A656420738B
S21403E0606572766572203078253034582E20204D20
S21403E07079204F5441207365727665723A20307862
S21403E0802530345800496D616765204E6F746966A4
S21403E0907900476F7420756E657870656374656480
S21403E0A02025732E20205374617274206469736371
S21403E0B06F766572792E0064656661756C74004FC1
S21403E0C054413A206661696C656420746F207365F9
S21403E0D06E6420257320726573706F6E73653A20C5
S21403E0E030782530325800496D616765206E6F744D
S21403E0F069667900476F7420756E6578706563741A
S21403E10065642025732E202049676E6F7265642E22
S21403E110004F54413A2044656661756C74207265FD
S21403E12073706F6E736520666F7220496D616765E5
S21403E130206E6F746966792C20737461747573200E
S21403E14030782530325800496D616765206E6F74EC
S21403E15069667920636F6D6D616E64002573207543
S21403E1606E69636173742C207175657279696E6765
S21403E17000496E76616C69640025732025732070F0
S21403E18061796C6F6164207479706520307825300E
S21403E19032580025732025733A206F7574206F66F6
S21403E1A02072616E6765206A6974746572202564DF
S21403E1B00025732025733A207061796C6F616420A3
S21403E1C06C656E67746820646F65736E2774206D64
S21403E1D0617463682074797065203078253032580E
S21403E1E020282564203C20256429002573202573D8
S21403E1F02064756520746F206E6F6E2D6D61746379
S21403E20068696E67206D616E7566616374757265A5
S21403E2107220494400257320257320647565207495
S21403E2206F206E6F6E2D6D61746368696E6720690B
S21403E2306D616765207479706520494400257320F5
S21403E24025732064756520746F206D617463686937
S21403E2506E67206669726D77617265207665727384
S21403E260696F6E0025732025732C2052782764204F
S21403E2704A69747465722028307825303258292C00
S21403E280205069636B6564204A697474657220283C
S21403E29030782530325829005175657279206E65BD
S21403E2A0787420696D61676520726573706F6E732D
S21403E2B0650025732072657475726E656420307808
S21403E2C0253032582E20204E6F206E657720696DDC
S21403E2D061676520746F20646F776E6C6F61642E60
S21403E2E000257320746F6F2073686F72742028255F
S21403E2F064203C202564290025733A204E65772048
S21403E300696D61676520697320617661696C616216
S21403E3106C6520666F7220646F776E6C6F61642E17
S21403E320002573206973206E6F74207573696E679A
S21403E330206D7920696D61676520696E666F2E00B2
S21403E3404552524F523A204E65787420496D6167A4
S21403E3506520697320746F6F2062696720746F206D
S21403E36073746F72652028307825303858203E2025
S21403E37030782530385829002573207265747572F5
S21403E3806E65642073616D652046696C65566572BB
S21403E39073696F6E2061732063757272656E746C39
S21403E3A07920696E7374616C6C65642E004F5441FA
S21403E3B020446F776E677261646573204469736186
S21403E3C0626C65643A2046696C6556657273696F5C
S21403E3D06E20626568696E642063757272656E741A
S21403E3E020696E7374616C6C6174696F6E0053742C
S21403E3F0617274696E6720646F776E6C6F61642CEC
S21403E4002056657273696F6E203078253038580051
S21403E4104572726F723A204661696C656420746F48
S21403E4202064656C65746520696D6167652E0045BB
S21403E43072726F723A204661696C656420746F204D
S21403E4406572617365206F6C642074656D702064FB
S21403E4506174612E00496D61676520626C6F636B42
S21403E46020726573706F6E7365004F54413A20498E
S21403E4706D616765426C6F636B5265706F6E736533
S21403E48020636F6E7461696E7320696E76616C6962
S21403E49064206F7220696E636F6D706C657465209F
S21403E4A064617461005570646174696E67204D69B8
S21403E4B06E20426C6F636B205265717565737420B2
S21403E4C0506572696F6420746F202564206D730035
S21403E4D0446F776E6C6F61642064656C617920624B
S21403E4E07920736572766572202564206D73004407
S21403E4F06F776E6C6F61642061626F7274656420FF
S21403E5006279207365727665722E0053657276653E
S21403E5107220646F65736E277420737570706F72E4
S21403E52074207061676520726571756573742C203D
S21403E5306F6E6C79207573696E6720626C6F636BA0
S21403E54020726571756573742E00536572766572F5
S21403E5502072657475726E65642027756E737570A8
S21403E560706F7274656420636C7573746572206370
S21403E5706F6D6D616E64272E00556E6B6E6F776ED2
S21403E5802025732073746174757320636F6465202C
S21403E5903078253032580025732068617320646113
S21403E5A074612073697A65202825642920736D6158
S21403E5B06C6C6572207468616E2061637475616C3F
S21403E5C0207061636B65742073697A6520282564FF
S21403E5D0292E002573206572726F723A2045787073
S21403E5E06563746564206F6666736574203078258A
S21403E5F03038582C2062757420676F742030782565
S21403E6003038582E202049676E6F72696E67002572
S21403E6107320696E666F20646964206E6F74206D64
S21403E62061746368206D79206578706563746564CA
S21403E63020696E666F2E202044726F7070696E6755
S21403E6402E004661696C656420746F207772697466
S21403E6506520746F2073746F7261676520646576D6
S21403E6606963652100446F776E6C6F616400557053
S21403E670677261646520656E6420726573706F6E81
S21403E6807365005365727665722061626F72746596
S21403E6906420757067726164652C20737461747589
S21403E6A0733A20307825303258004572726F723ACA
S21403E6B02025732068616420696E76616C69642026
S21403E6C025733A200066696C652076657273696FF8
S21403E6D06E00416464696E67202564206D732E2086
S21403E6E064656C617920666F7220696D6D65646917
S21403E6F061746520757067726164652E00436F757B
S21403E7006E74646F776E20746F20757067726164C1
S21403E710653A202564206D73002053746174653A4E
S21403E7202020202573002057616974696E67206670
S21403E7306F7220726573706F6E73653A202573006F
S21403E740204E657874204576656E742054696D6531
S21403E750723A202564206D73002043757272656ECD
S21403E7607420446F776E6C6F6164204F66667365C2
S21403E770743A2030782530385820282564252529F2
S21403E7800025733A206661696C6564207061727354
S21403E790696E67204F544120636D642030782530BE
S21403E7A03258004F54412044656661756C7420727C
S21403E7B06573706F6E736520746F20636F6D6D6124
S21403E7C06E64204944203078253032582C207374E8
S21403E7D0617475732030782530325800496D61674F
S21403E7E06520626C6F636B20726571756573742048
S21403E7F074657374206F6E6C7920776F726B7320F9
S21403E8007768656E20737461746520697320424F60
S21403E8104F544C4F41445F53544154455F4E4F4E03
S21403E820450052616E646F6D2044656C61792062A9
S21403E83065666F72652073746172740044697363EE
S21403E8406F766572696E67204F5441205365727602
S21403E850657200476574204F544120536572766590
S21403E8607220455549004F627461696E206C696E6B
S21403E8706B206B6579005175657279696E67204EFA
S21403E88065787420496D61676500446F776E6C6FB9
S21403E8906164696E6720496D6167650056657269D4
S21403E8A06679696E6720496D6167650057616974AB
S21403E8B0696E6720666F72205570677261646520A3
S21403E8C06D65737361676500436F756E74646F7708
S21403E8D06E20746F205570677261646500576169B6
S21403E8E074696E6720746F20757067726164652043
S21403E8F0766961206F75742D6F662D62616E642074
S21403E9006D656368616E69736D0025733A202564CF
S21403E910252520636F6D706C65746500496D6167AE
S21403E920652025640020204552524F523A20436FFB
S21403E930756C64206E6F74206765742066756C6CE6
S21403E94020686561646572210020204865616465FE
S21403E950722056657273696F6E3A203078253034AC
S21403E96058002020486561646572204C656E6774A4
S21403E970683A202025642062797465730020204657
S21403E98069656C6420436F6E74726F6C3A20203036
S21403E99078253034580020204D616E756620494432
S21403E9A03A2020202020202030782530345800209C
S21403E9B020496D61676520547970653A20202020D0
S21403E9C02030782530345800202056657273696FDE
S21403E9D06E3A2020202020202020307825303858FA
S21403E9E00020205A69676265652056657273696FF1
S21403E9F06E3A20307825303458002020486561640C
S21403EA00657220537472696E673A2020257300205E
S21403EA1020496D6167652053697A653A2020202076
S21403EA2020256C6420627974657300202053656327
S21403EA30757269747920437265643A2020307825AC
S21403EA403032580020205570677261646520446533
S21403EA5073743A2020200020204D696E2E204857DC
S21403EA60205665723A20202020307825303458000E
S21403EA7020204D61782E204857205665723A202074
S21403EA802020307825303458002020546F74616C71
S21403EA9020546167733A20256400202020205461A7
S21403EAA0673A203078253034580020202020202054
S21403EAB04C656E6774683A20256C64004572726F05
S21403EAC0723A20436F756C64206E6F74206F6274A5
S21403EAD061696E2074616720696E666F2066726F67
S21403EAE06D20696D6167652E000A256420696D6176
S21403EAF067657320696E204F54412073746F72618B
S21403EB0067652E00496D6167652064656C6574658D
S21403EB1025732E004572726F723A2020436F756C10
S21403EB2064206E6F74207265616420626C6F636B21
S21403EB303A203078253032582E0A005374617274A6
S21403EB40696E672065726173652066726F6D206FEC
S21403EB5066667365742030782530385820746F20C5
S21403EB6030782530385800436F756C64206E6F74A8
S21403EB702073746172742045524153452120283016
S21403EB8078253032582900454550524F4D2045725E
S21403EB9061736520636F6D706C657465002F686FB5
S21403EBA06D652F72756E6E65722F776F726B2F742D
S21403EBB07579612D7A69676265652D737769746304
S21403EBC0682F747579612D7A69676265652D737729
S21403EBD0697463682F73696C6162735F746F6F6CBB
S21403EBE0732F73696D706C69636974795F73646B93
S21403EBF02F70726F746F636F6C2F7A6967626565C7
S21403EC002F6170702F6672616D65776F726B2F70F0
S21403EC106C7567696E2F6F74612D73746F7261679D
S21403EC20652D73696D706C652D656570726F6D2FDC
S21403EC306F74612D73746F726167652D656570728D
S21403EC406F6D2D706167652D65726173652E630048
S21403EC502F686F6D652F72756E6E65722F776F7284
S21403EC606B2F747579612D7A69676265652D737785
S21403EC70697463682F747579612D7A69676265654F
S21403EC802D7377697463682F73696C6162735F743D
S21403EC906F6F6C732F73696D706C69636974795FDA
S21403ECA073646B2F70726F746F636F6C2F7A696700
S21403ECB06265652F6170702F6672616D65776F721E
S21403ECC06B2F706C7567696E2F6F74612D73746F1D
S21403ECD0726167652D73696D706C652D65657072FD
S21403ECE06F6D2F6F74612D73746F726167652D6519
S21403ECF06570726F6D2E63004F54412053696D70BB
S21403ED006C652053746F7261676520454550524F9A
S21403ED104D207761726E696E673A20636F756C6417
S21403ED20206E6F742067657420736C6F7420696E31
S21403ED30666F20666F7220736C6F742025642028BC
S21403ED406572726F7220307825303258292E20442F
S21403ED50656661756C74696E6720746F2073706581
S21403ED606369666965642061646472657373206FA2
S21403ED706666736574730053746F726167652044C7
S21403ED8072697665723A20202020202020202020D9
S21403ED902020204F54412053696D706C65205374B6
S21403EDA06F7261676520454550524F4D20506C7514
S21403EDB067696E0052656164204D6F6469667920E9
S21403EDC0577269746520537570706F72743A202099
S21403EDD06E6F00534F4320426F6F746C6F616469AC
S21403EDE06E6720537570706F72743A2020202079F6
S21403EDF0657300426F6F746C6F6164657220537441
S21403EE006F7261676520537570706F72743A205520
S21403EE10736520666972737420736C6F7400536C29
S21403EE206F7420746F207573653A2020202020208D
S21403EE3020202020202020202020256400437572D7
S21403EE4072656E7420446F776E6C6F6164204F66D4
S21403EE50667365743A2020202030782530385800B1
S21403EE6045424C205374617274204F666673657412
S21403EE703A202020202020202020202030782530F3
S21403EE80385800454550524F4D2053746172743ABA
S21403EE90202020202020202020202020202020305A
S21403EEA0782530385800454550524F4D20456E64FE
S21403EEB03A20202020202020202020202020202030
S21403EEC0202030782530385800496D616765204921
S21403EED06E666F2053746172743A202020202020BF
S21403EEE0202020202030782530385800536176655E
S21403EEF02052617465202862797465732920202066
S21403EF002020202020202020307825303858004F1D
S21403EF106666736574206F6620646F776E6C6F61C8
S21403EF2064206F6666736574202020307825303839
S21403EF3058004F6666736574206F662045424C2002
S21403EF406F66667365743A20202020202020307870
S21403EF5025303858004F6666736574206F662069DF
S21403EF606D6167652073746172743A2020202020D7
S21403EF702030782530385800736C5F7A696762658D
S21403EF80655F61665F6F74615F73746F72616765F7
S21403EF905F6472697665725F726561645F63622837
S21403EFA029206661696C65642100426164206D6195
S21403EFB0676963206E756D62657220696E20666987
S21403EFC06C653A2030782530325820307825303238
S21403EFD05820307825303258203078253032580083
S21403EFE04261642076657273696F6E20696E20666F
S21403EFF0696C6520307825303458004572726F721C
S21403F0003A2072656164416E6456616C696461742A
S21403F0106553746F726564496D616765282920744A
S21403F0207269656420746F2072656164206D6F7207
S21403F030652064617461207468616E20697420635E
S21403F0406F756C6420686F6C642E00736C5F7A69EE
S21403F050676265655F61665F6F74615F73746F7225
S21403F0606167655F6472697665725F726561645F26
S21403F07063622829204641494C454421004C61736C
S21403F08074206F666673657420646F776E6C6F6149
S21403F0906465643A203078253038580053746F72AC
S21403F0A0616765204D6F64756C653A204F54412047
S21403F0B053696D706C652053746F72616765205079
S21403F0C06C7567696E00496D616765732053746F6D
S21403F0D07265643A20202564206F6620310A002575
S21403F0E03032583A006570202530325820636C75EC
S21403F0F073202530345820617474722025303458B8
S21403F1002073767220256300206D666720253032D3
S21403F1105800207265706F7274206D696E202530FA
S21403F1203458206D61782025303458207270742D41
S21403F13063686720253038580020726563656976F2
S21403F140652066726F6D2025303458206570202543
S21403F1503032582074696D656F75742025303458C5
S21403F16000636C6561720072656D6F766500636C33
S21403F170656172696E67206C617374207265706F67
S21403F18072742074696D65206F6620616C6C2061F3
S21403F1907474726962757465730074657374696EEA
S21403F1A0672074696D696E67206F66207661726981
S21403F1B06F7573207265706F7274696E67206F70F7
S21403F1C065726174696F6E73002D2D2D2D2D2D2D97
S21403F1D02D2D2D2D2D2D2D2D2D2D2D2D2D2D2D2D57
S21403F1E02D2D2D2D2D2D2D2D2D2D2D2D2D2D2D2D47
S21403F1F02D2D2D2D2D2D2D2D002D2D7461626C653D
S21403F200207265616473202D2066756C6C207461B2
S21403F210626C652D2D00726573756C74203D202518
S21403F22064206D73002D2D696E6974202F2073631F
S21403F230686564756C65207469636B2D2D2D002DD0
S21403F2402D6C6F616420636F6E6669677572617497
S21403F250696F6E2064656661756C74732D2D002F5F
S21403F260686F6D652F72756E6E65722F776F726B32
S21403F2702F747579612D7A69676265652D73776971
S21403F2807463682F747579612D7A69676265652D75
S21403F2907377697463682F73696C6162735F746FE5
S21403F2A06F6C732F73696D706C69636974795F73C0
S21403F2B0646B2F70726F746F636F6C2F7A696762FB
S21403F2C065652F6170702F6672616D65776F726BFF
S21403F2D02F706C7567696E2F7265706F7274696EC6
S21403F2E0672F7265706F7274696E672E630052457E
S21403F2F041445F5250545F43464700726561645F02
S21403F3007265706F7274696E675F636F6E66696746
S21403F31075726174696F6E005265706F7274696E90
S21403F320673A206661696C656420746F2073656E46
S21403F3306420257320726573706F6E73653A203090
S21403F3407825303258004552523A20726561646916
S21403F3506E6720636C75737465722030782530345D
S21403F360582061747472696275746520307825302C
S21403F37034583A20307825303258004552523A20D5
S21403F3807265706F7274696E67206F66204C4F4E9D
S21403F3904720737472696E6720617474726962754C
S21403F3A074652074797065206E6F74207375707041
S21403F3B06F727465643A20636C757374657220307B
S21403F3C078253034582061747472696275746520C8
S21403F3D0307825303458005265706F7274696E67E2
S21403F3E020456E7472792046756C6C202D206372EE
S21403F3F0656174696E67206E6577207265706F72DB
S21403F40074004346475F52505400202D20646972AF
S21403F410656374696F6E3A253032582C20617474B4
S21403F420723A2530345800202020747970653A25C6
S21403F4303032582C206D696E3A253034582C206DA6
S21403F44061783A25303458002020206368616E675F
S21403F450653A0020202074696D656F75743A25300F
S21403F460345800636F6E6669677572655F726570A0
S21403F4706F7274696E67002054434C4B207570643A
S21403F48061746520616C726561647920696E2070B1
S21403F490726F6772657373004D616E75616C20548D
S21403F4A0434C4B20757064617465206661696C65B6
S21403F4B0642E2573005374617274696E67207570C9
S21403F4C0646174652074727573742063656E746505
S21403F4D072206C696E6B206B65792070726F636542
S21403F4E0737300557064617465205443204C696ED1
S21403F4F06B204B657900204E6577206B6579206518
S21403F500737461626C69736865643A00204572724D
S21403F5106F723A00506172746E65723A20005A43F5
S21403F5204C20676C6F62616C20636C7573746572D4
S21403F53020636F6D6D616E647300646972656374D6
S21403F540696F6E00646973632D636F6D2D67656EF7
S21403F55000646973632D636F6D2D72656300657850
S21403F560706563742D7265706F72742D66726F6D3D
S21403F5702D6D6500757772697465006E77726974B0
S21403F58065007265706F72742D72656164007365D1
S21403F5906E642D6D652D612D7265706F72740043F8
S21403F5A0726561746573206120676C6F62616C209D
S21403F5B0646973636F76657220636F6D6D616E64E5
S21403F5C020666F7220746865206173736F63696168
S21403F5D07465642076616C7565732E00636C757351
S21403F5E074657249641F61747472696275746549DF
S21403F5F0641F6D61784E756D626572546F526570E7
S21403F6006F72741F004372656174657320612067AF
S21403F6106C6F62616C2073656E64206D652061207B
S21403F6207265706F727420636F6D6D616E642066B1
S21403F6306F7220746865206173736F6369617465A4
S21403F640642076616C7565732E00636C75737465E0
S21403F6507249641F61747472696275746549641FC4
S21403F66064617461547970651F6D696E5265706F5D
S21403F670727454696D651F6D61785265706F72742C
S21403F68054696D651F7265706F727461626C654351
S21403F69068616E67651F00437265617465732061F8
S21403F6A020676C6F62616C2072656164207265709E
S21403F6B06F7274696E6720636F6D6D616E6420662A
S21403F6C06F7220746865206173736F636961746514
S21403F6D06420636C75737465722C2061747472692C
S21403F6E06275746520616E64207365727665722F29
S21403F6F0636C69656E7420646972656374696F6EA2
S21403F7002E00636C757374657249641F617474723A
S21403F710696275746549641F646972656374696FA9
S21403F7206E1F00476C6F62616C207265706F727437
S21403F730696E6720636F6D6D616E6400656E6470DD
S21403F7406F696E741F636C757374657249641F61A9
S21403F750747472696275746549641F6D61736B1F97
S21403F7600043726561746573206120676C6F626124
S21403F7706C207265616420636F6D6D616E64206DCD
S21403F78065737361676520746F20726561642066B4
S21403F790726F6D2074686520636C75737465722070
S21403F7A0616E642061747472696275746520737027
S21403F7B0656369666965642E00636C757374657248
S21403F7C049641F61747472696275746549641F00C5
S21403F7D043726561746573206120676C6F62616C48
S21403F7E020777269746520636F6D6D616E64206D3A
S21403F7F065737361676520746F207772697465201B
S21403F800746F2074686520636C7573746572206109
S21403F8106E642061747472696275746520737065B2
S21403F82063696669656400636C75737465724964BD
S21403F8301F61747472696275746549641F747970A4
S21403F840651F646174611F0043726561746520619E
S21403F850206578706563742D7265706F72742D669B
S21403F860726F6D2D6D65206D6573736167652077A7
S21403F870697468206173736F636961746564207665
S21403F880616C7565732E00636C7573746572496479
S21403F8901F61747472696275746549641F74696D57
S21403F8A0656F75741F00437265617465206120443B
S21403F8B06973636F76657220436F6D6D616E6473F3
S21403F8C02047656E65726174656420636F6D6D6154
S21403F8D06E642077697468206173736F63696174FB
S21403F8E065642076616C7565732E00636C7573743E
S21403F8F0657249641F7374617274436F6D6D616ED4
S21403F9006449641F6D6178436F6D6D616E6449640D
S21403F9101F00536574732074686520646972656399
S21403F92074696F6E20666F7220676C6F62616C20FD
S21403F930636F6D6D616E64732C20656974686572A0
S21403F94020636C69656E7420746F207365727665C8
S21403F95072206F722073657276657220746F2063EF
S21403F9606C69656E742E0053657473206120666C33
S21403F970616720736F207468617420746865206102
S21403F98070706C69636174696F6E206672616D6511
S21403F990776F726B2057494C4C204E4F542072653C
S21403F9A073706F6E6420746F20746865206E65785C
S21403F9B074205A434C206D657373616765207468C1
S21403F9C0617420636F6D657320696E206F76657250
S21403F9D020746865206169722E0053657473206114
S21403F9E020666C616720736F207468617420746886
S21403F9F065206170706C69636174696F6E206672EE
S21403FA00616D65776F726B2057494C4C2072657336
S21403FA10706F6E6420746F20746865206E657874EA
S21403FA20205A434C206D6573736167652074686163
S21403FA307420636F6D657320696E206F7665722020
S21403FA40746865206169722E005365747320746848
S21403FA50652044697361626C652044656661756CF4
S21403FA607420526573706F6E7365204672616D65A0
S21403FA7020436F6E74726F6C2062697420746F20FB
S21403FA8075736520666F7220746865206E6578747A
S21403FA9020636F6D6D616E642069662074686520EF
S21403FAA0636F6D6D616E64206973206E6F74206181
S21403FAB06C7265616479206275696C742E00646982
S21403FAC07361626C6544656661756C7452657370C8
S21403FAD06F6E73651F0053657473207468652066C4
S21403FAE06C616720746F2075736520746865206980
S21403FAF06E6372656D656E74656420736571756596
S21403FB006E6365206E756D6265722066726F6D201A
S21403FB10746865206672616D65776F726B20666FB9
S21403FB207220746865206E6578742072617720632E
S21403FB306F6D6D616E642E007573654E65787453D4
S21403FB40657175656E63651F00436C6920636F6D31
S21403FB506D616E6420746F2063616C6C20736C5FE0
S21403FB607A69676265655F61665F7365745F74690A
S21403FB706D652066756E6374696F6E20646F63755A
S21403FB806D656E74656420696E2061662E68007507
S21403FB90746354696D651F005365747320746865D8
S21403FBA02074776F2062797465206D616E75666167
S21403FBB06374757265722073706563696669632022
S21403FBC06964656E74696669657220746F207573FF
S21403FBD06520666F7220746865206E65787420638E
S21403FBE06F6D6D616E642069662074686520636F4F
S21403FBF06D6D616E64206973206E6F7420616C7224
S21403FC0065616479206275696C742E006D6667534E
S21403FC107065636966696349641F006E6F742000CC
S21403FC20534C5F5354415455535F4E4554574F52AC
S21403FC304B5F555020307825303458005472757316
S21403FC40742043656E746572204555492068617358
S21403FC502025736368616E6765642E00534C5F539B
S21403FC6054415455535F4E4554574F524B5F444F80
S21403FC70574E00534C5F5354415455535F4E4F54A5
S21403FC805F4A4F494E454400534C5F5354415455C5
S21403FC90535F5A49474245455F4E4554574F524B6B
S21403FCA05F4F50454E45443A2025642073656300F4
S21403FCB0534C5F5354415455535F5A494742454545
S21403FCC05F4E4554574F524B5F434C4F534544008A
S21403FCD025733A20257300646973747269627574B8
S21403FCE065640063656E7472616C697A6564004668
S21403FCF06F726D002573696E67206F6E20636820D0
S21403FD0025642C2070616E49642030782530345881
S21403FD10004572726F723A204465766963652064A3
S21403FD206F6573206E6F7420737570706F727420B6
S21403FD302573206E6574776F726B20666F726D61C4
S21403FD4074696F6E004A6F696E00496E76616C69FE
S21403FD50642053656375726974792050726F66699F
S21403FD606C653A2030782530325800704A6F696ED9
S21403FD7020666F72202564207365633A20307825E9
S21403FD80303258004C696D6974696E672064757209
S21403FD906174696F6E206F66207065726D6974207A
S21403FDA06A6F696E2066726F6D20666F7265766520
S21403FDB07220283235352920746F203235340052AC
S21403FDC0583A205A444F2C20636F6D6D616E642041
S21403FDD03078253034582C207374617475733A2048
S21403FDE03078253032580053696D706C6500525870
S21403FDF03A20257320446573632052657370004D63
S21403FE0061746368002C204D6174636865733A20DF
S21403FE1025640044657669636520416E6E6F756E72
S21403FE2063653A203078253034580052583A2049D2
S21403FE30454545204164647265737320526573704B
S21403FE406F6E73650052583A204163746976652075
S21403FE50455020526573706F6E73652C20436F7523
S21403FE606E743A202564004E6F6465002C204D6145
S21403FE7074636865733A2030782530345800737499
S21403FE8061636B207665722E205B25642E25642EB7
S21403FE90256400202573206275696C642025645DE3
S21403FEA0005A444F00534500484100436C75737431
S21403FEB0657200476C6F62616C002573747820303E
S21403FEC078253038582C200050726F66696C653A76
S21403FED02025732028307825303458292C20436C6D
S21403FEE075737465723A203078253034582C202583
S21403FEF0642062797465732C00205A434C20257362
S21403FF0020436D642049443A202564005072652DD1
S21403FF1052656C6561736500416C706861203100E1
S21403FF20416C706861203200416C70686120330058
S21403FF304265746120310042657461203200426577
S21403FF407461203300474100526573657420696EFF
S21403FF50666F3A20307825303258202825732900DA
S21403FF6064656C6574652062696E64696E673A20C1
S21403FF702530325820253032580001020304050686
S21403FF800708090A0B0C0001010101010101010127
S21403FF90010101005752495445204552523A200068
S21403FFA025736570202530325820636C75732025C1
S21403FFB030345820617474722025303458206E6FA4
S21403FFC07420737570706F72746564002573696E40
S21403FFD076616C696420646174612074797065006D
S21403FFE0257361747472206E6F74207772697461FE
S21403FFF0626C650057524954453A206E6F207772FB
S2140400006974652C206A7573742061207465737432
S21404001000524541443A206174747269627574658D
S2140400202073697A6520746F6F206C61726765202F
S214040030666F722063616C6C657200636C6E74002C
S2140400407372767200525700524F00202052414D70
S21404005020200020746F6B656E20006578746572CE
S2140400606E2000454E44504F494E54202530325899
S21404007000636C7573202F2073696465202F2061DC
S214040080747472202F206D666720202F7479706533
S214040090286C656E292F207277202F2073746F7258
S2140400A0616765202F206461746120287261772956
S2140400B00025303458202F202573202F2025303457
S2140400C058202F2000202F20253032582028253075
S2140400D0325829202F202573202F202573202F20E7
S2140400E000556E737570706F72746564004F54417A
S2140400F020524541443A2065703A253032582063F0
S21404010069643A253034582061747469643A253039
S2140401103458206D736B3A25303258206D66636F01
S21404012064653A2530345800524541443A20636C9D
S214040130757320253034582C206174747220253051
S2140401403458206661696C65642025303258005244
S2140401504541443A20636C757320253034582C206E
S2140401606174747220253034582C20646174614C98
S214040170656E3A20253032582C204F4B00282563D4
S2140401802925303258253032582530325825303219
S21404019058253032582530325825303258253032DA
S2140401A0580064697361626C65002573642C20646E
S2140401B0726F7070696E67206570203078253032F3
S2140401C05820636C75732030782530345820636D5E
S2140401D064203078253032580047656E6572617445
S2140401E06564005265636569766564004469736393
S2140401F06F76657220436F6D6D616E6473207265F1
S21404020073706F6E73652028636F6D706C657465AC
S2140402103A202563292C202573204944733A20006C
S21404022030782530325820005F45585400524541F6
S214040230445F415454520057524954453A20636C23
S2140402407573202530345820617474722025303438
S2140402505820004641494C20253032580057524910
S21404026054453A20746F6F2073686F727400444963
S21404027053435F4154545200257325733A20636CEC
S21404028075732025303458005376632044697363AD
S2140402903A2000257357616974696E6720256420C7
S2140402A073656320666F7220646973636F76657224
S2140402B07920746F20636F6D706C65746500537479
S2140402C061746520636F72726573706F6E64696EB5
S2140402D06720746F20746865207468652072657181
S2140402E075657374206E6F7420666F756E640A008D
S2140402F02573636F6D706C6574652E0A00257353E1
S21404030065727669636520446973636F766572798E
S214040310205374617465206C696D6974732072650A
S21404032061636865640A002573496C6C6567616C73
S2140403302062726F616463617374206164647265C1
S21404034073732C2072656D617070696E6720746FAC
S2140403502076616C6964206F6E652E002573466195
S214040360696C656420746F2073656E64206D6174B7
S214040370636820646973636F766572793A203078AF
S214040380253032580025735374617274696E672081
S214040390646973636F7665727920666F7220636C26
S2140403A0757374657220307825303458002573468A
S2140403B061696C656420746F2073656E642073696C
S2140403C06D706C652064657363726970746F7220F7
S2140403D0726571756573743A20307825303258002A
S2140403E025734661696C656420746F2073656E645A
S2140403F020494545452061646472657373207265BF
S21404040071756573743A2030782530325800257338
S2140404104661696C656420746F2073656E64204E53
S214040420574B2061646472657373207265717565D9
S21404043073743A20307825303258004572726F72E1
S2140404403A202573206261642073696D706C6520A0
S21404045064657363726970746F72206C656E67741A
S214040460682E0025734D65737361676520746F6F1E
S2140404702073686F72740025734D657373616765C6
S21404048020746F6F2073686F727420666F72206EAC
S214040490756D2E20656E64706F696E7473002573B7
S2140404A04D61746368257320666F756E642066728A
S2140404B06F6D203078253034582E004572726F7276
S2140404C03A20257320696E76616C6964206C656ECB
S2140404D06774682028256420213D20256429206629
S2140404E06F722041637469766520456E64706F6927
S2140404F06E7420726573706F6E7365002573676F14
S2140405007420616374697665204550207265737043
S2140405106F6E7365005554432074696D653A2025E3
S214040520642F25642F25642025643A25643A2564BF
S214040530202825303858290028556E6B6E6F776E44
S21404054020636C75732E205B3078253034585D2913
S214040550000D0A54253038583A005258206C656EFF
S2140405602025642C20657020253032582C20636C9E
S2140405707573203078253034582000206D6667491E
S2140405806420253034580020464320253032582035
S214040590736571202530325820636D64202530320F
S2140405A058207061796C6F61645B004261736963A3
S2140405B0004F766572207468652041697220426F28
S2140405C06F746C6F6164696E67002573525820708F
S2140405D06B7420746F6F2073686F72743A2025648E
S2140405E0203C202564002573525820706B74206DBF
S2140405F0616C666F726D65643A202564203C202524
S214040600640020204861766520526F7574657220F8
S214040610537570706F7274002020456E64204465B4
S21404062076696365204F6E6C79002020456E6162A2
S2140406306C656400202044697361626C65640045DF
S21404064072726F722072657472696576696E67205D
S214040650696E666F20666F72206C69627261727969
S214040660204944202564002573206C6962726172F7
S2140406707925732070726573656E74005A696762B3
S21404068065652050726F0042696E64696E67005338
S2140406906563757269747920436F72650053656388
S2140406A07572697479204C696E6B204B657973009A
S2140406B043424B45203136334B310043424B4520B1
S2140406C0445341205369676E004543430043424BFD
S2140406D0452044534120566572696679005061632B
S2140406E06B65742056616C6964617465005A4C4C81
S2140406F00043424B45203238334B310045434320B8
S2140407003238334B310043424B4520636F726500E9
S2140407104E4350004D756C7469206E6574776F7225
S2140407206B00456E68616E63656420426561636F45
S2140407306E205265710043424B45203238334B31AC
S2140407402044534120566572696679004D756C7471
S214040750692D50414E002F686F6D652F72756E6E51
S21404076065722F776F726B2F747579612D7A69674E
S2140407706265652D7377697463682F747579612D66
S2140407807A69676265652D7377697463682F736920
S2140407906C6162735F746F6F6C732F73696D706CCA
S2140407A069636974795F73646B2F70726F746F63B7
S2140407B06F6C2F7A69676265652F737461636B2F3C
S2140407C0636F6E6669672F736C5F7A6967626565C7
S2140407D05F636F6E66696775726174696F6E2E63A8
S2140407E0002F686F6D652F72756E6E65722F776F4A
S2140407F0726B2F747579612D7A69676265652D73DE
S21404080077697463682F747579612D7A6967626590
S214040810652D7377697463682F73696C6162735F9F
S214040820746F6F6C732F73696D706C696369747918
S2140408305F73646B2F70726F746F636F6C2F7A695B
S214040840676265652F737461636B2F6672616D658D
S214040850776F726B2F6165732D6563622E63002F4D
S214040860686F6D652F72756E6E65722F776F726B1B
S2140408702F747579612D7A69676265652D7377695A
S2140408807463682F747579612D7A69676265652D5E
S2140408907377697463682F73696C6162735F746FCE
S2140408A06F6C732F73696D706C69636974795F73A9
S2140408B0646B2F70726F746F636F6C2F7A696762E4
S2140408C065652F737461636B2F73656375726974E2
S2140408D0792F7A69676265652D73656375726974C5
S2140408E0792D6D616E616765722D6E6F2D766175FB
S2140408F06C742E63004572726F723A2020466169EA
S2140409006C656420746F20726561642066726F6D16
S21404091020454550524F4D20617420307825345878
S2140409202C207374617475733A2025640045455011
S214040930524F4D20496E697469616C697A65643AF0
S21404094020256300454550524F4D20427573793A31
S214040950202563005061727469616C20576F72645D
S2140409602053746F7261676520436F756E743A2006
S214040970256400416464726573733A2030782534C4
S214040980582C205061727469616C20576F72643AF7
S214040990203078255800636F6E6669726D65640052
S2140409A0617373756D6564000A454550524F4D205A
S2140409B0496E666F004E6F7420617661696C616281
S2140409C06C6520286F6C64657220626F6F746C6F40
S2140409D061646572290050617274204465736372A1
S2140409E0697074696F6E3A20202020202020202011
S2140409F0202573004361706162696C69746965736C
S214040A003A202020202020202020202020202030B3
S214040A1078253258005061676520457261736520F9
S214040A2074696D65202873293A202020202020250B
S214040A306400506172742045726173652074696D38
S214040A4065202873293A2020202020202564005081
S214040A506172742045726173652074696D6520281F
S214040A606D73293A202020202020256400506167D9
S214040A70652073697A6520286279746573293A203B
S214040A802020202020202020256C00506172742015
S214040A9073697A6520286279746573293A20202060
S214040AA0202020202020256C00576F726420736954
S214040AB07A6520286279746573293A2020202020DC
S214040AC020202020256420282570290045455052E2
S214040AD04F4D20696E69743A2030782558002F6887
S214040AE06F6D652F72756E6E65722F776F726B2FD2
S214040AF0747579612D7A69676265652D7377697493
S214040B0063682F747579612D7A69676265652D73DC
S214040B1077697463682F73696C6162735F746F6F4F
S214040B206C732F73696D706C69636974795F736431
S214040B306B2F7574696C2F706C7567696E2F706C8B
S214040B407567696E2D636F6D6D6F6E2F6565707258
S214040B506F6D2F656570726F6D2E6300556E6162E2
S214040B606C6520746F20626F6F7420696D616765B1
S214040B7020617420736C6F7420256C640A00536CB7
S214040B806F74204D616E61676572206661696C657D
S214040B906420746F20657261736520736C6F740AC9
S214040BA0004D61782072656164206C696D697420FB
S214040BB073657420746F2025642062797465730AE3
S214040BC00041646472657373202020202020202056
S214040BD02020446174610A00307825346C78202023
S214040BE02020202020307825780A004661696C652C
S214040BF06420746F20726561642066726F6D20666F
S214040C006C6173680A00536C6F7420256C640A2048
S214040C10204164647265737320202020203A2030BB
S214040C207825346C580A20204C656E67746820203A
S214040C30202020203A20307825346C582028256C33
S214040C4064206279746573290A00202054797065DB
S214040C5020202020202020203A20004E6F204742CB
S214040C604C2070726573656E740A005A6967426533
S214040C70650A005468726561640A00436F6E6E65A7
S214040C8063740A00426C7565746F6F74680A004278
S214040C906C7565746F6F7468206170706C696361DD
S214040CA074696F6E0A004D43550A004F7468657286
S214040CB020283078256C58290A002020566572733F
S214040CC0696F6E20202020203A203078256C580A40
S214040CD00020204361706162696C69746965733AC7
S214040CE020307825346C580A00202050726F6475C2
S214040CF0637420494420203A200030782558200088
S214040D00536C6F74204D616E616765723A2066613C
S214040D10696C656420746F20696E697469616C69B6
S214040D207A6520626F6F746C6F61646572202865E3
S214040D3072726F72203078253478290A00566572EC
S214040D4073696F6E20202020203A2025640A005004
S214040D5061727420202020202020203A2025730A47
S214040D60004361706162696C69746965733A203026
S214040D707825780A00506172742073697A65202099
S214040D80203A20256420420A005061676520736972
S214040D907A652020203A20256420420A00576F7284
S214040DA0642073697A652020203A20256420420A4C
S214040DB000536C6F7473202020202020203A2025B6
S214040DC0640A004661696C656420746F207265610C
S214040DD0642066726F6D2073746F72616765206637
S214040DE06C61736820286572726F72202564290A04
S214040DF000496E76616C696420736C6F7420256498
S214040E0020286D617820736C6F74202564290A008D
S214040E104661696C656420746F2067657420696E2A
S214040E20666F20666F7220736C6F742025640A00E8
S214040E30536C6F74204D616E616765723A20736CF3
S214040E406F74207772697465206661696C75726563
S214040E502E2041646472657373206F6666736574CE
S214040E602028256429202B207772697465206C65F8
S214040E706E67746820282564292067726561746526
S214040E8072207468616E20746F74616C20736C6F6A
S214040E9074206C656E67746820282564290A0053DC
S214040EA06C6F74204D616E61676572207761726E37
S214040EB0696E673A20736C6F74202564206C656EC7
S214040EC06774682028256429206E6F7420616C6915
S214040ED0676E656420746F20706167652073697A35
S214040EE06520282564292E2054686520656E74695B
S214040EF0726520736C6F742077696C6C206E6F74E7
S214040F00206265206572617365642E0A00536C6FF7
S214040F1074204D616E616765723A206661696C651E
S214040F206420746F2065726173652025642062797D
S214040F3074657320696E20736C6F74202564206159
S214040F407420616464726573732030782534782065
S214040F50286572726F722030782578290A004572E7
S214040F606173656420256420627974657320696EF4
S214040F7020736C6F742025640A004661696C65648E
S214040F8020746F2073657420736C6F7420746F20E4
S214040F90626F6F7420286572726F72203078253401
S214040FA078290A004661696C656420746F2073654D
S214040FB074206C697374206F6620736C6F7473206E
S214040FC0746F20626F6F7420286572726F7220309F
S214040FD078253478290A004661696C656420746F44
S214040FE020676574206E6577206C697374206F665D
S214040FF020736C6F747320746F20626F6F74202874
S2140410006572726F72203078253478290A0042653A
S21404101067696E6E696E6720696D616765207665BF
S21404102072696669636174696F6E2E2E2E002E6671
S21404103061696C65642120284572726F722030786D
S214041040253478290A002E70617373656421204262
S2140410506F6F74696E6720736C6F742025640A0062
S214041060666E692B00666E69006E616E00666E6958
S2140410702D006C696273006273656E64007265733A
S2140410806574007261770073656E645F6D756C7469
S21404109069636173740073656E642D7573696E6736
S2140410A02D6D756C7469636173742D62696E646901
S2140410B06E670074696D6573796E63006765742D79
S2140410C07074692D726164696F2D636F6E666967EB
S2140410D000636F6E6669672D6363612D6D6F64656B
S2140410E0006576656E7473007365637572697479EA
S2140410F0007A69676265655F7072696E7400706C09
S2140411007567696E006E6574006B657973006F7041
S21404111074696F6E00706C7567006368616E6765EE
S2140411206B6579006368616E67656B007A646F004F
S2140411307072696E742072656C6174656420636F86
S2140411406D6D616E64732E0061747472005A646F00
S2140411502072656C6174656420636F6D6D616E6486
S214041160732E00726F75746500706F776572006D0C
S214041170676D742D6C7169006D676D742D62696E90
S21404118064006E6F64650073696D706C65006965F4
S214041190656500756E62696E64006E776B2D75709A
S2140411A064006F75742D636C2D6C69737400696EBE
S2140411B02D636C2D6C697374005A646F20696E2DF0
S2140411C0636C2D6C6973742072656C61746564203D
S2140411D0636F6D6D616E64732E005A646F206F7555
S2140411E0742D636C2D6C6973742072656C61746500
S2140411F06420636F6D6D616E64732E005A646F2095
S2140412006E776B2D7570642072656C6174656420EE
S214041210636F6D6D616E64732E007363616E2D6310
S21404122068616E2D6D61736B007363616E00636835
S214041230616E5067006368616E005A646F20756E55
S21404124062696E642072656C6174656420636F6D98
S2140412506D616E64732E00756E69636173740063EA
S21404126068616E67656B65792072656C6174656428
S21404127020636F6D6D616E64732E006C696E6B0017
S2140412804F7074696F6E2072656C61746564206358
S2140412906F6D6D616E64732E007265676973746535
S2140412A072006469736300696E7374616C6C2D6399
S2140412B06F64650062696E64696E672D7461626C42
S2140412C065007072696E742D72782D6D7367730085
S2140412D0617073726574727900415053207265743C
S2140412E0727920666C616720666F72636520636F2F
S2140412F06D6D616E647300456E61626C65732F4438
S214041300697361626C6573207072696E74696E6766
S214041310206F66205278206D657373616765732E3F
S21404132000656E61626C650042696E64696E672072
S2140413307461626C652072656C6174656420636FA9
S2140413406D6D616E64732E0053656375726974798E
S214041350206B6579732072656C6174656420636FB5
S2140413606D6D616E64732E0064656C657465004E05
S2140413706574776F726B2072656C61746564206344
S2140413806F6D6D616E64732E00666F726D007265AC
S2140413906A6F696E2D646966662D64657669636531
S2140413A02D747970650065787470616E696400697F
S2140413B0736F70656E0062726F61642D706A6F6918
S2140413C06E006368616E67652D6368616E6E656C3A
S2140413D000696E6974006368616E67652D6B656588
S2140413E0702D616C6976652D6D6F64650074696D2A
S2140413F0656F75742D6F7074696F6E2D6D61736B88
S214041400006D756C74692D7068792D7374617274CF
S214041410006D756C74692D7068792D73746F700027
S21404142066696E64006E6574776F726B2066696EAB
S2140414306420636F6D6D616E64732E006A6F696EEF
S21404144061626C6500756E7573656400736C6F74A9
S2140414502D6D616E6167657200636F756E7465727B
S2140414607300656E642D6465766963652D737570A7
S214041470706F72740066696E642D616E642D6269A5
S2140414806E6400667261676D656E746174696F6E12
S2140414900067726F7570732D736572766572006E71
S2140414A06574776F726B2D7374656572696E670009
S2140414B06F74612D626F6F746C6F6164006F74611A
S2140414C02D636C69656E74006F74612D73746F722E
S2140414D06167652D636F6D6D6F6E006F74612D733C
S2140414E0746F726167652D656570726F6D006964EF
S2140414F06C652D736C656570007570646174652D1C
S21404150074632D6C696E6B2D6B6579007570646100
S21404151074652D74632D6C696E6B2D6B6579207202
S214041520656C6174656420636F6D6D616E647300D1
S21404153074696D6572006E6F7700436F6D6D616ED2
S214041540647320746F20636F6E74726F6C206964AA
S2140415506C696E672F736C656570696E67206F665D
S214041560207468652064657669636500666F7263D7
S214041570652D6177616B65006177616B652D7768B2
S214041580656E2D6E6F742D6A6F696E656400726584
S214041590706F7274696E672072656C61746564201E
S2140415A0636F6D6D616E64732E00636C6561722D7E
S2140415B06C6173742D7265706F72742D74696D65C9
S2140415C000746573742D74696D696E67006F746159
S2140415D02D73746F726167652D656570726F6D200B
S2140415E072656C6174656420636F6D6D616E64739F
S2140415F02E0077697065006F74612D73746F726165
S21404160067652D636F6D6D6F6E2072656C617465B2
S2140416106420636F6D6D616E6473007072696E74BE
S214041620496D616765730072656C6F6164007374FD
S2140416306F726167652D696E666F00646174612DF3
S2140416407072696E74006F74612D636C69656E7474
S2140416502072656C6174656420636F6D6D616E6481
S214041660732E0076657269667900626C6F636B2D03
S2140416707465737400706167652D72657175657342
S2140416807400757067726164652D72657175657333
S214041690740064697361626C652D646F776E67723B
S2140416A06164657300656E61626C652D646F776E48
S2140416B0677261646573006F74612D626F6F746C1A
S2140416C06F61642072656C6174656420636F6D6D10
S2140416D0616E6473006E6574776F726B2D737465D8
S2140416E06572696E672072656C6174656420636FE9
S2140416F06D6D616E64732E007072652D636F6E6619
S2140417006967757265642D6B65792D736574006DF4
S21404171061736B2072656C6174656420636F6D6DB4
S214041720616E642E0073756274726163740067720E
S2140417306F7570732D7365727665722072656C6151
S21404174074656420636F6D6D616E64732E006672DB
S21404175061676D656E746174696F6E2072656C6125
S21404176074656420636F6D6D616E64732E007365BB
S214041770742D72782D77696E646F772D73697A6528
S214041780006172746966696369616C2D626C6F636B
S2140417906B2D64726F700046696E6420616E6420FF
S2140417A062696E642072656C6174656420636F6D33
S2140417B06D616E64732E00696E69746961746F720C
S2140417C000656E642D6465766963652D7375707047
S2140417D06F72742072656C6174656420636F6D6DDE
S2140417E0616E64732E00706F6C6C2D636F6D706C1D
S2140417F0657465642D63616C6C6261636B00666F0F
S2140418007263652D73686F72742D706F6C6C0065EF
S2140418106E61626C655F7479706500737461636B86
S21404182000617070007A636C006C65676163795F51
S21404183061665F646562756700636F756E74657272
S214041840732072656C6174656420636F6D6D616E80
S21404185064732E007072696E742D636F756E746592
S214041860722D747970650073696D706C652D707275
S214041870696E74007072696E742D7468726573682C
S2140418806F6C6473007365742D7468726573686F27
S2140418906C640072657365742D7468726573686F22
S2140418A06C64730073656E642D726571756573740C
S2140418B00073656375726974792072656C6174650A
S2140418C06420636F6D6D616E6473007365742D615F
S2140418D06C6C6F772D74727573742D63656E746596
S2140418E0722D72656A6F696E2D7573696E672D77D2
S2140418F0656C6C2D6B6E6F776E2D6B6579007365FA
S214041900742D616C6C6F772D74727573742D6365AA
S2140419106E7465722D72656A6F696E2D7573696E65
S214041920672D77656C6C2D6B6E6F776E2D6B657996
S2140419302D74696D656F7574007365742D6B6579A8
S2140419402D726571756573742D706F6C696379009B
S2140419506D66672D746F6B656E00617073005365FA
S214041960637572697479206170732072656C617432
S214041970656420636F6D6D616E64732E00476574D5
S2140419802F736574204D464720746F6B656E2E006A
S214041990656E64706F696E742072656C61746564DC
S2140419A020636F6D6D616E64732E00656570726F73
S2140419B06D207574696C6974792072656C617465E0
S2140419C06420636F6D6D616E647300536C6F742076
S2140419D04D616E616765722072656C617465642022
S2140419E0636F6D6D616E647300626F6F742D736CDC
S2140419F06F740065726173652D736C6F740065781F
S214041A00742D666C6173682D696E666F00736C6FF7
S214041A1074732D696E666F005072696E74732074E9
S214041A20696D652E005072696E74732061747472E9
S214041A3069627574652E00436C6561727320746800
S214041A4065205A444F206C697374206F6620636C5B
S214041A5069656E742028696E2920636C75737465D5
S214041A6072732E004164647320636C7573746572BC
S214041A707320746F20746865206B6E6F776E2063B6
S214041A806C69656E742028696E2920636C7573749E
S214041A90657273206F6E2074686973206465766956
S214041AA063652E00436C6561727320746865205A02
S214041AB0444F206C697374206F6620636C69656E8E
S214041AC07420286F75742920636C7573746572733B
S214041AD02E004164647320636C757374657273209E
S214041AE0746F20746865206B6E6F776E20636C6904
S214041AF0656E7420286F75742920636C757374651D
S214041B007273206F6E2074686973206465766963E7
S214041B10652E0053656E647320616E207570646173
S214041B207465206368616E6E656C20726571756598
S214041B3073742E006368616E6E656C1F0053656E69
S214041B40647320616E2075706461746520636861D7
S214041B506E6E656C2070616765207265712E205408
S214041B60686520737461636B2073656E6473206E9E
S214041B70776B20656E68616E63656420757064615A
S214041B8074652072657120666F72206E6F6E2D7A92
S214041B9065726F20706167652E006368616E6E659E
S214041BA06C1F706167651F00506572666F726D7397
S214041BB020616E20656E65726779207363616E2E90
S214041BC0007461726765744E6F646549641F73635D
S214041BD0616E4475726174696F6E1F7363616E43E0
S214041BE06F756E741F0042726F6164636173747301
S214041BF020746865204944206F6620746865206EEA
S214041C006577206E6574776F726B206D616E6167A1
S214041C10657220616E64206163746976652063680A
S214041C20616E6E656C732E006E776B4D67654964E6
S214041C301F6368616E6E656C4D61736B1F00506543
S214041C4072666F726D7320616E20656E6572677959
S214041C50207363616E206F6E20676976656E2063FD
S214041C6068616E6E656C206D61736B2E00746172B4
S214041C706765744E6F646549641F7363616E44756B
S214041C80726174696F6E1F7363616E436F756E74F1
S214041C901F6368616E6E656C4D61736B1F005365E0
S214041CA06E64732061206E6574776F726B20616456
S214041CB06472657373207265717565737420666FDC
S214041CC0722074686520676976656E2049454545C7
S214041CD020616464726573732E00696565651F0010
S214041CE0526571756573747320616E204945454568
S214041CF02061646472657373206261736564206F27
S214041D006E206120676976656E206E6F6465204973
S214041D10442E006E6F646549641F0053656E6473D9
S214041D2020612073696D706C6520646573637269E5
S214041D3070746F72207265717565737420666F7245
S214041D40207468652073686F7274206164647265B9
S214041D50737320616E6420656E64706F696E7420A0
S214041D607370656369666965642E00646573741FC1
S214041D70746172676574456E64706F696E741F0073
S214041D8053656E64732061206D6174636844657383
S214041D9063726970746F72735265717565737420BB
S214041DA0746F2074686520676976656E2064657351
S214041DB074696E6174696F6E2077697468207468DC
S214041DC06520676976656E2070726F66696C652E2D
S214041DD0006E6F646549641F70726F66696C651F78
S214041DE00053656E64732061206E6F6465206465BD
S214041DF07363726970746F7220726571756573743B
S214041E0020746F206120676976656E20746172673E
S214041E106574206465766963652E0074617267650F
S214041E20741F0053656E64732061205A444F204229
S214041E30696E6420636F6D6D616E6420746F2061DB
S214041E402064657669636520737065636966696591
S214041E506420696E2074686520636F6D6D616E64BE
S214041E6020617267756D656E74732E0044657374B5
S214041E70696E6174696F6E1F536F75726365206552
S214041E806E64706F696E741F44657374696E6174F2
S214041E90696F6E20656E64706F696E741F636C750F
S214041EA07374657249441F72656D6F746545554950
S214041EB036341F6465737445554936341F005365BC
S214041EC06E647320616E2061637469766520656E46
S214041ED064706F696E7420726571756573742074AE
S214041EE06F20746865206465766963652077697415
S214041EF0682074686520676976656E2073686F72FB
S214041F00742049442E0053656E647320616E2075F8
S214041F106E62696E64207265717565737420666F8F
S214041F2072206120756E69636173742062696E64E1
S214041F30696E6720746F20746865207461726765C3
S214041F4074206465766963652E00746172676574CF
S214041F501F736F757263652065756936341F736FFA
S214041F607572636520656E64706F696E741F636C4A
S214041F70757374657249441F64657374696E61741D
S214041F80696F6E45554936341F64657374696E61AE
S214041F9074696F6E20656E64706F696E741F00538B
S214041FA0656E647320616E20756E62696E6420725D
S214041FB065717565737420666F722061206D756C2B
S214041FC07469636173742062696E64696E672074F1
S214041FD06F20746865207461726765742064657622
S214041FE06963652E007461726765741F736F75721A
S214041FF063652065756936341F736F757263652073
S214042000656E64706F696E741F636C757374657245
S21404201049441F67726F7570416464726573731FF9
S2140420200053656E64732061205A444F204D616EE0
S2140420306167656D656E74204C6561766520636FB7
S2140420406D6D616E6420746F2074686520746172AF
S214042050676574206465766963652E0074617267CB
S21404206065741F72656D6F76654368696C64726526
S2140420706E1F72656A6F696E1F0053656E64732007
S21404208061205A444F204D474D542D42696E6420BA
S2140420902842696E64696E67205461626C65292003
S2140420A05265717565737420746F20746865207446
S2140420B06172676574206465766963652E00746171
S2140420C0726765741F7374617274496E6465781FF1
S2140420D00053656E64732061205A444F204D474D6B
S2140420E0542D4C514920284C5149205461626C654A
S2140420F029205265717565737420746F2074686541
S21404210020746172676574206465766963652E0061
S21404211053656E64732061205A444F20506F776570
S214042120722044657363726970746F7220526571AD
S2140421307565737420746F207468652074617267A3
S2140421406574206465766963652E0053656E6473F2
S2140421502061205A444F20726F7574652072657131
S2140421607565737420636F6D6D616E6420746F2083
S214042170746865207461726765742E007461726792
S21404218065741F696E6465781F00696E6465781FE0
S21404219065756936341F696E7374616C6C436F645D
S2140421A0651F00696E6465781F65756936341F6B34
S2140421B065791F005443206C696E6B206B6579202B
S2140421C07265717565737420706F6C6963791F41ED
S2140421D07070206C696E6B206B6579207265717502
S2140421E065737420706F6C6963791F00426F6F6C3F
S2140421F03A20616C6C6F7720747275737420636513
S2140422006E7465722072656A6F696E207573696E86
S214042210672077656C6C2D6B6E6F776E206B6579B7
S2140422201F0070726F66696C6549641F636C757312
S21404223074657249641F0074617267657449641F2B
S21404224000456E61626C6573207072696E74696EA7
S21404225067206F66205278206D65737361676573B7
S2140422602E0053657473207468652062696E646911
S2140422706E67207461626C6500696E6465781F63BE
S2140422806C75737465721F6C6F63616C45701F7236
S214042290656D6F746545701F65756936341F004338
S2140422A06C65617273207468652062696E64696E19
S2140422B067207461626C652E005072696E747320B8
S2140422C07468652062696E64696E67207461626C06
S2140422D06520746F2074686520636F6D6D616E642D
S2140422E0206C696E652E00436C6561727320616CA8
S2140422F06C207365637572697479206B6579732EC7
S2140423000044656C65746520746865207370656345
S2140423106966696564206C696E6B206B65792069F3
S2140423206E6465782E005072696E747320616C6CEE
S214042330207365637572697479206B6579732E00F2
S2140423405465726D696E6174657320746865206D7A
S214042350756C74692D50485920696E74657266618F
S2140423606365005573656420746F207374617274BA
S214042370206D756C74692D50485920696E746572A9
S21404238066616365206F74686572207468616E2088
S2140423906E617469766520616E6420666F726D2066
S2140423A0746865206E6574776F726B2E205468654A
S2140423B020737461636B20757365732073616D6538
S2140423C02050616E4964206173206E61746976657D
S2140423D020726164696F206E6574776F726B2E006D
S2140423E0706167651F6368616E6E656C1F706F77DA
S2140423F065721F6F7074696F6E734D61736B2028FE
S2140424004269742030203D20526F757465727320C3
S214042410616C6C6F7765642C204269742031203DB2
S2140424202042726F61646361737420616C6C6F77B1
S2140424306564291F00417474656D70747320746F2D
S214042440206368616E676520746865206368696CDC
S214042450642074696D656F7574206F7074696F6E2F
S214042460206D61736B20746F2066696C74657220CE
S2140424706F757420756E646573697261626C65202D
S21404248076616C7565732028652E672E206E6F2026
S2140424906D6F7265207468616E2033206461797391
S2140424A0292E0074696D656F7574206F7074696F7A
S2140424B06E206D61736B1F00537769746368657370
S2140424C0206265747765656E206469666665726504
S2140424D06E74206B65657020616C697665206D6F1F
S2140424E064657320737570706F72746564206279A6
S2140424F0206120726F757465722E004B65657020BE
S214042500616C697665206D6F64651F005072696E34
S2140425107473207468652063757272656E74204ED9
S2140425206F64652049442C2045554936342C206177
S2140425306E642050616E2049442E00496E697469A9
S214042540616C697A65732061206E6574776F726B4F
S2140425503B20746869732069732061207465737402
S21404256020636F6D6D616E64207573656420666F9D
S214042570722074632D737761702D6F757420746583
S2140425807374696E672E00536574732074686520CF
S2140425906E6574776F726B20696E646578207573E8
S2140425A0656420627920616C6C206675747572654A
S2140425B020434C4920636F6D6D616E64732E20203A
S2140425C04265666F726520657865637574696E67C3
S2140425D0206120434C4920636F6D6D616E642C202E
S2140425E0746865206672616D65776F726B207377A9
S2140425F069746368657320746F2074686973206EE9
S2140426006574776F726B2E20204166746572207431
S214042610686520636F6D6D616E642066696E6973AC
S21404262068657320657865637574696E672C2074B5
S2140426306865206672616D65776F726B2073776963
S2140426407463686573206261636B20746F207468BA
S214042650652070726576696F7573206E6574776F22
S214042660726B2E202054686520434C492075736590
S21404267073207468652073616D65206E6574776F6A
S214042680726B20696E64657820756E74696C20744C
S214042690686520646576696365207265736574731E
S2140426A0206F72206974206973206368616E6765A1
S2140426B064207468726F7567682074686973206331
S2140426C06F6D6D616E642E00417474656D70747305
S2140426D020746F206368616E67652064657669633D
S2140426E065206F76657220746F2061206469666663
S2140426F06572656E74206368616E6E656C206769CA
S21404270076656E20696E20746865206368616E6EF7
S214042710656C20617267756D656E742E005468650D
S214042720206368616E6E656C20746F206368616EEA
S214042730676520746F1F0066696E64556E757365F1
S2140427406450616E49640066696E644A6F696E61BE
S214042750626C654E6574776F726B005065726D6956
S2140427607473206A6F696E696E67206F6E20746872
S21404277065206E6574776F726B20666F72206120B9
S214042780676976656E206E756D626572206F662069
S2140427907365636F6E647320414E442062726F618A
S2140427A06463617374732061205A444F204D676DCF
S2140427B074205065726D6974204A6F696E696E671D
S2140427C0207265717565737420746F20616C6C205B
S2140427D0726F75746572732E00412073696E676C30
S2140427E065206279746520696E6469636174696ED4
S2140427F06720686F77206C6F6E6720746865206446
S21404280065766963652073686F756C6420686176A5
S21404281065207065726D6974206A6F696E696E678B
S214042820207475726E6564206F6E20666F722E203B
S214042830412076616C7565206F6620307866662068
S2140428407475726E73206F6E207065726D69742075
S2140428506A6F696E20696E646566696E6974656C14
S214042860792E1F00436865636B73206E6574776FFB
S214042870726B20706A6F696E207374617475732E40
S214042880005772697465732074686520657874658A
S2140428906E6465642070616E20494420666F722001
S2140428A0746865206465766963652E00657874705F
S2140428B0616E69641F0052656A6F696E7320616E8B
S2140428C0206578697374696E67206E6574776F72B5
S2140428D06B20696E206120736563757265206F7264
S2140428E020696E736563757265206D616E6E6572C0
S2140428F02077697468206120646966666572656E0F
S214042900742064657669636520747970652E004268
S2140429106F6F6C65616E206E6574776F726B206B7B
S214042920657920617661696C6162696C6974791F86
S2140429304368616E6E656C206D61736B1F416E201B
S214042940656E756D65726174696F6E20696E646913
S214042950636174696E67207468652064657669636C
S21404296065207479706520746F2072656A6F696E6D
S2140429702061732E54686520737461636B206F6ED8
S2140429806C79206163636570747320534C5F5A4995
S214042990474245455F454E445F44455649434520B6
S2140429A0616E6420534C5F5A49474245455F534C19
S2140429B0454550595F454E445F4445564943452E68
S2140429C01F0052654A6F696E732061206E657477C6
S2140429D06F726B2E00426F6F6C65616E206E65744D
S2140429E0776F726B206B657920617661696C6162C2
S2140429F0696C6974791F4368616E6E656C206D61DD
S214042A00736B1F004C65617665732061206E657478
S214042A10776F726B2E005475726E73207065726DCC
S214042A206974206A6F696E696E67206F6E20666FC0
S214042A30722074686520616D6F756E74206F6620F1
S214042A4074696D6520696E646963617465642E00DB
S214042A50412073696E676C65206279746520696EBF
S214042A606469636174696E6720686F77206C6F6E43
S214042A706720746865206465766963652073686F8B
S214042A80756C642068617665207065726D69742063
S214042A906A6F696E696E67207475726E206F6E2039
S214042AA0666F722E20412076616C7565206F6620F5
S214042AB030786666207475726E73207065726D6900
S214042AC074206A6F696E20696E646566696E6974DF
S214042AD0656C792E1F004A6F696E732061206E65DF
S214042AE074776F726B206F6E206120676976656EEF
S214042AF0206368616E6E656C2C207769746820614B
S214042B0020676976656E20545820506F776572206A
S214042B10616E642050414E2049442E00546865205E
S214042B206368616E6E656C206F6E20776869636893
S214042B3020746F206A6F696E20746865206E6574F1
S214042B40776F726B1F4F6E652D627974652073699B
S214042B50676E65642076616C756520696E6469636A
S214042B606174696E672074686520545820506F77C6
S214042B706572207468617420746865207261646983
S214042B806F2073686F756C642062652073657420AB
S214042B90746F1F5468652050414E204944206F6E60
S214042BA020776869636820746F206A6F696E207482
S214042BB06865206E6574776F726B1F00466F726D62
S214042BC0732061206E6574776F726B206F6E206160
S214042BD020676976656E206368616E6E656C2C206E
S214042BE077697468206120676976656E205458207A
S214042BF0506F77657220616E642050414E204944C0
S214042C002E00546865206368616E6E656C206F6E76
S214042C1020776869636820746F20666F726D20740D
S214042C206865206E6574776F726B1F4F6E652D62D4
S214042C30797465207369676E65642076616C756562
S214042C4020696E6469636174696E672074686520C0
S214042C50545820506F7765722074686174207468C5
S214042C606520726164696F2073686F756C64206296
S214042C70652073657420746F1F5468652050414E38
S214042C80204944206F6E20776869636820746F203B
S214042C90666F726D20746865206E6574776F726BEC
S214042CA01F005468697320696E697469617465737A
S214042CB020612054434C4B20757064617465207009
S214042CC0726F6365647572652E005370656369661A
S214042CD0792074686520616D6F756E74206F662048
S214042CE074696D6520746F207761697420616674F9
S214042CF06572206F6E652054434C4B20757064617A
S214042D007465206F7065726174696F6E20636F6D91
S214042D10706C65746573206265666F7265206265A3
S214042D2067696E6E696E672061206E65772054430E
S214042D304C4B20757064617465206F7065726174A5
S214042D40696F6E2E0054686520616D6F756E742011
S214042D506F662074696D65206265747765656E209C
S214042D6073756273657175656E74207472757374A9
S214042D702063656E746572206C696E6B206B657972
S214042D80207570646174657320696E206D696C6C5F
S214042D90697365636F6E64731F00536574206F7286
S214042DA020636C6561722073746179206177616B4E
S214042DB065207768656E206E6F74206A6F696E652D
S214042DC06400536574206F7220636C6561722066BC
S214042DD06F726365206177616B6500446973706C1C
S214042DE061792074686520736C65657020737461FE
S214042DF074757300464F522054455354494E472029
S214042E00505552504F534553202D206761746865C2
S214042E10722074696D696E67206D65747269637378
S214042E2020666F72207265706F7274696E672074A4
S214042E3061626C65206F7065726174696F6E732E63
S214042E4000436C6561727320746865206C617374EA
S214042E50207265706F72742074696D65206F6620C9
S214042E60617474726962757465732E004164647368
S214042E702061206E657720656E74727920746F20E9
S214042E80746865207265706F7274207461626C6514
S214042E902E00546865206C6F63616C20656E6470E8
S214042EA06F696E742066726F6D2077686963682038
S214042EB074686520617474726962757465206973D8
S214042EC0207265706F727465641F54686520636C45
S214042ED075737465722077686572652074686520FA
S214042EE0617474726962757465206973206C6F63AB
S214042EF0617465641F546865204944206F662074B5
S214042F0068652061747472696275746520626569A7
S214042F106E67207265706F727465641F3020666F0A
S214042F207220636C69656E742D73696465206174C0
S214042F307472696275746573206F72203120666FCF
S214042F4072207365727665722D7369646520617488
S214042F5074726962757465731F546865206D696E52
S214042F60696D756D207265706F7274696E6720691D
S214042F706E74657276616C2C206D6561737572650E
S214042F806420696E207365636F6E64732E1F5468C5
S214042F9065206D6178696D756D207265706F7274E9
S214042FA0696E6720696E74657276616C2C206D6537
S214042FB061737572656420696E207365636F6E64F1
S214042FC0732E1F546865206D696E696D756D206378
S214042FD068616E676520746F207468652061747418
S214042FE072696275746520746861742077696C6CA4
S214042FF020726573756C7420696E2061207265702A
S2140430006F7274206265696E672073656E742E1F16
S2140430100052656D6F76657320616E20656E7472FE
S214043020792066726F6D20746865207265706F72A1
S21404303074207461626C652E0054686520696E6441
S2140430406578206F6620746865207265706F727488
S21404305020746F2062652072656D6F7665641F004C
S214043060436C6561727320616C6C20656E74726962
S21404307065732066726F6D20746865207265706F64
S2140430807274207461626C652E005072696E74737B
S21404309020746865207265706F7274207461626C47
S2140430A0652E00576970657320616C6C20646174CA
S2140430B06120696E207468652073746F7261676539
S2140430C0206465766963652E005072696E74732099
S2140430D061726269747261727920627974657320B0
S2140430E06F6620746865204F544120696D6167657A
S2140430F0206F6E206469736B2E0054686520696EB9
S214043100646578206F662074686520696D616765FC
S21404311020746F207072696E742069747320646101
S21404312074611F546865206F666673657420696EE3
S214043130746F20746865204F544120696D6167651B
S21404314020746861742077696C6C206265207072E4
S214043150696E7465641F005072696E747320696EBC
S214043160666F726D6174696F6E2061626F7574202C
S2140431707468652073746F72616765206465766928
S21404318063652E0052656C6F6164207468652073F5
S214043190746F72616765206465766963652E0044A2
S2140431A0656C657465732074686520696D61676510
S2140431B02061742074686520737065636966696548
S2140431C06420696E6465782E0054686520696E64B0
S2140431D0657820617420776869636820746F20625C
S2140431E06567696E2064656C6574696E67207468CB
S2140431F06520696D6167651F005072696E7473207F
S21404320074686520696D616765732E00456E61623A
S2140432106C6573204F544120646F776E67726164E7
S21404322065732E0044697361626C6573204F544164
S21404323020646F776E6772616465732E0053656EE3
S214043240647320616E2055706772616465456E64B0
S2140432505265717565737420746F20616E204F54C7
S21404326041207365727665722E0043616E20626536
S214043270207573656420746F2064796E616D69636C
S214043280616C6C79207475726E206F666620736547
S2140432906E64696E67207061676520726571756516
S2140432A0737473206F6E2074686520636C69656E32
S2140432B07420736964652C206966207468652073BD
S2140432C0657276657220646F65736E2774207375F5
S2140432D070706F72742074686973206665617475A3
S2140432E072652E00426F6F6C65616E2076616C7538
S2140432F065207475726E696E67206F6E202831299A
S214043300206F72206F666620283029207468652036
S21404331070616765207265717565737420666C618B
S214043320671F0053656E647320616E20696D616764
S2140433306520626C6F636B207265717565737420AB
S214043340666F7220612066696C65207468652073F8
S21404335065727665722073686F756C64206E6F7420
S21404336020686176652E2020546573742068617227
S2140433706E657373206F6E6C792028746573742081
S2140433806361736520392E352E36202D204D6973E2
S21404339073696E672046696C6529005072696E749D
S2140433A07320696E666F726D6174696F6E206F6EDE
S2140433B0207468652063757272656E742073746118
S2140433C07465206F6620746865204F544120636CD2
S2140433D069656E7420646F776E6C6F61642E00533B
S2140433E0746F707320746865204F54412073746141
S2140433F07465206D616368696E652E00537461722E
S214043400747320746865204F544120636C69656E3C
S21404341074207374617465206D616368696E652ECB
S21404342020546865207374617465206D61636869EF
S2140434306E6520646973636F76657273207468655D
S214043440204F5441207365727665722C2071756521
S2140434507269657320666F72206E657720696D6188
S2140434606765732C20646F776E6C6F616473207469
S214043470686520696D6167657320616E6420776195
S21404348069747320666F722074686520736572763B
S214043490657220636F6D6D616E6420746F20757045
S2140434A067726164652E005072696E747320746866
S2140434B065206D616E756661637475726572204908
S2140434C0442C20496D616765205479706520494411
S2140434D02C20616E642056657273696F6E20696E67
S2140434E0666F726D6174696F6E20746861742061B2
S2140434F072652075736564207768656E2061207137
S21404350075657279206E65787420696D61676520CB
S21404351069732073656E7420746F207468652073F5
S21404352065727665722062792074686520636C69BA
S214043530656E742E00506572666F726D73207369C3
S214043540676E617475726520766572696669636113
S21404355074696F6E206F6E2074686520696D61678C
S2140435606520617420746865207370656369666994
S214043570656420696E6465782E0054686520696EFB
S21404358064657820617420776869636820746F20A6
S214043590626567696E2076657269666963617469D7
S2140435A06F6E206F662074686520696D6167651F9D
S2140435B000426F6F746C6F61647320746865206971
S2140435C06D61676520617420746865207370656337
S2140435D0696669656420696E64657820627920632B
S2140435E0616C6C696E6720746865204F5441206274
S2140435F06F6F746C6F61642063616C6C6261636B83
S2140436002E0054686520696E64657820617420779E
S2140436106869636820746F20626567696E20626FEC
S2140436206F746C6F6164696E672074686520696D79
S2140436306167651F005072696E747320696E666FE9
S2140436402061626F75742074686520696E73746196
S2140436506C6C656420626F6F746C6F616465722E47
S21404366000537562747261637473206120636861C9
S2140436706E6E656C2066726F6D206569746865721F
S21404368020746865207072696D617279206F72208B
S2140436907365636F6E64617279206368616E6E65CC
S2140436A06C206D61736B206F6620746865206E6590
S2140436B074776F726B2D7374656572696E672063B9
S2140436C06F6D706F6E656E742E0054686520636847
S2140436D0616E6E656C206D61736B20746F207375FC
S2140436E062747261637420746865206368616E6EC8
S2140436F0656C2066726F6D1F546865206368616E22
S2140437006E656C20746F20737562747261637420C6
S214043710746865206D61736B2066726F6D1F00415F
S2140437206464732061206368616E6E656C20746FD8
S2140437302065697468657220746865207072696DA6
S214043740617279206F72207365636F6E646172793B
S214043750206368616E6E656C206D61736B206F66A6
S21404376020746865206E6574776F726B2D7374654C
S2140437706572696E6720636F6D706F6E656E742E0A
S21404378000546865206368616E6E656C206D6173B5
S2140437906B20746F206164642061206368616E6EC0
S2140437A0656C20746F1F546865206368616E6E656F
S2140437B06C20746F2061646420746F2074686520C4
S2140437C06D61736B1F005365747320656974686557
S2140437D07220746865207072696D617279206F72E8
S2140437E0207365636F6E64617279206368616E6EC0
S2140437F0656C206D61736B2E005468652063686188
S2140438006E6E656C206D61736B20746F20737562C9
S214043810747261637420746865206368616E6E6593
S2140438206C2066726F6D1F5468652076616C7565D2
S21404383020746F2073657420746865206368616EF5
S2140438406E656C206D61736B20746F2E1F0053655C
S214043850747320746865207072652D636F6E666974
S2140438606775726564206B657920736F2074686170
S2140438707420746865206A6F696E696E6720646573
S214043880766963652063616E20656E746572207464
S2140438906865206E6574776F726B2E00536574735B
S2140438A02074686520707265636F6E6669677572EA
S2140438B06564206B65791F0053746F707320746899
S2140438C065206E6574776F726B20737465657269B4
S2140438D06E672070726F636573732E005374617223
S2140438E0747320746865206E6574776F726B2073CA
S2140438F074656572696E672070726F636573732E84
S2140439000041206D61736B206F66206F7074696F61
S2140439106E7320666F7220696E6469636174696E83
S214043920672073706563696669632062656861769B
S214043930696F722077697468696E20746865206E92
S2140439406574776F726B2D7374656572696E672024
S21404395070726F636573732E1F00446973706C61B5
S2140439607973207468652063757272656E7420734B
S2140439707461747573206F6620746865206E657450
S214043980776F726B207374656572696E67207072E8
S2140439906F636573732E00436C656172732074687D
S2140439A0652067726F757073207461626C65206F32
S2140439B06E20657665727920656E64706F696E74C4
S2140439C0005072696E747320696E666F726D6174EE
S2140439D0696F6E2061626F75742074686520636F0A
S2140439E06E74656E7473206F6620746865206772E3
S2140439F06F757073207461626C652E004172746911
S214043A0066696369616C6C792064726F7073207484
S214043A10686520626C6F636B206E756D62657220DC
S214043A20646566696E6564206279207468652070D2
S214043A30617373656420617267756D656E74206F5B
S214043A406E6C79206F6E63652C20616E64207468DA
S214043A50656E20616C6C6F77732069742075706F67
S214043A606E20612072657472792E00546865206237
S214043A706C6F636B206E756D62657220746F206167
S214043A8072746966696369616C6C792064726F70BC
S214043A9020746F20666F726365206120726574728D
S214043AA079202D2073657420746F20307846462064
S214043AB0746F2064697361626C651F005365747368
S214043AC02074686520726563656976652077696E1B
S214043AD0646F772073697A652E20204279206465A6
S214043AE066696E6974696F6E20696E2074686520F5
S214043AF0536D61727420456E657267792070726FBB
S214043B0066696C65206974206D757374206265201F
S214043B1073657420746F203120627574207468692C
S214043B207320616C6C6F777320697420746F2062E5
S214043B3065206368616E6765642E00546865206D51
S214043B406178206E756D626572206F662074686594
S214043B5020626C6F636B7320726563656976656457
S214043B60206265666F726520616E20415053206145
S214043B70636B2069732067656E6572617465641F84
S214043B80004D616B65732074686973206E6F64659D
S214043B90207374617274206964656E7469667969E9
S214043BA06E67206173206120746172676574206695
S214043BB06F722062696E64696E6720776974682024
S214043BC0616E20696E69746961746F72206E6F64C9
S214043BD0652E0054686520656E64706F696E742087
S214043BE06F6E20776869636820746F206265676902
S214043BF06E207468652046696E64696E6720616E1F
S214043C00642042696E64696E6720746172676574C5
S214043C102070726F636573731F004D616B6573204C
S214043C2074686973206E6F6465207374617274209F
S214043C3074686520696E69746961746F7220706156
S214043C407274206F66207468652066696E64696E97
S214043C506720616E642062696E64696E67207072A4
S214043C606F636573732E0054686520656E64706FA9
S214043C70696E74206F6E20776869636820746F209D
S214043C80626567696E207468652046696E64696E4D
S214043C906720616E642042696E64696E6720696E8F
S214043CA069746961746F722070726F636573731FD1
S214043CB00053657473207768657468657220746849
S214043CC06520434C4920666F72636573207468658B
S214043CD02064657669636520746F2073686F7274F8
S214043CE020706F6C6C2E005468652076616C756568
S214043CF020696E6469636174696E672077686574A9
S214043D0068657220746865206465766963652073E7
S214043D10686F756C642073686F727420706F6C6C57
S214043D201F00536574732077686574686572207421
S214043D306865206465766963657320706F6C6C20B3
S214043D40636F6D706C657465642063616C6C62612E
S214043D50636B2066756E6374696F6E206973206585
S214043D606E61626C65642E005468652076616C75BD
S214043D706520696E6469636174696E672077686537
S214043D807468657220746865206465766963657313
S214043D9020706F6C6C20636F6D706C657465642046
S214043DA063616C6C6261636B2066756E6374696FC5
S214043DB06E20697320656E61626C65641F004469D9
S214043DC073706C617973207468652073746174759C
S214043DD073206F662074686520456E64204465769B
S214043DE06963657320706F6C6C696E672E00456E30
S214043DF061626C652F64697361626C6520646562D8
S214043E00756720606C6567616379206170702066F1
S214043E1072616D65776F726B20646562756760208A
S214043E207072696E7420747970652E00456E6162D6
S214043E306C652F64697361626C651F00456E616210
S214043E406C652F64697361626C652064656275676E
S214043E5020607A636C60207072696E742074797066
S214043E60652E00456E61626C652F64697361626CD1
S214043E70652064656275672060617070602070728A
S214043E80696E7420747970652E00456E61626C6587
S214043E902F64697361626C6520646562756720606F
S214043EA0636F726560207072696E742074797065D1
S214043EB02E00456E61626C652F64697361626C6581
S214043EC02064656275672060737461636B6020703C
S214043ED072696E7420747970652E0053656E64730F
S214043EE02061207265717565737420666F72204F49
S214043EF0544120636F756E746572732E0052657339
S214043F0065747320616C6C207468726573686F6C7A
S214043F1064732076616C75657320746F2030784600
S214043F204646462E00536574732061207468726595
S214043F3073686F6C642076616C756520666F72209A
S214043F406120706172746963756C61722074797033
S214043F5065206F6620636F756E7465722E005479E3
S214043F607065206F6620636F756E7465721F546883
S214043F70726573686F6C642056616C75651F0050BB
S214043F8072696E74732074686520746872657368E9
S214043F906F6C6473206F6620616C6C207468652097
S214043FA0636F756E746572732E00436C656172730D
S214043FB020616C6C20636F756E7465722076616C1C
S214043FC07565732E005072696E747320616C6C2074
S214043FD0636F756E7465722076616C7565732E00FA
S214043FE05072696E7473207468652076616C7565AA
S214043FF0206F6620746869732070617274696375D3
S2140440006C617220636F756E7465722E00546865F9
S21404401020636F756E746572207479706520746F92
S214044020207072696E741F005072696E747320611A
S2140440306C6C20636F756E7465722076616C756542
S2140440407320616E6420636C6561727320746865A6
S2140440506D2E00536574204D464720746F6B656E55
S2140440602C2043414E4E4F5420424520554E534536
S2140440705420425920434C492E005072696E7420D5
S2140440804D464720746F6B656E2E005072696E74D1
S21404409020616374697665206576656E74732E0098
S2140440A044697361626C652074686520656E64702B
S2140440B06F696E7420666F72205A434C206D657368
S2140440C073616765732E00456E64706F696E742045
S2140440D0696E6465781F00456E61626C6573207452
S2140440E0686520656E64706F696E7420666F7220F2
S2140440F05A434C206D657373616765732E00507266
S214044100696E7420737461747573206F6620656EAF
S21404411064706F696E74732E0053686F77732074BF
S21404412068652076657273696F6E206F66207468A2
S2140441306520736F6674776172652E00536574200C
S21404414074686520636F6E66696775726564203887
S21404415030322E31352E3420434341206D6F646552
S21404416020696E2074686520726164696F2E20531E
S214044170656520646F63756D656E746174696F6ED2
S21404418020726567617264696E67205241494C5FAC
S214044190494545453830323135345F4363614D6FA8
S2140441A064655F742E0041205241494C5F49454581
S2140441B0453830323135345F4363614D6F64655F33
S2140441C0742076616C75651F0052657475726E7323
S2140441D02050544920726164696F20636F6E66696B
S2140441E06720696E666F726D6174696F6E20746F96
S2140441F02064657465726D696E6520746865205008
S21404420048592074797065206265696E67207573F5
S2140442106564206279205241494C2E20726574757B
S214044220726E2076616C756520697320656E756D97
S214044230205241494C5F4945454538303231353482
S2140442405F507469526164696F436F6E6669675F35
S2140442507420652E6720205241494C5F49454545E8
S2140442603830323135345F5054495F524144494FF7
S2140442705F434F4E4649475F32503447485A203DC5
S214044280203078303055205241494C5F49454545E9
S2140442903830323135345F5054495F524144494FC7
S2140442A05F434F4E4649475F32503447485A5F4152
S2140442B04E54444956203D203078303155205241E2
S2140442C0494C5F494545453830323135345F5054A2
S2140442D0495F524144494F5F434F4E4649475F3218
S2140442E0503447485A5F434F4558203D2030783075
S2140442F03255205241494C5F4945454538303231A4
S21404430035345F5054495F524144494F5F434F4EE2
S2140443104649475F32503447485A5F414E544449F1
S214044320565F434F4558203D203078303355005370
S214044330656E6473206120726561642061747472B2
S21404434020666F72207468652074696D65206F66D8
S2140443502074686520646576696365207370656398
S21404436069666965642E20497420736574732061D8
S21404437020666C616720736F207768656E206974A9
S21404438020676574732074686520726573706F6E39
S2140443907365206974207772697465732074686520
S2140443A02074696D6520746F20697473206F776E4E
S2140443B02074696D6520617474722E0049641F73DD
S2140443C07263456E64706F696E741F6465737445BA
S2140443D06E64706F696E741F005768656E2073652F
S2140443E06E64696E67207573696E67206120626902
S2140443F06E64696E672C207370656369666965739D
S21404440020776865746865722061206D756C7469C0
S214044410636173742062696E64696E672073686F83
S214044420756C6420626520757365642E007573650B
S2140444304D756C74696361737442696E64696E6702
S2140444401F0053656E64732061207072652D62755B
S214044450666665726564206D756C746963617374F1
S214044460206D65737361676520746F2061206769CA
S21404447076656E2067726F75702049442066726F89
S2140444806D206120676976656E20656E64706F695D
S2140444906E742E0067726F757049641F7372632D95
S2140444A0656E64706F696E741F004372656174652F
S2140444B0732061206D65737361676520627920736C
S2140444C0706563696679696E6720746865207261D1
S2140444D0772062797465732E205573652074686539
S2140444E02073656E6420636F6D6D616E6420746FF7
S2140444F02073656E6420746865206D6573736167E8
S21404450065206F6E63652069742068617320626538
S214044510656E20637265617465642E2045783A2062
S21404452072617720307830303046207B303020304F
S214044530412030302031312032322033332034349D
S2140445402035357D2073656E64732061206D657338
S2140445507361676520746F20636C7573746572206D
S2140445603135202830783030304629206F66206C6C
S214044570656E677468203820776869636820696E9A
S214044580636C7564657320746865205A434C2068B0
S21404459065616465722E00436C7573746572496454
S2140445A01F446174611F00526573657473207468D8
S2140445B065206E6F64652E0057726974657320619A
S2140445C0206D6573736167652E00456E64706F6950
S2140445D06E741F436C75737465722049441F41746E
S2140445E0747269627574652049441F4D61736B1F4C
S2140445F04461746120747970651F4461746120623B
S2140446007974651F0052656164732061206D65735B
S214044610736167652E00456E64706F696E741F4320
S2140446206C75737465722049441F417474726962B0
S2140446307574652049441F31206966207365727657
S214044640657220646972656374696F6E2C2030200D
S214044650696620636C69656E742064697265637448
S214044660696F6E1F0053656E64732061206D6573F9
S214044670736167652E0044657374696E6174696F4F
S2140446806E1F536F7572636520656E64706F696E16
S214044690741F44657374696E6174696F6E20656E09
S2140446A064706F696E741F00536F7572636520655E
S2140446B06E64706F696E741F004C69737473207730
S2140446C068696368206F7074696F6E616C206C69CA
S2140446D062726172696573206F6620746865207300
S2140446E07461636B2061726520696D706C656D65BD
S2140446F06E746564206F6E207468697320646576D2
S2140447006963652E005072696E747320696E666FF5
S214044710726D6174696F6E2061626F75742074685F
S21404472065206E6574776F726B2073746174652C84
S21404473020636C7573746572732C20616E642065D7
S2140447406E64706F696E74732E006F66667365743C
S2140447501F005072696E747320696E666F726D61A5
S21404476074696F6E20666F7220616C6C206176616E
S214044770696C61626C6520736C6F74732E0052658D
S2140447806164732072617720646174612066726F5D
S2140447906D20666C6173682073746F726167652E32
S2140447A0004164647265737320746F20726561647B
S2140447B01F4E756D626572206F662062797465732C
S2140447C020746F20726561641F005072696E747382
S2140447D020666C6173682073746F72616765206904
S2140447E06E666F726D6174696F6E2E0045726173CA
S2140447F065732074686520737065636966696564AB
S21404480020736C6F742049442E0053746F72616772
S2140448106520736C6F74206E756D6265721F00423E
S2140448206F6F74732074686520696D6167652069AD
S2140448306E207468652073706563696669656420B4
S214044840736C6F742049442E00434C4920696E7380
S21404485074616E6365206578616D706C650064755F
S2140448606D6D795F696E7374005A434C20636F6D87
S2140448706D616E647300626173696300676C6F6276
S214044880616C006D66672D636F6465007573652DD6
S2140448906E6578742D73657175656E636500782D25
S2140448A064656661756C742D7265737000746573E7
S2140448B0742D726573706F6E73652D6F6E007465FC
S2140448C073742D726573706F6E73652D6F666600F4
S2140448D05A434C20626173696320636C7573746514
S2140448E07220636F6D6D616E64730072746664002B
S2140448F0436F6D6D616E64207468617420726573B5
S21404490065747320616C6C2061747472696275746A
S214044910652076616C75657320746F2066616374B8
S2140449206F72792064656661756C742E0052414915
S2140449304C006C6F7765722D6D61632D7261696CC6
S2140449402D3830322E31352E342E63006C69627267
S21404495061696C2E6100756E636C61696D656400D7
S2140449606275666665722D6D616E6167656D656EEE
S214044970742E63006576656E742D71756575652E87
S21404498063007A69676265652D75707065722D6D52
S21404499061632E63006E65696768626F722E6300DA
S2140449A06173736F63696174696F6E2E6300313867
S2140449B032317300313432323100313231003273E5
S2140449C00031323231313200313232313100323854
S2140449D03100383131003138323131003132313141
S2140449E031323132323231730031323200313231C7
S2140449F031323231003131313100323238006D61BA
S214044A00632D6D756C74692D6E6574776F726B2E7D
S214044A1063006C65676163792D7061636B65742DE3
S214044A206275666665722E63000000000000020070
S214044A300000000000000000BA04000000000200AD
S214044A400000000000000000BA0400000001020399
S214044A500E312E312E322D396465633634323000F1
S214044A60010000020303010006000000000003002A
S214044A700000000013B779FAC925DDB7ADF3CFE01F
S214044A80F1B614B80102000000000000FFFFFFFFAB
S214044A90010000000100000000000000000000000B
S214044AA000000000000000000000000000000000FD
S214044AB000000000000000000000000000000000ED
S214044AC000000000033F1F00630E03005F0E030098
S214044AD03D0E03000B0E03009B0E03006D0E030039
S214044AE00D0E03002C00000002020203000000006A
S214044AF001020000000801B49C4B04000008015A9F
S214044B00584B040000080040144B0400000000004A
S214044B10000000000000FCFEFFFF00000000000094
S214044B20FFFF000000000000FFFF00000000000080
S214044B30FFFF00000000000040001806F4D200004A
S214044B402C00B0023DBE00001700F2000C7C0000F2
S214044B500C0041009E4200006400FCFEFFFF0000C3
S214044B6000000000FFFF0000000000005A00F306EB
S214044B70A554FEFF2100A301A1FEFFFF1100A6001D
S214044B80832700000A006100DC26000006003B00C4
S214044B90F820000003001500AD130000C800FCFE5A
S214044BA0B4008B087BC0FBFF4D00E402E756FFFF12
S214044BB02C00A20183EBFFFF1A000301B31A0000C6
S214044BC01100A300552900000A005E005A280000C0
S214044BD006003A00212200000400180073160000A4
S214044BE093FF0300D5B20300D5B20300D5B2030089
S214044BF0D5B20300D5B20300D5B20300D5B2030084
S214044C00D5B20300D5B20300D5B20300D5B2030073
S214044C10D5B20300D5B20300D5B20300D5B2030063
S214044C20D5B20300D5B20300D5B20300D5B2030053
S214044C30D5B20300D5B20300D5B20300D5B2030043
S214044C40D5B20300D5B20300D5B20300D5B2030033
S214044C50E3B20300D5B20300F8B20300D5B20300F2
S214044C60D5B203001DB30300D5B20300D5B20300CA
S214044C70D5B20300D5B2030045B30300D5B2030092
S214044C80D5B20300D5B20300D5B203005DB303006A
S214044C90D5B203007BB303000B0000000B0000003A
S214044CA002000000000020200000000003000000B6
S214044CB08C8C3C0000000000000000000000000097
S214044CC0000000581200000000000000FFFFFFFF75
S214044CD0FFFFFFFFFFFFFFFF554E4B00474F20002F
S214044CE042544C00474F3200474F3300474F34007E
S214044CF0474F3500474F3600474F3700474F380079
S214044D00474F3900474F4100474F4200474F430043
S214044D10474F4400474F4500474F46004A4D500012
S214044D20424452005550520042544D004D534D00DB
S214044D3046544C00554E4B00474F200042544C00FE
S214044D404241440046544C00465243004F544100EE
S214044D5044534C004241500055504700544D4500C2
S214044D6046415500545A4600554E4B0050494E0095
S214044D70454D3400554E4B0048562000554E4B00CA
S214044D80455850004C574D00554E4B005242540067
S214044D9044534C00454D3400554E4B00415354008B
S214044DA0554E4B0056465900494E4800554E4B004A
S214044DB04C434B0058544C004F424600554E4B0053
S214044DC0485244004D454D00425553005553470044
S214044DD044424700444D410056435400554E4B0050
S214044DE055502000525020004150300041503100B0
S214044DF0415020004450200044454300D84C040051
S214044E00DC4C0400344D0400684D0400744D04006A
S214044E107C4D0400884D0400984D0400A04D040009
S214044E20AC4D0400BC4D0400DC4D0400554E4B0054
S214044E304649420042544C004558540050575200CC
S214044E4057444700205357004352530046534800E4
S214044E5042414400464C540042524F0001040103B0
S214044E6003060105010501090600060B0000070BF1
S214044E70050B000000000000000000000400E40C25
S214044E800A000104100100000005000200000300EF
S214044E90185104001451040000510400FC5004008E
S214044EA0F8500400F4500400E2500400D250040009
S214044EB0B8500400B0500400A6500400A4500400E7
S214044EC08C50040089500400815004007050040083
S214044ED0605004004E500400345004002C5004006B
S214044EE0205004001C500400185004000A5004000B
S214044EF0FF4F0400E64F0400CD4F0400714F04003A
S214044F00704F0400604F0400384F04002D4F040017
S214044F102C4F0400184F040000000000000000009E
S214044F200000000000000000000000000F00000069
S214044F300000000000000000000000000000000068
S214044F400000000000000000000000000000000058
S214044F500000000000000000000000000000000048
S214044F600100000000000000000000000000000037
S214044F700F00000000000000000000000000000019
S214044F800000000000000000000000000000000018
S214044F900000000000000000000000000000000008
S214044FA000000000000000000000000000000000F8
S214044FB000000000000000000000000000000000E8
S214044FC000000000000000000000000000000000D8
S214044FD000000000000000000000000000000000C8
S214044FE000000000000000000000000000000000B8
S214044FF000000000000000000000000000000000A8
S2140450000000000000000000000000000000000097
S2140450100000000000000000000000000000000087
S214045020FFFFFFFFFFFFFFFFFFFF00000000000081
S2140450300000000000000000000000000000000067
S2140450400000000000000000000000000000000057
S2140450500000000000000000000000000000000047
S2140450600000000000000000000000000000000037
S2140450700000000000000000000000000000000027
S21404508000FFFFFFFFFFFFFFFF9C0000FF00000084
S2140450900000000000000000000000000000000007
S2140450A0800000000000FFFFFFFFFFFFFFFFFFFF81
S2140450B000000000FFFF00000000000000000000E9
S2140450C000000000000000000000000000000000D7
S2140450D00000FFFFFF0000000000000000000000CA
S2140450E000000000000000000000000000000000B7
S2140450F000000000000000000000000000000000A7
S2140451000000000000000000000000000000000096
S2140451100000000000000000FC0301010101010181
S214045120010101010101010101000000000000016C
S2140451300020000000000001010000200204110409
S214045140040211101A080A021801081110111A088C
S2140451500A04020D0B19195C0110280B0114000037
S2140451600000000000000000000000000001010133
S2140451700101010001010101010101000001010119
S2140451800001000101000000000000000000000013
S2140451900000000000010000000000000000000005
S2140451A00000000001FF010023E1010075E4010096
S2140451B063E2010063E5010062E1010079EB0100AE
S2140451C064EE010024E1010025E1010026E101006E
S2140451D027E1010028E1010029E101002AE101009C
S2140451E000000100800001000001010080010100B0
S2140451F0000201008002010020E201000003010019
S2140452000005010080050100000601002C8901004C
S214045210800601000007010001E5010002E5010027
S21404522000080100800801000040010086321010CA
S214045230FFFFFFFFFFFFFFFF09BC03000FBC0300D7
S21404524015BC03001BBC030021BC0300567777770C
S2140452507777777777777777777777775A69674245
S2140452606565416C6C69616E636530395A6967427D
S2140452706565416C6C69616E636530394E574B20C9
S2140452805374656572696E670000959695959505E5
S21404529007090D00000000000001020304060000D8
S2140452A087D4030022E803003CE8030053E8030025
S2140452B066E8030076E803008AE803009CE8030037
S2140452C0ACE80300C8E80300DDE803000208010DAB
S2140452D00D01010112010000FFFFFFFFFFFFFFFFAA
S2140452E000000000000000000109050100020000A3
S2140452F0000000031EF1EE0B085304001EF5030025
S21404530093FF0300FE0000003AF50300685404000F
S2140453100000000044F50300585404000000000098
S21404532051F5030048540400000000005EF5030035
S21404533038540400000000007CF5030024540400E4
S2140453400000000074F50300105404000000000080
S2140453507BF50300FC5304000000000089F50300FD
S214045360EC53040000000000FBF30300D8530400D1
S2140453700000000082F50300C8530400000000008B
S2140453808EF50300B4530400000000003ABA03008C
S214045390A453040000000000000000000000000009
S2140453A000000000512603009FF50300DCF503000F
S2140453B0010100FF09EA000005F603004AF60300AF
S2140453C0010100010107FF00C5E9000097F603008C
S2140453D002F70300010100FF05E9000023F70300BC
S2140453E03CF7030000010100FF00000063260300F1
S2140453F061F70300B9F703000101FF004B26030021
S214045400D0F7030027F8030001010207FF0000009D
S21404541045260300D0F7030027F80300010102071E
S214045420FF0000003F260300D0F7030027F8030020
S21404543001010207FF000000B9E8000048F8030075
S21404544087F80300010101FF59E80000A6F80300ED
S214045450EBF80300010000FF15E80000A6F80300BF
S214045460EBF80300010000FF9DE8000012F90300BA
S21404547018F7030000FF00003926030067F903004D
S21404548033240400FF00000033260300DAF9030087
S21404549033240400FF000000F5E7000049FA030087
S2140454A0BEFA030000FF0000CDE70000D6FA0300B2
S2140454B038FB030000FF00002526030049FB030019
S2140454C08FFB030002FF000095E7000098FB030033
S2140454D00CFC030001FF0000000000000CFF0300AA
S2140454E01100000018FF03001200000020FF030054
S2140454F01300000028FF03002100000030FF030013
S2140455002200000037FF0300230000003EFF0300D4
S214045510AA00000045FF0300FF0000000000000092
S214045520FFFFFFFFFFFFFFFF00000000000000007A
S214045530000001080109020A030B040C050D060EFF
S214045540070F081001180119021A031B041C051D75
S214045550061E071F08200121022203230424052512
S2140455600626072708280129022A032B042C052DC2
S214045570062E072F08300131023203380239043A66
S21404558008E004E104E204E802E902EA04F008F1AF
S214045590100000000000000004050000FC55040094
S2140455A002000F002456040002000F004C560400AC
S2140455B002000F007456040002000F009C560400FC
S2140455C002000F00C456040002000F00EC5604004C
S2140455D002000F001457040002000F003C5704009A
S2140455E002000F006457040002000F008C570400EA
S2140455F002000F00B457040002000F000000000071
S214045600DC57040003000000400000000000000017
S214045610190000000058040004000F008000000079
S2140456200000000000000000DC5704000300000037
S21404563040000000000000001900000000580400AC
S21404564004000F00800000000000000000000000BE
S214045650DC570400030000004000000000000000C7
S214045660190000000058040004000F008000000029
S2140456700000000000000000DC57040003000000E7
S214045680400000000000000019000000005804005C
S21404569004000F008000000000000000000000006E
S2140456A0DC57040003000000400000000000000077
S2140456B0190000000058040004000F0080000000D9
S2140456C00000000000000000DC5704000300000097
S2140456D0400000000000000019000000005804000C
S2140456E004000F008000000000000000000000001E
S2140456F0DC57040003000000400000000000000027
S214045700190000000058040004000F008000000088
S2140457100000000000000000DC5704000300000046
S21404572040000000000000001900000000580400BB
S21404573004000F00800000000000000000000000CD
S214045740DC570400030000004000000000000000D6
S214045750190000000058040004000F008000000038
S2140457600000000000000000DC57040003000000F6
S214045770400000000000000019000000005804006B
S21404578004000F008000000000000000000000007D
S214045790DC57040003000000400000000000000086
S2140457A0190000000058040004000F0080000000E8
S2140457B00000000000000000DC57040003000000A6
S2140457C0400000000000000019000000005804001B
S2140457D004000F008000000000000000000020010C
S2140457E020000000080000000400422130000000F1
S2140457F07458040000FF420030000000000000005F
S2140458000000F0084000000095580400010023043E
S214045810400000009D5804000600300140000000CF
S21404582000000000FDFF210240000000010000000F
S21404583019000004190001011900020419000301EB
S21404584019000504190006011900070404004100A4
S214045850710A010006004100592E03001900810058
S2140458606127010019008400ED310100008000006A
S2140458700000000006435553544F4D00000000003E
S214045880000000000000000000000000000000000F
S2140458900000000000FFFFFFFFFFFFFFFFFFFFFF0A
S2140458A0FF000401040104010401040104010401CD
S2140458B004010401040104010401FFFFFFFFFFFFCC
S2140458C0FFFFFFFFFFFFFFFFFFFFFFFFFFFFFFFFDF
S2140458D0FFFF000102030405060708090A0B1F1C44
S2140458E01F1E1F1E1F1F1E1F1E1F07021F012F0025
S2140458F037013F005701DF02E700FF020000000007
S214045900000000000000000000000000000000008E
S214045910000000000000000000000000000000007E
S214045920AB05040019000000B1050400FFFF0000E9
S214045930000000007C0604008706040093FF0300B2
S2140459408F0604009D06040093FF0300B0060400BF
S214045950BB060400C9060400CD060400DD060400E8
S2140459608FD50300ED060400F1060400FC060400CF
S21404597006070400100704001407040022070400A6
S214045980360704004C0704000080000000000000F6
S2140459900000000000000000FFFFFFFFFF00000003
S2140459A000000000C5B50100000000000000F03F44
S2140459B000000000000024400000000000005940E1
S2140459C00000000000408F40000000000088C34034
S2140459D000000000006AF8400000000080842E41A9
S2140459E000000000D01263410000000084D79741F5
S2140459F00000000065CDCD4108D9030064700400A2
S214045A00000000007210040054700400000000003F
S214045A1077100400447004000000000078100400AE
S214045A20347004000000000089F5030020700400B0
S214045A30000000007CF503000C7004000000000069
S214045A407D100400FC6F04000000000083100400B6
S214045A50EC6F04000000000087100400DC6F0400F4
S214045A600000000096100400CC6F04000000000044
S214045A70B3100400BC6F040000000000BC10040057
S214045A80AC6F040000000000D11004009C6F0400FA
S214045A9000000000CAE603008C6F0400000000004B
S214045AA0E11004004C6F040000000000E71404003A
S214045AB0A86604000000000094040400686604005D
S214045AC000000000E8100400A865040000000000C0
S214045AD0F1100400AC64040000000000FE10040092
S214045AE054600400000000001A0704002C5F040041
S214045AF000000000051104002C5F040001000000F3
S214045B0009110400EC5E0400000000000E110400FD
S214045B10B05D040000000000C7B30300B05D0400DD
S214045B2001000000FE1004005460040000000000A1
S214045B301511040054600400010000001A1104004A
S214045B407C5D040000000000241104007C5D040059
S214045B50010000002C110400AC5B040000000000EF
S214045B603FBB0300785B0400000000000000000058
S214045B700000000000000000885B040030110400F0
S214045B8093FF0300FE000000481104005067040061
S214045B9000000000BC15040040670400000000007C
S214045BA0000000000000000000000000BC5B0400D1
S214045BB04D11040093FF0300FE000000631104006F
S214045BC0D06804000000000069110400C0680400E6
S214045BD0000000006F110400B0680400000000001C
S214045BE078110400A06804000000000079B80300DF
S214045BF0906804000000000083B6030058680400A0
S214045C000000000091BF0300446804000000000088
S214045C108211040034680400000000007EBB030008
S214045C2024680400000000008711040014680400BF
S214045C30000000008E110400046804000000000048
S214045C402ACA0300F467040000000000931104004D
S214045C50485D0400000000009A110400F05C040093
S214045C6000000000A2110400BC5C04000000000058
S214045C70AE110400885C0400000000000000000070
S214045C800000000000000000985C0400B911040045
S214045C9093FF0300FE00000003D0030070670400B7
S214045CA00000000061F103006067040000000000CB
S214045CB0000000000000000000000000CC5C0400AF
S214045CC0DA11040093FF0300FE00000003D0030073
S214045CD0906704000000000061F103008067040080
S214045CE000000000000000000000000000000000AB
S214045CF0005D0400FC11040093FF0300FE00000096
S214045D001A120400E0670400000000000B170400E9
S214045D10D06704000000000029120400C0670400D5
S214045D20000000002E120400B0670400000000000B
S214045D3035120400A0670400000000000000000004
S214045D400000000000000000585D04003A12040041
S214045D5093FF0300FE000000C5CF03007C68040028
S214045D6000000000571204006868040000000000E9
S214045D700000000000000000000000008C5D04002D
S214045D805F12040093FF0300FE0000007B12040071
S214045D9010690400000000001A07040000690400EB
S214045DA000000000000000000000000000000000EA
S214045DB0C05D04008012040093FF0300FE00000090
S214045DC099120400C06904000000000086CC030099
S214045DD0B069040000000000A2120400A0690400D8
S214045DE0000000007B120400F068040000000000BD
S214045DF0A7120400E068040000000000B4120400C7
S214045E00AC5E040000000000C2120400785E0400C9
S214045E1000000000D0120400385E040000000000F9
S214045E20E8100400A865040000000000000000005C
S214045E300000000000000000485E0400D9120400C0
S214045E4093FF0300FE000000BB48040090690400B2
S214045E5000000000CC480400806904000000000034
S214045E60B7E00300706904000000000000000000B2
S214045E700000000000000000885E0400F712040022
S214045E8093FF0300FE00000021130400E0690400F1
S214045E9000000000A2010400D06904000000000015
S214045EA0000000000000000000000000BC5E0400CB
S214045EB02813040093FF0300FE0000003FBB03000A
S214045EC0146A04000000000061F10300046A040080
S214045ED0000000000B170400F06904000000000036
S214045EE0000000000000000000000000FC5E04004B
S214045EF04813040093FF0300FE0000003FBB0300AA
S214045F00446A04000000000068130400346A0400B5
S214045F100000000061F10300246A04000000000091
S214045F200000000000000000000000003C5F0400C9
S214045F306F13040093FF0300FE000000891304009F
S214045F40786B04000000000051D10300686B040065
S214045F5000000000BC130400586B0400000000009E
S214045F6079B80300486B0400000000008AB80300F8
S214045F70386B0400000000008E130400286B040035
S214045F8000000000A6130400186B040000000000C4
S214045F90AF130400086B040000000000B6130400EE
S214045FA0F86A040000000000C2130400C86A040073
S214045FB0000000000B170400B86A0400000000008C
S214045FC0D1130400A86A04000000000076E1030070
S214045FD0986A040000000000D6130400886A0400CF
S214045FE000000000ED130400786A040000000000BE
S214045FF001140400646A0400000000001114040084
S214046000546A040000000000201404002060040009
S2140460100000000000000000000000000000000077
S214046020306004002514040093FF0300FE00000003
S2140460303C140400E86A0400000000004514040050
S214046040D86A040000000000000000000000000001
S214046050000000006460040093FF030093FF030045
S214046060FE0000004C140400E86604000000000073
S214046070591404002C650400000000006214040097
S2140460806C64040000000000751404003864040006
S21404609000000000831404000464040000000000F0
S2140460A091140400D0630400000000009F14040050
S2140460B03863040000000000B014040010630400F9
S2140460C000000000BD14040070620400000000001C
S2140460D0C81404001862040000000000DB14040066
S2140460E0F0610400000000006DF403008C610400FD
S2140460F000000000EE1404004C61040000000000E0
S214046100F9140400186104000000000000000000F8
S2140461100000000000000000286104000C150400C4
S21404612093FF0300FE00000030150400986B040083
S2140461300000000036150400886B04000000000010
S2140461400000000000000000000000005C61040085
S2140461503A15040093FF0300FE00000073D1030009
S214046160C86B0400000000006C150400B86B040043
S2140461700000000078150400A86B0400000000006E
S2140461800000000000000000000000009C61040005
S2140461908E15040093FF0300FE0000003FBB0300BF
S2140461A02C6C04000000000061F103001C6C040069
S2140461B00000000067F103000C6C040000000000FF
S2140461C003D00300F86B040000000000AA150400C6
S2140461D0E86B040000000000C1150400D86B04003E
S2140461E000000000000000000000000000000000A6
S2140461F000620400CD15040093FF0300FE000000B7
S214046200F21504003C6C04000000000000000000CE
S214046210000000000000000028620400F7150400D7
S21404622093FF0300FE0000001B1604008C6C0400A1
S21404623000000000681304007C6C040000000000EA
S214046240271604006C6C0400000000002E160400E0
S2140462505C6C0400000000003B1604004C6C040058
S2140462600000000000000000000000000000000025
S214046270806204004616040093FF0300FE0000003C
S214046280B41404003C6D040000000000631604000F
S2140462902C6D04000000000008D903001C6D0400E7
S2140462A00000000036E803000C6D04000000000047
S2140462B01B140400FC6C04000000000073D10300EF
S2140462C0EC6C0400000000006A160400DC6C040099
S2140462D00000000075160400CC6C040000000000EA
S2140462E082160400BC6C0400000000009216040031
S2140462F0AC6C040000000000A51604009C6C0400AE
S2140463000000000000000000000000000000000084
S21404631020630400B716040093FF0300FE00000089
S21404632008D903004C6D04000000000000000000C3
S214046330000000000000000048630400D5160400B6
S21404634093FF0300FE00000073D10300BC6D04003D
S2140463500000000036E80300AC6D040000000000F6
S2140463601B1404009C6D040000000000F8160400D2
S2140463708C6D0400000000002412040090630400E6
S2140463800000000000000000000000000000000004
S214046390A06304000F17040093FF0300FE00000030
S2140463A00B1704007C6D04000000000003D00300FB
S2140463B06C6D040000000000251704005C6D0400EA
S2140463C000000000000000000000000000000000C4
S2140463D0E06304002E17040093FF0300FE00000091
S2140463E03FBB0300DC6D04000000000061F1030005
S2140463F0CC6D040000000000000000000000000057
S21404640000000000146404004E17040093FF030009
S214046410FE0000006E170400FC6D0400000000007F
S21404642081170400EC6D040000000000000000006A
S21404643000000000000000004864040097170400F1
S21404644093FF0300FE000000B71704001C6E040050
S2140464500000000086CC03000C6E04000000000060
S2140464600000000000000000000000007C6404003F
S214046470C117040093FF0300FE00000073D103005D
S2140464804C6E040000000000E61704003C6E040096
S21404649000000000FE1704002C6E0400000000003C
S2140464A0000000000000000000000000BC640400BF
S2140464B093FF030093FF0300FE0000000F18040080
S2140464C0D464040000000000000000000000000087
S2140464D000000000E464040093FF030093FF03003D
S2140464E0FE0000001B1804009C6E04000000000060
S2140464F00B0704008C6E0400000000002118040042
S2140465007C6E040000000000251804006C6E040075
S21404651000000000291804005C6E0400000000005F
S2140465200000000000000000000000003C650400BD
S2140465303918040093FF0300FE0000003FBB03006D
S2140465401C6F040000000000541804000C6F0400C4
S2140465500000000067180400FC6E04000000000041
S21404656061F10300EC6E04000000000074180400DF
S214046570DC6E04000000000085180400CC6E0400E5
S2140465800000000093180400BC6E04000000000025
S214046590A4180400AC6E0400000000000000000014
S2140465A00000000000000000B8650400B1180400F4
S2140465B093FF0300FE000000CB18040040690400AB
S2140465C000000000FE18040030690400000000000B
S2140465D03919040020690400000000005019040062
S2140465E034660400000000005A1904000066040023
S2140465F00000000000000000000000000000000092
S214046600106604005E19040093FF0300FE000000F9
S214046610BB4804006069040000000000CC48040085
S21404662050690400000000000000000000000000A4
S21404663000000000446604007D19040093FF030074
S214046640FE0000009ECC03003C6F04000000000027
S2140466500B1704002C6F040000000000000000006C
S2140466600000000000000000786604009019040092
S21404667093FF0300FE0000003FBB03007C6F040092
S21404668000000000211304006C6F040000000000EA
S214046690A20104005C6F040000000000000000007B
S2140466A00000000000000000B8660400AB190400F7
S2140466B093FF0300FE0000003B16040094700400E1
S2140466C00000000073D10300847004000000000082
S2140466D008D90300747004000000000000000000E5
S2140466E00000000000000000F8660400CB19040057
S2140466F093FF0300FE000000E9190400E4700400A0
S21404670000000000F3190400D47004000000000028
S214046710FE190400C47004000000000089F503009C
S214046720B4700400000000000D1A0400A4700400F5
S2140467300000000000000000000000000000000050
S21404674017260300181A040093FF0300FF00000036
S21404675013260300251A040093FF0300FF0000001D
S21404676009EF0000371A040093FF0300FF0000003F
S214046770A5EE0000641A04002C22040001FF0000A9
S21404678009EF0000A41A040093FF0300FF000000B2
S214046790A5EE0000D21A04002C22040001FF00001B
S2140467A03DEF0000131B0400341B040000FF000030
S2140467B03DEF00003D1B04009A1B04000000FF0090
S2140467C0B9EF0000A81B0400C11B0400010001FF70
S2140467D025F00000E61B0400281C04000102FF004C
S2140467E0B9EF00003E1C04006D1C04000100010209
S2140467F0FF00000035ED00009E1C0400DA1C0400B7
S21404680007FF000055ED0000E01C0400131D040003
S21404681001FF000069ED00001B1D04006B1D040051
S2140468200100FF00C5ED0000801D0400D11D04001A
S2140468300101FF0099ED0000E11D04001B1E040089
S21404684001FF000019EE0000231E04006C1E040065
S214046850010000010707FF0055F00000BE1E0400FB
S214046860131D040001FF000055F10000061F04007C
S2140468704A1F0400010700010700FF0075260300F5
S2140468809F1F0400E51F04000107000101FF00002C
S214046890DDF00000212004005C200400010000FF5D
S2140468A0ADF000007A200400BE2004000100FF00C2
S2140468B07DF00000D1200400BE2004000100FF008B
S2140468C025F10000102104001B1E040001FF000037
S2140468D095F100004B2104007C2104000100FF0018
S2140468E0C5DA000093FF03008A210400000707FFAF
S2140468F069DA000093FF0300A3210400000707FFE2
S21404690075DF000093FF0300AF21040007FF0000BB
S21404691075DF000093FF0300AF21040007FF0000AB
S214046920C725030093FF0300B42104000000FF0002
S21404693051DF000093FF03009DF8030001FF0000F1
S21404694019DF000093FF0300EC21040000FF0000A1
S21404695049DA000093FF030093FF0300FF000000E2
S21404696049DA000093FF030093FF0300FF000000D2
S2140469709D25030093FF030093FF0300FF00000020
S2140469809D25030093FF030093FF0300FF00000010
S2140469909D25030093FF030093FF0300FF00000000
S2140469A019DA000093FF0300222204000101FF000D
S2140469B005DA000093FF03003722040001FF0000FD
S2140469C09925030093FF030093FF0300FF000000D4
S2140469D0CDD90000FF12040093FF0300FF0000005F
S2140469E0CDD900004122040093FF0300FF000000FD
S2140469F04DDB00006222040079220400000100003E
S214046A0007FF0000952503009F22040093FF030060
S214046A10FF000000C9D80000B922040093FF030059
S214046A20FF0000000F260300E722040093FF030084
S214046A30FF00000001260300012304008321040054
S214046A4000FF000049E200002623040093FF030031
S214046A50FF0000009DD700004023040093FF0300BE
S214046A60FF00000031D7000063230400E023040085
S214046A7000000310FF0000000DD8000035240400B9
S214046A80A324040001FF0000E1D70000B82404009A
S214046A90FB24040000FF0000F5D600000C250400CB
S214046AA093FF0300FF000000932503003B2504002A
S214046AB093FF0300FF000000D1D6000087250400E2
S214046AC08321040000FF00009DD60000C8260400B1
S214046AD01D27040000FF000081D6000037270400AD
S214046AE093FF0300FF00000065D60000472704005C
S214046AF093FF0300FF000000832503005B270400C8
S214046B00D927040000FF000035D6000064280400DE
S214046B1093FF0300FF000000F1D500008128040065
S214046B20AC28040007FF0000B1D50000B628040016
S214046B300F290400000500FF69D50000C2290400DF
S214046B40D52904000002FF0045D50000042A0400ED
S214046B5093FF0300FF00000083250300162A0400A9
S214046B60502A040000FF0000D9D40000D62A0400EE
S214046B701C2B0400000301FFC9D40000BC2B040036
S214046B80022C0400000301FF65500100A22C04003F
S214046B9093FF0300FF0000001B320300CA2C04000E
S214046BA0452D040002FF000075F500009A2D040030
S214046BB03324040000FF000041F50000C22D040049
S214046BC03324040000FF0000F1F40000DB2D040071
S214046BD093FF0300FF00000071420100F42D04003F
S214046BE093FF0300FF00000049420100412E040009
S214046BF093FF0300FF000000D54101006C2E040043
S214046C00922E040000010100010102FFAD410100C3
S214046C10113004003930040000FF00008D410100EB
S214046C206030040093FF0300FF000000D54001001D
S214046C308A30040093FF0300FF000000ED300300D9
S214046C40A330040093FF0300FF000000A5350100F5
S214046C50C9300400FA3004000002FF004F2F03007E
S214046C605731040093FF0300FF0000004B2F03007E
S214046C708431040093FF0300FF000000593501002F
S214046C809F310400C931040000FF000019330100DD
S214046C90F931040093FF0300FF000000951E010075
S214046CA00C32040093FF0300FF0000007D1E010069
S214046CB02432040093FF0300FF000000C72E0300E5
S214046CC03D32040093FF0300FF000000B32E0300D0
S214046CD06A320400E432040000FF0000253201009A
S214046CE02333040093FF0300FF0000001531010066
S214046CF09B33040093FF0300FF000000391D0100CE
S214046D00DF33040093FF0300FF0000001D1D010095
S214046D10FC33040093FF0300FF000000951D0100F0
S214046D20A734040093FF0300FF000000891D010040
S214046D30353504007A35040000FF0000551D0100B7
S214046D40B13504000236040000FF0000811B010078
S214046D503536040093FF0300FF00000019100100FD
S214046D6061360400CA3604000000FF001910010052
S214046D701F370400813704000000FF00B91001002B
S214046D80C6370400F93704000002FF00212E030072
S214046D904E3804009C38040007FF0000ED11010083
S214046DA0B838040093FF0300FF0000000110010040
S214046DB0DC3804000139040000FF00000D11010056
S214046DC05A39040093FF0300FF000000D1090100B4
S214046DD09739040093FF0300FF000000990901009F
S214046DE0C139040093FF0300FF000000F92C0300E0
S214046DF0FC3904006B3A040000FF0000F5020100B1
S214046E00BC3A04003B3B040000FF0000EB2C0300EC
S214046E10813B0400D33B040000FF0000CB2C03009E
S214046E201A3C0400673C040000FF0000BDFB0000A1
S214046E30B13C0400E73C040003FF0000F5FB00003F
S214046E40223D0400683D040003FF0000A5FA00008C
S214046E50BE3D040093FF0300FF000000572C030010
S214046E60EE3D04002C3E040000FF0000512C0300FD
S214046E703C3E04002C3E040000FF00004B2C0300A4
S214046E80633E04002C3E040000FF0000452C030073
S214046E908A3E04002C3E040000FF00003F2C030042
S214046EA0B23E04002C3E040000FF00001B2C03002E
S214046EB0DB3E040093FF0300FF000000212C0300C8
S214046EC0FD3E040093FF0300FF000000F5F70000FA
S214046ED0253F04005E3F04000001FF0021F8000087
S214046EE07F3F040093FF0300FF0000001D2C0300F7
S214046EF0AA3F040093FF0300FF000000DDF7000034
S214046F00C53F040093FF0300FF00000099F700004C
S214046F10E03F04000D40040000FF000081F700007D
S214046F202840040093FF0300FF000000C9DF0000B0
S214046F305340040093FF0300FF000000C9DF000075
S214046F407A40040093FF0300FF000000B9D4000059
S214046F508B40040093FF0300FF00000085D400006C
S214046F60A0400400C740040000FF000085D40000D1
S214046F70D7400400C740040000FF00001DD40000F2
S214046F80FE40040093FF0300FF0000007B2503007F
S214046F901941040093FF0300FF00000079D00000AD
S214046FA03C410400A641040000FF000059D0000044
S214046FB0C941040093FF0300FF00000041EC0000F9
S214046FC02F430400BC430400010000FF25EB00002F
S214046FD0D94304002D44040000FF000059EB0000D0
S214046FE042440400944404000100FF00C5EA000083
S214046FF0AA440400974504000107FF007F25030008
S214047000A745040093FF0300FF00000025E40000EA
S214047010B8450400CA450400000101000007FF004B
S2140470201DE30000054604001646040000010100A6
S214047030FF00000059EB0000654604007646040095
S214047040010000FF95E2000065460400A84604001F
S21404705000FF000005830100B946040093FF030007
S214047060FF000000ADD000000547040093FF0300B6
S214047070FF0000007752030093FF030093FF030012
S214047080FF000000CD90010093FF030093FF030070
S214047090FF0000009190010093FF03004A4704009C
S2140470A002FF00003D9801005247040093FF0300CE
S2140470B0FF000000C99701007E470400A1470400B2
S2140470C00200FF00F9520300CA47040093FF0300BE
S2140470D0FF000000A5970100EC4704000A480400DE
S2140470E002FF00007D9701001F4804000A480400C0
S2140470F002FF000001000000B04C00200000000069
S21404710000000000FFFF0000FB2B0300000000004F
S21404711003000000FFFF0100D92C0300000000005C
S21404712004000000FFFF0100672D030000000000BC
S21404713004000000FFFF0000EB2D03000000000029
S21404714006000000FFFF00005D2E030000000000A4
S21404715019000000FFFF0100F32E030025180400A9
S214047160D4670020000000000000000000000000BB
S2140471700000000076480400E071040000000000EF
S2140471807C480400F8520400000000008348040011
S214047190C854040000000000BC150400B8540400E1
S2140471A0000000008C480400A854040000000000FE
S2140471B09E4804009854040000000000AD480400F3
S2140471C08854040000000000BE48040078540400FC
S2140471D000000000000000000000000000000000A6
S2140471E0F0710400D048040093FF0300FE00000082
S2140471F0EB480400087204000000000000000000D1
S21404720000000000000000000B570300F0480400D4
S21404721093FF0300FF03010001013F040201003F46
S214047220040202003D040202003D040102000102C1
S2140472300003010002023D040201000202020100F2
S21404724002020000002020202020202020202828C1
S214047250282828202020202020202020202020200D
S214047260202020202088101010101010101010104D
S214047270101010101004040404040404040404107D
S214047280101010101010414141414141010101010B
S21404729001010101010101010101010101010101D5
S2140472A010101010101042424242424202020202E1
S2140472B002020202020202020202020202020202A5
S2140472C01010101020000000000000000000000055
S2140472D000000000000000000000000000000000A5
S2140472E00000000000000000000000000000000095
S2140472F00000000000000000000000000000000085
S2140473000000000000000000000000000000000074
S2140473100000000000000000000000000000000064
S2140473200000000000000000000000000000000054
S2140473300000000000000000000000000000000044
S214047340000000000000000000000000A001000093
S21404735080130020000210004C510020201500204D
S2140473600000020800000000FFFFFFFFFFFFFFFF12
S214047370FFFFFFFF00000000000000000000000008
S21404738000000000000000000000000020000000D4
S21404739015C4010010000000F5C40100000000013F
S2140473A0000001010001010120C001B80000000036
S2140473B000000000FFFFFFFFFFFFFFFFFFFFFFFFD0
S2140473C0FFFFFFFFFFFFFFFFFFFFFFFFFFFFFFFFC4
S2140473D0FFFFFFFF000102020303040506080C0C6E
S2140473E00C00010203040707C8C8C8C8C8C8C8C830
S2140473F0C8C8C8C8030404080808080800B801B8C0
S21404740002B800B0E88F0400D08F04000304040818
S2140474100805000000000000000000000000000056
S21404742000000000EA06000048704C0F44700E0E80
S21404743030707E1302989A173870340F34705A0FCF
S214047440307048102C7048102870D0112470E81141
S21404745020703E0F1C70901218700C1314703A0FA4
S214047460B110086001D80A7104B87F78020C7E78DF
S214047470641000C6881F00A01DB8707803B018609A
S2140474800F3027B30F330111C04806987C0229B089
S214047490086001D8087109DD047109BB1110166073
S2140474A0A048086004100112FF3221500860D0483A
S2140474B0086000880698381400C4441F00A000BA68
S2140474C003DF107109DF0672029836031DB8507880
S2140474D000A04413281441158110086002D81471C2
S2140474E010880698201900C014C000B80698861B99
S2140474F00091069892020160B83020D806711EBC2E
S214047500637C784D5412F03240DE0472404804DB4B
S21404751008720DDD0C72044BEF3014480698F20422
S21404752000C4E04000544412086201322140087C42
S214047530811140D91C72B1123032CF4A013AB1DA05
S214047540107208D8067104D80871804C237C5670D3
S214047550684C441200C4A41E00A04414413AF32408
S2140475600164415C412A047580B800C4604000543C
S21404757081D8367140D90472237C084B0698F204ED
S21404758004BA1CB9767900C1204001B835797F2148
S2140475906121007906B906A901D80671029810027D
S2140475A0804C307C0298640208D86A7100C154404A
S2140475B000B8141110D95E71584C441280BDA26DE7
S2140475C0FF25784C4412FC22513A2814104C00C271
S2140475D00CC101B82412281408622814086228145E
S2140475E008622814304C304C00C11C4000B81411FA
S2140475F01814086100C5284001B85415FF350471F5
S21404760010491814B04C44120862013206710298EC
S2140476100401804C08D80C7107BA24D8047106BA41
S214047620187004D80C7101BA40D80E7102BA0A70E8
S21404763005BA20D8047203BA204C4411C04C18145E
S214047640086118149111383111429111186110D93A
S2140476500472EF3200C1084001B8141110311E61E3
S21404766011422814A1110861181406986C1B1814EA
S21404767000C1084001B814111861FF31181400C184
S214047680448001B81411181408611814308802488C
S21404769006989403009308DB047101F800A027B051
S2140476A00F3000A01088B111186180D90A7100C18A
S2140476B0884000B80811009100A000C4684000B8D3
S2140476C0441000A000C088400050041182610410D9
S2140476D082601050F07200A054155045127106983E
S2140476E002050698920407B8707802B841781EBA64
S2140476F05B7A5C7A5D7A00C220C001B824120698D0
S2140477002A1900C5481F00A05415511400C3FF01D0
S2140477100000313D09647F3406989C0201585128C4
S2140477200475015841280E758111086102D9047246
S214047730FF0FCC7007B8727800F8EBBD00C0441F8A
S21404774000A00411113D10D91271FF33186300C153
S214047750781002B8381107B97479581000A0069842
S21404776092020D300472044809DC0472084800C111
S2140477701CC101B8141100C3D01E00A09115043515
S2140477801A7218131CBB08D804716C7B04D80471D5
S2140477906A7B1DBB2F7C5B7B1670044B18131CBBCB
S2140477A008D804716F7B04D804716D7B217C0C307F
S2140477B0026006987E040698C40B00B8B1111861DE
S2140477C040D906720298580401BC00C2084001B8A9
S2140477D000DC0A7124150265604A0A702C4A2415D6
S2140477E008654C4A043508D90471202400C13C1F9E
S2140477F000A0141200DC327120D8067101B80C7097
S214047800F0DA0C720CDB087102B806988604482479
S21404781000C3384101B834138F7B0E7102B991133B
S21404782008DB047203B928707C4914111110FD306A
S2140478300DDC1C7200C0A01E00A0041080D81071BD
S21404784000C0448001B80410E5200475804900C3D4
S214047850884000B8FFB8012011410871014118138F
S2140478600824014200C1284000B8141101411C65D7
S2140478705141911520351E6551411813281348139C
S21404788000C3844000B8341003D81671073005DCF2
S2140478901071B1108F780A7200C384C40350217B20
S2140478A01DB8507800B800C13C1F00A014121C601C
S2140478B02150F0300152281100A04024076400C073
S2140478C0FFFF0100013C17B002200158402806754E
S2140478D018AC01EC00A0208800C020C001B8041237
S2140478E017B4211304123052F8711964402400C3EB
S2140478F05C1F00A0341014110698F60D196100924E
S21404790011592129067600BB11590698D60D8762AF
S214047910313B0472215A412A00A000C2686000B8B4
S214047920B8B91F610D49181200A0308801B9116159
S21404793000C30000C0FF3110312800BC002D0C75B8
S214047940115418AC01EC312DF470196451134155DF
S214047950312C009300A000C3C00FFEFF50B2313A92
S214047960014250AA00A006983E07FFB08678087128
S2140479705CB86B786E7800C2548001B800C0D81F1B
S21404798000A004100812B822217A237A52B841784B
S21404799001B80C6021A809B819604CA800C0FFD132
S2140479A0C1FF4FB2013A00C0002E300001424FAA78
S2140479B024B86E78ACB9FFB004D804714CB923A9C6
S2140479C00698A80500C01390010006982E0500A08E
S2140479D00698020519B81460FFB28C620F32826AE8
S2140479E0214006982E0549BC21B952B849B207DE93
S2140479F02A7105DE0871627C607C1D0C61796778EB
S214047A0064786B786278657863786078617C010C5A
S214047A10010C6878020C69786C78020C00C22C8021
S214047A2001B8277A287A267A6A78050C41790A0CEE
S214047A30B11040D806710298BA06784A2B7A327A80
S214047A40584A247A00C400011100404A00C0108439
S214047A5000000812508800C584100100FBAD10BD5C
S214047A6001BB8A6B21B9FAA9C44A1812217A227A70
S214047A7000C0341F00A00410FCA8826441103030FB
S214047A800129F9A9F8ADFBB08260FBA80330A06514
S214047A902110044820EC237A0410037A184A24118F
S214047AA0DC4A01580029241004753150F8B11150ED
S214047AB081632A71514031400812FCB18461FCA9EB
S214047AC00F310E7117B0112817B111591028FA7614
S214047AD0C44AF9B11812217A227AA07000950812C5
S214047AE0F8A800C20C8001B8207A844A00B80812AC
S214047AF0020CA44A087A020C21B84178784A0B7A18
S214047B00127A00C2C81F00A0FFB008D80472184A30
S214047B10241000DC0A7140A80422241041A8069808
S214047B209C0200C2481F00A02410015100C4FF019B
S214047B30000041391150081200A006983E0700BC08
S214047B4000C20C8001B8217A52B84978020C4878F1
S214047B50020C49B8417852AC21AC204A087A067A1D
S214047B60077A49AC00A059B840785AB101D9FC72DA
S214047B70427857B8407858B101D9FC72427800A0D0
S214047B8000C20C8001B8217A227A21B8547852B8FF
S214047B90BC4A24119979127107B915614CA9617808
S214047BA000BB03BC0C64147009B919614CA9417874
S214047BB001BB126300C4002E300000C0FFD1C1FF19
S214047BC04FB1013941414FA9E44AC8B8081224AB61
S214047BD04CB823A80698A80500C004900100FFB17D
S214047BE086790471084806982E0500C0800900406E
S214047BF040A809B8FFB108D9047103B853A8B11056
S214047C0004D80C7156BB607B57BA627A607A02D885
S214047C100C7156BB607B59BA627A607A04B86E7887
S214047C203DB8607800C05638000000C1B08001B886
S214047C3014119979087200C0D604000000C124C04B
S214047C4000B814119F79047208484CA82EB8FFB1E6
S214047C5008D906714AA804704BA80FB834A800C007
S214047C600C5E000046B2014246AA00C12C4001B890
S214047C70141108610631087100B906985011069867
S214047C803E14B11101D90E710698921B02D90672E0
S214047C900698A00C06983814511406989204069870
S214047CA02A110698641700A006984E1701D80A7180
S214047CB01CB85B7807B8757800B84CA84AA84BA8D7
S214047CC000C0F321FFFF46B1013946A904B86F7816
S214047CD000A0FABC1964415C512C00C0581F00A0D7
S214047CE00410012C0675069892040698780FB110B5
S214047CF0186005D8327140BA06980E1404B8657830
S214047D00911004D816711CB86E7800C0684000B88C
S214047D1021780698781101400A721DB842780698B0
S214047D204A1402985E0B1DB8717804B86C7841B892
S214047D30427863784478FFB104D906720298CA0977
S214047D4000C004900100FFB18679047108480698C3
S214047D502E0500C32C1F00A000C274C000B8241453
S214047D60481300BC48121C4B1C4A2414481300BC7D
S214047D704812084B584A2414481301BC48124ABAFD
S214047D80447A427A4BBA447A427AFFB086780472CE
S214047D90617A4CBA647A657A3DBA607A4DB942B86B
S214047DA03FBB5B7966796179020C6479050C63796B
S214047DB06079050C627965795A7900C2340102B893
S214047DC0241305B819603140081242B86A78020CC8
S214047DD04A78020C40BCFFB208DA06714ABA06704A
S214047DE04BBA627A657A677A667A6A79667B0298AB
S214047DF0A40A00C32C1F00A000C274C000B8241438
S214047E0048131C4B1C4A241448133FBC48121C4AF3
S214047E1000BC4812084B444A2414481301BC4812B8
S214047E204ABA647A627A4BBA647A627AFFB3867B19
S214047E300472617A4CBA647A657A3DBA607A01D97A
S214047E404E71647800C1708001B800C080000800DC
S214047E5008110698860B42B861784DB97F797E7909
S214047E606A7868786278020C7B790F0C7A79140C3D
S214047E707479417860787579050CFFB208DA067172
S214047E804AB804704BB8657801BC1664407002D9D1
S214047E903C710698860B42B84DB9687840784178AC
S214047EA07F797E797B790F0C7A79140CFFB208DA25
S214047EB0087171794ABA067070794BBA7279657A24
S214047EC06A78020C4A78050C01BC1664020C4179E7
S214047ED040790C0C00C04C0102B848100698F20415
S214047EE000C4784000B8007C00C0A01E00A00411A6
S214047EF080D93271911104D92C727F20212004116B
S214047F00FD310DDD207200C0448001B80411E52166
S214047F10147600C0244001B804118A790871207CC4
S214047F20104C207C2AB86278511400C0581F00A058
S214047F300410012C17B001118768015841280E76E9
S214047F4005218769415C412D112D0670069892041F
S214047F5042B84DBB7C7B6478020C29B8687851140F
S214047F60404406750698920442B844782AB8427883
S214047F70FFB101D90C7100C1548001B8CBB8081107
S214047F80911004D8147100C0A01E00A0041080D85C
S214047F90067107B8537800F807B800C1CC1E00A0D5
S214047FA000C220C001B824122811777800F8B11056
S214047FB09478387106989C02E4B91159112806760B
S214047FC000B80C70A0B9115901290475A0B88260D4
S214047FD000C3C01F00A03413012B341000C3FFFFDE
S214047FE000FF42B13139114042A800A01DB091787B
S214047FF0FA7142B86478020C00BA29AA00C4548004
S21404800001B842B84DB900C3C04001B83413977BD9
S214048010047240EC020C44785C7953AA0A0C2814C7
S21404802042B84DB9FFB301DB2671244C00C3FF0FE1
S214048030FF0138145479407841785579020C5B79FD
S2140480405A79140C5F795E794A784278347002DB88
S2140480501471527951795079020C5B795A795F79A7
S2140480605E791E7004DB1A7100C4FF07000000C3AB
S214048070342102B848133FBB467B020C5B795A791D
S2140480803DBB407B4CBB447B457B00C3301F00A0FC
S2140480903414403C207100C068C000B8481028134F
S2140480A01C4B1C48341448102813144B44483414EE
S2140480B0481028134AAA4BAA04B86D781DB85178FC
S2140480C05CB84B784E7800A000C074C000B80411A9
S2140480D0108800B9181068480411108801B90B619B
S2140480E018102C4804111088008800C1231C0000B6
S2140480F018104AB864784BB86478260C28B000C1C7
S214048100FFFF0FF0113871B90B61114028A828B988
S2140481107379747900C21010303045AA54790E0C65
S21404812000C0E84001B8041100C23030101045AA5F
S2140481300E0C0410008810880698620D00910090BA
S21404814020888F618F600698620D0090886A2140AF
S2140481500112906A035800C13F3F00001138FFBC6B
S214048160022441281138014245AA28B953794AB84D
S21404817044784BB8447800900091181000912C482D
S214048180181000916848181000A09168436091691F
S2140481904361115B012B112841603128315B00BA21
S2140481A0302806763128204A41633028067631285E
S2140481B0104A4163302806763128084A416330283D
S2140481C006763128044A4163302806763128024A66
S2140481D0416330280476014A00A0115910D906716B
S2140481E00860086008D90471086004D90471046042
S2140481F002D90471026001D90471016000A000BABA
S21404820001D806710148112A1F61016001D8F6726F
S2140482100138F67200A000C220C001B82412115919
S2140482202129127300210E7100C238C001B824122D
S2140482300121212900A002B020D8147100C0B01E6C
S21404824000A0041002B9457906987613EA7003B0C4
S2140482509F78087200B806A800F806983E0700C57E
S214048260641F00A05088044D1CBC00C0B41E00A0AF
S214048270811101D91E71407C009501150C4D508862
S214048280044DFFBB1863315B04110698EE0D3129CB
S214048290F8750698681A54150698921B01D9087240
S2140482A00698580706700698F4071CBB547B069875
S2140482B04E1701D8067202981A0FFFB9012110381A
S2140482C0F67281129B7AF07100C2448001B82414BD
S2140482D000C0C01E00A0041001130020041040506B
S2140482E00C7200B90698280F18B90A7018B90698BF
S2140482F0280F00B900B806981E0F704A08B80698EA
S2140483001E0F00C2284000B814B806981E0F00C2FC
S214048310EC4001B80CB806981E0F202210B8069838
S2140483201E0F108830880698580700930091069808
S214048330280F00C0C41E00A00412FFB90121214169
S2140483401810009500F8312811280410081200A00F
S21404835004B831281128F8B1181000A0069880082F
S2140483600E700698C40B0698800806987212069833
S21404837012079112211900C02C4001B80A78097816
S21404838000F810B901BA0698041406982A1106983B
S214048390641700C5641F00A081109D78FC7200F865
S2140483A0911203321CB900C3A01E00A0341300C4EB
S2140483B0B04000541DB84278707903DE06714478E4
S2140483C03A707179A11020D806710298541080DB97
S2140483D01C7102D8187205B80814A110103002488F
S2140483E0081400B808149110086008141DB86278C0
S2140483F0A11000DC0676517900BA06984E1701D80B
S2140484002272911120311D61911004D80E7200C1A0
S214048410501F00A0141101D90A7120880698501123
S214048420009200C1204000B801DB1871084C03DE3E
S2140484300471904C441400C3FF1F0000413BFF230B
S2140484403811944900C3384101B83413086380DBFB
S2140484500C7103BA186206983C10087018620698E5
S2140484603C100C490879097914102140081100A021
S21404847000BD0698760210B903DC047100B901BA8F
S2140484800698041402D9067100404E7203B11861AE
S2140484900F3106987811FFD82872811008D8187101
S2140484A006DD0A710698760203DC0C720698BC1187
S2140484B006984A140C7006DD10710698C2114870AE
S2140484C020B804A806DD10720698800806981207DD
S2140484D001F840B804A800F800C0A01E00A00413C9
S2140484E0086301DB227191100111186111381DB95E
S2140484F010D8087144790298541002DBFA72A1135A
S21404850028DBF47203BD06981E11069880081DBA6F
S2140485107F7A0698F20400C5681F00A006987602C3
S21404852000BA03DC1672044DA11002D804711C4D67
S21404853000C10CC101B80698AE045415212D069846
S2140485403E050298AA0891100155033551500119A9
S21404855000A000C14C1F00A0141001D842710148AD
S2140485600860FE200E75811020D8087100C1501FC7
S21404857000A0141101D9287100C02C4001B80412BF
S214048580215108610F3118611152281000C00840AB
S21404859001B804119112215120311152211900A061
S2140485A0811380DB067201B800A000C314C001B8B2
S2140485B0341006302E726C4B34121C4B3410186078
S2140485C002302072811080D8DE713410014A0862AD
S2140485D00460803021508C480A717F234D23341068
S2140485E0013000A000BD06981E111CB847784578D7
S2140485F0437802B8447800A0069880080698BC1110
S21404860000C5741F00A0541506983E050298AA08D3
S214048610B1138F7B0A7200C384C40350017B06988F
S2140486203E1400C1384101B814118F790E7100C18F
S214048630B84000B800BA06983C1050BA06980E1413
S21404864006987811FFD84A71911004D848728110A0
S21404865008601CD8407220D938721112FF3221519A
S214048660347180218021111400C0D81E00A0041388
S214048670FFBA3151113A215111531DB938107B7983
S21404868040440E7200B900C2AC1E00A01812067058
S21404869004B860780698381400F800B900C2A440FC
S2140486A000541812644A0AB918121CBA507A517A3D
S2140486B01DB942795F7900A00698760207DC10722D
S2140486C0911000200A75069872120298660F069892
S2140486D0120701B9911004D8047100B910BA0698AB
S2140486E0041400BA0040347100C0A01E00A0041197
S2140486F0086101D9127104D9E2728110086001D8A8
S214048700DA711DB8647800C11CC101B80698AE04BD
S21404871001B81160002A047600BA00C5781F00A0CC
S2140487205415212D069872120698580700C57C1F0A
S21404873000A000F800BC811108D9167280D92072F6
S21404874001B910BA0698041400400E7101BC1070EA
S2140487500698BC1106984A1420B804A800F806988F
S214048760721281110231127100B900C21440005411
S2140487701812244A02B918120698BC1100C5801FA4
S21404878000A054150698F01A0298AA0804110121AC
S21404879014711CBA737A04200412281104200411DC
S2140487A00121F47200A00698F20401F806984E1708
S2140487B001D81671FFB9012110380E7281109B780A
S2140487C0087104B9677900F8911010D8287100C5AB
S2140487D01CC101B854110698EE0D00C5C81E00A0B1
S2140487E054155129EA7507B876781DB8447801B847
S2140487F004A800F8B110186010D82E7100C05040BC
S214048800005400C3084000B83114984C4411341185
S214048810086101D9FA714412281008622810086207
S214048820281008622810E8700298B002069892028F
S214048830113804721E6202BB00C1D81E00A01411B7
S21404884020390C72911210DA0672417B00A0069849
S2140488503E1400C2A01E00A0241220DA0472617B1B
S2140488601CBA527A00A01CBA727A811204DAFC721C
S21404887000A01CB86B7800C0684000B82F7800A031
S21404888006984E1701D83A7100C22C4001B824103D
S2140488900360911120310151383111501D600812C6
S2140488A01DB9457900C2448001B8241200C0C01E18
S2140488B000A00410182000200410205004716579CC
S2140488C010631EB9637900B902EC00CD114502ECC1
S2140488D000CC01DB087100BB0298D61803B841111E
S2140488E00731FA211C760621911210DA087102DD8E
S2140488F010721E7020B80698B20D3038147208B87C
S21404890006987E0400C02C4000B82978207800F829
S214048910056020D8067102980C1602EC00CA05B849
S21404892023DA187104DBDA7120DAD67110DAD2721F
S2140489301EB8617800B801DA067202EC00C891111C
S21404894010D9267100C1B81E00A014111150FF30B2
S2140489500C720761A110115002300A7180DB0A7292
S2140489600AB89E701DB97C791860911111402111C6
S214048970C031114001191EB8411108D90471667836
S21404898020D904726578A11002D80672C0DA1E7166
S2140489901EB8273123DD087210DB1072607825DDDF
S2140489A00A7121DD087208DB0471627803B841118C
S2140489B007310872A1152035AA7102DD2072A111B3
S2140489C020D9A07102D91672CCDA9872411140D916
S2140489D0927206B8054D5A720298AE142111404997
S2140489E0C0D94C71A031411540350265514104612E
S2140489F0086308DA1E7204DA36721049A1150235C5
S214048A00067110DB0E7201340A7108DB22711EB87F
S214048A106778CC3211101A300ADC0872CCDE047186
S214048A20FD3100C00D0F0C0D216001D85C7207B833
S214048A300298D81400BA411108D90C7102EC00CA85
S214048A4005B830DAEC720734F031036101DA0471E8
S214048A50014900C0F300A3E3216001D8D27100C02D
S214048A609814406821604030014440DA0471204C78
S214048A7004320262204A111006301F600142183187
S214048A801D6111420298F614204A00C005170850CA
S214048A902160113001422088FFBB0DDA507100C1FD
S214048AA0DE1B250180BC04DA107208DA0A7200C1E3
S214048AB020841000E024A02408634143026401DA01
S214048AC006711E49024B00C0201F00A00863381020
S214048AD0BC2002DA127101B91159A11380DB0871A6
S214048AE000C100FCFF0118100298621800C4A01E02
S214048AF000A0441080D87C710092D0DA06710DDA9A
S214048B000C711EBD437DEFBD0698140304620DDA96
S214048B108672A11105D95C7100C24040005424122B
S214048B201424281401D9067202D9327140D91E7150
S214048B3002EC00CA211018320471FA2220D80472FA
S214048B400822FE22087502EC00C8F87001D90E71DE
S214048B5002EC00C802D9067204DC187200C0A01E1B
S214048B6000A004101D6001D806711EB8647807B80A
S214048B7073780298D61800C0A01E00A00410803097
S214048B800A7100C0C41E00A0041000A006984E1768
S214048B9001D82E71911010D828728110A0D8227294
S214048BA003B084781C7200C12C4001B814100DBAAE
S214048BB0487A697A6B7A08111CB87B7807B8757896
S214048BC000A0641000C6881F00A0C3B806987C02E4
S214048BD000C4441F00A014BA281400B8011AB11027
S214048BE08F780A7200C084C4035001789110103044
S214048BF0011905BA06980E1402D9067101B804A81C
S214048C0000C0A01E00A004130698641180DB067141
S214048C10029858141DBA7C7A01DB6A7100C2241FBC
S214048C2000A024111114FF3402EC00C8FF24FA76C5
S214048C3008610698C20D046111380F3004611114DE
S214048C40011141100698C20D01D8087203B80298A3
S214048C50D8140C4A01DB227124101128112804129E
S214048C6002300471106200C0FFFF0000213800C209
S214048C70204000B8FF200812411008600698C20D74
S214048C8001D87C7120BC1033767100BB00C1201F54
S214048C9000A01415C021112C511218620F320E7147
S214048CA0408851140698FA184143009451120865F6
S214048CB01C620F320E71411151140698FA181C6486
S214048CC041430865513B00C1DC1E00A0141111127B
S214048CD031100F30127100BA056101D804711142C7
S214048CE001600FD8F472311003601E30047201B8AC
S214048CF0003A087204B80298D8140298C41600C041
S214048D00384101B804118F7914717F206920041149
S214048D100861303110DD06711DBA637A06981203B5
S214048D2000F830885088FF34087102ECFF24F8708D
S214048D3002EC00CD1410595001440421FF22F272B3
S214048D400F4C0095009300A000C1A81E00A01411AB
S214048D5000A030880698421B8111086102D9067269
S214048D600298061A1CBB557B086120D90671029826
S214048D70F6190088A1101860069820190821141501
S214048D80FC251EBB5C7B5D7B00C1084001B814114A
S214048D900731FE21307608D82A725113FC23341387
S214048DA004DB20711863FF33315B00C110C000B8C8
S214048DB01411086180490C71FF31302954751EBBAB
S214048DC07B7B10707B7B7C7B00DD04717D7B01BB31
S214048DD03815EC25541300DF5471042505DF54714F
S214048DE05415211120880698EE0D009251293E75DF
S214048DF000C1084001B8141102DB0C710731315B65
S214048E0031292A760C7004DF0872016180D91E723B
S214048E100698201900C010C000B80698861B06984D
S214048E2020191411FFD9607202984C1A009000930E
S214048E3000A05415A111186110D9A672082508D8E7
S214048E40A071082510D89A71208821110698EE0D75
S214048E50FC255412112AF82554110C2520D8087123
S214048E60F02554111025202904762159181500924E
S214048E700298B81907B97179811010D80A711CB80C
S214048E80447802B841781CB9747904B9677900F853
S214048E908110A0D808711CB9497900A0086002D8CE
S214048EA0FA7106982019108806983E14106210DA93
S214048EB0087108211415F025541100C20020FEFF85
S214048EC0202912750698921B01D90A720698800802
S214048ED00698120700941CBB41100C2006986413D5
S214048EE041110821141006986413312844111112F4
S214048EF00861FF31FF3201221052107218611814F3
S214048F0004244413042438140C70186121411814E2
S214048F1008240814029838144044147100C1AC1E86
S214048F2000A0141551131C630FDB0C721965069808
S214048F300205411500A000C3784000B83413807BB6
S214048F4006720698120706983E1408BB5114069833
S214048F50B01A4415FC25541500C3784000B83413E1
S214048F60807B047100A002983E051CB900C3A01EB5
S214048F7000A03413086308DB1A718113A0DB0671A2
S214048F80497910706979086302DB087204B9677955
S214048F9000F800A08111086102D910711CB9757916
S214048FA0069820191411FF3100A0FFB900A0041080
S214048FB008211411F421081100A081111061103148
S214048FC00E710698201908211411F821141100A016
S214048FD02892040000000000009004000100000035
S214048FE00000000000F0490228920400000000007F
S214048FF024900400010000000000000000F0490274
S214049000489004004063598F404B4C000B000B0003
S2140490101A00FF7F6868002000000000CA9404005D
S21404902000000000389104004063598F404B4C0008
S2140490300B000B001A00FF7F686800200000000089
S214049040C894040000000000FC1F010328940400D8
S2140490501CC0011000F807001CC0013014020800F0
S21404906050C0010087413004244006010700620016
S2140490703870000000000000000000030068010FC4
S21404908040B8244058400101FC00690080400501B6
S2140490902363E0119BC34A74F003000003800000BE
S2140490A0BE0A0000E040010133000000F040040165
S2140490B0590B0000640483078813C83A90200A00FA
S2140490C028410101001E00003C410B0100148C00E5
S2140490D0141A21282E343B42495043557698BA0C2C
S2140490E028690000010000000721286414171A00EC
S2140490F02004C869A1203A093C4201012900000065
S214049100A080020170780300D5C00000A880011179
S214049110F0010000A88001310542CB01AC800111AA
S214049120F0010000AC80013105228D00B080010101
S21404913000030002FFFFFFFFFC1F010378940400F6
S2140491401CC0011000F807001CC00130F50208001E
S21404915050C001008741300C2440060107C052006D
S21404916000000000000000000000000300000000F3
S21404917000000000584001016402FF008040050121
S2140491804B01A0089BC34A74F003000000000000D3
S21404919000000000E040010133000000F04004013C
S2140491A000000000640483078813C83A9C200A0061
S2140491B028410101031000003C410B01000000009F
S2140491C00000000000000000000000000000000096
S2140491D00000000001000000000000000000000085
S2140491E000000000000000003C42010100000000F6
S2140491F0A080020170780300D5C00000A880011189
S214049200F0010000A88001310542CB01AC800111B9
S214049210F0010000AC80013105228D00B080010110
S21404922000030002FFFFFFFF0C4002000180140051
S2140492307F40000020400200000000000000000004
S214049240304007000000000000000000000000009E
S214049250000000000000000000000000A00700005E
S21404926050400100000000005C40020000000000C6
S21404927000000000A840010007000000B4400400FD
S21404928000400000FF4C000000410000FF4D0000BD
S21404929008C001000000000020C00110FF0000000C
S2140492A020C001300043000024C00400EC80B30357
S2140492B04375A802000000002E02000054C00300FC
S2140492C00E2D09E654060708D1B6020064C008004D
S2140492D00430000040201006C8F248181FE8F600C4
S2140492E0BD4B721511A3180510325476980A000067
S2140492F088C0010000000000080001010407000007
S214049300180001010000000020000101088400008C
S2140493101C4002011000000020F913045C40050103
S2140493204108000001000000B0070800A700000084
S21404933000000000944007010101103050707F7F48
S2140493400000000000000000000000000000000014
S21404935000000000E440010100000000EC400101B0
S2140493607DA8D98B0041020100612000B756351252
S2140493700C410301F95412002030042988BB400034
S2140493802441010100000000304103016406660C1C
S2140493900C010000E853FA006841030164048307E3
S2140493A08813820000000000304203010000000021
S2140493B00000000E0000000044420101000000000E
S2140493C010800101030000003880020111491000DA
S2140493D00100000088800101000000009C8001015B
S2140493E0EB400200B480010137000001880002024D
S2140493F0000C00044C00000094000102000400006D
S214049400D00002020E00000090029608E40001025A
S2140494103D094204F40001020000000018010102A4
S21404942060005102FFFFFFFF120000006666660040
S21404943000000000DC940400CC940400000000004B
S214049440001A9A00005A620280841E000420FE005D
S2140494501149500200000000000000000000000057
S2140494600000000000000000B1841E0000000000A0
S214049470000000000000000012000000666666009F
S21404948000000000DC940400CC940400000C0000EF
S214049490001A9A00005A620280841E00042000000B
S2140494A01149500200000000000000000000000007
S2140494B00000000000000000B1841E000000000050
S2140494C0000000000000000005040000E119000090
S2140494D0E11900000000000000000000193F01062A
S2140494E00410010000010106001027000009000016
S2140494F0000000000000000059CD010009CD010065
S21404950015CD010005CE0100C55C03005F620300B3
S21404951063620300676203006B6203006F6203000A
S2140495200001030464EE01001000000024E10100C1
S2140495301A00000079EB01001100000075E4010038
S2140495401100000063E511000400000023E111008F
S2140495500400000025E101000800000026E10100E7
S2140495600A00000027E101000200000000000000DD
S21404957000000000D5960400CF960400000000000A
S214049580D696040093590400000000008D59040088
S2140495908F5904000000000091590400AD960400A1
S2140495A0DB960400945904008E5904000000000061
S2140495B092590400C89504008B5904008C59040081
S2140495C0905904008A590400000203040508090A95
S2140495D00B0001020304051D2000B401080202006A
S2140495E0AA00FFFFFFFFFFFFFFFFFFFFCD7F030083
S2140495F0712A0200ED5502003DF30200FD580200F8
S21404960033690300356903003769030039690300C9
S214049610FDB9020099920200DDD30200E9EC0200D3
S2140496200D4702002D690300399502002F690300D7
S214049630113B0200316903002D520300054002006D
S214049640A327030000000000001300000000000031
S2140496500000000001000000C5980200020000009F
S2140496602B7A0300030000001D980200040000008B
S214049670A579030005000000BD9702000000000065
S214049680000000000023001B2200FF000000000072
S2140496900C090202000000001C1A0B0303FF060854
S2140496A00402020204020A0B030302030480FF02FC
S2140496B004FF010101010800000000000000005A38
S2140496C06967426565416C6C69616E6365303980B3
S2100496D0008F8E8C80808006080C1080B2
S20C0496DC00B6FB7F010000004C
S2100496E4F096040058640020CA01000040
S2140496F00000000000000000FFFF00000100000062
S2140497000000000000000000000000000000000050
S2140497100000000000000000000000000000000040
S2140497200000000000000000000000000000000030
S2140497300000000000000000000000000000000020
S2140497400000000000000000000000000000000010
S2140497500000000000000000000000000000000000
S21404976000000000000000000000000000000000F0
S21404977000000000000000000000000000000000E0
S21404978000000000000000000000000000000000D0
S21404979000000000000000000000000000000000C0
S2140497A000000000000000000000000000000000B0
S2140497B000000000000000000000000000000000A0
S2140497C00000000000000000000000000000000090
S2140497D00000000000000000000000000000000080
S2140497E00000000000000000000000000000000070
S2140497F00000000000000000000100000000F0016E
S21404980008000000081000200100230104000000E6
S2140498101010002006003001010000001410002083
S214049820FFFFFFFFC0EA2101C0EA2101008000001B
S21404983000F04902A065002000600B0000800000D4
S214049840A0350020C8000000FE0000000000000054
S214049850C84A040018100020FFFFFFFF7C4E0400D7
S21404986033000000C1F3000033000000E52B0300C2
S2140498700EC7030012C703001FC703002CC703004C
S21404988039C7030046C7030059C703006BC7030064
S21404989078C7030085C7030092C70300A7C7030061
S2140498A0BAC70300CCC70300E1C70300F0C7030030
S2140498B001C8030010C8030020C803002CC8030016
S2140498C039C8030049C803005BC803006AC803001C
S2140498D079C8030082C8030097C80300ACC8030015
S2140498E0C1C80300E1C80300EFC803000EC90300A3
S2140498F029C903003CC9030049C903005EC9030023
S2140499006DC903007CC903008EC90300A0C9030007
S214049910B3C90300C6C90300DCC903000000000085
S2140499200F00000013CC03002ACC0300FF00000045
S214049930000000000000000000000000000000001E
S2140499400000000000000000000000000030E704F3
S21404995000C8180387D403008CD40300B9D40300CA
S214049960E4D4030012D5030040D503006FD50300EA
S2140499709CD50300CCD50300FCD503004CD60300CD
S214049980FFFFFFFF00F80300FFFFFFFF00000400D7
S21404999000000400005C26050467002006000000A2
S2140499A0FC70040000000000010019000100000023
S2140499B088410020010019000100000088410020B1
S2140499C00100190001000000884100200100190070
S2140499D00100000088410020010019000100000079
S2140499E08841002001001900010000008841002081
S2140499F00100190001000000884100200100190040
S214049A000100000088410020010019000100000048
S214049A108841002001001900010000008841002050
S214049A20010019000100000088410020010019000F
S214049A30010000008841002094450020000000003A
S214049A4000000000F8590400B04C0020B86700205D
S214049A50704F00205E48040006000000000000006E
S214049A6000000000000000005C7104007471040033
S214049A706948040093FF0300FE000000E867002026
S214049A8000000000804F0020E84F002050500020C7
S214049A9000000000000000000000000000000000BD
S214049AA000000000000000000000000000000000AD
S214049AB0000000000000000000000000000000009D
S214049AC000000000000000000000000057580300DB
S214049AD048730400FFFFFFFF9B5B0300975B0300D4
S214049AE0FFFFFFFF9F5B0300FFFFFFFF85F80100FA
S214049AF0FFFFFFFFFFFFFFFFFFFFFFFFFFFFFFFF6D
S214049B00FFFFFFFFFFFFFFFF0000000020A107008C
S214049B100000000009990300000000000000000097
S214049B20000000000000000000000000000000002C
S214049B300000000000000000905500208120020074
S214049B40F539020093FF0300000000000000000047
S214049B5000000000000000009055002019270200B5
S214049B600000000093FF0300000000000000000057
S214049B700000000000000000905500204131020063
S214049B80F539020093FF0300000000000000000007
S214049B900000000000000000564904009055002014
S214049BA0994B02000000000093FF03000000000031
S214049BB00000000000000000000000009055002097
S214049BC09D5402000000000093FF03000000000004
S214049BD00000000000000000000000009055002077
S214049BE0F96402000000000093FF03000000000078
S214049BF0000000000000000000000000B80B000099
S214049C0090550020D96802000000000093FF03006E
S214049C10000000000000000000000000000000003B
S214049C2090550020B97102000000000093FF030065
S214049C30000000000000000000000000000000001B
S214049C4090550020297302000000000093FF0300D3
S214049C5000000000000000000000000000000000FB
S214049C6090550020676F03000000000093FF030078
S214049C7000000000000000000000000000000000DB
S214049C8090550020717602000000000093FF030048
S214049C9000000000000000000000000000000000BB
S214049CA090550020157B02000000000093FF03007F
S214049CB0000000000000000000000000000000009B
S214049CC0905500202F7C03000000000093FF030043
S214049CD0000000000000000000000000000000007B
S214049CE0905500208DD302000000000093FF03006F
S214049CF0000000000000000000000000000000005B
S214049D00778103009055002059ED0200F5390200D2
S214049D1093FF0300000000000000000000000000A5
S214049D200000000090550020C9F302000000000067
S214049D3093FF030000000000000000000000000085
S214049D4000000000FFFFD007B80B0000FFFFFFFF76
S214049D50CEFAEFBEFFFFFDFFFDFF0C002C01001E38
S214049D602C0140068000FFFF04F8FFFF0C000000F3
S214049D70000000004000FDFF2C019C000000FFFFD7
S214049D80FDFFFFFFFFFF60EA8000800010C1CDAB3F
S214049D900A013201FFFFFFFFFFFFFFFFFFFFFFFF88
S214049DA0FFFFFFFFFFFFFFFFFFFFFFFFFFFFFFFFBA
S214049DB0FFFFFFFF01FF05FFFFFF0101FFFF020199
S214049DC0FFFF640250FF0F0208031E050216010A75
S214049DD00C052007051001010F080101010104FF0D
S214049DE0030101FF0C01FF405AB47F0150403000CC
S214049DF0FFFFFF0B03FF050B01030105020201FF32
S214049E00FFFFFFFFFFFFFF010102FFFFFF0100004E
S20C049E10BD4C0000954C000057
S804007CE59A
